{"type":"FeatureCollection","name":"PL_RV_原公告","crs":{"type":"name","properties":{"name":"urn:ogc:def:crs:OGC:1.3:CRS84"}},"features":[{"type":"Feature","properties":{"cadgeom_type":"CADLWPolyline","thickness":0,"color":"#00FF00FF"},"geometry":{"type":"LineString","coordinates":[[121.46224639785233,25.12143546820065,0],[121.46207289850105,25.122300059178485,0],[121.46192724211569,25.123017429499498,0],[121.46182591099331,25.123652118721008,0],[121.46175763855815,25.12398283905754,0],[121.46162772494891,25.124612092036912,0],[121.46155596735308,25.124688530235968,0],[121.46137302967144,25.12493294720315,0],[121.46135099040711,25.124979329660345,0],[121.46045519781393,25.126536292605877,0],[121.46006160783358,25.127255366945363,0],[121.46012580508656,25.127330788538433,0],[121.46014880478783,25.127376160971302,0],[121.46008977836753,25.127484190447408,0],[121.45983001259636,25.12795960826444,0],[121.45980025945023,25.128014088513456,0],[121.45970925813239,25.128180718439243,0],[121.45960061790831,25.128379581970076,0],[121.45938392839331,25.128776494433364,0],[121.45920466571741,25.129104767797468,0],[121.45911395058327,25.129270893922758,0],[121.4590182975489,25.129420129312123,0],[121.45885454440224,25.12967561175746,0],[121.45878533058085,25.129802523979784,0],[121.45870832245856,25.129943727687586,0],[121.45862063948265,25.13010450459124,0],[121.45851051549411,25.130306429030544,0],[121.45844291002312,25.130430390727927,0],[121.45838392919966,25.130538538005386,0],[121.45829545777192,25.130700758877364,0],[121.45823933082612,25.130803672783784,0],[121.4581980533218,25.13090760781885,0],[121.45816975930182,25.13097885087501,0],[121.4581546965056,25.131018747585713,0],[121.4581536562255,25.13102284032334,0],[121.4581491160684,25.131040425354293,0],[121.45814446829502,25.131057984213793,0],[121.45813971294983,25.131075516912663,0],[121.45813485006718,25.13109302345924,0],[121.45812987967123,25.13111050385941,0],[121.45812480177597,25.131127958116565,0],[121.45811961638523,25.131145386231662,0],[121.45811432349277,25.13116278820315,0],[121.45810892308211,25.13118016402705,0],[121.45810341512662,25.13119751369687,0],[121.45809779958955,25.13121483720367,0],[121.45809207642394,25.13123213453603,0],[121.45809010603135,25.13123981768817,0],[121.45808788778291,25.131248626363362,0],[121.4580857112944,25.131257441965978,0],[121.45808357654398,25.131266264492428,0],[121.45808148351209,25.131275093939433,0],[121.45807943218149,25.13128393030415,0],[121.4580774225372,25.13129277358409,0],[121.45807545456655,25.131301623777155,0],[121.45807352825916,25.13131048088162,0],[121.4580716436069,25.131319344896138,0],[121.45806980060395,25.131328215819746,0],[121.4580679992468,25.131337093651844,0],[121.45806623953412,25.13134597839224,0],[121.45806452146695,25.13135487004109,0],[121.45806284504854,25.131363768598934,0],[121.45806121028448,25.131372674066686,0],[121.45805961718257,25.131381586445674,0],[121.45805806575297,25.131390505737553,0],[121.45805655600803,25.131399431944377,0],[121.45805508796246,25.131408365068598,0],[121.45805366163324,25.13141730511302,0],[121.45805227703966,25.13142625208085,0],[121.45805093420326,25.131435205975652,0],[121.45804963314795,25.131444166801405,0],[121.4580350173596,25.1315549994804,0],[121.45803460700976,25.13155811203381,0],[121.4580334449356,25.131567107382253,0],[121.45803231811435,25.13157610390361,0],[121.45803122651725,25.131585101596933,0],[121.4580301701168,25.1315941004613,0],[121.45802914888688,25.131603100495866,0],[121.45802816280276,25.131612101699776,0],[121.45802721184099,25.131621104072266,0],[121.45802629597951,25.13163010761262,0],[121.45802541519753,25.13163911232011,0],[121.45802456947567,25.13164811819412,0],[121.45802375879585,25.131657125234035,0],[121.45802298314125,25.131666133439296,0],[121.45802224249645,25.131675142809403,0],[121.45802153684734,25.131684153343873,0],[121.45802086618104,25.131693165042282,0],[121.45802023048608,25.13170217790425,0],[121.45801962975227,25.131711191929433,0],[121.45801906397074,25.131720207117535,0],[121.45801853313384,25.13172922346832,0],[121.45801803723533,25.131738240981555,0],[121.45801757627025,25.13174725965709,0],[121.45801715023492,25.131756279494798,0],[121.45801675912695,25.131765300494596,0],[121.45801640294528,25.131774322656465,0],[121.45801608169015,25.131783345980388,0],[121.45801579536311,25.131792370466435,0],[121.45801554396695,25.131801396114685,0],[121.45801532750585,25.13181042292529,0],[121.45801514598524,25.131819450898426,0],[121.45801499941184,25.131828480034322,0],[121.45801488779377,25.13183751033322,0],[121.45801481114029,25.131846541795472,0],[121.45801476946214,25.131855574421397,0],[121.45801476277127,25.131864608211423,0],[121.45801479108096,25.13187364316596,0],[121.45801485440583,25.13188267928552,0],[121.45801495276179,25.131891716570614,0],[121.45801508616607,25.131900755021828,0],[121.45801525463729,25.13190979463977,0],[121.4580154581953,25.131918835425115,0],[121.45801569686132,25.13192787737855,0],[121.45801597065795,25.131936920500845,0],[121.45801627960904,25.131945964792774,0],[121.4580166237399,25.13195501025519,0],[121.45801700307707,25.131964056888986,0],[121.4580174176485,25.131973104695067,0],[121.45801786748353,25.131982153674414,0],[121.45802439981541,25.13209641011143,0],[121.45802486943147,25.132101729175208,0],[121.45802568832555,25.13211074568857,0],[121.45802653559198,25.13211975835626,0],[121.45802741121543,25.132128767180337,0],[121.45802831518131,25.13213777216279,0],[121.45802924747572,25.132146773305493,0],[121.4580302080855,25.132155770610225,0],[121.45803119699819,25.132164764078695,0],[121.45803221420209,25.13217375371248,0],[121.45803325968612,25.132182739513077,0],[121.45803433343998,25.13219172148189,0],[121.45803543545404,25.132200699620224,0],[121.45803656571942,25.132209673929264,0],[121.45803772422789,25.13221864441015,0],[121.45803891097201,25.13222761106389,0],[121.45804012594493,25.132236573891387,0],[121.45804136914059,25.132245532893496,0],[121.45804264055356,25.13225448807092,0],[121.45804394017921,25.132263439424307,0],[121.45804526801352,25.1322723869542,0],[121.45804662405324,25.132281330661044,0],[121.45804800829572,25.13229027054519,0],[121.45804942073914,25.13229920660688,0],[121.4580508613823,25.13230813884629,0],[121.45805233022466,25.13231706726347,0],[121.45805382726651,25.13232599185841,0],[121.45805535250871,25.13233491263098,0],[121.45805690595289,25.132343829580954,0],[121.45805848760135,25.13235274270803,0],[121.45806009745712,25.13236165201179,0],[121.45806173552387,25.132370557491726,0],[121.45806340180606,25.132379459147263,0],[121.45806509630876,25.132388356977692,0],[121.45806681903781,25.13239725098222,0],[121.45806856999972,25.132406141159976,0],[121.4580703492017,25.132415027509968,0],[121.45807215665167,25.132423910031136,0],[121.4580739923583,25.132432788722298,0],[121.45807585633086,25.132441663582195,0],[121.45807774857946,25.132450534609465,0],[121.45807966911478,25.13245940180265,0],[121.45808161794834,25.1324682651602,0],[121.45808359509226,25.132477124680456,0],[121.4580856005595,25.132485980361675,0],[121.45808763436358,25.132494832202017,0],[121.45808969651888,25.132503680199527,0],[121.4580917870404,25.132512524352183,0],[121.4580939059439,25.13252136465785,0],[121.45812311563282,25.132629164392995,0],[121.45812410091685,25.13263259850025,0],[121.45812663164905,25.13264133928255,0],[121.45812919274127,25.132650071281027,0],[121.45813178417984,25.13265879449962,0],[121.45813440595205,25.132667508942017,0],[121.4581370580461,25.132676214611635,0],[121.45813974045119,25.132684911511586,0],[121.4581424531574,25.13269359964475,0],[121.45814519615577,25.132702279013724,0],[121.45814796943826,25.13271094962081,0],[121.4581507729978,25.13271961146808,0],[121.45815360682823,25.13272826455732,0],[121.45815647092431,25.132736908890013,0],[121.45815936528177,25.13274554446742,0],[121.45816228989725,25.132754171290518,0],[121.45816524476827,25.132762789359997,0],[121.45816822989337,25.132771398676294,0],[121.45817124527198,25.132779999239585,0],[121.45817429090445,25.13278859104976,0],[121.45817736679207,25.132797174106436,0],[121.45818047293706,25.13280574840898,0],[121.45818360934254,25.132814313956487,0],[121.45818677601265,25.132822870747756,0],[121.45818997295235,25.13283141878136,0],[121.45819320016763,25.132839958055566,0],[121.45819645766532,25.13284848856838,0],[121.45819974545327,25.13285701031755,0],[121.4582030635402,25.13286552330055,0],[121.4582064119358,25.132874027514553,0],[121.4582097906507,25.132882522956518,0],[121.45821319969647,25.13289100962307,0],[121.45821663908559,25.132899487510606,0],[121.45822010883154,25.132907956615234,0],[121.45822360894869,25.132916416932794,0],[121.4582271394524,25.132924868458826,0],[121.45823070035892,25.13293331118863,0],[121.45823429168556,25.132941745117215,0],[121.4582379134505,25.13295017023931,0],[121.45824156567286,25.13295858654938,0],[121.4582452483728,25.1329669940416,0],[121.4582489615714,25.132975392709856,0],[121.4582527052907,25.132983782547786,0],[121.45825647955375,25.132992163548707,0],[121.45826028438454,25.133000535705698,0],[121.45826411980804,25.133008899011507,0],[121.45835088318132,25.13318284732601,0],[121.45835527872767,25.13319125208096,0],[121.45832391198023,25.133197231154046,0],[121.45827797895394,25.13320104762208,0],[121.45825913034723,25.133196898847128,0],[121.45819174495689,25.13335725552644,0],[121.45817732786536,25.133411170386395,0],[121.4582323822422,25.13365112781459,0],[121.45827653956076,25.13399206948587,0],[121.45826214412281,25.134224531705932,0],[121.45825747615963,25.13425195525178,0],[121.45824209935752,25.13426663724648,0],[121.45814617320754,25.134246873568117,0],[121.45810684321995,25.134263552575845,0],[121.45807946020516,25.134369662455224,0],[121.4580781138269,25.1343864025151,0],[121.4580849942171,25.134588883533734,0],[121.45808550953078,25.13460404851781,0],[121.45811221552987,25.134717893712157,0],[121.45813429772807,25.134841696078844,0],[121.45801667115362,25.136092995613634,0],[121.45798036695045,25.13647919129262,0],[121.45797348966232,25.136552350033984,0],[121.45796222917743,25.136672135870178,0],[121.45793846064065,25.136924978099387,0],[121.45795653534061,25.137064495588273,0],[121.45796616815349,25.137475328348145,0],[121.45796915484132,25.137602707738278,0],[121.45794893535755,25.137745288483583,0],[121.45791909011027,25.137961104148008,0],[121.45790883263912,25.138035037405523,0],[121.45788220547396,25.138514717139596,0],[121.4578210662204,25.13855571275965,0],[121.45778715565612,25.138611159354063,0],[121.4577514222942,25.138683132864596,0],[121.45772520566219,25.13886034377866,0],[121.45764217011987,25.139066981009062,0],[121.45760586987083,25.139279612911533,0],[121.45758034568726,25.139722516505323,0],[121.45757442698603,25.13983755185447,0],[121.45754032786449,25.139948972739614,0],[121.45752979054791,25.14010212062158,0],[121.45749792242188,25.140492861754403,0],[121.45743476388219,25.141158149517782,0],[121.4574065919782,25.1414548993748,0],[121.45736042482257,25.142027599266246,0],[121.45733806000024,25.142466971987986,0],[121.45730151917664,25.14328096114357,0],[121.45730014951658,25.143525624802567,0],[121.45730968126036,25.14368809979343,0],[121.45732356874846,25.143741863939027,0],[121.45734294990667,25.143805993349048,0],[121.45736615408194,25.14385801340238,0],[121.45745772378415,25.14399757473433,0],[121.45747370385322,25.144133758244315,0],[121.4574892764655,25.14426705404097,0],[121.45758855175325,25.145116555086062,0],[121.45766979492412,25.14581128112319,0],[121.45767357356603,25.145867062612517,0],[121.4577512601251,25.14659186281653,0],[121.45782185642504,25.147250328880066,0],[121.45786449817449,25.147646978467435,0],[121.45787194827658,25.14772178313611,0],[121.45793044790331,25.148309160222595,0],[121.4579567020036,25.148354219137886,0],[121.4579999236297,25.14837448881897,0],[121.45864439143637,25.14836274443802,0],[121.45879544142127,25.148359929366865,0],[121.45883158723801,25.148344650337027,0],[121.45888660155097,25.148362084542708,0],[121.45887678823327,25.14846981917443,0],[121.45887276065896,25.148559840969433,0],[121.45885589813564,25.14869224391791,0],[121.45886424602803,25.148749636236246,0],[121.45890393434487,25.14876787795132,0],[121.45893409417575,25.148781740131817,0],[121.45891339092188,25.148841930859785,0],[121.45891404856786,25.14888517301583,0],[121.45890796220546,25.148902074261503,0],[121.45890482860594,25.14891082211225,0],[121.45887419452137,25.14899634107688,0],[121.4588423253925,25.149200472946163,0],[121.45885451238009,25.149329626086374,0],[121.45885572852035,25.14944265306395,0],[121.45882605147729,25.149649486532525,0],[121.4587871048427,25.14987079352607,0],[121.45875200023765,25.150217758558558,0],[121.45872137411085,25.15038306606542,0],[121.45872681565692,25.150458974806988,0],[121.45874245817191,25.150477704627367,0],[121.4587532396666,25.150575805740623,0],[121.45879211188372,25.15062633249059,0],[121.45882234723337,25.15072789425986,0],[121.4587614810415,25.150816918448616,0],[121.45872193449924,25.150851347384787,0],[121.45852511875903,25.151162791310064,0],[121.45849255190467,25.151260123826713,0],[121.45842976890418,25.151393752194902,0],[121.45842209164638,25.1514096652598,0],[121.4584696483216,25.15142179615366,0],[121.45846485524984,25.151466319092602,0],[121.45847941047464,25.151565672454506,0],[121.45846666247633,25.151631435846596,0],[121.45846924640358,25.151659324406253,0],[121.45846426035828,25.15167875006701,0],[121.45848139181116,25.151724288498094,0],[121.45849403688194,25.151790244122772,0],[121.4584865363654,25.151906548137628,0],[121.45849145085728,25.152053779798678,0],[121.45848519356048,25.152131169230344,0],[121.45845252890287,25.152282038140473,0],[121.45846298414193,25.152292839390356,0],[121.45846525261155,25.152395571139287,0],[121.45844859740262,25.152424422051794,0],[121.4584528648482,25.152451583156484,0],[121.45844812638413,25.15251073129858,0],[121.45841089358257,25.152580542793068,0],[121.45841602165787,25.1526256669768,0],[121.45831689012913,25.152906744924568,0],[121.45832200469577,25.152948257947266,0],[121.45836559039354,25.15293277544096,0],[121.45837554636509,25.15294267543966,0],[121.45842018128474,25.152942537288467,0],[121.45836013823643,25.153066406874768,0],[121.45837509750669,25.15308802780234,0],[121.45837324864416,25.153124145567226,0],[121.45839215524094,25.153140337469463,0],[121.45839625434384,25.153175534023482,0],[121.45838743865092,25.153205353743914,0],[121.45840336622108,25.153220652063656,0],[121.45839552555124,25.153245954761275,0],[121.45842042735995,25.153273864516763,0],[121.45840762049424,25.153297376984632,0],[121.4583909837268,25.15330465088673,0],[121.45839626433411,25.153337496500317,0],[121.45838593583433,25.153360640174856,0],[121.45839814850605,25.153443569789534,0],[121.45837442404286,25.15349185279382,0],[121.45839082259123,25.153553553628356,0],[121.45837698296212,25.153592687747075,0],[121.45837244114405,25.15362484151998,0],[121.45835085633439,25.15363520025543,0],[121.45836676810418,25.15364625546185,0],[121.45836524682018,25.15369040713906,0],[121.45833799940559,25.153724978464933,0],[121.45832807878492,25.15372455776646,0],[121.45831968606544,25.153787960369115,0],[121.45828631960376,25.153804223761767,0],[121.45824178228442,25.153936802478515,0],[121.45822262943452,25.154014051222724,0],[121.45821112411768,25.154014267380493,0],[121.4581730585157,25.154047156824742,0],[121.45814867034643,25.15405057263644,0],[121.45812053978344,25.15411430712547,0],[121.45810496279883,25.154166356645494,0],[121.4580897051975,25.154250815729952,0],[121.45807223928266,25.154275155099597,0],[121.45807469047136,25.154286623346756,0],[121.45807738796387,25.154299243959652,0],[121.45806084214144,25.15430435082181,0],[121.45806603329352,25.15433981484269,0],[121.4580644727959,25.1543734941444,0],[121.45806939444834,25.15438990989863,0],[121.45807631372068,25.15441002095766,0],[121.45807339288145,25.154451287994583,0],[121.45804918885202,25.154450911457154,0],[121.45805503143853,25.154501450238286,0],[121.45805101622116,25.154515275511272,0],[121.45802331481636,25.154534590847,0],[121.45804214565564,25.154557012349603,0],[121.45803824951172,25.154576163779286,0],[121.45801584233784,25.15457885120239,0],[121.45801588629318,25.15464376245211,0],[121.45800439497117,25.15467431266169,0],[121.45801912060985,25.154686454932147,0],[121.4580227629093,25.15470558304657,0],[121.4580486571749,25.154733580067433,0],[121.45803206078702,25.154804862388566,0],[121.45801500665694,25.154939522744634,0],[121.4580450356182,25.154959110929074,0],[121.45808340989203,25.15492910952627,0],[121.45815934976616,25.15510410825574,0],[121.45812775775973,25.15517065213104,0],[121.45801107325772,25.155267522459802,0],[121.45797443026333,25.155309616021064,0],[121.45794833190087,25.15541297714239,0],[121.45793473019077,25.155436221183738,0],[121.4579026210361,25.155443994276215,0],[121.45790442847039,25.155503031861077,0],[121.45793525197845,25.155549430792203,0],[121.4579330834841,25.155579681324664,0],[121.45794475789997,25.155598152640582,0],[121.45793322873081,25.15561859159002,0],[121.45796197510614,25.155639989355485,0],[121.45796600980988,25.155657942614127,0],[121.45798361547165,25.155670978779646,0],[121.45799546728978,25.1557103945207,0],[121.45796853723034,25.155723839255543,0],[121.45798644071097,25.155763507122455,0],[121.4579709381637,25.155782423601206,0],[121.45797439390519,25.155804712093364,0],[121.45793289925287,25.1558226255864,0],[121.45784896607739,25.156030800122103,0],[121.45784369709502,25.156107373915805,0],[121.45781335743013,25.15616407331987,0],[121.457810161807,25.156211480237836,0],[121.4577737890892,25.156246350506564,0],[121.45776759951433,25.156288891554272,0],[121.45772548109471,25.15637894069642,0],[121.45772443598251,25.15641785463781,0],[121.45770110897078,25.156439955074962,0],[121.4577094355129,25.156465027199403,0],[121.45770071931177,25.156548202084515,0],[121.45767043959097,25.156541253822997,0],[121.45758512403609,25.156777960973432,0],[121.45755655960848,25.157044736552987,0],[121.45751956381125,25.157072205718713,0],[121.45749010820937,25.157153277939628,0],[121.457484165568,25.15718227619936,0],[121.45746292948515,25.157206536860734,0],[121.45743064400881,25.157220359163457,0],[121.45742324544896,25.157257938524072,0],[121.45739057182621,25.157327284256386,0],[121.45739290430566,25.157394174578705,0],[121.45737066749318,25.15741609103613,0],[121.45734509930024,25.15747566456498,0],[121.45733217800085,25.157548470200734,0],[121.45731477229877,25.15756251736414,0],[121.45730808813049,25.157578878697365,0],[121.45732492032134,25.157597243847775,0],[121.45730604759133,25.157616892904553,0],[121.45728216761934,25.157677002888555,0],[121.45726514714518,25.157767786907264,0],[121.45723612484139,25.157805523307605,0],[121.45723703717456,25.1578373893513,0],[121.45721243914717,25.157864549319022,0],[121.45720914365396,25.157885233627418,0],[121.45718139331434,25.157918271526665,0],[121.45719737990811,25.15794927850918,0],[121.45716323915312,25.157971051127884,0],[121.45714934858627,25.158023366164063,0],[121.4571078860346,25.158050126776633,0],[121.4570471253377,25.158142129143187,0],[121.45704319159508,25.158151259570236,0],[121.45699787867541,25.158236172392293,0],[121.45691241971144,25.158275256531414,0],[121.45689220888661,25.158308541952735,0],[121.4568933955127,25.158334177827218,0],[121.45692901696235,25.158390312388487,0],[121.4569455556669,25.1584097618457,0],[121.45644771896545,25.15862824021828,0],[121.45594546662277,25.15883345935797,0],[121.45576441327636,25.15890732413591,0],[121.45563970463603,25.15895510495281,0],[121.45547884452425,25.159017622239997,0],[121.45509363170578,25.159167407620377,0],[121.45497945302505,25.15913922999139,0],[121.45484996445228,25.159182149711025,0],[121.4547305808405,25.15922160764452,0],[121.45468795426328,25.15922896094664,0],[121.4546483931269,25.15920696380415,0],[121.45426669916495,25.159262754695295,0],[121.45417377373495,25.159321812065652,0],[121.45406045623523,25.159338680839475,0],[121.45392639788302,25.159406711627316,0],[121.45377465946915,25.159548916410643,0],[121.45377473294894,25.15956877779989,0],[121.4537044727566,25.159614313689037,0],[121.45361281387864,25.15972094442399,0],[121.45354999044011,25.15976573521782,0],[121.4531718077256,25.15996704401859,0],[121.45297710299141,25.16002514818096,0],[121.45288326622493,25.1601332296122,0],[121.45268684703592,25.160425705688976,0],[121.45254364642044,25.160597404698848,0],[121.45247879667771,25.160819150156055,0],[121.45252500603517,25.16084166923444,0],[121.45247252922654,25.160881410508868,0],[121.45238810085664,25.16094536796703,0],[121.45229462853008,25.161287092701585,0],[121.45222287422035,25.161412078907173,0],[121.4520944489493,25.161636726743602,0],[121.45191071999335,25.16176692977501,0],[121.45184525287338,25.161929272549187,0],[121.45180961370612,25.1620833990725,0],[121.45177551416043,25.1620900032855,0],[121.45176803377996,25.162105915398605,0],[121.45175903751966,25.16211424861218,0],[121.4517704576851,25.162225348509043,0],[121.45181217734209,25.162348453473832,0],[121.45183343789137,25.162384139494478,0],[121.45185549668163,25.162421086996336,0],[121.45186159575528,25.162487965897043,0],[121.45183634439492,25.162553766830992,0],[121.45178308596874,25.162610534937134,0],[121.45172548378993,25.162673003919597,0],[121.45163873244522,25.162708018765436,0],[121.45153233514212,25.162750963077354,0],[121.45139083102609,25.162953531566856,0],[121.45129008891267,25.163046104870215,0],[121.45111822235843,25.163138894830173,0],[121.45105787543733,25.16315650273611,0],[121.45097396864905,25.163025671706478,0],[121.45102070428683,25.163002327375505,0],[121.45099473977426,25.162955280282322,0],[121.45096686112691,25.16295419155826,0],[121.45071454302791,25.16301951009865,0],[121.45064348184022,25.16300988587663,0],[121.45020660218111,25.163006791223193,0],[121.44997445248387,25.162927749780174,0],[121.4496838701138,25.162828812742617,0],[121.44936203822526,25.162819588202087,0],[121.4491798090317,25.16281887723271,0],[121.44916482072382,25.162735052523963,0],[121.44900729888211,25.162763336566275,0],[121.44857538570864,25.162653330426203,0],[121.44851406512471,25.16262173760938,0],[121.44831097435907,25.16263986701564,0],[121.44824621331259,25.162616861111164,0],[121.44817364126817,25.16262800468937,0],[121.44814297376108,25.162650938373588,0],[121.4480123179258,25.162674716316413,0],[121.4479706922367,25.16268495363237,0],[121.44785618137263,25.162729266446206,0],[121.44779668212757,25.1627617666749,0],[121.44762454399472,25.162889491817058,0],[121.44751075120325,25.1629675669428,0],[121.44741588540323,25.163230568657582,0],[121.44744389165244,25.163402557837777,0],[121.44736688067897,25.163638240970425,0],[121.44737352836857,25.163720195184244,0],[121.44739494372986,25.163771409550563,0],[121.4472894502338,25.16386778628157,0],[121.44688856774752,25.16421612369178,0],[121.44670522977594,25.164496530626277,0],[121.44671590853136,25.16450812834903,0],[121.44669059561684,25.164550937914527,0],[121.44654290989727,25.164802181432755,0],[121.44644801713885,25.16496536867605,0],[121.44643421247449,25.16495814505228,0],[121.4463662648683,25.165084800485744,0],[121.44629580523234,25.165213075057014,0],[121.44612797504533,25.165515742006924,0],[121.44603698802801,25.16567373541176,0],[121.44598349144333,25.165911603952484,0],[121.44594848834265,25.166024740015846,0],[121.44594774059944,25.166026439533134,0],[121.44594921796813,25.166093491541126,0],[121.44595421588417,25.166320326723202,0],[121.44550880542695,25.166427105821388,0],[121.44495888026496,25.166843948598377,0],[121.44505307808133,25.166949527829534,0],[121.44501798413181,25.16706254657852,0],[121.4449908411599,25.16708674196808,0],[121.44496225443888,25.167112205612735,0],[121.44491522472133,25.167153677164094,0],[121.4448480112831,25.16721260631611,0],[121.44485727033374,25.16722178705792,0],[121.44481055886818,25.167266236861344,0],[121.44474299055828,25.16733128801916,0],[121.44474122868561,25.16733236764466,0],[121.44466469322273,25.16738941980975,0],[121.44449452619291,25.167486160334235,0],[121.44426734856712,25.167610543981258,0],[121.44421906120297,25.167658221326384,0],[121.44419290709388,25.167684363652466,0],[121.44411868253042,25.167757839571575,0],[121.44408182999142,25.167793719077686,0],[121.44388607979869,25.16798693667901,0],[121.44391132256895,25.168015922133044,0],[121.4435433528308,25.1681916718219,0],[121.44347745214431,25.1682463622893,0],[121.44345161669139,25.168270174305682,0],[121.44344754549924,25.168274583139077,0],[121.44336561768395,25.168338629438,0],[121.44333108772891,25.168303631969554,0],[121.44323551937836,25.16836490230889,0],[121.44316135426308,25.16841392973831,0],[121.44309535474429,25.168455078326566,0],[121.44299619212221,25.16851829126372,0],[121.44292603245104,25.168561230743066,0],[121.44288096290455,25.168588196813623,0],[121.44284297216547,25.168611241596953,0],[121.44280185159707,25.168635667989186,0],[121.44276801494024,25.16865527871414,0],[121.44272967548605,25.168677918251422,0],[121.44269638236138,25.168696958570337,0],[121.44266518234917,25.16871598359487,0],[121.44263504142694,25.168737099943133,0],[121.44259995098041,25.168758411643687,0],[121.44255148504267,25.168789901771483,0],[121.4424459356481,25.16884829442592,0],[121.44228174849697,25.168934514986102,0],[121.44223550360212,25.168954740454108,0],[121.44219312017445,25.168972905016247,0],[121.44216968511428,25.16898298707406,0],[121.44205855713591,25.169010276586228,0],[121.44196993821292,25.16903204589948,0],[121.44194727421825,25.169035878241143,0],[121.44133000151267,25.169140115418024,0],[121.44063610856882,25.169331418499972,0],[121.44040272108565,25.169394415284017,0],[121.43976381473364,25.169638554122326,0],[121.43956317970252,25.169732462513654,0],[121.4392570314967,25.169878573960094,0],[121.43899325956394,25.16999824193277,0],[121.43895373061937,25.170024233417365,0],[121.43888681373423,25.17008729865292,0],[121.4388668494142,25.170129565010527,0],[121.43883939932621,25.170146874646502,0],[121.43870656667464,25.170232380031994,0],[121.43867987139069,25.170275110651907,0],[121.43866316270599,25.1702666994817,0],[121.43840703505764,25.17042491416489,0],[121.43800552050165,25.170685102491216,0],[121.43785219240502,25.170796331191386,0],[121.43785081542124,25.170794127023203,0],[121.4378161509891,25.170816400230215,0],[121.43778455117165,25.1708105595435,0],[121.43777042380628,25.170833220203804,0],[121.43776158767608,25.170828844545802,0],[121.43774792517078,25.17084962466092,0],[121.43775556666692,25.170859381214488,0],[121.43758053002155,25.170968056535383,0],[121.43744131359279,25.17105737116472,0],[121.43744237635961,25.171076689831388,0],[121.43740203359657,25.17110771933749,0],[121.43739391635002,25.171098551308535,0],[121.43737936126001,25.17111164487596,0],[121.43723118176338,25.171204168293354,0],[121.4371489516804,25.17125863787423,0],[121.43689839930457,25.171497861391767,0],[121.43689413184902,25.171508536061644,0],[121.43689616448083,25.17151380241741,0],[121.43692887528648,25.171545231661373,0],[121.4370659387771,25.171670930195422,0],[121.43695803858526,25.17175869400923,0],[121.43678972235125,25.171593138677668,0],[121.43677270957451,25.171610098332337,0],[121.43652107589479,25.17182187926973,0],[121.4365144617151,25.171825455809035,0],[121.43651357641811,25.171824790347372,0],[121.43607503679569,25.17211691110662,0],[121.4358241788412,25.172285218737834,0],[121.43581033458025,25.172294955577243,0],[121.43559014147806,25.172441225445688,0],[121.43537538121143,25.172583822667264,0],[121.43536533952602,25.172569281002556,0],[121.43532059450277,25.172599123768748,0],[121.43533196444463,25.172615288229178,0],[121.43470548849102,25.17301334885102,0],[121.43472272310942,25.173036427983703,0],[121.43475344580756,25.173136702081365,0],[121.4348314902913,25.173237044803873,0],[121.43482478267255,25.173242282695696,0],[121.43480155137674,25.173254276934514,0],[121.43478299086078,25.173265751881548,0],[121.43474818210123,25.173286121995783,0],[121.43474293330388,25.173288701365685,0],[121.43468841043688,25.17332536172041,0],[121.43466100890112,25.173341954410798,0],[121.43458289603,25.17339019470538,0],[121.43457769298176,25.173383294530023,0],[121.43414693905218,25.173652509797947,0],[121.434031141771,25.173601209213576,0],[121.43393913741602,25.173646050235234,0],[121.4338853234251,25.173557977299527,0],[121.43386987401567,25.173565560970903,0],[121.43385627216657,25.173542967631736,0],[121.43385321424864,25.173539071379828,0],[121.43384978389041,25.17353565937811,0],[121.43384600994882,25.173532694106445,0],[121.4338419046227,25.173530159703812,0],[121.43383746620212,25.173528058393334,0],[121.43383267869743,25.173526410964907,0],[121.43382884763065,25.17352550025181,0],[121.43382364364099,25.17352479498673,0],[121.43381856365481,25.173524669925275,0],[121.43381359806416,25.173525080112817,0],[121.4338087428074,25.173526006545487,0],[121.43380399845375,25.17352745188702,0],[121.43379937032688,25.173529441046817,0],[121.43379598895831,25.1735313159841,0],[121.43379281225963,25.1735334670178,0],[121.4337890522742,25.17353662728625,0],[121.433785802865,25.173540089283488,0],[121.43378304064532,25.173543839188966,0],[121.43378076311427,25.17354787552479,0],[121.4337789881141,25.17355220883496,0],[121.43377775785157,25.173556864061876,0],[121.43377725107452,25.173560437760187,0],[121.43377713676472,25.173565094393293,0],[121.43377761565097,25.173569626446536,0],[121.43377866056213,25.173574039626235,0],[121.43378026859271,25.17357833454261,0],[121.43378246047217,25.17358250684216,0],[121.433785285237,25.173586546226485,0],[121.43379570677514,25.173601926488733,0],[121.43377969137052,25.17360936736147,0],[121.4337888243212,25.173625058352727,0],[121.43346674341,25.17378326075539,0],[121.43346463053943,25.17378052242943,0],[121.43339772784391,25.17381208163188,0],[121.43327237883884,25.173870733414415,0],[121.43326659821436,25.173863202923197,0],[121.43325792093593,25.173855726050743,0],[121.4332431215723,25.17385357556466,0],[121.43323181758052,25.17385516146849,0],[121.43322056887642,25.173863969613915,0],[121.43321464246117,25.1738741344378,0],[121.4332161134642,25.173886137379448,0],[121.43322028092169,25.173894774010876,0],[121.43318588168472,25.173913246680762,0],[121.4333310946949,25.174155968614517,0],[121.4331371370407,25.174227485178697,0],[121.43305944391668,25.17413103811893,0],[121.4330504729379,25.17411989943227,0],[121.43303774685221,25.174093002514667,0],[121.43298034767005,25.174115502109032,0],[121.4329872844368,25.17413016225603,0],[121.43298975255938,25.17414809277939,0],[121.43258433965781,25.174273588421453,0],[121.43228542197465,25.174349251549803,0],[121.43199445192438,25.1744225228354,0],[121.43184053067118,25.174461696726908,0],[121.43179855927913,25.17430598549549,0],[121.4317733141304,25.17431088678793,0],[121.43178131386877,25.17434007807823,0],[121.43173152024995,25.174350939571475,0],[121.43172147346917,25.174320788252626,0],[121.43163407161681,25.174368638808687,0],[121.43135250209285,25.174467585058153,0],[121.43125706420628,25.17450416477708,0],[121.43120695452394,25.174518277097885,0],[121.43120496327099,25.17461213804971,0],[121.43120709043431,25.174759947392737,0],[121.43119239772768,25.17475993602926,0],[121.43119631380442,25.17496504993744,0],[121.43096395320504,25.175081917127155,0],[121.43085113318783,25.1751353483174,0],[121.43070886995558,25.175186481712633,0],[121.43057876555322,25.175219541645063,0],[121.43043770004245,25.175241718482358,0],[121.43030788558364,25.175250022542492,0],[121.43022296142442,25.17524945690057,0],[121.43013341786445,25.17524429132362,0],[121.42981667143594,25.175217522603912,0],[121.42972428443505,25.175213439369088,0],[121.42955808695213,25.175212287742518,0],[121.42936383291402,25.175222321770832,0],[121.42913100662642,25.175249331701874,0],[121.4290198307463,25.175268251695705,0],[121.4288178439607,25.175313922910306,0],[121.42860002570681,25.175377280421937,0],[121.42828094159702,25.175478896616973,0],[121.42731656315179,25.175786288637894,0],[121.42717299368866,25.17583259869743,0],[121.42713873367143,25.17584019984908,0],[121.42707206142626,25.17585043139271,0],[121.42701157933993,25.175854975084082,0],[121.42699848531704,25.175818255702346,0],[121.42687578095097,25.17584869097814,0],[121.4268339764737,25.175854977673826,0],[121.42676260823721,25.175869935241202,0],[121.42668731248291,25.17588498995661,0],[121.42666191082164,25.175805470573845,0],[121.42648650397052,25.17583190967334,0],[121.42647656581445,25.175833446610152,0],[121.4264766262529,25.175829545749433,0],[121.42645882910062,25.175833700382878,0],[121.42641826240266,25.175838405174147,0],[121.42641748910654,25.175846671382317,0],[121.42636161839992,25.17585955725279,0],[121.42629672398897,25.17586439118103,0],[121.42629593795141,25.17583874113037,0],[121.42628490469816,25.175838580827662,0],[121.42628794652639,25.17587532267715,0],[121.42626662094773,25.175882924340318,0],[121.42612781002435,25.175898329563626,0],[121.42608929330143,25.175901432782716,0],[121.42606991335694,25.175910568881154,0],[121.42593513190911,25.175932962494624,0],[121.42589363133662,25.175941106264176,0],[121.42589423634332,25.175946361023666,0],[121.4258401070764,25.175960427974097,0],[121.42579383974176,25.175971117199456,0],[121.42577297883741,25.175981485914416,0],[121.42574008296697,25.176003502565877,0],[121.42574325163072,25.176059204557326,0],[121.42571741326742,25.17608079262459,0],[121.4256802629008,25.1760960394488,0],[121.42567219040828,25.176099791233625,0],[121.42565444672435,25.17608117234357,0],[121.42562591900136,25.176048257014667,0],[121.42561280335929,25.17603961881548,0],[121.42555406625065,25.175983750863747,0],[121.42533951421218,25.17588279347751,0],[121.42524191424609,25.175857506608498,0],[121.4252025554062,25.175873870103544,0],[121.4251306927189,25.175886490052235,0],[121.42502877339788,25.175854381246225,0],[121.42502194047174,25.17583795183562,0],[121.4248210484131,25.175793740640344,0],[121.42469841978885,25.17580282405802,0],[121.4245935416381,25.175813343271848,0],[121.42458658277825,25.175769135016314,0],[121.42453225958089,25.175772992328383,0],[121.4245218685977,25.17569741255216,0],[121.42440986233336,25.175686093757246,0],[121.42429671425666,25.175691530934987,0],[121.42418452897397,25.175659923954488,0],[121.42403060571064,25.175616557587126,0],[121.42375092210283,25.17572703990024,0],[121.42375878418741,25.175771648578397,0],[121.4237350781462,25.175776777297784,0],[121.42367201416654,25.175794362608432,0],[121.42365098411867,25.175800595449285,0],[121.42356356028023,25.175822835731697,0],[121.4235272466249,25.175835322195393,0],[121.42347726845867,25.175857499801683,0],[121.42344189584783,25.175871561125753,0],[121.42338144414725,25.175891630272716,0],[121.42333109694773,25.17590894282936,0],[121.42326060385888,25.17595696893323,0],[121.42313423828912,25.176071384721606,0],[121.42309843020237,25.176003800486466,0],[121.42293133136471,25.176083887071513,0],[121.42297570251141,25.176167633433906,0],[121.42287826857233,25.17622594998742,0],[121.42271526526437,25.17636317193383,0],[121.42268513657508,25.17636637264564,0],[121.42264571522601,25.17637914249514,0],[121.42241354287805,25.17650775930878,0],[121.42231848807465,25.176555996393027,0],[121.42229651492057,25.17650466262796,0],[121.42228077164621,25.176484863980647,0],[121.4222717454368,25.176482515367212,0],[121.42222648749713,25.17641953869404,0],[121.42219308050902,25.176361039721805,0],[121.42210539540723,25.17638128838491,0],[121.42112883077084,25.176694683760218,0],[121.42092342751799,25.176429180470866,0],[121.42077276544235,25.17623707108535,0],[121.42036791429841,25.176690892068265,0],[121.41998217583884,25.177151052514297,0],[121.42019595110222,25.177279625499413,0],[121.42018842396197,25.177283571765173,0],[121.42017955419406,25.177288410617003,0],[121.42017083293007,25.17729337399272,0],[121.42016225789426,25.17729845998419,0],[121.42015382701892,25.17730366685755,0],[121.4201455384316,25.17730899304278,0],[121.42013739044427,25.177314437124423,0],[121.42012938154359,25.177319997833568,0],[121.42012151038254,25.177325674040713,0],[121.420113775773,25.177331464749628,0],[121.42010617667947,25.17733736909203,0],[121.42009871221356,25.17734338632301,0],[121.42009138162945,25.177349515817202,0],[121.42008418432002,25.17735575706555,0],[121.4200771198139,25.177362109672817,0],[121.42007018777295,25.177368573355484,0],[121.42006338799078,25.17737514794048,0],[121.42005672039154,25.177381833364223,0],[121.42005018502961,25.177388629672368,0],[121.42004378208998,25.177395537019976,0],[121.42003751188892,25.177402555672348,0],[121.42003137487588,25.177409686006285,0],[121.4200253716354,25.177416928511995,0],[121.42001950289028,25.177424283795556,0],[121.42001376950516,25.177431752582017,0],[121.42000817249105,25.177439335719114,0],[121.42000271301058,25.17744703418174,0],[121.41999739238413,25.177454849077108,0],[121.41999221209717,25.177462781650803,0],[121.41998717380844,25.1774708332937,0],[121.41998227935925,25.17747900554984,0],[121.41997753078454,25.177487300125495,0],[121.4199729303248,25.17749571889943,0],[121.41996848044019,25.17750426393452,0],[121.41985911966316,25.17776610903695,0],[121.4198548613919,25.177774507648135,0],[121.41982535328805,25.17783895959427,0],[121.41977858435042,25.177941112706442,0],[121.41976346230645,25.177974886293416,0],[121.4197375435266,25.17803683512776,0],[121.41970680007346,25.17811867007283,0],[121.41958632055665,25.178442308871176,0],[121.41953513612776,25.17853861469631,0],[121.41949807430133,25.17860834809965,0],[121.41943310606193,25.178725461005797,0],[121.41938377854659,25.1788094578745,0],[121.41930935474346,25.178929200652533,0],[121.41896339753308,25.179457566571276,0],[121.4186297396444,25.179952549184797,0],[121.41836119754834,25.18033766398563,0],[121.4181720201377,25.180613347329654,0],[121.41808558856225,25.180752512437767,0],[121.41800994311379,25.18087431030088,0],[121.41789289719941,25.180976664358635,0],[121.41784503535803,25.1810574426395,0],[121.41731908470116,25.181153518294074,0],[121.41306161043174,25.18184096623569,0],[121.41302147769251,25.181796570161133,0],[121.41136879583114,25.182053181595528,0],[121.40988405367379,25.182285267951844,0],[121.40814310116436,25.182557941138676,0],[121.40624006561262,25.182843100393047,0],[121.40566919556724,25.18268434702227,0],[121.40519706260761,25.18345189336362,0],[121.40319315911917,25.18671778198684,0],[121.39641771454679,25.180855003115425,0],[121.39596689089805,25.180464874926646,0],[121.38887128733239,25.174324054478383,0],[121.38608177776395,25.171846293332955,0],[121.38483977923005,25.170751866494793,0],[121.38656529061852,25.170253953327453,0],[121.39012562992971,25.169191536032596,0],[121.39155876764146,25.167944374508423,0],[121.39174838466249,25.16777665233271,0],[121.39293193687742,25.16674316753075,0],[121.39316421413558,25.166536987150657,0],[121.39339532467837,25.166329725803408,0],[121.39360754086935,25.166141667160492,0],[121.39396717904698,25.165820223468874,0],[121.39430833323819,25.16551437020913,0],[121.39451209211524,25.165330363394627,0],[121.39464826283464,25.165207391798255,0],[121.39524089870378,25.164677015245818,0],[121.39583179278402,25.164146151605348,0],[121.39658153031965,25.163473058861047,0],[121.39804320705905,25.162185927105238,0],[121.39841307892851,25.161862157276108,0],[121.39878168242447,25.16153719264477,0],[121.39923853374668,25.16113404764849,0],[121.39930982451793,25.161074130508908,0],[121.39933747104939,25.161048792390606,0],[121.4002182091556,25.16026962809032,0],[121.40127460634558,25.15933336990468,0],[121.40217012247386,25.158539630065846,0],[121.40230917323021,25.158416381326195,0],[121.40245349620929,25.15828831428132,0],[121.40248672264076,25.158258767099724,0],[121.4036700882854,25.159453701781445,0],[121.40419147444862,25.159593315462736,0],[121.40427633738179,25.15968895463267,0],[121.40441076023544,25.159840147811106,0],[121.40454986738848,25.15999577109753,0],[121.4045955907672,25.16004742962703,0],[121.40461136801734,25.16006670096763,0],[121.40463417699475,25.160100741585744,0],[121.40463297929001,25.16010216045585,0],[121.40484813883957,25.16024811466869,0],[121.40484817578479,25.160266950554185,0],[121.4051073193319,25.16044852988217,0],[121.40535814769952,25.16056527829747,0],[121.40550542977843,25.160613026917527,0],[121.40555120462895,25.16061476651935,0],[121.40559430258158,25.160629529916882,0],[121.40565916611006,25.160691101605874,0],[121.40577312136344,25.160803110110987,0],[121.40577119373042,25.16080497086367,0],[121.40592783949543,25.16095530390251,0],[121.40600350261235,25.160966894975807,0],[121.40600366405333,25.160966420985297,0],[121.40627291183635,25.161077984568802,0],[121.40627201981134,25.161113444150125,0],[121.4062790691222,25.161122065961088,0],[121.40629913782382,25.16113277320351,0],[121.40635476507143,25.16118019940975,0],[121.40650952954837,25.16131465876644,0],[121.4066339885667,25.161415534107732,0],[121.40665779670621,25.161447542685266,0],[121.40682410623411,25.161616810833042,0],[121.40697344836762,25.161689734570928,0],[121.40704002328563,25.161791778740742,0],[121.40721044669877,25.16205584186977,0],[121.40727043715164,25.162148434986275,0],[121.40722621927694,25.16221023617733,0],[121.40753545366111,25.16263119205851,0],[121.40767272915619,25.162817359026,0],[121.4080030738175,25.16321586830011,0],[121.40813502259167,25.16333199186001,0],[121.40850312125345,25.16355709733156,0],[121.40878698703344,25.16374739615631,0],[121.40897933057099,25.163934400122336,0],[121.40914828126833,25.164097996706666,0],[121.40959593647926,25.164507068088177,0],[121.4099009774921,25.164784154509842,0],[121.40992764729384,25.164808136562055,0],[121.41028000964185,25.165165519314357,0],[121.41047385113875,25.16536291620494,0],[121.41078197017104,25.165676237338502,0],[121.41096235012303,25.165859571132252,0],[121.4110978709085,25.165996247434833,0],[121.41112063567645,25.166018278122184,0],[121.4113426089164,25.166266624695034,0],[121.41165750245871,25.166618931001835,0],[121.41284350945784,25.167183439614124,0],[121.41345197515358,25.16759685152952,0],[121.41394690623113,25.168263096010623,0],[121.41407355071918,25.16839409811779,0],[121.41416189077896,25.16846627013629,0],[121.41418988898906,25.16851708151846,0],[121.4142567443764,25.168563205764922,0],[121.41433721357669,25.168620072534292,0],[121.41504483565352,25.169020914754945,0],[121.41608284328487,25.169133786085844,0],[121.4161728253829,25.169139528952094,0],[121.41632333876638,25.169108368913452,0],[121.41636802133857,25.169091488396276,0],[121.41630783729342,25.169020111185382,0],[121.41634711178271,25.16894097889804,0],[121.41641314088393,25.168855615133786,0],[121.41641104574465,25.168811183819894,0],[121.41660775199487,25.168811901056298,0],[121.41660839067832,25.16863597993621,0],[121.41661239904569,25.16839710516896,0],[121.41656593842198,25.167882801189712,0],[121.41650139997168,25.167632185884088,0],[121.41646295524599,25.16748289704652,0],[121.41635518401024,25.1669320937993,0],[121.41627268052198,25.16648639579025,0],[121.41622866677625,25.166285582919897,0],[121.41620950056435,25.166209539639773,0],[121.41618147772508,25.16602318073584,0],[121.4161848338342,25.165892770453315,0],[121.41619419150695,25.165686462695888,0],[121.41619267772181,25.165459998867778,0],[121.41619384098229,25.165198110539336,0],[121.41618663927594,25.1651222953721,0],[121.41617963396646,25.165104259035797,0],[121.41616322520065,25.16504556887244,0],[121.4161373393432,25.164933305975275,0],[121.4160454931951,25.16474443629758,0],[121.41603350573777,25.16472278470611,0],[121.41596677265312,25.164643525829263,0],[121.41595355173455,25.16454786591413,0],[121.41592559455383,25.16455133846677,0],[121.41587702329842,25.16443922040357,0],[121.41583308025074,25.164358260709136,0],[121.4158658244273,25.16430516640727,0],[121.41590662878139,25.164269961692284,0],[121.41598787081337,25.164137896790045,0],[121.41602236631708,25.164071895101603,0],[121.41606668037599,25.163976073272497,0],[121.41615506590213,25.163713108814477,0],[121.41621800946005,25.16355313547851,0],[121.41622300924763,25.163525990592923,0],[121.41625547754438,25.163486222561588,0],[121.41631361750386,25.163499051688348,0],[121.41633654305505,25.163470311532507,0],[121.41638886448631,25.163367472650027,0],[121.41686102922607,25.163084117370847,0],[121.41717178930092,25.16297607746099,0],[121.41724179314865,25.163142647900465,0],[121.4173380918725,25.163602282397047,0],[121.41742668663548,25.16380928008946,0],[121.41754747218853,25.163885280516457,0],[121.41774260361471,25.163919334515054,0],[121.41784214955418,25.163936703407995,0],[121.417855495455,25.163931944083625,0],[121.41792625744542,25.16390670963265,0],[121.41796244396609,25.163920880796287,0],[121.4180009123192,25.163978777280285,0],[121.4180564200288,25.163992117459966,0],[121.41822586365292,25.164036210292423,0],[121.41866886145962,25.164017064703287,0],[121.41895711040569,25.16399558416259,0],[121.41930311810796,25.16396980465999,0],[121.41966665526989,25.16392986385655,0],[121.41967012263122,25.163928517880155,0],[121.41986241226644,25.163853816485993,0],[121.42003202517822,25.16378791830913,0],[121.42007727904166,25.16377033874142,0],[121.42009667578726,25.163765525935855,0],[121.42024860852199,25.163727790954606,0],[121.42059684454222,25.16365208615038,0],[121.42082655297108,25.163603991140892,0],[121.42119373643959,25.163537304249882,0],[121.42124631403553,25.16352641131618,0],[121.42161133639254,25.163463160192205,0],[121.42189838230917,25.163409718153318,0],[121.42205326111487,25.16337512371459,0],[121.42216366666918,25.16334846517192,0],[121.42228060855213,25.16331869129204,0],[121.4223955142455,25.163293933683903,0],[121.42297001035865,25.163170159917858,0],[121.42347287027705,25.163101592656552,0],[121.42384672852108,25.162995229031665,0],[121.42439987435677,25.162730468558767,0],[121.42458686016913,25.162606270248038,0],[121.42528195158593,25.16208916866323,0],[121.42664231603305,25.162037623200565,0],[121.4276368295874,25.161912243914504,0],[121.42887704576367,25.16172532468958,0],[121.42980433856106,25.1611669249204,0],[121.42988684389142,25.161128271165683,0],[121.43010527595257,25.160950488221705,0],[121.4301136195507,25.16094528125346,0],[121.43012197601738,25.16094010173142,0],[121.43013034532845,25.160934949604062,0],[121.43013872746025,25.16092982482084,0],[121.4301471223895,25.160924727332198,0],[121.43015553009349,25.160919657089543,0],[121.43016395054983,25.16091461404525,0],[121.43017238373666,25.16090959815267,0],[121.43018082963258,25.160904609366053,0],[121.43018928821657,25.16089964764065,0],[121.43019775946809,25.160894712932595,0],[121.430206243367,25.160889805198988,0],[121.43021473989361,25.160884924397827,0],[121.43022324902873,25.160880070488027,0],[121.43023177075347,25.16087524342942,0],[121.43024030504941,25.16087044318272,0],[121.43024885189858,25.16086566970956,0],[121.4302574112834,25.16086092297244,0],[121.43026598318673,25.160856202934752,0],[121.43027456759181,25.160851509560757,0],[121.43028316448226,25.16084684281561,0],[121.43029177384221,25.16084220266531,0],[121.43030039565609,25.160837589076703,0],[121.43030902990877,25.160833002017533,0],[121.43031767658555,25.16082844145637,0],[121.43032633567205,25.160823907362623,0],[121.43033500715434,25.16081939970655,0],[121.43034369101892,25.160814918459256,0],[121.43035238725258,25.160810463592654,0],[121.43036109584256,25.160806035079506,0],[121.43036981677648,25.160801632893396,0],[121.43037855004235,25.160797257008692,0],[121.43038729562855,25.160792907400644,0],[121.43039605352384,25.160788584045257,0],[121.43040482371735,25.16078428691938,0],[121.43041360619861,25.160780016000636,0],[121.43042240095754,25.160775771267474,0],[121.43043120798438,25.160771552699124,0],[121.43044002726978,25.16076736027563,0],[121.43044885880477,25.160763193977818,0],[121.43045770258071,25.1607590537873,0],[121.43046655858939,25.160754939686473,0],[121.43047542682288,25.160750851658527,0],[121.43048430727373,25.16074678968744,0],[121.43049319993473,25.16074275375794,0],[121.43050210479916,25.160738743855575,0],[121.43051102186055,25.160734759966616,0],[121.43051995111286,25.16073080207816,0],[121.43052889255041,25.16072687017803,0],[121.43053784616787,25.16072296425485,0],[121.43054681196021,25.160719084297998,0],[121.43055578992288,25.160715230297626,0],[121.43056478005161,25.160711402244623,0],[121.43057378234246,25.16070760013068,0],[121.43058279679194,25.160703823948218,0],[121.43059182339682,25.16070007369044,0],[121.43060086215434,25.16069634935129,0],[121.43060991306193,25.1606926509255,0],[121.43061897611756,25.16068897840854,0],[121.43062805131942,25.16068533179661,0],[121.43063713866609,25.160681711086745,0],[121.43064623815657,25.160678116276646,0],[121.4306553497901,25.160674547364838,0],[121.43066447356638,25.160671004350554,0],[121.43067360948541,25.160667487233827,0],[121.43068275754757,25.1606639960154,0],[121.43069191775355,25.160660530696806,0],[121.43070109010444,25.160657091280335,0],[121.43071027460168,25.160653677769005,0],[121.430719471247,25.16065029016661,0],[121.43072868004262,25.16064692847771,0],[121.43073790099098,25.160643592707615,0],[121.43074713409494,25.160640282862364,0],[121.4307563793577,25.16063699894881,0],[121.43076563678285,25.160633740974536,0],[121.43077490637428,25.16063050894788,0],[121.4307841881363,25.160627302877963,0],[121.43079348207353,25.16062412277466,0],[121.43080278819096,25.16062096864862,0],[121.43081210649393,25.16061784051122,0],[121.43082143698821,25.16061473837469,0],[121.43083077967982,25.160611662251945,0],[121.43084013457526,25.16060861215671,0],[121.43084950168128,25.160605588103504,0],[121.43085888100508,25.160602590107572,0],[121.43086827255418,25.160599618184996,0],[121.43087767633646,25.160596672352593,0],[121.43088709236022,25.160593752627992,0],[121.43089652063412,25.16059085902959,0],[121.4309059611671,25.160587991576588,0],[121.43091541396859,25.16058515028898,0],[121.4309248790483,25.160582335187545,0],[121.43093435641643,25.16057954629387,0],[121.4309438460834,25.16057678363033,0],[121.43095334806011,25.16057404722012,0],[121.43096286235786,25.16057133708724,0],[121.43097238898822,25.160568653256487,0],[121.43098192796327,25.1605659957535,0],[121.43099147929543,25.16056336460472,0],[121.43100104299742,25.160560759837416,0],[121.43101061908247,25.16055818147969,0],[121.43102020756416,25.160555629560452,0],[121.43102980845644,25.160553104109503,0],[121.43103942177365,25.160550605157415,0],[121.43104904753055,25.160548132735652,0],[121.43105868574231,25.160545686876524,0],[121.43106833642447,25.160543267613185,0],[121.43107799959301,25.160540874979656,0],[121.43108767526425,25.16053850901081,0],[121.43109736345502,25.160536169742425,0],[121.43110706418246,25.16053385721114,0],[121.43111677746418,25.16053157145443,0],[121.4311265033182,25.16052931251075,0],[121.43113624176299,25.160527080419374,0],[121.43114599281732,25.160524875220503,0],[121.43115575650054,25.16052269695526,0],[121.43116553283235,25.160520545665666,0],[121.4311753218329,25.16051842139465,0],[121.43118512352272,25.16051632418608,0],[121.43119493792287,25.160514254084777,0],[121.4312047650548,25.16051221113648,0],[121.43121460494041,25.160510195387886,0],[121.43122445760203,25.16050820688665,0],[121.4312343230625,25.16050624568137,0],[121.43124420134505,25.16050431182165,0],[121.43125409247341,25.16050240535806,0],[121.43126365957242,25.160500589768294,0],[121.43152708018363,25.160466809196638,0],[121.43164443422883,25.160444096063955,0],[121.43182807196047,25.160408093459527,0],[121.43190307508607,25.16039116652488,0],[121.43197837809169,25.16036533912731,0],[121.43223958577731,25.16027635296645,0],[121.43241356930166,25.160215991314512,0],[121.43247655624532,25.160197834118435,0],[121.43263953236794,25.16015235043152,0],[121.43292946390144,25.160141599280703,0],[121.43327922556522,25.160143537434976,0],[121.43333311408833,25.160139425466458,0],[121.43340294494129,25.16013013890007,0],[121.43345261333025,25.16012200371454,0],[121.43350434384007,25.160107931064942,0],[121.43356013119316,25.16008256149164,0],[121.43357542793808,25.160068566782368,0],[121.43364119404794,25.159990975115303,0],[121.43366776084865,25.15997656428712,0],[121.43387658367165,25.159823983860605,0],[121.43393374533032,25.159749732410383,0],[121.43393874877371,25.15973819966387,0],[121.43400768271428,25.159664236551876,0],[121.43407571745851,25.159592920663762,0],[121.43411875936151,25.15960873176876,0],[121.43415607367503,25.15961555325422,0],[121.43416162308175,25.159615885789343,0],[121.43416706966597,25.15961599925607,0],[121.4341724192207,25.15961590599665,0],[121.43417767654272,25.15961561623088,0],[121.4341828456077,25.159615138429285,0],[121.43418792970229,25.15961447959429,0],[121.43419293152428,25.15961364547366,0],[121.434197853259,25.15961264072333,0],[121.4342026966373,25.159611469031184,0],[121.4342074629795,25.15961013321007,0],[121.43421215322695,25.159608635265727,0],[121.43421676796433,25.159606976443825,0],[121.43422130743285,25.15960515725838,0],[121.43422577153585,25.159603177503392,0],[121.43423015983645,25.15960103624823,0],[121.4342344715478,25.159598731816427,0],[121.43423870551473,25.159596261746913,0],[121.43424286018632,25.159593622735407,0],[121.4342469335775,25.15959081055268,0],[121.43425092321756,25.15958781993476,0],[121.43425482608208,25.15958464443801,0],[121.43425863850368,25.159581276249,0],[121.43426235605486,25.15957770593476,0],[121.43426597339301,25.15957392211256,0],[121.43426748640773,25.15957223751849,0],[121.43431470179607,25.159530975482422,0],[121.43435706620733,25.159483725131675,0],[121.43436565041009,25.15946530740977,0],[121.43437177077146,25.159443173277776,0],[121.43437299143,25.1594355153392,0],[121.43437720269304,25.159392769700453,0],[121.43492326114855,25.158912884765193,0],[121.43494615448192,25.15889097614325,0],[121.43496137405381,25.158903828290644,0],[121.43501980974465,25.158853550865487,0],[121.43509172720252,25.158767320276546,0],[121.43513042138422,25.158702619946066,0],[121.43523465418912,25.158590672664,0],[121.43531904221781,25.158485500580074,0],[121.43535351887256,25.158511502847475,0],[121.43540404739372,25.158456007005906,0],[121.43550293373288,25.15834706156372,0],[121.43557885944264,25.15826126494226,0],[121.43563329893722,25.158201392766653,0],[121.43574554471925,25.158088997668965,0],[121.43587153197646,25.157988695702116,0],[121.43603310577778,25.157898409260305,0],[121.43605736657832,25.157878295611326,0],[121.4360667691212,25.157866838446786,0],[121.43607254460316,25.15785355927409,0],[121.43607538773105,25.15783576569715,0],[121.43607337083316,25.15780136584243,0],[121.436058752111,25.157721140741415,0],[121.436040374258,25.15757960837561,0],[121.43607510924424,25.157548160796566,0],[121.43611431991727,25.157528454514164,0],[121.43616033558392,25.157489308901123,0],[121.43619385920297,25.157432432921674,0],[121.43664172414508,25.15702711802254,0],[121.43674502797653,25.15698920264285,0],[121.43685856970856,25.15691820539731,0],[121.43688907969171,25.156945533494618,0],[121.43695900794252,25.156900132889643,0],[121.43709704725187,25.15684501569202,0],[121.43715120090674,25.156812761218436,0],[121.43726318097264,25.15674900874959,0],[121.43736028242355,25.156693732313496,0],[121.43739835034428,25.156648480964698,0],[121.43741913547527,25.156639083617154,0],[121.4375108396829,25.15657492724449,0],[121.43770186960515,25.156439565021294,0],[121.4377808951476,25.156382055482567,0],[121.43797313248858,25.15622940223629,0],[121.43801330835687,25.15617156287231,0],[121.43811678778523,25.156128906224303,0],[121.43821220825954,25.156033826008166,0],[121.43822326292256,25.156024978351635,0],[121.43857012668042,25.15577002733022,0],[121.43869163786931,25.155682150705776,0],[121.43876393253733,25.15562160019831,0],[121.439021358608,25.15536027550898,0],[121.43904104856911,25.155332085746217,0],[121.43911641706585,25.155291881202448,0],[121.4391373815618,25.155281737743124,0],[121.43922035878684,25.155205464671166,0],[121.43944516084288,25.155034773012165,0],[121.4395616681068,25.154936951681695,0],[121.43969107820058,25.15481648578183,0],[121.43978793083048,25.15471466904499,0],[121.43979959987063,25.15468538359571,0],[121.43978493792844,25.154649008089653,0],[121.43972887470375,25.15456591813037,0],[121.43972068762793,25.154553790719426,0],[121.43969906399371,25.15446801647163,0],[121.43978229900108,25.15440538567831,0],[121.439789062476,25.154421607008484,0],[121.43982650458439,25.154481757873924,0],[121.43983219889901,25.15449026341684,0],[121.43983948404501,25.154501450135076,0],[121.4398500553663,25.15451019842815,0],[121.4398858823743,25.154526550103625,0],[121.43992836424172,25.154537122122733,0],[121.43996130128542,25.15454142995306,0],[121.43999353471827,25.154540386248506,0],[121.44001046145415,25.154536165011315,0],[121.44002187757744,25.154529858854865,0],[121.44003199080294,25.15452192132288,0],[121.44004052269099,25.15451257096279,0],[121.44004723830805,25.15450206522993,0],[121.44005575574243,25.154382292216244,0],[121.4400656600725,25.154344986076293,0],[121.4400743607659,25.154334379378387,0],[121.44009670391863,25.15431373811731,0],[121.44014106079358,25.15428570067499,0],[121.44015473811224,25.154279855006457,0],[121.44021038448946,25.154243965721413,0],[121.44022821120019,25.154230722788853,0],[121.44026300650614,25.15421111882243,0],[121.44035479703334,25.154166662771875,0],[121.44040284786689,25.154148075636925,0],[121.44045771896813,25.154120070029833,0],[121.44051608842928,25.154063588638106,0],[121.44057696632082,25.153984719290357,0],[121.44063956208875,25.15390087036527,0],[121.44067542956897,25.15384566561477,0],[121.44070313965346,25.153797662408945,0],[121.44071618630161,25.15377918836031,0],[121.44074041195101,25.153749730049487,0],[121.44077455733971,25.15371218018651,0],[121.4408036771321,25.153672812585075,0],[121.4408240082218,25.153630573142326,0],[121.44087680473622,25.153450424266847,0],[121.44089163729015,25.15343486093795,0],[121.44089832554378,25.15341632454947,0],[121.44093055267017,25.153366691836577,0],[121.44100354278682,25.153291054396096,0],[121.4410843120654,25.15316651602807,0],[121.44110802211303,25.15313716752878,0],[121.44114820636231,25.15307160368962,0],[121.44121911746599,25.152936477654492,0],[121.44127891950914,25.15279869433349,0],[121.4412988582673,25.152766043755022,0],[121.44132674622124,25.152729017978757,0],[121.4413752684768,25.152684509668582,0],[121.44143054789566,25.152637904757075,0],[121.4414947760595,25.152578038065148,0],[121.44161318629976,25.152420281429055,0],[121.4416469991402,25.152373189734263,0],[121.4416777205962,25.15233805132778,0],[121.44172238928202,25.152292227276853,0],[121.44181201201812,25.15220272695348,0],[121.44183750302682,25.152177751616787,0],[121.4418649915866,25.15214558400831,0],[121.4419078745879,25.152088705898564,0],[121.44193395756432,25.152054601445787,0],[121.44202744603312,25.151961703948327,0],[121.44212243937788,25.151862563534568,0],[121.44216802619637,25.151810128094752,0],[121.4422113333222,25.15176366697217,0],[121.44233043621641,25.151619675433917,0],[121.44245497172115,25.15144193886834,0],[121.44253345027188,25.15131553774953,0],[121.44264641049946,25.151121476824592,0],[121.442737172522,25.15097153893477,0],[121.44290678858776,25.15076103091184,0],[121.4429301636497,25.150743545948615,0],[121.44301483722587,25.150682163945014,0],[121.44303251288865,25.15066302582818,0],[121.44307886358605,25.150613603184176,0],[121.44314832520699,25.150525769354516,0],[121.44320681590294,25.1504405051968,0],[121.4432893308166,25.15032531343374,0],[121.44343171119193,25.150170553130863,0],[121.44346520940294,25.15014380210564,0],[121.44348925394091,25.15012773245048,0],[121.44354141862466,25.150100808151027,0],[121.44358773129805,25.150062932307797,0],[121.44361273719905,25.150021969485444,0],[121.44361630852505,25.150013896761727,0],[121.44362087993058,25.149999862545293,0],[121.44362302347085,25.149975471426355,0],[121.4436303934423,25.149942641504893,0],[121.44363460715593,25.149931181346783,0],[121.44363391804706,25.14991341625506,0],[121.44364288141139,25.149904410846137,0],[121.44365186390533,25.14989542123258,0],[121.44366086549923,25.14988644746866,0],[121.44366988614358,25.149877489563547,0],[121.44367892581872,25.14986854757145,0],[121.44369054133767,25.14987147396953,0],[121.44373591378665,25.149875346490237,0],[121.44378090990149,25.149860180017264,0],[121.44380054790122,25.149848899340558,0],[121.44389334101496,25.149778500595627,0],[121.4439094371047,25.14976148869468,0],[121.44394693245015,25.149729281681918,0],[121.44397918590839,25.14971220328834,0],[121.44402606971734,25.149678740301947,0],[121.4440689113993,25.14963836492342,0],[121.44417821166455,25.149524870881066,0],[121.44423748348618,25.14944747641414,0],[121.44437869129162,25.14923521019429,0],[121.44447011904515,25.149102991260957,0],[121.4445192206733,25.149024724396256,0],[121.4445846898937,25.148905899632403,0],[121.4446472024622,25.14877865153766,0],[121.44469776383514,25.1486872354237,0],[121.44485559971388,25.148367205431132,0],[121.44508443266852,25.14798168931087,0],[121.44511346225677,25.147951323838306,0],[121.44517622817283,25.147890122948503,0],[121.44524079657181,25.147828120114507,0],[121.44524500519559,25.14781568957404,0],[121.44526510052991,25.147796802584054,0],[121.4452945814146,25.14776978061947,0],[121.4453169765217,25.14774977440697,0],[121.44533961241086,25.147729993980402,0],[121.44536248634336,25.14771044173129,0],[121.44538559553085,25.147691120051338,0],[121.44540893716493,25.14767203127808,0],[121.44541676888538,25.14766572051036,0],[121.44542612760243,25.1476582439294,0],[121.44543552100579,25.147650803482055,0],[121.44544494892727,25.147643399286178,0],[121.44545441119882,25.147636031495747,0],[121.44546909831357,25.147624614476648,0],[121.44548499720054,25.147612040020775,0],[121.44549289471145,25.14760569876217,0],[121.44550075733683,25.147599321685544,0],[121.44550858488887,25.147592908953975,0],[121.44553954038788,25.147566904704313,0],[121.44556237920422,25.147547035068637,0],[121.44558488846734,25.14752685629001,0],[121.44559231745649,25.14752006210906,0],[121.44561437948876,25.1474994781844,0],[121.44563610031261,25.14747859577817,0],[121.44565747506513,25.147457419581688,0],[121.4456784989234,25.147435954349298,0],[121.44569916720349,25.147414204880125,0],[121.44570597679925,25.147406892741433,0],[121.44571984592024,25.147391764425606,0],[121.4457403281087,25.147368831150807,0],[121.4457604202125,25.147345613743333,0],[121.4457735958751,25.14732998032377,0],[121.44579302729275,25.147306301599833,0],[121.4458057582122,25.147290365813017,0],[121.44582451617593,25.147266241348706,0],[121.4458488875934,25.14723367150969,0],[121.44586668053387,25.147208948515505,0],[121.44587830887546,25.14719232903541,0],[121.44589539790115,25.147167197995245,0],[121.44590655316449,25.147150311994146,0],[121.44591205912616,25.147141830081555,0],[121.44591751711711,25.14713332251107,0],[121.44592292698944,25.147124789517857,0],[121.44592828860506,25.147116231319014,0],[121.44593360181611,25.147107648158745,0],[121.44593886648451,25.14709904024513,0],[121.44595394812977,25.147073793173423,0],[121.4459686126625,25.147048343331548,0],[121.44598285679089,25.147022696444285,0],[121.44600118951382,25.14698820401508,0],[121.44601444046555,25.146962119782057,0],[121.44602726072894,25.14693585782788,0],[121.44603964744933,25.146909424065598,0],[121.44605548369204,25.146873922085252,0],[121.44607053736668,25.146838139295646,0],[121.44608480251475,25.14680208985284,0],[121.44609827343643,25.146765788164902,0],[121.44610785217994,25.146738405078505,0],[121.44611094475961,25.146729248720128,0],[121.44611697897555,25.146710894396186,0],[121.44611992046468,25.14670169688246,0],[121.4461256518029,25.146683262308333,0],[121.44612844151476,25.14667402569974,0],[121.44613134343471,25.14666422447429,0],[121.44613970667638,25.146634738825473,0],[121.44614755448085,25.14660513600997,0],[121.44615249902483,25.146585339407466,0],[121.44616798621544,25.146515699427685,0],[121.44618315534917,25.14644035095223,0],[121.44619673657405,25.146375610893966,0],[121.44621138259735,25.1463110634355,0],[121.44621356162287,25.146301858944557,0],[121.4462179846161,25.146283462803417,0],[121.44622249415039,25.146265084078298,0],[121.44622478133482,25.1462559013439,0],[121.44622709012773,25.14624672310352,0],[121.4462389577379,25.146200900541153,0],[121.44624883955514,25.146164327415484,0],[121.44625906524658,25.14612783269975,0],[121.44627232977479,25.146082328632794,0],[121.44627505869371,25.14607320149743,0],[121.4462918850935,25.146018552932507,0],[121.44630058883482,25.145991303997533,0],[121.44630948580303,25.145964106815303,0],[121.4463278578888,25.145909872245607,0],[121.44634053298881,25.145873837858446,0],[121.44635026200383,25.145846877228696,0],[121.44636353047703,25.145811019192518,0],[121.44637370403447,25.14578419459208,0],[121.44638756420886,25.145748522481405,0],[121.44639462062939,25.14573072746546,0],[121.44640536281186,25.145704087162674,0],[121.44641629365125,25.145677510524962,0],[121.44641997910838,25.145668665988357,0],[121.44642741269523,25.145650998655057,0],[121.44643119020927,25.145642106615103,0],[121.446446511438,25.14560661351788,0],[121.44645822360683,25.145580073658657,0],[121.44647012485103,25.14555360358403,0],[121.44647413387385,25.145544795934356,0],[121.44648221468857,25.145527204414886,0],[121.44648628645106,25.145518420644503,0],[121.4464944925977,25.14550087726322,0],[121.44650278210533,25.145483366383885,0],[121.44650695806658,25.14547462323192,0],[121.44651115480653,25.145465888332012,0],[121.44652052247542,25.14544630748728,0],[121.44652976118647,25.145426675941053,0],[121.44653433209066,25.145416841381984,0],[121.44653887062492,25.145406994407487,0],[121.44654337675988,25.145397135116994,0],[121.44654785044627,25.145387263591875,0],[121.44655229165463,25.1453773799225,0],[121.4465562153936,25.1453685847967,0],[121.44656398746878,25.14535096684839,0],[121.44657165885629,25.145333312377844,0],[121.44658297669338,25.145306763224596,0],[121.44659406682786,25.145280134569948,0],[121.44660492857142,25.145253428041073,0],[121.44661556128547,25.145226645255963,0],[121.44662596430155,25.145199787841726,0],[121.44663613700092,25.145172857434357,0],[121.4466427905412,25.145154864083132,0],[121.44664630742116,25.145145220183515,0],[121.44664979504908,25.14513556748843,0],[121.44665325338558,25.145125906070213,0],[121.44665668242094,25.145116236001126,0],[121.44666008212572,25.145106557353486,0],[121.44666345246048,25.14509687019962,0],[121.44666679341564,25.14508717462083,0],[121.44667010496168,25.145077470680405,0],[121.44667338705923,25.14506775845971,0],[121.44667663969862,25.145058038030992,0],[121.44668622061272,25.14502882822884,0],[121.44672373533963,25.144912614639605,0],[121.44674835286979,25.14483637091206,0],[121.44675572833951,25.144813534837375,0],[121.44676017124942,25.144799771748584,0],[121.44676473179689,25.14478562912761,0],[121.44676987107768,25.144769715267184,0],[121.44678073815618,25.144736080164773,0],[121.44681757604208,25.144621981149538,0],[121.4468467245286,25.144531676122426,0],[121.44685360957415,25.144510358230725,0],[121.44686608495076,25.144471707713183,0],[121.44688850541664,25.144402277722154,0],[121.4469709095103,25.144147032391352,0],[121.44701526958777,25.144009654418326,0],[121.44702419450526,25.143982001712914,0],[121.44708010782892,25.143808837853253,0],[121.44710020401651,25.143784825837063,0],[121.44712119532299,25.14376694114955,0],[121.44716977137426,25.143760520048197,0],[121.44719223529809,25.143757545212736,0],[121.44721043302187,25.14375147761006,0],[121.44725283481166,25.143727326011458,0],[121.44732668853776,25.14368172813958,0],[121.44739537892124,25.143648144077847,0],[121.4474366154244,25.143619960416455,0],[121.44746795066612,25.14358011535089,0],[121.4475257517878,25.143568583487465,0],[121.4476430466911,25.14345758155759,0],[121.44770549435962,25.143376691278363,0],[121.44773646432502,25.143399890000577,0],[121.44777094338875,25.143360017313697,0],[121.447845908671,25.14321686795022,0],[121.44788504295585,25.143145383054858,0],[121.44790241856647,25.143145086765408,0],[121.44793421349016,25.143108977816695,0],[121.44795228260841,25.14309760203034,0],[121.44799324047388,25.14297413721651,0],[121.44799641990024,25.142885995960196,0],[121.44816134941912,25.142896881464953,0],[121.44817424148778,25.142793227749188,0],[121.44819830427939,25.142676783627508,0],[121.4482173726934,25.14264575076136,0],[121.44823743127246,25.14260612021087,0],[121.44825983186597,25.142591300629878,0],[121.448275883693,25.1425191361438,0],[121.44828152552834,25.14246709955403,0],[121.44830522354589,25.14235673238082,0],[121.44835375647833,25.142211053636416,0],[121.44834948657547,25.142095607057804,0],[121.44838802856519,25.14210108779155,0],[121.44839010108291,25.142084695640747,0],[121.44836354213564,25.142082464845767,0],[121.44838272007566,25.141961981883565,0],[121.44840832522898,25.141966481598363,0],[121.44841115250776,25.14195307544121,0],[121.44844512918455,25.14196046586536,0],[121.44845502233544,25.141931916365216,0],[121.44847129782976,25.141850443275473,0],[121.44849207938326,25.141609702050378,0],[121.44850617380759,25.1416017869379,0],[121.44856420333879,25.14137348189473,0],[121.44850424663012,25.141364779830695,0],[121.44845401476293,25.141357483762953,0],[121.44848904721387,25.141246694033057,0],[121.44851622150135,25.141170054237637,0],[121.44859614692975,25.141167016278953,0],[121.44869044132061,25.141265196580168,0],[121.4487118536153,25.141271084547096,0],[121.44871563180502,25.14124799285698,0],[121.44877022701918,25.141259546949474,0],[121.44883203203453,25.141273036210823,0],[121.4488329833704,25.14124519177156,0],[121.44883526960218,25.141182449313007,0],[121.44886223214394,25.141113375400007,0],[121.44888880163643,25.141045313812366,0],[121.44891537113304,25.140977261247677,0],[121.44894193064978,25.140909199680124,0],[121.44896850008855,25.140841147105473,0],[121.4489950694654,25.14077308549791,0],[121.44902163884636,25.140705032913296,0],[121.44904820816538,25.140636971295773,0],[121.44907476757065,25.140568918731265,0],[121.44910133683184,25.14050085710378,0],[121.44912790609716,25.14043280449926,0],[121.44915486828275,25.14036372150264,0],[121.449175899831,25.140313705632,0],[121.44925535501973,25.140124625342896,0],[121.44932042888466,25.139932817017613,0],[121.44936622352563,25.1397957400526,0],[121.44939610665817,25.1397062907907,0],[121.44947930741725,25.139455269453634,0],[121.44952926152571,25.13930455461222,0],[121.44953379220303,25.13928781191791,0],[121.44955989899529,25.139191460480852,0],[121.44957744591676,25.13912670057804,0],[121.44961414086791,25.13906679655395,0],[121.44968777112068,25.13893140536067,0],[121.44969972280747,25.13890451068211,0],[121.4497540347426,25.13892393666153,0],[121.449779442816,25.13885697160795,0],[121.44981827755494,25.138795525223056,0],[121.44996027805854,25.138587798380154,0],[121.44996002632621,25.138585162176145,0],[121.44997336916927,25.13852752892735,0],[121.44997635616755,25.138483504081915,0],[121.44997361302558,25.13844192159615,0],[121.44996008849239,25.13838908750455,0],[121.449950833964,25.13837251633284,0],[121.44994848522754,25.138372636260574,0],[121.44976879193801,25.138295235627357,0],[121.4496813191729,25.138244888003662,0],[121.44972393202343,25.138149043433764,0],[121.44976322781493,25.13816839762821,0],[121.44979797555557,25.13816453648327,0],[121.44984780926744,25.138166362330967,0],[121.44991685075942,25.138129480816993,0],[121.44998307621387,25.138081954741487,0],[121.45005560276637,25.13801369918349,0],[121.45011708090841,25.137942759715926,0],[121.45010148220176,25.137746852809123,0],[121.45009438544946,25.13765772328851,0],[121.4501204325577,25.13766397281546,0],[121.45014389111189,25.137359133103885,0],[121.45018824531074,25.137367818739122,0],[121.45024736220425,25.1371728902008,0],[121.4502954096987,25.137014460762387,0],[121.45040022151161,25.136779657002005,0],[121.45053558602469,25.136476399972185,0],[121.45053944067439,25.136467683878735,0],[121.45054720087887,25.136450270423378,0],[121.45055896826122,25.136424197485084,0],[121.45057088785704,25.136398181907538,0],[121.45057489481853,25.136389522921764,0],[121.45059518229127,25.13634632575485,0],[121.45060755645058,25.136320486653286,0],[121.4506200814453,25.136294707832576,0],[121.4506285150532,25.136277555808146,0],[121.45063701543543,25.13626043112469,0],[121.45064558247377,25.136243333990194,0],[121.45066291612498,25.136209223226903,0],[121.45067168251131,25.13619221003213,0],[121.45068051513037,25.136175225245225,0],[121.45068941386383,25.136158269083204,0],[121.45070288567736,25.13613288896963,0],[121.45071184264758,25.13611624797844,0],[121.45072096184884,25.136099680171036,0],[121.45073024255201,25.13608318684062,0],[121.45073494325133,25.136074968511185,0],[121.45074446483274,25.136058589355986,0],[121.45075414607327,25.136042287933392,0],[121.4507639861941,25.13602606553676,0],[121.45076896559186,25.136017984370007,0],[121.45077904256911,25.136001882904626,0],[121.45078413995142,25.13599386293159,0],[121.4507944520005,25.13597788528275,0],[121.4508102117367,25.135954076913542,0],[121.45081554234655,25.135946183588377,0],[121.45082631897657,25.135930462048616,0],[121.45083176478967,25.13592263415966,0],[121.45084277085934,25.135907044894573,0],[121.45085392879682,25.13589154534765,0],[121.45086523773384,25.135876136749317,0],[121.45087094853602,25.13586846694607,0],[121.45088248227484,25.135853197055287,0],[121.45089416474322,25.1358380211443,0],[121.45090599501327,25.13582294041662,0],[121.45091797214717,25.135807956057757,0],[121.45093009521702,25.135793069271212,0],[121.45093621117057,25.13578566282623,0],[121.45094855132253,25.135770924574896,0],[121.45095477526415,25.13576359305822,0],[121.45096103497146,25.13575628681025,0],[121.45097366113977,25.135741750699843,0],[121.45098002735388,25.135734521118028,0],[121.45098642882998,25.135727317384234,0],[121.45109807090346,25.135605740033398,0],[121.45121255206423,25.135471638505543,0],[121.45127210827265,25.135404907291246,0],[121.45129472445512,25.135359353865997,0],[121.45134551424132,25.135231224003572,0],[121.45141522325015,25.135047976247314,0],[121.45149977501904,25.134830647887775,0],[121.45158114716037,25.13462678978864,0],[121.45163412461937,25.134494067274392,0],[121.45167797565296,25.1343898484882,0],[121.451707613462,25.134319409529592,0],[121.45175320613406,25.134211051139047,0],[121.45176116886068,25.134213570045258,0],[121.45176581757508,25.13421547489546,0],[121.45177049698971,25.134217233404524,0],[121.45177520651603,25.13421884837791,0],[121.45177994566978,25.13422032212395,0],[121.45178471406334,25.134221656490045,0],[121.45178951140002,25.134222852890698,0],[121.45179433746942,25.134223912328434,0],[121.45179919214465,25.13422483540831,0],[121.45180407538028,25.134225622346666,0],[121.45180898721183,25.134226272974104,0],[121.45181392775625,25.1342267867331,0],[121.45181889721357,25.1342271626701,0],[121.4518238958698,25.134227399421622,0],[121.45182892410116,25.134227495194214,0],[121.45183398237978,25.134227447737295,0],[121.45183907128104,25.134227254308055,0],[121.45183969173077,25.13422722070748,0],[121.45184012644583,25.13422623387424,0],[121.4518959117817,25.134091356395373,0],[121.45194597134027,25.13392594547339,0],[121.45197656448701,25.133747512278944,0],[121.45200404366282,25.13354757475526,0],[121.45204011884125,25.133330845930693,0],[121.45205948437308,25.13326802392306,0],[121.4520845396558,25.133209824967064,0],[121.4521477355237,25.1331026859978,0],[121.45218423512854,25.133012095610137,0],[121.45221709121965,25.132912398011214,0],[121.45224003296055,25.13280545406062,0],[121.45225492034113,25.132695429040595,0],[121.45225817868112,25.132640357078483,0],[121.45225574128668,25.132579037038575,0],[121.45224198025633,25.132488627096823,0],[121.45223144908421,25.13243774108607,0],[121.4522242077651,25.132415743792983,0],[121.45220932437063,25.132384109816144,0],[121.45218565159357,25.132362532810852,0],[121.45216342434175,25.132356461565106,0],[121.45211474560452,25.13235254746845,0],[121.45208371136502,25.13235444775557,0],[121.45203158586766,25.132362524356775,0],[121.45203381121803,25.132350104012456,0],[121.45203747864416,25.132329640113575,0],[121.45206712899117,25.1323259943887,0],[121.45207946124503,25.132324789367615,0],[121.4521058423537,25.132316639554876,0],[121.45213338626988,25.132307579762156,0],[121.45215503946476,25.13229723347395,0],[121.4521631152728,25.132296596482682,0],[121.45218734702803,25.13228430869181,0],[121.4522086927305,25.132274520356447,0],[121.45223851740383,25.1322484827534,0],[121.45225577944919,25.13222585094325,0],[121.45226846809462,25.132202808770877,0],[121.45227994881519,25.132176391192097,0],[121.45228780814888,25.132143194695512,0],[121.45228919013933,25.13212860379955,0],[121.45229234986786,25.132081480611426,0],[121.45229186920919,25.132059074134844,0],[121.45228948126199,25.132019258733802,0],[121.45229109998203,25.131952572211805,0],[121.45228440886275,25.13186990350631,0],[121.45227828047177,25.13181206126341,0],[121.4522763611839,25.13179860707855,0],[121.45227638553554,25.131792913406876,0],[121.45227178915778,25.131695867264806,0],[121.45226854846977,25.1316213331481,0],[121.45227063790558,25.131577560252246,0],[121.45227176968487,25.13156211093589,0],[121.45227437373819,25.131516722400136,0],[121.45227471862123,25.131503983277362,0],[121.4522731236894,25.131479254431003,0],[121.45227258540591,25.131448671650002,0],[121.45227124336294,25.131424338273035,0],[121.45227055641004,25.13141437230606,0],[121.45227192951,25.131401029643452,0],[121.45227246270221,25.13136165483172,0],[121.4522730415721,25.13131516216109,0],[121.45227472103845,25.131219802222134,0],[121.45227933136864,25.131139009852895,0],[121.45227894868609,25.131121248866275,0],[121.45227579667336,25.13102754604868,0],[121.4522728352611,25.130978026880605,0],[121.45226615806958,25.130919863257503,0],[121.45226148231438,25.130896053171753,0],[121.45225367857206,25.13085432473309,0],[121.45225025550756,25.130798851471297,0],[121.45224429285547,25.130746494836394,0],[121.45224160288028,25.13073131500814,0],[121.45222829414165,25.1306790258548,0],[121.45222082271158,25.130662078931454,0],[121.45221108116887,25.130644191440616,0],[121.45219444173834,25.130625710547132,0],[121.45217833114773,25.130614491772242,0],[121.45216228020193,25.130607643726446,0],[121.45214808081293,25.130604912420132,0],[121.45212947529477,25.13060242337402,0],[121.45209301256116,25.130604171522428,0],[121.45207540618708,25.130606703119874,0],[121.45207452866963,25.13058501842834,0],[121.45209730629118,25.13058126702802,0],[121.45211222457034,25.130578388665484,0],[121.45214102956605,25.130572399967072,0],[121.45215028554,25.13057001241969,0],[121.45216465822051,25.130561954802186,0],[121.45216965452462,25.130558805833882,0],[121.45217811037512,25.130551711090487,0],[121.45219191843356,25.130537043308262,0],[121.4521945540308,25.130528295224053,0],[121.45220299136872,25.130496612198794,0],[121.45220515532083,25.130480787799968,0],[121.45221011580256,25.130428427205914,0],[121.45221284441249,25.130347972778907,0],[121.4522123493801,25.130332927344508,0],[121.45219761531499,25.13025371450919,0],[121.45219394396469,25.130221248665748,0],[121.45221489386627,25.130148216193774,0],[121.45222502676958,25.130115201560496,0],[121.45223246579955,25.13007809377607,0],[121.45224961132494,25.129997584712797,0],[121.45226475724758,25.129921857829665,0],[121.4522687268368,25.12990223504677,0],[121.45228121189949,25.129851120508974,0],[121.45229276981253,25.129806495958718,0],[121.45230374998029,25.129760257054553,0],[121.45232142537223,25.129709347923484,0],[121.45234571764773,25.129638100701367,0],[121.45235485869384,25.129612475527907,0],[121.45236784776618,25.129559468531546,0],[121.45238775761784,25.12946924401074,0],[121.45240446279772,25.129396362657157,0],[121.45243079202824,25.129295392859508,0],[121.45245486134455,25.129202029947805,0],[121.45247651068662,25.129099656714573,0],[121.45249519379489,25.1290141951979,0],[121.45251379072226,25.128918970935676,0],[121.45252794673196,25.1288464121865,0],[121.45255201072874,25.128757264508078,0],[121.45257629128645,25.128689319222392,0],[121.45258263426338,25.12867017686598,0],[121.45260099253751,25.12860953221805,0],[121.45261108274597,25.128576349270123,0],[121.45262816733498,25.128517005240482,0],[121.45264608799756,25.128463380974132,0],[121.45267949062001,25.128375890642758,0],[121.45269292713961,25.128340967207716,0],[121.4527225436913,25.12824729372233,0],[121.45274879822193,25.12816288068358,0],[121.45278470123706,25.12805245887401,0],[121.45282874772931,25.127917828171004,0],[121.45284809515786,25.127857498651036,0],[121.45287215570553,25.127781908709864,0],[121.45286835727977,25.127699768226726,0],[121.452836904322,25.12765327433076,0],[121.4528869063176,25.12750551601746,0],[121.45301793255639,25.127170647811667,0],[121.45301829147576,25.127169657710702,0],[121.45302636741756,25.127147420224443,0],[121.45304644285083,25.12708755646538,0],[121.45325306647898,25.1271337864545,0],[121.45330358158665,25.12704407050419,0],[121.45335378538557,25.12695302766456,0],[121.45336293292115,25.126956211002994,0],[121.4533792598459,25.126921367050347,0],[121.45343936853754,25.126790511762184,0],[121.45348282405216,25.12669793785258,0],[121.45353045336903,25.126595421093253,0],[121.45357869366224,25.126492433458143,0],[121.45368149937174,25.126260789892708,0],[121.45370844068042,25.12619685875884,0],[121.45378704661148,25.12601921483733,0],[121.45382792599612,25.125925031232,0],[121.45384750106395,25.125881570515457,0],[121.45386789789364,25.125838188248157,0],[121.45389699035177,25.125779804928772,0],[121.4539504491889,25.125677288598705,0],[121.45399716136713,25.12558859375775,0],[121.45406579256148,25.125452985364614,0],[121.45408106845893,25.12542447907308,0],[121.45409052026912,25.12540516301552,0],[121.45409502374629,25.125395417027136,0],[121.45410826539471,25.125366003388,0],[121.45411709561382,25.125346370392002,0],[121.45413023320452,25.125316880937042,0],[121.45413891967826,25.125297194858824,0],[121.45414324131166,25.125287343941544,0],[121.45415758028268,25.125251256517075,0],[121.45416754843635,25.125228577416742,0],[121.45422614666857,25.125102681222984,0],[121.45427148391244,25.125007498805623,0],[121.45415247769633,25.124947320700073,0],[121.45412828432552,25.124935086553137,0],[121.45410351793332,25.124922384077674,0],[121.45410939237173,25.124913775907018,0],[121.45412028227844,25.12489923047869,0],[121.45412231309498,25.124896518297945,0],[121.45416297936036,25.12484193930822,0],[121.45417570563254,25.12482479584648,0],[121.45418021439693,25.124819354930363,0],[121.45418795937198,25.124809494608485,0],[121.45419534652197,25.12479940928284,0],[121.45420236796275,25.124789109714754,0],[121.45420901618822,25.124778606898598,0],[121.45421528412979,25.124767912025327,0],[121.45422776394804,25.12475009580512,0],[121.45424211900637,25.124727747447,0],[121.45425424235967,25.124706817978186,0],[121.45430756069223,25.124623270789026,0],[121.45433081156631,25.124584699383792,0],[121.45438128185559,25.124504112707843,0],[121.45441534012824,25.124451475789716,0],[121.45444390730383,25.124405922313798,0],[121.45445305706305,25.12439117639119,0],[121.45451626145436,25.124296522050464,0],[121.45455621730375,25.124235829291244,0],[121.45458430866465,25.12417881672408,0],[121.45459255374044,25.124162085236115,0],[121.4545987519083,25.12414950424957,0],[121.4546001330945,25.124147518688158,0],[121.45466825882818,25.124049543115103,0],[121.45470999421727,25.123989046908957,0],[121.45474819412648,25.12393367630638,0],[121.4547818939008,25.12388456273042,0],[121.45479275537794,25.123868733629664,0],[121.45479605596286,25.12387775434569,0],[121.45479952079496,25.123886723873046,0],[121.45480623266856,25.123902880832052,0],[121.4548433846066,25.123850849585846,0],[121.45494447224121,25.12363498538001,0],[121.45500651420079,25.123501407949856,0],[121.4550675941018,25.123370152710823,0],[121.45509159539613,25.123317426171607,0],[121.45516739423077,25.123165835094863,0],[121.4552259888889,25.123047687451823,0],[121.45524725868765,25.123004458014364,0],[121.45528520223772,25.122927338148646,0],[121.45529037972335,25.122916820629957,0],[121.45530541072529,25.12288628713273,0],[121.45531703983157,25.122862665055358,0],[121.45532875283307,25.12283887268536,0],[121.45534384918274,25.122808206931175,0],[121.45539507474969,25.12270354732377,0],[121.4554386046917,25.12261548914327,0],[121.45550069207661,25.12248849188162,0],[121.45556330685632,25.122359777477552,0],[121.45558931405674,25.122306825199754,0],[121.45562101649509,25.122242277532344,0],[121.45562592057566,25.12223229180404,0],[121.45566812695957,25.12214480220666,0],[121.4556753058427,25.122129920497645,0],[121.45568799788768,25.122103611657874,0],[121.45573649506767,25.12200301855131,0],[121.45574969065365,25.121976562777814,0],[121.45575225745864,25.121952422034244,0],[121.45575635272134,25.12193573633471,0],[121.45579669127197,25.12183846554857,0],[121.45581397803495,25.121777147647663,0],[121.45583050882776,25.12171689113602,0],[121.45588478060337,25.121596924232456,0],[121.45591660131655,25.12152365713129,0]]}},{"type":"Feature","properties":{"cadgeom_type":"CADLWPolyline","thickness":0,"color":"#00FF00FF"},"geometry":{"type":"LineString","coordinates":[[121.45287396070417,25.127710420379678,0],[121.45287336721198,25.12769758618744,0],[121.4528419142529,25.12765109229254,0],[121.45289191624158,25.127503333977593,0],[121.45302294246353,25.127168465769095,0],[121.45302330138374,25.12716747566652,0],[121.45303137732449,25.127145238180006,0],[121.45305145275496,25.127085374420282,0],[121.4532580763812,25.127131604402454,0],[121.45330859148433,25.127041888450485,0],[121.45335879527863,25.12695084560919,0],[121.45336794281417,25.12695402894732,0],[121.45338426973721,25.126919184994133,0],[121.45344437842247,25.126788329703984,0],[121.45348783393253,25.126695755792948,0],[121.45353546324439,25.126593239032054,0],[121.45358370353253,25.126490251395357,0],[121.45368650923079,25.12625860782652,0],[121.45371345053636,25.12619467669178,0],[121.4537920564588,25.126017032767685,0],[121.45383293583889,25.125922849161007,0],[121.45385251090458,25.125879388443817,0],[121.45387290773216,25.125836006175845,0],[121.45390200018738,25.1257776228555,0],[121.45395545901937,25.12567510652367,0],[121.45400217119315,25.125586411681173,0],[121.45407080238076,25.125450803285766,0],[121.45408607827676,25.12542229699373,0],[121.45409553008601,25.125402980935867,0],[121.45410003356272,25.12539323494733,0],[121.45411327520969,25.125363821307758,0],[121.45412210542784,25.125344188311466,0],[121.45413524301712,25.125314698856076,0],[121.4541439294899,25.12529501277757,0],[121.45414825112283,25.12528516186015,0],[121.45416259009212,25.1252490744352,0],[121.45417255824468,25.125226395334547,0],[121.45423115647074,25.125100499138863,0],[121.45427649370991,25.125005316719996,0],[121.45415748749355,25.124945138618457,0],[121.4541332941227,25.124932904472352,0],[121.45410852773041,25.12492020199771,0],[121.4541144021684,25.124911593826855,0],[121.45412529207431,25.12489704839817,0],[121.45412732289071,25.12489433621736,0],[121.45416798915313,25.12483975722628,0],[121.4541807154244,25.124822613764128,0],[121.45418522418845,25.124817172847855,0],[121.45419296916299,25.12480731252572,0],[121.45420035631243,25.12479722719983,0],[121.45420737775264,25.124786927631508,0],[121.45421402597758,25.124776424815135,0],[121.45422029391862,25.12476572994166,0],[121.4542327737359,25.124747913721034,0],[121.45424712879307,25.124725565362446,0],[121.45425925214529,25.124704635893224,0],[121.45431257047348,25.1246210887023,0],[121.45433582134557,25.124582517296293,0],[121.45438629163067,25.124501930618678,0],[121.45442034990057,25.12444929369942,0],[121.45444891707379,25.124403740222554,0],[121.45445806683226,25.124388994299643,0],[121.45452127121858,25.124294339956833,0],[121.45456122706476,25.12423364719629,0],[121.45458931842285,25.124176634628185,0]]}},{"type":"Feature","properties":{"cadgeom_type":"CADLWPolyline","thickness":0,"color":"#00FF00FF"},"geometry":{"type":"LineString","coordinates":[[121.45460514285115,25.124145336591752,0],[121.45467326857961,25.12404736101643,0],[121.45471500396549,25.123986864808906,0],[121.45475320387175,25.12393149420506,0],[121.45478690364347,25.123882380627986,0],[121.45479776511976,25.12386655152686,0],[121.454801065705,25.12387557224278,0],[121.45480453053737,25.12388454177002,0],[121.45481124241151,25.123900698728796,0],[121.45484839434678,25.123848667481358,0],[121.4549494819708,25.123632803272198,0],[121.45501152392383,25.123499225839993,0],[121.45507260381842,25.123367970598952,0],[121.45509660511017,25.123315244058936,0],[121.45517240393728,25.1231636529797,0],[121.45523099858954,25.123045505334716,0],[121.45525226838618,25.12300227589656,0],[121.4552902119324,25.1229251560296,0],[121.45529538941751,25.122914638510732,0],[121.45531042041796,25.12288410501301,0],[121.45532204952305,25.12286048293526,0],[121.4553337625234,25.122836690564874,0],[121.45534885887155,25.122806024810192,0],[121.45540008443332,25.122701365201085,0],[121.45544361437095,25.12261330701916,0],[121.45550570174959,25.122486309755466,0],[121.45556831652293,25.12235759534932,0],[121.45559432372073,25.122304643070677,0],[121.4556260261559,25.122240095402212,0],[121.45563093023598,25.12223010967375,0],[121.45567313661557,25.12214262007498,0],[121.45568031549794,25.122127738365723,0],[121.45569300754165,25.122101429525543,0],[121.45574150471668,25.122000836417378,0],[121.45575470030133,25.12197438064344,0],[121.45575726710531,25.121950239899792,0],[121.45576136236727,25.12193355420013,0],[121.45580170091323,25.12183628341267,0],[121.4558189876734,25.121774965511197,0],[121.45583551846346,25.12171470899901,0],[121.45588979023321,25.12159474209366,0],[121.45595187608711,25.121419281891274,0],[121.45596879651846,25.1213124703057,0],[121.45596173482697,25.121287161009025,0],[121.45593789434629,25.12127266566763,0],[121.45586434113524,25.121243273507435,0],[121.45589798172036,25.121236069574543,0],[121.45589900722912,25.12123409607339,0],[121.45603725528797,25.12127260013653,0],[121.45607406782398,25.121181190350686,0],[121.45608041662928,25.12118355742855,0],[121.45612421907474,25.121199884244852,0],[121.45637183029164,25.120695974412346,0],[121.45629702835329,25.120669088794152,0],[121.45618105848271,25.120629030507775,0],[121.45619884141695,25.12060231687608,0],[121.45622394230617,25.120552688637222,0],[121.45623210886765,25.120535981816356,0],[121.45630862217861,25.12037944217657,0],[121.45636708325678,25.120263265857844,0],[121.45639155771698,25.1202084851058,0],[121.45643412796524,25.12009777653496,0],[121.45643565960918,25.12009244096078,0],[121.45644379625477,25.120064107592274,0],[121.45645500965671,25.120053490083293,0],[121.45646477561519,25.120028083988164,0],[121.4565568716239,25.119921796156984,0],[121.45663080543119,25.11981224280135,0],[121.45664309092902,25.11979635057266,0],[121.45665212379204,25.119771587353352,0],[121.45667893478799,25.11973808785536,0],[121.45669910501093,25.119702554277644,0],[121.45672067047221,25.11966456276057,0],[121.45672726311447,25.119652196926328,0],[121.4567985822538,25.119528923200253,0],[121.45680770232764,25.119511901074777,0],[121.45683056059794,25.119471053434346,0],[121.45684992885367,25.119435555711284,0],[121.45690013136526,25.119326364127918,0],[121.4569575749322,25.1192298214879,0],[121.45697635969339,25.11919844668354,0],[121.45704508187602,25.119072976266313,0],[121.45702729521632,25.119027558429256,0],[121.45716548855444,25.11881670165193,0],[121.45720225411797,25.118761174505856,0],[121.45719771631326,25.11874315178205,0],[121.45719373860697,25.118739456791097,0],[121.45717149223624,25.118729034920555,0],[121.45715994699819,25.118725891555968,0],[121.4572542688609,25.11868266092047,0],[121.45725507301287,25.11868142514854,0],[121.45745762579878,25.11837030946105,0],[121.45748891860968,25.118322093274806,0],[121.45751126813158,25.11808313221869,0],[121.45753741068964,25.117815583943646,0],[121.45754645136479,25.117720733008888,0],[121.45755781908402,25.11760339187601,0],[121.45764572926318,25.117515094621528,0],[121.45768335800179,25.117478440963744,0],[121.45768503252263,25.117466611782735,0],[121.45770276868646,25.117341365850052,0],[121.45772056963833,25.11729087553635,0],[121.45773595140365,25.117241937512187,0],[121.4577493380537,25.117199424336658,0],[121.45774143873857,25.117140098820744,0],[121.45772541243106,25.117097429322186,0],[121.45773855369123,25.11703223167391,0],[121.45775561749366,25.117010298337785,0],[121.4577653163761,25.11698157840565,0],[121.45777307725115,25.11695094056951,0],[121.45777969316326,25.1168936409615,0],[121.45780321198653,25.116841842248856,0],[121.45780414806435,25.116790235791928,0],[121.45780143824008,25.116775739897047,0],[121.45775924136781,25.116759103438905,0],[121.45772299183247,25.116744110686117,0],[121.45763972563095,25.11667837886483,0],[121.45762330528869,25.116665388274562,0],[121.4576467247845,25.116587248240513,0],[121.45765976948367,25.116543998629524,0],[121.4576923833698,25.116538781359598,0],[121.45774347841164,25.116525626889032,0],[121.45778763681301,25.116514258164315,0],[121.45782185645417,25.11649972851068,0],[121.4578390742923,25.116492269082375,0],[121.4579231845464,25.11642416341208,0],[121.45795641596018,25.11638590933956,0],[121.45799629898869,25.11633847678656,0],[121.4580233158351,25.116284197245008,0],[121.45803870981554,25.116283039264985,0],[121.4581160299582,25.11608486247557,0],[121.45816002167545,25.115831399895864,0],[121.4581847151535,25.115799020937732,0],[121.45821803230803,25.11577337785211,0],[121.45817868241274,25.115727003268344,0],[121.45819316205316,25.115629932628863,0],[121.4581913476115,25.115587987965682,0],[121.45823752784949,25.115523360007643,0],[121.45826810407185,25.115498002627433,0],[121.45826255118966,25.115457571212122,0],[121.45826222151426,25.115455170716213,0],[121.45826893772136,25.115427808437804,0],[121.45830950481859,25.115375497200063,0],[121.45836393957312,25.11525959799145,0],[121.45840366442599,25.115207545963354,0],[121.45840465888259,25.115202438945964,0],[121.45841366142601,25.11515618642412,0],[121.45842924825631,25.11511887784555,0],[121.45848313193291,25.114989636689938,0],[121.45848196613395,25.114975715100798,0],[121.45847047286391,25.114818179196096,0],[121.45860780138545,25.114764726089543,0],[121.45860951592762,25.1147558631302,0],[121.45865649594565,25.114607217549807,0],[121.45865790390756,25.114596856367992,0],[121.45865925731948,25.114586489160356,0],[121.45866055614263,25.11457611616175,0],[121.45866298993698,25.114555353766953,0],[121.45866464276345,25.11454309758462,0],[121.4586661151491,25.114530822338192,0],[121.45866740682457,25.114518530240392,0],[121.45866914991728,25.114494739752715,0],[121.45867304923162,25.114461579034515,0],[121.45868143347154,25.11436868455923,0],[121.45868136393126,25.114360590280434,0],[121.45868284125218,25.114337559587725,0],[121.45868363127633,25.11432578576839,0],[121.45868441628186,25.11431401166652,0],[121.4586851962589,25.11430223729116,0],[121.45868597120743,25.1142904626333,0],[121.45868674112751,25.114278687710968,0],[121.458687506029,25.11426691251514,0],[121.4586886287015,25.114249489640994,0],[121.4586897403749,25.11423206618665,0],[121.45869052747786,25.11422206359053,0],[121.45869126549557,25.114212057876934,0],[121.45869195439919,25.114202049271643,0],[121.45869259418936,25.11419203796425,0],[121.45869318484705,25.114182024153415,0],[121.45869421872823,25.114161989816058,0],[121.4586946619235,25.11415196969588,0],[121.45869505594965,25.11414194787588,0],[121.45869540079745,25.114131924545678,0],[121.45869569644785,25.114121899912977,0],[121.45869594291155,25.1141118741854,0],[121.45869948539645,25.114005760602232,0],[121.45869813483274,25.113945579829554,0],[121.45869659227522,25.113846758640488,0],[121.45869627771872,25.113826613984166,0],[121.45869364996213,25.11378059716914,0],[121.45868508705239,25.113657722201186,0],[121.45868208435974,25.113610468734983,0],[121.45867981639823,25.113574787217324,0],[121.45867736163267,25.113536151786917,0],[121.45866936274545,25.1134470652874,0],[121.45866164377348,25.1133904732562,0],[121.45864593423953,25.113278673764174,0],[121.45862844750205,25.1130813634602,0],[121.4585840608748,25.112959920008407,0],[121.45854363307365,25.112877006722147,0],[121.45841671581528,25.11268679069352,0],[121.45835556740784,25.112596263735067,0],[121.45821621999258,25.112393266083792,0],[121.45809668118304,25.112294690185642,0],[121.45808743125517,25.11228709005176,0],[121.45798720072206,25.112227841556034,0],[121.45797464952224,25.112220414116685,0],[121.45780169092907,25.11211949087653,0],[121.4577634016059,25.112075588264016,0],[121.45769890484364,25.111999644698635,0],[121.45766671770019,25.11196213314691,0],[121.45736620182223,25.111655275724733,0],[121.45729686622083,25.111587201314023,0],[121.45711381157032,25.11150936605329,0],[121.45703760609398,25.11135100498906,0],[121.45690737162276,25.11121958760576,0],[121.45688644215451,25.111052163476618,0],[121.4568712939402,25.111015574271562,0],[121.45688293141848,25.11096929667708,0],[121.45683898337742,25.110883349501318,0],[121.45680286933214,25.11076288194823,0],[121.45678973903539,25.110564864743743,0],[121.45677842628442,25.110503734462107,0],[121.45667360909684,25.11031695068514,0],[121.45661425514562,25.110212976691525,0],[121.45658354303949,25.110107867228734,0],[121.4565387602428,25.110029289419103,0],[121.45649772497721,25.109923850594207,0],[121.45646905877577,25.109822255748668,0],[121.45638022539572,25.109648549338946,0],[121.45631952765646,25.109569731536656,0],[121.45627654568545,25.109503390152923,0],[121.45625556825928,25.109437603990248,0],[121.4562004929165,25.10936683992639,0],[121.45616172185593,25.109296937521776,0],[121.45613697143848,25.109221728617122,0],[121.45606139952352,25.10904364772848,0],[121.45601923546843,25.108935756586682,0],[121.45602282660708,25.108913873008614,0],[121.45589929678933,25.108630516295673,0],[121.45574209832114,25.108456775859246,0],[121.45576927172192,25.108340501125348,0],[121.45576646152057,25.10817088141019,0],[121.45573546750607,25.108070343740998,0],[121.45572369523136,25.108021286091947,0],[121.45564672539382,25.107700534943294,0],[121.45560956969662,25.107461612944274,0],[121.45558809912136,25.107225380719726,0],[121.45558169147476,25.10715487968776,0],[121.45556280657232,25.107035117888238,0],[121.45555651999396,25.10699525047903,0],[121.45549736810827,25.106921031858448,0],[121.45534537457827,25.10673032023057,0],[121.45529672073081,25.106698275515075,0],[121.45544113767353,25.106505895318346,0],[121.45550832459138,25.10655708576805,0],[121.45549999193258,25.10644335971843,0],[121.45549722902844,25.106405650916304,0],[121.45549186598424,25.106332454754718,0],[121.45548962495414,25.106301865455578,0],[121.45548698590945,25.106265843193974,0],[121.45548147489924,25.106190619581866,0],[121.45545411651068,25.105938387105407,0],[121.45542958311539,25.105659052534232,0],[121.45539636757515,25.10518430943098,0],[121.45538162728201,25.10495920938365,0],[121.45537409842723,25.10487410545349,0],[121.45532605549253,25.10446456760268,0],[121.45531576510098,25.10440095511836,0],[121.4552796800282,25.104257137481746,0],[121.45525332484245,25.104163145869247,0],[121.45524592769394,25.104117477500388,0],[121.45521844069616,25.104055204972482,0],[121.45520557759194,25.104030209607604,0],[121.45515431352042,25.10395966810281,0],[121.45507855362104,25.103855418694305,0],[121.4548205451184,25.10350165060836,0],[121.4547354391288,25.103387534903362,0],[121.45468572675736,25.103320870538873,0],[121.45464949400849,25.103268997962072,0],[121.45443955111804,25.10300253676908,0],[121.45441699788692,25.10297391464914,0],[121.4542769966408,25.102796210579086,0],[121.45414226551023,25.102625198091403,0],[121.45405185394287,25.10251044819094,0],[121.45392922539817,25.102359801897137,0],[121.45391701252863,25.102341620617125,0],[121.45388809206882,25.102304369001065,0],[121.4538202778953,25.102216724303933,0],[121.45376904983783,25.10215014550134,0],[121.4537393947758,25.102112625259476,0],[121.45363223049299,25.101974408196575,0],[121.45354832070444,25.10187219613781,0],[121.4534632319543,25.10175989807981,0]]}},{"type":"Feature","properties":{"cadgeom_type":"CADLWPolyline","thickness":0,"color":"#00FF00FF"},"geometry":{"type":"LineString","coordinates":[[121.45340518151605,25.101683284378062,0],[121.45336321175817,25.101627893532285,0],[121.45317373951492,25.1013777989571,0],[121.4531654000128,25.10136672892931,0],[121.45312567648153,25.10131431590572,0],[121.4529601838785,25.101100485792088,0],[121.45275746833926,25.100823789232017,0],[121.45268389200183,25.100724470206814,0],[121.45264728328006,25.10068045268114,0],[121.45260724561511,25.100627047379,0]]}},{"type":"Feature","properties":{"cadgeom_type":"CADLWPolyline","thickness":0,"color":"#00FF00FF"},"geometry":{"type":"LineString","coordinates":[[121.4623910156357,25.099267479439867,0],[121.46233660762009,25.099216512375484,0],[121.46225441271365,25.09911032756653,0],[121.46158204568063,25.098091617024654,0],[121.46149854356862,25.097953747290077,0],[121.46146213878446,25.097895990584945,0],[121.46133775190748,25.097721774510212,0],[121.46124549652984,25.097576167697977,0],[121.46121738319204,25.09754292345533,0],[121.46119082343998,25.097511516104376,0],[121.46106223742152,25.09732774307551,0],[121.46105465748693,25.097315759293615,0],[121.46102374154765,25.097267464891623,0],[121.46101376863649,25.097251877314005,0],[121.46098295152504,25.097203492314854,0],[121.4607390105672,25.09682100832662,0],[121.4606709947994,25.09671441741037,0],[121.46062162812733,25.096636929243548,0],[121.46050903330077,25.09646041878198,0],[121.46026596209991,25.096097612455335,0],[121.46026050059855,25.096089458989614,0]]}},{"type":"Feature","properties":{"cadgeom_type":"CADLWPolyline","thickness":0,"color":"#00FF00FF"},"geometry":{"type":"LineString","coordinates":[[121.48503726009993,25.050872260941023,0],[121.48524243063956,25.050473992408207,0],[121.48525114491004,25.050457072343136,0],[121.48531318736593,25.05033662422588,0],[121.48539372050928,25.050180301139584,0],[121.48544138330888,25.050087787794528,0],[121.48553864620563,25.04989898097423,0],[121.4856185099205,25.049743941943763,0],[121.48569358362671,25.04959820845939,0],[121.4857702603647,25.049449373051413,0],[121.48584815646105,25.04929815922124,0],[121.48587562651014,25.049244812534198,0],[121.4858984150236,25.049200581493402,0],[121.48591428931063,25.049169779814406,0],[121.4859500406696,25.049100363066994,0],[121.4859943291292,25.049014396933536,0],[121.48602160241072,25.0489614480997,0],[121.48613396068306,25.048743331376713,0],[121.48623755540183,25.048542234162234,0],[121.48626429737477,25.048490316227014,0],[121.48626798553879,25.04848314486,0],[121.4862724802663,25.048474427045207,0],[121.48634578211033,25.04833212970801,0],[121.48641976233205,25.048188493951784,0],[121.48642441541581,25.048180137180726,0],[121.48642913405868,25.04817181098072,0],[121.48643391803435,25.048163515767786,0],[121.48643876708685,25.048155251976112,0],[121.48644368097007,25.048147020021805,0],[121.48644865942804,25.04813882033902,0],[121.48645370221459,25.048130653334844,0],[121.48645880906379,25.04812251943445,0],[121.4864639797196,25.048114419053967,0],[121.48646921390615,25.04810635260056,0],[121.48647451136745,25.048098320508405,0],[121.48647987182754,25.048090323166615,0],[121.48648529501061,25.0480823610004,0],[121.48649078064072,25.04807443441692,0],[121.48649632843208,25.048066543814354,0],[121.48650193809885,25.048058689599895,0],[121.48650760936518,25.048050872180696,0],[121.48651334192536,25.04804309195498,0],[121.48651913549357,25.04803534932093,0],[121.48652498977404,25.048027644676743,0],[121.48653090447102,25.048019978411585,0],[121.48653687926897,25.048012350932755,0],[121.4865429138621,25.04800476261139,0],[121.48654900795471,25.04799721385471,0],[121.48655516122123,25.04798970504297,0],[121.48656137334606,25.04798223655638,0],[121.48656764402351,25.047974808784133,0],[121.48657397291805,25.047967422106503,0],[121.48658035971411,25.047960076903696,0],[121.48658680408604,25.047952773537897,0],[121.48659330568854,25.047945512407466,0],[121.48659986420587,25.04793829386554,0],[121.48660647928274,25.04793111829244,0],[121.48661315060346,25.047923986050314,0],[121.4866198778127,25.047916897510476,0],[121.48662666055509,25.04790985302619,0],[121.48663349850501,25.04790285296866,0],[121.4866403912972,25.04789589769117,0],[121.48664733858622,25.04788898755597,0],[121.48665434000677,25.04788212291635,0],[121.48666139521336,25.047875304125522,0],[121.48666850383073,25.047868531518752,0],[121.48667566549359,25.04786180545835,0],[121.48668287984657,25.047855126288553,0],[121.48669014651438,25.047848494344617,0],[121.48669955341114,25.04784005018992,0],[121.48670904492677,25.047831684979084,0],[121.48671862024149,25.047823399409967,0],[121.48672827856524,25.047815194189333,0],[121.48673801908798,25.047807069987872,0],[121.48674688402015,25.047799802172634,0],[121.48675581518239,25.047792601968084,0],[121.48676481197212,25.04778546987272,0],[121.48677387374721,25.047778406394233,0],[121.48678299987522,25.047771412004128,0],[121.48679218973382,25.04776448721001,0],[121.48680144267074,25.047757632483467,0],[121.48681075805369,25.04775084830505,0],[121.48681889500517,25.047745029039604,0],[121.4868270779846,25.04773926359294,0],[121.4868353065669,25.04773355225536,0],[121.48685189879083,25.04772229311386,0],[121.48686026157256,25.047716745899564,0],[121.48686866821765,25.047711253973667,0],[121.48687711828126,25.04770581763555,0],[121.48688561132843,25.047700437157474,0],[121.48689414689456,25.047695112829846,0],[121.48690272455457,25.047689844933945,0],[121.4869113438536,25.04768463373303,0],[121.48692000432706,25.047679479508535,0],[121.4869287055399,25.047674382532676,0],[121.48693744702739,25.047669343068822,0],[121.48694622832481,25.047664361380296,0],[121.48695504897731,25.047659437730385,0],[121.48696390853003,25.047654572382395,0],[121.4869728065083,25.047649765581635,0],[121.48698174244728,25.047645017582397,0],[121.4869907158921,25.047640328629964,0],[121.4869997263483,25.04763569898771,0],[121.48700877336083,25.047631128873835,0],[121.48701785645501,25.047626618542665,0],[121.4870269751561,25.047622168230472,0],[121.48703612897938,25.047617778164557,0],[121.48704531744022,25.047613448581203,0],[121.48705454007363,25.04760917969864,0],[121.48706379638506,25.0476049717532,0],[121.48707308588976,25.047600824954102,0],[121.48708240810294,25.047596739519616,0],[121.48709176253,25.04759271566804,0],[121.48710114869606,25.047588753608554,0],[121.48711051366683,25.04758487529053,0],[121.48711990902767,25.04758105847111,0],[121.48712933430359,25.047577303341406,0],[121.48713878898995,25.04757361009268,0],[121.48714827261185,25.047569978925086,0],[121.48715778466455,25.04756641001181,0],[121.48716732467318,25.047562903562063,0],[121.48717689213295,25.047559459730962,0],[121.4871864865491,25.047556078718745,0],[121.48720575426128,25.047549505807492,0],[121.48721542655775,25.047546314254788,0],[121.4872251238114,25.04754318619559,0],[121.48723484552738,25.047540121784994,0],[121.4872445912009,25.047537121187144,0],[121.48725436032711,25.047534184548145,0],[121.48726415240128,25.04753131204119,0],[121.48727396690857,25.047528503785337,0],[121.48728380334421,25.047525759953732,0],[121.48729366120331,25.04752308067446,0],[121.48730353997108,25.047520466084617,0],[121.4873134391327,25.047517916321304,0],[121.48732335818336,25.04751543152159,0],[121.48733329660816,25.047513011813574,0],[121.48734325388239,25.047510657316312,0],[121.48735322950111,25.047508368157864,0],[121.48736322294945,25.04750614445728,0],[121.4873732337026,25.04750398631559,0],[121.48738326124575,25.047501893869903,0],[121.48739330505401,25.04749986720318,0],[121.48740336461256,25.047497906443503,0],[121.48741343940638,25.047496011673818,0],[121.48742352890069,25.047494182995187,0],[121.48743462452558,25.047492251912995,0],[121.48744573656079,25.04749040077425,0],[121.48745686430325,25.04748862971667,0],[121.48746800706947,25.047486938823756,0],[121.48747916416622,25.047485328215153,0],[121.48749033488039,25.04748379800151,0],[121.4875015185186,25.047482348257347,0],[121.4875127143875,25.047480979084227,0],[121.48752392179372,25.047479690565687,0],[121.48753514002412,25.047478482785323,0],[121.48754636837529,25.047477355817655,0],[121.48755760616373,25.047476309728122,0],[121.48756877240714,25.047475348529183,0],[121.48757994664884,25.04747446768948,0],[121.48759112816553,25.047473667265557,0],[121.48760231627362,25.047472947304797,0],[121.4876135102697,25.047472307845606,0],[121.48762470947004,25.047471748926355,0],[121.48763591316136,25.047471270603552,0],[121.48764712064997,25.04747087287946,0],[121.48765833123241,25.047470555792515,0],[121.48766954421507,25.047470319372064,0],[121.4876807589042,25.04747016361137,0],[121.48769103090368,25.047470088721752,0],[121.4877013032287,25.047470081098858,0],[121.48771157534411,25.047470140735374,0],[121.4877218467247,25.04747026764207,0],[121.4877321168352,25.047470461793615,0],[121.48774238515041,25.047470723191726,0],[121.487752651145,25.047471051820104,0],[121.48776291427389,25.04747144766244,0],[121.48777317402165,25.047471910702402,0],[121.48778342984309,25.04747244090564,0],[121.48779368122283,25.047473038255813,0],[121.48780392761566,25.047473702709578,0],[121.48781416850612,25.047474434250546,0],[121.48782440335893,25.047475232826333,0],[121.48783463164865,25.0474760983935,0],[121.48784485283998,25.047477030917708,0],[121.48785506641742,25.04747803034648,0],[121.48786527183567,25.047479096627445,0],[121.48787546857923,25.04748022970813,0],[121.48788565612259,25.047481429527046,0],[121.48789583393037,25.04748269602277,0],[121.48790600148699,25.0474840291338,0],[121.48791615825702,25.047485428789678,0],[121.48792630372485,25.04748689491084,0],[121.48793643736492,25.04748842742679,0],[121.48794655864181,25.047490026258025,0],[121.48795666704976,25.047491691324968,0],[121.48796676206317,25.047493422539066,0],[121.48797684314655,25.0474952198118,0],[121.48798690978421,25.04749708304555,0],[121.48799696147037,25.04749901215171,0],[121.48800699766947,25.047501007032714,0],[121.48801701787568,25.047503067572883,0],[121.48802702155338,25.04750519366564,0],[121.48803700820672,25.04750738522232,0],[121.48804697730002,25.047509642100255,0],[121.4880569283374,25.04751196421078,0],[121.48806686079304,25.047514351411174,0],[121.48807677415121,25.047516803594824,0],[121.48808666791587,25.047519320627906,0],[121.48809654155134,25.047521902376793,0],[121.48810639457152,25.047524548716666,0],[121.48811622645059,25.047527259504843,0],[121.4881260366826,25.0475300345985,0],[121.48813582477149,25.04753287386387,0],[121.48814559020136,25.047535777149164,0],[121.4881553324661,25.047538744293558,0],[121.48816505107963,25.047541775163232,0],[121.48817474551599,25.04754486958837,0],[121.48818441528901,25.047548027417104,0],[121.4881940598926,25.04755124847957,0],[121.48820367884053,25.047554532614853,0],[121.48821327161673,25.04755787964411,0],[121.48822283774489,25.04756128940639,0],[121.48823237670898,25.047564761722835,0],[121.48824188804244,25.047568296405398,0],[121.48825137122928,25.047571893275222,0],[121.48826082579308,25.047575552153308,0],[121.48827025124746,25.047579272851657,0],[121.48827964709615,25.047583055164278,0],[121.48828901285275,25.047586898903177,0],[121.48829834805076,25.04759080387128,0],[121.48830765218388,25.047594769862606,0],[121.4883169247955,25.047598796680035,0],[121.48832616537932,25.047602884108574,0],[121.4883353734886,25.047607031942047,0],[121.488344548617,25.04761123995643,0],[121.48835369031772,25.047615507945537,0],[121.48836279809441,25.047619835685303,0],[121.48837187150019,25.04762422295151,0],[121.48838091004858,25.047628669520062,0],[121.48838991327285,25.047633175157753,0],[121.48839888071623,25.04763773962235,0],[121.48841670640336,25.04764704413555,0],[121.48867833123876,25.04781664353326,0]]}},{"type":"Feature","properties":{"cadgeom_type":"CADLWPolyline","thickness":0,"color":"#00FF00FF"},"geometry":{"type":"LineString","coordinates":[[121.48875307311144,25.04787838466619,0],[121.48904642336306,25.048120672682167,0],[121.489167003279,25.04822027104049,0],[121.4892010981584,25.04824842578313,0],[121.48950688909689,25.048501000046276,0],[121.48967148814612,25.0486369535736,0],[121.4897775420184,25.04872453774389,0],[121.4898504951938,25.048784794563282,0],[121.49001996715658,25.048924767186655,0],[121.49008604980352,25.04897934981228,0],[121.49022794970283,25.049096553977055,0],[121.49031423719475,25.049167816960946,0],[121.49050240360822,25.049323237599356,0],[121.49052865386719,25.049344917690004,0],[121.49076509555893,25.049540200169602,0],[121.4908901337162,25.049636225273364,0],[121.4910576540738,25.04977580588146,0],[121.49120528186124,25.049902379375027,0],[121.49124691412878,25.04993660267872,0],[121.49139561511397,25.050058820878853,0],[121.49152586173892,25.050165878601756,0],[121.49162334546521,25.050245996434153,0],[121.49196056230572,25.050523171375655,0],[121.49198952720073,25.05054698186906,0],[121.49206779106795,25.050611300673243,0],[121.49216707526008,25.05069290180876,0],[121.49225761940798,25.05076732741126,0],[121.49237638292674,25.050864942903473,0],[121.49264263699006,25.051083777096206,0],[121.49303544228418,25.051406627907298,0],[121.49345724493404,25.051753314814036,0],[121.49376318756099,25.052004769027878,0],[121.49379632941867,25.052032004977985,0],[121.49387672314613,25.052098085221232,0],[121.49430345258196,25.05244880687217,0],[121.49467457938061,25.0527538226027,0],[121.49469692284501,25.052772192599114,0],[121.49483668133426,25.052887052022683,0],[121.49519844380373,25.05318437856619,0],[121.49521048565339,25.053194269328813,0],[121.4954377900812,25.053381088142515,0],[121.49553015787328,25.05345700425749,0],[121.49569118771171,25.05358934250506,0],[121.49598891586325,25.053834030246996,0],[121.49640160373934,25.05416946117464,0],[121.49655439234583,25.05429324192202,0],[121.49656112469722,25.054298852947202,0],[121.49671209990072,25.05442451578498,0],[121.49688143117615,25.054565067584427,0],[121.49716869676126,25.05479962223744,0],[121.49756751716936,25.05512865181173,0],[121.49826446830721,25.055706027341515,0],[121.49836599807686,25.05579435160366,0],[121.49850159237234,25.055909591574533,0],[121.49876845541738,25.056136375110402,0],[121.49923332704658,25.05652523308473,0],[121.49925801680249,25.056545057033254,0],[121.49941283753492,25.056669358908117,0],[121.4995406613574,25.056776760554598,0],[121.49961123157435,25.056836054409544,0],[121.49963222564274,25.056853696899605,0],[121.50029193450244,25.057408136924174,0],[121.50051458828254,25.057595110000353,0],[121.5005427271553,25.057620129075072,0],[121.50056368758395,25.057638766861373,0],[121.50078735623399,25.057821978197715,0],[121.50093116032562,25.057871084499464,0],[121.50110349834736,25.05791025377546,0],[121.50158199343169,25.05844792231538,0],[121.50182471884554,25.058783046497854,0],[121.50195796245758,25.05898628789895,0],[121.50300094418641,25.06102775561374,0],[121.50302205840624,25.061076959374354,0],[121.50307637248135,25.06117863022036,0],[121.50315674879563,25.061332413116805,0],[121.50318051311757,25.061377644543366,0],[121.50341566557518,25.061827513977487,0],[121.50351497100549,25.062017493758383,0],[121.50356435633013,25.06211197185848,0],[121.50360840104715,25.06219623280659,0],[121.5036634897124,25.06229075054287,0],[121.50371051598162,25.062389060315972,0],[121.5037536003511,25.06248322149931,0],[121.50380033523854,25.06258537819084,0],[121.50386282979382,25.062709356430297,0],[121.50389271807303,25.06276864172623,0],[121.50390857662528,25.062800113968947,0],[121.50393304891192,25.062848665190607,0],[121.50394933545711,25.06289268500828,0],[121.50401463894119,25.063053885446347,0],[121.50405303805238,25.063148658285243,0],[121.50407086093769,25.063192663843488,0],[121.5040763445668,25.063258667579596,0],[121.50410324223363,25.063350048775202,0],[121.5041480926265,25.063514713133156,0],[121.50417273785155,25.063586086706422,0],[121.5042009909996,25.063698634122954,0],[121.50421407968159,25.063750753922065,0],[121.50422825667755,25.06380723058622,0],[121.50423335532075,25.063827580619357,0],[121.50429285440254,25.064064573283723,0],[121.5043021345118,25.064101547861796,0],[121.5043090668508,25.06412915926697,0],[121.50433727683836,25.0641234902563,0],[121.50444524159965,25.06410175691354,0],[121.5045828789905,25.06407405920625,0],[121.5046159277876,25.06415770789959,0],[121.50463390083122,25.064156021763548,0],[121.50466540748246,25.064214597184282,0],[121.50464030071711,25.06421937711606,0],[121.50466033184837,25.06427004682877,0],[121.50451480164897,25.064297761039242,0],[121.50438573197762,25.06432234964652,0],[121.50442068791354,25.06453222398914,0],[121.50442612924503,25.06456484199829,0],[121.50444361241577,25.06466982428522,0],[121.50446050117036,25.064771242496928,0],[121.50448906009957,25.06498736790605,0],[121.50449895944702,25.06509201482344,0],[121.50450784860378,25.065185966899033,0],[121.50450992575531,25.065207898069684,0],[121.50451486774001,25.065260153837244,0],[121.50451876315321,25.065301308634197,0],[121.50453275995808,25.065449231242848,0],[121.50453504847724,25.06548041547316,0],[121.50453637131358,25.065498467132468,0],[121.50454007741489,25.065549056902228,0],[121.50454446551227,25.065608853001628,0],[121.50454573121576,25.06561900527824,0],[121.5045526462356,25.065714950228944,0],[121.50455723894136,25.065778717984994,0],[121.50456743816659,25.06592024355035,0],[121.50457707570266,25.066054097164926,0],[121.50458733282282,25.06619643505327,0],[121.50459100061866,25.0662473409384,0],[121.50459638683157,25.06632212023533,0],[121.50460453703548,25.066435259451556,0],[121.50461178361392,25.066535897860536,0],[121.50461726956568,25.066612031025905,0],[121.50462251385785,25.06668482463258,0],[121.50462835717032,25.066765922022824,0],[121.50463527784639,25.06686200235533,0],[121.50464153618407,25.066948831160165,0],[121.50464187892695,25.067057889135434,0],[121.5046427294302,25.06732353732566,0],[121.5045010834269,25.06762767796776,0],[121.50450003761249,25.067735341301784,0],[121.50449995253679,25.0677436921803,0],[121.50448480645129,25.06806293155763,0],[121.50448100972184,25.06817173274225,0],[121.50446822949392,25.06833784756993,0],[121.50444774013881,25.068511843011294,0],[121.50443333021808,25.06865277505083,0],[121.5044101998448,25.068835401264252,0],[121.50437922182469,25.069062291680787,0],[121.50431300025488,25.069435466297765,0],[121.50421525956448,25.069850322196718,0],[121.50414782333097,25.07009164585625,0],[121.50410004841278,25.07023503843065,0],[121.50370520137686,25.07153592425932,0],[121.50359044481128,25.071930749955015,0],[121.50350822257171,25.07225829636334,0],[121.50338187737952,25.072728364992113,0],[121.50279299698374,25.074626525831786,0],[121.50254468115716,25.075426802016352,0],[121.50254284282724,25.075434047157938,0],[121.50252035984907,25.075510217076353,0],[121.50237655968623,25.075987196172193,0],[121.50206971499168,25.07689974405864,0],[121.5019236340134,25.07726546850698,0],[121.50190543203627,25.077311175956222,0],[121.50188801335901,25.0773520687957,0],[121.50178570007687,25.07758243176648,0],[121.5017129142138,25.077728233338544,0],[121.50166929732151,25.077822984230938,0],[121.50164740088563,25.077872998132964,0],[121.50161457052361,25.07795148704006,0],[121.50156383418137,25.0780564020358,0],[121.50145300368354,25.07827512365402,0],[121.50117113033131,25.078812202957693,0],[121.5009033134297,25.07930269799737,0],[121.50085226150779,25.079399684034914,0],[121.50081222930771,25.079445159326838,0],[121.50064521012668,25.07963871915449,0],[121.50061407810347,25.079692434380775,0],[121.50055125750441,25.07980213260005,0],[121.50048806027411,25.079911877113272,0],[121.50041904535502,25.080032482525286,0],[121.5003507482516,25.080151577970565,0],[121.50034421866893,25.080162901554978,0],[121.50024240807853,25.08034046833093,0],[121.50018405257153,25.080440952817828,0],[121.5001159787227,25.080558909919958,0],[121.50003091227661,25.080708003792314,0],[121.49995986223371,25.08083069181411,0],[121.49988558515011,25.080959899130605,0],[121.49980392128342,25.081101886169723,0],[121.49971497731042,25.081256038677672,0],[121.49959929643455,25.081459892964716,0],[121.49948216190819,25.081664798961597,0],[121.4994300190268,25.08175431268889,0],[121.4993713303987,25.08185618821569,0],[121.49936485987784,25.0818674483756,0],[121.49928319049049,25.082010915743762,0],[121.4992511160079,25.082067387184633,0],[121.49919639539381,25.082162172242843,0],[121.49915353170313,25.08223611958666,0],[121.49914844122226,25.082245317027468,0],[121.49908797989424,25.08234778480536,0],[121.4990311526375,25.082443930593683,0],[121.49896912227298,25.082548353285187,0],[121.49891341984876,25.082640514142337,0],[121.49877337562606,25.082872313488892,0],[121.49875454819545,25.082903347536647,0],[121.49868974813776,25.083009494090323,0],[121.49858366559674,25.083175318533602,0],[121.49848184545563,25.08333059385993,0],[121.49841175549858,25.08343787628082,0],[121.49837763041428,25.083489668371595,0],[121.49831379904016,25.083587325368466,0],[121.49821033670096,25.083743688998332,0],[121.49815724436534,25.083821089591133,0],[121.49810367059342,25.08389965628514,0],[121.49808819467653,25.083923078175793,0],[121.49800994933643,25.08402973028827,0],[121.49756479762756,25.084667042735916,0],[121.49720017832234,25.085142346347983,0],[121.49716415412205,25.085189313648236,0],[121.49716007144056,25.085194635825747,0],[121.49714183739054,25.08521839557152,0],[121.4971015680676,25.08527070179662,0],[121.4970443046313,25.085344413663115,0],[121.49698664342696,25.085417859695575,0],[121.49692858452808,25.085491039942916,0],[121.49687012797857,25.085563954434257,0],[121.49681127379282,25.08563660317901,0],[121.49675202195576,25.085708986166864,0],[121.49669237242277,25.085781103367726,0],[121.4966323251197,25.085852954731834,0],[121.49658960585292,25.085903623620467,0],[121.49654668891598,25.0859541542405,0],[121.4964856953025,25.086025341544314,0],[121.49642431808206,25.08609624637147,0],[121.49636255732555,25.086166868773894,0],[121.49630041307543,25.086237208782585,0],[121.49623788534565,25.086307266407534,0],[121.49617497412174,25.086377041637785,0],[121.49611167936082,25.086446534441436,0],[121.49604800099144,25.086515744765585,0],[121.4960027213191,25.08656453553285,0],[121.49523094181198,25.08739316268792,0],[121.4952174086767,25.087407697888967,0],[121.49516914922687,25.087459499440694,0],[121.49514266350407,25.087487870209443,0],[121.49507808543227,25.087556499469013,0],[121.49501310738799,25.087624785692682,0],[121.49494772964613,25.087692729115872,0],[121.49488195244471,25.087760329942334,0],[121.49481577598492,25.08782758834421,0],[121.4947492004312,25.087894504462138,0],[121.49468222591135,25.087961078405346,0],[121.49461485251663,25.088027310251643,0],[121.49454708030174,25.088093200047474,0],[121.49447890928481,25.088158747807974,0],[121.49441033944751,25.08822395351694,0],[121.49434137073493,25.088288817126845,0],[121.49427200305573,25.088353338558775,0],[121.49420223628184,25.088417517702474,0],[121.49413207024864,25.088481354416196,0],[121.49406150475477,25.08854484852672,0],[121.49399053956202,25.088607999829236,0],[121.49391917439529,25.08867080808722,0],[121.49388966003573,25.08869658132336,0],[121.49386934374805,25.08871430037793,0],[121.49379757793393,25.088776625074246,0],[121.49372559073778,25.0888387275816,0],[121.49365338220724,25.088900607947437,0],[121.49358095238257,25.088962266211837,0],[121.49350830129674,25.08902370240753,0],[121.49343542897543,25.089084916559887,0],[121.49336233543693,25.089145908686938,0],[121.49328902069232,25.089206678799364,0],[121.49321548474522,25.089267226900525,0],[121.49314172759212,25.0893275529864,0],[121.49306774922206,25.08938765704568,0],[121.49299354961687,25.08944753905969,0],[121.49291912875098,25.089507199002387,0],[121.49284448659157,25.089566636840395,0],[121.49276962309843,25.089625852533004,0],[121.49269453822409,25.08968484603211,0],[121.4926731998519,25.08970153926464,0],[121.49262091936102,25.089742304915813,0],[121.49254542866066,25.089800833674637,0],[121.49246972701991,25.08985913145332,0],[121.49239381445636,25.08991719827074,0],[121.49231769098064,25.089975034138064,0],[121.49224135659637,25.09003263905881,0],[121.49216481130017,25.090090013028792,0],[121.49208805508165,25.090147156036235,0],[121.49201108792347,25.090204068061613,0],[121.49195753438963,25.09024343972029,0],[121.49192380636855,25.09026814328319,0],[121.49184640380915,25.090324558784975,0],[121.49176879732727,25.090380738316156,0],[121.49169098693321,25.090436681888157,0],[121.4916129726305,25.090492389504583,0],[121.49153475441595,25.090547861161188,0],[121.49145633227955,25.090603096845918,0],[121.491422031235,25.09062713732709,0],[121.4913788501842,25.09065624105308,0],[121.49129896753529,25.090709764977415,0],[121.49121887815629,25.09076301783788,0],[121.4911385821012,25.090815999704603,0],[121.4910580794157,25.090868710636883,0],[121.49097737013724,25.090921150683148,0],[121.49089645429504,25.09097331988097,0],[121.49081533190993,25.091025218257098,0],[121.49073400299461,25.09107684582742,0],[121.49065246755346,25.091128202597048,0],[121.4905707255826,25.091179288560202,0],[121.49048877706994,25.091230103700305,0],[121.49040662199508,25.091280647989937,0],[121.4903242603294,25.091330921390828,0],[121.490241692036,25.091380923853894,0],[121.49015891706968,25.091430655319154,0],[121.490075935377,25.091480115715786,0],[121.49003090310725,25.091506792086598,0],[121.48998586981183,25.091533266222257,0],[121.48990241806223,25.091582054286484,0],[121.48981879736269,25.091630589281486,0],[121.48973500774889,25.09167887125999,0],[121.48965104925108,25.091726900266544,0],[121.48956692189407,25.09177467633754,0],[121.48948262569715,25.091822199501213,0],[121.48939816067431,25.09186946977763,0],[121.48931352683395,25.09191648717874,0],[121.48922872417913,25.09196325170832,0],[121.48914375270745,25.092009763362007,0],[121.48905861241109,25.092056022127284,0],[121.48897330327677,25.0921020279835,0],[121.48888782528577,25.09214778090184,0],[121.48880217841395,25.092193280845336,0],[121.48871636263172,25.092238527768856,0],[121.48863037790402,25.0922835216191,0],[121.48858383490303,25.092307734327296,0],[121.48855613220339,25.092321999607133,0],[121.48795824609536,25.092629657295568,0],[121.48790395814292,25.092665045268642,0],[121.4870106144476,25.093119473668292,0],[121.48693192256385,25.093151149602857,0],[121.4867970584483,25.09321821925146,0],[121.48672878472026,25.093252027637813,0],[121.48659589252425,25.093317646146318,0],[121.48646221201018,25.09338326713075,0],[121.48617878270774,25.093512755769495,0],[121.48588693263758,25.09364398679116,0],[121.48559111525518,25.09377495937846,0],[121.4853280483028,25.093889483466164,0],[121.48504577283013,25.09401047981719,0],[121.48490245450645,25.094071165476997,0],[121.48477427788984,25.094125030477144,0],[121.48474750830891,25.09413604190155,0],[121.48472048132248,25.094147144442786,0],[121.48469319214131,25.094158383256662,0],[121.48466563563032,25.094169713219507,0],[121.48463780205313,25.094181179503284,0],[121.48456694112006,25.0942103459044,0],[121.48449376416559,25.09424051291317,0],[121.4841857178612,25.094363487693872,0],[121.48398753814277,25.094440511747386,0],[121.48389013003755,25.09447811538869,0],[121.48372758430858,25.094540668248506,0],[121.4835621661442,25.094603952539334,0],[121.48322578094616,25.094731441461413,0],[121.48304837892847,25.094798014320013,0],[121.48276623500324,25.094903116553947,0],[121.4821844089256,25.09511626540942,0],[121.48170572639614,25.095288180001603,0],[121.48117534444401,25.09547533762122,0],[121.48116079107031,25.095480621100457,0],[121.48106385613049,25.095512894800425,0],[121.48074681187401,25.09561837723455,0],[121.48061171530092,25.09566329454034,0],[121.48041035989161,25.09573024149062,0],[121.4800336788001,25.095848193691932,0],[121.47991786314695,25.095883146798744,0],[121.47976466322552,25.095929382291004,0],[121.47962088818,25.095972773195786,0],[121.47947457246853,25.096016930692524,0],[121.47929285095731,25.09607006124168,0],[121.47891256273172,25.096178813645547,0],[121.47874875038934,25.09622285765171,0],[121.47853805196148,25.09627942118738,0],[121.47844627611508,25.096304047841993,0],[121.47835615929179,25.09632826281862,0],[121.47819755087802,25.096370844957974,0],[121.47800589263436,25.09642233578002,0],[121.47789678448221,25.096451622257067,0],[121.47784223295736,25.096466288027596,0],[121.47730856152478,25.096599364415276,0],[121.4767503087909,25.096734413798313,0],[121.47619757774214,25.096863213993693,0],[121.47580464342258,25.096959179221688,0],[121.47559542896452,25.097005351568107,0],[121.47503021735587,25.09713396174821,0],[121.47466445738694,25.097217242808988,0],[121.47440823469817,25.097275526076505,0],[121.47422070860429,25.097318241597723,0],[121.47419575611275,25.097326536903694,0],[121.4735968312486,25.09745746130145,0],[121.47263325918428,25.09766818000868,0],[121.4723949303763,25.09772392008451,0],[121.47235728934939,25.097732797173904,0],[121.47172352293181,25.09788106858572,0],[121.47169549010509,25.097887657936315,0],[121.47168542450369,25.097899968113598,0],[121.46951617773377,25.09838062215719,0],[121.46948319362659,25.09838885183419,0],[121.4686870598659,25.098572493275174,0],[121.4685129138308,25.098612655849,0],[121.466385050292,25.09911103005315,0],[121.46551815003909,25.099303703793208,0],[121.46537324631309,25.099342708338668,0],[121.46527945198471,25.09936846173382,0],[121.46513661173789,25.099402584409802,0],[121.46511462056064,25.099407709096063,0],[121.4639177784454,25.099684917339562,0],[121.46375527367769,25.09971070414705,0],[121.46374821777448,25.09971159290191,0],[121.46374183688525,25.09971232600738,0],[121.46372838366796,25.09971390283883,0],[121.46371491505793,25.099715344296122,0],[121.46370143619262,25.099716695503545,0],[121.46368794212468,25.099717956476564,0],[121.46367443762142,25.099719082059917,0],[121.46364739768914,25.09972101733709,0],[121.46363386720756,25.099721827015475,0],[121.46360678010603,25.099723085327383,0],[121.4635932286037,25.09972357908527,0],[121.46357967164344,25.09972393743792,0],[121.46356611433288,25.099724205509713,0],[121.46355255172469,25.099724383316104,0],[121.46353899357322,25.09972442568627,0],[121.46352543011429,25.099724377791073,0],[121.46351187128231,25.099724239599457,0],[121.4634983119301,25.099723965987177,0],[121.46348475702484,25.099723556938674,0],[121.46347120691678,25.099723102733606,0],[121.46345766124583,25.099722513092352,0],[121.463444120022,25.099721788014907,0],[121.46343058838262,25.099720972625573,0],[121.46341706630787,25.099720066924405,0],[121.46340354868036,25.099719025787035,0],[121.46339004559465,25.099717894322296,0],[121.4633765520737,25.09971667254573,0],[121.46336307292454,25.099715315301964,0],[121.46334960334022,25.099713867746395,0],[121.4633361532452,25.099712329848,0],[121.46332271256483,25.0997106564979,0],[121.46330929136393,25.09970889280503,0],[121.4632958894824,25.099706993629518,0],[121.46328250214297,25.099705004126672,0],[121.46326913924038,25.09970292426557,0],[121.46325579565728,25.09970070892185,0],[121.4632424715737,25.099698403244346,0],[121.463229171927,25.099696007199594,0],[121.4632158915999,25.099693475672225,0],[121.46320264068693,25.099690853771097,0],[121.46318941421103,25.099688141511756,0],[121.46317621201207,25.09968529375434,0],[121.46316303922737,25.09968235562319,0],[121.46314989583705,25.09967932711837,0],[121.46313678168114,25.09967616310002,0],[121.46312369710948,25.099672953847787,0],[121.46311064654968,25.099669563926756,0],[121.46309763052159,25.099666128756414,0],[121.46308464373791,25.09966255807254,0],[121.46307169130611,25.09965889699957,0],[121.4630587781934,25.099655145521982,0],[121.46304589432525,25.09965125853091,0],[121.4630330547236,25.0996472811198,0],[121.4630202544411,25.099643213304113,0],[121.46300748852056,25.099639055099342,0],[121.46299476671653,25.099634761334684,0],[121.46298208439175,25.09963042230534,0],[121.46296944600373,25.09962590257633,0],[121.46295685206219,25.09962133756715,0],[121.46294429744991,25.099616682153425,0],[121.46293179189175,25.099611891164447,0],[121.46291933556755,25.099607009749068,0],[121.46290692352991,25.099602037904678,0],[121.4628945557591,25.09959697564037,0],[121.4628822420097,25.099591777785367,0],[121.46286997766421,25.099586534634792,0],[121.46285776238292,25.09958115590902,0],[121.46284560130293,25.099575686732383,0],[121.46283348944709,25.09957012712042,0],[121.46282143673996,25.09956447704218,0],[121.46280943326698,25.0995587365286,0],[121.46279748895265,25.09955290554875,0],[121.46278559865,25.099546938978325,0],[121.46277376766598,25.099540927081506,0],[121.46276199566088,25.099534779578647,0],[121.46275027801715,25.09952858676489,0],[121.4627386243097,25.09952225832965,0],[121.46272702976103,25.099515839437228,0],[121.46271549930853,25.099509330054197,0],[121.46270403313203,25.09950277532938,0],[121.46268128780055,25.099489304170806,0],[121.46267215294215,25.099483771418562,0],[121.46267164614541,25.0994834660449,0],[121.46267113931474,25.099483151643273,0],[121.46247271939865,25.099344015855326,0]]}},{"type":"Feature","properties":{"cadgeom_type":"CADLWPolyline","thickness":0,"color":"#00FF00FF"},"geometry":{"type":"LineString","coordinates":[[121.40491804830386,24.96405277608969,0],[121.40512628474144,24.96405269359658,0],[121.40644998641953,24.964051404665398,0],[121.40644998641953,24.964051404665398,0],[121.40694394878636,24.964021237912316,0],[121.4074351466325,24.963964907554537,0],[121.4074351466325,24.963964907554537,0],[121.40785795300785,24.963883400805233,0],[121.40827485846384,24.96377966645831,0],[121.40868445802481,24.963654054105852,0],[121.40868445802481,24.963654054105852,0],[121.40892482808692,24.963570037251852,0],[121.40916060955541,24.963475833172986,0],[121.40924329403721,24.96343901857806,0],[121.40924329403721,24.96343901857806,0],[121.40942148618188,24.963361069163334,0],[121.40959461448892,24.96327415268635,0],[121.4097621364912,24.96317854149054,0]]}},{"type":"Feature","properties":{"cadgeom_type":"CADLWPolyline","thickness":0,"color":"#00FF00FF"},"geometry":{"type":"LineString","coordinates":[[121.41265305039909,24.962357533720013,0],[121.41257501410824,24.96238044898859,0],[121.41258269653375,24.962391964244702,0],[121.41263658863274,24.962468085884296,0],[121.4126920192895,24.96254523246495,0],[121.41270887657967,24.96256762673707,0],[121.41275646089238,24.962630840640852,0],[121.41277159994003,24.962650516456293,0],[121.41278779913213,24.962670324757152,0],[121.41284059994344,24.962730956819474,0],[121.41290639068286,24.96280529389995,0],[121.41292169819607,24.962822016986184,0],[121.41299950021241,24.96290761510826,0],[121.41306574462074,24.962975387300897,0],[121.41313273783342,24.963041974682348,0],[121.41322426948392,24.96313136260005,0],[121.41325627539324,24.963169030077303,0],[121.41335712059882,24.96325956575291,0],[121.41345763852769,24.963343990123853,0],[121.41356023024629,24.963426575928658,0],[121.4136796851158,24.963514152617847,0],[121.41378099178348,24.963585528717168,0],[121.4138968814298,24.963664168108888,0],[121.41397482142679,24.963712061986644,0],[121.41398587430972,24.963698355595298,0],[121.41407831268754,24.963754082148387,0],[121.41416325045863,24.963802273724685,0],[121.41424789764403,24.963849436836302,0],[121.41434062772177,24.96389699272129,0],[121.41442301069502,24.963939322873646,0],[121.41451032514706,24.96398144966598,0],[121.41460038524713,24.964021284612798,0],[121.41469058614335,24.964061742063304,0],[121.41470994330483,24.96407068640629,0],[121.41474978382284,24.964089095459908,0],[121.41484796629425,24.964129250718372,0],[121.41494206108236,24.964164253123712,0],[121.41509447420378,24.96421831419369,0],[121.41524447554552,24.964270801880115,0],[121.41527309092658,24.96429241706227,0],[121.41539439630318,24.964334656233035,0],[121.41553502304231,24.96438540924721,0],[121.41569496033388,24.964430264086953,0],[121.41593981097303,24.96452620415637,0],[121.41596622850294,24.96453621498159,0],[121.41614133608246,24.96459729879752,0],[121.4164321185108,24.964704726261427,0],[121.4165853302443,24.964760273220627,0],[121.41681330490071,24.96484474510675,0],[121.41696088522968,24.96489841149296,0],[121.4169932383967,24.96490913045883,0],[121.41718078918836,24.964971267956557,0],[121.41738245622332,24.965042911226185,0],[121.41755172438913,24.965101797797974,0],[121.41775890888573,24.9651706714664,0],[121.417993954369,24.965257450990748,0],[121.41815031590956,24.965312698579638,0],[121.41828389708805,24.965358719873425,0],[121.41843158795682,24.96541249281438,0],[121.41843158795682,24.96541249281438,0],[121.41871721397095,24.96550811224342,0],[121.41893536389776,24.965588825611146,0],[121.41908560892168,24.965642121243867,0],[121.41915244323552,24.965663321191066,0],[121.4192719392136,24.965688128673964,0],[121.41934275700257,24.96570115577068,0],[121.41946780381225,24.965730226870107,0],[121.41977988514591,24.96579965097523,0],[121.41999164321906,24.96594020208561,0],[121.42014253474649,24.965988213281825,0],[121.42031371751618,24.96604143055729,0],[121.42041741819905,24.966078189958683,0],[121.42053311307875,24.966115068911467,0],[121.42079054693676,24.96620524762757,0],[121.42082726813493,24.966221900365955,0],[121.42102176411338,24.966289261453937,0],[121.42126728129057,24.96637859727123,0],[121.42154056899975,24.96647355093889,0],[121.42169986477111,24.966531576190615,0],[121.42173631194811,24.96654419728395,0],[121.42195195123135,24.966618869941684,0],[121.42213564155954,24.966682865535713,0],[121.42222816320086,24.966711367391326,0],[121.42248428028513,24.966803867142175,0],[121.4227997036903,24.96691391159881,0],[121.422954888178,24.96696838099644,0],[121.42310649265593,24.96702145198912,0],[121.42332529804688,24.967101091655334,0],[121.42353424935028,24.96717210090787,0],[121.4236868186504,24.96722623389505,0],[121.42384530573605,24.96728180343783,0],[121.42397660666984,24.967328819165065,0],[121.42400123790127,24.967343212338996,0],[121.42410494556754,24.967378488488393,0],[121.42416081044362,24.96739753255256,0],[121.42442904092772,24.967492296636717,0],[121.42458123136737,24.967545472780625,0],[121.42473927623448,24.967601819051875,0],[121.42483936232581,24.967643713696663,0],[121.42489415509519,24.967667744140087,0],[121.42498333737312,24.96770978715313,0],[121.42508247627582,24.967761335544953,0],[121.42516626070022,24.96780619260967,0],[121.42519349558012,24.96781442087849,0],[121.42529330093326,24.967872521742333,0],[121.42538732605446,24.96793169534985,0],[121.42542465480958,24.96800664970834,0],[121.42543313225093,24.968012268161186,0],[121.4254651147134,24.96803302307444,0],[121.42547693674017,24.968040645274478,0],[121.42550883992284,24.968061382348004,0],[121.4255185559668,24.968067168794963,0],[121.42560281353744,24.96807381666092,0],[121.42579848982237,24.96820343597046,0],[121.4259906607564,24.968333146294533,0],[121.42626350028681,24.968511378157004,0],[121.42643012839163,24.96862070295152,0],[121.42645944968817,24.968648001723064,0],[121.42656657973906,24.9687188286456,0],[121.4268220919775,24.96888655503979,0],[121.42715931342005,24.969099829000378,0],[121.42740957383067,24.969263479620324,0],[121.42756900638527,24.96937562142814,0],[121.42763950068544,24.969421166335785,0],[121.4277683461254,24.96950745863242,0],[121.42793725419088,24.969616585557198,0],[121.42806286735309,24.969698887360494,0],[121.42814721086172,24.969755793826334,0],[121.42835685647393,24.969893702617526,0],[121.42860018798957,24.970054761944407,0],[121.42898384071317,24.97031191984105,0],[121.4291894376711,24.97045849718542,0],[121.42933585017775,24.97056345191917,0],[121.42971359165705,24.970834231627208,0],[121.42980707838088,24.970894068878284,0],[121.43009965760557,24.971100531118594,0],[121.43041013488771,24.971321187634523,0],[121.43064723567653,24.971488969522415,0],[121.43077082562525,24.971576212110538,0],[121.43083913006402,24.971624428360794,0],[121.43097075699183,24.971717480956382,0],[121.4312205940888,24.971893124775026,0],[121.43144414811755,24.97207172482694,0],[121.43149922938494,24.97211064260457,0],[121.43158840050147,24.972175707159888,0],[121.43169274586432,24.9722245294267,0],[121.43186915261268,24.972365951177654,0],[121.43214489136086,24.972586641491766,0],[121.43240046633466,24.972793396029306,0],[121.43242023451415,24.97284973811228,0],[121.43264430903814,24.97302955308487,0],[121.43279973190138,24.973154440723967,0],[121.43289127286651,24.973228973739293,0],[121.4330451574214,24.973350001494317,0],[121.43319081847315,24.973470168234158,0],[121.4334028901466,24.973641286619745,0],[121.43348576884382,24.97370834198907,0],[121.43362412275226,24.973823311229964,0],[121.43375633808789,24.97393603212485,0],[121.43384389368784,24.974009176762387,0],[121.43404027062103,24.974172467292913,0],[121.43417611536735,24.974283380604106,0],[121.43423248401803,24.974329526632065,0],[121.43429212740335,24.974378336324545,0],[121.43444897085692,24.974503470832303,0],[121.43451100979769,24.974553170912348,0],[121.43466460239756,24.974669114887455,0],[121.43481949189184,24.974778561938887,0],[121.43482272735635,24.97478072119245,0],[121.43485259749868,24.97480824859215,0],[121.4350849206141,24.97493758585609,0],[121.43516417261777,24.974868144214923,0],[121.43533597769719,24.97508161130243,0],[121.43545642605332,24.97524685508088,0],[121.43558418919942,24.975435957056217,0],[121.43569879463041,24.97560125383263,0],[121.4357418713734,24.975663404572835,0],[121.43574801376873,24.975672252328376,0],[121.4359231283705,24.97592764519235,0],[121.43592851329319,24.975935981146442,0],[121.43593536140203,24.975946559162928,0],[121.43596926850066,24.97599895958551,0],[121.43602508575013,24.97608525128441,0],[121.43610545843599,24.97620946944566,0],[121.43619444273125,24.976347006794562,0],[121.4362432123785,24.976422385127638,0],[121.43637284611687,24.976622767377425,0],[121.43645566037493,24.976750760548587,0],[121.43660286217155,24.97697828140677,0],[121.43667223255287,24.977092169132746,0],[121.43689429561664,24.977427887822863,0],[121.437239250066,24.97797560471607,0],[121.43745972581469,24.9783450352742,0],[121.43763312828175,24.978659527765213,0],[121.43764571908352,24.978687974855113,0],[121.43789702782396,24.979166409808887,0],[121.43795517580405,24.979282694043466,0],[121.43819726556863,24.979789152098892,0],[121.43836642628825,24.98018405528817,0],[121.43845614109888,24.98039200925028,0],[121.43872365528496,24.981013717815117,0],[121.43895328577308,24.981702527619262,0],[121.43914028313868,24.982203629779377,0],[121.43927495840968,24.982659040724844,0],[121.43949329388532,24.983445712107304,0],[121.43949340435144,24.983446136107958,0],[121.43954811644099,24.983653668982583,0],[121.43966163799618,24.984084314297313,0],[121.43977571260952,24.984517052407146,0],[121.4398652678916,24.984856763771432,0],[121.44000135395524,24.98537298381305,0],[121.44004209056203,24.985527489829444,0],[121.44022108414171,24.986206451946174,0],[121.44022442789822,24.986219144770338,0],[121.44033900834269,24.98682334485673,0],[121.44044860286755,24.987401251302604,0],[121.44051597938149,24.987756529204816,0],[121.44060699986946,24.988236470997588,0],[121.44073041797726,24.988887284213554,0],[121.44073347443947,24.988911046472907,0],[121.44073956717,24.98895846271229,0],[121.44090171709855,24.99021980282725,0],[121.44097296864173,24.990772898043907,0],[121.44099242684445,24.990925414515722,0],[121.44102262647984,24.99116037472989,0],[121.44106404126768,24.991706639844054,0],[121.44110489505331,24.992245485370066,0],[121.44106195455828,24.992359936995943,0],[121.44097569067301,24.992589870559527,0],[121.44095741413511,24.99265656200479,0],[121.44093683997491,24.992706765701133,0],[121.44093683997491,24.992706765701133,0],[121.44093683997491,24.992706765701133,0],[121.44095036267508,24.992954116864706,0],[121.44096540147382,24.993229342661703,0],[121.44102584130441,24.994334840244523,0],[121.44103023943671,24.994415268914278,0],[121.44103344903777,24.994473914439123,0],[121.44103639643934,24.99452776902387,0],[121.4410368204368,24.99453554125122,0],[121.44104352943948,24.99465836811014,0],[121.44104516096384,24.994688057126115,0],[121.44104848869625,24.99474890641953,0],[121.44105323559958,24.994841007229986,0],[121.44106531655918,24.99507559781146,0],[121.44106555544911,24.99519805469042,0],[121.44106658942896,24.99525183270377,0],[121.44106996685107,24.995273860564804,0],[121.44107350178957,24.99538443738611,0],[121.44107804426112,24.99544282700537,0],[121.44108092540758,24.995479861667622,0],[121.44108434523238,24.99553041856107,0],[121.4410824738463,24.995580630012082,0],[121.44108198173365,24.99562038270096,0],[121.44108706563681,24.9956736611808,0],[121.44108928078415,24.995703104650033,0],[121.44108615016172,24.995708594057653,0],[121.44108827034809,24.995750589406395,0],[121.44109242539376,24.996005176274767,0],[121.44109282807122,24.996061342712636,0],[121.44109645507967,24.99616160833469,0],[121.44109514263809,24.996176915048757,0],[121.44109503612513,24.996183153860514,0],[121.44109129353608,24.996278078570935,0],[121.44109206314167,24.996324391026995,0],[121.44109455381137,24.996523391681688,0],[121.4410707314759,24.997085543722534,0],[121.44106235352999,24.997256440982593,0],[121.4410527156376,24.997678682880633,0],[121.44103718269508,24.997859782010703,0],[121.4410347535354,24.997952975403823,0],[121.44103435495445,24.998046689425816,0],[121.4410375011005,24.998120467674642,0],[121.44103619775962,24.99865735933901,0],[121.4410302513154,24.99884842843527,0],[121.44103100396738,24.99895382153802,0],[121.44103139813805,24.9991780359822,0],[121.44103242407273,24.999396064222637,0],[121.44103522529957,24.99958412256438,0],[121.44103268566339,24.999706048666447,0],[121.44104665389094,24.99998351636602,0],[121.44105645770243,25.00039190611545,0],[121.44106221564637,25.00052892592065,0],[121.44109826036669,25.001459582183166,0],[121.44109603108146,25.00154829996248,0],[121.44109558108038,25.001603974520126,0],[121.44109973407481,25.001676222273083,0],[121.44111622420124,25.001812730449902,0],[121.44116024752974,25.002400576017305,0],[121.44116131914147,25.00244407809949,0],[121.44116424717632,25.002490904301702,0],[121.44116591916652,25.002581813381454,0],[121.44117551642218,25.00267414835647,0],[121.44118267423931,25.002776227164002,0],[121.44119162481381,25.00286144634417,0],[121.44119996006029,25.002959993111734,0],[121.44120631153768,25.00303508586313,0],[121.44121322207441,25.00311678819049,0],[121.44123634205665,25.003337554235927,0],[121.44124210144196,25.00342172516621,0],[121.4412411811094,25.003433103434915,0],[121.44126218773917,25.003592271574384,0],[121.44127909872724,25.003764154540903,0],[121.44129066144687,25.003878209660634,0],[121.44129174924812,25.003888751377104,0],[121.4413041730769,25.004008121551962,0],[121.44131373775808,25.004098095344954,0],[121.44131694518893,25.004127915011274,0],[121.4413202956486,25.004158869879227,0],[121.44132534116177,25.00420534719793,0],[121.44133046479463,25.004251723809723,0],[121.44133274777502,25.004272355510768,0],[121.4413337302892,25.004281155094656,0],[121.44134723124962,25.004402508267784,0],[121.44135760026232,25.00449575690391,0],[121.44136343518883,25.004548346933955,0],[121.44136739695388,25.0045840958934,0],[121.44136621934508,25.004742508249585,0],[121.44136839490012,25.00477466025507,0],[121.4413869170177,25.004925999235766,0],[121.44138803136492,25.00493564707831,0],[121.4413898820813,25.00495174790104,0],[121.44140553521113,25.005087575907854,0],[121.44142334279853,25.005241318499138,0],[121.44142448025062,25.005250762773933,0],[121.44142498093235,25.005250603658357,0],[121.44143694992138,25.00534519273081,0],[121.44144362062357,25.005418165952207,0],[121.44147416704065,25.005696125871133,0],[121.44148957853577,25.005830817017305,0],[121.44150894292157,25.00600150992308,0],[121.44152079507046,25.006109222190418,0],[121.44153666900019,25.00625348406029,0],[121.44154426910734,25.00633399716566,0],[121.4415558782446,25.006440791223604,0],[121.44156263769239,25.006496980737886,0],[121.44156473998794,25.006515143935236,0],[121.44157375212171,25.006593005977575,0],[121.44158250094675,25.00666859301214,0],[121.4415936324435,25.006778252605177,0],[121.44160550354827,25.006887494192473,0],[121.44160684255496,25.006887373360023,0],[121.4416198629615,25.006987764405086,0],[121.44161987947885,25.00698792898689,0],[121.441632581271,25.00711449160541,0],[121.44163659937001,25.00714248013666,0],[121.44163909403854,25.00715985703053,0],[121.4416414442334,25.00718817151667,0],[121.44164264489375,25.007205321532208,0],[121.44166220752909,25.00735652190918,0],[121.44168369859264,25.00752335339553,0],[121.44170410210097,25.0076797153926,0],[121.44170955141897,25.007715812007785,0],[121.44171874196171,25.007773023498515,0],[121.4417363775325,25.00789505946312,0],[121.44174059306445,25.007951834317097,0],[121.44174405792938,25.00796173203178,0],[121.44175363742126,25.008022847502097,0],[121.44178919528143,25.008241775022952,0],[121.44181647645104,25.008393069793502,0],[121.44184328271449,25.00854175681674,0],[121.44185828929808,25.008623031081086,0],[121.44186433607914,25.00864150100337,0],[121.44186780245751,25.008668855174218,0],[121.44188341066207,25.008739219719995,0],[121.44190851233773,25.008865566997063,0],[121.44192391312043,25.008936094660104,0],[121.44193145170117,25.008969052266934,0],[121.44198284830335,25.00921182125264,0],[121.44199451814785,25.009275182574918,0],[121.44201189556918,25.009347094691822,0],[121.44202239362362,25.0094013861547,0],[121.4420266843917,25.00941269476141,0],[121.44203893567138,25.009474934853444,0],[121.44205415707484,25.00954260109028,0],[121.44208650182739,25.00967458747024,0],[121.44212246753897,25.009821712389904,0],[121.44215791411435,25.009956641746793,0],[121.44220276234807,25.0101301296488,0],[121.44224046222377,25.010266207887597,0],[121.44227548515363,25.010393428386053,0],[121.44231615751387,25.01053782175568,0],[121.44235281100772,25.010661064973853,0],[121.44239188496931,25.010793428485535,0],[121.4424043961156,25.01083361379472,0],[121.44242534724464,25.010900907932918,0],[121.44246269675884,25.011020872793146,0],[121.44251312192658,25.01118277885742,0],[121.44255676394747,25.011312465402607,0],[121.44260070781166,25.01144617760816,0],[121.44264266569469,25.011567563195136,0],[121.44268453854008,25.01169007754484,0],[121.44272833696417,25.011810780508405,0],[121.44276818609843,25.01192148294787,0],[121.4428095339664,25.01203567482246,0],[121.4428552703446,25.012160732587233,0],[121.44294224622774,25.01238210666472,0],[121.4430031855164,25.012537345480972,0],[121.44303298738186,25.012611651396245,0],[121.44306504775793,25.012691588416303,0],[121.44312613206887,25.01283883679005,0],[121.44318788725683,25.01298248991432,0],[121.44324509767289,25.01311586441641,0],[121.44329319491584,25.013227670624897,0],[121.4433570750477,25.01337251808216,0],[121.44341917684834,25.013518734067276,0],[121.44353317444256,25.01378594453803,0],[121.44359175925266,25.013923846936727,0],[121.44363870839241,25.01403580991874,0],[121.44364162917799,25.014038788314704,0],[121.44365899568326,25.01407884094522,0],[121.44366341470767,25.014087151752353,0],[121.44367049117888,25.01410057548908,0],[121.4436728709179,25.014104604866844,0],[121.44367430633362,25.01410727017693,0],[121.44368569468678,25.01412623032754,0],[121.44369323408084,25.014137983485483,0],[121.44369491394629,25.01414048003693,0],[121.44370136245398,25.01414971576858,0],[121.44370501840419,25.01415464595221,0],[121.44371751331542,25.014170401785407,0],[121.44372061971553,25.014174088669968,0],[121.44372859189022,25.014182647166237,0],[121.44382925228435,25.014283010977614,0],[121.44393558961534,25.014389533152002,0],[121.44394894737225,25.014402014911212,0],[121.44395638766547,25.01440951980268,0],[121.44397685943203,25.014431584450527,0],[121.44400294137736,25.014463444471616,0],[121.44401009964717,25.014472295910256,0],[121.44402433911652,25.01449010401999,0],[121.44406306221003,25.014537498207215,0],[121.444067816885,25.01454854908106,0],[121.44408078236896,25.014578683994536,0],[121.44412934383368,25.0146915524124,0],[121.4441944854721,25.014842309158837,0],[121.4442127010462,25.014885373374874,0],[121.44425445274693,25.01498408022685,0],[121.44432711277251,25.015150794337384,0],[121.44439517910905,25.015307437648968,0],[121.44451340929396,25.015582371770993,0],[121.44461321995225,25.015812960234424,0],[121.44474311159361,25.016115061202786,0],[121.44486542542802,25.01640098814365,0],[121.4449871283444,25.016682195053708,0],[121.44513687236534,25.01702956672962,0],[121.44527962062452,25.01735454219615,0],[121.44541945334706,25.01765937532907,0],[121.44557658915207,25.01798419902684,0],[121.44572849729943,25.018285158661186,0],[121.44587239432701,25.018554263629085,0],[121.44601648308866,25.018815928643324,0],[121.44607312889502,25.018914824954752,0],[121.44611327478506,25.018982970016474,0],[121.4461278657156,25.019007782814803,0],[121.44622951280941,25.019181472521126,0],[121.44632385982494,25.01934067216541,0],[121.44641921384952,25.019514499363613,0],[121.44663408248176,25.019892689600923,0],[121.4466419221129,25.0199069847451,0],[121.44668411517722,25.019960006887302,0],[121.44671161642702,25.01999719259043,0],[121.44688290971808,25.02021034777427,0],[121.4469482299647,25.020294086415173,0],[121.4469941312967,25.02035297742576,0],[121.44704776433962,25.0204220800325,0],[121.44705053417464,25.020426216095107,0],[121.44712092580357,25.020516343551204,0],[121.4471610832744,25.02056808361475,0],[121.44737881377692,25.02084825914409,0],[121.4475744400362,25.021098473157,0],[121.44766328675776,25.021248272043966,0],[121.44798280169128,25.021643908441764,0],[121.44800861760913,25.021678409281133,0],[121.44830754258217,25.022053774814303,0],[121.44920657837582,25.0231080618009,0],[121.44920657837582,25.0231080618009,0],[121.44920657837582,25.0231080618009,0],[121.44920657837582,25.0231080618009,0],[121.44957393985996,25.023461801760376,0],[121.44973130385735,25.023897249779292,0],[121.449740668665,25.023924295886395,0],[121.4499685309473,25.02416519678045,0],[121.45017434660632,25.024383015013576,0],[121.45049680139564,25.024708429989605,0],[121.4507151838378,25.02491897054666,0],[121.45099576468714,25.025190396762884,0],[121.4511339114037,25.025321533410168,0],[121.45135013673269,25.025526023445185,0],[121.45150782104511,25.025672270068227,0],[121.45157622407417,25.025733900658203,0],[121.45187184406839,25.025999243522953,0],[121.45200688154272,25.026116594744504,0],[121.45216039011252,25.026249370735453,0],[121.4522284248943,25.0263063703785,0],[121.45232462403048,25.02638733237954,0],[121.45240258960396,25.02645264323014,0],[121.45247399984666,25.02651201881353,0],[121.45250910851017,25.02654284544128,0],[121.45257716443011,25.026600224054498,0],[121.4526064319318,25.026625411805995,0],[121.45264616093445,25.026657293622385,0],[121.45296511065061,25.026918827518678,0],[121.45317460279807,25.027084170818117,0],[121.45339860672996,25.027258799059105,0],[121.45362383829158,25.02743278326109,0],[121.4538033803172,25.027569120692593,0],[121.45395769897291,25.027684567976664,0],[121.4540721355497,25.027770372999566,0],[121.45409586452755,25.02778805216602,0],[121.45410687260953,25.02779528661925,0],[121.45421650946632,25.027868336275684,0],[121.45421650946632,25.027868336275684,0],[121.45442761387999,25.028020122968414,0],[121.45455117036268,25.028107090250817,0],[121.45465242934802,25.028178108610476,0],[121.45467436400828,25.028191683824712,0],[121.45478235069575,25.02826621729663,0],[121.45506324372288,25.028458584441008,0],[121.4552638793109,25.028596525744142,0],[121.45529943261593,25.02861892745524,0],[121.45539652866495,25.02868172080538,0],[121.45553608851405,25.02877206459872,0],[121.45566767971779,25.02885791177129,0],[121.45568741312856,25.028870850691238,0],[121.4558272649075,25.028959026806422,0],[121.45584962877487,25.02897367524353,0],[121.45593882058905,25.029029985420685,0],[121.45594467662545,25.029033646940604,0],[121.45596747490329,25.0290476895149,0],[121.45603089008347,25.029087796885268,0],[121.45606781441487,25.029111441262195,0],[121.456105174729,25.02913507563828,0],[121.4561158250048,25.02914181418156,0],[121.45616834456523,25.029172321570904,0],[121.45621538783531,25.029200367335477,0],[121.45647117915718,25.029356810095084,0],[121.45650395088698,25.029376400884466,0],[121.4565145402838,25.029382588816773,0],[121.45655992523587,25.029409256833247,0],[121.45665978000012,25.029469421802247,0],[121.45665978000012,25.029469421802247,0],[121.45667375516167,25.02947765194653,0],[121.45672293575247,25.02950665907041,0],[121.45678889970189,25.02954576040702,0],[121.45684990015184,25.029581920919792,0],[121.45686580510439,25.029591293636276,0],[121.45687460799168,25.029596442047428,0],[121.45690611417284,25.029614869974438,0],[121.45694883545139,25.029639349548717,0],[121.45696355859225,25.029647747351294,0],[121.45699057157195,25.029663084154464,0],[121.45699242624498,25.02966413715739,0],[121.45789180647051,25.03017009034761,0],[121.45873351460156,25.03065516893982,0],[121.45998244441026,25.031368225868945,0],[121.46117332265901,25.032036817020074,0],[121.46207246877427,25.032516100596332,0],[121.46255385248003,25.032762137057546,0],[121.4625649904939,25.03276555777122,0],[121.46262489991733,25.032796278013326,0],[121.46272138812904,25.03284569181466,0],[121.46278193911114,25.032876691119146,0],[121.4628177434347,25.032894237569636,0],[121.46291351826169,25.032941364534913,0],[121.46301169940267,25.0329895769776,0],[121.4630458363022,25.03300655671987,0],[121.46315751804487,25.033061378120205,0],[121.46320537917553,25.033084911810978,0],[121.46321670498651,25.03309057342723,0],[121.46325400971867,25.033108741254967,0],[121.46327168849176,25.033117514861686,0],[121.46330499362318,25.033133576078153,0],[121.46330346897504,25.033137095700823,0],[121.4634774352195,25.03322165495187,0],[121.46347849265636,25.033232049455716,0],[121.46358512892834,25.03328310353633,0],[121.46359023420877,25.033283097130237,0],[121.46364007025372,25.033307220936805,0],[121.46368978249758,25.033331354260312,0],[121.46373978925004,25.033355725610765,0],[121.46379412571943,25.033381967048797,0],[121.46379618174262,25.0333829382071,0],[121.46394375888266,25.0334527026931,0],[121.4640693388703,25.033511511859455,0],[121.46407200564077,25.033511945145886,0],[121.46412374260649,25.033536293041976,0],[121.4642826820561,25.03361084894409,0],[121.46450740643773,25.033714789583193,0],[121.4646219245331,25.033766854325748,0],[121.4647092568548,25.03380658305854,0],[121.46497994658561,25.033928758704754,0],[121.46530183819768,25.034072074903648,0],[121.46539599431435,25.034112951650098,0],[121.46548630028941,25.034152345431483,0],[121.46586698075735,25.03431528964918,0],[121.46598672006837,25.034367110728184,0],[121.46605741637902,25.03439603603258,0],[121.46605740959345,25.03439240795188,0],[121.4666157004168,25.03462499432963,0],[121.46716385728841,25.03485020388164,0],[121.46764587900712,25.035050805262983,0],[121.46769124253035,25.03506955444785,0],[121.46771003381589,25.035077328085467,0],[121.46774209168913,25.035090645541242,0],[121.46779422210653,25.035111924550726,0],[121.46793514006825,25.03517022945234,0],[121.46804080179749,25.03521409334671,0],[121.46804050258805,25.035210106829187,0],[121.46822577071545,25.03528816049244,0],[121.46838402984577,25.03535466972735,0],[121.46853384767363,25.03541667959699,0],[121.46869634756214,25.03548381474183,0],[121.46884486334089,25.035544577447542,0],[121.46911415957528,25.03565315655671,0],[121.46916625403358,25.035674084030223,0],[121.46924228519096,25.035704014118473,0],[121.46930567938136,25.03572849359227,0],[121.46937195920583,25.035753759231437,0],[121.46945265828727,25.03578437145273,0],[121.46949709931864,25.03580123518747,0],[121.46963731631274,25.03585456410742,0],[121.46970041427777,25.035878229387908,0],[121.46976959275868,25.035902287557608,0],[121.46989944370382,25.03594767266869,0],[121.4699498084034,25.03596485398775,0],[121.47002880062995,25.03599273468973,0],[121.47002880299668,25.035993128859868,0],[121.47004337410706,25.035998201584814,0],[121.4700961180545,25.036016561141,0],[121.47014543628711,25.036033728656736,0],[121.47045728285988,25.036137385313005,0],[121.4705140626672,25.036156253488315,0],[121.47073159402774,25.03622565622357,0],[121.47108112426675,25.03633317065413,0],[121.47116058061754,25.036356052634208,0],[121.47143024728416,25.036433022820745,0],[121.47170077753206,25.036507433964452,0],[121.47201340849263,25.036589847993536,0],[121.47207827386563,25.036606700395794,0],[121.47227246780761,25.036654091109728,0],[121.47238446781942,25.036681532251713,0],[121.47241583610023,25.036689331715973,0],[121.47247504507448,25.036702596112036,0],[121.47255029880263,25.036719637277685,0],[121.47262135285611,25.03673568917219,0],[121.47287702340074,25.03679392618795,0],[121.4731688889432,25.036854291303634,0],[121.47344439196037,25.036909708609766,0],[121.47379002803241,25.036977429351253,0],[121.4739956211866,25.037017671598694,0],[121.47399630454763,25.037017804183577,0],[121.47403805609525,25.037026078061917,0],[121.47407947717116,25.03703427418482,0],[121.47412298310367,25.037042923591386,0],[121.4741648871917,25.0370510242078,0],[121.4741648871917,25.0370510242078,0],[121.47422776408017,25.037063244520375,0],[121.47422776408017,25.037063244520375,0],[121.47429150890981,25.037075757356252,0],[121.47435920035042,25.03708883573001,0],[121.47440851129905,25.03709841840727,0],[121.4744774679375,25.037111767363914,0],[121.47450090097414,25.03711630678719,0],[121.47453313145127,25.037122690405088,0],[121.474569202437,25.037129789089196,0],[121.47460501660711,25.037136703108725,0],[121.47462635484379,25.03714078205241,0],[121.47467438006996,25.037150289121413,0],[121.47470644114956,25.037156520096232,0],[121.47477441395677,25.037169573353772,0],[121.47481247775659,25.03717682148855,0],[121.47485494384439,25.03718508602957,0],[121.47490194284251,25.037193858912193,0],[121.4749387133312,25.037201090219966,0],[121.47499004052499,25.03721091508076,0],[121.47503714655709,25.037220164057963,0],[121.47508617519766,25.037229908669715,0],[121.47512975682773,25.037238279319528,0],[121.47515559344016,25.03724336326433,0],[121.47518233520658,25.037248510240204,0],[121.47522232189156,25.037256291834854,0],[121.47526536682888,25.03726440791299,0],[121.47530661814476,25.03727237073804,0],[121.47532557130015,25.037275996047832,0],[121.47535812209617,25.037282404012586,0],[121.47540587023512,25.037291478018005,0],[121.47543249114516,25.037296469384867,0],[121.47543650432613,25.037297222364586,0],[121.47543479871345,25.037297233199585,0],[121.47556260639912,25.03732215573351,0],[121.47567922317867,25.03734476312852,0],[121.47580861092923,25.037369602248717,0],[121.47584350616475,25.037376357076326,0],[121.47587937052664,25.037383300157185,0],[121.47594431541532,25.037395871173803,0],[121.47598192459509,25.03740315093127,0],[121.47606270619377,25.037419075760265,0],[121.47632842345456,25.037471841694963,0],[121.47645366188587,25.03749699909522,0],[121.47663780610317,25.03753249615548,0],[121.47677499906958,25.03755771896416,0],[121.47691293397828,25.03757932547331,0],[121.47712222171651,25.03760898137339,0],[121.4771663044631,25.03761456990535,0],[121.47731909398279,25.03763259572339,0],[121.47747174612405,25.03764773294236,0],[121.47773738076354,25.03766774518644,0],[121.47796515784833,25.037678999032266,0],[121.47798927455628,25.037680064629512,0],[121.47801975744503,25.037681210449765,0],[121.47802991950203,25.037681567595524,0],[121.47805024514324,25.037682244709593,0],[121.47807057270498,25.037682872230125,0],[121.47809090202867,25.037683450157786,0],[121.47810106731527,25.037683720515403,0],[121.47811123298544,25.037683978484075,0],[121.4781213990291,25.037684224045773,0],[121.47813156541666,25.037684457209654,0],[121.47814173214802,25.037684677966695,0],[121.47815189919349,25.037684886326037,0],[121.47816206653327,25.03768508228779,0],[121.47817223414748,25.037685265842978,0],[121.47818240202619,25.037685436991662,0],[121.47819257014967,25.037685595742932,0],[121.47820273849803,25.03768574208786,0],[121.4782129070514,25.037685876026536,0],[121.47822307579007,25.03768599756804,0],[121.47823324469411,25.03768610669444,0],[121.47824341375367,25.0376862034238,0],[121.47825358294892,25.037686287747192,0],[121.47826375226006,25.037686359673717,0],[121.47827392165729,25.037686419185448,0],[121.47828409114067,25.037686466300443,0],[121.47829426069029,25.03768650100074,0],[121.47830443027654,25.037686523304494,0],[121.47831459987951,25.0376865332028,0],[121.4783247694992,25.037686530686564,0],[121.478334939096,25.037686515774052,0],[121.47834510866991,25.03768648845624,0],[121.47835527819117,25.03768644873324,0],[121.47836544763994,25.037686396596126,0],[121.47837561700638,25.03768633206297,0],[121.47838578627062,25.037686255124832,0],[121.47839595541284,25.03768616578181,0],[121.47840612441323,25.03768606403397,0],[121.47841629326187,25.037685949881357,0],[121.47842646191911,25.037685823324146,0],[121.47843663039487,25.037685684362277,0],[121.47845696667314,25.037685369234197,0],[121.47846713445578,25.03768519305902,0],[121.47848746917937,25.037684803514047,0],[121.47849763610044,25.037684590135296,0],[121.47851796894228,25.037684126174796,0],[121.47852813483331,25.037683875593174,0],[121.47853830035459,25.037683612616718,0],[121.47855863017871,25.03768304945272,0],[121.47856879445189,25.037682749274296,0],[121.47858912164118,25.037682111725008,0],[121.47859928450767,25.037681774345288,0],[121.47860944686569,25.037681424580374,0],[121.47861960871518,25.037681062412172,0],[121.47862977000659,25.037680687849942,0],[121.4786500909153,25.037679901552377,0],[121.47867040943312,25.037679065670297,0],[121.47869072542143,25.03767818023136,0],[121.47870088241993,25.037677718921508,0],[121.47871103873156,25.037677245227165,0],[121.47883480220575,25.037671352583597,0],[121.47889237586054,25.037666869161157,0],[121.4789497482422,25.037660598078517,0],[121.47920575839132,25.03763518122545,0],[121.4794215626364,25.037614061029966,0],[121.47953164292298,25.03760370474919,0],[121.4796464623715,25.037592438339647,0],[121.4796464623715,25.037592438339647,0],[121.47985770144307,25.037571787158125,0],[121.4798776182433,25.037569290393733,0],[121.4799306361731,25.03756340644894,0],[121.4799454984373,25.03756177501109,0],[121.48006000912922,25.037549236605706,0],[121.48012979458895,25.037540476286157,0],[121.48019915640619,25.037529267466017,0],[121.48026878572244,25.037514717067666,0],[121.48030418337974,25.037506916226885,0],[121.48033918469551,25.03749775378746,0],[121.480349162626,25.03749523944255,0],[121.48035911799847,25.03749265198222,0],[121.48036905017958,25.037489991571643,0],[121.48037895852595,25.03748725837603,0],[121.48038884239439,25.03748445257863,0],[121.48040853412458,25.037478623902597,0],[121.48041834070987,25.037475601408524,0],[121.48042812026426,25.037472507063704,0],[121.4804378721447,25.037469341078513,0],[121.4804475957278,25.037466103645187,0],[121.48046695546945,25.03745941530238,0],[121.4804957671327,25.03744885238747,0],[121.48051481566836,25.03744145949553,0],[121.48053373104337,25.037433788081433,0],[121.48054313725899,25.03742984854445,0],[121.48056184370066,25.037421763087362,0],[121.48058040479849,25.03741340421518,0],[121.4805988157076,25.037404774087985,0],[121.48060796336213,25.037400358006277,0],[121.48067698619766,25.037366440926288,0],[121.4807440049812,25.037329336259063,0],[121.48078942097047,25.037301702572105,0],[121.48083382934303,25.037272741448792,0],[121.48082665292654,25.037272773116534,0],[121.48086398484494,25.037247681555087,0],[121.48088049872321,25.03723559466631,0],[121.48088869248416,25.03722948019571,0],[121.48090495200087,25.03721711040977,0],[121.48091301712495,25.037210855593642,0],[121.48092901646574,25.03719820734983,0],[121.48093695004093,25.037191814430436,0],[121.48095268345146,25.037178892276177,0],[121.48096823642365,25.037165790080227,0],[121.4809912221576,25.037145803792452,0],[121.48099879117575,25.037139053956075,0],[121.48100631324915,25.037132260701448,0],[121.48102121535833,25.037118545026004,0],[121.48102859479226,25.03711162314038,0],[121.4810359260979,25.037104658933945,0],[121.4810359260979,25.037104658933945,0],[121.48105539415721,25.03708577325364,0],[121.48107058296034,25.03706899015791,0],[121.48109641540945,25.03704255274707,0],[121.48113471290829,25.0369984408591,0],[121.48116876889206,25.036955668512075,0],[121.48121391565502,25.03689409351581,0],[121.48125518935814,25.036830302119736,0]]}},{"type":"Feature","properties":{"cadgeom_type":"CADLWPolyline","thickness":0,"color":"#00FF00FF"},"geometry":{"type":"LineString","coordinates":[[121.40359400001529,24.969341358904614,0],[121.40374606130369,24.969342791663884,0],[121.40374635548844,24.969407770772268,0],[121.4038437857728,24.969408727713482,0],[121.40404884030609,24.969410726412878,0],[121.40409144047415,24.969411315010802,0],[121.40423411493065,24.96941239031542,0],[121.40427581234418,24.969412529897728,0],[121.40434597462924,24.969412673425428,0],[121.4044211595062,24.969412823472986,0],[121.40466132847531,24.96941329734327,0],[121.40470051001442,24.969413380446184,0],[121.40489822080498,24.96941394438372,0],[121.40514647729948,24.969425787686475,0],[121.40535895996781,24.969435918705397,0],[121.4055916470264,24.969446852071094,0],[121.405662612314,24.969450242969067,0],[121.40569381556375,24.969451728869473,0],[121.40573751018584,24.969453812710725,0],[121.4058616335735,24.96945972729496,0],[121.40591752859802,24.96946239546929,0],[121.40662750241341,24.969506466328042,0],[121.40666168185132,24.969509442586308,0],[121.40680641731124,24.969522788253315,0],[121.40760624202892,24.969596528614733,0],[121.40762931698748,24.969597605938976,0],[121.40765235850989,24.969599048174747,0],[121.4076753521546,24.96960102591832,0],[121.4077097201028,24.969604993698002,0],[121.40789656661033,24.969629724996704,0],[121.4088013149674,24.969750326104865,0],[121.40892569826745,24.96976689449859,0],[121.40947562093909,24.969882705499188,0],[121.40973542366484,24.969937415362566,0],[121.40985358519326,24.969962297078563,0],[121.40994678231345,24.969979510209917,0],[121.41033117709848,24.970050506163055,0],[121.4106474760081,24.97010892259863,0],[121.41075235770874,24.970128296865738,0],[121.4108635455762,24.97014977530014,0],[121.41097570528767,24.970175441850515,0],[121.41098567925944,24.97013626335952,0],[121.41123055427201,24.970188062512264,0],[121.41161248124855,24.9702763238188,0],[121.41195253598126,24.97035351397364,0],[121.4122786105694,24.970432015043944,0],[121.41256178715935,24.970503772784653,0],[121.41270662194451,24.97054045951082,0],[121.41291601241556,24.97059466247988,0],[121.41312837436013,24.970651827206794,0],[121.41333875410427,24.970708536689695,0],[121.4135311817943,24.970760628121248,0],[121.41374789973119,24.970821697765018,0],[121.41393962908528,24.970872183573718,0],[121.41403761148142,24.970898345892888,0],[121.41410333195354,24.970916501743456,0],[121.4141155073894,24.970920064488748,0],[121.4141675079183,24.97093528073862,0],[121.41421905888504,24.97095136076043,0],[121.41428767140022,24.970976476086612,0],[121.41432817211818,24.970994726877418,0],[121.4143597998876,24.971010429295397,0],[121.41438614374694,24.971024674805644,0],[121.41441872926923,24.9710424420179,0],[121.4144549383682,24.971062736078526,0],[121.41449155434165,24.971083263732336,0],[121.41452235224992,24.971099582347417,0],[121.41456510790255,24.971122747198873,0],[121.41460894084058,24.9711452228898,0],[121.41465301477506,24.971165720706495,0],[121.4147054135167,24.971187739155855,0],[121.41475827399574,24.971208627767208,0],[121.41480594070421,24.971225404912897,0],[121.41486022035222,24.971244176919914,0],[121.41490927990176,24.9712598487029,0],[121.41496853936027,24.97127798384235,0],[121.41504252016155,24.97130007744203,0],[121.41512553930006,24.97132380700488,0],[121.41525352666882,24.971357035238437,0],[121.41534301605064,24.97138448433421,0],[121.41540783542018,24.97140658525115,0],[121.41551352468952,24.971435848865767,0],[121.41568273273863,24.971483298565143,0],[121.41591506461903,24.971554523939503,0],[121.41596298982594,24.97156918716484,0],[121.41599541269824,24.971579711667758,0],[121.41603061741203,24.971591139149638,0],[121.41615000857918,24.971631022759627,0],[121.41617835074906,24.97163955650058,0],[121.41627957328964,24.97167170303983,0],[121.41639786450831,24.97171070839429,0],[121.41650419985228,24.971749331800577,0],[121.41658721720353,24.97177824276855,0],[121.41669784174445,24.97181994169922,0],[121.41683526599519,24.971866982474737,0],[121.41699955576503,24.97193299751129,0],[121.41714911048823,24.971989303488662,0],[121.4172909213998,24.97204474588773,0],[121.41732224356201,24.972057854302584,0],[121.41742857761567,24.972101393674592,0],[121.41766557356758,24.972200075660222,0],[121.4176849019731,24.972208291222437,0],[121.41773047069424,24.97222772391264,0],[121.41781089120057,24.972262023957615,0],[121.4178732687577,24.9722923467202,0],[121.41793730560397,24.972320019156832,0],[121.41801660158349,24.972355385942674,0],[121.41809492925292,24.972388498339765,0],[121.41822593942175,24.97245103929452,0],[121.41829981468088,24.97248548221542,0],[121.41843378198374,24.972546687521707,0],[121.4186669335935,24.972657765807114,0],[121.4186860209581,24.972668491903043,0],[121.41870879129534,24.972678611712727,0],[121.41872553388305,24.972688558908867,0],[121.41878167930986,24.972717215225867,0],[121.41884094879613,24.972745093879034,0],[121.41888338853363,24.972768159049107,0],[121.41901676882986,24.97283425879046,0],[121.41909855449981,24.972879287249395,0],[121.41919476184404,24.972930342046826,0],[121.41921116641224,24.97293840226227,0],[121.41924994208995,24.972964358989284,0],[121.41932675813952,24.9730042190943,0],[121.41935437612298,24.973016013448504,0],[121.41975011547684,24.973239317346557,0],[121.4198188388043,24.973275340899452,0],[121.4199369578099,24.973346300217493,0],[121.41998233508784,24.973375021207556,0],[121.42008869308331,24.97344290253815,0],[121.42010947525658,24.97345235065097,0],[121.42030256222793,24.973571059917713,0],[121.4205690521821,24.973733366689878,0],[121.4207802363235,24.97387262668037,0],[121.4208563757189,24.97391749405721,0],[121.42097837079986,24.973992529958736,0],[121.42112491889547,24.974082732708677,0],[121.42122265235523,24.97414513939823,0],[121.4213104591253,24.97420036129132,0],[121.42134668633162,24.97422314464044,0],[121.42145987701316,24.974295962142676,0],[121.42156903067105,24.97436412338049,0],[121.42166876077684,24.97442810406093,0],[121.42178305058528,24.974497821506887,0],[121.42189021814103,24.97456436304475,0],[121.42199043294187,24.974628062255135,0],[121.42210534724187,24.974700720888848,0],[121.42221738259775,24.974771410409062,0],[121.42235248718153,24.974856921988156,0],[121.42246996046654,24.974930502984048,0],[121.42258128144331,24.97499780865597,0],[121.42270976142062,24.975080756626838,0],[121.4228381133365,24.97516675639752,0],[121.422933852555,24.975227668911053,0],[121.42300333016155,24.975269949443618,0],[121.42308429443429,24.975320544279832,0],[121.42317188720847,24.97537710108564,0],[121.42362528841068,24.975665980147742,0],[121.42373688994505,24.97573838654055,0],[121.42393362172326,24.975859688337838,0],[121.42426278700432,24.97607966234484,0],[121.42429231753012,24.976101146673578,0],[121.42447066257951,24.976225101724918,0],[121.42455478754005,24.976283843393404,0],[121.42462411191376,24.976329017253825,0],[121.4247079820164,24.976385142541908,0],[121.42486299236025,24.97649261938979,0],[121.42493238638225,24.97654277963973,0],[121.42499320844702,24.97658790074242,0],[121.42506362885952,24.97663317497788,0],[121.42512111269234,24.976675299151466,0],[121.42517199883922,24.9767113390492,0],[121.42547632366905,24.976935579924596,0],[121.42557163468368,24.97700961358841,0],[121.42558740603606,24.97702129672991,0],[121.42600105255566,24.9773284246494,0],[121.42608223132837,24.977391200460623,0],[121.42621987259147,24.977501821379303,0],[121.4262564223781,24.977530769627045,0],[121.42640844203736,24.97765122248494,0],[121.42650495691122,24.977729193809452,0],[121.42654738835559,24.97776329828306,0],[121.42658683042546,24.97779500000471,0],[121.42664848086604,24.977844551739032,0],[121.42674173283524,24.977921223160912,0],[121.42677023883037,24.977944073186148,0],[121.42683521659487,24.97799901336038,0],[121.42688790245836,24.978042495797528,0],[121.42693057588431,24.97807778219892,0],[121.42700301838964,24.97814024850232,0],[121.42716328458805,24.978273370622883,0],[121.42743554700886,24.97850691721168,0],[121.42761522655054,24.97866542467927,0],[121.42779645799455,24.97882574213907,0],[121.42804063065562,24.979044534898065,0],[121.42809639705239,24.97909960409212,0],[121.42821382206108,24.979202865443025,0],[121.42835209037995,24.979326985160643,0],[121.42850323100116,24.979462083790242,0],[121.42862711054819,24.979571729780737,0],[121.42868813079586,24.979627223266608,0],[121.42887947073451,24.979799689345363,0],[121.42897008618019,24.97988073658756,0],[121.42910167517358,24.97999776057534,0],[121.42920973855097,24.980094448452434,0],[121.42924564995882,24.980126821295745,0],[121.42947479426003,24.980334782311427,0],[121.42958658792003,24.980436578977354,0],[121.42964691927718,24.980493373050304,0],[121.42968926518661,24.980530853440296,0],[121.42975377337326,24.980589567454285,0],[121.42980573761709,24.980635705207803,0],[121.42986755051655,24.980694074851925,0],[121.42992728396445,24.980749760059684,0],[121.42999234130043,24.980809664107845,0],[121.43006467016514,24.980878421877772,0],[121.43014227203602,24.980953845271234,0],[121.43033974879292,24.981143797423137,0],[121.43041554399207,24.98122084194644,0],[121.43046367880837,24.981267947528067,0],[121.4305400774258,24.981347563288388,0],[121.4306671963479,24.981482808727165,0],[121.43079486718456,24.981617176715325,0],[121.43094696077895,24.981784553347637,0],[121.43108215894011,24.98193560152535,0],[121.43111299592235,24.981970252873975,0],[121.43117195742609,24.98203715286896,0],[121.43122239705515,24.982094552737383,0],[121.43133163441354,24.982222951810897,0],[121.43145427101199,24.982367571815725,0],[121.43157993564684,24.98252260603423,0],[121.43167338278549,24.98263910626866,0],[121.43177881114713,24.982771371099258,0],[121.4318732032151,24.982894558382988,0],[121.43198115001806,24.983035916216455,0],[121.43208742483195,24.9831801265474,0],[121.43215729516535,24.983279239488333,0],[121.43227454536894,24.983446553345264,0],[121.43240418363766,24.9836325827586,0],[121.43251925932123,24.9838067009869,0],[121.43258000070654,24.983897727691605,0],[121.43270622935047,24.98409560726135,0],[121.43286375996884,24.984348770356508,0],[121.43295377899283,24.984498232757886,0],[121.43306134117553,24.98468173466626,0],[121.43309370765502,24.984739809395847,0],[121.433133420084,24.984800798201032,0],[121.43329011929872,24.985084420403467,0],[121.43338966029195,24.98527270119145,0],[121.43341376785352,24.985330920133876,0],[121.43359377315079,24.985687291482535,0],[121.43370286738305,24.98591755742699,0],[121.4338740709507,24.986301390450947,0],[121.43394335604106,24.986468369548046,0],[121.43399765831562,24.986591520893302,0],[121.43403653982823,24.986689417977292,0],[121.43419022824747,24.98709084529872,0],[121.43425755084033,24.987263513715263,0],[121.43433454181817,24.987476360961356,0],[121.43437922539171,24.987606090152543,0],[121.43445814709047,24.9878295546562,0],[121.43452457333977,24.988005343940333,0],[121.4346106122604,24.988277420079516,0],[121.43466713621844,24.988468603488663,0],[121.43468233758526,24.988520019615653,0],[121.43469057764084,24.98854789023132,0],[121.43473734545017,24.98873364767145,0],[121.43473976868738,24.98874421093907,0],[121.4347557533052,24.988806782890315,0],[121.43476709265744,24.988851825274903,0],[121.43482729215054,24.98912814564482,0],[121.43487663714986,24.989380098534344,0],[121.43489025148455,24.98947022433747,0],[121.43489261722677,24.989485885346756,0],[121.43493289483548,24.989752518986325,0],[121.43495681904713,24.98995427841363,0],[121.43496690528758,24.99003933822719,0],[121.43497573203942,24.99015212188806,0],[121.43498798408864,24.990308671843135,0],[121.4349943765463,24.99044644935716,0],[121.434996276497,24.990467213377595,0],[121.4350000013481,24.990573516996704,0],[121.43500309396775,24.990638037596963,0],[121.43500521362934,24.990674655876873,0],[121.43500725104636,24.990709718584615,0],[121.43501050234718,24.99083188770848,0],[121.43501289150709,24.990912971927212,0],[121.43501547899054,24.991011793969538,0],[121.43501945147393,24.991124176406313,0],[121.43501868031869,24.991215850920856,0],[121.43502202111073,24.99127897478029,0],[121.43502492370722,24.99133381892737,0],[121.43502517869852,24.991342103323067,0],[121.43503207556,24.99156617447705,0],[121.43503405454668,24.991591757992317,0],[121.435040096473,24.991850811888863,0],[121.43504728608134,24.992038695923313,0],[121.43505086909349,24.992124618074865,0],[121.43505709884559,24.992352865287636,0],[121.4350691806614,24.99281816334196,0],[121.43507832092317,24.993168582732363,0],[121.43508041955675,24.99324467204108,0],[121.43509030273896,24.993603000934826,0],[121.43510483415432,24.994125961800574,0],[121.43510886015267,24.99426805517477,0],[121.43510676547187,24.994289295676392,0],[121.43511318668308,24.994557144212926,0],[121.43512332572311,24.99482301371444,0],[121.43512442178157,24.99488545889022,0],[121.43512738898208,24.995159469966314,0],[121.43512973121835,24.99519446552518,0],[121.43513212678796,24.995205220157292,0],[121.4351472122346,24.995822111387046,0],[121.43514790836021,24.995896324923798,0],[121.43515244305704,24.996019943849344,0],[121.435158561266,24.996175834508996,0],[121.43516120028488,24.99628665720293,0],[121.43516695485349,24.996500148710563,0],[121.43516758240035,24.996537695235123,0],[121.4351685530129,24.99659507481428,0],[121.43517043107023,24.996706099463395,0],[121.43517624337967,24.99696595657887,0],[121.43518256702377,24.997158398310614,0],[121.43518647016921,24.997343513896322,0],[121.43518951956378,24.997457610058543,0],[121.43520315956465,24.99794495484584,0],[121.43520675634873,24.99806328618625,0],[121.4352068160668,24.99812805443611,0],[121.43521232570228,24.998229759231492,0],[121.43521605142116,24.998353036552228,0],[121.43521864426361,24.99844725598123,0],[121.43522538973345,24.99861147912719,0],[121.4352275568496,24.9986611731149,0],[121.43522950623982,24.998705784853787,0],[121.43523222504766,24.998825194504526,0],[121.43523890280525,24.998971593168427,0],[121.43524781304205,24.999203384581257,0],[121.43525436888639,24.99936301132536,0],[121.4352593537638,24.999537882288294,0],[121.43526865744653,24.999760409582404,0],[121.43527734735335,24.99993805941252,0],[121.43528020987472,24.99999415235922,0],[121.43528384148429,25.000043589261303,0],[121.43528646054871,25.000106499220895,0],[121.43529166856136,25.000192838847504,0],[121.43529612515339,25.000271163617818,0],[121.4353081367747,25.000466499011758,0],[121.4353200453593,25.00065507256902,0],[121.43536336575232,25.001306773729407,0],[121.43537545277196,25.00148970410447,0],[121.43538746471314,25.001640209806865,0],[121.43539794372593,25.00177150808355,0],[121.43541155101786,25.001925670921242,0],[121.43542195321683,25.002055713842275,0],[121.43542658878826,25.002113665265174,0],[121.43548051343889,25.002787797817557,0],[121.43548659035679,25.00287042426544,0],[121.43549878615259,25.002999798927107,0],[121.43551977987933,25.003188336771306,0],[121.43553820452487,25.00336190432945,0],[121.43555344543857,25.00354286627866,0],[121.43557386463927,25.003767897803996,0],[121.43559491609072,25.003989587030127,0],[121.43560662534652,25.004025873224155,0],[121.43562552494389,25.00406997484427,0],[121.43565778094053,25.004132345827752,0],[121.43570331995565,25.004215596976856,0],[121.43575616486496,25.00430569717409,0],[121.43579637185533,25.004371485300517,0],[121.43581899824218,25.004413237667766,0],[121.43583130859493,25.004444802852852,0],[121.43585314273173,25.004538142191,0],[121.43587112259958,25.004655182950806,0],[121.4358892154797,25.004799302689047,0],[121.43589328590808,25.004831938587373,0],[121.43592028101479,25.005104691184936,0],[121.43592284302231,25.005181252625132,0],[121.43593850602609,25.005329991574328,0],[121.43596461748845,25.00557314396554,0],[121.435990856058,25.00585508114558,0],[121.43602250102876,25.00617544456156,0],[121.4360478693674,25.00644372458201,0],[121.43607026697781,25.0066590628727,0],[121.4360978708173,25.006951531900345,0],[121.43611762526112,25.007156179494796,0],[121.43616728523887,25.007634447452684,0],[121.43618808124475,25.007822561320822,0],[121.43621138353855,25.00801338531914,0],[121.43623241151113,25.008168960844607,0],[121.43625471468532,25.00835176168376,0],[121.4362861988038,25.008570097673775,0],[121.43632837641071,25.008851058003355,0],[121.43635720776409,25.009033550752438,0],[121.4364095172099,25.00938072122788,0],[121.43643175587886,25.0094885483046,0],[121.43644114031399,25.009534049897763,0],[121.43644716665165,25.00956326932157,0],[121.4365144603747,25.009914277881734,0],[121.43654170460822,25.01005683446115,0],[121.43657401996428,25.010212954559492,0],[121.43661423890059,25.010399133407056,0],[121.43664950589995,25.01056337922263,0],[121.43668425440384,25.01072386178832,0],[121.4367209389537,25.010874263185066,0],[121.43674576360371,25.010979666739686,0],[121.43676658697339,25.011068567031344,0],[121.43679263089652,25.011171934828596,0],[121.43681209775981,25.011246589251765,0],[121.43687592727017,25.011499985809458,0],[121.43690987338141,25.011632338786352,0],[121.4369594805548,25.011814246658844,0],[121.43699655846197,25.01194682513941,0],[121.4369979934525,25.011951966995614,0],[121.43700948309677,25.01199304764679,0],[121.43705781080537,25.012166084515925,0],[121.43711257413354,25.01235743871686,0],[121.43715810598742,25.01251866584953,0],[121.43721557632337,25.012702157510734,0],[121.43727336320302,25.012882659879388,0],[121.43731423218252,25.013011236644008,0],[121.43735557434798,25.013136318090535,0],[121.4373978382278,25.013258661267948,0],[121.43744517610018,25.013397781630683,0],[121.43744651659674,25.013401732355828,0],[121.43757410529811,25.0137766963836,0],[121.43760051299353,25.013854304788545,0],[121.43760285469992,25.013861186720487,0],[121.43774955607623,25.014265122398058,0],[121.4377692495398,25.01432277492698,0],[121.43777521509863,25.01434023906305,0],[121.43779158613371,25.01438028507855,0],[121.43784173228795,25.014503941066376,0],[121.43788192624783,25.014615068122907,0],[121.43791187920618,25.01468758862689,0],[121.43799828046241,25.01490380821854,0],[121.43814280027367,25.01526002318882,0],[121.43821270525966,25.015428824970442,0],[121.43827216021137,25.015576044020985,0],[121.4384221826618,25.015943338100215,0],[121.43847860657269,25.0160827150361,0],[121.43862273677954,25.016436119262096,0],[121.43870109870623,25.01662557941235,0],[121.43882536895873,25.016938852065458,0],[121.4388932795284,25.017109197803844,0],[121.43897950300763,25.01731017291887,0],[121.43905829468149,25.017503143544083,0],[121.43924767076955,25.01796478250709,0],[121.43928529326047,25.018053378240793,0],[121.4393197106616,25.01813592962187,0],[121.43934106718483,25.018195122494202,0],[121.43934054472459,25.018309818440002,0],[121.4393398057008,25.01836459038204,0],[121.43933820364383,25.01848794725765,0],[121.43933872776512,25.01857396628932,0],[121.43934089172772,25.018647467405287,0],[121.4393486222975,25.018698192008653,0],[121.43935627086836,25.018742579065343,0],[121.43937249539499,25.01879125625236,0],[121.43938817231118,25.018833615323793,0],[121.4394161810772,25.018897154189542,0],[121.43944970507863,25.018981929102377,0],[121.43948259658274,25.019067148256994,0],[121.43952167186782,25.01914986637107,0],[121.4395561922131,25.019241716409155,0],[121.43959889098979,25.019340277284265,0],[121.43964217868813,25.019442817834193,0],[121.43970247547172,25.019574983717888,0],[121.43972203466974,25.019625409129894,0],[121.43985229482618,25.01993550552112,0],[121.43999728443244,25.02024939940704,0],[121.44016928595009,25.02058715172897,0],[121.44020460290265,25.020657744677415,0],[121.4402891477357,25.020826735926352,0],[121.44037392573469,25.020993427961457,0],[121.4404537309337,25.021149812497953,0],[121.44050909702247,25.02125476360994,0],[121.44060551213053,25.02143699167138,0],[121.44069298819673,25.021596477081342,0],[121.4407423089969,25.021687118288256,0],[121.44085107132072,25.02188061285276,0],[121.4408906642118,25.02195515851585,0],[121.44101440963355,25.022171124801613,0],[121.44113696913777,25.022382291499397,0],[121.44119539259678,25.022474853748705,0],[121.44126622678364,25.022590567242432,0],[121.44139874804179,25.022808069002522,0],[121.44147302289225,25.022927354493305,0],[121.44168472996945,25.023260028044227,0],[121.44180994365824,25.02344805604781,0],[121.44183576236183,25.02348634695414,0],[121.44208811369467,25.023860599751185,0],[121.44222427419145,25.024055961817332,0],[121.44273129405819,25.024756121656832,0],[121.44305711658964,25.025175973692896,0],[121.44329969755765,25.025481061934116,0],[121.44346224268558,25.025680244270927,0],[121.44354905382485,25.025783551361435,0],[121.44374953821358,25.02601793838182,0],[121.4438003077854,25.026074971281734,0],[121.44461682432923,25.02698042456569,0],[121.44465562930978,25.027025637829816,0],[121.44486698756472,25.027250415210034,0],[121.44493268855003,25.027321260819377,0],[121.4450370276021,25.027433769764613,0],[121.44504961879062,25.027448321092233,0],[121.44520748341778,25.02760680794512,0],[121.44527446198228,25.02767319919771,0],[121.44534837482263,25.02774588556114,0],[121.44545441004578,25.02784911721381,0],[121.44563360623536,25.02802083743619,0],[121.44577824471683,25.028156994293653,0],[121.44598777368529,25.028350473925435,0],[121.4464735020404,25.02879873034321,0],[121.44648084178472,25.028801134719686,0],[121.44648278251496,25.028805059558668,0],[121.44648365920297,25.028806832530034,0],[121.4464773466358,25.028820375691314,0],[121.446460268617,25.02884642812046,0],[121.44668549324602,25.028948546189714,0],[121.44713602859903,25.02918774514345,0],[121.44720174615912,25.029234237621374,0],[121.44738665913476,25.02937635693773,0],[121.44739048631656,25.02937192149373,0],[121.44743634951335,25.029386734086344,0],[121.44743052694731,25.02939328800835,0],[121.44756415171408,25.02951582830545,0],[121.44766808789353,25.029614024787833,0],[121.44769804095624,25.029642323700887,0],[121.44784026847562,25.029769368707196,0],[121.44790066083354,25.02982574882121,0],[121.44793845111343,25.029861028415993,0],[121.44794009177305,25.029859437006632,0],[121.44823557675414,25.03012507845609,0],[121.44896098272098,25.030795126320946,0],[121.44917844304814,25.030992195141057,0],[121.44933779308694,25.031136597472216,0],[121.44965960619413,25.031428236055024,0],[121.4496553874146,25.03143105006369,0],[121.45003238494475,25.031777653491787,0],[121.45015152619094,25.03188699390561,0],[121.45025512375304,25.03198106051679,0],[121.45040498268924,25.03211450865156,0],[121.45058739613248,25.032283049099277,0],[121.45062138783538,25.03231128355132,0],[121.45074056812055,25.03240797536311,0],[121.45077925451507,25.032437208626597,0],[121.45083076923072,25.032474176174567,0],[121.45092510884662,25.03253470367533,0],[121.45104656955311,25.03261129116195,0],[121.4510900852143,25.032636095182614,0],[121.4512098294694,25.03269283248042,0],[121.4512369263854,25.03270567153727,0],[121.45128385563403,25.0327268408111,0],[121.45132307686693,25.032744533065745,0],[121.45136758932794,25.032764950914125,0],[121.45159934508,25.032869595296454,0],[121.45172635257238,25.032926256496516,0],[121.45178880493432,25.032953758156307,0],[121.45205148599857,25.03306943254358,0],[121.4520925202774,25.033087919228187,0],[121.45211966564369,25.03309892644162,0],[121.45247759891733,25.033253637442762,0],[121.45259576011357,25.033313648952827,0],[121.45261076149315,25.033321376513175,0],[121.45268494195395,25.033350826142147,0],[121.45269573131087,25.033354825726818,0],[121.45275224460183,25.033379471541725,0],[121.45290734193131,25.033435690365106,0],[121.45292062556277,25.033439775751926,0],[121.4530139850795,25.033473094013225,0],[121.45313918989231,25.033518856662848,0],[121.45323225105611,25.03356004682151,0],[121.45370126720077,25.03376637172523,0],[121.45374639876798,25.033783685369126,0],[121.45378749905304,25.033804189220305,0],[121.45404925733978,25.033911184584188,0],[121.45416741876187,25.03396438062325,0],[121.45432932626048,25.034039875276626,0],[121.45445586969235,25.034086618564356,0],[121.45464031565828,25.034167284983326,0],[121.45467995966747,25.034182448369396,0],[121.45485267701714,25.0342674164939,0],[121.45488559353721,25.034285525537502,0],[121.45501730252879,25.034361509571767,0],[121.45509901417348,25.034409442640985,0],[121.4551696996495,25.034453123969698,0],[121.45520699790079,25.034476173051434,0],[121.45521128646345,25.034478823239695,0],[121.45540712806978,25.034608021037744,0],[121.45554543850116,25.034713813391438,0],[121.4556114228832,25.034757437206245,0],[121.45564142362329,25.034777382499207,0],[121.45567270381969,25.03479795140888,0],[121.45572988805527,25.0348396704963,0],[121.45577762667656,25.03487044552688,0],[121.45604592455105,25.035057778222587,0],[121.45622498071288,25.03517611138303,0],[121.45632315477286,25.035237905609403,0],[121.45648085543763,25.035342572203152,0],[121.4566254874183,25.03543966804744,0],[121.45682044265632,25.03556686240628,0],[121.45708155348551,25.035742321535817,0],[121.45716734572665,25.03579687121254,0],[121.45721102816576,25.035826592926732,0],[121.4573490330419,25.035913335089,0],[121.45747419278953,25.03600206674453,0],[121.45762040924663,25.036095789215874,0],[121.4577764477018,25.0361978955216,0],[121.45789677538372,25.036274146733465,0],[121.45803636578131,25.036360621539366,0],[121.45820177747306,25.03646221097597,0],[121.4583954110507,25.036582211853446,0],[121.45849628183993,25.03664643389021,0],[121.45857981994972,25.036694431588785,0],[121.45868571144614,25.03674434643696,0],[121.45893096244788,25.03688491590098,0],[121.45904223261432,25.036952779898876,0],[121.45927735867265,25.03708321435749,0],[121.45945997338612,25.0371762537023,0],[121.4599968401649,25.03748484514051,0],[121.46002679203204,25.037501398967425,0],[121.46005322375527,25.037516061465897,0],[121.46011892821329,25.037554128358313,0],[121.4602956037122,25.03765654723559,0],[121.46034341115667,25.037683925965855,0],[121.46048723053917,25.037766205282313,0],[121.46054755472665,25.03780438796327,0],[121.46057833345289,25.03782274610308,0],[121.46108959919076,25.03813136771162,0],[121.4611469913574,25.03816713969769,0],[121.461409664272,25.03834893484501,0],[121.46146888802139,25.03839041050258,0],[121.46149253933991,25.038406974011895,0],[121.46153803320125,25.038438268721624,0],[121.46168897510172,25.0385405852665,0],[121.46174764453777,25.03858390960463,0],[121.46183847767674,25.038644838150596,0],[121.46193327669219,25.038711559408945,0],[121.4620014124899,25.03876344901051,0],[121.46204688499965,25.03879955562816,0],[121.46211169723354,25.03885569874045,0],[121.462166965082,25.03890620183398,0],[121.46231117992122,25.03902982701788,0],[121.46235475305384,25.039072051501737,0],[121.46239420695053,25.039109846943223,0],[121.4625298916622,25.03923394082953,0],[121.46256634605999,25.03926991284658,0],[121.46264046061738,25.039333372614312,0],[121.46268720405695,25.039374994324366,0],[121.46274350066247,25.03942751629567,0],[121.46280957548271,25.039487203220336,0],[121.46287038732989,25.03953344554592,0],[121.46291193315321,25.03956085196176,0],[121.46298811538418,25.03960449138799,0],[121.46304437246229,25.039638505668965,0],[121.46316313305142,25.039702090904616,0],[121.46323759924078,25.039745248029348,0],[121.46327757079459,25.039770348043557,0],[121.46334251578189,25.03980614977824,0],[121.46338796768283,25.039831047078156,0],[121.46348974598328,25.039889520433377,0],[121.46357246478621,25.03993811917804,0],[121.4637560486429,25.040036548929503,0],[121.46384635608678,25.04008463059765,0],[121.46442804394128,25.040369800400825,0],[121.46491053951189,25.04059241612694,0],[121.4654885095359,25.040855654171967,0],[121.4660260419621,25.04109467400116,0],[121.46626810742957,25.04119943692586,0],[121.46627036787812,25.041201334446193,0],[121.46627670072536,25.04121230674173,0],[121.46628667513767,25.04124109888221,0],[121.46639996153813,25.04129345902865,0],[121.46698023603251,25.04155663937277,0],[121.46731689581084,25.041715442137907,0],[121.46801778998442,25.041991880460227,0],[121.46984911092102,25.042763423048918,0],[121.4707889175507,25.043150896810477,0],[121.47087659172449,25.04318704748908,0],[121.47104293753043,25.043255630555677,0],[121.47110043701333,25.043279210292955,0],[121.47235638807996,25.04380959771032,0],[121.47284611965328,25.044016454290972,0],[121.47296291197203,25.044065728227952,0],[121.47301292579408,25.044088176043182,0],[121.47318599497073,25.04416503152003,0],[121.47354815813169,25.04432623949938,0],[121.47387666902058,25.044472476947124,0],[121.47439843057043,25.04468574447419,0],[121.47567398547434,25.045228292525753,0],[121.47618908777287,25.045449167103023,0],[121.47707968181093,25.045826342839582,0],[121.47715545951412,25.04585843512025,0],[121.47759062854121,25.04606214675858,0],[121.47759963099324,25.046066853447897,0],[121.47760862388171,25.046071575289524,0],[121.47761760716683,25.046076312256485,0],[121.47762658083877,25.04608106434882,0],[121.47763554483797,25.04608583154867,0],[121.47764449916427,25.046090613828948,0],[121.47766237861978,25.046100223586237,0],[121.47767130368936,25.046105051018305,0],[121.47768021894719,25.04610989348611,0],[121.47768912437324,25.04611475094459,0],[121.47770690557148,25.046124510825035,0],[121.47772464704575,25.046134330515972,0],[121.47774234854775,25.046144209891825,0],[121.47776000984906,25.046154148808874,0],[121.47777763069152,25.0461641471416,0],[121.47778642586367,25.046169168538295,0],[121.47779547259168,25.04617435627211,0],[121.47780450851909,25.04617955958653,0],[121.47781353363591,25.046184778472544,0],[121.47782254788262,25.046190012903292,0],[121.47784054369606,25.04620052833597,0],[121.47784952518336,25.04620580930204,0],[121.47785849569128,25.04621110574097,0],[121.47786745518006,25.04621641763482,0],[121.47787640361992,25.04622174495662,0],[121.47788534098105,25.046227087697417,0],[121.47789426722376,25.046232445839298,0],[121.47790318232812,25.046237819355248,0],[121.47791208624452,25.046243208227363,0],[121.47792097896297,25.046248612437626,0],[121.47792986043386,25.04625403196814,0]]}},{"type":"Feature","properties":{"Layer":"PL_RV","SubClasses":"AcDbEntity:AcDbPolyline","EntityHandle":"2CE"},"geometry":{"type":"LineString","coordinates":[[121.40359400001529,24.969341358904614],[121.40345080318978,24.96934271429353],[121.40332719278535,24.969342993699467],[121.4031602431674,24.96934498967142],[121.40291593688589,24.969345641941857],[121.40274316389025,24.969347743487063],[121.40254922149333,24.969348620050962],[121.40230771924207,24.969349624873626],[121.40227326578774,24.9693506930145],[121.40222214002507,24.96935070473667],[121.40205420664894,24.969351718044095],[121.4018418227402,24.969352670566742],[121.40178116648934,24.969351886285036],[121.40152849822556,24.96935353901033],[121.40042341589887,24.969350769143112],[121.39975196782169,24.969338605346437],[121.3990639876318,24.96932007400336],[121.39832640057672,24.969290296564484],[121.39767403454245,24.96925574665893],[121.39711040073249,24.969221092691193],[121.39685426677178,24.96919945501691],[121.39664574954287,24.969189053021122],[121.39627323005675,24.969117945003514],[121.3962628460049,24.969112740916096],[121.39625242856883,24.969107592568598],[121.39624197810855,24.969102500138952],[121.39623149498529,24.969097463803195],[121.3962209795614,24.969092483735366],[121.39621043220033,24.969087560107646],[121.39619985326668,24.96908269309018],[121.39618924312607,24.969077882851213],[121.39617996620626,24.969073734931367],[121.39617066608136,24.969069630417582],[121.39616134299581,24.969065569417733],[121.39615199719465,24.969061552038536],[121.39614262892343,24.969057578385563],[121.3961332384284,24.96905364856324],[121.39612382595635,24.969049762674864],[121.39611439175462,24.969045920822538],[121.39610493607118,24.969042123107236],[121.39609545915451,24.969038369628777],[121.39608596125362,24.969034660485786],[121.39607644261821,24.969030995775732],[121.39606690349838,24.969027375594948],[121.39605734414484,24.969023800038563],[121.3960477648088,24.96902026920053],[121.39603816574203,24.969016783173668],[121.39602854719678,24.969013342049582],[121.39601890942583,24.969009945918696],[121.39600925268248,24.969006594870272],[121.39599957722051,24.96900328899236],[121.3959898832942,24.969000028371866],[121.3959801711583,24.96899681309446],[121.39597044106804,24.96899364324465],[121.39596069327918,24.968990518905738],[121.39595092804784,24.968987440159836],[121.39594114563066,24.968984407087856],[121.39593134628477,24.968981419769495],[121.39592153026766,24.96897847828328],[121.3959116978373,24.96897558270649],[121.39590184925213,24.968972733115244],[121.39589198477091,24.968969929584432],[121.39588210465296,24.968967172187714],[121.39587220915787,24.968964460997572],[121.39586229854575,24.968961796085235],[121.39585237307699,24.96895917752076],[121.3958424330125,24.96895660537296],[121.39583247861344,24.968954079709416],[121.3958225101415,24.968951600596526],[121.39581252785858,24.96894916809943],[121.39580253202708,24.968946782282043],[121.39579252290963,24.9689444432071],[121.39578250076931,24.968942150936044],[121.39577246586954,24.96893990552911],[121.39576241847396,24.968937707045338],[121.39575235884666,24.968935555542487],[121.39574228725203,24.968933451077092],[121.39573220395475,24.968931393704473],[121.39572210921978,24.9689293834787],[121.39571082346495,24.968927193981028],[121.39569952410014,24.96892506361001],[121.39568821149814,24.96892299243594],[121.39567688603216,24.96892098052715],[121.3956655480759,24.96891902795003],[121.39565419800334,24.968917134768965],[121.395642836189,24.96891530104644],[121.39563146300767,24.968913526842947],[121.39562007883461,24.968911812217016],[121.39560868404543,24.968910157225217],[121.39559728467883,24.968908562868133],[121.3954459862285,24.968893056334206],[121.39531395345378,24.968882166360178],[121.39524618102118,24.968876658458573],[121.39522516870464,24.968874953718892],[121.39474796409456,24.968836210291894],[121.39397862688871,24.968773745842665],[121.39390171060305,24.968767494117788],[121.3935560797491,24.968732231732467],[121.39310822493596,24.968705463225145],[121.39285308347759,24.968690210714428],[121.39256018004589,24.96867270094505],[121.39126360184596,24.96859519310979],[121.39114054848086,24.9685878333367],[121.3909268463053,24.968537791313473],[121.39057777958402,24.96846176801681],[121.39043199951773,24.96843975116398],[121.39004196512661,24.968353607000566],[121.38984644748317,24.968316033656087],[121.3894115451063,24.968230929712675],[121.38930461610032,24.968223071901477],[121.38929645517933,24.968241998469352],[121.3889967353514,24.9682138280604],[121.3888653472819,24.968201477476423],[121.38833583499262,24.96818408055498],[121.38800130680764,24.968188925078163],[121.38781604324595,24.968199690935023],[121.38745528328167,24.968237591913216],[121.38722898761576,24.96826135619932],[121.38714767046031,24.968272807867088],[121.38686999013547,24.968311899810075],[121.3868292127181,24.96831763940296],[121.38672462093623,24.968332356345847],[121.38659315108258,24.968350862656518],[121.38656551072847,24.96835475338289],[121.38642925810055,24.968268932040996],[121.38640189935217,24.968242477929653],[121.38637976349933,24.96824565013052],[121.3861204648852,24.968075191545168],[121.3860594784717,24.968130268757267],[121.38592423809088,24.96804490476326],[121.38597980457602,24.967982718335456],[121.38599995850171,24.967960158567802],[121.38600651015025,24.967920489339416],[121.38599344822184,24.9678860983345],[121.38596626339047,24.967858190134734],[121.38582085399406,24.96778305436541],[121.38578419670482,24.967747460516115],[121.38573784508166,24.967717960351106],[121.38571739936746,24.96770494781073],[121.38565234031807,24.96764815684714],[121.38559087061013,24.967643494931117],[121.38558900957138,24.96766604338902],[121.38556057705914,24.967689021783183],[121.38511158197079,24.967411949866612],[121.38497747811287,24.967307011418736],[121.38380920923066,24.966591823800574],[121.38355330046281,24.966439497892328],[121.38313287184289,24.966196101884282],[121.38304087260684,24.96608862097462],[121.38299537335472,24.966069758149025],[121.38300471968807,24.966050134678493],[121.3828258126905,24.965971462396773],[121.38249739376252,24.965770403393428],[121.38241973356408,24.965616964569385],[121.38225965961756,24.965529588669575],[121.38210440447573,24.965440831505177],[121.3819522398576,24.96534798217219],[121.38180321972736,24.9652509874026],[121.38170839016128,24.96518523533274],[121.38165807731737,24.96515009029161],[121.38156784773331,24.965091766739928],[121.3814783541372,24.965032508415778],[121.3813896081819,24.964972323035724],[121.38130162142279,24.964911218437095],[121.38121440531636,24.964849202576847],[121.38112797121866,24.96478628353059],[121.38104233038399,24.964722469491598],[121.38095145403031,24.964666927839737],[121.38086222534818,24.964609208948453],[121.380774707092,24.964549353412796],[121.38068896081293,24.964487403330423],[121.3806050468156,24.96442340227215],[121.38052302411572,24.96435739525118],[121.38044295039849,24.96428942869151],[121.38013107631144,24.964062734880912],[121.37880476373739,24.963065240151842],[121.37792033556823,24.96244770475518],[121.37719807444986,24.961963592756156],[121.37685864062448,24.96172178450872],[121.37672613811026,24.961624200634265],[121.37669169227307,24.96160082897396],[121.37648169904446,24.96144546585394],[121.37638878585398,24.961376914852316],[121.37596201029622,24.96105524617686],[121.37592541795992,24.961028449243962],[121.37545369200585,24.960665016094826],[121.37489796187221,24.960279159817624],[121.37466632662252,24.96013333353553],[121.37443159975506,24.959991675591024],[121.37420611390904,24.95981855593228],[121.37352221225166,24.959390161624473],[121.37346801358947,24.9593659706344],[121.37341876936932,24.95934332345854],[121.37331710589895,24.959296598983848],[121.37327989374421,24.95927808608352],[121.37282474943484,24.959048383087744],[121.3726749772769,24.95897285807503],[121.3725365632678,24.95890353158143],[121.37243115322778,24.958847674966396],[121.37235154026025,24.958808186801015],[121.37218346033045,24.95872213620258],[121.37211831487254,24.958688966966573],[121.3720127732901,24.958637039866073],[121.3719723029349,24.95861667257087],[121.37187261131933,24.95856650276078],[121.37177518834912,24.9585169879552],[121.37164762984746,24.95846889727593],[121.37052082980007,24.95800901265552],[121.37046950563781,24.957989475241327],[121.36986408083065,24.957750738364904],[121.36964027144542,24.957642742693135],[121.3694753236782,24.95757719118575],[121.36922973219093,24.95748185511737],[121.36902962664786,24.957402509501954],[121.36883787630362,24.9573282942789],[121.36867511689644,24.95726313843177],[121.3684803974151,24.9571816641538],[121.3680445957913,24.95701212698707],[121.36736869610905,24.95674900501947],[121.3668220520288,24.956514279242764],[121.36671422246266,24.95646741180074],[121.36669728977499,24.956460052230884],[121.36667855981425,24.95644527531739],[121.36653342046917,24.9563834327072],[121.3664950843265,24.956367016044098],[121.36612920048735,24.956179741441797],[121.36595526141024,24.956090711652283],[121.36579997640877,24.956014542913746],[121.3655721215777,24.955889951771688],[121.36543550413303,24.955815252657573],[121.36521870611227,24.95568198471062],[121.3650636834395,24.95558189760414],[121.3649086412101,24.955481810380657],[121.36448794983669,24.955197807339285],[121.36310865080722,24.95423986754804],[121.36204312090553,24.95351248513224],[121.36167505213415,24.95325718251534],[121.36117578829194,24.952906189918796],[121.36054004795263,24.95247124656566],[121.36046875332812,24.952422476550055],[121.3602595231092,24.952279206613465],[121.35955563008518,24.951763277170446],[121.35924512536688,24.95155059430623],[121.35915197008738,24.951487788082826],[121.3590140230734,24.951402339432214],[121.35894996962378,24.95136266265837],[121.35892401675613,24.951348087338804],[121.3586607885671,24.951231020488038],[121.35859962780273,24.951206809294227],[121.35836871241158,24.95113806351138],[121.35794319487373,24.95104466416049],[121.35791152424748,24.95103942018275],[121.35787982128826,24.951034341196838],[121.35784808703012,24.951029427368443],[121.35781632250814,24.95102467885783],[121.35778452875839,24.951020095819878],[121.35775270681795,24.951015678404097],[121.35772085772473,24.95101142675456],[121.35768898251759,24.95100734100995],[121.35765708223623,24.95100342130353],[121.35762515792116,24.950999667763167],[121.35759321061367,24.950996080511274],[121.3575612413558,24.95099265966487],[121.3575292511903,24.95098940533554],[121.3574972411606,24.950986317629436],[121.35746521231084,24.950983396647256],[121.35743316568566,24.950980642484303],[121.35740110233039,24.950978055230383],[121.35736902329086,24.950975634969915],[121.35705620674908,24.95096265816557],[121.35669579146932,24.95096112774864],[121.3563587925101,24.950968256427664],[121.35571570623729,24.95103084018012],[121.3550741622733,24.95110543969931],[121.35422979406034,24.951279846499236],[121.35376595263321,24.951393241760808],[121.35372926333814,24.951304908439276],[121.35372158609385,24.95130735911576],[121.35362546592637,24.951099006724487],[121.35358178086383,24.951004313672104],[121.35349919349788,24.95082529437872],[121.3534926045345,24.950811011884113],[121.35340492388984,24.950620951540206],[121.35337289920172,24.95057270787666],[121.35333976061612,24.95052277854963],[121.3533666526452,24.95051102988384],[121.35339361765631,24.9504994210956],[121.35342065477404,24.95048795256174],[121.35344776312084,24.95047662465448],[121.35347494181667,24.95046543774157],[121.35350218997931,24.95045439218614],[121.35352950672426,24.95044348834671],[121.3535568911648,24.95043272657723],[121.35358434241199,24.950422107227027],[121.35361185957476,24.950411630640826],[121.35363944175985,24.950401297158674],[121.35366708807193,24.950391107116],[121.35369479761361,24.950381060843583],[121.35372256948536,24.950371158667537],[121.35375040278572,24.95036140090927],[121.35377829661121,24.95035178788552],[121.35380625005638,24.950342319908334],[121.35383426221378,24.95033299728505],[121.35386233217419,24.950323820318264],[121.3538904590264,24.950314789305892],[121.35391864185743,24.95030590454104],[121.3539468797524,24.950297166312133],[121.35397517179476,24.950288574902817],[121.35400351706606,24.950280130591967],[121.35403191464626,24.95027183365367],[121.35406036361351,24.950263684357257],[121.3540888630444,24.950255682967267],[121.35464148288946,24.950221886362247],[121.35467122775049,24.950217658690814],[121.35470098363403,24.950213495997396],[121.35473075036931,24.950209398305883],[121.35476052778552,24.95020536563982],[121.35479031571177,24.95020139802232],[121.35482011397713,24.950197495476164],[121.35484992241058,24.950193658023732],[121.35487974084107,24.950189885687077],[121.35490956909747,24.950186178487808],[121.35493940700863,24.950182536447215],[121.35496925440331,24.950178959586218],[121.35499911111025,24.950175447925297],[121.35502897695807,24.95017200148465],[121.3550588517754,24.950168620284032],[121.35508873539081,24.95016530434285],[121.35511862763279,24.950162053680117],[121.3551485283298,24.950158868314524],[121.35517843731029,24.950155748264304],[121.35520835440258,24.95015269354739],[121.35523827943501,24.95014970418132],[121.35526821223584,24.95014678018323],[121.35529815263331,24.950143921569886],[121.3553281004556,24.95014112835772],[121.35535805553083,24.950138400562746],[121.35538801768713,24.950135738200625],[121.35541798675257,24.950133141286628],[121.3554479625551,24.950130609835664],[121.35547794492278,24.950128143862248],[121.35550793368351,24.95012574338055],[121.3555379286652,24.95012340840432],[121.35556792969574,24.95012113894698],[121.35559793660295,24.95011893502153],[121.35562794921464,24.950116796640643],[121.35565796735854,24.950114723816576],[121.35568799086245,24.95011271656121],[121.35571801955405,24.95011077488609],[121.35574805326102,24.950108898802345],[121.35577809181102,24.95010708832073],[121.35580745365452,24.950101921649686],[121.3558368595129,24.950096967417768],[121.3558663075371,24.950092225936487],[121.35589579587527,24.950087697504],[121.35592532267316,24.950083382405086],[121.35595488607403,24.950079280911076],[121.35598448421882,24.95007539327988],[121.35601411524638,24.950071719755964],[121.35604377729341,24.950068260570326],[121.35607346849466,24.95006501594048],[121.35610318698309,24.95006198607047],[121.35613293088997,24.950059171150798],[121.35616269834485,24.950056571358495],[121.3561924874759,24.950054186857038],[121.35622229640991,24.950052017796345],[121.35625212327244,24.950050064312833],[121.3562819661879,24.950048326529327],[121.35631182327965,24.95004680455512],[121.35634169267027,24.9500454984859],[121.35637157248144,24.9500444084038],[121.35640146083426,24.950043534377365],[121.35643135584928,24.950042876461556],[121.35646125564664,24.95004243469774],[121.35649115834613,24.95004220911369],[121.35652106206744,24.95004219972359],[121.35655096493015,24.95004240652804],[121.35658086505384,24.950042829514025],[121.3566107605584,24.95004346865496],[121.35664064956384,24.950044323910625],[121.35667053019073,24.95004539522724],[121.35670040056006,24.950046682537476],[121.35673025879355,24.95004818576033],[121.35676010301361,24.950049904801315],[121.35678993134357,24.95005183955229],[121.35681974190776,24.950053989891646],[121.3568495328316,24.950056355684115],[121.35687930224177,24.95005893678094],[121.35690904826629,24.95006173301983],[121.35693876903466,24.950064744224928],[121.35696846267797,24.950067970206895],[121.35699812732899,24.950071410762863],[121.35652997149768,24.949695349866772],[121.35610181600134,24.949310170596593],[121.3555747062292,24.94881032104054],[121.35545198651,24.94869781389463],[121.3553567841127,24.948605202656505],[121.35530994037894,24.94855539672848],[121.35519799236364,24.948441897644592],[121.35513443152392,24.948374264442435],[121.35504858567265,24.948270625158322],[121.35455415852398,24.947772644079528],[121.35421549853115,24.947459774852007],[121.35421549853115,24.947459774852007],[121.35353817673312,24.946778761192316],[121.3530232331011,24.94625899111886],[121.35300899350938,24.94623793885656],[121.35292986176675,24.946119340488828],[121.35293993512936,24.94608549647764],[121.3529478487298,24.94606866696862],[121.35285797754753,24.945979463178535],[121.35279253549031,24.945914496747545],[121.3527277623365,24.94584793971577],[121.35242556116033,24.945548941086365],[121.35207379280787,24.945167260056248],[121.35198554611006,24.945056871396844],[121.35196382161266,24.945029440451176],[121.35170254682582,24.9447674681426],[121.35163704879056,24.944699783784767],[121.35147566583642,24.94456900082927],[121.35108966157493,24.944166524605063],[121.35097184722275,24.944048774656746],[121.35075749185897,24.94382469038759],[121.35066210599308,24.943710173702613],[121.35060859196138,24.94364639702784],[121.3505509763279,24.943578368604925],[121.35048549273796,24.943497845383558],[121.35039621004942,24.943387855419598],[121.35031352818591,24.943290417333245],[121.35010283354097,24.943043328283903],[121.3497683081875,24.942657754973094],[121.34970809260473,24.94258742105417],[121.34966745886327,24.942539982181586],[121.34960108017737,24.942461185064694],[121.34879854258615,24.941527774001084],[121.34818485935321,24.940814002036557],[121.34756435782924,24.939977015015845],[121.34728308671717,24.939607933632622],[121.34721732853608,24.93952636142316],[121.34706451499002,24.939315255402324],[121.34694945708755,24.939160452389743],[121.34674981632867,24.938884884282015],[121.3466648048173,24.938756057910812],[121.34662852622522,24.9387142326958],[121.34640040920749,24.938435109952387],[121.3462983002352,24.938307108564366],[121.34635466174241,24.938293064901305],[121.34635450190054,24.938260680579564],[121.34636612015913,24.938219403044442],[121.34637088429622,24.938216349417903],[121.34637820104733,24.938209019448703],[121.3464042791989,24.938193700923705],[121.3464811206842,24.938198469833303],[121.34644687548885,24.938108247882383],[121.34640152849207,24.93795004115995],[121.34637678967265,24.93785292651768],[121.346257451149,24.937568675340685],[121.34621403064072,24.93723156728062],[121.34618091604432,24.93701778060053],[121.3460983999435,24.936845801566022],[121.34602081040609,24.93671823053695],[121.34595833874852,24.936618260160113],[121.3459476466133,24.936601131108638],[121.34575051704114,24.9363999583437],[121.34533228183419,24.936006072951223],[121.34520602098192,24.935869188634392],[121.34484058563633,24.935486347578674],[121.3447906304316,24.93543237427651],[121.34462196535156,24.93525742467588],[121.34447574812164,24.93511828362445],[121.34443832105916,24.935082969939344],[121.34442700336183,24.935072207208677],[121.34419986621572,24.934842192854646],[121.34403936952668,24.934687916695985],[121.34384462426866,24.934494527274968],[121.34382846002501,24.934485599405686],[121.34362807849104,24.93436255359327],[121.34347437614902,24.934144186889693],[121.3434227268366,24.934075166741973],[121.34340626907296,24.93403177318194],[121.34341182850034,24.93402756744124],[121.34339653077382,24.934006096563095],[121.34330849071388,24.933773964016623],[121.34324390991785,24.933812031853158],[121.34319655472274,24.933838323135184],[121.34317840281182,24.933794505167132],[121.34304606386856,24.93350621833972],[121.3429793509392,24.933364184248088],[121.34288885940877,24.933234492421676],[121.34273012214253,24.933038391382343],[121.34258238315138,24.932866397691726],[121.34250062955886,24.93274178655458],[121.34240120106939,24.932588099511193],[121.34230674626896,24.932496425807578],[121.34215991835617,24.932327625622666],[121.34214662357589,24.93231426708166],[121.34199825497939,24.93217543539485],[121.34166822807644,24.931860948959017],[121.34148276101892,24.931657658015908],[121.34147782212305,24.931651141824936],[121.34144553887795,24.931631344353992],[121.34141479099306,24.93159381165716],[121.3414085299021,24.93157457753066],[121.34130895114433,24.93149492262659],[121.34123874038323,24.931491038666383],[121.3411235983837,24.93139030192452],[121.34110937894003,24.931371871464133],[121.34099032137078,24.931326974967945],[121.34093021103398,24.931245624502353],[121.34098055741035,24.931200537033213],[121.34077596500336,24.93101587832133],[121.34064460331793,24.93094673240331],[121.34061197639926,24.930873821673654],[121.34046629446132,24.93078183947229],[121.34041160487813,24.930740316534404],[121.34032536787964,24.93066915326011],[121.34025040109925,24.93060252353357],[121.34018446201748,24.930545885621427],[121.34015592390288,24.93049073327355],[121.34014331618306,24.930478636950237],[121.3401063542318,24.93046031245265],[121.33989238462371,24.930361100263724],[121.33981251002696,24.930331588077586],[121.33971852665911,24.930309439033948],[121.33938191851364,24.930230783249584],[121.33909133769097,24.930121840184],[121.33879977264856,24.929993135691838],[121.33848253140299,24.92986328815319],[121.33840185991932,24.929842660924862],[121.33831986449016,24.92981579805672],[121.3382459838239,24.92979102033971],[121.33813810969426,24.929750673539914],[121.33795187531013,24.929691174598602],[121.33788633169081,24.929666450027728],[121.33771748857635,24.929623189514658],[121.33713445565637,24.929457628902323],[121.33695744571509,24.929414756155285],[121.3368179947835,24.9294097806792],[121.33678649052071,24.92941382433951],[121.33668931189888,24.92940683922014],[121.33611633497375,24.929494696220544],[121.33606399022689,24.929506569169636],[121.33604949837515,24.929507820668853],[121.33598121201148,24.929515748015216],[121.33589154833516,24.92952338945047],[121.33545504162932,24.929631033499813],[121.33536503033169,24.929689550252732],[121.33528086252727,24.929745110560926],[121.33519113655052,24.92985427570913],[121.3351376455739,24.929903708920257],[121.33501589558124,24.930029928315],[121.33495635821792,24.930095264976103],[121.33493010904157,24.930127808021258],[121.33482763349394,24.93024202136769],[121.33467205084008,24.930331706441944],[121.33453354145834,24.93040446999335],[121.33447345213246,24.930437874365932],[121.33431881927842,24.930523810169746],[121.3342384460747,24.93056597231274],[121.33395111279553,24.930712893905294],[121.33384416737714,24.930767168234198],[121.3336131163063,24.93090105255398],[121.33356241348669,24.930927330228446],[121.33350990045416,24.930954252949924],[121.333456438221,24.930981674336525],[121.33319098525435,24.93110666076121],[121.33316019482514,24.931122312543245],[121.33299947896964,24.931203872794065],[121.33248290240383,24.93147771870842],[121.33238385753003,24.931528534564414],[121.33209555405581,24.93169564218951],[121.33203497324685,24.93172716877843],[121.33201032126368,24.931742797622135],[121.33175490919199,24.931869302987568],[121.33160047706252,24.931946523163916],[121.3313727682008,24.93200271652196],[121.3309956813927,24.93208251644167],[121.33098022914605,24.93209503698544],[121.33083464963201,24.932132051452324],[121.33077758734724,24.93214656027935],[121.33074981312961,24.932153618895256],[121.33070867569636,24.932147182660508],[121.33065877640148,24.932155897394818],[121.33037524733012,24.93220630849767],[121.33035191146712,24.932225482299913],[121.33034850402267,24.932210105513448],[121.32978026986704,24.93229716937371],[121.32972420431521,24.932306791246628],[121.32971795870242,24.932315038933446],[121.32952709735149,24.932395876669236],[121.32935128325416,24.93251673075402],[121.32926390936366,24.932530051032707],[121.32906922155199,24.932542299098944],[121.32879070442947,24.932623853030282],[121.32875919707207,24.932657002465962],[121.32812366532832,24.932753570865117],[121.32784044215231,24.93280450916187],[121.32774005798426,24.93281802870346],[121.32769220244914,24.93269740657693],[121.32766295689098,24.932623691041098],[121.32759415283516,24.93242914550142],[121.32732085724966,24.93191623030044],[121.32704766268496,24.931632093225677],[121.32703029998719,24.931577392310928],[121.3269750598326,24.93136690869823],[121.32695405263759,24.93126307434529],[121.32693101953744,24.931096876445515],[121.32676309711796,24.93082006462208],[121.32623433800867,24.93051405047634],[121.32606924044893,24.93039932704448],[121.3258868326307,24.930373733248263],[121.32536318592938,24.930169310093824],[121.32459254160966,24.92937324304099],[121.32429553241721,24.929166868832954],[121.32419875142787,24.929099610296465],[121.32361879653192,24.92874768039253],[121.32309959791746,24.928426213688937],[121.32302367537278,24.92836871398088],[121.32284287228786,24.928231793063507],[121.32227408285009,24.92776909156593],[121.32327645226033,24.926915002236466],[121.3232916652955,24.92688102271274],[121.32331503742476,24.92681245886561],[121.32331656850788,24.926793566174418],[121.32331776243811,24.92676445195214],[121.32331685886462,24.926715948422792],[121.32331108709036,24.92668603108371],[121.32326506470861,24.926648461493105],[121.32314939518415,24.926498107886932],[121.32311238767035,24.926472887478617],[121.32295679318804,24.926373307551902],[121.32278157336351,24.926257726521676],[121.32260405762901,24.926142439157402],[121.32247872562853,24.92609031862299],[121.32245322496073,24.925465036430815],[121.32233963098665,24.925297529704345],[121.32220993497806,24.925107131222344],[121.32165625654913,24.924383997524167],[121.321078249071,24.924274097205053],[121.32096191814489,24.924233502248104],[121.32088110842392,24.92426508206541],[121.32058529309815,24.92417759849455],[121.32033068916698,24.924121906465892],[121.32026862250076,24.924180387319524],[121.32017133358222,24.924159549478873],[121.32012657667944,24.924068065666315],[121.32013103571322,24.924051325511474],[121.32014448720777,24.924023110015707],[121.32020836850175,24.923899848986586],[121.32035143760736,24.92359220882877],[121.32052857309671,24.923180000596403],[121.32031713822914,24.9226086275001],[121.32055506149784,24.92244921428001],[121.32055037518622,24.92242206752726],[121.32036887993462,24.922307464343252],[121.32002061854031,24.922078717617733],[121.31944946553506,24.92166309341284],[121.31906889931982,24.92138535394058],[121.31882744878813,24.921195250547456],[121.31844565556078,24.920890313482452],[121.3183044921664,24.920782828962878],[121.31806414279896,24.920564681331552],[121.31769719541859,24.92026004079095],[121.31742720703342,24.920005908602676],[121.31716600168343,24.91977506745089],[121.31695774484307,24.919579085279057],[121.31682448542715,24.9194423480384],[121.31646796459894,24.919074494642395],[121.31612568469534,24.918673657069434],[121.31587438945509,24.91838609450695],[121.31558615324754,24.918025707142544],[121.3152956245454,24.917637309718337],[121.31509738437968,24.917381524950166],[121.31502766975858,24.917286427192142],[121.31470337370557,24.91682745692509],[121.31450877977893,24.916539669171964],[121.31413306117076,24.915970323713122],[121.31388851010743,24.91555006659203],[121.31373915677372,24.915295048767568],[121.31365945277328,24.915135092930818],[121.31351074834866,24.91488469818251],[121.3134152962717,24.914721635772487],[121.313216934478,24.91441692707218],[121.31310596956922,24.914239733751746],[121.31300844254088,24.91407445395767],[121.3129109050798,24.913916264493587],[121.31274094405177,24.91365383544825],[121.31271765201096,24.91362517990342],[121.31256877044093,24.913414055898457],[121.3125594808893,24.913400884874125],[121.31253539631682,24.913349282910314],[121.3123570399606,24.913145805258434],[121.3123495070445,24.913138282320137],[121.31217077219526,24.912959957395827],[121.31202733278667,24.912819240655804],[121.31149266670424,24.91246414498912],[121.31135288061688,24.912376888452208],[121.31129670705984,24.912344431232263],[121.31083577346938,24.91206912985879],[121.31066779184371,24.91202446267621],[121.3105439562137,24.91195239230585],[121.3101391143074,24.911734886571406],[121.30974830813517,24.91154184572656],[121.30918334008538,24.911256165969192],[121.30881950286646,24.911068140037678],[121.30873001691263,24.911021356382562],[121.30854821383438,24.911003444290788],[121.30850882564506,24.911002792230676],[121.3083142084815,24.91098417221783],[121.30803933766688,24.910920317746694],[121.30791517995146,24.910856855782658],[121.30788856361926,24.91082019231863],[121.3078564870166,24.91078303271271],[121.3077286580859,24.91070695630912],[121.30758679049818,24.910647993701247],[121.30755395147258,24.910618293981816],[121.30742333375771,24.91057597675115],[121.30732964329347,24.91053637145363],[121.30724409411435,24.91050986242509],[121.30709119497644,24.910491662453648],[121.30663414610461,24.910421067664853],[121.30622978013939,24.91023878398424],[121.3060283101073,24.910102053196525],[121.30568261751915,24.910227632484],[121.30561608231442,24.910597346702872],[121.3056518515832,24.910666421980835],[121.30556457401352,24.91066144558758],[121.30555384786747,24.910659481311733],[121.30545687851486,24.910533869068914],[121.30508417809266,24.909934378138217],[121.30502602359795,24.90986415674289],[121.3049641031326,24.909800280966685],[121.30487305764422,24.909740202458515],[121.30472767270439,24.90966768542956],[121.30463337175955,24.9096282884806],[121.30454618328261,24.9096028348705],[121.30440734664393,24.909560332645274],[121.30377331485654,24.90930352106505],[121.303063656791,24.90896704025646],[121.30268448455253,24.908767632237286],[121.30257904677205,24.90871149081343],[121.30230333652354,24.908532844897934],[121.30177838786713,24.908040568326197],[121.30168655252136,24.90796797605538],[121.3017232471702,24.907946585753134],[121.30127154673964,24.907530900662124],[121.30097449161238,24.907161922195975],[121.30087593717141,24.907060513703833],[121.30073967605247,24.90699302176945],[121.30042698384389,24.906821552484704],[121.30003580054661,24.906570830815195],[121.29986353045027,24.906450102243458],[121.29955847657838,24.906221000701695],[121.29939160387683,24.906093795650506],[121.29910664757978,24.90584286492943],[121.2988514405958,24.905617659805078],[121.29868808544175,24.905466674024726],[121.29844910291877,24.905239428006848],[121.29809951084177,24.904943779923826],[121.29727005183464,24.9042194009358],[121.2970260590515,24.903996326851697],[121.29668363920374,24.90368881692528],[121.29605435210411,24.903135954686373],[121.29587462811712,24.90298893090688],[121.2956665345317,24.90281208027082],[121.29533044433916,24.90250572935968],[121.29511231813854,24.90231132739636],[121.2949489208465,24.902144811926956],[121.29488541177979,24.902083453905362],[121.29474939374474,24.901964087047453],[121.29467096919073,24.901895246749806],[121.29449042635484,24.90173841836783],[121.29429728024876,24.901568053928663],[121.29388753607579,24.90118660308661],[121.293583529596,24.9009037548595],[121.29327767383626,24.90062221243696],[121.29309548099442,24.90045274869477],[121.29233912244462,24.900281878351045],[121.29225979450904,24.90027557903845],[121.29228655356073,24.900194566383032],[121.29253728903478,24.89995450662253],[121.2920593840981,24.899520344307213],[121.29111816381501,24.89869022302469],[121.2908561123927,24.898470913510863],[121.29040850124208,24.898083675374696],[121.29002515900584,24.897744404044012],[121.28957428492131,24.8973367464937],[121.28931863505936,24.897107294416248],[121.28886352831219,24.896688817284023],[121.28864019784483,24.896479753653683],[121.28858798534331,24.89643260302081],[121.28836234332668,24.896222588422017],[121.2883265316797,24.896195932519607],[121.28794805419375,24.895855117677137],[121.2877053122876,24.895636519952404],[121.28749727348914,24.895443990227314],[121.28694118282337,24.89494671546878],[121.28633180530959,24.894401381240492],[121.28627977969482,24.894354217187864],[121.28605479539857,24.894150253836514],[121.28421743490327,24.89248457763177],[121.28216220431207,24.890621323474576],[121.28191099330267,24.89033358423529],[121.28181373507525,24.890231246451876],[121.281783318105,24.890203278445146],[121.28148534509963,24.88996293709992],[121.28129687122397,24.889792084202686],[121.28113513578012,24.8896338630926],[121.28097420552464,24.889438888252936],[121.28093299841949,24.889386181371044],[121.28088201425865,24.88932032543765],[121.28074295193387,24.88907145044253],[121.28072455001985,24.889048823655095],[121.28066260977184,24.88893539840032],[121.28063595677284,24.88888376968891],[121.28058843057967,24.88877721980332],[121.28055708299777,24.88871411094356],[121.28053842330455,24.88866934686353],[121.28046333324629,24.888464097896094],[121.28039438330592,24.888205954121627],[121.28032653284373,24.88773659883065],[121.28033076423502,24.887408445813758],[121.28033214506752,24.887049901239475],[121.28034427025652,24.88663527458848],[121.28034963279761,24.8863534583685],[121.28035246939281,24.885865588287793],[121.28035438723359,24.885707873833432],[121.28035800485951,24.88564869457125],[121.28036263516375,24.88553389814789],[121.28036460216633,24.885488887624458],[121.2803872277115,24.884747735648578],[121.28038703972851,24.884673233215203],[121.2803874810947,24.884667065953337],[121.28038743754898,24.88463023897883],[121.28038602932513,24.88455886268087],[121.28034475140302,24.884205819377986],[121.28032954384464,24.884120312377174],[121.28032901939957,24.88402388948543],[121.28032891840566,24.884005453574183],[121.28031725893499,24.88376855080384],[121.28030848768927,24.88342993707148],[121.28030880052842,24.882844901692714],[121.28027437120298,24.882640444759957],[121.28024321006198,24.882445615038854],[121.28023147456615,24.882398607848156],[121.28021960727723,24.882350210521505],[121.28021041075675,24.8823142945336],[121.28016690472715,24.88214005477994],[121.28009872593667,24.88188735888389],[121.28008638710432,24.88185803955426],[121.27994066788041,24.88153723391004],[121.2798396137977,24.881360456606178],[121.27961992736718,24.880979831273464],[121.27941574226024,24.88064799344567],[121.27927592924533,24.880447958733434],[121.27867952609868,24.87980356580531],[121.27837756662852,24.879330658466117],[121.27815506090917,24.879004495747292],[121.27799709037215,24.87874686493283],[121.277937275769,24.878637840269207],[121.27777417918038,24.87834024071736],[121.2775548151443,24.87790374339137],[121.27752050410963,24.87782488938981],[121.277327677091,24.877388992407294],[121.27725084531498,24.87719836225678],[121.27714337409729,24.876892286632387],[121.27711488656675,24.876719607171037],[121.27708462608108,24.876630946459727],[121.27702944408875,24.87647323319259],[121.27702109771559,24.876453223347877],[121.27670998295144,24.876322688775787],[121.2766014553119,24.87626749998846],[121.27655733669592,24.876231354275486],[121.27646222922574,24.876296280327868],[121.27635611171111,24.876211840534815],[121.27627502554506,24.87608912820522],[121.2761604963968,24.875787281219253],[121.2760276960975,24.87539119526229],[121.27587258034075,24.875252323221357],[121.2757341056446,24.875190275215704],[121.27546544702527,24.875420189904215],[121.27493884237978,24.875660189163227],[121.27479350565567,24.87551193845611],[121.27467078894402,24.875464620356965],[121.27459007805778,24.875423373295405],[121.2745404622357,24.87539069120225],[121.27448609671157,24.875340430371757],[121.27429107476411,24.875105154820034],[121.27415663907871,24.874967338410915],[121.27407429408163,24.874871507953184],[121.27403502726796,24.87481035799034],[121.27400959816222,24.874754581646144],[121.27399829570919,24.874687114594455],[121.27397208388567,24.874581547681068],[121.2739129037962,24.874452549172126],[121.27372334326735,24.874143536344903],[121.27371773590635,24.874077999945353],[121.27372379184024,24.87404615446478],[121.27382515113331,24.873903641768482],[121.27351143956813,24.87359947662339],[121.27339617272852,24.87353425554401],[121.27305787617189,24.873332260039238],[121.2726098988316,24.87292060407284],[121.27240291604907,24.872735422968617],[121.27223194487894,24.872543435511943],[121.2719623748521,24.872169962525046],[121.27186779154754,24.87187719997016],[121.27186792761121,24.871515691967385],[121.27190861760421,24.871173860171083],[121.27185487111814,24.87055543562049],[121.27188780626705,24.870113023156],[121.27188471407086,24.869856597977197],[121.27187081560002,24.86954296561598],[121.27184636764859,24.869264257625787],[121.27184903017888,24.86890073813857],[121.27179417772317,24.868801369105277],[121.27168359933736,24.868656379979466],[121.27143157858742,24.868369362564543],[121.271293761734,24.868307812570933],[121.2711667559509,24.868226987264425],[121.27092617680937,24.86781991929481],[121.27089185562768,24.867611322128866],[121.27089255933429,24.867609269405534],[121.27084154145675,24.867345382603713],[121.27089229793383,24.867289677595725],[121.27090867568924,24.866678433875126],[121.27088900810634,24.866523022275864],[121.27081128683608,24.866259930111408],[121.2706596209746,24.86612412969832],[121.27052393743406,24.866008200978133],[121.27042252172427,24.86591402842069],[121.27028468504093,24.86562110879061],[121.27024338161566,24.865377709125166],[121.27023842081394,24.86521603815153],[121.27036486631282,24.865006386210638],[121.2706284854102,24.864861382986447],[121.27081072367152,24.864813690294383],[121.27096058736211,24.864783616305633],[121.2710221413488,24.864749641825306],[121.27146343254783,24.864433402383085],[121.27161684046057,24.86427901840409],[121.27166736730678,24.8640293788552],[121.27169992955598,24.863984807784004],[121.27170953764364,24.863836094389],[121.27178283641689,24.863614372737807],[121.27180638662648,24.863543367478044],[121.27183499362148,24.86347005532729],[121.27183580232321,24.863422274032306],[121.27184643878799,24.863379810444155],[121.27185477234795,24.863359671140955],[121.27206339962754,24.862819382508444],[121.2721905861618,24.8626905907749],[121.27229275904412,24.862454756180984],[121.27238593469818,24.862274143215352],[121.27241274188901,24.86222217958268],[121.27241792673789,24.86221090453974],[121.27243347968476,24.862127817014127],[121.2724466989264,24.86205721534333],[121.27246005215824,24.861985885320944],[121.27246687008935,24.86194946706707],[121.27247491975581,24.861906467433112],[121.27246799069303,24.86172684040818],[121.27246261731793,24.861607076664626],[121.27245617163136,24.861549099326545],[121.27243860531509,24.861455379454036],[121.27241994943797,24.861374621716266],[121.27238905372165,24.86126690882018],[121.27238685484922,24.861121721172758],[121.27239361313302,24.861073718747285],[121.27240208767216,24.861013499831362],[121.2724103962478,24.860947231503403],[121.27240900029459,24.86091959795405],[121.27236906507022,24.860865019771964],[121.27232293808326,24.860686443651826],[121.27231198878002,24.860563988716816],[121.27228757969235,24.860419838671117],[121.27225095439788,24.860217190193897],[121.2722347074373,24.86010833792955],[121.27217189910024,24.85998601650968],[121.2721391412922,24.85992223594505],[121.27216341757565,24.859687071404412],[121.27220844498008,24.859175219322],[121.27207931175519,24.85883924651628],[121.27197104951141,24.858555852982665],[121.2716308726906,24.857619950141896],[121.27144107225254,24.857159857610593],[121.27124515517318,24.85665266112168],[121.27108640030039,24.856213939983807],[121.2709050824798,24.85572187782262],[121.27081792961867,24.85549349817805],[121.2706911981612,24.855167618759967],[121.27054412824198,24.854834658148178],[121.27042283512834,24.8545808818879],[121.2700833368333,24.854114304120927],[121.26989732595476,24.85387238564277],[121.26988326739266,24.85398109611971],[121.26983929629756,24.854082782217617],[121.26979640152236,24.854133283824773],[121.2692257701035,24.8546966349011],[121.26863576025177,24.85544398321459],[121.26861597268444,24.855431604615976],[121.26851273290406,24.855604586535765],[121.26708625379719,24.857117529156532],[121.26706444447606,24.857103763582753],[121.26668833167025,24.8575565011025],[121.26666280774384,24.857587117138326],[121.26637880421714,24.85792678813692],[121.26605846084418,24.858311738],[121.26610951314227,24.858673111718016],[121.26615011005015,24.858957707691456],[121.26615267626386,24.858977728310254],[121.26623122837113,24.859528344261943],[121.26625917709777,24.859784197945476],[121.26627447480169,24.85987619806541],[121.26632443599378,24.86048985662025],[121.26646235769789,24.862298052713854],[121.26654981555899,24.86253748559363],[121.26658972345662,24.862628872928955],[121.26663020877588,24.862726461790793],[121.26664210826642,24.86275172030742],[121.26679213834502,24.86310183887614],[121.26696071760547,24.863361377450016],[121.26699528738176,24.863339936206877],[121.2674759731831,24.863874862517843],[121.26775689354699,24.864198626178396],[121.26770206912309,24.864662400242057],[121.26771436853853,24.864781274281082],[121.26768551334142,24.864929059055328],[121.26788485247774,24.865367061527856],[121.26791264357456,24.86542814352628],[121.26823161134965,24.866129002720566],[121.26816973926566,24.86616954336549],[121.26821168974958,24.866316713519463],[121.26829419063594,24.86638405322449],[121.26834925800428,24.866459856721285],[121.26842155817185,24.866601464900103],[121.26844807487439,24.866654152589582],[121.26848739702896,24.866711331493295],[121.26835827355578,24.86678998494249],[121.26845877551409,24.86693959582113],[121.26860339085647,24.867142286979234],[121.26874488210517,24.86730774279089],[121.26869553804845,24.86732589717367],[121.26846538628992,24.867412712401546],[121.26812670034998,24.867540671476423],[121.26806964713327,24.86755753101043],[121.26795114778312,24.867599166414834],[121.26763472797744,24.86771190822191],[121.26738375444512,24.867803104188315],[121.26704473955064,24.867924492777252],[121.26703440214841,24.867928377006006],[121.26676691779869,24.868024762425552],[121.26648687862283,24.8681222897453],[121.2664339257948,24.868138567815063],[121.26637847692223,24.868137690112505],[121.26630160229753,24.868183721243636],[121.26627507708517,24.86819429151913],[121.26621192654144,24.86820759160937],[121.2661612635655,24.868216316470537],[121.26611481577207,24.868221132214455],[121.26608354177787,24.868181596969762],[121.26598817451182,24.8680581940637],[121.26585722225026,24.867653364509597],[121.26552928201377,24.866611510551564],[121.26555202062384,24.866494415863105],[121.26551113845883,24.86468221030427],[121.26591981425203,24.86451606336595],[121.26634214437082,24.865361008820656],[121.26659579908679,24.865157586950573],[121.26545188339603,24.863200127400315],[121.26527539171887,24.862862170692924],[121.2649857158949,24.861648218001072],[121.26465708963205,24.86169557722676],[121.26466534138554,24.86135559490117],[121.26458889336043,24.861084234671637],[121.26454448250854,24.860470800441597],[121.264510219385,24.860408284660313],[121.2645176427931,24.860320686141364],[121.26452781047404,24.860220632474515],[121.26455974592564,24.86010074980552],[121.2646172189717,24.859886483202754],[121.2646399739722,24.859730737556248],[121.2646057143719,24.859451240080695],[121.2646458546061,24.85929492191864],[121.2646565404697,24.85927569035923],[121.26467689653127,24.85920171998456],[121.26466587118705,24.85918697793726],[121.26468593932694,24.859140463710624],[121.26467872128946,24.8590827122171],[121.26461340935626,24.858965845770616],[121.26460908922692,24.85890737588795],[121.2645441490367,24.858774465120277],[121.26454923593445,24.858723580564277],[121.26450156758754,24.85863442736803],[121.26452684756502,24.85862368384219],[121.26450721756096,24.85853190787332],[121.26450213553053,24.858343167228323],[121.26450710249784,24.858189376134273],[121.26447791767333,24.85810418981567],[121.2644641251555,24.85805472356214],[121.26444460282595,24.857984711559897],[121.26443913723695,24.857967364311136],[121.26443020677391,24.857939043844734],[121.26440602259098,24.857920578242712],[121.26439585529874,24.857884304958645],[121.2643839666001,24.857841915912395],[121.26440820241739,24.857819518470883],[121.26440049399842,24.857789982165922],[121.26438646324118,24.85773626910487],[121.26438758652044,24.857699782148334],[121.2643878516741,24.85769116932787],[121.26435306669147,24.857614664665903],[121.26431476202609,24.857530435449018],[121.26429387083833,24.857484492861467],[121.26425783566573,24.85745058314088],[121.26423596579862,24.857430009027237],[121.26419451591143,24.857372235077282],[121.26413728239118,24.857292453424186],[121.2640800447247,24.85721267427411],[121.26399616313171,24.857095764811117],[121.26394570860276,24.857124718057584],[121.26389299515743,24.85707016119888],[121.26386919762547,24.857045537905236],[121.263836707472,24.85700519665429],[121.26352790825028,24.85662181015548],[121.26337997535799,24.856412263888036],[121.26335215412831,24.856372861410932],[121.26324852464688,24.856230005613984],[121.26324476585123,24.856207305573015],[121.2631633475624,24.856029804351028],[121.26313789512949,24.856000939943076],[121.26294491032323,24.855801271479027],[121.26282681594193,24.855724466219282],[121.26259432780114,24.855579922548294],[121.26246624211707,24.85543865304111],[121.26238665475624,24.855396548508843],[121.26223301747609,24.85524252053177],[121.26210925865996,24.855118425071367],[121.26198855122102,24.854998449447063],[121.26190962187133,24.85501016237141],[121.26186018470989,24.85503807485857],[121.26184443968594,24.855046661470073],[121.26182564803031,24.855060471890464],[121.26181867124376,24.85504136176101],[121.26176359714015,24.854986249008775],[121.26173456600472,24.854916410276438],[121.26167924948064,24.85498589117595],[121.26102471497403,24.85438477219839],[121.25952007660335,24.85219978787107],[121.25865376753461,24.8516328736636],[121.25846475552883,24.851400265378814],[121.25803170433718,24.850346493666578],[121.25791691864181,24.850248470746358],[121.25795482671208,24.85008665964854],[121.2575862476209,24.849319032898904],[121.25746545443998,24.8490715079067],[121.2574576197212,24.84890031384301],[121.25746816472393,24.848860714702067],[121.25750511309268,24.848808809350015],[121.25748923826684,24.848754448983478],[121.25750280756607,24.8483546342953],[121.25746150014007,24.848352758033315],[121.25752841826633,24.847615263747468],[121.25733665431848,24.84719148896638],[121.2572865687004,24.84690482977618],[121.25734901835233,24.846328378333972],[121.25736919038579,24.846245642446863],[121.25743633914688,24.84612346133478],[121.2578766306224,24.845686652262227],[121.25794993243731,24.845611950260338],[121.25823477337737,24.845091605731895],[121.25826437153509,24.845050574174273],[121.25828280768793,24.845023330381142],[121.25858326886181,24.84443142527437],[121.25870142747611,24.844098204139318],[121.25883359800275,24.84371845276834],[121.2589077829303,24.84347934858232],[121.2589470498253,24.84334922483211],[121.2589520421612,24.843340706862893],[121.25895674240218,24.843332051624365],[121.25896114602054,24.843323267454096],[121.25896524877436,24.84331436281392],[121.2589690467115,24.843305346281642],[121.25897253617343,24.84329622654295],[121.25897571379889,24.84328701238284],[121.2589785765269,24.843277712677338],[121.25898112159986,24.84326833638485],[121.2589833465662,24.843258892537563],[121.25898524928269,24.843249390232714],[121.25898682791647,24.843239838623866],[121.25898808094696,24.8432302469121],[121.25898900716717,24.84322062433709],[121.25898960568497,24.843210980168237],[121.2589898759239,24.84320132369578],[121.25898981762366,24.843191664221763],[121.25898943084051,24.84318201105114],[121.25898871594717,24.8431723734828],[121.25898767363228,24.84316276080058],[121.25898762906627,24.84315318998902],[121.25898747277635,24.84314362015363],[121.2589872047803,24.843134052380332],[121.25898682510855,24.843124487754817],[121.2589863338042,24.843114927362404],[121.25898573092304,24.84310537228792],[121.25898501653352,24.843095823615585],[121.25898419071666,24.84308628242894],[121.25898325356627,24.84307674981064],[121.25898220518869,24.84306722684235],[121.2589810457029,24.84305771460468],[121.25897977524048,24.843048214177013],[121.25897839394565,24.84303872663736],[121.25897690197515,24.843029253062294],[121.25897529949832,24.843019794526814],[121.258973586697,24.843010352104184],[121.2589717637656,24.84300092686588],[121.25896983091096,24.84299151988137],[121.25896778835246,24.84298213221811],[121.25896563632189,24.842972764941315],[121.25896337506346,24.842963419113918],[121.25896100483378,24.8429540957964],[121.25895852590186,24.84294479604671],[121.25895593854897,24.842935520920097],[121.25895324306875,24.842926271469025],[121.25895043976709,24.842917048743054],[121.2589475289621,24.84290785378868],[121.25894451098411,24.842898687649306],[121.25894138617556,24.842889551364998],[121.2589381548911,24.842880445972494],[121.25893481749738,24.84287137250496],[121.25893137437313,24.842862331992016],[121.25892782590908,24.84285332545948],[121.2589241725079,24.842844353929348],[121.25886021891759,24.842593661648927],[121.25879636254358,24.84236104424697],[121.25878409716518,24.842229483927333],[121.25876736450444,24.84216688209926],[121.2587162144673,24.842030315065205],[121.2586359603138,24.841857810720562],[121.25862964039088,24.841830429144824],[121.25863695278719,24.841749782829314],[121.25868867973136,24.84157376367359],[121.25868369825986,24.841523898781027],[121.25859879427401,24.84126570378656],[121.25856584697587,24.841213404430725],[121.25854304552097,24.841153666077165],[121.25848981197795,24.841071174325155],[121.25841541501906,24.840993459116223],[121.25828438924867,24.840851396196097],[121.258252407026,24.840815861052594],[121.25814936859356,24.84067215159958],[121.25812214476561,24.840625219901597],[121.25808869881362,24.840567561704226],[121.25807071019813,24.840471565468075],[121.25805163024846,24.84042183322998],[121.2580241153375,24.840379121679522],[121.25795926458082,24.840324177727048],[121.25784557321717,24.840205414170267],[121.25778302060269,24.84015170308113],[121.25771734601824,24.840104940277673],[121.25771143627047,24.840098711762458],[121.25760710848331,24.839933778093684],[121.25757307992372,24.839898869292316],[121.25752189325442,24.839858265966637],[121.25751288947308,24.839839032680814],[121.25748380407158,24.839735281925865],[121.25746646409773,24.83968950109914],[121.2574238284914,24.83963576457201],[121.25736798697847,24.83959283082204],[121.2573274400775,24.839577859124354],[121.25724608401187,24.839535899190047],[121.25721035524974,24.839496858167966],[121.25715981689537,24.83939638549671],[121.25827782136163,24.83898255131105],[121.25827690865997,24.838975156912944],[121.25829064850316,24.838916201340755],[121.25820501582183,24.83879002298137],[121.25815614294842,24.83871800946068],[121.2576355639819,24.837950947009247],[121.25714834833603,24.83723066780921],[121.25669570341155,24.83655942267417],[121.25646844992387,24.836223410262413],[121.25618053906203,24.835799662660687],[121.25606096362044,24.835832445732837],[121.25581824636339,24.835898989295423],[121.25577520429557,24.83590646633812],[121.25506224687823,24.834744341211604],[121.25494660694409,24.834544655969243],[121.25477986057813,24.834245148081525],[121.25467863452486,24.834049338369304],[121.25450641540618,24.833637082210878],[121.25428060744098,24.832973790806914],[121.25420339929863,24.832746996815892],[121.2541142266739,24.832358739117097],[121.25403899599675,24.832127589959207],[121.25400615393382,24.831997162614762],[121.25406484932813,24.831690726746945],[121.25393711522777,24.831261130309997],[121.25389719841576,24.831143994274477],[121.2537751673731,24.830696289809406],[121.25365188059905,24.830283376399073],[121.25353239704474,24.82988229882695],[121.25339060405823,24.829395874525414],[121.25328096758429,24.828999994184173],[121.25316093267493,24.828569514649516],[121.25300244676221,24.828010717146277],[121.2529133304794,24.827703391827246],[121.25274060279044,24.827114433874947],[121.25265740419948,24.826857007336717],[121.25256963849672,24.82658086147254],[121.25245503785654,24.826197451543187],[121.25236745875442,24.825881869904357],[121.25226645760151,24.82554546196388],[121.25218444459449,24.825293195992174],[121.2521829649142,24.825288644594515],[121.2520737912733,24.82503641839191],[121.2520287420717,24.82494454714044],[121.25191259105588,24.82473084381412],[121.25182772391123,24.824602507929686],[121.25172155688513,24.824463395719743],[121.25158739717882,24.824326740505157],[121.25439272217858,24.82166740693789],[121.25446696910447,24.82159353942517],[121.25474857283837,24.821855432663142],[121.25477975311347,24.821830117503744],[121.25481758406801,24.82183595814971],[121.25517220337007,24.82216323671653],[121.25551908605932,24.822649142062794],[121.25562827913805,24.822784695428293],[121.25577101360263,24.8229954322207],[121.25589953083609,24.823207327155174],[121.25603738177098,24.823462129295596],[121.25612652161693,24.823659298375947],[121.25618457885494,24.82379629262324],[121.25625936125634,24.823993527059386],[121.25629030151643,24.824158068516503],[121.25635201989476,24.824583834839142],[121.25637664138667,24.824721094940518],[121.25644729074243,24.825223603795365],[121.25648933154669,24.825435534307488],[121.25651016307539,24.825540519277013],[121.25653315557352,24.825656478447865],[121.25653485792422,24.825665059850063],[121.25655706532271,24.825777005306097],[121.25659114768007,24.82594879312205],[121.25665537318623,24.82627255393936],[121.256670647513,24.82634955939209],[121.25673292932082,24.826663512107196],[121.25685440803724,24.827275877524013],[121.25685982764779,24.827304879281826],[121.25687917733362,24.827408424410603],[121.25693314107106,24.827697197248014],[121.25699607438989,24.82805989455968],[121.25703093502504,24.82826080242329],[121.25703263189911,24.828270581784167],[121.25705907461698,24.82841839658089],[121.25708381589004,24.828556680166447],[121.25712432362474,24.828770044979287],[121.25731792276643,24.828985584080023],[121.2573667750786,24.829234506074503],[121.25738042211661,24.8293011972947],[121.25743812362316,24.829583228358374],[121.25748393474936,24.829801215542197],[121.25752658214299,24.82992962477518],[121.25756531875761,24.830046263127024],[121.25759566190378,24.83011826753979],[121.25764067059912,24.830225143858666],[121.25772047189193,24.830417613966535],[121.25776616077786,24.83050858784936],[121.257872468284,24.830720262526178],[121.2578942775202,24.83076368798625],[121.25798121390552,24.830899490975206],[121.2579909944248,24.830914766311704],[121.2580483151842,24.83100426602889],[121.25807714717382,24.83104928963073],[121.25808782357632,24.831065970569988],[121.25832560803973,24.831432197376866],[121.25865207360918,24.831920300116693],[121.25876504789856,24.832090868316193],[121.25889071601597,24.832296446964342],[121.25889948358659,24.832309905565406],[121.25913886422802,24.83267736388603],[121.25925202389973,24.83285619733695],[121.25932865622963,24.83290342504008],[121.26001378884973,24.833291797741424],[121.26048044531305,24.83359904761435],[121.26050538609418,24.8336223067735],[121.2608668219816,24.833945213360064],[121.26093736482754,24.834008235991977],[121.26103194148924,24.834079437274553],[121.26117770278276,24.834189172217865],[121.26118418459636,24.834194614120694],[121.2613598603214,24.834338582866792],[121.26155205824124,24.834515268942475],[121.26168876673187,24.834599392195184],[121.26172939504004,24.834644201847876],[121.26181732020356,24.834752715163102],[121.26188167830074,24.834842129247324],[121.2619299721814,24.83490943351693],[121.26219325490767,24.835484106784065],[121.26224414870363,24.835554900420767],[121.26226693404077,24.83561134286799],[121.26261060975827,24.836314232711295],[121.26272399836425,24.836551618939612],[121.2627939369952,24.83669672875044],[121.26276216770441,24.83672466466466],[121.26273930527975,24.83675377668124],[121.26272618332544,24.83684619760276],[121.26274409143635,24.836933653653563],[121.26281170119105,24.836961765441142],[121.26303290629421,24.837198260286996],[121.26308906323386,24.8372774443646],[121.26325821920062,24.83754528941856],[121.26330798374174,24.83766156149208],[121.2633315048663,24.837699492706957],[121.26333520996221,24.837786167115535],[121.26333846008737,24.837825266546346],[121.26333554563107,24.837828529433036],[121.26334362234624,24.837836532611973],[121.2633335187134,24.837896382393442],[121.26333569824664,24.837953863120067],[121.26335615301964,24.83801193461598],[121.26345946056966,24.83822024809511],[121.26425097821239,24.839761065706014],[121.26450600564372,24.840240263428306],[121.26454675962984,24.8403176156288],[121.26463891064353,24.84044560185386],[121.26489989348659,24.84080675288744],[121.26506737895158,24.841031434460497],[121.26520991457524,24.841274062791083],[121.265590288458,24.841801333038788],[121.2660799426431,24.84248858570758],[121.2661132614286,24.842503242930363],[121.26620789851454,24.84254128625446],[121.26628258440014,24.842571037782154],[121.26636510147053,24.842604179278876],[121.26643147401717,24.842629300970412],[121.2665646841704,24.842679887401243],[121.26666477979148,24.842714729567266],[121.26676797293827,24.842754188057498],[121.26685615085117,24.842783766229044],[121.2668756447523,24.84279125748895],[121.26697613692399,24.842824695408385],[121.26695775491544,24.84286769453011],[121.26707574470217,24.84291841890995],[121.26706880867684,24.842941769488686],[121.26729883561028,24.843028484038808],[121.26764214237056,24.843122307740284],[121.26811109484782,24.843199745950052],[121.26832412526727,24.843234742050104],[121.26859790917464,24.843272177478752],[121.26870024567918,24.843231640426087],[121.26875184037846,24.843179736028553],[121.26885961632824,24.84306119142008],[121.26907657833164,24.84271190618841],[121.26906914234175,24.842680906651882],[121.26921455437926,24.842446373273294],[121.26931450992113,24.84226759133031],[121.26938638364896,24.84217210712637],[121.26945895442971,24.842048034004694],[121.26949686108938,24.84199074607378],[121.26960377144435,24.84191187653362],[121.26961330832043,24.841913528377958],[121.26968645349852,24.841916935584464],[121.26959041222018,24.842031834118306],[121.26960380353317,24.842043032398745],[121.26969937076913,24.841928540994832],[121.26981238179985,24.84189187990044],[121.26989625484424,24.84185085640173],[121.26999848086568,24.841809528846685],[121.27003487061506,24.841795378629048],[121.2701414198099,24.841785733231728],[121.2701789557503,24.841898494655673],[121.27013293804468,24.841976042441587],[121.27014357976725,24.841987679011577],[121.26989994097158,24.84228222286045],[121.26994034895405,24.843367809879577],[121.27001782902381,24.843654076124693],[121.27009630989706,24.84389071200255],[121.27008960955678,24.843894407742514],[121.27007198812699,24.843917381022557],[121.27005117815891,24.843948296119265],[121.27000395422294,24.844040309696492],[121.26996027220225,24.844141354394683],[121.26992076144715,24.84425876022681],[121.26990006980826,24.844339711067963],[121.26987502716563,24.84450851712415],[121.26987422203122,24.844561561049083],[121.26987796218035,24.844620898662402],[121.2698910458154,24.844654325647518],[121.26990195625629,24.844675712529842],[121.26991469855314,24.84469317773135],[121.26993266308092,24.844709712591587],[121.26995293627485,24.844723191644455],[121.26997406182079,24.84473276884038],[121.27000581143416,24.844736620823344],[121.27003053577388,24.84473579969941],[121.27004901304447,24.84473327444414],[121.27009027629488,24.844725805528718],[121.27011390723104,24.844718115674542],[121.2701627716535,24.84468891041625],[121.27018860527893,24.84466582296662],[121.27028234507007,24.844597605614517],[121.27030563990472,24.84458551945586],[121.27036852041341,24.8445635025542],[121.27041311508066,24.844554691304083],[121.27044697549869,24.844555523853405],[121.2705234656704,24.844576728797655],[121.27061952677819,24.84462513726433],[121.2707066051127,24.844687772807404],[121.27076810710396,24.8447506893822],[121.27077834377837,24.844767021457166],[121.27078548784446,24.84479898747716],[121.27077830788566,24.844832369840972],[121.27075460071912,24.84487777200297],[121.27071828593778,24.844926754231373],[121.27064481744799,24.84499842917481],[121.27060700470645,24.84504565353032],[121.270570476638,24.845105804368934],[121.27054454604809,24.84515711516441],[121.27053248272264,24.84519715133538],[121.27053035586715,24.845238316137863],[121.27053163235705,24.845265670195744],[121.27053679886536,24.84528006130746],[121.27054636430483,24.845292566526346],[121.27056622729724,24.845308438790173],[121.2706673236485,24.845369748862186],[121.270711943357,24.845408707292787],[121.27072692705659,24.845433048081954],[121.27073388985461,24.845454451079917],[121.27073075853194,24.84550232588173],[121.27071947334073,24.845527084427154],[121.27067000783619,24.84560300443423],[121.27059862586948,24.845687965529972],[121.27052135472233,24.845776620881878],[121.2704885178866,24.845818951776124],[121.27037362030029,24.846004379455056],[121.27029792466479,24.84616256937405],[121.27028187148211,24.846206151910646],[121.2702783209698,24.846225118189597],[121.27027853107673,24.846267181607114],[121.27028213325912,24.846285665466976],[121.27028705531265,24.846296833851707],[121.2703033095437,24.846318463831285],[121.27033957307775,24.846341267431786],[121.27040787231729,24.846362776152702],[121.27043669752463,24.846377548792525],[121.27045833540417,24.84639507909988],[121.27046618569734,24.846410539746195],[121.27046560542267,24.846430358360838],[121.27044971352834,24.846466194166176],[121.27034778718722,24.846615249584683],[121.27031808313114,24.846674178187826],[121.27028881245603,24.84674587230395],[121.27026466861545,24.846822802701755],[121.2702639194785,24.846883331138844],[121.27027580876137,24.84692248430865],[121.27028445373767,24.84693481966414],[121.27030311327916,24.846952283151094],[121.27031821471283,24.846971558772623],[121.27033426517323,24.84700865493966],[121.27033427168831,24.84705719215712],[121.27031989144439,24.847114829045037],[121.27030292243896,24.84716503112802],[121.27029904219702,24.847187085749404],[121.27029995147879,24.84719572438137],[121.27030306185651,24.847210985952508],[121.27030577500948,24.847221029767788],[121.27031334185816,24.84724263934294],[121.27032911338605,24.84726519109651],[121.27036463085267,24.847299696974616],[121.27039794904096,24.847328410525265],[121.27041279988947,24.847350729194492],[121.27042221043324,24.847373843187057],[121.27042672186795,24.84741913101724],[121.2704141275354,24.84744259179971],[121.27034419304779,24.84752487770533],[121.27030951216871,24.847552107206404],[121.27028572609402,24.847575163882862],[121.27026415481123,24.847597485241167],[121.27024051663734,24.847624866295266],[121.27021356509168,24.847661977033567],[121.2702016141109,24.847681003640076],[121.27017461284649,24.84771345575423],[121.27012285839956,24.84778841365483],[121.27010209831467,24.847815247773973],[121.27008612235359,24.847839834174852],[121.27007485614517,24.847864375947804],[121.2700741809878,24.847866162297137],[121.27034306732895,24.84814453371674],[121.2705314936388,24.84833723024765],[121.27077601373043,24.848592943973408],[121.27078422524761,24.84860153325395],[121.27086356360242,24.84868450583303],[121.27087648583857,24.84869801613027],[121.27096722924408,24.848792921711173],[121.27111030655006,24.84894254431431],[121.2712166106577,24.84905372697505],[121.27132292485031,24.849164909538928],[121.27137619645082,24.849218272889125],[121.27157324171735,24.84941386966609],[121.27167847429322,24.849510727191497],[121.27177888852663,24.84957953746485],[121.27196927246302,24.849753014312416],[121.27210820134081,24.84986379623904],[121.2723630477265,24.850086948840616],[121.27259767370303,24.850315790214594],[121.27272058390218,24.850486333286614],[121.27289367675522,24.85066881065999],[121.27301215556642,24.85078877638647],[121.27311227744849,24.850860404548637],[121.27322948810752,24.851138079514687],[121.2733717370089,24.851290473783283],[121.27363937484638,24.85158866451833],[121.2737841526655,24.85175258590759],[121.2738774406931,24.85188654122231],[121.27399095909773,24.852032035577274],[121.27416763402543,24.852293425438102],[121.27435548172723,24.852595378788482],[121.27446465576733,24.852823872480766],[121.27456242843299,24.85305112548155],[121.27469101211165,24.853374456623534],[121.27474835211538,24.853510187659644],[121.2749418554322,24.854031252037178],[121.27512195958697,24.854516231003256],[121.27539945029505,24.855231712699084],[121.27554091259333,24.855603360449678],[121.27566785149979,24.855940582047793],[121.27607704220264,24.85705959085842],[121.27623050180549,24.857440498321118],[121.27644815495024,24.85801452501656],[121.27667182089061,24.858607736397975],[121.27694351403213,24.85928499888284],[121.2770214527385,24.85946204886331],[121.27719330485269,24.85987948678096],[121.27731091547442,24.86017697140195],[121.27751333970242,24.86078748068488],[121.27766865119068,24.86089329478086],[121.27780428439297,24.861018610718418],[121.278042678978,24.861318337087134],[121.27825146766554,24.861605252624123],[121.27852478667062,24.861944755805826],[121.27863884625069,24.862152703717783],[121.27864419205511,24.862162462560793],[121.27874401815156,24.86234226807857],[121.2787612381259,24.862426697370665],[121.27890175366191,24.86312148350885],[121.27890723989496,24.863154111215398],[121.27892749975425,24.863305426799542],[121.2789304789134,24.86332770352125],[121.27889838244809,24.86337331051255],[121.27886519035053,24.863466327182934],[121.2788560251151,24.863538887743932],[121.27887581819732,24.863540551129017],[121.2788885982097,24.863523341457093],[121.2789265586857,24.863446146423417],[121.27893914063148,24.863470102565287],[121.278944609256,24.863508102246286],[121.27898515651464,24.863611212993554],[121.2789393404892,24.863801763339307],[121.2788997021274,24.86389207699882],[121.27889985021567,24.863931621455514],[121.27887697798445,24.86396569249643],[121.27887268841219,24.86400333120127],[121.27884350688583,24.864034922157177],[121.27883937131612,24.864066222581922],[121.27881465391536,24.86431450671701],[121.27883275929028,24.864339093575463],[121.27879778533485,24.864435447574955],[121.27884081797455,24.864495018390937],[121.27882048636093,24.864598558809952],[121.27878042193119,24.86472408428625],[121.27874308623825,24.864764646689963],[121.2787350997313,24.864910101328906],[121.27869822019802,24.864964044802516],[121.27867353073242,24.865000157905556],[121.27864387115984,24.86510557556562],[121.2786142682528,24.865245129782444],[121.27862666625451,24.865337079742662],[121.27870043218047,24.865368352178656],[121.27874387135061,24.865436977816206],[121.27873094791197,24.86549471195462],[121.27881771412027,24.865758380122646],[121.27885661828441,24.866288965157707],[121.27894751384558,24.86695475375857],[121.27896192576861,24.86703991952142],[121.27914110876263,24.867226266473192],[121.27912833116618,24.867234361810908],[121.27916455727656,24.86732077784879],[121.27917957523152,24.867389284918602],[121.27917640002306,24.867508909099612],[121.27915976263624,24.8675609622637],[121.27919346329189,24.867611223975224],[121.27923552056107,24.867689774317423],[121.27926332176911,24.86773062131642],[121.27934404456141,24.867849176709754],[121.27936355163479,24.867880703761752],[121.27940450304001,24.86794707671105],[121.27947610538091,24.86805403847524],[121.27949663712295,24.868087682849215],[121.27961443329784,24.868527536717576],[121.27980583508733,24.869255712630313],[121.2798890351273,24.86956520007219],[121.27999172767593,24.869950830215945],[121.28020349697552,24.870796283226202],[121.28047234264346,24.871782093527656],[121.28048686113078,24.871843429978792],[121.2804781871265,24.871850915745096],[121.28046538422329,24.871863072254076],[121.28044937241881,24.871877516194978],[121.2804319480034,24.871896238979712],[121.28042396133704,24.871901813376066],[121.28041437759445,24.871909152993982],[121.28039519517367,24.871921522547243],[121.2803817310413,24.8719298382354],[121.28036083648233,24.871936158503864],[121.28033144234251,24.871943850242385],[121.28031175896304,24.871947639193984],[121.28027882018888,24.87195338450229],[121.28026855979742,24.871955523779132],[121.28023082783396,24.871961906727396],[121.28019385811427,24.87197295661771],[121.28018678319471,24.87197551927825],[121.2801713886094,24.871983368101674],[121.28013967867972,24.87200153463828],[121.2801135064617,24.872020526800757],[121.28009069016804,24.87204324208418],[121.280070057461,24.87207070719727],[121.28004386078662,24.872086586026168],[121.2800335777873,24.872092752761592],[121.28002527494446,24.872102341772592],[121.28003155727204,24.87213596984541],[121.28003896690652,24.8721600982187],[121.28004635670787,24.872179709634743],[121.28004726365938,24.872194603156593],[121.28004812028348,24.872208665641914],[121.2800496514306,24.872224632235167],[121.28005434450303,24.872259047172935],[121.2800560488148,24.872269537914132],[121.28006250482275,24.872296734785643],[121.28006946175212,24.8723219190687],[121.28007718195184,24.8723451831607],[121.28008434247377,24.87236698905196],[121.28009292876392,24.872385232288714],[121.28010049978664,24.872407270923066],[121.28011019079864,24.872433545887887],[121.28012525487543,24.87246485417703],[121.28014447384302,24.87249518528039],[121.28015881372586,24.87252428118577],[121.28016830637178,24.872538569646323],[121.28017655579508,24.87255311721212],[121.28021756230741,24.872606407281335],[121.28026419992166,24.872653042711164],[121.28029027068723,24.8726727267166],[121.28031584652403,24.872695781780266],[121.28034633755907,24.872717361755594],[121.28036881983027,24.872737295691245],[121.28040405214418,24.872759217664665],[121.28042469831736,24.872777129608295],[121.28044218346456,24.872789468755112],[121.28045374282497,24.87279659875402],[121.2804736188162,24.872807215639167],[121.2804835948453,24.872815351695582],[121.28049247280869,24.87282038832441],[121.28050674744333,24.872824513211242],[121.28057122687783,24.872885800355306],[121.2805724404792,24.87290608503857],[121.28047415375822,24.872935377462813],[121.2805849097376,24.87332664366645],[121.28080432305093,24.873182083427075],[121.28084940632951,24.873371258734547],[121.28063334795904,24.873529954938235],[121.28063471450436,24.873534692314227],[121.28081338146094,24.87420934783843],[121.2808742649992,24.874441398248504],[121.2809376966717,24.87467961960864],[121.2810000911576,24.87492160088395],[121.28105909409084,24.875136820437586],[121.28116016374541,24.875513689114037],[121.28125096709765,24.875905472584947],[121.28133983733586,24.87616352900445],[121.28146934072318,24.8764895642008],[121.28159880031961,24.876779806053136],[121.28175226043226,24.877036767174452],[121.28188657781092,24.87723998558893],[121.28197836606599,24.87736120967628],[121.28204878624189,24.87744364421723],[121.28230586254543,24.877737967107322],[121.28257859132965,24.87804988902298],[121.28273137688298,24.878226332766864],[121.28293490506721,24.878463649849206],[121.28304435188669,24.87860576996205],[121.28310906187414,24.878696579203048],[121.28323106781014,24.878867015226987],[121.28324561205876,24.878888131864727],[121.28333076307344,24.879029160450273],[121.28346443023268,24.87926382370241],[121.28374732130627,24.87926274835652],[121.28390061211634,24.879540005607684],[121.28396953680029,24.87968018477747],[121.2841063687594,24.87996611972534],[121.28418559100255,24.88015473943184],[121.28424417684363,24.880304127894934],[121.28428926169869,24.88044183611578],[121.28435129605475,24.880677173323704],[121.28444060679176,24.881030675417414],[121.2844860665688,24.881198919571283],[121.28452097959483,24.881415743213278],[121.28453439928575,24.8815075939059],[121.2845598790581,24.881710097709895],[121.28458218954044,24.88190264734281],[121.28459683780687,24.882030296588006],[121.28461609636831,24.882365322688823],[121.28461893149259,24.882627021728755],[121.28461533975496,24.883006341690884],[121.28461404026118,24.883260360746252],[121.28461405104098,24.88337289691051],[121.2846134060825,24.883423321315487],[121.28461339979634,24.883698224850313],[121.28461338981327,24.884134482564765],[121.28461338974746,24.88415189838868],[121.28461338716865,24.884276263399304],[121.28461337782429,24.88466151385187],[121.28459619809232,24.884896153893536],[121.28459569172453,24.885107668703565],[121.28462928937307,24.885190308844766],[121.28463618681795,24.88520998114147],[121.28462022895468,24.88521550436469],[121.28466565734807,24.885325594506767],[121.2846804856449,24.885320607158814],[121.28473131700832,24.885439797419693],[121.28476669623167,24.88552653914392],[121.2848299529021,24.885682590878947],[121.28481570315162,24.885688423924233],[121.2848646469275,24.88579053839697],[121.28492489669782,24.885870217946657],[121.28494956041368,24.885915131845486],[121.28496616146352,24.885939693732738],[121.28496697431497,24.88594726895962],[121.2849675632363,24.885954861406415],[121.28496792780031,24.88596246556616],[121.28496786196801,24.885968116997713],[121.28496729057592,24.885973744663602],[121.2849652023339,24.885987679001612],[121.28496303335261,24.88600160307334],[121.2849611177086,24.886012633800725],[121.28495770518487,24.886029013378696],[121.28495367068513,24.88604527488369],[121.28495073303678,24.886057447172092],[121.28494841899018,24.88606973088485],[121.28494776584813,24.88607521740252],[121.28494744005027,24.8860802629232],[121.28494723133676,24.886085313601587],[121.2849472570816,24.886088950915575],[121.28494755017022,24.886092578466986],[121.28494810928314,24.88609617992424],[121.28494893190317,24.88609973907323],[121.28494984706356,24.886102618639455],[121.28495101663458,24.886105420530182],[121.28495243282386,24.886108126077467],[121.28495408619584,24.886110717255253],[121.28495584599679,24.886112995727302],[121.28495782702714,24.886115117714926],[121.2849720280799,24.886128753436463],[121.2849833297794,24.8861392801629],[121.28500247425599,24.886155421316335],[121.28502851792531,24.88617421026398],[121.28504913732449,24.88620832440495],[121.28521452652062,24.88654198918149],[121.28531635768866,24.886748881587007],[121.2854221393543,24.886963411142016],[121.28553800378893,24.887198217084805],[121.28577471043718,24.887674368061788],[121.28588428576319,24.887846551537702],[121.2861222713784,24.88826286558772],[121.28618098289674,24.88838260299129],[121.2862842126341,24.888456689804542],[121.28667494175188,24.88873534952388],[121.28703734613369,24.889042795224125],[121.28712625929624,24.889126917638844],[121.28742737250286,24.889375340158203],[121.28793209670157,24.88975693036987],[121.28815920304937,24.889941667652003],[121.28906470820279,24.890680303768438],[121.28967890921251,24.891192281698537],[121.29017227869089,24.89159768293031],[121.29062994199234,24.891982519838635],[121.29068808913162,24.892035275121884],[121.2910231607496,24.89236724448464],[121.29105672600612,24.89240137189321],[121.29084062963227,24.89239864209166],[121.29087397408797,24.892435996024094],[121.29091807376847,24.89248586142334],[121.29110556241265,24.892674181903896],[121.29131753288112,24.892891574848917],[121.29155710604212,24.89314108681128],[121.29169391141559,24.89328034617303],[121.29176977893772,24.893357715990955],[121.2918281498018,24.893416067772446],[121.29185574434628,24.893442521203223],[121.29187454332359,24.893457913590968],[121.29189173406739,24.893471104023043],[121.29191839368988,24.89352172714779],[121.29196306352372,24.893570313753884],[121.29211127569543,24.893720740907405],[121.29216260144092,24.893774957486183],[121.29220552149232,24.893820763378034],[121.2922356738186,24.89385079965383],[121.29250084636936,24.894119657414542],[121.29258934790454,24.894217738719178],[121.29263687590907,24.894268341009013],[121.29271067803491,24.894347221103736],[121.29280400392099,24.89443945405202],[121.29294370304439,24.894585543060494],[121.29302722776443,24.89467213139106],[121.29307675090521,24.894724834356847],[121.29318334993023,24.894834581377385],[121.29321916888063,24.894868730868378],[121.29330781463054,24.89496153446748],[121.29343361934083,24.89509056375536],[121.29348560772317,24.895146134827463],[121.29350345727094,24.895149809901685],[121.29353128620161,24.89514668368354],[121.29355091346213,24.895136340767134],[121.29364315266079,24.89506320755347],[121.29419432201419,24.89567066647402],[121.29441667344591,24.895910594147356],[121.29482070776596,24.896087165059303],[121.29521430066785,24.896259730930147],[121.29530861517325,24.89631219940536],[121.29531832749535,24.89631764239344],[121.29544573821421,24.89638851981005],[121.29624890446728,24.8965778043435],[121.29659110981515,24.896695890273463],[121.29711560120718,24.896667452951142],[121.29712842886711,24.896645972655378],[121.29717577867969,24.896566684177618],[121.29718156536694,24.89656961149418],[121.29786457661542,24.896479838414198],[121.29812411798707,24.896518594674735],[121.29816608720743,24.89651103294255],[121.29818130720537,24.8965241339941],[121.29856659470029,24.896590599145654],[121.29906753152683,24.89660619948108],[121.29949926551537,24.89668184134851],[121.29956147533838,24.896623239505672],[121.2996031930157,24.896599984307816],[121.29962548683466,24.896612000576187],[121.29963964919386,24.896621744814148],[121.29965346383254,24.89663364978805],[121.29966574646645,24.896646979130914],[121.29967575099761,24.896660698091086],[121.29968438710405,24.89667599012872],[121.2996990615262,24.896704860586773],[121.2997563085812,24.896796441737973],[121.29982566107152,24.896905526527377],[121.29991729850232,24.89704111127516],[121.29995000418387,24.897082834020537],[121.29999647215202,24.89715153220752],[121.29999403280904,24.89715258715106],[121.3000314343463,24.897265584023728],[121.30004044143715,24.897262889961986],[121.30009932916165,24.89746172857326],[121.30011694192841,24.89751625937634],[121.30013132439957,24.89755432613672],[121.30015009119508,24.897601101835843],[121.30017009473639,24.897647886957195],[121.30018408751536,24.897678983196688],[121.30020404632342,24.89772130487997],[121.30023188568647,24.897776854637026],[121.3002726810163,24.89785203638644],[121.30032484623501,24.89793892224861],[121.30037431517525,24.89801364983116],[121.30047293915769,24.89814856954234],[121.30050402707056,24.89818898601877],[121.3005321519393,24.898231544735708],[121.3005571538956,24.89827615039177],[121.30057978403552,24.898324905977514],[121.30059527392778,24.8983657292737],[121.30060876590342,24.89841006616005],[121.30062271364874,24.89846286453688],[121.30068592532007,24.898733583742317],[121.30071647117387,24.898865671808448],[121.30076292541938,24.899080384918392],[121.30080285986034,24.89924527649288],[121.30084349617444,24.89941220943081],[121.30085275164733,24.899455051552657],[121.30085828910424,24.89949674150213],[121.3008602326289,24.899527392557154],[121.30086038938391,24.89955820455195],[121.30085831188745,24.899593980254828],[121.3008545756073,24.899624683425323],[121.30085031208698,24.89964901221627],[121.30084646255033,24.89966675226772],[121.3008434896775,24.89967878383695],[121.30084058187293,24.899689534118792],[121.30083577989996,24.899705619756265],[121.30083451482257,24.899720728052475],[121.30083191538915,24.899732318494358],[121.3008286173617,24.899741919889934],[121.30082146201472,24.899756370581155],[121.30081464669097,24.899766440357975],[121.30080454420398,24.89977791493258],[121.30079370085015,24.899787354988835],[121.30078207617217,24.89979520209475],[121.30077224894671,24.899800423963107],[121.30076755643651,24.899802528959064],[121.30075803498285,24.899806111051895],[121.30069466304646,24.899826825104608],[121.30074807888263,24.899937337193343],[121.30075538793345,24.899936603606932],[121.30082620816913,24.899916927352294],[121.30087486835146,24.899884641558312],[121.30091627166458,24.899847499018303],[121.30094212795032,24.899816565702952],[121.30122479637531,24.899692127295108],[121.30146260939243,24.900030842478778],[121.30150341015543,24.900241889693774],[121.30158182458591,24.900403222600463],[121.30166450299112,24.900469802579945],[121.3016737147468,24.900549586175817],[121.30179247548017,24.900885221338825],[121.30173955738243,24.90093945462046],[121.30175544648614,24.900951522582652],[121.30180293278772,24.900907265647444],[121.30186972322022,24.90112819141832],[121.30169522308628,24.90166460687346],[121.30155545377234,24.902334157207484],[121.30152635758186,24.902345370040027],[121.30205740738417,24.90284639983381],[121.30195365103351,24.90293759607967],[121.30226319715709,24.903210522032918],[121.30280327561964,24.90318472506143],[121.30305444395202,24.903095510847074],[121.30310845389572,24.90303909990768],[121.30410068359096,24.903148301735012],[121.30414259718683,24.903164891779674],[121.30426666222893,24.90321752726829],[121.30434475366415,24.903244913680485],[121.30452663753958,24.903398123145873],[121.30451525373809,24.903413893717573],[121.30447881546594,24.903555172529558],[121.30445981667292,24.903634859996075],[121.30441858885575,24.903724388652762],[121.30442792625908,24.90386666647098],[121.30442806232466,24.904014939874173],[121.30444695543895,24.90405354294016],[121.30469224773073,24.904155234793954],[121.30479226710057,24.904219177373257],[121.30485338517315,24.90423968242074],[121.30494131381384,24.904189187351673],[121.3049933775907,24.904178851724524],[121.30502818743417,24.904168614557808],[121.30515042698768,24.904259298769656],[121.30522654151072,24.90433179471726],[121.30527877048152,24.904388593948884],[121.30544775063345,24.904429571114452],[121.30547060111843,24.904418834682808],[121.3055133561962,24.904362825125624],[121.3055542899025,24.90437118285861],[121.30562856593122,24.90434418922896],[121.30564463392545,24.904316746041065],[121.30576515127106,24.904387200593337],[121.30582878922549,24.904445989581866],[121.3058803035207,24.904529983650118],[121.3059729018667,24.90460294197314],[121.30612599223016,24.904699222908473],[121.30629416758916,24.904682572390964],[121.30634826390943,24.90464944439983],[121.30640457652184,24.904647947401063],[121.30652569077728,24.90466719996693],[121.30672519159752,24.90472450856278],[121.30681736491343,24.904817483222494],[121.30686726319615,24.90484411372167],[121.30689909944667,24.904904358034145],[121.30688483000844,24.904934470064063],[121.30691352220326,24.904972258147076],[121.30689488593241,24.905009854688306],[121.306930844328,24.905083732444847],[121.30696826741628,24.905157435637868],[121.30700073627322,24.905261258774537],[121.30703830170958,24.905336442314333],[121.30716523825771,24.90545598803851],[121.30719331469093,24.905480884757765],[121.30733742213259,24.905578600382054],[121.3073431292623,24.905612661853464],[121.30750198437295,24.905701390744724],[121.30760036614814,24.905758554445704],[121.30772565206266,24.90585478269389],[121.3077920973429,24.905879329290837],[121.30785012272791,24.905913607805584],[121.3079964119186,24.905992548209145],[121.30812803461424,24.906097033053765],[121.30824474187824,24.906182625049972],[121.30815415265707,24.90625975021908],[121.31137892223946,24.90785894798772],[121.31140092995393,24.907875252492058],[121.31140965638606,24.907928537993264],[121.3114383936587,24.907955852128154],[121.31170471880814,24.9080469161153],[121.31181113926603,24.908039687650188],[121.31189362787323,24.908044139745606],[121.31216751033453,24.90813032781448],[121.31223852721126,24.908198658017618],[121.31222238057059,24.908248970004912],[121.3122857826772,24.908281820679655],[121.31238564351875,24.908334978491748],[121.31242680995169,24.908238495975617],[121.31249992572,24.908261482621672],[121.31255334777543,24.908255475142887],[121.31256782299957,24.90822492879689],[121.31278196785514,24.90827605016859],[121.31278166044146,24.90831118034265],[121.31281928649726,24.90832226957849],[121.31281220334104,24.908371308679307],[121.3129715459488,24.908336404667715],[121.31295175760756,24.908403382789764],[121.31329737185719,24.908397339543214],[121.31349457586575,24.908462760348307],[121.31360467839625,24.908537473702225],[121.3137366612347,24.908671836770427],[121.3138483679208,24.908903126197117],[121.31393886099417,24.909128325913336],[121.31401145163301,24.90916498483288],[121.31413558094727,24.90924854553197],[121.31413258841377,24.90926521697578],[121.31414835058074,24.90929733392791],[121.31420045877586,24.909327460298833],[121.31424458483202,24.909379795285826],[121.31441797631334,24.909453935491495],[121.31500339995279,24.90995538054088],[121.31518154147143,24.910001608834346],[121.31528807347962,24.91009223650255],[121.3155542546122,24.91033395079014],[121.31565733507112,24.910340106728025],[121.3158212239476,24.910305460898645],[121.31585638042168,24.91032996176504],[121.31594042566907,24.910383439557894],[121.31603898439937,24.910413828012125],[121.31605970357106,24.910456289826136],[121.31607669309916,24.910534701608537],[121.3162264881482,24.910668266267177],[121.31632306715403,24.910776266866808],[121.3164710414841,24.91086336595141],[121.31660411729686,24.910892380694314],[121.31686679810181,24.911118544076025],[121.31694733254437,24.9111187972966],[121.31705187020944,24.911222275325894],[121.31708379051946,24.91128571323784],[121.31713717040927,24.91131700955126],[121.31735099193294,24.911563996112285],[121.3176170952596,24.911726121438758],[121.31780112815358,24.911983923584724],[121.31784622499958,24.91205485390196],[121.31785740334992,24.91207090965815],[121.31788795894727,24.91210803965652],[121.3179150905071,24.91215255691531],[121.31793257954996,24.912201282017573],[121.3179937869229,24.912354661393596],[121.3179893588782,24.91241147751834],[121.31795611859917,24.912544022076062],[121.31792424210487,24.91256750969423],[121.31797662555893,24.912986044842032],[121.31800433386799,24.913004855116174],[121.3180089507554,24.913156847375856],[121.31808167245305,24.913306737329307],[121.3180899211635,24.91336061876165],[121.31806000444415,24.91339632509105],[121.31805366116647,24.913435919112324],[121.31807670960748,24.913455840772883],[121.31808991389993,24.913501342818236],[121.31811393522592,24.913517480826528],[121.31812784214753,24.913613470397358],[121.31807658884355,24.913721456472047],[121.31808949632466,24.913782460905985],[121.31811487309453,24.913802633370217],[121.31812060861662,24.91383165006193],[121.31805044452835,24.913860937761054],[121.31809822564547,24.91404017592708],[121.3181136551944,24.914208305927833],[121.31816630999562,24.91437846636976],[121.31844553524931,24.914809076664667],[121.31882837422634,24.915341173277906],[121.31890796029896,24.915454527731594],[121.31915230797162,24.91577483079815],[121.31940292661167,24.916116127473416],[121.31970471820964,24.916460838848394],[121.32004242828886,24.91685281997408],[121.32036923107147,24.91713900222758],[121.32049357775743,24.917260870669164],[121.3206250850337,24.917387288618816],[121.32063542335501,24.917396493850905],[121.32064594172353,24.91740585899941],[121.32080370217824,24.917556894259334],[121.32084873662703,24.917600817991428],[121.32100443996426,24.917749371091823],[121.32105732170358,24.91779927507554],[121.3210612411203,24.917802973997],[121.32107902069343,24.9178185233458],[121.32108405567179,24.91782292700418],[121.32118755661931,24.917905866772543],[121.32123860887646,24.917947002936607],[121.3212454595415,24.91795213984283],[121.32133462660155,24.91801900398596],[121.32134664112449,24.918028013087092],[121.32148654997387,24.918137157635254],[121.32165296713968,24.91826597054204],[121.32185344509169,24.91841952230094],[121.32190917041893,24.918461888095013],[121.32204164438618,24.918475937651884],[121.32204379176645,24.918475372021845],[121.32212088659654,24.9185326754388],[121.32225658509148,24.91860057120002],[121.32232324518482,24.918575949304824],[121.3224348297292,24.9186549045338],[121.32253064230062,24.918721810267122],[121.32256573325247,24.918684488534563],[121.3225752692545,24.918688296643612],[121.32269903466832,24.918742273835893],[121.32289571208776,24.918827254654836],[121.3230369235554,24.918888535986863],[121.32304786690769,24.91900139452367],[121.32343827739906,24.919156496566288],[121.32344201459425,24.91915798021165],[121.32346301204775,24.919170133067357],[121.32352388152704,24.91920424695303],[121.3236135012718,24.919254467467216],[121.32371399976381,24.919311768494293],[121.32379144022804,24.9193557102272],[121.32377286019586,24.919480709565974],[121.3237719169801,24.919486900907803],[121.3237478348424,24.919644552828757],[121.32411557735668,24.91986100906409],[121.32430754463283,24.91996815959358],[121.32440063318839,24.920014920905604],[121.32440889126103,24.92001907229203],[121.32470984668974,24.920161689993],[121.325055926068,24.9203221776875],[121.32533732043844,24.92044736544885],[121.32546991450477,24.920505579152348],[121.32560125448666,24.920562701648937],[121.32591202846594,24.92069118313144],[121.32609286184358,24.9207680269771],[121.32677885758787,24.92077718604388],[121.32742908582777,24.920881476117682],[121.3280665242522,24.921053459148762],[121.32846919068666,24.92122394233233],[121.32884131694459,24.921446921822366],[121.32929507334353,24.921657791438847],[121.32984309857167,24.9217761163514],[121.32996101399014,24.921832175065653],[121.33051944019832,24.922047232172613],[121.33081357295684,24.922057525381963],[121.3308999998736,24.922048314671876],[121.33095436095715,24.922028702013648],[121.3309779125913,24.922054073766397],[121.33096950371821,24.922089998255416],[121.33122983413664,24.922151590847132],[121.33144610341243,24.922334920266376],[121.33149223820516,24.922374285158728],[121.33159961413664,24.92246599638121],[121.33171278674759,24.922568344973566],[121.33188641150814,24.922769826049052],[121.33192612987885,24.922808011382642],[121.33193246400651,24.922814101077563],[121.33208489246147,24.922886305404578],[121.33267655153551,24.92315784809547],[121.33304459123097,24.92333012462727],[121.33332168694098,24.923450607944797],[121.33331241227395,24.923522696661728],[121.33391969291759,24.923786450399874],[121.3340460966036,24.92382041850655],[121.3347432635972,24.92426943808439],[121.33497015183661,24.924499456438856],[121.33517519883596,24.924689453530263],[121.33524639315911,24.92474157631162],[121.33529795990317,24.92476276074582],[121.3353984760337,24.924705399167195],[121.33546009368855,24.924638931800853],[121.33552741146701,24.924704388596012],[121.33564163436942,24.92481555993884],[121.33580562052498,24.924975350370527],[121.33617998381733,24.925121265960573],[121.33654646993843,24.925260029761358],[121.33680570879389,24.925361232310024],[121.3371359467992,24.92545881657822],[121.3372632275952,24.925517644051556],[121.33746045648269,24.92555480275285],[121.33773385410997,24.92562377883279],[121.33796263623132,24.925663818646818],[121.3381997290798,24.9257650777988],[121.33849465980315,24.925879730229585],[121.33863570073567,24.925921058950276],[121.33864142912614,24.925943605419356],[121.33890463975241,24.926038333442907],[121.33906198834623,24.926083534101277],[121.33912508913897,24.926106314121167],[121.33913941752687,24.926117892126957],[121.33925784730846,24.92619986305247],[121.33937878679151,24.92628238421316],[121.33950327599587,24.926336393099184],[121.33954437756387,24.926352027246843],[121.33963538668885,24.926395671468516],[121.33984527661684,24.92654113844152],[121.33987756885718,24.926588338879192],[121.34007850554627,24.926709104927355],[121.34031017441265,24.92689288325971],[121.34043773706864,24.927018127909953],[121.34063844715186,24.927164293202793],[121.34082028589367,24.92731364631696],[121.34089906827887,24.92736685532035],[121.34097646623573,24.927404491481905],[121.34102902963758,24.92742993258999],[121.34113985848589,24.9274556162882],[121.34130084799395,24.92749309817461],[121.34136261005087,24.927536078041328],[121.34141391849089,24.92757125090081],[121.3414725826428,24.927559425570575],[121.34156863100561,24.92761776846199],[121.34162478575313,24.927652108630202],[121.34171214102643,24.927705436368328],[121.3417404946778,24.92772198905109],[121.34192087249866,24.92777725580174],[121.34200438273349,24.927837221871133],[121.34202247079686,24.92789632706598],[121.34204097061318,24.927953966649742],[121.34209901575221,24.927985747467577],[121.34215674603186,24.928018001650038],[121.34221415680963,24.92805072660346],[121.34223056082965,24.92806270140768],[121.34224686344166,24.928074790816662],[121.34226306368275,24.928086994116367],[121.34227916059602,24.928099310586035],[121.34229515323075,24.92811173949819],[121.34231104064226,24.928124280118737],[121.3423268218922,24.928136931706998],[121.3423424960484,24.928149693515675],[121.34235806218508,24.928162564791048],[121.34237351938278,24.928175544772873],[121.34238886672851,24.928188632694496],[121.34240410331579,24.9282018277829],[121.34241922824462,24.928215129258735],[121.34243424062164,24.928228536336345],[121.34244913956014,24.928242048223858],[121.34246392418004,24.92825566412323],[121.34247859360812,24.928269383230212],[121.34249314697787,24.92828320473453],[121.34250758342971,24.928297127819814],[121.34252190211086,24.92831115166372],[121.34253610217564,24.928325275437935],[121.34255018278522,24.928339498308233],[121.34256414310796,24.928353819434577],[121.34257798231921,24.928368237971092],[121.3425916996016,24.928382753066163],[121.34260529414483,24.928397363862445],[121.34261876514589,24.928412069497],[121.34263211180915,24.928426869101223],[121.34264533334618,24.92844176180098],[121.34265842897611,24.928456746716666],[121.34275587504911,24.928384006170496],[121.3429809614268,24.928694522466557],[121.34308518957886,24.92883891411079],[121.3431514590582,24.92891855463508],[121.34335853133072,24.929216809298403],[121.34364517797736,24.92961129917553],[121.34391025503852,24.929842298538745],[121.34394981724114,24.92986846927456],[121.34398948684459,24.92989450449096],[121.34402926329061,24.92992040382149],[121.34406914601938,24.92994616690164],[121.34410913446965,24.92997179336879],[121.34414922807865,24.929997282862224],[121.34418942628207,24.930022635023224],[121.34422972851425,24.930047849494922],[121.34427013420796,24.930072925922435],[121.34431064279453,24.930097863952824],[121.34503258136064,24.930588315246442],[121.34536277162826,24.930807153688107],[121.34549794761799,24.93090230811869],[121.34558222012514,24.930936848537215],[121.34567782817045,24.9309762287117],[121.34579507366281,24.93102454665327],[121.34588737420304,24.931085300944602],[121.34592904843872,24.931131815843717],[121.34602985788817,24.931164664356103],[121.34615099781942,24.931203991731138],[121.34619557806111,24.931218812833617],[121.34625277457424,24.931275288513465],[121.3462946628999,24.93131723435652],[121.34636114681975,24.93135436640304],[121.3464420084208,24.93140023745741],[121.34649234523596,24.931450719495516],[121.3465368851528,24.931496220986947],[121.34658121224099,24.931536271686106],[121.34670570211377,24.931616410010733],[121.3467237124356,24.93162730082946],[121.34678237009092,24.931663579316638],[121.34679140148464,24.931669113986928],[121.34680524119823,24.931678154571774],[121.34684068902153,24.931700567139053],[121.34685116605529,24.93170683657235],[121.34689376336047,24.931733565244304],[121.34694911188451,24.931767803593523],[121.34695290458933,24.931770627884724],[121.34701339671265,24.93180884281135],[121.34701786561635,24.93181183561223],[121.34703222784348,24.931820816952992],[121.34704391908943,24.931828233878043],[121.3470646680648,24.93184129006904],[121.34710497089837,24.931866667457648],[121.34711541943781,24.93187333877153],[121.34713212020336,24.931883560977347],[121.34714299337789,24.93189075494551],[121.34715619360996,24.931898900021263],[121.34716918959074,24.93190735930339],[121.3472083911243,24.931931035201007],[121.3472238375046,24.9319409145187],[121.34723856630046,24.931949929406734],[121.34725189664071,24.931957779558726],[121.3472603461968,24.93196337549534],[121.34726734203763,24.93196765887626],[121.3472842771037,24.931977808688142],[121.34731000920094,24.931992075798068],[121.34731423316401,24.931994814179813],[121.34734780276172,24.93201355048642],[121.34736573226243,24.93202339066242],[121.34741783076113,24.932052028540923],[121.34743937992488,24.932064730780414],[121.34749242112184,24.932093924175156],[121.34751266729184,24.932105535277664],[121.34756211680156,24.932132637491986],[121.34760322083199,24.93215562941005],[121.34767107494706,24.932193255772383],[121.34770593690321,24.93221255860916],[121.34776125593642,24.932243096873382],[121.34777079712732,24.932248407995072],[121.34782610567521,24.932278832521856],[121.34785404892153,24.93229419741751],[121.34788390379366,24.93231059020684],[121.34789823037035,24.932318816833824],[121.34792282261806,24.93233229353587],[121.34797333414359,24.932354712235547],[121.34798388806232,24.932359433744736],[121.34799401952071,24.932363303046618],[121.34799934384138,24.932366273016836],[121.34801688581967,24.93237419718366],[121.34812707505189,24.9324232755919],[121.34815172652321,24.93243451561137],[121.34818644674462,24.93244956109412],[121.3482271827952,24.93247495518885],[121.34827983350506,24.932497982632874],[121.34830464549486,24.932509238157163],[121.34833392006576,24.932522856271852],[121.3483371722169,24.932524770166413],[121.34835080216342,24.93253105783196],[121.34836664115016,24.93253844067007],[121.34840078718598,24.93255440959659],[121.34848629171819,24.93256651736875],[121.34854850367039,24.932575140902895],[121.348559516295,24.93257624887923],[121.34856898425618,24.932579546905814],[121.34858325639945,24.932584109914615],[121.34859894296166,24.932589307594572],[121.34860487530823,24.9325908239183],[121.34861194139252,24.932593619913053],[121.34862536766236,24.93259831402211],[121.34864437801227,24.932604573868733],[121.34869743746985,24.932622244478587],[121.34873573413896,24.932635439150744],[121.34874174077247,24.932637142026593],[121.34874753501305,24.93263930089712],[121.34878343097274,24.932651477090396],[121.34880060375701,24.93265721790835],[121.34882070220442,24.93266985062693],[121.34884082628544,24.932682644839026],[121.34890688785003,24.932724648521102],[121.34893553961028,24.932749750053503],[121.34894549057691,24.932758486503953],[121.34898163182159,24.93279032307521],[121.34903184581576,24.93283412873716],[121.34904367342713,24.932845106662803],[121.34917336475509,24.93295826357547],[121.34919451246331,24.932973013238364],[121.34921901372348,24.932991023380534],[121.34926551405883,24.933023929215825],[121.3492438230899,24.933055607843546],[121.34926886593709,24.933068861996116],[121.34940063059909,24.93313995246999],[121.34943825946479,24.933159958412308],[121.34944335363612,24.933163018748658],[121.34950356150108,24.933197846397796],[121.34952951919408,24.933212257015562],[121.34956609001821,24.933232848659987],[121.34959895887548,24.933251517037647],[121.34964829320441,24.933279489653614],[121.34970879079366,24.93334434423807],[121.3497655233299,24.933404634973783],[121.34981431844129,24.933457178576546],[121.34984517499657,24.933494206719928],[121.34990282775377,24.93356240853281],[121.35000837438314,24.933687370730524],[121.35006160391117,24.933733157670083],[121.35015751803283,24.93381691060027],[121.35024413274343,24.933892822417494],[121.350288116208,24.933931096619045],[121.35033240011884,24.933969978856375],[121.35038281153516,24.934013740870874],[121.350391142575,24.934020843307422],[121.35042949488232,24.934054981156454],[121.35047636477324,24.93409610771282],[121.35051358807199,24.93412823283887],[121.35052608129666,24.934138637760217],[121.35053471782479,24.93414672380289],[121.35054819082109,24.934158467673473],[121.35055815254093,24.934167150735494],[121.35060739460148,24.934210712192648],[121.3506393919977,24.934231787747127],[121.35068870723387,24.934264779084963],[121.35071474061662,24.934282419569143],[121.35076086780519,24.934312958925492],[121.3507817362281,24.934326984617435],[121.35080838803131,24.93434489851725],[121.35087845740983,24.934391999967257],[121.35094365494808,24.934435844599957],[121.35095183955741,24.934440992087705],[121.35096813322882,24.934451769535144],[121.35098286958169,24.934461515853666],[121.35098978633962,24.934466228573257],[121.35099713247476,24.934471233650168],[121.35100233724688,24.93447559399938],[121.35107771303257,24.934527131601865],[121.35110084878929,24.934732337627263],[121.35112881538396,24.93498085686994],[121.35114204352581,24.935026838857237],[121.35121280035757,24.935368255742766],[121.35129683362437,24.9356111339258],[121.35134008781336,24.935801188123094],[121.35136759576422,24.93592205474284],[121.35137638245517,24.935954189800256],[121.35140296132543,24.936058377737144],[121.35142259307491,24.936136487351266],[121.3514597963478,24.936252824114188],[121.35147855837525,24.93631114022544],[121.35152077459462,24.936432094997574],[121.35153720548303,24.936479171488138],[121.351606819827,24.936634458324843],[121.35165324184241,24.936738010420793],[121.35181965298584,24.93707489310113],[121.3519055630191,24.937209988328984],[121.35209683611697,24.937473902409746],[121.35224373560037,24.937667309588534],[121.35240840261405,24.9378652767689],[121.35252467468227,24.938005061725775],[121.35259993955754,24.938083465826917],[121.35292204056812,24.938430625537613],[121.35312833170654,24.93863670994011],[121.35350915786728,24.939044335795135],[121.35363918806276,24.939197715392602],[121.3537515132172,24.939314979797317],[121.35376431678648,24.939328997508724],[121.35381043936104,24.939377379253497],[121.35384374288411,24.93941671793477],[121.35384726004706,24.93942088067886],[121.35393658692435,24.93951509600926],[121.35397623941435,24.939555051564763],[121.35399489884819,24.939573858425273],[121.35402333980791,24.939602510027044],[121.35405536572179,24.93963478250041],[121.3540852466845,24.939664902288797],[121.35411208886781,24.93969194159803],[121.35414000358641,24.939720070783107],[121.35416795805419,24.939748245009998],[121.35421879246054,24.9397994593532],[121.3543124625565,24.939892174448527],[121.35442251789405,24.940004739955263],[121.35450846080097,24.94009260702247],[121.3546040226757,24.940185344511814],[121.35481006901824,24.94039497972922],[121.35481464683234,24.94039951911447],[121.3548661185741,24.940451806083047],[121.35494684823622,24.940537780320696],[121.3550341611437,24.940636983406705],[121.35515790024262,24.940766073725538],[121.3552275824159,24.94083574186235],[121.3552738651514,24.940884330404664],[121.35542624064686,24.941040762263057],[121.35552874035706,24.94114903841977],[121.35565609151874,24.94128390685606],[121.35587387793764,24.941559906937066],[121.35592230339213,24.941616552459635],[121.3559623700804,24.941658908013242],[121.35597180669768,24.94166922292114],[121.35606191512863,24.941768951369937],[121.3561510803424,24.941866954294937],[121.35628327982697,24.941759687697193],[121.35640786716299,24.941890359042205],[121.3564386790941,24.941923590890468],[121.35654582450125,24.942038743831418],[121.35660120691139,24.942093747378408],[121.35664009483509,24.942132385888723],[121.3566665397941,24.942158649232894],[121.35680484992797,24.942322733208876],[121.35689265876641,24.94241095551073],[121.35693968629455,24.942463288491385],[121.35730923778566,24.942811212681722],[121.35753607758134,24.943013914523398],[121.35756582123864,24.943043916546813],[121.35783116525677,24.943312992144506],[121.35789838660637,24.943390167440494],[121.3582508855604,24.9437359001624],[121.35836268530625,24.94384317686946],[121.358587270339,24.94404906947644],[121.35924225896927,24.944627101879888],[121.35939649455472,24.94475920269822],[121.35945021112394,24.944805749613206],[121.35952858960914,24.94487450990435],[121.3595691531923,24.94490986629169],[121.35958242620605,24.944921435670498],[121.3596595275418,24.944986822375576],[121.3597493947058,24.94506299416236],[121.35982480121002,24.945124385319254],[121.35992040975623,24.94520661920324],[121.35995039847663,24.94522856686667],[121.36000626898101,24.945266513397822],[121.3604487556516,24.94561679024341],[121.36055342370297,24.94571194842132],[121.36097742098657,24.946060616204008],[121.3610771467449,24.946141584409343],[121.36115654600361,24.946206630698377],[121.36135509939933,24.946369390549474],[121.3615554019331,24.94652056253475],[121.36173091501323,24.946656789343688],[121.36176970561489,24.946691580632393],[121.36201060393618,24.94687815280956],[121.36224735362255,24.947068039041458],[121.36235944429451,24.947168799905146],[121.36241739233348,24.94721946586872],[121.36255562885076,24.947332629251555],[121.36269497063951,24.94744468722256],[121.36290260129606,24.947601439050285],[121.36311634502829,24.94776389230359],[121.36321228793486,24.947843032281746],[121.36350116476547,24.948039528103678],[121.36368870238498,24.948175989350638],[121.3637772506283,24.9482341662052],[121.36383202850456,24.948273486237614],[121.36393889076422,24.94835302791053],[121.36410300606262,24.948475184860843],[121.3642584075802,24.94859085543552],[121.36457669594232,24.948817735888195],[121.36497121086428,24.949098949590343],[121.36500122803886,24.949119848853915],[121.36531980508917,24.949340794662888],[121.36538222877137,24.949383453899305],[121.36562998162668,24.94956033391519],[121.36566546814565,24.949585544186284],[121.36571691168993,24.949622081939374],[121.3662359277849,24.949992132908175],[121.36667125787031,24.950288337710678],[121.36688600717399,24.9504347178802],[121.36755848520527,24.950895247160503],[121.36778228639454,24.95104449273675],[121.36811270696136,24.951235365964347],[121.36819909793545,24.951288184827334],[121.36844266574585,24.951437109685006],[121.36871995012716,24.951598238233036],[121.36872988008393,24.951604009836938],[121.36903105268499,24.95177900936418],[121.36987872819988,24.95224604565284],[121.36998940626445,24.952303407595384],[121.37011612228054,24.952369071775127],[121.37023124395478,24.952428733744302],[121.37030700988544,24.952467999176143],[121.37032579517597,24.952477739175567],[121.37037638845365,24.952503949000214],[121.37112069434525,24.952801665205683],[121.37125943220924,24.95286023830436],[121.37239121629183,24.953309316692845],[121.37241938735698,24.95332149769147],[121.37244555540177,24.95333280794604],[121.37249988411307,24.953356127667178],[121.37295779440969,24.953555130644954],[121.3735120148484,24.95383346630266],[121.37354995927785,24.95385182503037],[121.37367834372432,24.95390806541918],[121.37397763105888,24.954058023992328],[121.37416113737882,24.95415392236947],[121.37427923001279,24.954215686325956],[121.37437777880386,24.954269184230498],[121.37466693856561,24.95441966340567],[121.37476457330996,24.95446880267382],[121.37498486704388,24.954586329582813],[121.37540564710238,24.95481078794631],[121.37564180803352,24.954945021395837],[121.37582866576228,24.955051219563263],[121.3762339197861,24.955281872024557],[121.37642184443486,24.955386875001928],[121.37661107877874,24.955492587662953],[121.37690651249571,24.955652724899938],[121.37706822470331,24.955748033767254],[121.37708218093728,24.955755401651444],[121.37733277369081,24.9558954323109],[121.37741782102515,24.955943155609745],[121.37751621506192,24.955997618492066],[121.37809930276417,24.956342635126674],[121.37848141110571,24.95659484857409],[121.37901804644406,24.95693622312571],[121.37950211652715,24.957255686385118],[121.37993087395593,24.9575441804062],[121.38008414724074,24.95762667311618],[121.38056332072074,24.957956981138008],[121.38139899752325,24.95851734472255],[121.38231049116166,24.959109456092303],[121.3832148964131,24.959679401639253],[121.38411473102046,24.960258463211016],[121.38494670243107,24.9607685538369],[121.38504491173691,24.96082438375189],[121.38539527717586,24.961023517514114],[121.3857417645836,24.961220457576008],[121.38591098395908,24.96130180653343],[121.38665781284875,24.961614648153603],[121.38717498533563,24.961830852256846],[121.38748589578734,24.96201137025605],[121.38759462477239,24.962061244494606],[121.38762425249213,24.96207489294435],[121.38766671031227,24.962091404938594],[121.38768393723419,24.962076581218994],[121.38789911796893,24.962168452221434],[121.38805440555983,24.962200764688536],[121.38814946400218,24.96222748926779],[121.38825780918734,24.962250355344203],[121.38834424537188,24.962289443006867],[121.38859317629348,24.962375451684316],[121.38871229205665,24.962365810423616],[121.38882174210592,24.962315249893773],[121.38891628910994,24.96231892226726],[121.3893228167713,24.962625497120943],[121.38951060771976,24.962767684725165],[121.38981467626283,24.962860992218157],[121.38998553142814,24.962913035391527],[121.390324545761,24.963016297608306],[121.39038605545946,24.963031177514537],[121.39039836934421,24.963034147015204],[121.39068878652937,24.963104180886816],[121.39082395795884,24.96313705032568],[121.39100662251383,24.963190135692265],[121.39131887844056,24.96328088044257],[121.39175348363544,24.96337709887461],[121.39206756534534,24.963427941246167],[121.39219930544968,24.963452882595103],[121.39254305522309,24.963521214854897],[121.39279987549828,24.96357263993747],[121.39285165360873,24.96358231710724],[121.39285625171699,24.963583180721493],[121.39307026842849,24.963622277262854],[121.39314746788382,24.96363762922046],[121.39332442410632,24.96366719004445],[121.39334064526588,24.963669900828926],[121.39341239689952,24.963681890457572],[121.3937132203187,24.96373325187466],[121.3941286368222,24.963801923636538],[121.39452407285219,24.963865952459145],[121.39462060857097,24.96388555891499],[121.39474014304044,24.96390579952528],[121.39492698458349,24.963926222691203],[121.39502504245512,24.963938638330237],[121.39550459737447,24.963976250320396],[121.39651877030981,24.964050510509555],[121.39690680812558,24.964064508893266],[121.39704822722739,24.964071345509],[121.39716929270925,24.964083969236466],[121.39734702184893,24.964085418148866],[121.39736944118829,24.964087579285934],[121.39745045093957,24.964089511832682],[121.39760337922293,24.964102781455534],[121.39791191103822,24.96410502699392],[121.39822033301326,24.964106992309826],[121.39824805433543,24.964107134857183],[121.39827620442063,24.964105100436026],[121.39835996891128,24.96410440691768],[121.39837471534815,24.96410428621549],[121.39840879357536,24.964104005454544],[121.39858515802898,24.964099931229562],[121.39877808927864,24.964101283574244],[121.39908674414194,24.964104835449998],[121.39931422422141,24.96410749389275],[121.3993650671211,24.96410949725618],[121.39955867984375,24.96411025992327],[121.3997170316225,24.96410081571576],[121.39972503254666,24.964100387967296],[121.39976246253944,24.96409836446932],[121.4003669612224,24.964079315920863],[121.40094698536817,24.964065783899937],[121.40112375977675,24.96406602108508],[121.40131731943433,24.96406571627171],[121.40169058874807,24.9640667954252],[121.40210059665807,24.96406504688355],[121.40260041040204,24.96406291382433],[121.40292323293855,24.964061535220285],[121.40316690691817,24.964059040408316],[121.40373330674934,24.964053239885356],[121.4041030294528,24.964053096160235],[121.40443427471304,24.964052966613128],[121.40491804529961,24.96405277324432]]}},{"type":"Feature","properties":{"Layer":"PL_RV","SubClasses":"AcDbEntity:AcDbPolyline","EntityHandle":"2CF"},"geometry":{"type":"LineString","coordinates":[[121.26017967988619,24.84300236067999],[121.26024341061132,24.843079313785143],[121.26021364013454,24.843136768901672],[121.2602019590572,24.84316237604241],[121.25998762241299,24.84362805147139],[121.25993250165797,24.843746718792456],[121.25983085753128,24.84396486186507],[121.25970983449476,24.844208869112446],[121.25934853889702,24.844815228353248],[121.25917248400175,24.845174570546067],[121.25861102052778,24.845925261646],[121.25858182059189,24.846081776240847],[121.25843620566562,24.846626140255136],[121.25841895185215,24.846703472183403],[121.25832262322014,24.84705848619709],[121.25814810720958,24.847709400107117],[121.25819136097162,24.848111951654754],[121.25839510044925,24.848354005859576],[121.25840665357447,24.8483664271631],[121.25848241904914,24.848457754892117],[121.25908321774271,24.849109601771875],[121.25922948020325,24.849327133699745],[121.25945677999526,24.84965778737332],[121.25972063457905,24.85001313330206],[121.25981575394641,24.850145957797494],[121.26007504600986,24.850514041186898],[121.2602290945468,24.850724642688004],[121.26025262352323,24.850823454784077],[121.26040721831039,24.851431742598418],[121.26071854696927,24.851891608105824],[121.2607517493967,24.85193164573878],[121.26137632547432,24.852268238412883],[121.26242998167945,24.852819766246938],[121.26247083617018,24.852851556055683],[121.26250669309917,24.852887760541282],[121.26305739157283,24.853350432448863],[121.26313992432841,24.85341953569298],[121.26342236144501,24.853882678431777],[121.26363032730013,24.8544474413556],[121.2639105194047,24.854848552245887],[121.26407489719783,24.85522067820946],[121.26411196283185,24.85531761484352],[121.26439858177889,24.855775177593436],[121.26470008344153,24.856259708579987],[121.26477075808337,24.85637230408614],[121.26480955893837,24.856433304045886],[121.26488721548945,24.856557768614422],[121.26495398978129,24.85666481841944],[121.26510130055154,24.856900895949625],[121.2654515246003,24.856069643624167],[121.26546833070746,24.856029734903487],[121.26552303185292,24.855899907260916],[121.26555798303067,24.855816954532646],[121.26566670033127,24.85555648780899],[121.26583239768011,24.855089401832796],[121.26613761329679,24.85422333270429],[121.26615179654235,24.854178715697326],[121.26619645526152,24.854064001321028],[121.26623153371386,24.853994726365922],[121.26652391667152,24.853418069630887],[121.26670228764215,24.853100544125805],[121.2668546539785,24.852797068047973],[121.26692943794839,24.85259748592599],[121.26727809936494,24.851685697587715],[121.26750626381431,24.8513159965891],[121.26717803690825,24.850983296831625],[121.26696844786952,24.850759629246394],[121.2663905621832,24.85016146618074],[121.2660928053393,24.84982777968706],[121.26606818739864,24.849800187283147],[121.2658395552762,24.84953966150309],[121.26558010195899,24.849232810726313],[121.26534439216069,24.8489374647718],[121.2652202949918,24.848776282544744],[121.26517285031365,24.848711551125916],[121.26505265587372,24.848547490762005],[121.2650250056465,24.848508265816285],[121.26418491057944,24.847308565119683],[121.26416731468225,24.847283722695256],[121.26400715457308,24.847057110373513],[121.26377085153162,24.846720908858313],[121.26354142470485,24.846388540963286],[121.2634957074185,24.84632567483416],[121.263462632623,24.846280193362464],[121.26330630285128,24.846057582146496],[121.26309595677147,24.845763451744546],[121.26308094246001,24.84574266746757],[121.26297048392824,24.84558985576493],[121.26287715977503,24.845458989224447],[121.26249407907683,24.844921229443642],[121.26239215679036,24.844780554666507],[121.26193008497792,24.844135321223593],[121.2615328190587,24.84360558382929],[121.26115473848388,24.84347890050834],[121.26090563060528,24.843374575645676],[121.26064000754222,24.843250519950164],[121.26043269639322,24.843145897851954],[121.26017967988619,24.84300236067999]]}},{"type":"Feature","properties":{"cadgeom_type":"CADLWPolyline","thickness":0,"color":"#00FF00FF"},"geometry":{"type":"LineString","coordinates":[[121.36849257253681,24.910014789273422,0],[121.36852972126793,24.909760640468967,0],[121.36859849246784,24.909435742982197,0],[121.36879427071797,24.908935329119352,0],[121.36886536223406,24.90875763001514,0],[121.36893897687251,24.908465987064645,0],[121.36896822268972,24.908272169315065,0],[121.36897541128455,24.908193244392315,0],[121.36898132933959,24.90812175104268,0],[121.36899202411438,24.90787166851856,0]]}},{"type":"Feature","properties":{"cadgeom_type":"CADLWPolyline","thickness":0,"color":"#00FF00FF"},"geometry":{"type":"LineString","coordinates":[[121.36888176704866,24.90777953311208,0],[121.36877937523279,24.90776521160163,0],[121.36866191549183,24.90778120884176,0],[121.36854856976191,24.907790673265012,0],[121.36854221972786,24.907789983438683,0],[121.36849366858515,24.907733207835882,0],[121.36846884910467,24.90763378305688,0],[121.36837018039799,24.907408073767584,0],[121.36817366357862,24.90717349405765,0]]}},{"type":"Feature","properties":{"cadgeom_type":"CADLWPolyline","thickness":0,"color":"#00FF00FF"},"geometry":{"type":"LineString","coordinates":[[121.36787062989444,24.9124794665358,0],[121.3678723980961,24.91247798118184,0],[121.3678740672844,24.912476496594017,0],[121.36788438407305,24.912468083308763,0],[121.36789470153228,24.91245974224687,0],[121.36791052062577,24.91244684428114,0],[121.3679262392105,24.91243378457563,0],[121.36793243077481,24.912428897300984,0],[121.36795225969254,24.912416989388376,0],[121.36795167575688,24.9121854837735,0],[121.36794712889053,24.912073907900563,0],[121.36794406780604,24.91207269257,0],[121.36793462623231,24.912066509754922,0],[121.36791958307371,24.91205622593572,0],[121.36791181405968,24.912051077430306,0],[121.36790631411448,24.912046715448362,0],[121.36789985281762,24.912039519392103,0],[121.36789183831443,24.912029276623397,0],[121.36788081949558,24.91201263431173,0],[121.36787414707136,24.912006736614256,0],[121.36786765628725,24.911996706803503,0]]}},{"type":"Feature","properties":{"cadgeom_type":"CADLWPolyline","thickness":0,"color":"#00FF00FF"},"geometry":{"type":"LineString","coordinates":[[121.39420914126185,24.938046823928158,0],[121.39426361028417,24.938073408706543,0],[121.39428445159274,24.938085093085597,0],[121.39438448932907,24.938141019219096,0],[121.3944271648278,24.938165034629172,0],[121.39448125498366,24.938195818779402,0],[121.394539712147,24.938229107016063,0],[121.39460441778951,24.93826492910427,0],[121.39461298855187,24.938284496314175,0],[121.39462302935951,24.93828981480298,0],[121.39465524732084,24.938308265669825,0],[121.39464572504416,24.93836202600742,0],[121.39457458881797,24.938857327410894,0],[121.39457458881797,24.938857327410894,0],[121.39456426991913,24.938942879322767,0],[121.3945597242242,24.939028847181156,0],[121.39456096885482,24.93911490741041,0],[121.3945679991383,24.939200736086537,0],[121.39459402385943,24.939464693067208,0],[121.39460134785992,24.939528638154425,0],[121.39461358935276,24.939635517197683,0],[121.3947488372472,24.93969324563913,0],[121.3947488372472,24.93969324563913,0],[121.39492447218551,24.939765848310362,0],[121.39500039118064,24.939797921320938,0],[121.39507000815087,24.93983155020454,0],[121.39507000815087,24.93983155020454,0],[121.39509492468567,24.93984605358395,0],[121.3951314325499,24.939872070015397,0],[121.39518666369834,24.939918187267214,0],[121.39521065526804,24.93993910502193,0],[121.39527808708353,24.94000745166337,0],[121.3953418255761,24.940074352582243,0],[121.39542825413311,24.940163071483855,0],[121.39546616990123,24.9402050042692,0],[121.39551980211347,24.940282395182795,0],[121.395592956586,24.94039835218028,0],[121.3956686296811,24.940521121023878,0],[121.39567715223525,24.940527346934257,0],[121.39568403383176,24.940544023868124,0],[121.39569052859481,24.940556930502773,0],[121.3956973866979,24.94056955404019,0],[121.39572321741844,24.940623050702587,0],[121.39574196155779,24.940658292337396,0],[121.39576074855758,24.940692910652036,0],[121.39579324569621,24.940753574379414,0],[121.39582965161334,24.940817766644695,0],[121.39584374520382,24.940842709287015,0],[121.39587578420443,24.94089269335274,0],[121.39590389212204,24.940930422734393,0],[121.39593250158573,24.940961547231158,0],[121.39596162946599,24.9409905456996,0],[121.39598956691827,24.941017605535887,0],[121.39604055926486,24.94106517191783,0],[121.39608757809317,24.94110533840239,0],[121.39611929761615,24.941128742285276,0],[121.39616242176025,24.941158139502765,0],[121.39619755889791,24.941181150652003,0],[121.39625607281235,24.94121742702941,0],[121.39632434083543,24.941254660112197,0],[121.39642022434154,24.941304997660314,0],[121.39653625669528,24.941352165084183,0],[121.39666701571946,24.941399414346378,0],[121.3967764367975,24.941431516487228,0],[121.39681984533196,24.941443264104482,0],[121.397163330334,24.941561649159322,0],[121.39730809707686,24.941623043998018,0],[121.39730809707686,24.941623043998018,0],[121.3974588157631,24.941687736209882,0],[121.39746089803421,24.94168862446798,0],[121.39757428209309,24.94175206188938,0],[121.39764808445985,24.941792889617954,0],[121.397727048842,24.941837730159023,0],[121.39784727713925,24.941904760416914,0],[121.39785193947102,24.941907366188676,0],[121.39786543442332,24.941916123725136,0],[121.39792615466948,24.941953347831696,0],[121.39799788806245,24.941997358883256,0],[121.39799788806245,24.941997358883256,0],[121.39804361909779,24.942023021593553,0],[121.39808696993019,24.942047525995967,0],[121.39818379017176,24.942102258759036,0],[121.39818379017176,24.942102258759036,0],[121.39819103174923,24.942106320196345,0],[121.3982543222074,24.94214213791908,0],[121.3982543222074,24.94214213791908,0],[121.39831483479871,24.942176301821366,0],[121.39842276578909,24.942237315516316,0],[121.39842772576723,24.942240092002763,0],[121.39856799399648,24.942318597246768,0],[121.39856799399648,24.942318597246768,0],[121.39865172147407,24.942366367777534,0],[121.39872942177068,24.942418190042783,0],[121.39879234061348,24.94246151104388,0],[121.39882151509966,24.94248085285067,0],[121.39884086943353,24.942494894241868,0],[121.39884910599662,24.942500424607054,0],[121.39892869299221,24.94255383973584,0],[121.39896055124828,24.942576334247534,0],[121.39905716929901,24.94262953216003,0],[121.39909178588809,24.942647586346844,0],[121.39916746872129,24.94268780338379,0],[121.39916746872129,24.94268780338379,0],[121.39918204974927,24.942695528670704,0],[121.39928758795152,24.942751221424466,0],[121.39938658090735,24.942803834952887,0],[121.39947247970373,24.942849188625697,0],[121.39947743911819,24.942851775492542,0],[121.39949023466926,24.94285853047791,0],[121.39959577314683,24.942914223017745,0],[121.39968573870098,24.942961660236566,0],[121.39977322224993,24.94300707268937,0],[121.3997850256444,24.943013216376706,0],[121.39980794041077,24.943025803708565,0],[121.39982529184276,24.943032871317907,0],[121.3998477089194,24.943044656441366,0],[121.39991905568738,24.943091195512768,0],[121.39992610093874,24.943095798956552,0],[121.39998355841018,24.94313418658754,0],[121.39999516338719,24.943140204403214,0],[121.39999516340019,24.9431402044359,0],[121.39999853850259,24.94314275049662,0],[121.4001160686087,24.94323204994001,0],[121.4001682810782,24.94327137246897,0],[121.40024243088534,24.943327248153317,0],[121.40026784250672,24.943346446305338,0],[121.40027528097121,24.943350154873418,0],[121.40032064764053,24.943385333686535,0],[121.4003417925117,24.943401798682604,0],[121.40047461920507,24.94350554718074,0],[121.4005636664876,24.943574997331996,0],[121.4005807312639,24.94358519859615,0],[121.40071178517086,24.943691795559165,0],[121.40079071472789,24.943755765520063,0],[121.40079438802908,24.943758698859057,0],[121.40084899638887,24.943803865050313,0],[121.40085653821558,24.943808855463274,0],[121.40085555066099,24.94380967969595,0],[121.40093438994721,24.943876304152493,0],[121.4009440209139,24.94388427731838,0],[121.40097271534012,24.94390806191264,0],[121.40097748254259,24.943912427822237,0],[121.40107312609416,24.944000476287172,0],[121.40109368517936,24.944019407619724,0],[121.4011963810277,24.94411410892892,0],[121.40120620946868,24.94412189195112,0],[121.40130360123734,24.94419933619026,0],[121.4013114441008,24.944205535570877,0],[121.4013114441008,24.944205535570877,0],[121.40141008047695,24.944300274754426,0],[121.40142031247417,24.944310358893024,0],[121.40149501471346,24.944383548728904,0],[121.40153256026117,24.94441901908414,0],[121.40158263805077,24.94447156429458,0],[121.40158005929027,24.944510594292208,0],[121.4016855688194,24.94460793928967,0],[121.40175080224212,24.944662023527904,0],[121.40178456315597,24.94469073280075,0],[121.40184734322794,24.944751639981416,0],[121.40192917858873,24.944796895373834,0],[121.4019951811417,24.94481330231745,0],[121.40208298643023,24.94483514862769,0],[121.40218098279374,24.94485443043419,0],[121.40237086790911,24.94468938595934,0],[121.40241419092212,24.944674300032897,0],[121.40246635812915,24.944699284909348,0],[121.4025487177411,24.94472130817292,0],[121.40258876726419,24.944704461491725,0],[121.40263414311572,24.944711651812113,0],[121.40275226372103,24.94470743235445,0],[121.40282662057454,24.94470455897313,0],[121.40290097316579,24.944700376462052,0],[121.40296376129356,24.94470271654041,0],[121.40303457126488,24.94470535990443,0],[121.40310280047144,24.944675679875136,0],[121.4032486798104,24.944772655409885,0],[121.40343693705418,24.94489874973024,0],[121.40361955550124,24.945070419363557,0],[121.40394333256582,24.945381999046077,0],[121.40394488965693,24.945464721159023,0],[121.40394474796585,24.945542726082977,0],[121.40394540237345,24.945621929612155,0],[121.40394655466453,24.945701980451183,0],[121.40394619322987,24.945773332109162,0],[121.40394635529502,24.945853385631114,0],[121.40394663699573,24.945939758639764,0],[121.40394689528877,24.94601895421031,0],[121.40394676532286,24.94610055236108,0],[121.40394622312871,24.946177204118854,0],[121.40394901957013,24.94618449140573,0],[121.40394967908419,24.9462652568105,0],[121.40394924757656,24.94634548347416,0],[121.40394872820578,24.946429132101684,0],[121.40394900767762,24.946514818958743,0],[121.40394908966319,24.94660067788797,0],[121.40395015685043,24.946684990305567,0],[121.40394962164488,24.946794143924464,0],[121.40393991225912,24.946792617380105,0],[121.40380032630885,24.946774108540037,0],[121.40376119992423,24.946768860258302,0],[121.40383046672628,24.94684451929845,0],[121.40388254111221,24.946901400901073,0],[121.4038934721495,24.9469131532031,0],[121.40394146912553,24.946964683026003,0],[121.40395637449627,24.946980523397055,0],[121.4040586257102,24.947089271906382,0],[121.40406240182001,24.947093306339774,0],[121.404135737692,24.947171626572995,0],[121.40417747340372,24.947216140252912,0],[121.40422448444176,24.947268918560336,0],[121.40422448444176,24.947268918560336,0],[121.40422706832007,24.947271746436574,0],[121.40426911010036,24.94731899483432,0],[121.40432725262524,24.94738421098687,0],[121.40443886947894,24.947510295223214,0],[121.40454014765547,24.94762404770054,0],[121.40464222305175,24.947739278581476,0],[121.40464222305175,24.947739278581476,0],[121.40464222305175,24.947739278581476,0],[121.40465305279207,24.947750290779528,0],[121.4046620874979,24.947757452768037,0],[121.40470530034956,24.947799326017236,0],[121.4047194065535,24.947812974602147,0],[121.4048507358139,24.94794075645634,0],[121.4048507358139,24.94794075645634,0],[121.40497829015519,24.94806480170661,0],[121.40499080502714,24.948076314883313,0],[121.4050286678133,24.94811729974762,0],[121.40513828189106,24.948236157211046,0],[121.4052441231292,24.948351937173765,0],[121.40527344006838,24.94838381760698,0],[121.40535026066563,24.948467418317556,0],[121.40535026066563,24.948467418317556,0],[121.40545862300819,24.948566714616522,0],[121.4055778120872,24.948676002771958,0],[121.40558674774098,24.948683119830463,0],[121.4056829346147,24.948783749179608,0],[121.40579919262832,24.948905034711366,0],[121.40580266990554,24.948908501134717,0],[121.40587380469097,24.948979287838572,0],[121.40599272779598,24.949097830377887,0],[121.40610946785833,24.94921494326956,0],[121.40611433613012,24.949219814308012,0],[121.4061644845322,24.94926250784168,0],[121.40630351612697,24.949382737762175,0],[121.40641792069836,24.949482043942158,0],[121.40643887508745,24.949500251022087,0],[121.40649127677123,24.949535462865207,0],[121.40667140973488,24.949657097036347,0],[121.40673124525907,24.949694346952384,0],[121.40687949408188,24.9497864731537,0],[121.40691769481744,24.949809409030728,0],[121.40691769481744,24.949809409030728,0],[121.40710889521517,24.949923618256783,0],[121.40723943758032,24.949991361908435,0],[121.40727537568777,24.949988708659298,0],[121.40736540139284,24.94990146586979,0],[121.40745049052123,24.949818750675064,0],[121.40752699300545,24.94974478928204,0],[121.40761109674077,24.949663620529986,0],[121.40770345488876,24.949574977428323,0],[121.40771157078531,24.949591868585575,0],[121.40774983448036,24.949663972173738,0],[121.40774983448036,24.949663972173738,0],[121.4077697534391,24.94969846894255,0],[121.40779198327522,24.94974306204558,0],[121.407803147534,24.949765304290867,0],[121.4078170871421,24.94978833342805,0],[121.40783112372989,24.94981073934596,0],[121.40784385380522,24.949827325588693,0],[121.40786502352128,24.949850696059855,0],[121.4078903757155,24.949881151316774,0],[121.40794804519422,24.949952127350297,0],[121.40795798936114,24.949964712648246,0],[121.40797648044799,24.94998658271241,0],[121.40800094312752,24.95001754596981,0],[121.40802381467658,24.950046473186088,0],[121.40804102032028,24.950068915544872,0],[121.40806587800697,24.950099534633868,0],[121.40808199776825,24.9501230091875,0],[121.40808538412038,24.950128904416342,0],[121.40813831716628,24.95020493113393,0],[121.40815842217377,24.950235725735904,0],[121.40821173010701,24.95030528713959,0],[121.40827528045521,24.950387748971316,0],[121.40830742467588,24.950432918914636,0],[121.4083249088193,24.950439655288797,0],[121.40835674102213,24.95045003643327,0],[121.40841227523893,24.950467969698412,0],[121.40844315231524,24.95047793993531,0],[121.4084499263316,24.95049782224548,0],[121.40845572559218,24.950514698283598,0],[121.40847145962022,24.950541279583167,0],[121.40849705099191,24.95058411186615,0],[121.40850999579038,24.95060569913453,0],[121.40851338113386,24.950611278365415,0],[121.40854486820659,24.950640172843816,0],[121.40854486901155,24.950640173130182,0],[121.40858939628029,24.950720148839682,0],[121.40858939628029,24.950720148839682,0],[121.40877368443935,24.95082058640249,0],[121.40896964938729,24.950939411731515,0],[121.4089790771199,24.950951266847902,0],[121.4091966118528,24.951080270632133,0],[121.40946641748623,24.951240278030987,0],[121.40949587898328,24.95127342116689,0],[121.40961039532083,24.951402256044965,0],[121.40975251721513,24.95147309842106,0],[121.40983558596444,24.95153412687662,0],[121.4098467736855,24.951542356984955,0],[121.40992349762588,24.951487569864163,0],[121.40992642195157,24.95148548531034,0],[121.4099400525436,24.951501743869276,0],[121.40995943796565,24.95151839286346,0],[121.41012102289251,24.951701074528792,0],[121.41012710650855,24.951707931737104,0],[121.41023446924721,24.951829337480262,0],[121.41031711098661,24.951922733240213,0],[121.41036557891721,24.951977536885284,0],[121.41049331928639,24.952121953571062,0],[121.410573317545,24.95221242228015,0],[121.41069870817202,24.952352872817873,0],[121.41078034424187,24.95245037896076,0],[121.41079648795314,24.952468887570575,0],[121.41080508667672,24.952478749835954,0],[121.410858031083,24.95253949963896,0],[121.41089667975238,24.952604441858536,0],[121.41099139117884,24.952740010796067,0],[121.41107506344619,24.953015232858963,0],[121.41107508662243,24.953015297043102,0],[121.41117193243997,24.95333384464769,0],[121.41131050691482,24.953838323910468,0],[121.41131540883022,24.95385618638531,0],[121.4113190136039,24.953874097583068,0],[121.41131927527903,24.953875360820813,0],[121.41136941895864,24.954016876170133,0],[121.411412874511,24.95419072387644,0],[121.41146967500181,24.954344688077548,0],[121.4114988708236,24.954448792970965,0],[121.41149961099526,24.954451002856572,0],[121.41158278025289,24.954699231657028,0],[121.41160289683205,24.954744994474314,0],[121.4116898291206,24.9549514116947,0],[121.4117763815496,24.955112011354824,0],[121.41197590637307,24.955533667530233,0],[121.41200964421765,24.955601511918665,0],[121.4120556229939,24.955690313334028,0],[121.41218654002105,24.956028602044835,0],[121.41227986237362,24.956386856904576,0],[121.41233071604019,24.95669029229936,0],[121.41234209255659,24.95676393159107,0],[121.41233043500979,24.957132227359242,0],[121.41232749058811,24.95714911839952,0],[121.41232339470837,24.95714736922266,0],[121.41232219707949,24.957221901005394,0],[121.41236432044937,24.957226298534362,0],[121.41236432044937,24.957226298534362,0],[121.41227390034678,24.95773976151147,0],[121.4122427552712,24.957734069614936,0],[121.41222424462697,24.957730690098803,0],[121.41222424462697,24.957730690098803,0],[121.41217973184813,24.95772255240719,0],[121.41217623367,24.957733757157943,0],[121.41217157879356,24.957748531281048,0],[121.41217074573628,24.957751151788237,0],[121.41212553766502,24.957894104292723,0],[121.41210969079943,24.95794420996476,0],[121.41210029585685,24.957960080594216,0],[121.41204560953115,24.95805227521802,0],[121.41202077656108,24.95815779423195,0],[121.41197026299997,24.95836711923319,0],[121.41195920266247,24.958471787602274,0],[121.41195010234686,24.958558067407495,0],[121.41193857188331,24.95866724167656,0],[121.41193330007019,24.958717202769485,0],[121.41191230314989,24.958725288272035,0],[121.41184848938909,24.95925325806023,0],[121.41181836478668,24.959474082679318,0],[121.41181135563504,24.959745663851834,0],[121.41180111951576,24.959961215259234,0],[121.4117981239526,24.960069987087547,0],[121.41190730894935,24.960343404542826,0],[121.41190730890098,24.96034340416802,0],[121.41191475017087,24.960401047583712,0],[121.41196712229439,24.960806371773025,0],[121.41211917479646,24.961354536385517,0],[121.41222643019333,24.96161890366186,0],[121.41232873436223,24.961835795672656,0],[121.41239195924489,24.96195472150346,0],[121.41248697878574,24.962122221945506,0],[121.41257392788002,24.96226034832255,0],[121.41264843021538,24.96235946065331,0]]}},{"type":"Feature","properties":{"cadgeom_type":"CADLWPolyline","thickness":0,"color":"#00FF00FF"},"geometry":{"type":"LineString","coordinates":[[121.39420914126185,24.938046823928158,0],[121.39415913083312,24.93802267453821,0],[121.39414739394945,24.938049512455432,0],[121.39411624348257,24.93809969364998,0],[121.39407952915593,24.938159874466983,0],[121.3940048368667,24.938281773030223,0],[121.39394135187959,24.938384059909534,0],[121.39389165679695,24.93846798783524,0],[121.39380510849024,24.938614395899673,0],[121.39369690700177,24.938798339054994,0],[121.39364387957467,24.938889292592307,0],[121.3936183307317,24.93894069346849,0],[121.3936183307317,24.93894069346849,0],[121.39360376482503,24.93896758158539,0],[121.39358727043106,24.938993527177708,0],[121.39356892054613,24.939018415420684,0],[121.39354879637844,24.939042136168855,0],[121.39352698698856,24.93906458444361,0],[121.39350358889538,24.9390856608977,0],[121.39342622772539,24.939150854906753,0],[121.39339626416731,24.939136825192495,0],[121.39336443391977,24.93911769850157,0],[121.39334914157666,24.939106933916964,0],[121.39330113214437,24.93907075302459,0],[121.39322272221833,24.93901682872668,0],[121.39310209874493,24.938931760645705,0],[121.39300819284296,24.9388726348168,0],[121.39294473120555,24.93883224391748,0],[121.39277183143412,24.938732952948154,0],[121.39262639341403,24.938650874706425,0],[121.39244538404257,24.938529073029102,0],[121.39228298459739,24.938421090243818,0],[121.39220306377284,24.938367414121835,0],[121.39217777241468,24.938351293359013,0],[121.39213343992118,24.938321687926457,0],[121.3919794612679,24.93821886009521,0],[121.39184230000262,24.93812747694393,0],[121.39168131232206,24.938001336407847,0],[121.39157743566605,24.93791100464908,0],[121.39153731696912,24.93788417734248,0],[121.39144764394541,24.937829414401527,0],[121.39142374416377,24.937813726248866,0],[121.39134701639344,24.93776893903327,0],[121.391010202134,24.937565849443693,0],[121.3909870924722,24.93755221647392,0],[121.39082206246671,24.93745301798894,0],[121.39070870856017,24.937384439942004,0],[121.39060079638394,24.93732097367992,0],[121.39042941761777,24.937218799652193,0],[121.39025521507806,24.937116852656004,0],[121.39018644866088,24.9370765017373,0],[121.3900435624689,24.93699296629401,0],[121.3899076006162,24.936914354134395,0],[121.38980881631781,24.93685563588694,0],[121.38974607222757,24.936818384431714,0],[121.38966417291712,24.936769116354252,0],[121.3896284942357,24.936741856694827,0],[121.38956290090663,24.936690668634274,0],[121.38949655244738,24.936634183630684,0],[121.389442423332,24.936586069993567,0],[121.38929642520263,24.936450854457238,0],[121.38914268003334,24.93631178974468,0],[121.38899051004057,24.936174272012515,0],[121.38886189133932,24.936047484108293,0],[121.38868861942818,24.93587052497496,0],[121.38852458302816,24.93569741114888,0],[121.38840404043387,24.93556036754973,0],[121.38831257365415,24.93545336358401,0],[121.38821026466624,24.93533199312222,0],[121.38815489476347,24.935264746434235,0],[121.38809005359953,24.935184171374786,0],[121.38803161020219,24.935110972826692,0],[121.38796389916843,24.935027560321274,0],[121.38788494267337,24.934920542451756,0],[121.38781463069027,24.934820773332792,0],[121.38776503485242,24.934745972456536,0],[121.38764645353719,24.934564624327976,0],[121.38759194685298,24.934481578236255,0],[121.38753296656235,24.934387820767988,0],[121.38747166840606,24.934288406150447,0],[121.38742120526365,24.934210139968517,0],[121.3873768478679,24.934131698677415,0],[121.38733907646775,24.93406360592605,0],[121.38729393421531,24.933978443990913,0],[121.38723501982977,24.933863268990798,0],[121.38723501982977,24.933863268990798,0],[121.38723501982977,24.933863268990798,0],[121.38714230141115,24.93368180765962,0],[121.38713855596599,24.93366443393111,0],[121.38706371216875,24.933614383754126,0],[121.38697331963799,24.933499216851878,0],[121.38697267821998,24.933498796169165,0],[121.38692448183473,24.93346515153421,0],[121.38686873124558,24.933426233464523,0],[121.3867961341115,24.933375808587456,0],[121.38652553935046,24.933173699118996,0],[121.38640666451784,24.933089386654782,0],[121.38631859978697,24.933020707226724,0],[121.38622460050901,24.93295027436308,0],[121.38615258509843,24.93289240001739,0],[121.38609628701582,24.932845745325643,0],[121.38602562423698,24.93278249851069,0],[121.38594911999775,24.932716681335677,0],[121.3858949716962,24.93266770923523,0],[121.38580670630492,24.932591510805334,0],[121.38574697215914,24.93253033060821,0],[121.38555211786266,24.932339766267372,0],[121.3854941033895,24.932286549895018,0],[121.38534346995895,24.9321216608594,0],[121.38526115547131,24.932030322025817,0],[121.38515612918903,24.93191394715937,0],[121.38505349460135,24.9318077499914,0],[121.38505349460135,24.9318077499914,0],[121.38502016313868,24.931779634925157,0],[121.38500016247724,24.931762764370923,0],[121.38498321741729,24.93175002201244,0],[121.38495306948941,24.93172996057722,0],[121.3849169970692,24.931706559868896,0],[121.38488454720314,24.931686787160455,0],[121.38485437978993,24.931669751475425,0],[121.38477292517383,24.931629401109518,0],[121.38460541042228,24.93154642103698,0],[121.38451195333603,24.931502780444003,0],[121.38452510483378,24.931485256632975,0],[121.3845209336178,24.93148228599632,0],[121.38430377946526,24.93132807530795,0],[121.3842020814812,24.931276737431936,0],[121.38420047401758,24.931275960042093,0],[121.38412158737323,24.931246045870928,0],[121.38412158737323,24.931246045870928,0],[121.3840493306514,24.931219740581543,0],[121.38390226643467,24.9311978434108,0],[121.3836120352535,24.931152099875078,0],[121.38351526056836,24.93114842548488,0],[121.38339537862244,24.93115317063614,0],[121.38325584373959,24.931170591568932,0],[121.38308742453927,24.931191619238124,0],[121.38285024466751,24.93122123486736,0],[121.38261580998218,24.931251212529766,0],[121.38257803885838,24.93125880633675,0],[121.38239910730591,24.931303917605426,0],[121.38226189452814,24.931343057624876,0],[121.38218016428895,24.931372240479018,0],[121.38206022469068,24.931422991408667,0],[121.38206022485792,24.931422991540874,0],[121.38186437961653,24.931493398745022,0],[121.38157437778598,24.931595751034976,0],[121.3814901287636,24.93163607964518,0],[121.3813223601011,24.931721129996664,0],[121.38096576100385,24.93189945359967,0],[121.38051014840399,24.93212646741362,0],[121.3799177677411,24.932427502585846,0],[121.37951602293337,24.932649008055243,0],[121.37922878108664,24.932805671022304,0],[121.37898724443941,24.932947666042047,0],[121.37888940101804,24.93300558612593,0],[121.37865297038705,24.933144673998257,0],[121.37837364381511,24.93330174127496,0],[121.37811907553075,24.933443221721628,0],[121.37794221220173,24.93352912547031,0],[121.37763901959312,24.933677754282872,0],[121.37743436695476,24.93377714427674,0],[121.37725350483328,24.9338688367212,0],[121.37692327190138,24.934025147440384,0],[121.3768517235453,24.934047636079598,0],[121.37651084312617,24.934145564323284,0],[121.3762818315555,24.93420599922524,0],[121.3762818315555,24.93420599922524,0],[121.3761543259723,24.93424013047382,0],[121.37605532384988,24.934265257819167,0],[121.37581402491097,24.934273279506435,0],[121.37558551876646,24.93427322751554,0],[121.37548420831904,24.934277262204724,0],[121.37537079595643,24.934277919303167,0],[121.37527921372744,24.93427030012712,0],[121.37523315029827,24.93426269102756,0],[121.37523124969813,24.93426568207218,0],[121.37480330207002,24.934225149648988,0],[121.3746571506245,24.934200443379474,0],[121.37449696242007,24.93417442348244,0],[121.37431551132966,24.934136533981818,0],[121.37418281786847,24.934107377288736,0],[121.37405112188412,24.934075084406462,0],[121.3739766809849,24.93405711559053,0],[121.37391720198468,24.934029502097765,0],[121.37384537229387,24.934004225851353,0],[121.37350297104514,24.933860805227436,0],[121.37342132053004,24.933825931418827,0],[121.37338813592098,24.933810428477408,0],[121.37321333612678,24.93373093973132,0],[121.3731278800906,24.933691990167205,0],[121.3729938407061,24.933630192234883,0],[121.3728321777434,24.933543461806615,0],[121.37278863776672,24.933520105951377,0],[121.37270862149252,24.933474477338354,0],[121.37253816062638,24.93337172255527,0],[121.3725247944339,24.933361557881856,0],[121.37225685078892,24.933166530152562,0],[121.37218850942304,24.9331122544243,0],[121.37218277575788,24.933107470067583,0],[121.37207825914054,24.933019236503494,0],[121.3720520793635,24.93299713634369,0],[121.37204992575201,24.9329984453889,0],[121.37189058948013,24.932849049144206,0],[121.3718500663054,24.932804207720018,0],[121.3718104994393,24.93276042354393,0],[121.37174757725487,24.932690231072257,0],[121.37174757725487,24.932690231072257,0],[121.37174235380999,24.932684403818108,0],[121.37170914357189,24.932660899619474,0],[121.3715358598858,24.932461400780728,0],[121.3715358598858,24.932461400780728,0],[121.37150166881237,24.932415045725715,0],[121.37146399703407,24.932356291036207,0],[121.37144586300442,24.932323377793068,0],[121.3714302105684,24.932283062363947,0],[121.3714084151614,24.93221970444222,0],[121.37136984030367,24.932115669019485,0],[121.37135317872729,24.932029164114404,0],[121.37134046038311,24.93198212459045,0],[121.37131509757447,24.9318932243023,0],[121.37129751088895,24.931833793720315,0],[121.37126130901581,24.93166190415949,0],[121.37125061662537,24.931603778603645,0],[121.37123804370654,24.931547833426297,0],[121.37119188127843,24.931285300748257,0],[121.37116456678538,24.93109174986419,0],[121.37115350978203,24.931018639480087,0],[121.37115350978203,24.931018639480087,0],[121.37115350978203,24.931018639480087,0],[121.37115296561565,24.931018750960845,0],[121.37114878280475,24.930903334157627,0],[121.37114833726952,24.93089584316415,0],[121.37113899394957,24.930764114181855,0],[121.37113746209856,24.930733440544312,0],[121.37113307014491,24.930645525883296,0],[121.37112948326615,24.930573727495222,0],[121.37112763777336,24.930528331535996,0],[121.37112651475013,24.930500722410663,0],[121.37112366867139,24.930430727834924,0],[121.37112326909912,24.930420903734273,0],[121.37112026271153,24.930346959837298,0],[121.37112026271153,24.930346959837298,0],[121.3711109518682,24.930157403003765,0],[121.37110830724959,24.930111540549408,0],[121.3711020268487,24.92999643040199,0],[121.37109771886814,24.929960496354077,0],[121.37109388020193,24.92988332971673,0],[121.37108318013654,24.929700348916224,0],[121.371083790416,24.929683452719797,0],[121.3710789050729,24.929615955778296,0],[121.37107868443971,24.9296129050072,0],[121.37107724930235,24.929578404772514,0],[121.37107556776598,24.929537981932747,0],[121.37107553166217,24.929537438558615,0],[121.37107553166217,24.929537438558615,0],[121.37106478649211,24.92937548954488,0],[121.37105742766038,24.929223270417044,0],[121.37105277329134,24.929140612139292,0],[121.37105047313142,24.929057670608255,0],[121.37104067782539,24.92889622181966,0],[121.37103010815937,24.92873276078137,0],[121.3710280298981,24.928697692348766,0],[121.37101609650925,24.92859170389412,0],[121.37100898610922,24.92853647308936,0],[121.3710025917709,24.92848680200089,0],[121.37099506454592,24.9284417152424,0],[121.3709849091483,24.928395648782566,0],[121.37097359083535,24.928339978651387,0],[121.37095549970562,24.928265888801594,0],[121.37095549970562,24.928265888801594,0],[121.37095004417134,24.928243820309245,0],[121.37093246405047,24.92814592881186,0],[121.37092575373698,24.92810856820214,0],[121.37091294180944,24.928036884567877,0],[121.37090405117512,24.92798714333872,0],[121.37088208417589,24.927956130650216,0],[121.3708212852483,24.927852505794416,0],[121.37074867533782,24.927725453877827,0],[121.37074195567354,24.92771268933394,0],[121.37054714289332,24.927342615610463,0],[121.37047750013079,24.92721031782064,0],[121.37046912084642,24.927194401321625,0],[121.37044838208642,24.92719766658758,0],[121.3703565946826,24.927212118425384,0],[121.37027024169888,24.92722590163578,0],[121.3702072994873,24.927093619249757,0],[121.37028990092568,24.92708185808954,0],[121.37038100577448,24.92706888678589,0],[121.37037242656086,24.927050993808894,0],[121.37029605235958,24.92689172342869,0],[121.3702720528647,24.926841675508406,0],[121.37024819128669,24.926791915135297,0],[121.37024243942581,24.9267796769252,0],[121.37022471802256,24.926741970906868,0],[121.37020206947797,24.92669378323352,0],[121.37017911505407,24.926644942138047,0],[121.37015620364663,24.926596195676357,0],[121.3701530934288,24.926589714049836,0],[121.37013224042329,24.926546264994595,0],[121.37013224042329,24.926546264994595,0],[121.37010881991212,24.926497466251814,0],[121.3700860310538,24.92644998329603,0],[121.37007010024892,24.926416789293754,0],[121.37006210886504,24.926400138218366,0],[121.37004370050246,24.926361781080217,0],[121.37002960366671,24.926332410082555,0],[121.3700248191717,24.926321940531505,0],[121.3700061801494,24.92628115470742,0],[121.36998776312413,24.926240856489503,0],[121.36992656075384,24.92610693525796,0],[121.36997951777596,24.926095935476948,0],[121.36997004631304,24.926062285836874,0],[121.36993969621682,24.92595445997481,0],[121.3699389617065,24.925952722037398,0],[121.36986513090734,24.92574828100535,0],[121.3698527022518,24.92571576550406,0],[121.36984466962302,24.925694752952076,0],[121.36984149019048,24.925673696138787,0],[121.36982968157284,24.925595482018753,0],[121.36981601118121,24.925588340019747,0],[121.36974786195302,24.925549035047364,0],[121.36972997133067,24.925537800839543,0],[121.36971190657432,24.925474200793612,0],[121.36968090094925,24.92528984315551,0],[121.3696785624518,24.925275898611726,0],[121.36967828285263,24.925273818507236,0],[121.36967511907886,24.92525031116511,0],[121.36967263060708,24.925225686534812,0],[121.36963566709773,24.92486689419558,0],[121.36961582620454,24.924786536141745,0],[121.36957193767687,24.924596015305703,0],[121.36954179126073,24.924452368247643,0],[121.3695391696578,24.924440724926793,0],[121.36953739220733,24.92443330356617,0],[121.36946280576436,24.924121928920222,0],[121.36946255267162,24.924120872439126,0],[121.36940905870934,24.92389635041233,0],[121.3693830168942,24.923787920650632,0],[121.36938633033844,24.92347232429125,0],[121.36938082480016,24.923359552309723,0],[121.36932317245306,24.922927891663793,0],[121.369370700022,24.922280527967143,0],[121.36937680523211,24.922101459491707,0],[121.36937168047453,24.92193505179776,0],[121.36938798253479,24.921926386160123,0],[121.36941568938137,24.92191138527972,0],[121.36941834283161,24.9219085332641,0],[121.3694086891717,24.92187720183363,0],[121.36938881544535,24.92187180820354,0],[121.36938812248434,24.92185899497242,0],[121.36938714037801,24.921840861479943,0],[121.36938506603862,24.92180255177833,0],[121.36936389306416,24.921763462680666,0],[121.36935056315065,24.92168407683524,0],[121.3693238401104,24.921626212164366,0],[121.369282141194,24.92153330260973,0],[121.36926880233689,24.921501241843796,0],[121.36923495706537,24.921375691573605,0],[121.36920080109799,24.92113752852772,0],[121.3691917211679,24.921114026177346,0],[121.36915588328489,24.921021266312852,0],[121.36911294232533,24.92096778201874,0],[121.36908811758235,24.920925435471055,0],[121.36907600197502,24.92089153716091,0],[121.36907319349793,24.920866362629884,0],[121.3690635712887,24.920748067741815,0],[121.36904058558068,24.920534683197836,0],[121.36903928550605,24.92052602727847,0],[121.3690067364454,24.920309314647138,0],[121.36898578651447,24.920169633338656,0],[121.36898442498035,24.920157996910675,0],[121.36898359641414,24.920151584982563,0],[121.36892761221763,24.920147184011363,0],[121.3688836800436,24.920143933598208,0],[121.36888228684826,24.920134012528102,0],[121.36885207436745,24.919951719992238,0],[121.36884563616867,24.919901446085714,0],[121.36883256897107,24.919823580364437,0],[121.36883264142133,24.919819592924917,0],[121.36883396344297,24.919746832869375,0],[121.3688342382964,24.919738112218457,0],[121.36883423845268,24.91973811235984,0],[121.36883599776115,24.91968231120743,0],[121.36884668016027,24.919582642188583,0],[121.36881738242825,24.91952629277333,0],[121.36880393836834,24.919482103734232,0],[121.3687807318619,24.919436681451423,0],[121.36877094169446,24.919412860155823,0],[121.36877246958404,24.919392322989705,0],[121.36877613161673,24.919343133482496,0],[121.36877368337466,24.91930307183236,0],[121.36874944822014,24.919222830966646,0],[121.36874070618327,24.919182544288326,0],[121.36874510703386,24.919118535666957,0],[121.36872157821549,24.918983707215464,0],[121.36871287529625,24.91887925839042,0],[121.36870597889687,24.91878626079282,0],[121.3687027292712,24.918750112175815,0],[121.36870036585903,24.918663820845058,0],[121.36869271985202,24.9186664242574,0],[121.36868162782379,24.918617234508794,0],[121.36871545674808,24.91860558338505,0],[121.36877168163382,24.918528119362996,0],[121.36874166022297,24.918453080173222,0],[121.36871392303405,24.918459571709946,0],[121.36870575760571,24.91842263195005,0],[121.36866232208081,24.91843352436061,0],[121.36858735060439,24.91845307501628,0],[121.36856707957716,24.918455237712905,0],[121.368526891736,24.91845929363815,0],[121.36851729160043,24.918456225345484,0],[121.36849860600663,24.918438313809613,0],[121.36847426762162,24.918386332930467,0],[121.36846048029912,24.91834927561726,0],[121.36837311139695,24.918077738750075,0],[121.36835812451628,24.918044513021314,0],[121.36835123431969,24.918026862809107,0],[121.36829945217475,24.917883225471247,0],[121.36828637701527,24.917822278144993,0],[121.3682944416462,24.917647803193525,0],[121.36829287141862,24.917619859797973,0],[121.36823000778872,24.917528664437643,0],[121.36820328948335,24.917484361212022,0],[121.36817065475624,24.917261840923523,0],[121.36819496480993,24.91719958106201,0],[121.36818936106644,24.91714320865572,0],[121.36820305379537,24.916963947203552,0],[121.36819260785981,24.91696666776495,0],[121.36816406245192,24.916959348877622,0],[121.36814829003579,24.916933472400316,0],[121.36812709044669,24.916896724686573,0],[121.36811334558735,24.91674644781831,0],[121.36811646635299,24.916718898808362,0],[121.36812222013369,24.916699118751325,0],[121.36817871222658,24.91668412100493,0],[121.36817833431301,24.916682442285335,0],[121.36820040850473,24.91665312801292,0],[121.36821841555233,24.916664568354257,0],[121.36823508686635,24.916660358387393,0],[121.36816698358211,24.916425549596347,0],[121.36826569940257,24.916415973932732,0],[121.36821904486968,24.916207392529323,0],[121.36818011298041,24.916214389447426,0],[121.36815240188163,24.916081246408247,0],[121.36813692994919,24.916083719657983,0],[121.36811304207708,24.915954139972733,0],[121.36810716549388,24.91595472811933,0],[121.36808662884754,24.915857564026233,0],[121.368070286725,24.915860566845456,0],[121.3680632295752,24.9158389232641,0],[121.36806051888964,24.915798044540498,0],[121.36808011731664,24.915794126147652,0],[121.36807457241868,24.91577159438148,0],[121.36812767843591,24.915757083903934,0],[121.36812567279495,24.915746197777764,0],[121.36813562954536,24.9157439900161,0],[121.36814386586828,24.915740324400907,0],[121.36818795207387,24.915706624065958,0],[121.36820758253657,24.915700292930712,0],[121.36823700700496,24.915652130622664,0],[121.3682440190493,24.915596004777978,0],[121.36820082989635,24.91542078928524,0],[121.36816802775805,24.915259498539122,0],[121.36813549048686,24.915176808103134,0],[121.36812040853528,24.91512684853636,0],[121.36808653711212,24.91497813740208,0],[121.3680746737408,24.914920648828264,0],[121.3680498768966,24.914842499811225,0],[121.36802051214349,24.91475079985626,0],[121.36804999501905,24.914697521217036,0],[121.36806710126575,24.914611048634644,0],[121.36803486682409,24.914558443307065,0],[121.36801275804704,24.91454708638735,0],[121.36794087730173,24.914484050523143,0],[121.36793681301369,24.914422743763684,0],[121.36795662106884,24.91435248069618,0],[121.36794387530513,24.914325729885796,0],[121.3678970864009,24.914279400924016,0],[121.3678929266775,24.914273686782288,0],[121.36787340360642,24.914120695521195,0],[121.36786801373017,24.91406424496898,0],[121.3678619441055,24.91400067336264,0],[121.36786657682684,24.91399846467131,0],[121.36787027892012,24.913962812914253,0],[121.36788213628712,24.913940058463872,0],[121.36789136033157,24.913873896427614,0],[121.36789536794703,24.91385053830402,0],[121.36791347278597,24.91378568293761,0],[121.36792021781568,24.913695948459363,0],[121.36792060924599,24.91363118690267,0],[121.36792607235257,24.91353604140266,0],[121.36795534419555,24.913490184352156,0],[121.36795779927151,24.91344760080272,0],[121.36793303561463,24.913427183587473,0],[121.36788442051376,24.91338710122912,0],[121.36787850246208,24.913346888376935,0],[121.36784687329471,24.913331116282762,0],[121.36785081603558,24.91330799032219,0],[121.3678678374905,24.913211495733925,0],[121.36786847971561,24.913206037454344,0],[121.36787449728956,24.913161163598073,0],[121.36788191434492,24.913107096765632,0],[121.36788414287058,24.91309124325294,0],[121.36789496440181,24.913009386948044,0],[121.36789524508808,24.91300763321615,0],[121.36786223979597,24.912929068419015,0],[121.36784553749831,24.912889606989037,0],[121.3678391464842,24.91286241697641,0],[121.36783881623165,24.912858844182722,0],[121.36784900725502,24.91274113995039,0],[121.36785439856507,24.91268215914321,0],[121.36785969840079,24.9126133468328,0],[121.36786574809832,24.912540005360633,0],[121.36786574809832,24.912540005360633,0],[121.36787062989444,24.9124794665358,0]]}},{"type":"Feature","properties":{"cadgeom_type":"CADLWPolyline","thickness":0,"color":"#00FF00FF"},"geometry":{"type":"LineString","coordinates":[[121.36786765628725,24.911996706803503,0],[121.36788610566316,24.911883736501835,0],[121.36794603561135,24.911583286863934,0],[121.36796939187458,24.911567517444183,0],[121.36800472146436,24.911517927364933,0],[121.36801699572447,24.911420204547667,0],[121.36802539320045,24.911353399436397,0],[121.36804544500394,24.911328486128955,0],[121.36811821929916,24.91130800699032,0],[121.36811942801208,24.911305958605837,0],[121.36814614758133,24.911258051316576,0],[121.36817097995389,24.91121072376355,0],[121.36819036742399,24.911173191872717,0],[121.36819162605713,24.91116620519763,0],[121.3682035810117,24.911100034912394,0],[121.3682035810117,24.911100034912394,0],[121.36821459288554,24.91107818771154,0],[121.36824191191582,24.911029716493065,0],[121.36828754276276,24.91097176558437,0],[121.36831193054931,24.910939042882568,0],[121.3683097106837,24.910921461230846,0],[121.36830959121717,24.91092051503862,0],[121.36830138946831,24.910855555971903,0],[121.36829862687911,24.910835037550754,0],[121.3683064789665,24.910783007994812,0],[121.36831347261756,24.91073753495757,0],[121.36832032814559,24.91068613791807,0],[121.36832741834246,24.91064089126648,0],[121.36838825876356,24.910615905654875,0],[121.36843567875472,24.910596405005375,0],[121.36843568048846,24.910596233474266,0],[121.36839031146157,24.91057932950846,0],[121.36838429543852,24.910577057866796,0],[121.36839829085342,24.910495095428605,0],[121.36841672176065,24.910390317108686,0],[121.3684073759545,24.910389160437163,0],[121.36840461364707,24.910320276645642,0],[121.36842940643179,24.910320119523554,0],[121.36843271448195,24.910301980456442,0],[121.36844687769067,24.910281785043328,0],[121.36850185783865,24.91023909897433,0],[121.36851802155189,24.910235500708445,0],[121.36849261093387,24.91022925983988,0],[121.36850888663697,24.910180888682813,0],[121.36848858031416,24.91017491592649,0],[121.36849874375477,24.910136181894316,0],[121.368511458799,24.910138823267516,0],[121.36851549749116,24.91011586052298,0],[121.36852766304594,24.910043894161667,0],[121.36854842958316,24.910046813968144,0],[121.36849257253681,24.910014789273422,0]]}},{"type":"Feature","properties":{"cadgeom_type":"CADLWPolyline","thickness":0,"color":"#00FF00FF"},"geometry":{"type":"LineString","coordinates":[[121.36899202411438,24.90787166851856,0],[121.36892604420875,24.907785726121414,0],[121.36888176704866,24.90777953311208,0]]}},{"type":"Feature","properties":{"cadgeom_type":"CADLWPolyline","thickness":0,"color":"#00FF00FF"},"geometry":{"type":"LineString","coordinates":[[121.36817366357873,24.907173494057602,0],[121.36817366357862,24.90717349405765,0],[121.3682075569946,24.907161789347636,0],[121.36819076417827,24.907116695709178,0],[121.36820867840173,24.90708430752241,0],[121.36820622745898,24.907070101563917,0],[121.3682263396496,24.907049845427366,0],[121.36823771343165,24.9069905321369,0],[121.36822620559181,24.906979417200713,0],[121.36824220148952,24.90693444028056,0],[121.368245752867,24.90690358010428,0],[121.36827116056261,24.906876425455398,0],[121.36825298773644,24.906863157964654,0],[121.36828376334657,24.906794056730213,0],[121.36830819460039,24.90673759341941,0],[121.3683406514817,24.906680392523132,0],[121.36837003323532,24.90662668955355,0],[121.36835201546069,24.90661834996862,0],[121.36827359766303,24.90658067814156,0],[121.36830453269435,24.906511523042987,0],[121.36848777696395,24.906344921734192,0],[121.36863926914866,24.906220452856992,0],[121.36869689535715,24.90617727374482,0],[121.3688060739972,24.9061008125595,0],[121.36895571938732,24.906004603803993,0],[121.36909521719019,24.905931247402616,0],[121.36910604072195,24.90594753735885,0],[121.3692190664489,24.905889823003346,0],[121.36926497848768,24.905855105529394,0],[121.36930721320252,24.905822819647412,0],[121.36949678612561,24.905736135748658,0],[121.36972772661575,24.905646767294353,0],[121.36986165926781,24.905598253647984,0],[121.36998713038697,24.905550167303996,0],[121.37001016936682,24.90554048422999,0],[121.37013949009106,24.905486131022613,0],[121.37016789387951,24.90566951813816,0],[121.37049547836514,24.905763152518325,0],[121.37063931669547,24.90581235439303,0],[121.37072082519754,24.905750913091268,0],[121.37072611103406,24.905716646179986,0],[121.3707992209346,24.905599506856092,0],[121.37084463210785,24.90552677277896,0],[121.37089969960307,24.905469025230822,0],[121.37086542203441,24.905442981623867,0],[121.37093677850181,24.905367060574775,0],[121.37098401034339,24.90531751007135,0],[121.37100112051075,24.905262286416075,0],[121.37104377605334,24.90518109747725,0],[121.37106901433572,24.905124949991336,0],[121.37110519486086,24.90509238614536,0],[121.37112422853536,24.90506058687285,0],[121.37109940246563,24.905054442736585,0],[121.37109995444492,24.905017730962204,0],[121.37111689782887,24.90492364688218,0],[121.37113704659048,24.904838190763133,0],[121.37113308267436,24.904800895209146,0],[121.37116647341097,24.904738171389365,0],[121.37118556361068,24.904691361371487,0],[121.37120328809159,24.904662804074718,0],[121.37125124064733,24.90458480222503,0],[121.37127341440272,24.90452786131434,0],[121.37128599868343,24.90448715023016,0],[121.37130191828689,24.904432094945626,0],[121.37129941438008,24.904377873588558,0],[121.37128558145433,24.904378818905524,0],[121.37128254930239,24.904379025962125,0],[121.37129913318395,24.904336109735972,0],[121.3713162675537,24.90429140628202,0],[121.37135058246051,24.904190268216933,0],[121.37137573094024,24.90410552161052,0],[121.37139650480546,24.904026303984065,0],[121.37141030995552,24.903957280594696,0],[121.3714202094118,24.903888439444245,0],[121.37142619248294,24.903821644187296,0],[121.3714331109552,24.903647443803756,0],[121.3714384010574,24.90332417753733,0],[121.37144054015154,24.9032310749704,0],[121.37144900603299,24.90321732932392,0],[121.37144287144187,24.903163201655733,0],[121.37144621454912,24.903137460903746,0],[121.37145635170285,24.903053768619174,0],[121.371456768264,24.903050331300417,0],[121.37145486393682,24.903023062564564,0],[121.37144763033307,24.902954729875436,0],[121.37144716683511,24.902950358672125,0],[121.37143669081458,24.902850529228523,0],[121.37146213310776,24.90277155568369,0],[121.37146562076644,24.902727086968596,0],[121.37146810050834,24.90269545931485,0],[121.37146437750901,24.902657057136672,0],[121.37146437750901,24.902657057136672,0],[121.37145612022314,24.902586834839184,0],[121.37146734632098,24.90256554110323,0],[121.37146492437049,24.902549358801533,0],[121.37146335091927,24.90252892456573,0],[121.37146335091927,24.90252892456573,0],[121.37146281698021,24.90252143153622,0],[121.37146208397394,24.902511142950086,0],[121.3714489970989,24.90247198039842,0],[121.37143399976624,24.90245278997907,0],[121.3714264266181,24.902387198461767,0],[121.37141423626379,24.90233652426646,0],[121.37140646258486,24.902308548985832,0],[121.37138760226276,24.902240675389546,0],[121.37136187882662,24.902145127278335,0],[121.37134034162233,24.902064263586126,0],[121.37130789810605,24.90199178397624,0],[121.37130931070907,24.901980113714323,0],[121.3713108739293,24.90194851379481,0],[121.37131457147849,24.901883452578186,0],[121.37133474753273,24.901795899939533,0],[121.3713454795514,24.90171434758663,0],[121.37127906925441,24.90164683159217,0],[121.37124631601755,24.901614303393,0],[121.37119665371982,24.901589825042034,0],[121.37107376910757,24.901529254063167,0],[121.3710443124696,24.901606582497134,0],[121.37102095809382,24.90172558043873,0],[121.37097009070705,24.901709899031115,0],[121.3707978959027,24.901656439659906,0],[121.37062635751654,24.90160512799096,0],[121.37051416779119,24.901570131398454,0],[121.37031768808977,24.901508542238073,0],[121.37015507382526,24.90145873919235,0],[121.37001368356859,24.901415326461258,0],[121.36993356930053,24.90136172578919,0],[121.36989015795714,24.90133276396736,0],[121.36979788541639,24.90127120386011,0],[121.36979788523365,24.90127120375215,0],[121.36971484279918,24.901216283602526,0],[121.36967734672997,24.901216213920456,0],[121.36966977208638,24.901216199823036,0],[121.36959973918012,24.901209598982533,0],[121.36959007612974,24.901208687755403,0],[121.36941978397658,24.90115578597705,0],[121.3693411083258,24.901131186640633,0],[121.36923639660787,24.90109881008655,0],[121.36909584803809,24.901053406183063,0],[121.36905788038366,24.901011777231066,0],[121.36901540527255,24.90096379526336,0],[121.36898911592431,24.90082559103686,0],[121.36897122148058,24.90072623796812,0],[121.36898412428461,24.900681318074778,0],[121.36900716403922,24.900600720788336,0],[121.36901287066279,24.90054073723695,0],[121.36900801788704,24.9005069198948,0],[121.36900193674147,24.900469722887646,0],[121.36904915548958,24.900434960604006,0],[121.36911009952236,24.900389274405523,0],[121.36922208510984,24.90043119363611,0],[121.36922398972983,24.90043122286798,0],[121.36928197388937,24.900409920229787,0],[121.36940360789762,24.900469751203865,0],[121.36941406533377,24.90047350391141,0],[121.36943444741189,24.900480818127676,0],[121.3695125468415,24.900473278298854,0],[121.36957154477813,24.900467582527355,0],[121.3697219138657,24.900479173757713,0],[121.36973822871342,24.900464874399393,0],[121.36979250756872,24.900475315326698,0],[121.36984064400797,24.90048423846813,0],[121.36985965584277,24.90048582830338,0],[121.36999757988504,24.90050063419171,0],[121.3701233133693,24.900499412708964,0],[121.37028692572501,24.900498242483707,0],[121.37039715664669,24.900497310476446,0],[121.37046441602178,24.90048932293083,0],[121.3704649928304,24.900488308403876,0],[121.37048500118634,24.900468575738856,0],[121.37050073331251,24.90043407593937,0],[121.37055345324823,24.90046517770446,0],[121.37062445869044,24.900468396936454,0],[121.3706286614911,24.900469815847877,0],[121.37064832245642,24.900476454429196,0],[121.370743094809,24.900508454539203,0],[121.37085974669742,24.900490480185127,0],[121.37091792480423,24.900450161711394,0],[121.37097069684309,24.900441741430306,0],[121.37097680391894,24.90045697492892,0],[121.3709874274416,24.900483474596466,0],[121.37103099348018,24.90046701478346,0],[121.37107456879465,24.900462974380186,0],[121.37111040972272,24.900474781435037,0],[121.37113872030557,24.900470492076185,0],[121.37121058706597,24.90045960277298,0],[121.37130521966326,24.900414481812753,0],[121.3713590996957,24.900400642297782,0],[121.37137592456335,24.900385862891007,0],[121.37141193143431,24.90035423025496,0],[121.37144780130991,24.900312034766333,0],[121.37145306831206,24.90029478636554,0],[121.3714557551976,24.90028598732272,0],[121.37147450637319,24.90023834393291,0],[121.37149211942709,24.900191085491784,0],[121.37150576690556,24.900183113863854,0],[121.37150888337341,24.90016079185536,0],[121.37150953743776,24.90015610798139,0],[121.37151589098903,24.900095136707915,0],[121.37150425821974,24.900065106975134,0],[121.37150287484322,24.900062794902112,0],[121.3714874327762,24.900036984411503,0],[121.37148089524786,24.90002536092227,0],[121.37150786746547,24.899998071879374,0],[121.37153732545097,24.89996734382226,0],[121.37157773537372,24.89992317728888,0],[121.37161039224785,24.89988008001778,0],[121.3716296799009,24.8998748460117,0],[121.3716927054795,24.899857744277284,0],[121.3718118921767,24.89980462120012,0],[121.37184232358479,24.899806379552768,0],[121.37184238406354,24.899754532981586,0],[121.37194860745551,24.899725724608974,0],[121.3719593846716,24.89972280209225,0],[121.3719617715614,24.899703564322458,0],[121.37196681064928,24.89966294834319,0],[121.37197277052957,24.899618102802325,0],[121.37197228880042,24.899535354422458,0],[121.37197124120316,24.899488613667184,0],[121.372029555822,24.89948933202215,0],[121.37205765416046,24.89941565810689,0],[121.37209117680136,24.89941985841673,0],[121.37209821647969,24.899407194362634,0],[121.37211833453806,24.899395518116965,0],[121.37210552634723,24.899374883814506,0],[121.37208972571952,24.89936864788813,0],[121.37208567810984,24.89933888042638,0],[121.37206627442598,24.89931333613053,0],[121.3720641749029,24.899310571856866,0],[121.37206762657709,24.899244304167585,0],[121.3720346774611,24.89923131227562,0],[121.3720444884858,24.899165175583917,0],[121.37201673555194,24.899153209811573,0],[121.37201402846607,24.899105406352632,0],[121.37201238989906,24.899076459422634,0],[121.37198808759454,24.899068767450792,0],[121.37196247237581,24.899060659177994,0],[121.37194069134274,24.899047158791756,0],[121.37198815066618,24.898730779838875,0],[121.37199509723904,24.898682288529983,0],[121.37202755133609,24.898501653560874,0],[121.37203474153982,24.898406793762998,0],[121.37203766204378,24.898365450507125,0],[121.37203766188567,24.898365450356195,0],[121.37219720829556,24.898143487092135,0],[121.37240917466788,24.89797921820225,0],[121.37247773416014,24.897850368786358,0],[121.37238646360976,24.897711714791864,0],[121.37243467155757,24.89768307059752,0],[121.37244025695418,24.89767923131089,0],[121.37245170226284,24.897674558022533,0],[121.37253550094488,24.89763975053318,0],[121.37267024003619,24.89761490071864,0],[121.37269699029343,24.89762605019499,0],[121.37274843222335,24.897620263741537,0],[121.37276092149511,24.897601048450337,0],[121.37280484347112,24.897600404487147,0],[121.37291080521534,24.89760194354998,0],[121.37299046319201,24.89761393398355,0],[121.37308473195922,24.897641939044178,0],[121.37314861419158,24.89766884600317,0],[121.37329135348766,24.897738030320596,0],[121.37333463867351,24.89783525590648,0],[121.37340825014063,24.897859938121346,0],[121.37349057466655,24.897887770309147,0],[121.37349469302593,24.89788916313041,0],[121.37361166415799,24.897944974791184,0],[121.37371539548914,24.897995118809174,0],[121.37384550921772,24.898058272861288,0],[121.37392795122524,24.89809841122536,0],[121.37398144022679,24.898048674816682,0],[121.37398219039525,24.897997283360294,0],[121.37398603746026,24.897935187335197,0],[121.37398911794504,24.897862224245397,0],[121.37399964297823,24.89779313155298,0],[121.37400521095532,24.89776045123628,0],[121.37406299686198,24.89772080012656,0],[121.3741102689233,24.897683810267186,0],[121.37413902228403,24.897648843849247,0],[121.37417523702509,24.897606894019688,0],[121.37423265857156,24.897521774860984,0],[121.37429310018499,24.8974160575421,0],[121.37433897316511,24.897315563116877,0],[121.37440633813365,24.897167772444305,0],[121.37446772295513,24.896993998030744,0],[121.3744982076353,24.89688326697214,0],[121.3745139781329,24.896812657432303,0],[121.37453381764455,24.896716607149028,0],[121.37453381769949,24.896716606814028,0],[121.37455234856576,24.89660240079106,0],[121.37457381618867,24.896319086268797,0],[121.37457627811946,24.896277979687778,0],[121.37458668371534,24.89613813254512,0],[121.3745925334197,24.896059077718924,0],[121.37459547123325,24.895961495474147,0],[121.37459832553877,24.895868217363752,0],[121.37467089792456,24.895774937895833,0],[121.37469641600946,24.895343611993752,0],[121.3747043143026,24.89521010855002,0],[121.37470631209713,24.89499089386664,0],[121.37470254542009,24.89486692761514,0],[121.37466414496093,24.894442993432254,0],[121.37466428534319,24.894348551210957,0],[121.37467623573795,24.8942187358149,0],[121.37470595871535,24.894055160394597,0],[121.3747235105285,24.893959504124535,0],[121.37474413225603,24.893888384141807,0],[121.3748142396386,24.89364854439175,0],[121.37487351636625,24.893444455085504,0],[121.37490062160455,24.893354854495346,0],[121.37502079629539,24.893040935714176,0],[121.37505721732781,24.892991832778687,0],[121.37507574614538,24.89296236380918,0],[121.37513690952318,24.892865984655938,0],[121.37515879598902,24.892814098887207,0],[121.37519616691498,24.892727434498013,0],[121.37522434554376,24.892662088567953,0],[121.37525461539073,24.89259184795857,0],[121.37527961205049,24.89253457193345,0],[121.37533338126141,24.892409662974032,0],[121.37532080415552,24.892395783821797,0],[121.37531315450862,24.892387481909502,0],[121.37551160342402,24.89201533289208,0],[121.37551160326933,24.8920153327531,0],[121.37576097092837,24.891737996085503,0],[121.37595230664576,24.891404971362704,0],[121.3760651601013,24.891335409291873,0],[121.3761074254565,24.89107554151839,0],[121.37621691528764,24.890873400556007,0],[121.37625917545431,24.890800900321388,0],[121.37630250449524,24.89075919725006,0],[121.37642606746262,24.890106458672513,0],[121.37645491075627,24.889833833944806,0],[121.37657487768175,24.889748968783987,0],[121.37663631099987,24.8893787025507,0],[121.3768060581601,24.888980353098727,0],[121.37674498612967,24.888090810248546,0],[121.37673446614629,24.887949302812437,0],[121.37672600555449,24.88781602936065,0],[121.37672348452232,24.88777807528782,0],[121.37679814267204,24.887709127048375,0],[121.37682251154376,24.8875015256754,0],[121.37672302228286,24.88727242542877,0],[121.37671719841173,24.88715004954144,0],[121.37671719841173,24.88715004954144,0],[121.37681366014857,24.886760223478344,0],[121.37691244488684,24.886579421564086,0],[121.37702807289227,24.886406564823957,0],[121.37706610208181,24.886236231132624,0],[121.37713078586833,24.886068508977427,0],[121.37720450691502,24.88595365860719,0],[121.37726621727731,24.885835887655084,0],[121.3772860734763,24.885503627979187,0],[121.3772403304477,24.885378503893307,0],[121.3772406963213,24.885202586026857,0],[121.37726192323942,24.885127932798387,0],[121.3774325720549,24.884928185010413,0],[121.37755863276512,24.88484517154617,0],[121.37782385593609,24.884724652009254,0],[121.37788024518254,24.884668520711177,0],[121.37800946583843,24.88449634031674,0],[121.37800548688125,24.884490751972077,0],[121.37809352589728,24.884329864220234,0],[121.37814369504451,24.884228682309036,0],[121.37815726284578,24.884231392569102,0],[121.37827895864503,24.884119709934254,0],[121.37833748742737,24.884033629343033,0],[121.3784276411347,24.883964649583888,0],[121.37847698717151,24.88382084659211,0],[121.37851594562851,24.883776066278937,0],[121.37870265113047,24.883691700871374,0],[121.37871991913758,24.883674476024908,0],[121.37875870765174,24.883574008937,0],[121.3788149699484,24.883491373718346,0],[121.37896840930138,24.883403661607993,0],[121.37901347021615,24.883347860058333,0],[121.37902441756756,24.883237848346607,0],[121.37905894912703,24.88320201724391,0],[121.3791536524642,24.883132330308296,0],[121.37923377586388,24.882987762726106,0],[121.37924083819924,24.88283720531046,0],[121.37930308682158,24.882738059817516,0],[121.37935961499484,24.882515871795192,0],[121.37935207836576,24.882511078812783,0],[121.37939530540274,24.882373484525715,0],[121.379405103686,24.882373459622528,0],[121.37954246413122,24.882206744188807,0],[121.37954246413122,24.882206744188807,0],[121.3796191507171,24.88194189077147,0],[121.3796489548924,24.881816708480258,0],[121.37964454875477,24.881637993537574,0],[121.379659485348,24.88160289828427,0],[121.37980446316506,24.881467789688045,0],[121.37989899028675,24.881341052294342,0],[121.38006128335579,24.881204518047916,0],[121.38021990564074,24.881097560967984,0],[121.3802347262736,24.88102465503242,0],[121.38023081806627,24.88097654361893,0],[121.38025930296955,24.880937973985603,0],[121.38033135009486,24.88083948925413,0],[121.38037106716713,24.88078439609104,0],[121.38044311618943,24.880686588430276,0],[121.38048135490111,24.880633557479854,0],[121.38049984361938,24.880530406052905,0],[121.38053841708513,24.880360519678444,0],[121.38050753816123,24.880360598387497,0],[121.38057855508877,24.880039679247236,0],[121.38064497170276,24.879980564726022,0],[121.38067286282451,24.879915657409956,0],[121.38072419961614,24.879773619337676,0],[121.38073358527194,24.879625384145122,0],[121.3807617119247,24.879379404806862,0],[121.38075540208169,24.879255594947608,0],[121.38079705313099,24.879076473299808,0],[121.38073715239908,24.878422924780914,0],[121.38072494769708,24.8782835032329,0],[121.38070666588864,24.878260229494696,0],[121.38067834408723,24.878190286466943,0],[121.3806742232411,24.878137399574904,0],[121.38069874856926,24.877969634484725,0],[121.38073840965784,24.8777028524455,0],[121.38074132395109,24.877684968770073,0],[121.38073944817017,24.87761721976182,0],[121.38074370188124,24.877586788933918,0],[121.38074508225105,24.87757691383677,0]]}},{"type":"Feature","properties":{"cadgeom_type":"CADLWPolyline","thickness":0,"color":"#00FF00FF"},"geometry":{"type":"LineString","coordinates":[[121.38021211877314,24.877500425670632,0],[121.380210910962,24.87750713182778,0],[121.380210910962,24.87750713182778,0],[121.38019852484209,24.877575903521848,0],[121.38009186033219,24.87788741985232,0],[121.380081675701,24.877910271813477,0],[121.3800836782412,24.877984586578222,0],[121.38013358998411,24.878169771088995,0],[121.38014908945568,24.87830111496611,0],[121.38021268181399,24.878611541181236,0],[121.38023544100925,24.878669063202686,0],[121.38022925299182,24.87868764831355,0],[121.38018301601628,24.878872464773497,0],[121.38018711401219,24.878887925120928,0],[121.38018303980688,24.87894938811936,0],[121.38035780480094,24.87918666939279,0],[121.38039203241858,24.879338112012682,0],[121.38037726695016,24.879430034280077,0],[121.38038196147164,24.87955119373686,0],[121.3803494283461,24.879647503430323,0],[121.38023742023489,24.879761140380452,0],[121.38013007500835,24.8798630701491,0],[121.3801697483769,24.8799330463781,0],[121.38014264139746,24.879974901867918,0],[121.37992786964428,24.880298813129972,0],[121.37988921435345,24.8803355899251,0],[121.37980906151559,24.880523160972306,0],[121.37975524473298,24.88061590121351,0],[121.37973044424864,24.880650612084956,0],[121.37960732321204,24.880724594534502,0],[121.37955429983822,24.880812681928237,0],[121.37943451487949,24.88102689150818,0],[121.3792424733139,24.881217182579316,0],[121.37921127613292,24.881251986082464,0],[121.37918708163932,24.8812984102385,0],[121.37911565896685,24.881507210591174,0],[121.37907080562913,24.881584867327668,0],[121.37903716210585,24.881699569757245,0],[121.37900160508276,24.88174475269399,0],[121.37892741311046,24.88187715567234,0],[121.378884701478,24.881991965865634,0],[121.37889655371725,24.88206756192076,0],[121.37892625838631,24.88217048484568,0],[121.3789092240388,24.882237477238775,0],[121.37881481228563,24.88238113710143,0],[121.37879681744403,24.88243574696302,0],[121.37874940209392,24.88249484095391,0],[121.37869576606296,24.88254368141611,0],[121.37866111561492,24.88259711354805,0],[121.37857525381156,24.882798503325443,0],[121.37853128699086,24.88288234123427,0],[121.37850134769756,24.882990797482233,0],[121.37847201956887,24.88304554166339,0],[121.37844538069379,24.883080286479117,0],[121.37836096814867,24.883141886273613,0],[121.3783064954825,24.883229979326565,0],[121.37829507061855,24.883314803058052,0],[121.37825200089986,24.88336144837551,0],[121.37818090296878,24.883404986006266,0],[121.37806964808775,24.883488248047378,0],[121.37793043066915,24.883616595707196,0],[121.37783936713815,24.88373059684395,0],[121.37776411512023,24.88375146144095,0],[121.37765557477366,24.883815409601805,0],[121.37760943629988,24.883858646491724,0],[121.37758094220145,24.883916819508485,0],[121.37757587585668,24.88401877631743,0],[121.37756227740296,24.884063690197642,0],[121.37752080720593,24.884114444061154,0],[121.37747136853312,24.88414119564572,0],[121.37742305408916,24.884145213730278,0],[121.37730629270374,24.884081199193687,0],[121.37722462709091,24.88403604433532,0],[121.37720189250429,24.884032872901198,0],[121.37715652950511,24.884032725065957,0],[121.37712862200001,24.88403650004247,0],[121.37710759926952,24.88407552731966,0],[121.37707906733505,24.884142493970575,0],[121.3770813657028,24.884199606247392,0],[121.37710739998428,24.88426735289634,0],[121.37711115461448,24.884277119732864,0],[121.37709968203849,24.884321249204213,0],[121.37705141542764,24.88438084880359,0],[121.37696899510948,24.884428378849066,0],[121.37693084470848,24.88445486722762,0],[121.37689867872302,24.88447717350682,0],[121.37685237588353,24.88451474222855,0],[121.3768091713399,24.884557785421634,0],[121.3767617634348,24.884624254434037,0],[121.37674283109389,24.88467464196128,0],[121.3767261014564,24.88477453584514,0],[121.37667410939315,24.88483691873313,0],[121.3766189638657,24.884889699964507,0],[121.37657453553146,24.884952701083556,0],[121.37649321446422,24.885312330565952,0],[121.37649321424038,24.885312331015413,0],[121.37647491199691,24.88547158460149,0],[121.37632014547299,24.886149528085525,0],[121.37627212818717,24.886188814811682,0],[121.37621783018994,24.88632859731948,0],[121.37618353236596,24.886451302532077,0],[121.37624179996554,24.88651862459219,0],[121.37625937983177,24.886597132087445,0],[121.37628347893298,24.886705955736687,0],[121.37630401571766,24.886829207389756,0],[121.37626600130868,24.88688273392104,0],[121.37624847937143,24.88691084243164,0],[121.37612874824467,24.88696310876044,0],[121.37608015816551,24.88698773425951,0],[121.37607264680726,24.88713828529678,0],[121.37606556690193,24.88731769046367,0],[121.37603082730861,24.887411541513263,0],[121.37603769809508,24.88741764278592,0],[121.37605016578533,24.88754528397805,0],[121.37615519884507,24.88761685620526,0],[121.37614841341744,24.88766571050042,0],[121.37607967947108,24.8878032588318,0],[121.37600193571079,24.88789281761813,0],[121.3760248004369,24.88796056624233,0],[121.3761310872072,24.88816470908456,0],[121.37612138522655,24.88822047472298,0],[121.37605887867201,24.88842115754778,0],[121.37605296317606,24.888428100752623,0],[121.37602240314592,24.888549391383375,0],[121.37596265585337,24.888733547852915,0],[121.37601032703016,24.888947336169473,0],[121.375959656537,24.88918359896348,0],[121.37595567800108,24.889618556029276,0],[121.37590308395279,24.889827366576988,0],[121.37582332286442,24.889934145569413,0],[121.37583404016245,24.889995160299623,0],[121.37585386513669,24.8900065405674,0],[121.37583999098666,24.89008835933231,0],[121.37580487105025,24.89031236057988,0],[121.37578168041603,24.890329825094536,0],[121.37565951398715,24.890534586521582,0],[121.37557710050002,24.890610829327933,0],[121.37551289850097,24.890655972263016,0],[121.37552093191576,24.890665418313894,0],[121.37542762480382,24.890873372588306,0],[121.37536383370535,24.890900118050382,0],[121.37533478646309,24.890912296664034,0],[121.3752739184845,24.891023659010582,0],[121.3752739184845,24.891023659010582,0],[121.37525517253341,24.89102938551231,0],[121.37519357445294,24.8911421301819,0],[121.37516001003938,24.891214690242563,0],[121.37517663497442,24.891217923115388,0],[121.3751860317977,24.891214012082322,0],[121.3751794367558,24.891225653634766,0],[121.3751184961396,24.89133918828362,0],[121.37507846996157,24.891412671944718,0],[121.3750652210192,24.891424723017913,0],[121.37495365801638,24.89152227982176,0],[121.37493599490956,24.891565774171404,0],[121.37473814541268,24.892037974556153,0],[121.3747221964117,24.89207848002118,0],[121.3747052929748,24.89211722109637,0],[121.37468425601784,24.89211676742717,0],[121.37469223357658,24.892120092163886,0],[121.37469778795551,24.892148298457677,0],[121.37464516730219,24.892223047961583,0],[121.37461016836001,24.892255685133918,0],[121.37453795926446,24.892325105530936,0],[121.37445864119759,24.892359511171634,0],[121.3744036070546,24.89249274263886,0],[121.3744036070546,24.89249274263886,0],[121.37434698095849,24.892541389740103,0],[121.37419376608797,24.892624593677255,0],[121.37417514533517,24.892645475755465,0],[121.37415244210841,24.89281955917551,0],[121.37413318581494,24.89290702507703,0],[121.37415191749388,24.893020219952128,0],[121.37400430837899,24.893085614094772,0],[121.37389298030291,24.893099791818884,0],[121.37389298030291,24.893099791818884,0],[121.37381781161095,24.893113605714863,0],[121.37373082458897,24.893207252084725,0],[121.37372019731147,24.893261647187384,0],[121.37375562020192,24.89326266391492,0],[121.373768647549,24.893280399545432,0],[121.3737770834199,24.893353157020844,0],[121.37381419659042,24.893429747545344,0],[121.37381419659042,24.893429747545344,0],[121.37383740604591,24.89353946252644,0],[121.37389965922212,24.893638476871004,0],[121.37391789280234,24.893650661736167,0],[121.37393089533688,24.89366633548633,0],[121.37393658600506,24.893699950186974,0],[121.37387764029074,24.893807058759684,0],[121.37382682047148,24.893901028731197,0],[121.37381079261955,24.893945171134625,0],[121.37380300022059,24.893985106120482,0],[121.37383346949566,24.894072758708816,0],[121.37386162038455,24.894155623072763,0],[121.37385006069144,24.89419559657205,0],[121.373815233755,24.894242677660866,0],[121.37377406110703,24.89432486866678,0],[121.37377160216717,24.89436956126414,0],[121.37371060064483,24.89449318516213,0],[121.37366646087726,24.894640003054853,0],[121.37370816722581,24.894661570230024,0],[121.37369843767564,24.894727638936665,0],[121.3737159431917,24.894741892836382,0],[121.37380659453159,24.89482206210113,0],[121.37374733531902,24.89514701574079,0],[121.37384452421357,24.895146716447922,0],[121.3738548488296,24.895347051968283,0],[121.37379329261547,24.89534142376666,0],[121.37377282773578,24.89553852454475,0],[121.37385225725455,24.89554467620869,0],[121.37382363459342,24.895763922374588,0],[121.3738162971352,24.895804766045543,0],[121.37375793400055,24.896183605867638,0],[121.37373085905901,24.89640015889022,0],[121.37372520798785,24.896454681526386,0],[121.37374075267225,24.896467487189028,0],[121.37373813453961,24.896471319614232,0],[121.3737083668001,24.89650117216534,0],[121.37370412759171,24.896523892643906,0],[121.3736852645603,24.896582496178986,0],[121.37369135122732,24.896587243936846,0],[121.37366658066554,24.896655529223864,0],[121.37367270970688,24.89666371215162,0],[121.37365736532824,24.8967023512545,0],[121.37363646797084,24.89671836999811,0],[121.37362629520015,24.896748710224063,0],[121.37363856196701,24.896765764921206,0],[121.37360616347931,24.89682656831869,0],[121.37360616347931,24.89682656831869,0],[121.37362586162153,24.896835301317967,0],[121.37356112428236,24.896961718238007,0],[121.3735515949555,24.896983118205053,0],[121.37351156850336,24.897036440601426,0],[121.37349127370368,24.897047248951402,0],[121.37346237727465,24.89705390282111,0],[121.37343296010373,24.89705696679497,0],[121.37336225320591,24.89705828497095,0],[121.37328992289068,24.897045522834034,0],[121.37324143882157,24.897032041450014,0],[121.37318561490099,24.897007802251327,0],[121.37314626037787,24.896985194655038,0],[121.37306462952866,24.8969035632673,0],[121.37305227811372,24.89687963728074,0],[121.37304761323625,24.896868002441465,0],[121.37301634298035,24.896837397471526,0],[121.3730002156875,24.896812822177765,0],[121.37299307831658,24.896784032503245,0],[121.37299189954699,24.896749684206444,0],[121.37290773246355,24.896706560986747,0],[121.37291272506867,24.896683832623484,0],[121.3728854772044,24.89667380181385,0],[121.37286775009996,24.896641684041114,0],[121.37284896700886,24.89664599848273,0],[121.3728321212037,24.89662418011127,0],[121.37280528917299,24.896647818461673,0],[121.37277359689313,24.896644018374168,0],[121.37270745979808,24.896596587609697,0],[121.37266678727772,24.896597688891067,0],[121.37263801464015,24.89658629978202,0],[121.37232075230176,24.896459646704876,0],[121.37232075230176,24.896459646704876,0],[121.37230330946619,24.89651136663859,0],[121.37223988880487,24.896622656069372,0],[121.37221420154967,24.89667789538665,0],[121.37222870186658,24.896692867200017,0],[121.37220893955853,24.896739799787447,0],[121.372177885225,24.89678753524007,0],[121.372152576856,24.896812532639164,0],[121.37218448082425,24.896833511416872,0],[121.37218529373575,24.896838314556824,0],[121.37218566243587,24.896844502977892,0],[121.37213826793813,24.896863242302224,0],[121.37209943601508,24.89688082661034,0],[121.37207023411554,24.896855980857122,0],[121.3719974189381,24.896816863498714,0],[121.37196016724407,24.89685091783322,0],[121.37193579003515,24.896890338619972,0],[121.37190012177486,24.896930562246528,0],[121.37185411576633,24.896926907575345,0],[121.3718232536637,24.89692928449524,0],[121.37179031743565,24.89694680076391,0],[121.37173070283366,24.897000326306436,0],[121.37171523952365,24.89702934854377,0],[121.37166900637169,24.89706830504495,0],[121.37162410453239,24.89715398096728,0],[121.37163880009125,24.897184757326677,0],[121.37165407097012,24.897201095362043,0],[121.37165087317243,24.8972471724565,0],[121.37162881617266,24.89729138143583,0],[121.37161520650335,24.897348561674477,0],[121.37161405865412,24.89735854642782,0],[121.37157910837436,24.897411603710054,0],[121.37153396040733,24.897488230477766,0],[121.37147707918886,24.897603388646157,0],[121.37143822667612,24.897694816385055,0],[121.3713971239607,24.89780265950321,0],[121.37135547106902,24.897928199202806,0],[121.37131232712301,24.898081513454105,0],[121.37131109742309,24.898085663998728,0],[121.37131421642897,24.89808719129365,0],[121.37130732093006,24.898098410604902,0],[121.37129496712848,24.89814010707882,0],[121.37109654829833,24.898363434573437,0],[121.37120504682335,24.898485340916544,0],[121.3712117848167,24.898481835567583,0],[121.3712133349197,24.89848525459231,0],[121.37121333462686,24.8984852558417,0],[121.37115242062916,24.898841663368227,0],[121.3711284087099,24.898901049897557,0],[121.37110095614723,24.898983158093355,0],[121.37101828208989,24.8992074909616,0],[121.37091763536304,24.8993344348238,0],[121.37088896984143,24.899332017320535,0],[121.37088429071318,24.89933582567891,0],[121.37082394301383,24.89936851106469,0],[121.37083976341302,24.89936832718998,0],[121.370831285109,24.899407602477474,0],[121.37081234033572,24.899452497177766,0],[121.37074096762308,24.899519305827035,0],[121.37067242146016,24.899573022839085,0],[121.37053454144983,24.89962548087623,0],[121.37048970670854,24.89965143060195,0],[121.37042643741266,24.899652851015727,0],[121.37042508917668,24.899663863785207,0],[121.37037788654418,24.899682280737633,0],[121.37033424270811,24.89968622246833,0],[121.37030263372701,24.899688651190257,0],[121.37026280638747,24.89969598496684,0],[121.37022534689183,24.899710852378902,0],[121.37007615699595,24.89976275490198,0],[121.37005813659816,24.899767087254578,0],[121.36983738082186,24.899819817820696,0],[121.36980433375199,24.899827073232316,0],[121.36965588023901,24.899825355917518,0],[121.36955356773618,24.89983616380698,0],[121.3695745183489,24.89987853397308,0],[121.36950654077947,24.899899935457487,0]]}},{"type":"Feature","properties":{"cadgeom_type":"CADLWPolyline","thickness":0,"color":"#00FF00FF"},"geometry":{"type":"LineString","coordinates":[[121.36739993402037,24.900670554186252,0],[121.36740613769848,24.900693955429475,0],[121.36741305236148,24.90071225233678,0],[121.3674303553603,24.900743677169586,0],[121.36745903527111,24.900775997274373,0],[121.3674860522961,24.90080492909311,0],[121.36751848383001,24.900830907667626,0],[121.36758800931192,24.900875058403216,0],[121.36767072310892,24.90092553179334,0],[121.36778408969765,24.900988042224967,0],[121.36787389913738,24.901036227600937,0],[121.3679782897837,24.90108661718129,0],[121.36806325295123,24.901122299156043,0],[121.36816795015515,24.901162387638333,0],[121.36821994969145,24.901187043714767,0],[121.36826976090138,24.90121483311813,0],[121.36827000739015,24.901214971589027,0],[121.36833318475502,24.90125046294462,0],[121.3683882093642,24.90128659786584,0],[121.36840468851534,24.901302841788755,0],[121.3684304315211,24.901334424996246,0],[121.36845019007457,24.901361840581707,0],[121.36846701331726,24.901387667666068,0],[121.36846887218792,24.901390521408192,0],[121.36848854231191,24.901425412318925,0],[121.36850190449684,24.901469976437678,0],[121.36850514794813,24.90148958962949,0],[121.3685327594071,24.9016810277913,0],[121.36853361101043,24.901687891104366,0],[121.36857866831032,24.901729982910464,0],[121.36858171129805,24.901732009750674,0],[121.3687252773703,24.90186574754134,0],[121.3688275921631,24.901960098549598,0],[121.36900635334565,24.902131230118016,0],[121.36932915401098,24.902469083277513,0],[121.36945402235995,24.902601132093423,0],[121.3695301498556,24.902682493993332,0]]}},{"type":"Feature","properties":{"cadgeom_type":"CADLWPolyline","thickness":0,"color":"#00FF00FF"},"geometry":{"type":"LineString","coordinates":[[121.37010033295367,24.90333784160392,0],[121.3702044164825,24.90350296397924,0],[121.37022693337721,24.9035494395096,0],[121.37024768257947,24.90363030100227,0],[121.3702755964368,24.90373788467742,0],[121.37028277692617,24.903818216559483,0],[121.37027946407193,24.903849871095712,0],[121.37026429550379,24.90389540875555,0],[121.37026824914786,24.90390842193735,0],[121.3702591894394,24.903907152531207,0],[121.37022805941123,24.90399548852516,0],[121.37018511316846,24.904100456647786,0],[121.37010734672145,24.90419414353721,0],[121.37003136623419,24.90425481939031,0],[121.36994347202373,24.904325255222556,0],[121.36990900694681,24.904338713318783,0],[121.36971276336182,24.904419339523706,0],[121.36927840756285,24.9046030693035,0],[121.36916388146975,24.904655256407892,0],[121.36902984765572,24.904713167152973,0],[121.3687822178611,24.904835624892073,0],[121.36875903261655,24.904847577737858,0],[121.36848087192455,24.904995131822982,0],[121.36807798589423,24.905061651261132,0],[121.3679813371226,24.905007894286914,0],[121.36790850404884,24.90501206477616,0],[121.36783099646127,24.905019088413933,0],[121.36777141617505,24.905039820555757,0],[121.36770936472436,24.905068674730277,0],[121.36766399964542,24.905092982594564,0],[121.36760147422324,24.905115572199037,0],[121.36753802711068,24.905144492940504,0],[121.36751872551079,24.90515511272337,0],[121.36751224516065,24.9051596699621,0],[121.36750430728564,24.905166776793532,0],[121.3675038873243,24.90518207189865,0],[121.3675021485643,24.905203292839484,0],[121.36750214852658,24.905203292867988,0],[121.36751354377311,24.90528395139883,0],[121.36752260253498,24.905411301419903,0],[121.36752260253498,24.905411301419903,0],[121.36752445484879,24.905424568752505,0],[121.3673517885082,24.905570371503934,0],[121.36728161063779,24.905636289564516,0],[121.36715539484767,24.905837426655264,0],[121.36714112220216,24.90588433519309,0],[121.36713618772153,24.90590432484315,0],[121.36710695452514,24.905912963902203,0],[121.36709057384812,24.90596883278562,0],[121.36702662753838,24.90601847482894,0],[121.36697911444764,24.906104304994482,0],[121.36695707764997,24.90613757979789,0],[121.36695494641656,24.906145165196616,0],[121.36695205233754,24.90619672952505,0],[121.3669712540969,24.90621845416499,0],[121.36697162646372,24.906240432591428,0],[121.3669384198567,24.906281415295993,0],[121.3669250280404,24.906335870484362,0],[121.36691789164965,24.906359325193122,0],[121.36690734953343,24.906404123326272,0],[121.36691487292343,24.90644798943116,0],[121.36692296293702,24.906480855287587,0],[121.36693985858004,24.906499862829627,0],[121.36687102688309,24.906661555082866,0],[121.36685372924977,24.906707818906064,0],[121.36684506301806,24.906729919830354,0],[121.36683500624375,24.906758911254418,0],[121.36681297129977,24.90683684140017,0],[121.36673697096037,24.907109240659228,0],[121.36672126005965,24.9071602924641,0],[121.36669718556229,24.907251305077796,0],[121.36668249482575,24.90731814422003,0],[121.36667516302985,24.907374579394432,0],[121.36666984546137,24.90741655894405,0],[121.36665764946993,24.90754176020982,0],[121.36665276729862,24.90769846583068,0],[121.36646865001462,24.90785967091578,0],[121.366428473585,24.907845103731617,0],[121.36641708218939,24.907839762669298,0],[121.36643773923107,24.908036655239357,0],[121.36640764957424,24.908173094990364,0],[121.36646041743361,24.90835306200158,0],[121.36647547324665,24.90837799799484,0],[121.3664908160588,24.90839091733879,0],[121.36650151402044,24.908393155686504,0],[121.36650301163688,24.90839480565429,0],[121.3665042250843,24.908397777005842,0],[121.36650581133149,24.908403751305798,0],[121.36654264895546,24.908442267231184,0],[121.36653678802472,24.908447680956797,0],[121.36659563619045,24.90846320245534,0],[121.36660562559629,24.908519634393915,0],[121.3666572688514,24.908567935678413,0],[121.3666676640938,24.908556898676657,0],[121.36670485534647,24.908593218047343,0],[121.36671822366196,24.908609084934373,0],[121.36673039039246,24.90862369250494,0],[121.36673917576604,24.90863995141693,0],[121.36675480199544,24.90867828554847,0],[121.3667839576616,24.908757951245367,0],[121.36678133076904,24.908763242353377,0],[121.36686082920683,24.908907512686184,0],[121.36690084872048,24.908957117808313,0],[121.36690689174648,24.909047032515005,0],[121.36696043496268,24.90909439039373,0],[121.36699601287357,24.909104209204063,0],[121.36700206242537,24.909105501133382,0],[121.36700288553038,24.909109611924524,0],[121.36705072912203,24.90917628373271,0],[121.36713811247503,24.909219743607824,0],[121.36715651161823,24.909327349850248,0],[121.36713193284163,24.90934417420532,0],[121.3671943477699,24.909466971357638,0],[121.36721661929518,24.909542195495387,0],[121.36723008952296,24.909628552843657,0],[121.36723912987613,24.909675130233826,0],[121.36728498338827,24.909883430561365,0],[121.36728367825866,24.909939781950825,0],[121.36730087479431,24.910065265608843,0],[121.36730281191717,24.910090657963018,0],[121.36731086420262,24.91021008365039,0],[121.36731376458305,24.91024782821609,0],[121.36729940483859,24.91028048660959,0],[121.3673450811329,24.910272817593917,0],[121.36736932893221,24.91036728360539,0],[121.3673807205834,24.910405388694908,0],[121.36739080813207,24.91048571567008,0],[121.36739308926406,24.910603935054645,0],[121.3673955395318,24.91073521526403,0],[121.36739358025972,24.91075860972584,0],[121.36739440663244,24.910822535286247,0],[121.3673854481182,24.910829504693414,0],[121.367400933016,24.910860964987666,0],[121.36740503122712,24.910944791978636,0],[121.36740835404264,24.91120186917802,0],[121.36737003084714,24.911255558142578,0],[121.36735492113708,24.911297672621046,0],[121.36738241635203,24.911353385412287,0],[121.36740131933813,24.9114157450466,0],[121.36739144889597,24.91146878391462,0],[121.36738128438665,24.911499139901817,0],[121.36731233717673,24.91163144576497,0],[121.36731201245522,24.911656185676506,0],[121.36731066942046,24.911665139028425,0],[121.36730646801604,24.911691932716597,0],[121.36733436625906,24.91169681246253,0],[121.36733798902029,24.9117589332901,0],[121.36731806639025,24.911869399763102,0],[121.36716790909766,24.912638669760234,0],[121.36715187997471,24.912780466995635,0],[121.36714280689719,24.912882311629488,0],[121.36713302635522,24.912935358303763,0],[121.36707596500642,24.91371867356672,0],[121.36707646254743,24.914180247774397,0],[121.3670793586705,24.91422420838583,0],[121.36707166299732,24.91431709955639,0],[121.36705809313591,24.914472615485266,0],[121.36705717910986,24.91447530132773,0],[121.36705717995227,24.914477063691606,0],[121.36703290748432,24.914579811654924,0],[121.36702877428581,24.91458009464091,0],[121.36702936613118,24.914594791444227,0],[121.36702387103598,24.914595183062076,0],[121.36701166594018,24.91464845239274,0],[121.36701101283946,24.914655334159654,0],[121.36702537514446,24.9147231300177,0],[121.36702631191571,24.914787054390445,0],[121.36701900259145,24.9148002184928,0],[121.3669978152991,24.914839012939023,0],[121.36699943260876,24.914898115235435,0],[121.36699665070489,24.91496415363889,0],[121.36700145947962,24.91503627406507,0],[121.36697383924235,24.91509646977653,0],[121.36695620143306,24.915188725400913,0],[121.36695402135595,24.915194249792776,0],[121.36694648227,24.915207867684128,0],[121.36694322890283,24.915228800376237,0],[121.36693569601945,24.91522965897859,0],[121.36693352894588,24.91524959478258,0],[121.36693177335407,24.915249593870755,0],[121.366924469627,24.915286711220936,0],[121.36690895208947,24.915359759135896,0],[121.36691134445431,24.91542091054065,0],[121.36692095454961,24.915512223894083,0],[121.36693646783804,24.915542975391755,0],[121.36695984015235,24.915544075463544,0],[121.36696976193195,24.915552895396896,0],[121.36697069774432,24.91561750130346,0],[121.36697390645271,24.915735010663738,0],[121.36696948556936,24.91574193723691,0],[121.3669528464976,24.915789563967348,0],[121.36695723002406,24.91598817512142,0],[121.36687603317985,24.916000127522665,0],[121.36687826797265,24.91600619860018,0],[121.36689141704242,24.916018165043575,0],[121.36690863695434,24.91606642305645,0],[121.36690886981786,24.916082232148998,0],[121.36687974654161,24.916100446081625,0],[121.3668531653205,24.91613787790386,0],[121.36679851636018,24.916214134953332,0],[121.36679463318322,24.916258174570267,0],[121.36681203199907,24.916315025508325,0],[121.36684046039726,24.91635318687774,0],[121.3668492542629,24.916388142269167,0],[121.36685632265193,24.91640799428514,0],[121.366876346581,24.9164380051741,0],[121.36688305963003,24.91648535791818,0],[121.36690010963582,24.91651815384104,0],[121.36692548515234,24.916553601296794,0],[121.36693184069534,24.916576211100665,0],[121.36693926664182,24.916620806048833,0],[121.3669143713173,24.916670592238297,0],[121.36690678209419,24.916718799724766,0],[121.36694927489403,24.916739611332964,0],[121.36696240874772,24.9167621421192,0],[121.36695669122935,24.916783519250195,0],[121.36692857328212,24.916818906658047,0],[121.36697504107896,24.917010150411322,0],[121.36696315043844,24.91707353151306,0],[121.36697013245663,24.91713944122156,0],[121.36699160252341,24.917165311463396,0],[121.36706615447426,24.917266862118318,0],[121.36713131591247,24.917292220348482,0],[121.36731472373806,24.918038592167523,0],[121.36736815726218,24.918233438218273,0],[121.36740598744028,24.918392134226206,0],[121.3675718213403,24.919141798803462,0],[121.36770914792959,24.919806560634044,0],[121.36773804030352,24.919821070209576,0],[121.36775975406557,24.919830789183845,0],[121.36782443625017,24.919854633009894,0],[121.36782792651165,24.919855763896976,0],[121.36785656033227,24.92005266433161,0],[121.36794323227639,24.920789738556252,0],[121.36797689925939,24.921084359582007,0],[121.36803186065669,24.921551426960853,0],[121.36808517824976,24.922016551661997,0],[121.36812435570529,24.922342858439837,0],[121.36816975495861,24.922755496971718,0],[121.3681928265185,24.922931669344337,0],[121.36827847477358,24.923984119113637,0],[121.36826771194625,24.92397357778202,0],[121.3682553092259,24.923961430302636,0],[121.36824784429984,24.92395473453242,0],[121.36823248308693,24.923947345181226,0],[121.36821935829335,24.923940021114817,0],[121.3682023482656,24.923932331857507,0],[121.3681890692593,24.923925841738225,0],[121.36818468130947,24.923923944466704,0],[121.36816400005677,24.92390919858374,0],[121.36813799034984,24.923891113767137,0],[121.3681256963381,24.923882320422994,0],[121.3681210450384,24.923879475618296,0],[121.36810162485685,24.92387479129631,0],[121.3680957016207,24.923873696675596,0],[121.36808129342087,24.923853755065334,0],[121.36806538407635,24.923848565850374,0],[121.36804552115657,24.92384208049919,0],[121.36802972311969,24.92383669194803,0],[121.36802881213163,24.923834863928114,0],[121.36800674482541,24.923827204658384,0],[121.36796500014786,24.923820902360646,0],[121.36793549011374,24.923817227857132,0],[121.36792831289868,24.923816143812484,0],[121.36793841343503,24.924082346937862,0],[121.36793665899242,24.924084917684546,0],[121.36796804960204,24.924083431791814,0],[121.3681259913618,24.924145572281464,0],[121.36817545134963,24.924184308185996,0],[121.36821443203425,24.924214890266366,0],[121.36822623701569,24.9242426404797,0],[121.36824534507872,24.92432922135566,0],[121.36830137475441,24.92458307761684,0],[121.36834781034626,24.924793440889975,0],[121.36837379308344,24.9249111515543,0],[121.3683971665252,24.92501703248931,0],[121.36841675661002,24.925105814040343,0],[121.36843239240687,24.925176620881892,0],[121.36844791791933,24.925246958519192,0],[121.36846365420881,24.92531825263846,0],[121.36847914976052,24.92538849103304,0],[121.36849511688936,24.925460822837227,0],[121.36850345218596,24.92549857743671,0],[121.36850443020482,24.925503007362224,0],[121.36851224821964,24.92553843334696,0],[121.36851322616398,24.9255428646178,0],[121.36851705544635,24.925560215905495,0],[121.36852329774676,24.92558847727298,0],[121.36852540523819,24.925598006002875,0],[121.3685334541757,24.925634505788974,0],[121.36854300835616,24.925677773117137,0],[121.36855291381963,24.925722637594166,0],[121.36855505155472,24.925732346815707,0],[121.36856213691486,24.92576443411764,0],[121.36857031030115,24.92580948344182,0],[121.36868413453409,24.926202180969074,0],[121.36875340957025,24.926444983117396,0],[121.36882364251966,24.926693672893343,0],[121.36883390607913,24.926733778075633,0],[121.36889658514137,24.926966059989468,0],[121.36892398118748,24.927076553491332,0],[121.36894335235687,24.92707804542941,0],[121.36894854451859,24.92707843745627,0],[121.36902533345223,24.927237701288032,0],[121.36900339076276,24.927236263654507,0],[121.36897864377552,24.927234582037507,0],[121.36892815386558,24.927230906924372,0],[121.3689372625251,24.92724970777858,0],[121.36895966765661,24.92729592286375,0],[121.36921538549977,24.927823321918336,0],[121.36929092866811,24.927979117578747,0],[121.36929530274315,24.927988170690337,0],[121.36929964928734,24.92799723482137,0],[121.3693039682609,24.92800630989971,0],[121.36930825963384,24.928015395862257,0],[121.36931252336642,24.92802449263687,0],[121.36931675942867,24.928033600160433,0],[121.36932096780062,24.928042718351733,0],[121.36932514842258,24.928051847138686,0],[121.36932930128451,24.928060986467177,0],[121.36933342635645,24.92807013624699,0],[121.3693375235887,24.928079296424073,0],[121.36934159296123,24.928088466926248,0],[121.36934563444413,24.928097647672345,0],[121.36934964800749,24.928106838608272,0],[121.36935363361147,24.92811603964383,0],[121.36935758458097,24.92812523356949,0],[121.36936150741259,24.928134437495928,0],[121.3693654020962,24.928143651368988,0],[121.36936926858205,24.92815287510757,0],[121.36937310685015,24.928162108639487,0],[121.36937691687054,24.928171351892562,0],[121.36938069861337,24.92818060480371,0],[121.3693844520486,24.928189867282708,0],[121.36938817714645,24.92819913927546,0],[121.3693918738868,24.92820842070979,0],[121.36939554221995,24.928217711495552,0],[121.36939918213577,24.928227011578592,0],[121.36940431310114,24.928240248000982,0],[121.36940938234426,24.928253504176656,0],[121.3694143897753,24.92826677988013,0],[121.36941836287,24.92827741126969,0],[121.36942229802007,24.928288054390723,0],[121.36942619516583,24.92829870913498,0],[121.36943005427717,24.9283093753762,0],[121.3694338753043,24.928320053015153,0],[121.36943724697294,24.928329573927133,0],[121.36944058952885,24.928339103361704,0],[121.36944390295204,24.928348641264737,0],[121.36944718722242,24.92835818753698,0],[121.36945044230022,24.92836774212436,0],[121.36945366817531,24.928377304945663,0],[121.36945686481772,24.928386875928712,0],[121.36946003218766,24.92839645499238,0],[121.36946317028486,24.92840604207346,0],[121.36946627906951,24.928415637081756,0],[121.36946790796563,24.928420679891026,0],[121.36946951708691,24.92842573177763,0],[121.36947284666512,24.92843623357845,0],[121.36947614062807,24.928446744721498,0],[121.36947939892596,24.9284572651076,0],[121.36948262153868,24.92846779461943,0],[121.36948580842629,24.928478333166805,0],[121.36948895956876,24.928488880659497,0],[121.36949207493599,24.928499436980214,0],[121.3694951544881,24.92851000202976,0],[121.36950555858829,24.92854590906478,0],[121.36950855147388,24.928556273086908,0],[121.36951152519534,24.92856664168868,0],[121.36951364803605,24.92857409480119,0],[121.36951423287395,24.92857613252774,0],[121.36951709471721,24.928586246211417,0],[121.36951737411277,24.928587247570132,0],[121.36951741511588,24.928587392531956,0],[121.36952033129499,24.928597774719353,0],[121.36952322827992,24.928608161369105,0],[121.36952610607058,24.928618552463174,0],[121.36952896463714,24.928628947956472,0],[121.36953237523639,24.928641449107964,0],[121.36953575578711,24.92865395705092,0],[121.36953910624958,24.928666471713232,0],[121.36954235506187,24.928678731684947,0],[121.36954558306653,24.928690996222326,0],[121.36954879024374,24.928703265307355,0],[121.3695516458696,24.92871433026833,0],[121.36955448991915,24.928725397713638,0],[121.36955726976362,24.928736329874784,0],[121.3695585743346,24.928741501666416,0],[121.36955904292782,24.928743349226178,0],[121.36955949142734,24.928745137353694,0],[121.36956002849298,24.928747266475973,0],[121.3695612785861,24.92875226259518,0],[121.36956211439369,24.92875559488464,0],[121.3695624163491,24.928756809775663,0],[121.36956276607752,24.928758207499225,0],[121.36956436158741,24.928764636270103,0],[121.36956515936158,24.92876784604377,0],[121.36956530948633,24.928768455628752,0],[121.36956548253686,24.928769152899363,0],[121.36956817784126,24.928780102649363,0],[121.36957138023874,24.928793227759268,0],[121.36957455142783,24.92880635917601,0],[121.36957769138851,24.928819496827398,0],[121.36958092182144,24.92883315773602,0],[121.36958412100583,24.928846824761973,0],[121.36958728894146,24.928860497842063,0],[121.3695895938269,24.92887055274881,0],[121.36959188047537,24.928880611104393,0],[121.36959414890663,24.928890672899755,0],[121.3695963990909,24.92890073809885,0],[121.36959863103797,24.928910806683596,0],[121.36960084472797,24.928920878608917,0],[121.36960304017067,24.928930953856693,0],[121.3696052173462,24.928941032390917,0],[121.36960737625454,24.928951114202523,0],[121.36960951689554,24.928961199255394,0],[121.3696116392493,24.92897128751349,0],[121.36961468227146,24.928985884240486,0],[121.36961768624484,24.929000487700044,0],[121.36962065113944,24.92901509779292,0],[121.36962372720043,24.92903050358524,0],[121.369626772782,24.92904591441862,0],[121.36962788883403,24.92905162659483,0],[121.36962899498519,24.929057338795594,0],[121.36963119896326,24.929068780543112,0],[121.36963338048689,24.92908022586731,0],[121.36963553954605,24.929091674732092,0],[121.36963767615057,24.92910312710134,0],[121.36964027471753,24.929117244820155,0],[121.36964283831053,24.92913136784399,0],[121.3696453669195,24.92914549611871,0],[121.36964758931293,24.929158075355723,0],[121.36964978527256,24.92917065845013,0],[121.36965195479824,24.929183245356796,0],[121.36965375923805,24.929193878784456,0],[121.36965554405255,24.929204514960233,0],[121.36965730926144,24.92921515385698,0],[121.36965905483495,24.929225795447678,0],[121.36966078077297,24.929236439705246,0],[121.36966248708534,24.92924708659354,0],[121.36966417376198,24.9292577360765,0],[121.36966584078304,24.9292683881361,0],[121.36966748815837,24.92927904273621,0],[121.36966905585395,24.9292893069044,0],[121.36967060483393,24.92929957343926,0],[121.36967213508827,24.92930984230469,0],[121.36967364660698,24.929320113473633,0],[121.36967513939992,24.929330386928022,0],[121.36967661345706,24.929340662631745,0],[121.3696780687585,24.929350940548765,0],[121.369679505324,24.92936122066096,0],[121.36968092314355,24.929371502941272,0],[121.3696823221972,24.929381787353634,0],[121.36968370250479,24.92939207387996,0],[121.36968506404592,24.929402362474892,0],[121.36973547719738,24.929786312313745,0],[121.36973712861113,24.929798893731768,0],[121.36973869704471,24.929811515242797,0],[121.36974024298026,24.929824139066657,0],[121.36974176639788,24.929836765167327,0],[121.36974630593114,24.929874889639898,0],[121.36974885861639,24.929897517370833,0],[121.36975134199518,24.92992014527357,0],[121.36975233126743,24.929929385525394,0],[121.36975330744407,24.929938626929175,0],[121.36975427054487,24.929947869475882,0],[121.36975522055987,24.92995711314744,0],[121.36975615748904,24.929966357925824,0],[121.36975708132245,24.929975603811048,0],[121.3697579920699,24.929984850766964,0],[121.36975888972144,24.929994098784576,0],[121.369759774287,24.930003347863874,0],[121.36976064574664,24.930012597968766,0],[121.36976150412016,24.930021849090195,0],[121.36976234938766,24.930031101210155,0],[121.36976318154917,24.930040354328636,0],[121.36976400062437,24.930049608409476,0],[121.36976480658358,24.930058863452746,0],[121.3697655994465,24.930068119440357,0],[121.36976637920318,24.93007737634524,0],[121.3697671458536,24.930086634167395,0],[121.36976789939766,24.930095892879745,0],[121.36976863982548,24.930105152473267,0],[121.36976936714686,24.930114412929896,0],[121.36977008136176,24.930123674231574,0],[121.36977078246025,24.930132936369287,0],[121.36977147044227,24.930142199325,0],[121.36977214531765,24.930151463080602,0],[121.36977280706658,24.930160727627133,0],[121.36977345570881,24.930169992946485,0],[121.36977409122441,24.930179259011627,0],[121.36977471362337,24.930188525831557,0],[121.36977532289562,24.930197793361163,0],[121.36977591906096,24.93020706160943,0],[121.36977650208965,24.930216330549328,0],[121.36977707200141,24.930225600171784,0],[121.36977762878631,24.93023487044976,0],[121.3697781724542,24.930244141383206,0],[121.36977870298524,24.930253412945095,0],[121.3697794324363,24.930266161082056,0],[121.36978005795882,24.930278913801367,0],[121.36978057953088,24.930291670416945,0],[121.3697810112147,24.93029697801304,0],[121.36978127436456,24.930302213800452,0],[121.36978401598404,24.930361613510225,0],[121.36978592400317,24.930397144343146,0],[121.36978686184734,24.930416128626206,0],[121.36978844336296,24.930448419092944,0],[121.36979642516555,24.930611514398777,0],[121.36980458471255,24.930777760151724,0],[121.36980720168567,24.930831878584808,0],[121.36981474579528,24.93098763492282,0],[121.369819036844,24.931075190187766,0],[121.36982040994461,24.93110067379674,0],[121.36982244513925,24.931142316498942,0],[121.36982696763059,24.931234430501263,0],[121.36983231304221,24.93134350671866,0],[121.36983466427448,24.931391513617534,0],[121.36983857587792,24.931471350584516,0],[121.36984291932673,24.931559862717236,0],[121.36984373172201,24.93157661730723,0],[121.36984639861713,24.93163086200649,0],[121.36984847572657,24.93167327201041,0],[121.36984904517364,24.93168492618887,0],[121.36985073239302,24.931719446387728,0],[121.36985293521761,24.931764167335018,0],[121.36985506520605,24.931807705749765,0],[121.3698572056632,24.931851433733442,0],[121.36985929284396,24.931893897880975,0],[121.36986146470562,24.931938194571757,0],[121.36986366821266,24.9319831412244,0],[121.36986499708527,24.93202365713057,0],[121.36986783271162,24.932068078570243,0],[121.36986996306226,24.932111734350457,0],[121.36987203978593,24.932154008926993,0],[121.36987420092146,24.932198025763956,0],[121.36987632064846,24.9322414378044,0],[121.36987847129343,24.932285256043247,0],[121.36988060089817,24.932328659030244,0],[121.36988273090877,24.932372197441083,0],[121.36988481859453,24.932414824094042,0],[121.36988692660002,24.932457676261283,0],[121.36988915165162,24.932503146644247,0],[121.36989716515802,24.932666810604413,0],[121.36989749179584,24.932673409511978,0],[121.36989809338328,24.932683474674796,0],[121.36989891906836,24.932693526614724,0],[121.36989996852186,24.932703561188536,0],[121.36990124130575,24.932713574244307,0],[121.3699027368929,24.932723561675438,0],[121.36990446698871,24.932733587156832,0],[121.36990640417358,24.932743493825907,0],[121.36990856136283,24.932753362625782,0],[121.3699109376731,24.932763189486888,0],[121.36991353212203,24.932772970375968,0],[121.36992529657834,24.932806159006162,0],[121.36994228351297,24.932845363570152,0],[121.36996443650521,24.932888696088384,0],[121.36998265637317,24.9329199064737,0],[121.37001616563909,24.932927313524186,0],[121.37007736408411,24.93300673057645,0],[121.37011474263568,24.933040592814983,0],[121.37020091513763,24.93310809038703,0],[121.37023311230438,24.933137568729094,0],[121.3703114220597,24.933221263916842,0],[121.37033277074394,24.93324323286916,0],[121.37038691602864,24.933295228694533,0],[121.3703985660962,24.93329980713549,0],[121.37040879304942,24.9333086859318,0],[121.37043327581344,24.93333765970533,0],[121.37056531600696,24.933496856163426,0],[121.3707705293265,24.933626701423936,0],[121.37089468324,24.933686391369026,0],[121.37092547944295,24.93369752790463,0],[121.37098181018335,24.933721727969264,0],[121.37102461648148,24.933740481736898,0],[121.37117208577347,24.93380051387121,0],[121.37124899708029,24.933833284599533,0],[121.37147149716604,24.933939471454366,0],[121.37162430233673,24.934028867540263,0],[121.37166013955562,24.934040388631963,0],[121.3716586906106,24.934043279674984,0],[121.37167822915812,24.93405146828037,0],[121.37167966002352,24.934048745289672,0],[121.3716884523739,24.93405208189469,0],[121.37168734728638,24.934054208029075,0],[121.37175635053568,24.93408705053408,0],[121.37176138575232,24.934090699887467,0],[121.37187852518828,24.934158391065807,0],[121.37189890430041,24.93416462414153,0],[121.37190540335683,24.934141014849555,0],[121.37196888816685,24.93416916536918,0],[121.37202242453671,24.934189173913648,0],[121.37210907620515,24.934227589614892,0],[121.37215044210912,24.934237038420825,0],[121.372150058215,24.93424050228486,0],[121.37222265059357,24.934269721033996,0],[121.37222063753273,24.934275296389597,0],[121.37227533811983,24.93430051116481,0],[121.37227479257544,24.934303491799763,0],[121.37234320054482,24.934336671332634,0],[121.37243287022473,24.93438665877254,0],[121.37245612916955,24.93440604069023,0],[121.37246768509631,24.934401544294534,0],[121.37246768509631,24.934401544294534,0],[121.37250586341862,24.934421085340617,0],[121.37250337338102,24.934426084088845,0],[121.37254778961588,24.934445663754147,0],[121.37254732504198,24.93444732532294,0],[121.37258424008142,24.934463247660098,0],[121.3725846707747,24.93446185858195,0],[121.3726305157261,24.93448240969862,0],[121.37265873660306,24.934512776463357,0],[121.37266092191308,24.934514771688274,0],[121.37270148064609,24.934535254885958,0],[121.37272725693845,24.93454602443472,0],[121.37278150790851,24.93457586284084,0],[121.37282474522816,24.934598054689246,0],[121.37286580071661,24.934619078299203,0],[121.3729107237551,24.934642078455582,0],[121.37294374688283,24.934659059388036,0],[121.37298658765914,24.9346810716142,0],[121.37303696523034,24.93470694715011,0],[121.37304410540945,24.93471063089791,0],[121.37309210285315,24.934735248404674,0],[121.37315388479877,24.934766963772237,0],[121.37319365130703,24.93478735853382,0],[121.37319977579219,24.934782558179972,0],[121.3732374249392,24.934790318558978,0],[121.37327901235362,24.934798844959026,0],[121.37329177598885,24.934805113122838,0],[121.37337831646148,24.93484552955416,0],[121.37342278254248,24.934865126886738,0],[121.37342249013422,24.93487154068089,0],[121.37349436858723,24.934909486881086,0],[121.37349183295444,24.934912481518634,0],[121.37354862016693,24.934933375171177,0],[121.3735550073409,24.934936952403653,0],[121.3736729174455,24.935027330313684,0],[121.3737722489522,24.935059721411765,0],[121.37381494558115,24.935073644367225,0],[121.37381429561681,24.935074776614684,0],[121.37385650688307,24.93508803470756,0],[121.37385816795366,24.93508459574783,0],[121.37390823720064,24.93510434048656,0],[121.37408715309797,24.93516616985546,0],[121.3741804365146,24.935200152999403,0],[121.37422867035137,24.93521812462873,0],[121.37429656913922,24.935240482687043,0],[121.3743001819269,24.935234846810864,0],[121.37434801570133,24.935251382168943,0],[121.37435949367162,24.935255343864526,0],[121.37442232520392,24.93527704363776,0],[121.37441977155086,24.93528391158827,0],[121.37453565660226,24.935328852388537,0],[121.3745511700215,24.93532808210875,0],[121.37456812883923,24.93532723596821,0],[121.37480749748158,24.935506748490244,0],[121.37491132639762,24.935526711840904,0],[121.37522547316723,24.9355167123901,0],[121.37523243232962,24.935558676628595,0],[121.37605506234692,24.935495662047494,0],[121.37605506234692,24.935495662047494,0],[121.37605506234692,24.935495662047494,0],[121.37624310295017,24.93541958152928,0],[121.37626400288272,24.935414923584602,0],[121.37626400288272,24.935414923584602,0],[121.37626400288272,24.935414923584602,0],[121.37628311800923,24.93541066341478,0],[121.37644636641923,24.935376810260212,0],[121.37652868097739,24.9353490131151,0],[121.37660276978228,24.93533504061829,0],[121.37660276978228,24.93533504061829,0],[121.37661054049956,24.935334102338047,0],[121.37664574278938,24.93532566954492,0],[121.37669082570906,24.93531334095295,0],[121.37671051376263,24.935304940355607,0],[121.37678708730388,24.93528541829718,0],[121.37682974027857,24.93527364055051,0],[121.37684660110585,24.935270245506405,0],[121.37691643650835,24.935249325373448,0],[121.37697613345627,24.935232785404065,0],[121.37702798471432,24.935218526686235,0],[121.37705084907891,24.935209477039866,0],[121.377070781856,24.935200163939275,0],[121.37710461231013,24.935183087728365,0],[121.37725768930225,24.935116496961882,0],[121.37725964718918,24.93512462283384,0],[121.37742592283756,24.93506903874718,0],[121.37747330824288,24.93504736512442,0],[121.37747971242118,24.93504443588482,0],[121.37769476979301,24.93494566279098,0],[121.37770488384875,24.93494102411687,0],[121.37779710736255,24.934898726793488,0],[121.37793019555065,24.934837628698684,0],[121.3780014625892,24.934806917513942,0],[121.37802334557313,24.934797487380468,0],[121.37813395397481,24.934735362717777,0],[121.37823309589557,24.934679586906018,0],[121.3783697991911,24.934602769945563,0],[121.37848188969845,24.934539738430388,0],[121.37859080088141,24.9344731938568,0],[121.37878583825281,24.934368872338105,0],[121.37895021756488,24.934276546060044,0],[121.37905992092587,24.934210179698386,0],[121.3793027963304,24.934078289846553,0],[121.37934272964827,24.93405588823347,0],[121.37979285384746,24.933799246077676,0],[121.3799190504741,24.933731428886095,0],[121.38023297651111,24.93356413857245,0],[121.38031091928706,24.933525337583568,0],[121.38048366795576,24.93344103963874,0],[121.38066469949716,24.933355349940328,0],[121.3809719889162,24.933217912998895,0],[121.38122825173849,24.93311087855338,0],[121.38154314688931,24.932988591463705,0],[121.38155240785399,24.93298499502622,0],[121.38168233145035,24.932958570504827,0],[121.38169621190654,24.93293244307564,0],[121.38171275478317,24.932926573358415,0],[121.38178376007647,24.932917323307677,0],[121.38178376007647,24.932917323307677,0],[121.38194395378879,24.932884295241198,0],[121.38210606921324,24.932860298005842,0],[121.38226949463154,24.932845422151093,0],[121.38243361338328,24.932839723808254,0],[121.38259780619246,24.93284322447869,0],[121.38276145350368,24.93285591095276,0],[121.38276145350368,24.932855910952764,0],[121.38294896799594,24.932862423734477,0],[121.383135684084,24.932879477808367,0],[121.38332088973213,24.932907008138663,0],[121.38350387866366,24.932944909738698,0],[121.3836839530536,24.932993038071164,0],[121.38386042618944,24.93305120959923,0],[121.38386042618944,24.93305120959923,0],[121.38394810977948,24.933078438424385,0],[121.38403374436223,24.933110635886333,0],[121.38411699168577,24.933147674807305,0],[121.38419752292681,24.93318940888596,0],[121.38427501998947,24.933235673275327,0],[121.38434917676175,24.933286285233745,0],[121.38441970032453,24.933341044846777,0],[121.38448631210852,24.93339973581669,0],[121.38454874899475,24.933462126316797,0],[121.38454874899475,24.933462126316797,0],[121.38473789496162,24.933670175061405,0],[121.38491488852154,24.93388693241135,0],[121.38507924822035,24.934111808825463,0],[121.38507924822035,24.934111808825463,0],[121.38566377255584,24.935038428217982,0],[121.38566637417892,24.935043590089165,0],[121.38570552311893,24.935125865853735,0],[121.38572863487205,24.93517121351965,0],[121.38575551997361,24.935218594099826,0],[121.38579092098773,24.93528485182378,0],[121.38583953748686,24.93537866948702,0],[121.38591510641028,24.935513818351794,0],[121.38595209553613,24.935580773304793,0],[121.38595619424945,24.93558817666883,0],[121.38598947033323,24.935645749329193,0],[121.38607424039768,24.935779431280164,0],[121.38607424039768,24.935779431280164,0],[121.38614822108401,24.93589495923921,0],[121.38615041849724,24.935898569989604,0],[121.38619476027554,24.935970295740134,0],[121.3862714762633,24.93609750340909,0],[121.38635677382058,24.936218443807917,0],[121.38638301152275,24.9362556340379,0],[121.38641503492465,24.936300915416936,0],[121.38648612261989,24.936393487651337,0],[121.3864961927762,24.936406642980945,0],[121.38657525973115,24.936510158697317,0],[121.3866152341556,24.93656102982118,0],[121.38667234709388,24.936632266002142,0],[121.38672137996485,24.936692188933183,0],[121.38676133553766,24.936739466797665,0],[121.38678913512052,24.936772370637378,0],[121.38678993219904,24.936773306091524,0],[121.38683586096023,24.93682666090949,0],[121.38691576887838,24.936920566532596,0],[121.38693240292841,24.936939146162494,0],[121.38702334260908,24.937040749651214,0],[121.38707782647579,24.937101560390662,0],[121.38712791370241,24.937154815596806,0],[121.38714872544709,24.937176970154102,0],[121.38748326617763,24.937502051726263,0],[121.38776241987081,24.93773795949143,0],[121.38787493235594,24.937834287047338,0],[121.38821184569552,24.938125027241597,0],[121.38834418518026,24.938228163156246,0],[121.38845106687393,24.938310663744453,0],[121.38865416814654,24.93844421157524,0],[121.38883421887493,24.938562918630378,0],[121.38887524067681,24.938586897962814,0],[121.38888378292914,24.93859192526338,0],[121.38891705902697,24.938611704387725,0],[121.38904767903423,24.938689089374208,0],[121.38916001366246,24.938754041317456,0],[121.39024709102424,24.939443398877216,0],[121.39099189470248,24.9398943091531,0],[121.39114399494287,24.93999382279959,0],[121.39186914816305,24.940466562388135,0],[121.39216662573816,24.94066741600336,0],[121.39225768643936,24.94073139093186,0],[121.39227556085592,24.94074392523784,0],[121.39258608268644,24.940962348336097,0],[121.39260991886023,24.940979927386238,0],[121.39273386793475,24.94107155325513,0],[121.39314912087752,24.941379083641134,0],[121.39315914060177,24.941383672341313,0],[121.39339603033396,24.94156226547397,0],[121.39344033686518,24.941597524957714,0],[121.39351721281483,24.941655073693795,0],[121.3936074050349,24.9417242871745,0],[121.39389307839383,24.941918613543677,0],[121.39449452045227,24.942329317914297,0],[121.39451804904505,24.942344036078712,0],[121.39459518555502,24.942392383486,0],[121.39496626705555,24.942647197321225,0],[121.39496626705555,24.942647197321225,0],[121.39509782301074,24.9427336221695,0],[121.39509782301074,24.9427336221695,0],[121.39513839413917,24.94290910600119,0],[121.39500752968011,24.943175570591077,0],[121.39500752968011,24.943175570591077,0],[121.39499386865691,24.943191802426714,0],[121.3949999062483,24.943205377336383,0],[121.39500830237397,24.94323488614399,0],[121.39501186897454,24.943246748873506,0],[121.39501857171808,24.94325888220146,0],[121.39502882386655,24.943269390079557,0],[121.39505054164917,24.94328596096861,0],[121.3950701358186,24.943294918173812,0],[121.39510357850527,24.943299658508778,0],[121.39514193317702,24.94329850867306,0],[121.3951873111784,24.943301420543776,0],[121.39521886278973,24.943306192996555,0],[121.39526495597454,24.943312885527398,0],[121.39530466896079,24.943324596457867,0],[121.39535969590789,24.94334746972942,0],[121.39538373659572,24.94336279755799,0],[121.39541535348236,24.94338782790742,0],[121.39546260954789,24.943432758513804,0],[121.39550287436937,24.94347128914889,0],[121.39556641440961,24.94349037499993,0],[121.39557654211521,24.943496044336527,0],[121.39558921869478,24.94350608526897,0],[121.3956313778552,24.943548646166395,0],[121.39569003085582,24.943608983495718,0],[121.39572753134912,24.943649986031392,0],[121.39575207176324,24.94367593803808,0],[121.39579159681342,24.94372143994301,0],[121.39585428019984,24.943791082967053,0],[121.39595646585121,24.94390217445568,0],[121.3960583553339,24.943998136275955,0],[121.39610933327482,24.9440456476306,0],[121.39613304066114,24.94406501160089,0],[121.39620053655138,24.94411317374389,0],[121.39624768109024,24.944144851759134,0],[121.39632752616849,24.944196654971144,0],[121.39636830652519,24.944257964337517,0],[121.39638693268117,24.94428563244565,0],[121.39645152560291,24.944330562729068,0],[121.3964949977049,24.944355757126278,0],[121.39653270468665,24.94437676493011,0],[121.39670461231253,24.944463840096393,0],[121.39683450085153,24.944532477829014,0],[121.39700262038122,24.944610687410254,0],[121.39701324953138,24.944616110745635,0],[121.39740116027959,24.944814034474618,0],[121.39743250906663,24.944830827034046,0],[121.39750020271397,24.944857217265362,0],[121.39759186755921,24.94489475487695,0],[121.39767843387932,24.944932276529595,0],[121.39775909329028,24.94496694561005,0],[121.39786011227007,24.945010984352585,0],[121.39791893280297,24.94503337891185,0],[121.39791392176461,24.94504613006789,0],[121.39845510739364,24.945268571314685,0],[121.39845316197213,24.945272493596324,0],[121.39859513261239,24.94533313882712,0],[121.39879360747629,24.945423465253274,0],[121.3989477687967,24.945488608128578,0],[121.39895844710429,24.9454916991029,0],[121.39899601932258,24.94550257486034,0],[121.39900278738739,24.94550300377613,0],[121.39902890881724,24.94551992004239,0],[121.39902195230968,24.94552795295107,0],[121.39900861604696,24.94554327819478,0],[121.39899063420981,24.945561372276572,0],[121.39897023347585,24.945581934767276,0],[121.39895198869021,24.945599077274686,0],[121.39893652190538,24.945611474538723,0],[121.39892302463461,24.945620587753496,0],[121.3989173943009,24.94562499861435,0],[121.39889876111592,24.945638717673074,0],[121.39887357737291,24.94565352608486,0],[121.39883401749648,24.945675843284075,0],[121.39880508288405,24.945693028790256,0],[121.39875889795428,24.94572138991461,0],[121.39872934139106,24.94573991864815,0],[121.3987091425622,24.94575398828291,0],[121.39869037592858,24.945771259612926,0],[121.39867533086179,24.945784760365136,0],[121.39865132620768,24.945811879997745,0],[121.3986333148533,24.945834307977698,0],[121.39861133870376,24.945859554846574,0],[121.39857519239783,24.945897901849033,0],[121.39855609811039,24.945919167137355,0],[121.39853538335876,24.94594141271974,0],[121.39851392506067,24.945964525698642,0],[121.39851392506067,24.945964525698642,0],[121.39851392506067,24.945964525698642,0],[121.39846505267344,24.94601751817378,0],[121.39846197336841,24.9460217466463,0],[121.39844797323319,24.946045963350954,0],[121.39843720819962,24.94606682905385,0],[121.39838827447792,24.94617550165457,0],[121.39836840127086,24.94622316751302,0],[121.39835523268644,24.946256518225564,0],[121.39831781389378,24.946343747984344,0],[121.39845161090734,24.94641346456237,0],[121.3985174329285,24.946449411076212,0],[121.39855368324051,24.946468276607934,0],[121.39858853640555,24.946491092122546,0],[121.39860278905047,24.946499747941427,0],[121.39862472388992,24.946507134860372,0],[121.39864117766751,24.946507207100627,0],[121.39864810986751,24.946506515323332,0],[121.39866813726941,24.946501550194515,0],[121.39867617941836,24.946500010808606,0],[121.39868544845422,24.946496371980327,0],[121.3986994738136,24.946489680077292,0],[121.39871436593883,24.946481186441147,0],[121.39872011538142,24.94647851944282,0],[121.39872636108713,24.946477769816894,0],[121.3987366959922,24.94647734896241,0],[121.39878037770266,24.946489853950325,0],[121.39879389033803,24.946501537463767,0],[121.39880437216384,24.946522995398187,0],[121.39881151774755,24.946542412863003,0],[121.39881309750768,24.946551543346025,0],[121.39881964100509,24.946558550257997,0],[121.39882567427534,24.9465636448761,0],[121.39887730343351,24.946589176435506,0],[121.39892268842719,24.94661207790713,0],[121.39895657469134,24.94662605243888,0],[121.39899610792935,24.94663795595394,0],[121.3990316069689,24.94663744024836,0],[121.3990494344894,24.94664029612609,0],[121.399072928437,24.94664450173817,0],[121.39909239339876,24.94665586517364,0],[121.39910148935759,24.946676431980002,0],[121.39911245949041,24.946687490220988,0],[121.39912103287598,24.946694645841788,0],[121.39913231933119,24.94670199372589,0],[121.3991452223887,24.946710393875566,0],[121.39915318012989,24.946716883012996,0],[121.39917844775069,24.946735823683138,0],[121.3991887824481,24.946746215482975,0],[121.39919730808508,24.94675399399319,0],[121.39920729567187,24.946760622823145,0],[121.3992294638852,24.946772196577097,0],[121.39924830333293,24.946782893533502,0],[121.39926781611433,24.946793643077175,0],[121.3992883323407,24.946816286342408,0],[121.3993037093272,24.94683139595128,0],[121.39931207183255,24.94684101610531,0],[121.39931908631742,24.946846505558486,0],[121.39932392620528,24.946849653349165,0],[121.39933843599592,24.94685910576904,0],[121.39935212777712,24.9468663307072,0],[121.39937075496245,24.94687545764517,0],[121.39938149199224,24.946877490567918,0],[121.39939039161779,24.946880935793914,0],[121.3994004846874,24.946886336851094,0],[121.39940969355281,24.946894158889016,0],[121.39942394328597,24.946902655166213,0],[121.39943314225435,24.94691047722567,0],[121.3994441786032,24.946916877954077,0],[121.3994693016009,24.946933634656716,0],[121.39948721622653,24.946939297314945,0],[121.39950764153889,24.946943582202604,0],[121.39954418340326,24.946958380797824,0],[121.39958502416494,24.946966959603365,0],[121.39965625102812,24.946994539279938,0],[121.39971075672416,24.947018412122087,0],[121.39974781875284,24.94703511390804,0],[121.39977598109232,24.94704835243097,0],[121.39978836413509,24.947054858308192,0],[121.39980695209923,24.947060564489025,0],[121.39981963728988,24.947064777796996,0],[121.39982951739937,24.94706890545409,0],[121.39983700183194,24.947071454221163,0],[121.39986198751983,24.94707527664442,0],[121.39988058897991,24.947070348604502,0],[121.39989187631186,24.947065748741206,0],[121.3999005215956,24.947061014898626,0],[121.39991416547151,24.94705408331585,0],[121.39992997531995,24.947050046797965,0],[121.39995144238054,24.947034153223655,0],[121.39995723222175,24.947029042071513,0],[121.39996178399625,24.947025507586023,0],[121.39997448586092,24.947019753677527,0],[121.39998530041652,24.94701486448504,0],[121.39999438687695,24.947009120083276,0],[121.40000232025213,24.947004649834195,0],[121.40001104965901,24.94700143909966,0],[121.4000199556966,24.946996197579566,0],[121.40002511691696,24.946992934687174,0],[121.40003403186016,24.946986487793446,0],[121.40005225866312,24.946978122187307,0],[121.40006412977243,24.946969402024095,0],[121.40012333663546,24.94692575424905,0],[121.40016863772283,24.94688486932044,0],[121.40018706499973,24.946870062260423,0],[121.40020062981505,24.946863923605758,0],[121.400240472834,24.946834867018993,0],[121.40025062427706,24.946825600163574,0],[121.40026269891428,24.9468135649845,0],[121.40026545918651,24.946793151764695,0],[121.40025435312624,24.94674931162129,0],[121.40024831352898,24.946732440788384,0],[121.40024600148548,24.94672661274526,0],[121.40024773262196,24.94672455287474,0],[121.40025362132175,24.9467168720312,0],[121.4002697271965,24.9467004997559,0],[121.40027962753544,24.946689445538723,0],[121.40029244683899,24.94668180463786,0],[121.40030572268194,24.946677390685885,0],[121.40032089614446,24.946676717489403,0],[121.40033134114873,24.94667725140702,0],[121.40034520821325,24.946680223794047,0],[121.40039970897145,24.946704967613325,0],[121.40042798350844,24.94671658141668,0],[121.40045025607937,24.94672383495461,0],[121.40046754709142,24.946729145874418,0],[121.40049432859323,24.94673530441358,0],[121.40051336701893,24.946734889062395,0],[121.40053508141476,24.946727378138313,0],[121.40055276789857,24.94671585304664,0],[121.40057259381689,24.94670101686166,0],[121.40059005428049,24.94669012845638,0],[121.40059797150931,24.946685382868427,0],[121.40065648330138,24.946711541205243,0],[121.40084039153416,24.946804624637227,0],[121.40103483110761,24.94691238528022,0],[121.40116487304631,24.947006458335565,0],[121.40123872453856,24.94704935933903,0],[121.40245566392704,24.948477557456375,0],[121.4025963729059,24.948642579253196,0],[121.40277236964327,24.948947704187965,0],[121.40302675392358,24.949235042632395,0],[121.4032395409968,24.949477474743894,0],[121.4033892964677,24.94961449061264,0],[121.40362347661312,24.949816009118607,0],[121.40391534569581,24.95008225428483,0],[121.4039833285471,24.95014522756571,0],[121.40414013369893,24.950289523415886,0],[121.40416057675544,24.950307837459185,0],[121.40425819031302,24.95037981644658,0],[121.40435768729098,24.95045255000006,0],[121.40461380409198,24.950632906306122,0],[121.40474800875292,24.95072569488841,0],[121.40486169521466,24.95081019092095,0],[121.40487885655457,24.950822624950714,0],[121.40513063097961,24.951008496308898,0],[121.40521831906742,24.951070481973858,0],[121.40539335526415,24.951176370262885,0],[121.4056104406881,24.951307887313178,0],[121.40567943942006,24.951339484602936,0],[121.40591905167638,24.951449216447063,0],[121.4061805688264,24.95156702071627,0],[121.4063013360827,24.951630230967034,0],[121.40639643586302,24.951685357779695,0],[121.40643262788016,24.951704904115367,0],[121.40649847768947,24.951744659805055,0],[121.4065400303141,24.951769657520487,0],[121.40665756745514,24.951848483767446,0],[121.40667472191093,24.951857911183435,0],[121.4067665566074,24.951914082508402,0],[121.40706974173933,24.952104118385297,0],[121.40713667760609,24.952142345845772,0],[121.40717941778516,24.95216690766204,0],[121.40724553521845,24.952235426473212,0],[121.40737138487339,24.952352650726898,0],[121.40749972292637,24.95247505211123,0],[121.40755043865695,24.952521690000147,0],[121.40767218866469,24.95266343386871,0],[121.40783922642383,24.952859328745966,0],[121.4080424169086,24.95309908250117,0],[121.40814432131133,24.953223847444196,0],[121.40817335245613,24.953271422327013,0],[121.40818240120345,24.953286815418906,0],[121.4082646274752,24.95342336542725,0],[121.40833598886299,24.95353052313734,0],[121.4084180706202,24.95368913837058,0],[121.40845175519445,24.953736225369973,0],[121.408418271528,24.953772450601758,0],[121.40857389165006,24.95403720783733,0],[121.40861658340182,24.95412338708203,0],[121.4088905988806,24.954697232239035,0],[121.4089823938534,24.95494060281226,0],[121.4090195932543,24.955048614214682,0],[121.40904933935899,24.955145842799997,0],[121.40906323190235,24.955198503711593,0],[121.40906453160243,24.955203593029008,0],[121.40911119500461,24.955375703961533,0],[121.40912538368882,24.955427948971074,0],[121.40916757126499,24.95559195248318,0],[121.40917879100188,24.955644997936886,0],[121.40920321496164,24.955752673822396,0],[121.40922109972439,24.9558590356937,0],[121.40923505631137,24.955938113085633,0],[121.40925825097555,24.956069770433967,0],[121.40928705539893,24.956268803282494,0],[121.40930439167491,24.956434933185594,0],[121.40930824327019,24.956471471756767,0],[121.40932583694779,24.956662103776942,0],[121.40934094364563,24.95684809124713,0],[121.40934135209132,24.956853182352823,0],[121.40935457588313,24.957038613851687,0],[121.40935519121861,24.957047351949747,0],[121.40936401732256,24.957216189211167,0],[121.40936567890213,24.957248037496417,0],[121.40937029024401,24.957312047464235,0],[121.4093686253668,24.95756532901771,0],[121.40936708373258,24.957621563232653,0],[121.40936729609865,24.957670817628063,0],[121.40936690955,24.95768036063386,0],[121.40936627267477,24.957698066909366,0],[121.40926556352113,24.957713467748313,0],[121.40933102439458,24.9577881273844,0],[121.4093088409363,24.957952628533935,0],[121.40927290391646,24.958233786046385,0],[121.40920770346554,24.9588174250661,0],[121.40918719254083,24.958976073218953,0],[121.40915423982015,24.959264801045315,0],[121.40915114340795,24.959305098784423,0],[121.40914362776941,24.959366086877065,0],[121.40912576334763,24.959509617748065,0],[121.40911696538099,24.959683289393773,0],[121.40909988091566,24.9598199397018,0],[121.40909839654303,24.959875582908634,0],[121.4090926379306,24.960032159650353,0],[121.40909112939694,24.960099514261227,0],[121.40909217570527,24.960270199119368,0],[121.40909708612283,24.960357115778805,0],[121.40910715476717,24.960613430837583,0],[121.40911279275066,24.960884098419893,0],[121.40912047558365,24.961135397326775,0],[121.40912248527427,24.961206284290917,0],[121.4091264116374,24.961241750406614,0],[121.4091578984004,24.96140278527118,0],[121.40917397296978,24.961474815503042,0],[121.40919355802576,24.961571171892654,0],[121.40921281139596,24.961593551142045,0],[121.40927264830252,24.96165902456114,0],[121.40929170198312,24.961680492245943,0],[121.40930499983996,24.96169545919407,0],[121.4093528308416,24.961748401320808,0],[121.40935928205847,24.96186577695781,0],[121.40936142760918,24.961902211758233,0],[121.40937133242471,24.9620125582307,0],[121.40938296465539,24.962147233099714,0],[121.40938467965636,24.96216460990792,0],[121.40938211211423,24.96220264890046,0],[121.40938550882393,24.962244181990624,0],[121.40939020072601,24.962269024696546,0],[121.40940407917557,24.962343671223362,0],[121.40941164107981,24.96236813069239,0],[121.40942977530091,24.962424213454135,0],[121.40944690161601,24.962477095740223,0],[121.40945838604917,24.962512506782918,0],[121.40946213296,24.96252755803033,0],[121.409490586269,24.962605189586924,0],[121.4095105017166,24.962660993371067,0],[121.4095357327791,24.962728970091128,0],[121.40957003543271,24.962807694494725,0],[121.40961016211826,24.962900973136467,0],[121.40963363305549,24.962954955030106,0],[121.40964736700508,24.96298517353189,0],[121.40971636269323,24.96312345330583,0],[121.4097450964882,24.963179939132637,0]]}},{"type":"Feature","properties":{"cadgeom_type":"CADLWPolyline","thickness":0,"color":"#00FF00FF"},"geometry":{"type":"LineString","coordinates":[[121.36739993402037,24.900670554186252,0],[121.36739601358984,24.90066053682741,0],[121.36738405217946,24.90061917114817,0],[121.3673798137569,24.900578454551262,0],[121.36738339376319,24.900523814992862,0],[121.3673895426787,24.900440810958216,0],[121.36740444479568,24.900375435856077,0],[121.36742036273866,24.900312143806858,0],[121.36743556181108,24.90025680753129,0],[121.36745644131076,24.90019763825786,0],[121.36747297352368,24.90015126387888,0],[121.36749561639284,24.900105948824326,0],[121.3675161039657,24.90006821388867,0],[121.36754073770828,24.900030008288894,0],[121.3675630136351,24.90000118898373,0],[121.36758168650968,24.89997574613896,0],[121.36759685475069,24.899960170920977,0],[121.36760721062024,24.899950746859073,0],[121.36762143898503,24.899938685995366,0],[121.36763269803654,24.89993007226079,0],[121.36765018402092,24.89991832838925,0],[121.36767715581614,24.89990419570347,0],[121.36775820800473,24.899871231940267,0],[121.36790094190017,24.8998191564456,0],[121.36792715106154,24.89981825217668,0],[121.36795051341898,24.89981536867954,0],[121.36797005256525,24.899816467875237,0],[121.36797665042945,24.89981683904461,0],[121.3680237859629,24.899826103275643,0],[121.36813632301929,24.899862264198266,0],[121.36823633500116,24.89989433169738,0],[121.36825301143114,24.89989967876256,0],[121.36834960854074,24.899921451509066,0],[121.36843904189828,24.899930863970646,0],[121.36853239203849,24.899935887938312,0],[121.368626781921,24.899941035675965,0],[121.36872959491,24.89993927388157,0],[121.36885705562987,24.899934137667103,0],[121.36903543096703,24.899924162603316,0],[121.36925328998143,24.899913394428623,0],[121.36950654077947,24.899899935457487,0]]}},{"type":"Feature","properties":{"cadgeom_type":"CADLWPolyline","thickness":0,"color":"#00FF00FF"},"geometry":{"type":"LineString","coordinates":[[121.37010033295367,24.90333784160392,0],[121.36993698810201,24.90313835310526,0],[121.36988486571096,24.90307641161059,0],[121.36987327993282,24.903056614263008,0],[121.3698619858681,24.90303976836054,0],[121.36977214586967,24.90293956903647,0],[121.36964207094026,24.902800864813575,0],[121.36963441948268,24.902792705684817,0],[121.36957475397372,24.902730164976784,0],[121.3695301498556,24.902682493993332,0]]}},{"type":"Feature","properties":{"cadgeom_type":"CADLWPolyline","thickness":0,"color":"#00FF00FF"},"geometry":{"type":"LineString","coordinates":[[121.38072592549523,24.877700390169693,0],[121.38064387587818,24.8776799246079,0],[121.3806505331184,24.877638356013158,0],[121.38065119995204,24.87763845252244,0],[121.38066573103282,24.877573584025466,0],[121.38066111774341,24.877572918334188,0],[121.380661061526,24.87757236573674,0],[121.38080105681986,24.877276054965765,0],[121.38132516667896,24.876523836211874,0],[121.38172113796836,24.876201985028278,0],[121.38197050743089,24.876001723319757,0],[121.38242906456655,24.875806393819158,0],[121.38280371396172,24.875534691809726,0],[121.38341116719263,24.875228300947896,0],[121.3838472189899,24.875034660140678,0],[121.38387490055104,24.87502834714641,0],[121.38399927111665,24.874971890401312,0],[121.38403273639426,24.87496093464254,0],[121.38416348121399,24.8749341203035,0],[121.38459429894115,24.874982098965535,0],[121.38513926461869,24.874849558675503,0],[121.38534254723956,24.874752420876902,0],[121.38558040493145,24.874660088580207,0],[121.38565263011019,24.874553397492154,0],[121.38575828384982,24.874448655824455,0],[121.38581725822588,24.874385561923795,0],[121.38585657035827,24.87431688865173,0],[121.38607349697449,24.874026066172704,0],[121.38621078175467,24.873895734613573,0],[121.38645051271916,24.87364809036108,0],[121.3865033753717,24.873483809780954,0],[121.38654608665493,24.873415465925845,0],[121.38656394611927,24.873351382531297,0],[121.38661725188705,24.87328808111103,0],[121.38664999069753,24.873137296264474,0],[121.38666861434344,24.87306602912839,0],[121.38668006714987,24.873043034564464,0],[121.38674326136073,24.872946139000586,0],[121.38682046158662,24.8728796900079,0],[121.38690807027608,24.872823905597194,0],[121.38701419921517,24.87277179253361,0],[121.38718683572151,24.872643550560642,0],[121.38733163971844,24.872557050152196,0],[121.38750278240956,24.872489867274084,0],[121.38766410042155,24.872444830290995,0],[121.38777698649223,24.872429817528836,0],[121.38788969762236,24.872422959780064,0],[121.3879976332549,24.87244264440929,0],[121.38818893997163,24.872464281539937,0],[121.38821711615407,24.87246931328479,0],[121.38854610128287,24.872613108920227,0],[121.38858884670225,24.872643606322285,0],[121.3888821129466,24.872935984720833,0],[121.38939454813682,24.873446863787965,0],[121.38943896720725,24.87361199663412,0],[121.38943361605098,24.873653145261848,0],[121.38947859628027,24.87381205539009,0],[121.38957400831767,24.87401495613276,0],[121.38962918423589,24.874041816006276,0],[121.38975599617098,24.87414525428437,0],[121.38994584932351,24.87418595876974,0],[121.3901195771816,24.874166816587866,0],[121.39030641157822,24.874160162657585,0],[121.39043571693512,24.874147885273935,0],[121.3905538217245,24.87412142740905,0],[121.3907768139532,24.874055871073235,0],[121.3908616475575,24.874042780936367,0],[121.39106180429047,24.87398370180597,0],[121.39151667291303,24.873787286666072,0],[121.39175391760719,24.873629201890722,0],[121.39205225899356,24.873766104717557,0],[121.39205426240979,24.873769401121816,0],[121.39224063713014,24.87369568384702,0],[121.39224097007015,24.873695337903698,0],[121.3922394118329,24.873692985710086,0],[121.39229831270922,24.873390408627408,0],[121.39249701074873,24.873331534244564,0],[121.39271055012522,24.87330019710584,0],[121.39322192524332,24.873376849530317,0],[121.39366663340459,24.87347643586252,0],[121.39407687663856,24.87359290219775,0],[121.39438553384718,24.873685960307313,0],[121.39500761298254,24.87360452066869,0],[121.39547390143507,24.873541218233754,0],[121.39573864631416,24.873441679731865,0],[121.39629362160011,24.873325734887498,0],[121.39650584491494,24.873295543828384,0],[121.39693019601545,24.87318666626151,0],[121.39703226025769,24.87309239792595,0],[121.39707750932024,24.87296104229923,0],[121.39720952945403,24.872869315186026,0],[121.3974267400732,24.87277082235304,0],[121.3976174567836,24.872656097573984,0],[121.39830522470936,24.872591920265386,0],[121.39860999001472,24.872729677413513,0],[121.39906999866365,24.872940061379726,0],[121.39961790380104,24.873122691062925,0],[121.40029780402556,24.87313966860506,0],[121.40112704379406,24.873003194025536,0],[121.40131853322511,24.872944339947058,0],[121.40149077736835,24.872863773784516,0],[121.40162839796325,24.872748764916555,0],[121.40167805943287,24.87271338499785,0],[121.40171476580122,24.87268549941956,0],[121.40176565373272,24.872642322510565,0],[121.40184572271828,24.872574078187725,0],[121.40187186635325,24.87254765340652,0],[121.40192246862657,24.872479633108213,0],[121.40196604374417,24.872428283759156,0],[121.40227574226583,24.87215906551702,0],[121.40234516683556,24.872039539668744,0],[121.4024007697141,24.87197344986435,0],[121.40249082763816,24.87190953166086,0],[121.40254251168736,24.871886920910562,0],[121.40260255874787,24.871865230221736,0],[121.4026247443797,24.87182866188155,0],[121.40265840559228,24.871792768090753,0],[121.40297687134114,24.87159052409957,0],[121.40314797934845,24.871508378093274,0],[121.40316866608488,24.87152239669687,0],[121.40318723260927,24.871509045363286,0],[121.40321661434422,24.871507897814695,0],[121.40325999284725,24.87152989648435,0],[121.40328417650348,24.871571454689633,0],[121.40338999040523,24.871553973113798,0],[121.40348444483901,24.871499569721713,0],[121.40350440998395,24.871477944955824,0],[121.40350253525324,24.87145941607955,0],[121.40344270646527,24.871406735376446,0],[121.40349119754626,24.8713777947253,0],[121.40353185979735,24.871376468408688,0],[121.40356461832879,24.87135739661869,0],[121.40358949810705,24.87136112728715,0],[121.40366282609952,24.871331791472592,0],[121.40368767017479,24.871332082476396,0],[121.40388748719826,24.87122720272939,0],[121.40399777372767,24.87112579589214,0],[121.40421145149502,24.87103100746586,0],[121.40431408324297,24.871002591832287,0],[121.40439458549335,24.870923891659135,0],[121.40468470141188,24.870760504717563,0],[121.40486949345535,24.870663343894595,0],[121.40492832172053,24.870739953445604,0],[121.40518803007308,24.870693936219165,0],[121.40518861564472,24.87068362032223,0],[121.40522069112193,24.870627427822484,0],[121.40516611063848,24.87061316490772,0],[121.4051481330192,24.870578388122272,0],[121.40515392017683,24.87056386496636,0],[121.40518839715776,24.870557824514457,0],[121.40520882699165,24.87052381708237,0],[121.40523855220897,24.870498604507155,0],[121.40527609953172,24.870454697963595,0],[121.40531426522078,24.87044172759917,0],[121.40536639229303,24.870448472667753,0],[121.40541767769119,24.87045041266117,0],[121.4054702084744,24.870400778616155,0],[121.40550616968035,24.870394716223473,0],[121.40551239744143,24.870403546649133,0],[121.40557554169679,24.87039430571736,0],[121.40560188421838,24.870395955811855,0],[121.40597077071824,24.870227917043177,0],[121.40602969948876,24.870193991657498,0],[121.40604701869123,24.870155911963835,0],[121.40610208831794,24.870122047041722,0],[121.40610540034288,24.87009792965039,0],[121.40623509614015,24.870026464090433,0],[121.40633812979462,24.869941658990566,0],[121.40646180347804,24.869871653855665,0],[121.40651635065099,24.869844673217386,0],[121.4068816638177,24.86960931761078,0],[121.40713065706615,24.869497378218757,0],[121.40739657120247,24.869443847500513,0],[121.40764710512322,24.869427079619875,0],[121.40770401130526,24.86942608959583,0],[121.4079638830206,24.869421568207635,0],[121.40836059414949,24.869439869516647,0],[121.40838500420442,24.86943875777389,0],[121.40848148351526,24.869444676028586,0],[121.40860585755934,24.869469206935044,0],[121.40869933649543,24.86949250788476,0],[121.40876021208874,24.8695195900066,0],[121.40890125323783,24.86957014136401,0],[121.40892037387395,24.86957993003829,0],[121.40905205740016,24.869689904779488,0],[121.40907192769963,24.86970677872565,0],[121.40920263720281,24.869723278028257,0],[121.40926692213225,24.869738078253082,0],[121.40933824102402,24.86976307409263,0],[121.40945046763323,24.869876792672926,0],[121.40949241096662,24.86994144482806,0],[121.40949808799319,24.87000184309192,0],[121.40952357270837,24.87003512768505,0],[121.40958076475819,24.87007203753695,0],[121.40963770576813,24.870132325016368,0],[121.40965693207968,24.87019182921736,0],[121.40968214422456,24.87024642401498,0],[121.40973679521618,24.87030537699657,0],[121.40984613607478,24.87035107960775,0],[121.41004943648232,24.870381565665035,0],[121.41028553706252,24.870397085887987,0],[121.41034646957532,24.870394064899173,0],[121.41046491709005,24.87036400894354,0],[121.4107321152949,24.87027729668444,0],[121.41076791121925,24.87025542509858,0],[121.41102751464985,24.870010034669026,0],[121.41107917119231,24.86999065259826,0],[121.41126816977881,24.869912049382897,0],[121.41135783472463,24.869874198184586,0],[121.41144344619059,24.86985734880629,0],[121.41151715787738,24.869743382251993,0],[121.41158032595102,24.869623716872763,0],[121.4116133255888,24.86954536014602,0],[121.41156915698441,24.869507193646193,0],[121.41155744190073,24.86948469648055,0],[121.41153954771801,24.86949597542499,0],[121.41148224599056,24.86957180936284,0],[121.41145163641384,24.869625922887447,0],[121.41135246780951,24.86963504595053,0],[121.41127790014453,24.869602971850597,0],[121.41131727592455,24.869515811322064,0],[121.41139893553262,24.869431513171993,0],[121.41147570779111,24.869391110452984,0],[121.41146043417928,24.869302671070173,0],[121.41143805969139,24.869273467880824,0],[121.41148772772593,24.869196373069983,0],[121.41149728134837,24.869182476036084,0],[121.41162925488608,24.86888409331876,0],[121.41160873474931,24.86887135152049,0],[121.41175356500041,24.868534268019072,0],[121.41181397486723,24.86844960455895,0],[121.41184892163695,24.868460049217223,0],[121.41188079636352,24.868369818609064,0],[121.4112463547283,24.868180199357482,0],[121.41122335491055,24.868173325206687,0],[121.41121713838837,24.868190636856188,0],[121.41119138844573,24.868263528392696,0],[121.41119102410721,24.86875436056054,0],[121.4111835827067,24.868890971826406,0],[121.41115677928876,24.86895009032232,0],[121.41103067351764,24.869325421115608,0],[121.41091393911536,24.869495961188463,0],[121.41079378133072,24.869665508622923,0],[121.41047784031444,24.869823732206495,0],[121.41045831716154,24.869825229086768,0],[121.4104263473765,24.86982528221268,0],[121.410394175439,24.869823143992004,0],[121.41033141829685,24.86981330016302,0],[121.41028582291531,24.869806112710254,0],[121.4100793924021,24.869721605626133,0],[121.40992668506667,24.869680457880463,0],[121.40984449524936,24.8696540502929,0],[121.40940643067358,24.86929220709686,0],[121.4094051783116,24.86926481271666,0],[121.40899359818518,24.868889347716014,0],[121.40867116211714,24.868898500313552,0],[121.4079116131758,24.868902799349076,0],[121.40768775967123,24.868903626548917,0],[121.40756068289838,24.868906905407787,0],[121.40742365059711,24.868907370949284,0],[121.40732532261319,24.868910045003677,0],[121.40718916006837,24.868922142826726,0],[121.40715009019827,24.868927575072284,0],[121.40712102338524,24.868935103736465,0],[121.40710075439588,24.86894401156948,0],[121.4070075892999,24.868989633142398,0],[121.4068128315447,24.869078295531168,0],[121.406629950304,24.86917605337919,0],[121.40643105753699,24.86929007868862,0],[121.40634744955294,24.869334106639972,0],[121.4063335650597,24.869344369306987,0],[121.40629646518522,24.86938908104992,0],[121.40628639308865,24.86939902091792,0],[121.40626868103536,24.86940815755741,0],[121.40624429798241,24.869417931509915,0],[121.4059928827626,24.869526856456496,0],[121.40570017578412,24.869651484733108,0],[121.40549368908195,24.869743973834336,0],[121.40533962276297,24.869815628657975,0],[121.40525129520981,24.869848377773764,0],[121.40511753456119,24.869893864902227,0],[121.40506151768328,24.86991396558754,0],[121.40486002079109,24.86998670760767,0],[121.40478135425566,24.870051091940166,0],[121.40478135425566,24.870051091940166,0],[121.40478135425566,24.870051091940166,0],[121.40459148404977,24.870095856148538,0],[121.40439410502034,24.870169321158333,0],[121.4041579541496,24.870297825938735,0],[121.40399251581998,24.870373559238793,0],[121.40380551159917,24.870458092059753,0],[121.4035650627713,24.87055107495898,0],[121.40355847998332,24.87055667940071,0],[121.4035530143881,24.870563282906364,0],[121.40355032611974,24.870570871056618,0],[121.40354874981067,24.870578953939297,0],[121.40354665149282,24.870590067311063,0],[121.40354291920617,24.87060371643939,0],[121.40353472347088,24.870613873802125,0],[121.40351954722286,24.8706241966933,0],[121.40348307956376,24.870649181079635,0],[121.40344742237404,24.870675448145967,0],[121.4034117651692,24.870701715203875,0],[121.4033782754437,24.87072997757876,0],[121.40334534815356,24.87075867915629,0],[121.40331377471763,24.87078830369802,0],[121.40328220126662,24.87081792823316,0],[121.40325062780059,24.870847552761674,0],[121.40321905431951,24.8708771772836,0],[121.40318389900324,24.87090385104726,0],[121.40314720125579,24.870928654442608,0],[121.40310825105288,24.870950063683573,0],[121.40306841048397,24.87096921309081,0],[121.40302867067707,24.870988664170397,0],[121.40298894719358,24.87100859884624,0],[121.40294710058423,24.87102545815521,0],[121.40290605139796,24.871044051317273,0],[121.40286587259592,24.871063848311888,0],[121.40282678983026,24.871085234874926,0],[121.40278904879227,24.87110787508645,0],[121.40276330866638,24.87112481454427,0],[121.40276040309821,24.871125271345626,0],[121.40274991804694,24.87112709049556,0],[121.4027394690136,24.871129074645385,0],[121.40272905912082,24.87113122321515,0],[121.4027186914809,24.871133535561817,0],[121.40270836917597,24.871136010988312,0],[121.40269809530767,24.871138648761367,0],[121.40268787292773,24.871141448084824,0],[121.40267770508763,24.87114440813544,0],[121.40266759483826,24.87114752801777,0],[121.40265754518099,24.871150806818594,0],[121.40264755912627,24.8711542435344,0],[121.40263763966473,24.87115783715274,0],[121.40262778973711,24.871161586598312,0],[121.40261801229356,24.871165490750624,0],[121.40260831026424,24.871169548453167,0],[121.40259868652929,24.871173758477546,0],[121.40258914396874,24.871178119586357,0],[121.40257919921704,24.87118185939515,0],[121.40256934679222,24.871185797325225,0],[121.40255959143964,24.87118993149511,0],[121.40254993783455,24.87119425990645,0],[121.40254039064155,24.871198780470657,0],[121.40253095445539,24.87120349101836,0],[121.40252163380083,24.871208389290352,0],[121.40251243319187,24.871213472910128,0],[121.40250335702322,24.87121873944779,0],[121.4024944096888,24.871224186356088,0],[121.40248559549292,24.871229811025138,0],[121.40247691865994,24.871235610737244,0],[121.4024683833839,24.871241582702673,0],[121.40245999376928,24.871247724060073,0],[121.40245175385037,24.87125403183115,0],[121.40244366760176,24.8712605030019,0],[121.40243573889826,24.871267134441577,0],[121.40242797156469,24.871273922965646,0],[121.40242036934617,24.87128086530874,0],[121.40241293589804,24.871287958124917,0],[121.40240567479604,24.871295198005498,0],[121.40239701415334,24.871301049736932,0],[121.40238854169232,24.87130712642464,0],[121.40238026441985,24.871313423021736,0],[121.40237218920302,24.87131993432875,0],[121.4023643227293,24.871326654939725,0],[121.40235667151663,24.87133357929633,0],[121.40234924190345,24.87134070166084,0],[121.40234204003889,24.871348016125186,0],[121.4023350718929,24.87135551664704,0],[121.40232834323605,24.871363196995816,0],[121.40232185964001,24.871371050815792,0],[121.4023156264873,24.871379071608015,0],[121.40231372344,24.87138167618786,0],[121.40216673383017,24.871441742807377,0],[121.40216747645175,24.871446548737115,0],[121.40213846030885,24.8715211509187,0],[121.40213755165645,24.871557607854495,0],[121.40214323449882,24.871637996019114,0],[121.40210176877441,24.87168593532906,0],[121.40207029436631,24.87169525368112,0],[121.4020420657228,24.871721716731095,0],[121.401990960017,24.871784898469205,0],[121.40194629111616,24.87181980978517,0],[121.40193927481717,24.871849466588447,0],[121.40192356999992,24.87186202563629,0],[121.40188558027798,24.871892048930974,0],[121.40186567098903,24.871919099273097,0],[121.4018215990019,24.87199251306257,0],[121.40176172718581,24.872088427341616,0],[121.40171670945534,24.872108796259685,0],[121.4016564123631,24.87216368748105,0],[121.40161527538518,24.872186081464058,0],[121.4016253286886,24.87221072453576,0],[121.40159693612534,24.872230941005213,0],[121.40143791767979,24.872347961705724,0],[121.40139402542071,24.872391001050335,0],[121.40138087313522,24.872420683649356,0],[121.40134269061689,24.87244167971016,0],[121.40128676367792,24.87243122810773,0],[121.40123236104976,24.872481933162845,0],[121.40114462901502,24.872515779941406,0],[121.40108430296968,24.872567917436314,0],[121.40098760823169,24.872605976549966,0],[121.40082162830997,24.87265295730492,0],[121.40079603343318,24.872656644958486,0],[121.40065772513854,24.87268067970592,0],[121.4006135199981,24.872703099872115,0],[121.40058394408264,24.872685522940625,0],[121.40053264032204,24.87268189307142,0],[121.40038375036472,24.872706713962817,0],[121.40030389017821,24.87270750135322,0],[121.40027070312533,24.872704383443594,0],[121.40022245293869,24.87269935477092,0],[121.40005709696199,24.872672790092242,0],[121.39985056445767,24.872607458256585,0],[121.39979079179587,24.87258879595072,0],[121.39968407574199,24.872547920850277,0],[121.39956052127718,24.872486587047327,0],[121.399508134539,24.872454796417724,0],[121.39948682213672,24.872441942404595,0],[121.39948434702347,24.872422723432948,0],[121.39944570264234,24.872408673340058,0],[121.39942626451722,24.8724143572871,0],[121.3994362534317,24.872432816335355,0],[121.39942133958488,24.87244533221324,0],[121.39930253653168,24.872403197542614,0],[121.39914706727318,24.872327746311317,0],[121.39910943433097,24.872325361608652,0],[121.39896167036146,24.872258078058813,0],[121.39890420254703,24.87224214934831,0],[121.39883760200372,24.872223554467553,0],[121.39883825827943,24.872213497221185,0],[121.39875563593893,24.872190502710456,0],[121.3987440338856,24.8721854380985,0],[121.39868983460731,24.872170709080958,0],[121.39867850152451,24.872165813695855,0],[121.39863065258378,24.872163191751216,0],[121.39845155560398,24.87211219431747,0],[121.39840465721706,24.872099081734003,0],[121.39839813988294,24.872097723086508,0],[121.39837234521512,24.87207005093609,0],[121.39835265259178,24.872070265487277,0],[121.39828712546176,24.872021450890788,0],[121.39803066813778,24.87195161627043,0],[121.39795228728958,24.871951856963538,0],[121.39781928092957,24.871923873978695,0],[121.39767379323735,24.871923535876935,0],[121.39735628247952,24.871902555964496,0],[121.39726050615995,24.871895442932267,0],[121.39694380379261,24.871933575507963,0],[121.39673553903668,24.871958437724565,0],[121.39663688373331,24.8719702148863,0],[121.39650758004932,24.872089990660676,0],[121.39653716848632,24.872089673287086,0],[121.39622768590236,24.87234798083935,0],[121.39603502378495,24.872494853908005,0],[121.39565362995383,24.87285314826392,0],[121.3955535867313,24.873046518238535,0],[121.39541017223978,24.873026612878718,0],[121.3952561280009,24.8730604113787,0],[121.39520804783604,24.87307186614772,0],[121.39515038324207,24.873104033876864,0],[121.39495510690878,24.873093565763774,0],[121.39487152122172,24.873097813123408,0],[121.39485187762422,24.87309319640721,0],[121.39461566091683,24.873124349520776,0],[121.39435793396177,24.873123417947767,0],[121.39414242660342,24.873060917977106,0],[121.39409641030093,24.873061366693218,0],[121.39402688805295,24.873056951811453,0],[121.39398668550683,24.873054930959736,0],[121.39394868013062,24.873035619236713,0],[121.393824479773,24.87300743980251,0],[121.39308669436579,24.872914581509338,0],[121.39252863794485,24.87295629815767,0],[121.39197660295544,24.872996525579076,0],[121.39150392128568,24.873198445184556,0],[121.39113566150341,24.873353197702677,0],[121.39076698375331,24.873486626967672,0],[121.3902219418118,24.8736876535024,0],[121.39001742042709,24.873672215743724,0],[121.38991448901994,24.873542652371356,0],[121.38980596379821,24.873403664780195,0],[121.389776681494,24.873363846624628,0],[121.38966985254852,24.873163873378093,0],[121.3895277514954,24.87299224993128,0],[121.38907790783313,24.87245924239105,0],[121.3887619527909,24.872247710342794,0],[121.38857502235741,24.872138654489206,0],[121.38846646731879,24.87210197249501,0],[121.3882450946007,24.87204917473116,0],[121.3880802180769,24.871968941630133,0],[121.3880802180769,24.871968941630133,0],[121.3880802180769,24.871968941630133,0],[121.38805391424647,24.8719571418379,0],[121.38802689066483,24.871946783710236,0],[121.38799924217156,24.871937903599065,0],[121.38797106579926,24.8719305326692,0],[121.38794246043308,24.871924696788938,0],[121.38791352646365,24.871920416439345,0],[121.387597728791,24.871882418466814,0],[121.387597728791,24.871882418466814,0],[121.38756898355822,24.871879736083255,0],[121.38754011570565,24.871878589064256,0],[121.3875112236851,24.871878981321665,0],[121.38748240603076,24.87188091151771,0],[121.38735632984539,24.87189714561917,0],[121.38729132690037,24.871926962895646,0],[121.38720169184253,24.871971297158655,0],[121.38711318648647,24.872014463357214,0],[121.3870317358944,24.872050539395058,0],[121.38692188352678,24.872098421401503,0],[121.38685165282921,24.872131006965294,0],[121.38678129757662,24.872177552251298,0],[121.38672234946209,24.872214852747952,0],[121.38665895032972,24.872258336158257,0],[121.3865754482186,24.872320410555993,0],[121.38651939538877,24.8723681889572,0],[121.3864963515967,24.872394320250688,0],[121.38646512835919,24.872429393409558,0],[121.3864517793728,24.872448625314522,0],[121.38643776864068,24.872479485907416,0],[121.38641191384673,24.872530252653462,0],[121.38638720223419,24.87258845841852,0],[121.38637394105737,24.872606982146923,0],[121.386260224201,24.872765826008607,0],[121.38625846907624,24.872916870801898,0],[121.38625670080285,24.873069047016262,0],[121.38620359362181,24.873233459508448,0],[121.38611370192069,24.873383785964286,0],[121.38611370192069,24.873383785964286,0],[121.38610495887431,24.87339120484351,0],[121.38609570031313,24.873398083543115,0],[121.3860859662629,24.87340439232574,0],[121.38607579880478,24.873410103917827,0],[121.38606524189382,24.87341519362758,0],[121.38605434116859,24.873419639451605,0],[121.38604314375411,24.87342342217014,0],[121.38598272640306,24.873443721738674,0],[121.38598272640306,24.873443721738674,0],[121.38596703811064,24.873449556794995,0],[121.38595182436507,24.87345635769574,0],[121.38593715651382,24.873464092546957,0],[121.38592310334425,24.87347272507483,0],[121.38590973076118,24.87348221479569,0],[121.3858971014777,24.873492517205904,0],[121.38588527472115,24.873503583990622,0],[121.3858743059553,24.87351536325028,0],[121.38586424662027,24.873527799744053,0],[121.38585514389135,24.873540835148894,0],[121.38584704045765,24.873554408333014,0],[121.38583997432195,24.873568455642598,0],[121.3858339786225,24.873582911200348,0],[121.38558508453139,24.874267787743356,0],[121.38518462208702,24.87453330563342,0],[121.38518462208702,24.87453330563342,0],[121.38476265641647,24.874646609967524,0],[121.38452225037398,24.874626716515248,0],[121.38422961574878,24.87464411054812,0],[121.38385315420739,24.874677524960806,0],[121.38385315420739,24.87467752496081,0],[121.38375106079364,24.874723269115158,0],[121.3833890582429,24.874831254860815,0],[121.38281979732716,24.87501800289752,0],[121.38262257355159,24.875206104792962,0],[121.38231785596547,24.875411244936277,0],[121.38208276816756,24.875592543990038,0],[121.3819462660313,24.87569726317915,0],[121.38112087789101,24.876263800898194,0],[121.3809197125218,24.876064186113513,0],[121.38078570328919,24.87615804905776,0],[121.38074560165263,24.876183909753042,0],[121.38075038895764,24.87623322266022,0],[121.38074000785379,24.87625154044766,0],[121.38066021676441,24.876428850739153,0],[121.38065347847974,24.876472042896005,0],[121.38064700450279,24.87651354082261,0],[121.38067944740145,24.876560218206937,0],[121.38075806663754,24.876714576477745,0],[121.38076591785476,24.876754291405838,0],[121.38071260798831,24.87675379623564,0],[121.38067733471533,24.87677256002889,0],[121.38065725581534,24.876810353455404,0],[121.3806375759323,24.87684739580915,0],[121.38061744840694,24.87691732664651,0],[121.3805904056339,24.877011283613022,0],[121.38057469451992,24.877037937322935,0],[121.38053380776718,24.877064212028014,0],[121.3804039305117,24.877142567485215,0],[121.3803530577616,24.877199173931267,0],[121.38033817320965,24.877236936338154,0],[121.38024929628274,24.877292571107795,0],[121.38019949467402,24.877343070467877,0],[121.38017990676666,24.877437653220966,0],[121.38018152518987,24.877503712972757,0],[121.3801643070796,24.877501228363695,0],[121.3801643070796,24.877501228363695,0],[121.380151062103,24.87756606784872,0],[121.38018316700843,24.87757072756768,0],[121.38020922661495,24.877574368447878,0]]}},{"type":"Feature","properties":{"cadgeom_type":"CADLWPolyline","thickness":0,"color":"#00FF00FF"},"geometry":{"type":"LineString","coordinates":[[121.52740741603742,24.992045154177838,0],[121.52736090548488,24.991817478648123,0],[121.52731746192221,24.991604794091057,0],[121.52730575611915,24.991547452682564,0],[121.52726684547191,24.991357006416045,0],[121.52722181392748,24.991136563235287,0],[121.52721459894623,24.991101048648954,0],[121.52720895815243,24.991073605632533,0],[121.52702513496492,24.990173705494144,0],[121.52737638999247,24.990077579642886,0],[121.52736616299248,24.98999584950568,0],[121.52726879009796,24.98972969742948,0],[121.52708311625008,24.98977937407974,0]]}},{"type":"Feature","properties":{"cadgeom_type":"CADLWPolyline","thickness":0,"color":"#00FF00FF"},"geometry":{"type":"LineString","coordinates":[[121.53082771484775,24.988816726838966,0],[121.53037587154122,24.98853276263344,0],[121.5302165057252,24.988352766898945,0],[121.52995137455531,24.98818012851463,0],[121.529927251537,24.98816417083504,0],[121.5299032863637,24.988148016806434,0],[121.52987948095925,24.988131667725664,0],[121.52985583723472,24.988115124905228,0],[121.52983235708814,24.98809838967321,0],[121.52980904240448,24.98808146337308,0],[121.52978589505535,24.988064347363704,0],[121.52976291689897,24.988047043019158,0],[121.52974010977994,24.988029551728623,0],[121.52971747552915,24.9880118748963,0],[121.52969501596363,24.987994013941286,0],[121.52967273288631,24.98797597029744,0],[121.52965062808606,24.98795774541333,0],[121.52962870333734,24.987939340752035,0],[121.52960696040016,24.98792075779106,0],[121.52958540102001,24.98790199802226,0],[121.5295640269276,24.987883062951656,0],[121.52954384681131,24.98786449268614,0],[121.52952184145416,24.98784467299939,0],[121.5295010334596,24.987825221199664,0],[121.5294804175254,24.987805600261737,0],[121.52945999530657,24.987785811760798,0],[121.52943976844243,24.987765857285428,0],[121.52941973855674,24.987745738437567,0],[121.52939990725736,24.98772545683235,0],[121.52938027613625,24.987705014097973,0],[121.52936084676931,24.987684411875566,0],[121.5293416207162,24.987663651819048,0],[121.52932259952027,24.987642735595035,0],[121.52930378470843,24.987621664882667,0],[121.52928517779101,24.98760044137347,0],[121.52926678026168,24.987579066771257,0],[121.52924859359725,24.98755754279196,0],[121.52923061925762,24.987535871163512,0],[121.52921220728645,24.98751248849262,0],[121.52919388702827,24.98748904606045,0],[121.52917565871653,24.987465544165815,0],[121.52915752258357,24.987441983108265,0],[121.52913947886047,24.987418363188134,0],[121.52912152777715,24.98739468470647,0],[121.52910366956242,24.98737094796509,0],[121.52908590444379,24.987347153266533,0],[121.5290682326477,24.98732330091411,0],[121.52905065439931,24.987299391211838,0],[121.52903316992266,24.98727542446447,0],[121.52901577944048,24.987251400977495,0],[121.52899848317448,24.987227321057127,0],[121.52898128134498,24.98720318501028,0],[121.52896417417125,24.987178993144603,0],[121.5289471618712,24.98715474576844,0],[121.52893024466172,24.98713044319085,0],[121.52891342275831,24.987106085721617,0],[121.52889669637536,24.987081673671188,0],[121.528880065726,24.987057207350716,0],[121.52886353102215,24.987032687072066,0],[121.52884709247452,24.987008113147763,0],[121.52883075029257,24.98698348589103,0],[121.52881450468453,24.986958805615778,0],[121.52879835585743,24.986934072636583,0],[121.52878230401706,24.986909287268666,0],[121.52876634936793,24.986884449827983,0],[121.52875049211335,24.986859560631082,0],[121.52873473245536,24.986834619995218,0],[121.52871811705077,24.986811345619454,0],[121.52870143247036,24.986788112390226,0],[121.52868467883681,24.986764920478322,0],[121.52866785627337,24.98674177005424,0],[121.52865096490373,24.98671866128818,0],[121.5286340048521,24.98669559435001,0],[121.52861697624319,24.986672569409325,0],[121.52859987920223,24.986649586635387,0],[121.52858271385497,24.986626646197163,0],[121.52856548032761,24.986603748263285,0],[121.52854817874693,24.986580893002102,0],[121.5285308092401,24.986558080581634,0],[121.52851337193488,24.98653531116958,0],[121.52849586695946,24.986512584933337,0],[121.5284782944426,24.98648990203998,0],[121.52846065451354,24.986467262656255,0],[121.52844294730197,24.9864446669486,0],[121.52842517293809,24.986422115083126,0],[121.52840733155263,24.986399607225632,0],[121.52838942327675,24.986377143541574,0],[121.52837144824221,24.986354724196094,0],[121.52835340658109,24.98633234935401,0],[121.52833529842613,24.98631001917982,0],[121.52831712391047,24.986287733837667,0],[121.52829888316774,24.986265493491405,0],[121.5282805763321,24.986243298304522,0],[121.52826220353812,24.986221148440173,0],[121.52824376492096,24.986199044061205,0],[121.52822526061615,24.986176985330115,0],[121.52820669075982,24.98615497240908,0],[121.52818805548844,24.9861330054599,0],[121.52816935493912,24.98611108464409,0],[121.52815058924932,24.986089210122795,0],[121.52813175855704,24.98606738205681,0],[121.52811286300076,24.98604560060663,0],[121.52809390271939,24.986023865932342,0],[121.52807487785239,24.986002178193765,0],[121.52805578853962,24.985980537550315,0],[121.52803595004035,24.98595955616891,0],[121.52801607046638,24.985938607110633,0],[121.52799614988113,24.985917690442275,0],[121.52797618834816,24.985896806230546,0],[121.52795618593113,24.98587595454204,0],[121.52793614269389,24.985855135443256,0],[121.5279160587003,24.98583434900055,0],[121.52789593401448,24.985813595280256,0],[121.5278757687006,24.9857928743485,0],[121.52785556282295,24.98577218627141,0],[121.52783531644607,24.98575153111492,0],[121.52781502963448,24.98573090894492,0],[121.52779470245288,24.985710319827156,0],[121.52777433496617,24.985689763827285,0],[121.52775392723926,24.98566924101085,0],[121.52773347933726,24.98564875144332,0],[121.52771299132539,24.985628295190004,0],[121.52769246326905,24.985607872316148,0],[121.52767189523365,24.985587482886867,0],[121.52765128728483,24.9855671269672,0],[121.52763063948832,24.98554680462204,0],[121.52760995190998,24.985526515916177,0],[121.5275892246158,24.985506260914352,0],[121.52756845767189,24.985486039681113,0],[121.5275476511445,24.985465852280964,0],[121.5275268051,24.985445698778268,0],[121.52750591960485,24.985425579237297,0],[121.5274849947257,24.9854054937222,0],[121.52746403052927,24.985385442297034,0],[121.52744302708247,24.98536542502574,0],[121.52742198445223,24.985345441972143,0],[121.52740090270574,24.985325493199973,0],[121.5273797819102,24.985305578772838,0],[121.527358622133,24.985285698754236,0],[121.52733742344157,24.985265853207565,0],[121.52731618590362,24.985246042196117,0],[121.52729490958681,24.985226265783048,0],[121.52727359455908,24.98520652403143,0],[121.52725224088836,24.985186817004216,0],[121.52723084864276,24.98516714476425,0],[121.52720941789055,24.985147507374254,0],[121.52718764624915,24.985128878943513,0],[121.5271658334393,24.98511029056646,0],[121.52714397954975,24.98509174231867,0],[121.52712208466933,24.985073234275585,0],[121.52710014888711,24.98505476651244,0],[121.52707817229232,24.98503633910435,0],[121.52705615497435,24.98501795212624,0],[121.52703409702269,24.98499960565287,0],[121.52701199852709,24.984981299758854,0],[121.52698985957743,24.984963034518614,0],[121.52696768026372,24.98494481000644,0],[121.5269454606762,24.984926626296435,0],[121.52692320090523,24.98490848346252,0],[121.52690090104133,24.984890381578488,0],[121.52687856117518,24.98487232071793,0],[121.52685618139765,24.98485430095431,0],[121.52683376179978,24.98483632236088,0],[121.52681130247272,24.984818385010765,0],[121.52678880350783,24.984800488976877,0],[121.5267662649966,24.98478263433201,0],[121.52674368703072,24.984764821148755,0],[121.52672106970196,24.98474704949954,0],[121.52669841310237,24.984729319456644,0],[121.52667571732404,24.984711631092154,0],[121.52665298245931,24.984693984477996,0],[121.52663020860061,24.984676379685926,0],[121.52660739584059,24.984658816787515,0],[121.52658454427198,24.984641295854203,0],[121.5265616539878,24.98462381695723,0],[121.52653872508105,24.98460638016766,0],[121.52651575764506,24.984588985556396,0],[121.52649275177315,24.984571633194175,0],[121.52646970755895,24.984554323151553,0],[121.52644662509618,24.98453705549891,0],[121.52642350447867,24.984519830306482,0],[121.52638039935448,24.98448645626022,0],[121.52633733137364,24.984453042413996,0],[121.52629430058033,24.984419588802123,0],[121.52625130701877,24.98438609545899,0],[121.52620835073311,24.984352562419005,0],[121.52616543176742,24.984318989716627,0],[121.5261225501658,24.984285377386318,0],[121.52607970597222,24.98425172546264,0],[121.52603689923075,24.984218033980163,0],[121.52599412998526,24.984184302973496,0],[121.52595139827973,24.984150532477294,0],[121.52590870415798,24.984116722526256,0],[121.52586604766391,24.98408287315511,0],[121.52582342884125,24.98404898439864,0],[121.5257808477338,24.984015056291657,0],[121.52573830438526,24.983981088869033,0],[121.52569579883931,24.98394708216565,0],[121.5256533311396,24.983913036216446,0],[121.5256109013297,24.983878951056425,0],[121.52556850945324,24.98384482672057,0],[121.52552615555366,24.983810663243954,0],[121.52548709013821,24.98377887243107,0],[121.52544806492274,24.983747040638157,0],[121.52540907995895,24.98371516790741,0],[121.52537013529852,24.983683254281136,0],[121.52533123099312,24.983651299801625,0],[121.52529236709424,24.983619304511286,0],[121.52525354365343,24.98358726845254,0],[121.52521476072219,24.98355519166788,0],[121.52517601835189,24.983523074199844,0],[121.5251373165939,24.98349091609104,0],[121.52509865549948,24.983458717384114,0],[121.52506003511992,24.98342647812176,0],[121.52502145550638,24.983394198346737,0],[121.52498291671003,24.98336187810188,0],[121.52494441878191,24.983329517430032,0],[121.5249059617731,24.983297116374107,0],[121.52486754573454,24.983264674977107,0],[121.52482917071714,24.983232193282024,0],[121.52479083677181,24.98319967133196,0],[121.52475591796973,24.983168270526804,0],[121.52472074358886,24.983137107602232,0],[121.52468531557996,24.983106184286402,0],[121.52464963590785,24.983075502294156,0],[121.52461370655134,24.983045063326962,0],[121.52457752950305,24.983014869072814,0],[121.52454110676935,24.98298492120612,0],[121.52450444037024,24.982955221387655,0],[121.52446753233919,24.982925771264387,0],[121.52443038472306,24.982896572469485,0],[121.52439299958206,24.982867626622163,0],[121.52435537898953,24.982838935327585,0],[121.52431752503182,24.982810500176846,0],[121.52427943980827,24.98278232274678,0],[121.52424112543105,24.98275440459995,0],[121.52420176056087,24.982726197054735,0],[121.52416251642978,24.9826978501001,0],[121.52412339363205,24.98266936416535,0],[121.5240843927601,24.98264073968189,0],[121.52404551440448,24.982611977083227,0],[121.5240067591539,24.982583076804953,0],[121.52396812759527,24.982554039284746,0],[121.5239296203135,24.982524864962375,0],[121.52389123789166,24.98249555427965,0],[121.52385298091102,24.98246610768048,0],[121.52381484995084,24.98243652561082,0],[121.52377684558851,24.982406808518668,0],[121.52373896839948,24.982376956854065,0],[121.52370121895736,24.982346971069102,0],[121.52366359783365,24.98231685161789,0],[121.52362610559811,24.98228659895659,0],[121.52358874281838,24.98225621354334,0],[121.52355151006026,24.982225695838327,0],[121.52351440788749,24.98219504630369,0],[121.52347743686188,24.98216426540363,0],[121.52346125082727,24.982152472892885,0],[121.52344523124384,24.98214049304817,0],[121.52342938072127,24.982128327821112,0],[121.52341370184173,24.98211597919352,0],[121.52339819715932,24.982103449177067,0],[121.52338286919986,24.982090739812993,0],[121.52336772046031,24.98207785317176,0],[121.52335275340849,24.982064791352677,0],[121.52333797048256,24.98205155648362,0],[121.52332337409072,24.982038150720644,0],[121.52330896661077,24.98202457624765,0],[121.52329475038971,24.98201083527601,0],[121.52328072774344,24.981996930044232,0],[121.5232669009563,24.98198286281757,0],[121.52325327228063,24.9819686358877,0],[121.52323984393665,24.981954251572244,0],[121.52322661811182,24.98193971221454,0],[121.5232144583526,24.981925095446254,0],[121.52320244906349,24.981910375693204,0],[121.52319059129432,24.981895554242175,0],[121.52317888608158,24.981880632388844,0],[121.52316733444849,24.981865611437673,0],[121.52315593740484,24.981850492701753,0],[121.52314469594685,24.981835277502743,0],[121.52313361105725,24.981819967170757,0],[121.52312268370491,24.98180456304419,0],[121.52311191484512,24.981789066469656,0],[121.52310130541915,24.981773478801845,0],[121.52309085635446,24.9817578014034,0],[121.52308056856437,24.981742035644828,0],[121.52307044294821,24.981726182904332,0],[121.52306048039107,24.981710244567743,0],[121.5230506817638,24.981694222028377,0],[121.52304104792293,24.981678116686894,0],[121.52303157971053,24.98166192995118,0],[121.52302227795428,24.98164566323626,0],[121.52301314346724,24.98162931796415,0],[121.52300417704788,24.98161289556372,0],[121.52299537947992,24.9815963974706,0],[121.52298675153243,24.98157982512701,0],[121.5229782939595,24.981563179981677,0],[121.52297000750045,24.98154646348969,0],[121.52296189287961,24.98152967711237,0],[121.52295395080625,24.98151282231716,0],[121.52294618197462,24.98149590057746,0],[121.52293858706375,24.981478913372552,0],[121.52292981880946,24.981461860034283,0],[121.52292128165928,24.981444709557433,0],[121.52291297690817,24.981427464543724,0],[121.52290490581589,24.981410127609234,0],[121.5228970696067,24.98139270138399,0],[121.52288946946926,24.981375188511517,0],[121.52288210655644,24.981357591648543,0],[121.52287498198505,24.981339913464502,0],[121.52286809683582,24.98132215664118,0],[121.52286145215311,24.98130432387227,0],[121.52285504894478,24.98128641786301,0],[121.52284888818217,24.981268441329732,0],[121.52284297079967,24.981250396999467,0],[121.5228372976949,24.98123228760953,0],[121.52283186972835,24.981214115907118,0],[121.52282668772332,24.981195884648844,0],[121.52282175246582,24.981177596600403,0],[121.52281706470438,24.98115925453606,0],[121.52281262515005,24.981140861238302,0],[121.52280843447622,24.98112241949737,0],[121.52280449331845,24.981103932110862,0],[121.52280080227452,24.9810854018833,0],[121.5227977599619,24.981067138937448,0],[121.52279483562609,24.981048859987993,0],[121.52279202936835,24.98103056566809,0],[121.52278934128576,24.981012256611404,0],[121.52278677147142,24.980993933452112,0],[121.52278432001432,24.980975596824887,0],[121.52278198699925,24.98095724736486,0],[121.52277977250704,24.98093888570761,0],[121.52277767661427,24.98092051248914,0],[121.52277569939352,24.98090212834585,0],[121.52277384091326,24.980883733914528,0],[121.52277210123773,24.98086532983231,0],[121.5227704804272,24.980846916736652,0],[121.52276897853773,24.980828495265353,0],[121.5227675956213,24.980810066056474,0],[121.52276633172573,24.980791629748346,0],[121.52276518689477,24.98077318697958,0],[121.52276416116803,24.98075473838896,0],[121.52276325458097,24.98073628461551,0],[121.52276246716494,24.980717826298413,0],[121.52276179894714,24.980699364077005,0],[121.5227612499507,24.980680898590798,0],[121.52276082019456,24.98066243047936,0],[121.52276120489795,24.980644023857007,0],[121.52276168482551,24.98062561909277,0],[121.52276225996648,24.980607216595903,0],[121.5227629303081,24.98058881677561,0],[121.5227636958354,24.98057042004106,0],[121.52276455653129,24.98055202680133,0],[121.52276551237658,24.98053363746542,0],[121.52276656335005,24.98051525244227,0],[121.5227677094282,24.980496872140673,0],[121.52276895058553,24.980478496969376,0],[121.52277028679441,24.98046012733696,0],[121.5227717180251,24.98044176365192,0],[121.52277324424568,24.98042340632262,0],[121.5227748654222,24.980405055757227,0],[121.52277658151861,24.98038671236381,0],[121.52277839249662,24.980368376550288,0],[121.52278029831601,24.980350048724375,0],[121.52278229893426,24.980331729293617,0],[121.52278439430694,24.980313418665382,0],[121.52278658438733,24.980295117246836,0],[121.52278886912674,24.98027682544494,0],[121.5227912484743,24.98025854366644,0],[121.52279372237709,24.980240272317868,0],[121.52279629078001,24.980222011805505,0],[121.52279895362594,24.98020376253542,0],[121.5228017108556,24.98018552491341,0],[121.52280456240769,24.980167299345,0],[121.52282155522546,24.980087486683626,0],[121.52283532800952,24.98002254083266,0],[121.52284905343545,24.979957586653793,0],[121.52286273149721,24.979892624175708,0],[121.5228763621889,24.979827653427087,0],[121.52288994550456,24.979762674436607,0],[121.52290348143822,24.979697687232992,0],[121.52291696998404,24.979632691844937,0],[121.52293041113609,24.979567688301128,0],[121.52294380488856,24.97950267663028,0],[121.52295715123554,24.9794376568611,0],[121.5229704501713,24.97937262902232,0],[121.52298370168994,24.97930759314263,0],[121.52299690578577,24.97924254925076,0],[121.52301136802834,24.979176367121063,0],[121.52302580379332,24.979110180189963,0],[121.52304021307877,24.97904398846622,0],[121.52305459588285,24.97897779195866,0],[121.52306895220372,24.978911590676063,0],[121.52308328203948,24.978845384627252,0],[121.52309758538824,24.978779173821003,0],[121.5231118622482,24.97871295826613,0],[121.5231261126175,24.978646737971438,0],[121.52314033649427,24.978580512945705,0],[121.5231545338766,24.978514283197764,0],[121.52316870476278,24.97844804873641,0],[121.52318284915086,24.978381809570433,0],[121.52319696703904,24.97831556570865,0],[121.52320948483718,24.978270554186228,0],[121.52322195647037,24.978225532019167,0],[121.52323438192771,24.97818049924681,0],[121.52324676119842,24.978135455908493,0],[121.52325909427178,24.978090402043573,0],[121.523271381137,24.978045337691405,0],[121.52328362178343,24.978000262891367,0],[121.5232958162004,24.977955177682826,0],[121.52330796437735,24.97791008210517,0],[121.52332006630373,24.977864976197797,0],[121.52333212196895,24.97781986000013,0],[121.52334413136255,24.97777473355156,0],[121.52335609447411,24.977729596891525,0],[121.52336801129324,24.97768445005945,0],[121.52337988180957,24.977639293094786,0],[121.52339170601276,24.977594126036955,0],[121.5233953848771,24.977576342387955,0],[121.52339920751594,24.97755858395023,0],[121.52340317372125,24.977540851689486,0],[121.52340728327734,24.977523146570004,0],[121.52341153596066,24.977505469554597,0],[121.5234159315399,24.977487821604527,0],[121.52342046977597,24.977470203679506,0],[121.523425150422,24.977452616737587,0],[121.52342997322339,24.97743506173514,0],[121.52343493791786,24.977417539626824,0],[121.52344004423531,24.977400051365493,0],[121.52344529189803,24.97738259790214,0],[121.52345068062058,24.977365180185867,0],[121.52345621010991,24.977347799163887,0],[121.5234618800652,24.977330455781356,0],[121.5234676901781,24.97731315098141,0],[121.52347364013258,24.977295885705075,0],[121.52347972960503,24.977278660891226,0],[121.52348595826425,24.97726147747656,0],[121.52349232577149,24.977244336395493,0],[121.52349883178037,24.977227238580163,0],[121.5235054759371,24.97721018496033,0],[121.52351225788028,24.977193176463377,0],[121.52352025075824,24.977176114891584,0],[121.52352841721711,24.97715912175198,0],[121.52353675655168,24.97714219851175,0],[121.5235452680419,24.977125346632064,0],[121.5235539509528,24.977108567567885,0],[121.52356280453462,24.97709186276793,0],[121.52357182802288,24.977075233674498,0],[121.52358102063843,24.97705868172334,0],[121.5235903815875,24.97704220834354,0],[121.52359991006183,24.97702581495742,0],[121.52360960523863,24.977009502980383,0],[121.52361946628075,24.97699327382077,0],[121.52362949233675,24.976977128879856,0],[121.52363968254095,24.97696106955154,0],[121.52365003601338,24.976945097222394,0],[121.52366055186012,24.97692921327149,0],[121.52367122917317,24.9769134190702,0],[121.52368206703058,24.976897715982215,0],[121.52369306449656,24.97688210536332,0],[121.52370422062152,24.976866588561343,0],[121.52371553444222,24.97685116691598,0],[121.52372700498174,24.976835841758746,0],[121.52373863124967,24.976820614412784,0],[121.52375041224214,24.976805486192823,0],[121.52376234694196,24.976790458405027,0],[121.5237744343186,24.976775532346867,0],[121.52378667332842,24.976760709307083,0],[121.52379906291463,24.976745990565444,0],[121.52381160200751,24.976731377392777,0],[121.52382428952437,24.976716871050783,0],[121.52383712436972,24.976702472791896,0],[121.52385010543534,24.976688183859277,0],[121.52386323160044,24.9766740054866,0],[121.52387650173166,24.97665993889802,0],[121.52388991468324,24.976645985308032,0],[121.52390346929704,24.97663214592137,0],[121.52393223646101,24.97660643574165,0],[121.52396096779403,24.976580692300658,0],[121.52398966324976,24.976554915639866,0],[121.52401832278206,24.97652910580084,0],[121.52404694634473,24.97650326282513,0],[121.52407553389168,24.976477386754404,0],[121.52410408537686,24.97645147763033,0],[121.52413260075431,24.9764255354947,0],[121.52416107997809,24.976399560389265,0],[121.52418952300235,24.976373552355913,0],[121.52421792978127,24.97634751143654,0],[121.52424630026908,24.976321437673096,0],[121.52427463442015,24.976295331107607,0],[121.52430293218879,24.976269191782144,0],[121.52433119352945,24.976243019738806,0],[121.52435941839661,24.976216815019786,0],[121.52438760674484,24.976190577667303,0],[121.5244157585287,24.976164307723614,0],[121.52444387370288,24.976138005231075,0],[121.52447195222209,24.97611167023204,0],[121.52449999404112,24.97608530276897,0],[121.52452799911482,24.976058902884326,0],[121.52455596739807,24.976032470620662,0],[121.52458389884582,24.97600600602057,0],[121.52462602688466,24.975966262978066,0],[121.52466814286508,24.975926509330776,0],[121.52471024678384,24.975886745081738,0],[121.52475233863778,24.97584697023398,0],[121.52479441842372,24.97580718479054,0],[121.52483648613838,24.975767388754463,0],[121.52487854177863,24.975727582128787,0],[121.52492058534123,24.97568776491655,0],[121.52496261682299,24.9756479371208,0],[121.52500463622071,24.97560809874457,0],[121.52504664353123,24.9755682497909,0],[121.5250886387513,24.97552839026285,0],[121.52513062187772,24.97548852016345,0],[121.52517259290737,24.975448639495745,0],[121.52521455183698,24.975408748262787,0],[121.52525649866338,24.975368846467614,0],[121.5252984333834,24.975328934113296,0],[121.52534035599383,24.97528901120285,0],[121.52538155961604,24.97524888982208,0],[121.52542272904408,24.975208739299003,0],[121.52546386425324,24.97516855965783,0],[121.52550496521872,24.975128350922805,0],[121.52554603191574,24.97508811311813,0],[121.52558706431965,24.97504784626807,0],[121.5256280624057,24.975007550396914,0],[121.52566902614925,24.974967225528932,0],[121.5257099555256,24.97492687168844,0],[121.52575085051014,24.974886488899777,0],[121.52579171107821,24.97484607718727,0],[121.52583253720526,24.974805636575287,0],[121.5258733288667,24.974765167088197,0],[121.52591408603797,24.974724668750408,0],[121.52595480869455,24.97468414158632,0],[121.52599549681192,24.97464358562037,0],[121.52603615036558,24.974603000877007,0],[121.52607676933107,24.974562387380693,0],[121.52611735368393,24.974521745155908,0],[121.52615790339974,24.974481074227146,0],[121.5261976410219,24.97444087383561,0],[121.52623744231389,24.9744007258228,0],[121.52627730719266,24.97436063027251,0],[121.52631723557487,24.974320587268448,0],[121.5263572273771,24.97428059689419,0],[121.5263972825159,24.97424065923321,0],[121.5264374009075,24.97420077436887,0],[121.52647758246815,24.97416094238442,0],[121.52651782711389,24.974121163363012,0],[121.52655813476066,24.974081437387678,0],[121.5265985053243,24.97404176454133,0],[121.52663893872042,24.974002144906784,0],[121.52667943486459,24.973962578566734,0],[121.52671999367226,24.973923065603785,0],[121.52676061505862,24.973883606100397,0],[121.5268012989389,24.973844200138927,0],[121.52684204522811,24.97380484780165,0],[121.52688285384109,24.97376554917069,0],[121.52692372469264,24.973726304328085,0],[121.52696465769739,24.973687113355744,0],[121.5270056527698,24.97364797633548,0],[121.52704857779486,24.973607807152323,0],[121.52709153150829,24.973567663470124,0],[121.52713451389185,24.973527545305927,0],[121.5271775249273,24.973487452676746,0],[121.52722056459633,24.973447385599606,0],[121.5272636328807,24.973407344091484,0],[121.52730672976205,24.973367328169388,0],[121.5273498552221,24.97332733785029,0],[121.5273930092425,24.97328737315115,0],[121.52743619180497,24.973247434088943,0],[121.52747940289107,24.97320752068059,0],[121.52752264248252,24.973167632943053,0],[121.52756591056088,24.97312777089323,0],[121.52760920710783,24.973087934548047,0],[121.52765253210494,24.97304812392441,0],[121.52769588553377,24.9730083390392,0],[121.52773926737594,24.972968579909296,0],[121.52777310666458,24.97293638067212,0],[121.5278068745078,24.97290411918245,0],[121.52784057076782,24.97287179557194,0],[121.52787419530713,24.972839409972575,0],[121.52790774798856,24.972806962516547,0],[121.52794122867516,24.972774453336335,0],[121.52797463723032,24.97274188256462,0],[121.52800797351772,24.972709250334393,0],[121.52804123740133,24.97267655677885,0],[121.52807442874543,24.97264380203146,0],[121.52810754741455,24.972610986225927,0],[121.52814476715791,24.972579993482533,0],[121.52818213027514,24.972549144419695,0],[121.5282196360986,24.972518439588548,0],[121.52825728395817,24.972487879537635,0],[121.52829507318113,24.972457464812898,0],[121.52833300309226,24.9724271959577,0],[121.52837107301387,24.972397073512813,0],[121.52840928226573,24.972367098016356,0],[121.52844763016509,24.97233727000385,0],[121.52848611602683,24.972307590008178,0],[121.52852473916323,24.972278058559564,0],[121.52856349888421,24.972248676185583,0],[121.52860239449724,24.972219443411163,0],[121.52864142530738,24.972190360758535,0],[121.5286805906172,24.97216142874726,0],[121.52871988972691,24.97213264789421,0],[121.52875932193437,24.972104018713548,0],[121.52879888653507,24.972075541716737,0],[121.52883858282202,24.972047217412516,0],[121.52887841008601,24.97201904630688,0],[121.52891836761542,24.97199102890312,0],[121.52895845469632,24.97196316570174,0],[121.52899867061251,24.971935457200537,0],[121.5290390146454,24.9719079038945,0],[121.5290794860742,24.971880506275877,0],[121.52912008417577,24.971853264834106,0],[121.5291721249641,24.971822771686632,0],[121.52922404461032,24.971792107453204,0],[121.5292758424376,24.971761272533662,0],[121.5293275177706,24.971730267330045,0],[121.52937906993563,24.971699092246663,0],[121.52943049826054,24.971667747690006,0],[121.52948180207493,24.971636234068765,0],[121.52953298070989,24.97160455179387,0],[121.5295840334982,24.971572701278415,0],[121.52963495977428,24.971540682937707,0],[121.52968575887421,24.971508497189244,0],[121.52973643013574,24.97147614445269,0],[121.52978697289824,24.971443625149895,0],[121.52983738650275,24.971410939704896,0],[121.53001132649133,24.971289878315574,0],[121.53006963162602,24.9712713854778,0],[121.53012817123536,24.971253518756193,0],[121.53018693722791,24.971236280620282,0],[121.53024592148101,24.97121967345269,0],[121.53030511584181,24.971203699548845,0],[121.53035213115665,24.97119049804357,0],[121.53039923985395,24.971177576122383,0],[121.5304464399329,24.971164934334087,0],[121.53049372938875,24.971152573215633,0],[121.530541106213,24.97114049329198,0],[121.53058856839343,24.97112869507622,0],[121.5306361139142,24.971117179069427,0],[121.53068374075595,24.971105945760694,0],[121.53073144689581,24.971094995627137,0],[121.53077923030757,24.97108432913382,0],[121.53082708896183,24.971073946733764,0],[121.53087502082583,24.971063848867935,0],[121.53092302386383,24.971054035965196,0],[121.53097109603705,24.971044508442308,0],[121.5310192353037,24.971035266703943,0],[121.53106743961924,24.97102631114259,0],[121.53111570693629,24.971017642138616,0],[121.53116403520484,24.971009260060203,0],[121.5312124223723,24.97100116526334,0],[121.53126594585217,24.97097678692356,0],[121.53131962932409,24.970952702685974,0],[121.53137347084319,24.970928913423077,0],[121.5314274684589,24.970905419996637,0],[121.531481620215,24.970882223257753,0],[121.53153592414971,24.970859324046735,0],[121.53159037829566,24.970836723193145,0],[121.53164498068016,24.970814421515716,0],[121.53169972932503,24.970792419822338,0],[121.53175462224688,24.970770718910074,0],[121.53180965745709,24.97074931956503,0],[121.53186483296184,24.97072822256243,0],[121.53192014676227,24.97070742866654,0],[121.53197559685454,24.970686938630628,0],[121.5320311812298,24.97066675319697,0],[121.53208689787438,24.970646873096783,0],[121.53214274476983,24.970627299050253,0],[121.53219871989299,24.97060803176648,0],[121.53225482121601,24.97058907194341,0],[121.53231104670652,24.970570420267904,0],[121.53236739432765,24.97055207741561,0],[121.53242386203809,24.970534044051014,0],[121.5324876328605,24.970506354495708,0],[121.53255141380419,24.970478684345863,0],[121.53261520486205,24.970451033604547,0],[121.53267900602702,24.970423402274843,0],[121.53274281729195,24.97039579035983,0],[121.53280663864976,24.97036819786257,0],[121.5328704700933,24.970340624786147,0],[121.5329343116155,24.970313071133614,0],[121.53299816320924,24.970285536908047,0],[121.53306202486743,24.970258022112507,0],[121.5331258965829,24.97023052675005,0],[121.53318977834859,24.97020305082373,0],[121.53325367015736,24.970175594336624,0],[121.5333175720021,24.97014815729178,0],[121.5333814838757,24.970120739692238,0],[121.53344540577102,24.970093341541055,0],[121.53350933768097,24.970065962841282,0],[121.53357327959841,24.970038603595967,0],[121.53363723151624,24.97001126380815,0],[121.53370137296542,24.969982427864444,0],[121.53376545905031,24.969953489846215,0],[121.53382948957542,24.96992444984176,0],[121.53389346434541,24.96989530793968,0],[121.53395738316509,24.969866064228917,0],[121.53402124583944,24.969836718798685,0],[121.53408505217368,24.969807271738546,0],[121.53414880197316,24.969777723138336,0],[121.5342124950434,24.969748073088233,0],[121.53427613119005,24.969718321678705,0],[121.53433971021903,24.96968846900053,0],[121.53440323193638,24.96965851514481,0],[121.5344666961483,24.969628460202934,0],[121.53453010266118,24.969598304266615,0],[121.53459345128162,24.96956804742786,0],[121.53464470434172,24.969539652613683,0],[121.53469563700789,24.969510782754107,0],[121.5347462439815,24.969481440852668,0],[121.53479651999774,24.96945162996203,0],[121.5348464598263,24.969421353183662,0],[121.5348960582718,24.969390613667482,0],[121.53494531017442,24.96935941461154,0],[121.5349942104104,24.969327759261702,0],[121.53504275389258,24.969295650911306,0],[121.53509093557095,24.969263092900814,0],[121.53513875043308,24.96923008861746,0],[121.53529958243712,24.96912192133253,0],[121.53546025170048,24.969013553447663,0],[121.53562075792225,24.968904985166137,0],[121.53578110080181,24.9687962166916,0],[121.53594128003884,24.968687248228065,0],[121.53610129533332,24.968578079979928,0],[121.53612272800808,24.968558433095406,0],[121.53614368041895,24.968538360361713,0],[121.53616414238597,24.96851787153169,0],[121.53618410396741,24.968496976560342,0],[121.53620355546468,24.968475685600023,0],[121.53622248742712,24.968454008995437,0],[121.53624089065644,24.968431957278693,0],[121.53625875621125,24.968409541164153,0],[121.53627607541152,24.968386771543194,0],[121.53629283984256,24.96836365947898,0],[121.5363090413593,24.968340216201018,0],[121.53632467209023,24.968316453099774,0],[121.53633972444109,24.968292381721092,0],[121.53635419109878,24.968268013760557,0],[121.53636806503465,24.968243361057887,0],[121.53638133950814,24.968218435591133,0],[121.53640571625225,24.968159118049012,0],[121.53642993902452,24.968099748121354,0],[121.53645400768971,24.968040326140237,0],[121.53647792211345,24.96798085243803,0],[121.53650168216214,24.967921327347383,0],[121.53652528770316,24.967861751201234,0],[121.53654873860465,24.967802124332817,0],[121.53657203473573,24.967742447075633,0],[121.5365951759663,24.967682719763488,0],[121.5366181621671,24.96762294273044,0],[121.53664099320987,24.96756311631083,0],[121.53666366896707,24.967503240839306,0],[121.53668618931214,24.967443316650748,0],[121.53670855411933,24.96738334408034,0],[121.53673076326378,24.967323323463493,0],[121.53675281662149,24.967263255135947,0],[121.53675939950475,24.96723668199358,0],[121.53676632408809,24.967210181114684,0],[121.53677358941732,24.967183756150302,0],[121.53678119449124,24.967157410740963,0],[121.5367891382619,24.967131148516277,0],[121.53679741963468,24.967104973094376,0],[121.53680603746845,24.967078888081428,0],[121.5368149905757,24.967052897071138,0],[121.53682427772279,24.967027003644276,0],[121.53683389763,24.967001211368135,0],[121.5368438489718,24.966975523796112,0],[121.53685413037702,24.96694994446715,0],[121.53686474042897,24.96692447690528,0],[121.53687567766573,24.96689912461913,0],[121.53687152334868,24.966841879010996,0],[121.53686781034571,24.966784608208908,0],[121.53686453883948,24.96672731503986,0],[121.53686170899088,24.96667000233203,0],[121.53685932093896,24.96661267291446,0],[121.536857374801,24.966555329617083,0],[121.53685587067244,24.966497975270475,0],[121.53685480862691,24.966440612705757,0],[121.53685418871625,24.96638324475448,0],[121.53685401097042,24.966325874248422,0],[121.53685427539759,24.966268504019503,0],[121.53684312200056,24.96600319371096,0],[121.53683221419664,24.965737874908584,0],[121.53682155199195,24.96547254780129,0],[121.53681113539255,24.96520721257799,0],[121.53680431561324,24.965010809501358,0],[121.53679669739982,24.96481443080857,0],[121.53678828086068,24.964618079196878,0],[121.53677906611527,24.96442175736322,0],[121.53676905329391,24.96422546800405,0],[121.53676275144815,24.963959477613557,0],[121.53675565221789,24.963693503906445,0],[121.53674775566131,24.963427548869163,0],[121.53674933930434,24.9633474115965,0],[121.53677274604755,24.962946201499353,0],[121.53679720472681,24.962547345257896,0],[121.53680509759752,24.962397986091798,0],[121.53682917655732,24.962106737870233,0],[121.53688520262047,24.961417360434986,0],[121.53691718539959,24.96142439628652,0],[121.53710311950957,24.961465490462302,0],[121.53713636670327,24.960578334390313,0],[121.53718474858363,24.959723803386066,0],[121.53719215610909,24.959621723236022,0],[121.53719424653507,24.959581097434732,0],[121.53721092762255,24.95916607215985,0],[121.53721766588521,24.95912135838947,0],[121.53722247864461,24.958975265157836,0],[121.537232943567,24.958990575308526,0],[121.53723147218129,24.95890255590809,0],[121.53723039849186,24.95881489619912,0],[121.5372253204512,24.9587173199397,0],[121.53722447050195,24.958681210303595,0],[121.53722201469549,24.958594548676402,0],[121.53722320414587,24.958571973947137,0],[121.53722229425057,24.958522051417752,0],[121.53721296161731,24.958470985604965,0],[121.53720396389944,24.958382993344,0],[121.53719744519853,24.958318555679433,0],[121.53719011770987,24.958227487811634,0],[121.5371811195473,24.958116563980088,0],[121.53717306439395,24.958017553937914,0],[121.53716311130137,24.95741270199483,0],[121.53715877922046,24.957144671045096,0],[121.53711981050675,24.957087663211347,0],[121.53710476100538,24.95706559843632,0],[121.53707192606434,24.95705280654978,0],[121.53703703611517,24.957022868509696,0],[121.53703504684023,24.956998048202486,0],[121.5370142722764,24.956998158365455,0],[121.53700441013729,24.956860075076325,0],[121.53700023398518,24.956574932786644,0],[121.5369973463593,24.956525649343916,0],[121.53699574538736,24.956499021989757,0],[121.53699510578207,24.956488551608803,0],[121.53699372401775,24.956466798680513,0],[121.53699129086664,24.95643096558427,0],[121.53698789870285,24.956379517196428,0],[121.5369841213897,24.956330598086613,0],[121.53698076526025,24.956287455492248,0],[121.53697646578618,24.956232308820734,0],[121.53697321143326,24.956189797831165,0],[121.53696985648719,24.956146926076748,0],[121.53696649958579,24.956103602920084,0],[121.53696262091299,24.956054142482373,0],[121.53695874263525,24.95600477232456,0],[121.53695496378172,24.955955492089675,0],[121.53695121033695,24.955907502792325,0],[121.53694206779986,24.95579059374488,0],[121.53693870974564,24.955746999744054,0],[121.53693514463035,24.95570133000803,0],[121.53693168676962,24.955657555802645,0],[121.5369272828343,24.955601145555935,0],[121.53692381793195,24.955555746302792,0],[121.53691710890293,24.95547018334372,0],[121.53691668968683,24.955464858228837,0],[121.53691523163215,24.955448341915716,0],[121.53691282985305,24.955419731243442,0],[121.53691086370448,24.955377396167567,0],[121.53690900598308,24.955337227463737,0],[121.5369073682463,24.955302113747443,0],[121.5369048497957,24.955246599518873,0],[121.53690288756911,24.9552051672457,0],[121.53690114258598,24.955168157997434,0],[121.53689850984416,24.95510912318941,0],[121.53689819005038,24.95510388799763,0],[121.53689164232378,24.955009837960922,0],[121.53688920923933,24.954974004855057,0],[121.536886252043,24.95493149278459,0],[121.53688339857537,24.95489006372158,0],[121.53687737342085,24.954802331524117,0],[121.53687431133318,24.95475846560332,0],[121.53687071495753,24.95470557342725,0],[121.53686722779237,24.954655028184035,0],[121.53685783642342,24.954476123488615,0],[121.53685103236835,24.954345781077524,0],[121.5368540207869,24.954304150392485,0],[121.5368571027508,24.954261255424665,0],[121.5368599995763,24.95422134042363,0],[121.5368704252456,24.954182030260355,0],[121.53688231479116,24.95413774932044,0],[121.53689741860381,24.95408108818592,0],[121.5369149754109,24.954042023161723,0],[121.5369332989584,24.954001227537873,0],[121.53694791311565,24.953968583275014,0],[121.53696390076556,24.953932954773823,0],[121.53712515260355,24.953574227110767,0],[121.5371617378342,24.953492751645985,0],[121.53718205281427,24.95344763790043,0],[121.53720068777484,24.953406041062735,0],[121.53721657699519,24.953370683570284,0],[121.5372221662834,24.953360271484293,0],[121.53724457405634,24.953318580272633,0],[121.5372676501438,24.953275604127455,0],[121.53729164716039,24.95323526093874,0],[121.53730600126853,24.953211284482766,0],[121.53731792122932,24.953196886678345,0],[121.5373493450712,24.95315858411885,0],[121.53741682305308,24.95307645508459,0],[121.53746367345622,24.953033131346352,0],[121.53748335580485,24.95296232679091,0],[121.53749668168281,24.952928881632374,0],[121.53751639676598,24.952892277122547,0],[121.5375334019207,24.952867008365164,0],[121.53756219636945,24.952833854206844,0],[121.53760184842871,24.952799504860625,0],[121.53774256817108,24.952708019234027,0],[121.53823172153488,24.95239170469062,0],[121.5382265482311,24.9523862162,0],[121.53818257497092,24.95233951880504,0],[121.5383224762285,24.95207763430275,0],[121.53843402160409,24.952001407549744,0],[121.5385039200026,24.95198884948264,0],[121.5385617662982,24.95197846560538,0],[121.53863995071733,24.951989280262012,0],[121.53867432437022,24.95199657072948,0],[121.5387081814736,24.95200751050728,0],[121.53874911756026,24.952032904731528,0],[121.53879024560426,24.95205803984509,0],[121.53883156363244,24.95208291464201,0],[121.53887306966251,24.95210752792884,0],[121.53891476170318,24.95213187852467,0],[121.53895663775421,24.952155965261202,0],[121.53899869580657,24.952179786982782,0],[121.53904093384243,24.95220334254648,0],[121.53908334983538,24.952226630822135,0],[121.53912594175043,24.95224965069242,0],[121.53916870754418,24.95227240105286,0],[121.53921164516484,24.952294880811927,0],[121.53925475255244,24.952317088891068,0],[121.53929802763876,24.952339024224774,0],[121.53934146834766,24.952360685760624,0],[121.53936867573418,24.952373832808753,0],[121.53939601901129,24.952386743410845,0],[121.53942349570686,24.952399416399622,0],[121.53945110333662,24.952411850629257,0],[121.53947883940445,24.952424044975533,0],[121.53950670140271,24.952435998335897,0],[121.53953468681227,24.9524477096296,0],[121.53956279310289,24.9524591777978,0],[121.53959101773339,24.95247040180358,0],[121.53961935815187,24.952481380632147,0],[121.53964781179603,24.952492113290873,0],[121.53967637609323,24.95250259880935,0],[121.53970504846086,24.952512836239556,0],[121.53973382630662,24.952522824655887,0],[121.53976270702853,24.952532563155238,0],[121.53979168801538,24.95254205085712,0],[121.53982076664693,24.952551286903685,0],[121.53984994029403,24.952560270459895,0],[121.539879206319,24.952569000713513,0],[121.53990856207575,24.95257747687517,0],[121.53993800491014,24.95258569817852,0],[121.53996753216015,24.95259366388024,0],[121.53999714115604,24.952601373260123,0],[121.54002682922075,24.952608825621116,0],[121.54005659367006,24.952616020289422,0],[121.54008643181287,24.952622956614565,0],[121.54011596821371,24.95262902400101,0],[121.54014557590936,24.95263479535427,0],[121.54017525133003,24.952640269978513,0],[121.5402049908979,24.95264544721368,0],[121.54023479102736,24.95265032643556,0],[121.54026464812551,24.952654907055905,0],[121.54029455859254,24.95265918852243,0],[121.54032451882222,24.95266317031894,0],[121.54035452520237,24.952666851965354,0],[121.5403845741152,24.952670233017813,0],[121.5404146619378,24.952673313068665,0],[121.54044478504257,24.952676091746557,0],[121.54047493979763,24.952678568716482,0],[121.54050512256734,24.952680743679807,0],[121.54053532971264,24.95268261637429,0],[121.54056555759153,24.952684186574164,0],[121.5405958025595,24.952685454090112,0],[121.54062606097004,24.952686418769325,0],[121.54065632917494,24.952687080495487,0],[121.54068660352486,24.95268743918882,0],[121.54071688036973,24.9526874948061,0],[121.54074715605911,24.952687247340602,0],[121.54077742694277,24.952686696822163,0],[121.54080768937101,24.95268584331719,0],[121.54083793969521,24.95268468692857,0],[121.54086817426816,24.95268322779573,0],[121.5408995359361,24.952678790812392,0],[121.54093085856022,24.952674130237202,0],[121.5409621402226,24.95266924635555,0],[121.54099337900783,24.952664139466474,0],[121.54102457300311,24.952658809882692,0],[121.54105572029839,24.95265325793053,0],[121.54108681898643,24.95264748394996,0],[121.54111786716308,24.95264148829453,0],[121.54114886292719,24.952635271331367,0],[121.54117980438083,24.952628833441146,0],[121.54121068962944,24.952622175018078,0],[121.54124151678187,24.95261529646987,0],[121.54127228395052,24.952608198217693,0],[121.54130298925146,24.952600880696203,0],[121.54133363080463,24.952593344353453,0],[121.54136420673379,24.95258558965093,0],[121.54139471516669,24.95257761706345,0],[121.54142515423533,24.95256942707919,0],[121.54145552207586,24.952561020199635,0],[121.54152050220375,24.95254508910894,0],[121.5415852987732,24.95252854830286,0],[121.54172567064771,24.952532891364193,0],[121.54182804903886,24.95257007831504,0],[121.54189113545397,24.952573650980266,0],[121.54191162227484,24.952570904528596,0],[121.54204926015032,24.95255247659122,0],[121.54217676990729,24.952564185117105,0],[121.54248001301369,24.95259371084092,0],[121.54257997517297,24.952544485936453,0],[121.5426114804233,24.952528975034753,0],[121.54268555181588,24.952359183133687,0],[121.54271589693224,24.952367540418845,0],[121.54274601445508,24.952376556065193,0],[121.54277588720201,24.952386224929224,0],[121.5428054981304,24.952396541494767,0],[121.54283483034686,24.952407499876117,0],[121.54286386711703,24.952419093821412,0],[121.54289259187516,24.95243131671621,0],[121.54292098823339,24.95244416158721,0],[121.54294903999123,24.952457621106312,0],[121.54297673114482,24.952471687594716,0],[121.54332642984501,24.95261201957725,0],[121.54337343730316,24.952627074675615,0],[121.54342066990345,24.952641532245856,0],[121.54346811850789,24.952655389490907,0],[121.54351577393673,24.952668643729833,0],[121.54356362697021,24.952681292398385,0],[121.54361166835031,24.95269333304943,0],[121.54365988878256,24.952704763353506,0],[121.54370827893783,24.952715581099216,0],[121.54375682945417,24.952725784193674,0],[121.54380716585327,24.952735687427218,0],[121.54385765330845,24.952744929490596,0],[121.54390828137144,24.95275350847119,0],[121.54395903956475,24.952761422593582,0],[121.54400991738403,24.952768670219978,0],[121.54406090430017,24.952775249850497,0],[121.54411452632792,24.95278203241649,0],[121.54416823243291,24.952788237508482,0],[121.54422201513287,24.952793864261977,0],[121.54427586693478,24.952798911893108,0],[121.544329780336,24.95280337969862,0],[121.5443837478253,24.95280726705607,0],[121.54443651790089,24.952810507673046,0],[121.54448932539661,24.952813194306607,0],[121.54454216331524,24.95281532660079,0],[121.54459502465566,24.95281690427307,0],[121.54464790241349,24.952817927114406,0],[121.5447007895823,24.952818394989293,0],[121.54475367915431,24.95281830783574,0],[121.54480656412152,24.952817665665307,0],[121.54486102062893,24.952814694614744,0],[121.5449154157726,24.9528109026858,0],[121.54497167072755,24.952806109590423,0],[121.54502782662092,24.952800432537018,0],[121.54508386674196,24.952793873214954,0],[121.54511850673948,24.952789376834307,0],[121.54517275058915,24.95278160828042,0],[121.54522684695533,24.95277302745078,0],[121.5452807812044,24.952763636666624,0],[121.54533453874662,24.95275343846826,0],[121.54538810504,24.952742435614446,0],[121.5454414655944,24.95273063108157,0],[121.54548668059805,24.952719873186872,0],[121.5455317514733,24.952708623846988,0],[121.54557677647442,24.952696704276345,0],[121.54562264920496,24.95268389682999,0],[121.54567358248535,24.952668895051424,0],[121.54569758416055,24.9526615394509,0],[121.54570200583275,24.95266043084071,0],[121.5457064274558,24.9526593132067,0],[121.54573187003616,24.952652701194594,0],[121.54575720870383,24.952645765452406,0],[121.5457811927195,24.952638897415437,0],[121.54581959777327,24.952627248180097,0],[121.54585773249171,24.95261488281299,0],[121.5458955808104,24.952601806523113,0],[121.54598965103106,24.952569141366453,0],[121.54602201794438,24.95255756945115,0],[121.54609397357142,24.952523772961563,0],[121.5462286780788,24.9524540186906,0],[121.54635115571338,24.9523893613675,0],[121.54646964480867,24.952317052536742,0],[121.5465143038333,24.952288378594808,0],[121.54655760425223,24.952258022044106,0],[121.5465994698449,24.952226036321225,0],[121.5466426976423,24.952191011758867,0],[121.54668465540585,24.952154726200742,0],[121.54672505251106,24.95211745410052,0],[121.54674256503714,24.952100525204386,0],[121.54677651596721,24.952066270663696,0],[121.54680938551229,24.952031150411706,0],[121.54684114712673,24.951995192812724,0],[121.54686967072024,24.951962469679508,0],[121.54689781739744,24.951929476395044,0],[121.54693558445032,24.951884082005943,0],[121.5469726449591,24.95183820616465,0],[121.54700899154125,24.951791858010704,0],[121.54702089555677,24.951776376101368,0],[121.54705053700077,24.95173713315402,0],[121.54707967656917,24.951697579030768,0],[121.54708446999557,24.951690970860987,0],[121.54709728249664,24.951674916856856,0],[121.54708449224836,24.951663989439226,0],[121.546759116492,24.95138600181453,0],[121.54674927540623,24.951397711361444,0],[121.54671502421975,24.951429678618368,0],[121.54639575028317,24.95172787694743,0],[121.54618767511467,24.951903521305105,0],[121.54614438709194,24.951928609092167,0],[121.54610055318366,24.951952896299584,0],[121.54605619120088,24.951976373058535,0],[121.5460113191693,24.95199902982951,0],[121.5459659553218,24.952020857406186,0],[121.54592011809125,24.95204184691917,0],[121.54587382610283,24.95206198983959,0],[121.54582709816655,24.952081277982604,0],[121.54577995326962,24.952099703510655,0],[121.54573241056866,24.952117258936717,0],[121.545684489382,24.952133937127314,0],[121.54563620918174,24.952149731305422,0],[121.54559083213502,24.95216472634405,0],[121.54554515138825,24.952178934310954,0],[121.5454991833649,24.95219235009794,0],[121.54545294459179,24.952204968881595,0],[121.54540645169307,24.9522167861251,0],[121.54535972138422,24.95222779757976,0],[121.54531277046623,24.952237999286634,0],[121.5450629764504,24.952266288426326,0],[121.54498338442049,24.952265487216366,0],[121.54468899448969,24.952267602156486,0],[121.54456590192156,24.95226142559005,0],[121.54451810205407,24.95225459477004,0],[121.54447046917228,24.952246854920457,0],[121.54442302407311,24.95223820942057,0],[121.54437578747154,24.95222866204508,0],[121.54432877999147,24.952218216962425,0],[121.54428202215679,24.95220687873302,0],[121.54423553438232,24.95219465230722,0],[121.544189336965,24.95218154302318,0],[121.54411411933314,24.952155372561933,0],[121.54378434573621,24.952040246756265,0],[121.54359687178886,24.951956781872116,0],[121.54351852607014,24.951908018077088,0],[121.54351151001872,24.95189376200061,0],[121.54350573450299,24.951879050608895,0],[121.54350123468473,24.951863973467134,0],[121.54349803795907,24.951848622367244,0],[121.54349616378762,24.951833090768993,0],[121.54349562358016,24.95181747323101,0],[121.54349642062503,24.951801864835115,0],[121.54349855006919,24.95178636060742,0],[121.5435019989478,24.951771054939837,0],[121.54351429120757,24.95175427047305,0],[121.54352748611115,24.95173806564396,0],[121.54354155083551,24.95172248076255,0],[121.54355645039394,24.95170755459666,0],[121.54357214772303,24.95169332427555,0],[121.543588603775,24.951679825197523,0],[121.5436045566315,24.951668107128157,0],[121.54362104028118,24.951657016468356,0],[121.54363802505794,24.951646573178234,0],[121.54365548039375,24.951636796052828,0],[121.5436733748737,24.951627702688256,0],[121.54371524370602,24.951603529692314,0],[121.5437570472532,24.951579262976733,0],[121.54379878526282,24.951554902688002,0],[121.54384045748293,24.951530448973255,0],[121.54388206366191,24.951505901980145,0],[121.54392360354858,24.951481261856888,0],[121.54396507689215,24.951456528752267,0],[121.5440064834422,24.951431702815654,0],[121.54404782294883,24.951406784196937,0],[121.54408909516236,24.951381773046574,0],[121.54413029983365,24.951356669515615,0],[121.54417143671398,24.951331473755623,0],[121.54421250555492,24.95130618591875,0],[121.54425350610859,24.9512808061577,0],[121.54429443812742,24.951255334625703,0],[121.54433530136431,24.951229771476587,0],[121.54437609557259,24.951204116864698,0],[121.54441332999737,24.95117902868549,0],[121.5444689134168,24.951141067940625,0],[121.54449880137588,24.95113379148831,0],[121.54498611807531,24.950765362649097,0],[121.54535964982286,24.950440169443706,0],[121.54538591671152,24.950405209504215,0],[121.54539320369173,24.95039846560712,0],[121.54540048382937,24.950391715570582,0],[121.54540775711823,24.950384959400388,0],[121.5454150235521,24.95037819710232,0],[121.54542228312475,24.95037142868212,0],[121.54542953583002,24.950364654145606,0],[121.54543678166168,24.95035787349858,0],[121.54544402061353,24.950351086746814,0],[121.54545125267941,24.950344293896112,0],[121.54545847785313,24.950337494952283,0],[121.54546569612852,24.950330689921163,0],[121.54547290749937,24.950323878808536,0],[121.54548011195956,24.950317061620222,0],[121.54548730950292,24.95031023836208,0],[121.54549450012331,24.950303409039922,0],[121.54550168381454,24.95029657365959,0],[121.54550886057054,24.950289732226928,0],[121.54551603038512,24.950282884747768,0],[121.54552319325218,24.950276031228,0],[121.5455303491656,24.95026917167345,0],[121.54554092813687,24.9502584395325,0],[121.54555139889023,24.950247619538988,0],[121.54555632304188,24.95023608943328,0],[121.54556314962826,24.95022882271402,0],[121.54556992775201,24.950221518384588,0],[121.54557665716388,24.950214176713622,0],[121.5455833376164,24.950206797971124,0],[121.54558996886387,24.950199382428476,0],[121.5455965506624,24.950191930358372,0],[121.54560308276996,24.950184442034917,0],[121.54560956494637,24.950176917733454,0],[121.54561599695317,24.950169357730747,0],[121.54562237855389,24.95016176230482,0],[121.54562870951379,24.95015413173502,0],[121.54563498960009,24.950146466301927,0],[121.5456412185818,24.950138766287512,0],[121.54564739622987,24.95013103197492,0],[121.54565352231708,24.95012326364862,0],[121.5456595966182,24.950115461594308,0],[121.54566561890981,24.95010762609889,0],[121.54567158897044,24.950099757450545,0],[121.54567750658053,24.950091855938673,0],[121.5456833715225,24.950083921853857,0],[121.54568918358059,24.95007595548788,0],[121.54569494254116,24.950067957133722,0],[121.54570236134842,24.95005041275506,0],[121.54570960458345,24.95003280750089,0],[121.54571667164558,24.950015142831564,0],[121.54572013892805,24.950006288673922,0],[121.5457235619486,24.94999742021236,0],[121.54572694063631,24.949988537630766,0],[121.5457302749211,24.949979641113362,0],[121.54573356473384,24.949970730844637,0],[121.54573681000628,24.949961807009363,0],[121.54574001067117,24.9499528697926,0],[121.54574316666215,24.949943919379685,0],[121.54574627791374,24.949934955956227,0],[121.54574934436145,24.949925979708116,0],[121.54575236594174,24.949916990821478,0],[121.5457553425919,24.949907989482732,0],[121.54575827425026,24.949898975878536,0],[121.545761160856,24.949889950195825,0],[121.54576400234927,24.949880912621765,0],[121.54576679867117,24.949871863343752,0],[121.54576954976372,24.949862802549486,0],[121.54577225556986,24.949853730426817,0],[121.54577491603352,24.949844647163918,0],[121.54577753109952,24.94983555294915,0],[121.54578010071364,24.949826447971077,0],[121.54578262482259,24.949817332418533,0],[121.54578510337406,24.949808206480547,0],[121.54578753631667,24.949799070346376,0],[121.54578992359994,24.94978992420546,0],[121.5457922651744,24.949780768247496,0],[121.54579456099148,24.949771602662338,0],[121.5457968110036,24.94976242764006,0],[121.54579901516409,24.949753243370928,0],[121.54580117342731,24.949744050045393,0],[121.54580328574843,24.94973484785412,0],[121.54580535208372,24.94972563698793,0],[121.54580737239031,24.949716417637827,0],[121.54580934662633,24.949707189995014,0],[121.54581127475085,24.94969795425082,0],[121.54581315672385,24.949688710596792,0],[121.54581499250637,24.949679459224622,0],[121.54581678206033,24.949670200326146,0],[121.54581897281392,24.949658513470652,0],[121.54582108991508,24.949646815336724,0],[121.54582313329401,24.94963510631018,0],[121.54582510288334,24.94962338677718,0],[121.54582699861815,24.94961165712424,0],[121.54582851152956,24.94960194359777,0],[121.5458299737935,24.949592223625654,0],[121.54583138537691,24.949582497427436,0],[121.54583274624798,24.949572765222733,0],[121.54583405637592,24.949563027231317,0],[121.54583531573121,24.949553283673115,0],[121.5458365242854,24.94954353476815,0],[121.54583768201122,24.94953378073658,0],[121.54583878888252,24.949524021798673,0],[121.54583984487434,24.949514258174837,0],[121.54584084996281,24.94950449008553,0],[121.54584187815081,24.94949382741258,0],[121.54591108957143,24.94865773901168,0],[121.54594670714297,24.94813934132974,0],[121.54594221546114,24.94776650445824,0],[121.54594336376915,24.94758539340395,0],[121.54594475199985,24.947404283741864,0],[121.5459463801502,24.947223175736216,0],[121.54594824821673,24.94704206965118,0],[121.54595035619568,24.946860965750947,0],[121.54595239014067,24.946762569323333,0],[121.54595404707122,24.946664167016976,0],[121.54595532696793,24.946565760032666,0],[121.5459562298161,24.946467349571204,0],[121.54595675560563,24.946368936833448,0],[121.54595690433099,24.94627052302029,0],[121.54595667599129,24.946172109332608,0],[121.54595607059015,24.94607369697131,0],[121.54595100127432,24.945951899599244,0],[121.5459453373072,24.94583012400732,0],[121.54593907880285,24.945708372608884,0],[121.54593222588699,24.94558664781677,0],[121.5459247786972,24.945464952043324,0],[121.54591673738283,24.945343287700258,0],[121.54590810210499,24.945221657198694,0],[121.54589887303658,24.94510006294907,0],[121.54589985059883,24.94495949100327,0],[121.54591511076192,24.944917477039464,0],[121.54600820051992,24.94466498279539,0],[121.54595281157127,24.944469537643926,0],[121.54593669959942,24.944411132641715,0],[121.54589698120334,24.944247881393256,0],[121.54588670610677,24.94403462320303,0],[121.54587853367569,24.94390829511933,0],[121.54587054073893,24.943803089329613,0],[121.54586381367471,24.94372392428251,0],[121.5458460952863,24.94364090485732,0],[121.54584408165537,24.943501232639367,0],[121.54586449878461,24.943448431226138,0],[121.54597069098575,24.943365709212138,0],[121.54599177331464,24.943223476420624,0],[121.5459656410985,24.943109122933667,0],[121.54593209875006,24.943122461043803,0],[121.54592544743144,24.943107213813235,0],[121.54584542622591,24.943138013207196,0],[121.5457664702818,24.94297115163845,0],[121.54573642590778,24.942841661777045,0],[121.5456790282531,24.942575758260553,0],[121.54566328032129,24.942508658712903,0],[121.54557696852883,24.942176028299727,0],[121.54555876643767,24.942111106570877,0],[121.54553992284099,24.942046337174293,0],[121.5455204392729,24.941981725379442,0],[121.54550031731952,24.941917276442986,0],[121.54547955861887,24.941852995608283,0],[121.54540847255733,24.94163059466036,0],[121.54552509127791,24.94160174573305,0],[121.54544808143478,24.941355974775178,0],[121.54538677475368,24.941148572993722,0],[121.54535531308312,24.941042135763663,0],[121.54519976712957,24.9410689197863,0],[121.54515375586884,24.941000112593972,0],[121.54510714863474,24.94093163967487,0],[121.5450599483493,24.94086350532037,0],[121.5450121579716,24.940795713800657,0],[121.54496378049774,24.940728269364364,0],[121.54491481896058,24.940661176238404,0],[121.54486527642959,24.940594438627663,0],[121.54481515601059,24.940528060714716,0],[121.54476446084564,24.94046204665961,0],[121.54471319411282,24.94039640059958,0],[121.54466135902595,24.94033112664879,0],[121.54460895883457,24.940266228898075,0],[121.54456927086194,24.940214891108756,0],[121.54452907903948,24.94016388024004,0],[121.54448838660679,24.94011320040287,0],[121.54444719684383,24.940062855681465,0],[121.54440551307069,24.940012850133083,0],[121.54436333864709,24.939963187787594,0],[121.54432067697248,24.93991387264725,0],[121.5442775314854,24.939864908686275,0],[121.5442339056635,24.93981629985063,0],[121.54418980302303,24.939768050057626,0],[121.54415000360463,24.939736368333847,0],[121.54410945609428,24.939705485297182,0],[121.54406817976795,24.939675415628823,0],[121.54402619424809,24.939646173623288,0],[121.54398841704972,24.939618003764302,0],[121.54395100474329,24.939589431941418,0],[121.54391396247323,24.939560462083573,0],[121.54387729533293,24.93953109817443,0],[121.54384100836432,24.939501344251816,0],[121.5438051065569,24.9394712044072,0],[121.5437695948473,24.939440682785126,0],[121.54373447811847,24.93940978358261,0],[121.5437033175084,24.93938601487985,0],[121.54367249099873,24.939361886723223,0],[121.54364200357675,24.939337403016463,0],[121.54361186017486,24.939312567720794,0],[121.54358206566974,24.93928738485433,0],[121.54355262488167,24.93926185849141,0],[121.54352354257365,24.939235992761947,0],[121.54349482345074,24.939209791850768,0],[121.54346647215915,24.939183259996916,0],[121.54343849328563,24.93915640149298,0],[121.54341089135666,24.93912922068439,0],[121.54338367083764,24.939101721968722,0],[121.54335683613242,24.93907390979498,0],[121.54333039158227,24.939045788662888,0],[121.54330434146537,24.939017363122137,0],[121.54327868999613,24.938988637771697,0],[121.54325344132437,24.938959617259002,0],[121.5432285995348,24.938930306279268,0],[121.54320416864628,24.93890070957467,0],[121.54318459790592,24.938877647708022,0],[121.54316543563019,24.938854302421735,0],[121.54314668675505,24.93883067972963,0],[121.54312835611006,24.93880678571693,0],[121.54311044841697,24.938782626538814,0],[121.54309296828859,24.93875820841871,0],[121.54307592022757,24.938733537646765,0],[121.5430593086253,24.938708620578225,0],[121.54304313776068,24.938683463631733,0],[121.54302741179907,24.938658073287776,0],[121.54301213479121,24.93863245608692,0],[121.54298089599948,24.93858474237488,0],[121.54294972133087,24.93853699381533,0],[121.54291861083205,24.9384892104799,0],[121.54288756454966,24.938441392440275,0],[121.54285658253016,24.93839353976818,0],[121.54282566481997,24.938345652535418,0],[121.5427948114654,24.93829773081381,0],[121.54276402251266,24.938249774675242,0],[121.54273329800783,24.93820178419166,0],[121.542702637997,24.93815375943505,0],[121.54225070454127,24.938027542596217,0],[121.5422128001962,24.938016947971374,0],[121.54217702052891,24.938079978999507,0],[121.54193446803342,24.938001380362252,0],[121.5416813847722,24.9378423783392,0],[121.54153037385595,24.937693676934675,0],[121.54144744007706,24.937614058892205,0],[121.54139578025675,24.937565066249817,0],[121.5413116836333,24.937516238868863,0],[121.54101929456942,24.937394178000535,0],[121.54095554117487,24.937375814273118,0],[121.5408919254388,24.93735705787992,0],[121.54082845027033,24.937337909678693,0],[121.5407651185722,24.93731837054508,0],[121.5404489374998,24.937189258740467,0],[121.5402347346886,24.93707709836575,0],[121.54012826442347,24.93702040213416,0],[121.54005068294836,24.93699132374759,0],[121.53996263394852,24.936919868598263,0],[121.53984094246525,24.936828610023586,0],[121.53982379944111,24.936818723042848,0],[121.53979094182466,24.93680636508151,0],[121.53972709952632,24.936777453269553,0],[121.53970956961746,24.936767396140674,0],[121.53969690927602,24.93676142920662,0],[121.53968142010004,24.936735691730057,0],[121.53967858823735,24.936726592531326,0],[121.53967875593938,24.93671735607597,0],[121.53968545658519,24.93668718665381,0],[121.53968572945065,24.936683908429284,0],[121.5396535798472,24.93661585290953,0],[121.53962239186615,24.936566247540302,0],[121.53956009261802,24.93649145778326,0],[121.5395168105228,24.936440830846333,0],[121.53938579390808,24.93637306152395,0],[121.53931933007176,24.93635066854826,0],[121.53891112401345,24.93624260487748,0],[121.5385957827284,24.936206840050847,0],[121.53828467722012,24.936176685345572,0],[121.53762648875532,24.936231907491297,0],[121.53705178900755,24.93629723442108,0],[121.53679371276957,24.936343508211547,0],[121.53653872400315,24.936389485394614,0],[121.53644767683625,24.936408501815947,0],[121.53636882676663,24.936526801476298,0],[121.53604650760059,24.936590412683266,0],[121.53602637815689,24.936595100032413,0],[121.53598036683256,24.936611584357426,0],[121.53593463760656,24.936628708884548,0],[121.5358892011925,24.936646469601822,0],[121.53584406823546,24.936664862348255,0],[121.53579924930938,24.93668388281479,0],[121.53575475491468,24.936703526545262,0],[121.53571059547575,24.93672378893753,0],[121.5356667813385,24.936744665244465,0],[121.535623322768,24.936766150575142,0],[121.53558022994599,24.93678823989595,0],[121.53553751296855,24.936810928031736,0],[121.53549518184379,24.936834209667083,0],[121.53545324648931,24.936858079347523,0],[121.53541171673011,24.936882531480787,0],[121.53537060229615,24.936907560338184,0],[121.5353299128201,24.93693316005588,0],[121.53526323350133,24.93695876608507,0],[121.53485093368927,24.93710988367965,0],[121.53469895251429,24.937249370905537,0],[121.53466842268624,24.937343715199614,0],[121.53461973060246,24.93739271012024,0],[121.53445164269635,24.937473752641473,0],[121.53440197766047,24.937662210170792,0],[121.53457379433176,24.937885078498255,0],[121.53459252492914,24.937931591260288,0],[121.53468248377925,24.938105882694398,0],[121.53475234778686,24.9383092685796,0],[121.53482386875132,24.93851776472767,0],[121.53483012736149,24.93854463520259,0],[121.53483661808195,24.93857145986009,0],[121.53484334050961,24.938598237033343,0],[121.53485029422684,24.938624965058494,0],[121.53485747880177,24.938651642274706,0],[121.53486489378804,24.93867826702434,0],[121.5348725387251,24.93870483765297,0],[121.53488041313803,24.93873135250955,0],[121.53488851653766,24.938757809946516,0],[121.53489684842066,24.938784208319852,0],[121.53490540826941,24.938810545989224,0],[121.53491419555219,24.93883682131804,0],[121.53492320972308,24.93886303267362,0],[121.53493245022213,24.938889178427242,0],[121.53494191647528,24.93891525695424,0],[121.53495160789446,24.93894126663415,0],[121.53496152387758,24.938967205850787,0],[121.53497166380866,24.93899307299231,0],[121.53498202705775,24.9390188664514,0],[121.53499261298099,24.939044584625293,0],[121.53500342092077,24.939070225915884,0],[121.53501445020567,24.939095788729897,0],[121.53502570015038,24.93912127147886,0],[121.53503717005606,24.939146672579334,0],[121.5350488592101,24.939171990452934,0],[121.53506076688626,24.939197223526435,0],[121.5350728923448,24.939222370231903,0],[121.53508523483237,24.93924742900674,0],[121.53509779358211,24.939272398293845,0],[121.53511056781382,24.939297276541637,0],[121.53555878526787,24.940211715785733,0],[121.53556627632733,24.940259709908005,0],[121.53557323162633,24.940307771015785,0],[121.53557965044483,24.940355894137227,0],[121.53558553211812,24.940404074294072,0],[121.5355908760371,24.940452306502166,0],[121.5355956816484,24.94050058577194,0],[121.53559994845423,24.940548907108983,0],[121.53560367601251,24.94059726551448,0],[121.53560686393708,24.940645655985836,0],[121.53560951189746,24.940694073517083,0],[121.5356395165418,24.940875415676977,0],[121.53566891497202,24.941056840360826,0],[121.53569770691236,24.941238345883825,0],[121.53572589209283,24.941419930560386,0],[121.53575347024905,24.94160159270422,0],[121.53576837711464,24.941685860345498,0],[121.5357819078045,24.941770320802288,0],[121.53579405932292,24.94185495539238,0],[121.53580482897921,24.941939745395015,0],[121.53582021871027,24.94201348266378,0],[121.53583498931835,24.942087325116503,0],[121.5358491399379,24.942161268431736,0],[121.53586266973973,24.94223530828218,0],[121.53587557793088,24.942309440334814,0],[121.53588786375488,24.94238366025126,0],[121.53589952649158,24.942457963687968,0],[121.53591056545734,24.942532346296478,0],[121.535920980005,24.942606803723734,0],[121.53593076952392,24.94268133161226,0],[121.53593185195288,24.942709571059584,0],[121.53593251003652,24.942737821375612,0],[121.53593274365106,24.942766077259847,0],[121.53593255275236,24.94279433341072,0],[121.53593193737593,24.942822584526613,0],[121.53593089763702,24.94285082530684,0],[121.53592943373036,24.942879050452696,0],[121.53592754593035,24.94290725466835,0],[121.53592523459089,24.94293543266192,0],[121.53592250014536,24.94296357914643,0],[121.53591934310656,24.942991688840838,0],[121.53591576406649,24.943019756470974,0],[121.53591176369646,24.94304777677056,0],[121.53590734274673,24.943075744482208,0],[121.53590250204648,24.94310365435838,0],[121.53589724250376,24.943131501162405,0],[121.53589156510506,24.943159279669423,0],[121.53588547091536,24.943186984667385,0],[121.53587896107781,24.94321461095805,0],[121.5358720368136,24.943242153357925,0],[121.53586469942161,24.943269606699246,0],[121.5358526675734,24.943319236749783,0],[121.53583953683614,24.943368634686667,0],[121.53582531258434,24.943417780286005,0],[121.53581000064025,24.943466653427162,0],[121.5357936072714,24.943515234101017,0],[121.53577613918816,24.9435635024182,0],[121.53575760354084,24.94361143861718,0],[121.5357380079169,24.943659023072353,0],[121.5357173603378,24.94370623630214,0],[121.53569566925567,24.943753058976906,0],[121.53568022443893,24.94378877813623,0],[121.53566413451767,24.943824259787057,0],[121.53564740388292,24.94385949424505,0],[121.53563003710057,24.943894471893362,0],[121.53561203891014,24.94392918318521,0],[121.53559341422354,24.943963618646528,0],[121.53557416812365,24.9439977688785,0],[121.53555430586293,24.944031624560164,0],[121.53553383286216,24.944065176450955,0],[121.53551275470872,24.944098415393203,0],[121.5352393266232,24.94442742915541,0],[121.53479035781001,24.94474355315443,0],[121.53431446204358,24.945079383932033,0],[121.53428668109841,24.945100241305045,0],[121.53425858290203,24.94512074237413,0],[121.53423017295131,24.945140883128513,0],[121.53420145680413,24.945160659627955,0],[121.53417244007822,24.94518006800345,0],[121.53414312845018,24.945199104458016,0],[121.53411352765428,24.945217765267444,0],[121.53408364348138,24.945236046780977,0],[121.53405348177779,24.94525394542208,0],[121.53402304844415,24.94527145768913,0],[121.53399234943419,24.945288580156095,0],[121.53396139075362,24.94530530947317,0],[121.53393017845906,24.945321642367485,0],[121.53389871865666,24.945337575643734,0],[121.53386701750098,24.945353106184765,0],[121.53383508119391,24.94536823095222,0],[121.53380291598326,24.94538294698714,0],[121.53377052816165,24.945397251410515,0],[121.53373792406532,24.945411141423868,0],[121.5337051100727,24.945424614309783,0],[121.53366743512359,24.945438495597614,0],[121.53362963218447,24.945452084568526,0],[121.53359170398387,24.945465380241707,0],[121.53355365325926,24.945478381657516,0],[121.53351548275698,24.94549108787753,0],[121.53347719523207,24.945503497984674,0],[121.53343879344791,24.9455156110832,0],[121.53340028017627,24.945527426298813,0],[121.53336165819684,24.94553894277873,0],[121.53332293029726,24.945550159691727,0],[121.53328409927272,24.945561076228177,0],[121.53324516792594,24.94557169160018,0],[121.53320613906685,24.94558200504151,0],[121.5331670155124,24.94559201580779,0],[121.53312780008642,24.94560172317646,0],[121.53308849561934,24.945611126446867,0],[121.53304910494805,24.9456202249403,0],[121.5330096309156,24.945629018000044,0],[121.53297007637113,24.94563750499146,0],[121.53293044416955,24.945645685301947,0],[121.53289073717143,24.94565355834109,0],[121.53285095824268,24.945661123540617,0],[121.5328111102544,24.94566838035449,0],[121.53277119608273,24.945675328258925,0],[121.53273121860856,24.945681966752442,0],[121.53269118071736,24.94568829535589,0],[121.53219340098916,24.945713188780683,0],[121.5321290670663,24.945712976156106,0],[121.53206473446146,24.945712544623063,0],[121.53200040407087,24.94571189418757,0],[121.53193607679067,24.94571102485867,0],[121.53187175351701,24.94570993664847,0],[121.53180743514595,24.945708629572135,0],[121.53174312257349,24.94570710364785,0],[121.53167881669555,24.945705358896888,0],[121.53161451840796,24.94570339534353,0],[121.53155022860643,24.945701213015134,0],[121.5314859481866,24.945698811942087,0],[121.53142167804387,24.945696192157847,0],[121.53135741907364,24.94569335369889,0],[121.53129317217108,24.94569029660476,0],[121.52987026014517,24.945631153875503,0],[121.52929164226467,24.945590866961055,0],[121.52916866317157,24.945554195122202,0],[121.52913795452633,24.945519660456196,0],[121.52861490463381,24.945370789396865,0],[121.52781159760775,24.945142146930852,0],[121.52777972348102,24.945135133598807,0],[121.52774795439736,24.945127734682952,0],[121.52771629596786,24.945119951490085,0],[121.52768475378406,24.945111785394893,0],[121.52765333341694,24.945103237839668,0],[121.527622040416,24.94509431033408,0],[121.52759088030824,24.94508500445493,0],[121.52755985859716,24.945075321845806,0],[121.52752898076184,24.945065264216872,0],[121.5274982522559,24.945054833344525,0],[121.52746767850664,24.945044031071042,0],[121.52743726491398,24.945032859304344,0],[121.52740701684957,24.945021320017602,0],[121.5273769396558,24.945009415248883,0],[121.5273470386449,24.94499714710081,0],[121.52731731909795,24.9449845177402,0],[121.52728778626401,24.94497152939765,0],[121.52725844535912,24.944958184367174,0],[121.52722930156547,24.944944485005767,0],[121.52720036003036,24.944930433733045,0],[121.52717084415016,24.94491485554917,0],[121.52714153476482,24.944898956583327,0],[121.52711243606812,24.94488273911041,0],[121.5270835522237,24.944866205450996,0],[121.52705488736436,24.94484935797083,0],[121.52702644559163,24.944832199080583,0],[121.52699823097512,24.944814731235493,0],[121.52697024755192,24.94479695693499,0],[121.52694249932598,24.944778878722357,0],[121.5269149902677,24.94476049918437,0],[121.52688772431317,24.944741820950917,0],[121.52686070536367,24.944722846694603,0],[121.52683393728523,24.944703579130433,0],[121.52680742390791,24.944684021015345,0],[121.52678116902528,24.94466417514786,0],[121.526755176394,24.944644044367664,0],[121.5267294497332,24.944623631555228,0],[121.52670399272388,24.944602939631363,0],[121.52667880900847,24.94458197155681,0],[121.52665390219033,24.944560730331848,0],[121.5266333135723,24.944538724162985,0],[121.5266130929163,24.94451643618579,0],[121.5265932448617,24.944493871514204,0],[121.5265737739625,24.944471035325673,0],[121.52655468468598,24.944447932859937,0],[121.52653598141198,24.94442456941782,0],[121.52651766843172,24.944400950360027,0],[121.52649974994688,24.944377081105927,0],[121.52648223006858,24.94435296713225,0],[121.52646511281652,24.944328613971933,0],[121.52644840211796,24.944304027212745,0],[121.52643210180692,24.94427921249606,0],[121.52641621562321,24.944254175515574,0],[121.52640074721164,24.94422892201596,0],[121.52638570012115,24.944203457791563,0],[121.52637107780397,24.94417778868508,0],[121.52635688361492,24.944151920586233,0],[121.52634312081057,24.944125859430358,0],[121.52632979254841,24.94409961119713,0],[121.52631690188636,24.944073181909108,0],[121.52630445178183,24.944046577630413,0],[121.52629244509119,24.9440198044653,0],[121.52628088456905,24.943992868556773,0],[121.52626977286762,24.943965776085182,0],[121.52625911253612,24.943938533266778,0],[121.52624890602031,24.943911146352324,0],[121.52623915566166,24.943883621625638,0],[121.52622986369708,24.94385596540213,0],[121.52622103225822,24.94382818402742,0],[121.52621266337114,24.943800283875785,0],[121.52620475895574,24.943772271348813,0],[121.5261973208253,24.943744152873826,0],[121.52618578884913,24.94370335396363,0],[121.52617546467874,24.943662287003747,0],[121.52616635578384,24.943620981711472,0],[121.52615846875467,24.943579467976534,0],[121.5261518092973,24.94353777583947,0],[121.52614638222941,24.94349593546989,0],[121.526142191477,24.94345397714462,0],[121.52613924007134,24.94341193122583,0],[121.52613753014683,24.943369828139037,0],[121.52613706293961,24.9433276983511,0],[121.52613783878645,24.94328557234817,0],[121.5261398571247,24.943243480613617,0],[121.52614311649253,24.943201453605987,0],[121.52614761453016,24.94315952173698,0],[121.52615334798146,24.943117715349395,0],[121.52616031269633,24.943076064695187,0],[121.5261685036337,24.94303459991363,0],[121.52617791486523,24.942993351009456,0],[121.52618562878556,24.942963509661915,0],[121.52619375646036,24.942933759749742,0],[121.52620229658643,24.94290410604168,0],[121.52621124779462,24.94287455329103,0],[121.52622060864977,24.94284510623495,0],[121.52623037765105,24.94281576959363,0],[121.52624055323234,24.94278654806954,0],[121.52625113376223,24.942757446346725,0],[121.52626211754445,24.942728469090003,0],[121.52627350281809,24.942699620944246,0],[121.52628528775784,24.942670906533618,0],[121.52629747047446,24.942642330460863,0],[121.52631004901475,24.942613897306526,0],[121.5263230213623,24.942585611628246,0],[121.52633638543736,24.942557477960023,0],[121.52635013909759,24.9425295008115,0],[121.52636428013801,24.942501684667192,0],[121.52637880629173,24.942474033985835,0],[121.52639371523004,24.94244655319963,0],[121.52640900456286,24.94241924671354,0],[121.52642467183924,24.94239211890459,0],[121.52643497036631,24.94237272508916,0],[121.52676712028045,24.941747331544256,0],[121.5270882460121,24.941135826195467,0],[121.52731208853594,24.940722557864877,0],[121.52747356993146,24.94048399893412,0],[121.52759317555028,24.940331217939665,0],[121.5277703149687,24.940178430217447,0],[121.52812500688314,24.939939247974152,0],[121.52839999345895,24.93974241399731,0],[121.52854182456835,24.939630033817863,0],[121.5287221974307,24.939481610380987,0],[121.52897457396848,24.939222143249516,0],[121.52909939316808,24.939037237828344,0],[121.52904635072332,24.938867193605702,0],[121.5288268431933,24.938553022073577,0],[121.52921904295987,24.938051034877837,0],[121.52939429619538,24.93780352374563,0],[121.52972678825596,24.937205108195126,0],[121.52977992579778,24.9371794691956,0],[121.52988031328115,24.937095045174505,0],[121.53014544003011,24.936863226754326,0],[121.53027024158943,24.936774251450068,0],[121.5303790637523,24.936684026785166,0],[121.53048988906009,24.93654689357142,0],[121.53057111933741,24.936392692180902,0],[121.53062989137268,24.93621730838123,0],[121.5306611916699,24.936128320162318,0],[121.53073637130488,24.93591405815517,0],[121.53077580773024,24.935802295069823,0],[121.5308015274377,24.93569945328388,0],[121.5309798441376,24.935411878041588,0],[121.53115541401282,24.935115008369866,0],[121.53131913870119,24.93481390811181,0],[121.53146982683847,24.934549709753497,0],[121.53167496840504,24.93454627317135,0],[121.53188271503755,24.93454880690809,0],[121.53206708742375,24.934422541062172,0],[121.5321083366473,24.934268475926036,0],[121.53210713836246,24.93396215634188,0],[121.53214282331024,24.933836911973778,0],[121.53220307307282,24.933697947405914,0],[121.53228115752071,24.93351122161893,0],[121.53237961211137,24.933223873630784,0],[121.53238313978574,24.933048844364738,0],[121.53203877438168,24.932431780096948,0],[121.5318480650489,24.932033879138583,0],[121.53158866329927,24.931587663248067,0],[121.5315301065286,24.931495948098387,0],[121.53148266969029,24.93131512884862,0],[121.53143641227497,24.931155257164342,0],[121.5313908778006,24.930981887840588,0],[121.53135600155767,24.930852143314873,0],[121.53132574300349,24.93071522271832,0],[121.53131103249879,24.93064290382481,0],[121.53126707347215,24.930421901182115,0],[121.53125146656018,24.930354702394204,0],[121.53120085968412,24.92991950568886,0],[121.53119754105632,24.92976769494038,0],[121.53118403015262,24.9295815609866,0],[121.53117917000114,24.92950887349635,0],[121.53117975752683,24.929397879159808,0],[121.53118503433508,24.929285122275665,0],[121.53119343098028,24.92913541678256,0],[121.53120991422772,24.928951743061575,0],[121.5312211644266,24.928731935180497,0],[121.53124816215025,24.928468744910866,0],[121.53126964273667,24.92838045080238,0],[121.53131483266995,24.928227961476143,0],[121.53137615734921,24.928091966738382,0],[121.5314197955839,24.928012529881848,0],[121.53149603234687,24.927894216455382,0],[121.53172638634757,24.92761816322502,0],[121.53206991975664,24.927588329126788,0],[121.53219503252487,24.92745892901529,0],[121.53235639874833,24.92727617003273,0],[121.53257433169185,24.927002823138075,0],[121.53279040688585,24.92679984684918,0],[121.53283489296844,24.92675805975988,0],[121.53285087921095,24.926743041775886,0],[121.53298102240039,24.926661954821288,0],[121.53305925199906,24.92662736171469,0],[121.53308658542039,24.926584196584734,0],[121.53307479682293,24.926578286444816,0],[121.53302611137809,24.9265538143371,0],[121.53327233316472,24.926396313137936,0],[121.53351856197912,24.926230270832775,0],[121.53365563822305,24.92611372311014,0],[121.53381297901181,24.925965823707614,0],[121.53399892731052,24.925718757041675,0],[121.53401297322696,24.92569411297535,0],[121.5340411243409,24.92567215902321,0],[121.53414335731986,24.92557204645933,0],[121.53412815986505,24.925522548642473,0],[121.53411624347507,24.92551292126835,0],[121.53412439337323,24.925498621926554,0],[121.53420459165788,24.92530095497461,0],[121.53421075230928,24.925277292121017,0],[121.53422559219082,24.925281080471866,0],[121.53425489824772,24.92529650888143,0],[121.53427157905857,24.925305291218518,0],[121.5342853932256,24.925280681672135,0],[121.5343342443005,24.925120659754526,0],[121.5343531141052,24.92510617025724,0],[121.53438499179975,24.924987541806235,0],[121.53439677231198,24.924969889419174,0],[121.53460312828432,24.925069489407733,0],[121.53463259552542,24.925038830155557,0],[121.53463973761637,24.925038492579226,0],[121.53473435299009,24.924851836647584,0],[121.53465668906001,24.924794127496842,0],[121.53459792878964,24.92479000873892,0],[121.53456188279284,24.924813188657,0],[121.53453471131053,24.92478467836902,0],[121.53444682844986,24.92477330819415,0],[121.53442256996463,24.924782728642448,0],[121.53436472119154,24.924678557706997,0],[121.53438046303587,24.92468720844911,0],[121.53440239067643,24.924699256189516,0],[121.53456811313976,24.924692756168852,0],[121.53459702744966,24.92464919627861,0],[121.53453652005139,24.924603393185333,0],[121.53441094922434,24.924490963105075,0],[121.53439534206667,24.924501679116652,0],[121.53438104486747,24.924479396647936,0],[121.53439048636233,24.924454395321657,0],[121.53435614130211,24.924329545598965,0],[121.53434355996713,24.924329753277124,0],[121.53434044517971,24.9241818732216,0],[121.53434140579488,24.92409350596232,0],[121.53434207204755,24.924032320614884,0],[121.53435153507924,24.92402831244235,0],[121.53435497641053,24.92395966462008,0],[121.53445641634653,24.923674227840607,0],[121.53446576017788,24.923626181087872,0],[121.53447375222586,24.923627505442223,0],[121.53456466316001,24.923382079695486,0],[121.53468132858917,24.92324060469809,0],[121.53472978263729,24.923181763223806,0],[121.5346804067457,24.923035880101644,0],[121.5346318672799,24.922942025963376,0],[121.53459155089783,24.92286385536608,0],[121.534574186743,24.922830291129774,0],[121.53455016226759,24.92268193014284,0],[121.53455950578929,24.922613451397766,0],[121.53458272425517,24.922443122378397,0],[121.53459434457866,24.92197868981963,0],[121.53457956660756,24.921957128300573,0],[121.53466436213853,24.921305175927905,0],[121.53466989921323,24.921271245853617,0],[121.53468412883882,24.92120176346014,0],[121.53475993709371,24.921075993124543,0],[121.5349793076714,24.920959003941487,0],[121.53508363415108,24.92079093034843,0],[121.53503910531275,24.92057354607207,0],[121.53507829351418,24.92046183466413,0],[121.53508855262487,24.920432582517535,0],[121.53511331504647,24.920348151989224,0],[121.53514369421143,24.920156680734806,0],[121.53522185719692,24.920076599722425,0],[121.53526135264157,24.920036137902667,0],[121.53527022476565,24.920020442085733,0],[121.53523488627073,24.91999871160903,0],[121.53528712402778,24.919917152709004,0],[121.53532095786291,24.919913699831138,0],[121.53534247118274,24.919849540261424,0],[121.53533578048591,24.919749062093192,0],[121.53529908228167,24.919451325639454,0],[121.53534084235051,24.91934383012988,0],[121.5353608552111,24.919232548608544,0],[121.5352398557234,24.91917977965562,0],[121.53509672140875,24.919021441482847,0],[121.53503346271198,24.918891269429267,0],[121.53502825551966,24.918872498951032,0],[121.53504182042697,24.91886834572257,0],[121.53506246194475,24.918871198443156,0],[121.53515973511617,24.918870604282656,0],[121.53522659000338,24.918729042943706,0],[121.53515542210731,24.918520183864082,0],[121.53511085547692,24.918408012560448,0],[121.53510544838217,24.918350802864385,0],[121.5350892918975,24.918311895017702,0],[121.53508283945577,24.91829638962266,0],[121.53501470218775,24.91820342670005,0],[121.53495400288135,24.918195595739796,0],[121.53493660964159,24.9181876784523,0],[121.53487256544486,24.918124308946258,0],[121.53485639686541,24.918025351983726,0],[121.53476050217952,24.917519449674444,0],[121.53475197080104,24.91746281335738,0],[121.53472918981616,24.91705897213045,0],[121.53472423396227,24.916963546094625,0],[121.53476928196206,24.916918914455987,0],[121.53483902230728,24.916986768640466,0],[121.5348331642051,24.91700899670377,0],[121.5348410831832,24.917090207382063,0],[121.53487902080177,24.91716025566419,0],[121.53496802300386,24.917219545936028,0],[121.53512972622295,24.91721974985244,0],[121.53524394507518,24.91712165842396,0],[121.53524675825152,24.917129944058424,0],[121.53537633875976,24.917115755432246,0],[121.53542596050367,24.917097118714544,0],[121.53542908876899,24.917094219594386,0],[121.53550261814765,24.91722259126139,0],[121.53553759036843,24.917205528716952,0],[121.53545897550788,24.91706638294987,0],[121.53551983347604,24.917010347296408,0],[121.53546193495544,24.91690299437665,0],[121.5354260930717,24.91685685129058,0],[121.53550152416449,24.916820207105754,0],[121.53546092227232,24.91674761738111,0],[121.53547254631353,24.91674967489383,0],[121.53566327274088,24.91679971047222,0],[121.53579373581744,24.916786396200038,0],[121.53584043030241,24.916768890694854,0],[121.53594221372671,24.916960791430792,0],[121.5361350672453,24.916830832048014,0],[121.53627720457557,24.916866072739627,0],[121.53645058895141,24.916858461266933,0],[121.5364538475438,24.916858810673624,0],[121.53650313079653,24.91685454358821,0],[121.53681508381983,24.916846749085554,0],[121.536742937106,24.916666976921846,0],[121.53677461152081,24.916661166101896,0],[121.5371701814238,24.916811686760223,0],[121.53725203722523,24.916842114930397,0],[121.53731556855777,24.916820612364724,0],[121.53740794804081,24.91687212281985,0],[121.53767804149123,24.917022498279316,0],[121.53797445442241,24.91719643820748,0],[121.53801322925433,24.917138744963594,0],[121.53811040092734,24.91720930361001,0],[121.53843727247818,24.917463396758787,0],[121.538932004229,24.917893782463633,0],[121.53911008175088,24.91804249540697,0],[121.53954153182757,24.918451645752366,0],[121.539580308921,24.918485014771644,0],[121.53976447526858,24.918775998882083,0],[121.539854586601,24.91888881340217,0],[121.54010000242296,24.91911305510514,0],[121.5403715289132,24.91924587725979,0],[121.54052520986893,24.919381385698973,0],[121.54063876385122,24.919394437932905,0],[121.54065198260952,24.919405777114243,0],[121.54103337449875,24.919744956283505,0],[121.54129824396685,24.9199717439002,0],[121.54156797475814,24.920450373468384,0],[121.54179356832536,24.920747266256168,0],[121.54179887472914,24.92087613047932,0],[121.54186600844908,24.92096507274431,0],[121.54199055171365,24.921133608697858,0],[121.54221840080878,24.921398196781837,0],[121.54248395688849,24.9214663873364,0],[121.5428228944488,24.921376099256666,0],[121.54284094846248,24.921372342123075,0],[121.54288333117215,24.92137409059804,0],[121.54291092640098,24.921374487194946,0],[121.54293852428977,24.921374299583803,0],[121.5429661099676,24.921373527865704,0],[121.54299366857008,24.9213721724565,0],[121.5430211852474,24.92137023408654,0],[121.5430486451724,24.921367713800315,0],[121.54307603354846,24.92136461295588,0],[121.54310333561753,24.921360933224097,0],[121.54313053666803,24.92135667658778,0],[121.54315762204293,24.921351845340592,0],[121.54318457714739,24.92134644208583,0],[121.54321138745685,24.921340469735014,0],[121.54323803852482,24.921333931506293,0],[121.54326451599053,24.921326830922776,0],[121.54343334926176,24.921304079538196,0],[121.54370297708526,24.921315290748325,0],[121.54410303237368,24.92117493892765,0],[121.54424016310601,24.921093622098972,0],[121.54435551360098,24.921043515086865,0],[121.54445948593715,24.9208725452238,0],[121.54457766051084,24.920581991154485,0],[121.54464194540012,24.920512065654222,0],[121.54468419926665,24.920506931684272,0],[121.54477609373843,24.920522483515956,0],[121.54495100475219,24.92063681820182,0],[121.54510976828631,24.920973600338137,0],[121.54521067084067,24.920948387175315,0],[121.54527009479806,24.920933219156208,0],[121.5454232223758,24.920886019350704,0],[121.54561037682204,24.920822540659447,0],[121.5456794559439,24.92069294060257,0],[121.5457719134683,24.92061903607336,0],[121.54597299658154,24.920462749740018,0],[121.5462901918371,24.92021143000568,0],[121.54640191314388,24.920111079034818,0],[121.54648649512093,24.92001275568372,0],[121.54657034169136,24.91984312297265,0],[121.54664134689182,24.919504277603032,0],[121.54670354021471,24.9191629688883,0],[121.5467724346785,24.918798732050895,0],[121.54682541633889,24.918535524826336,0],[121.54685731504327,24.91831967454718,0],[121.5466864464366,24.917834477152432,0],[121.54693173722792,24.917276062852316,0],[121.54708026161173,24.91687815060718,0],[121.54721372849644,24.916428314189318,0],[121.54729430103042,24.916092186554874,0],[121.5474521103869,24.91551548305366,0],[121.54740404056334,24.915483245746444,0],[121.54747178234518,24.915331206648958,0],[121.54756720431621,24.915088529983855,0],[121.54758214743357,24.915050620510236,0],[121.54778627249786,24.91448927740035,0],[121.54792132616382,24.91413507007843,0],[121.54809708568885,24.91369313195976,0],[121.54832816565502,24.913071130303102,0],[121.54842151795606,24.91283598377928,0],[121.54851047056371,24.912884062890868,0],[121.54866986894825,24.912551278524976,0],[121.54882842761018,24.912222526400758,0],[121.54894233709888,24.911962516329773,0],[121.54908682375272,24.911697833729015,0],[121.54917932958928,24.911526904604138,0],[121.54939907054872,24.91118189259546,0],[121.54948441102897,24.91105859644572,0],[121.54967792890241,24.910804434937884,0],[121.55006688991307,24.910323162597024,0],[121.55032693133421,24.91003246468607,0],[121.5504762346449,24.909876907094432,0],[121.55041929271319,24.909836265719637,0],[121.5504134495042,24.909827123152095,0],[121.55047976970941,24.90979240865127,0],[121.55051704056734,24.909741044964314,0],[121.55057210063507,24.909665167180712,0],[121.55068202209719,24.90953560365472,0],[121.55071394653825,24.909501008039022,0],[121.55079415531978,24.90942804159032,0],[121.55082466221747,24.909425399093156,0],[121.55098598944095,24.909298916747012,0],[121.55105139786585,24.90925960999899,0],[121.55105841514542,24.909255578710958,0],[121.55105773631688,24.909253573786323,0],[121.5510395063087,24.90920110591543,0],[121.5512736312406,24.90903094358213,0],[121.55129848783851,24.909044186395118,0],[121.55130821218452,24.90904936876473,0],[121.55133321763793,24.909062692275597,0],[121.55145945768038,24.908934449182706,0],[121.55150724659612,24.908960075148563,0],[121.55157442837063,24.908901116207634,0],[121.55161398194505,24.90886459523293,0],[121.55172373022259,24.90876327186646,0],[121.55173406209937,24.90875369984776,0],[121.55179508028719,24.908686710434157,0],[121.55179585081649,24.908677444628594,0],[121.5518901216062,24.908581757838355,0],[121.5519667431033,24.9085286231114,0],[121.55219639336019,24.908325622209706,0],[121.55220767202003,24.908315270226577,0],[121.55226091829599,24.908265950541598,0],[121.55238330719952,24.90813802789522,0],[121.55243255594777,24.908091359194245,0],[121.5525416502275,24.907987970193247,0],[121.55257115106579,24.90795044796065,0],[121.55258326840043,24.907935046066815,0],[121.55261413742025,24.907895776310507,0],[121.5526408160563,24.907860277813263,0],[121.5527030065303,24.90780332307188,0],[121.55279093627635,24.907728911648757,0],[121.55287279088675,24.907659632665403,0],[121.55296337511544,24.907646356903463,0],[121.55310848544991,24.907602677822094,0],[121.55323485132392,24.907483479068926,0],[121.55331931932196,24.907412556765255,0],[121.55352439343241,24.90726127029077,0],[121.55385691012475,24.907139505123023,0],[121.55441786087577,24.906938987734833,0],[121.55462976398599,24.906856781914957,0],[121.55500774124117,24.9067313446643,0],[121.55543841663666,24.90655673561579,0],[121.55594801175513,24.906290261864,0],[121.55642097554048,24.90605248959492,0],[121.55700753119069,24.90588447808041,0],[121.55712635390188,24.905826076821153,0],[121.55721542502447,24.905771103710705,0],[121.55727258470674,24.905711618843707,0],[121.55756021135754,24.90579220425045,0],[121.55758969911129,24.9057056370777,0],[121.55763846608748,24.905718443695445,0],[121.55767750409682,24.9057278282615,0],[121.55767835166198,24.905727910658594,0]]}},{"type":"Feature","properties":{"cadgeom_type":"CADLWPolyline","thickness":0,"color":"#00FF00FF"},"geometry":{"type":"LineString","coordinates":[[121.52998774689813,24.98818368603786,0],[121.5302314534816,24.988343139778166,0],[121.5302314534816,24.988343139778166,0],[121.53031411773038,24.988430955540636,0],[121.5303903687733,24.988523466076387,0],[121.53084150078865,24.98880836810356,0],[121.53095518886923,24.988774144855057,0],[121.53100090521676,24.988828277913928,0],[121.53105190859321,24.98887905471296,0],[121.53113957608835,24.988990640924328,0],[121.53135504153981,24.988933434873747,0],[121.5313784368924,24.98894944409616,0],[121.53140710749597,24.98897350626467,0],[121.53162417152856,24.989155910341186,0],[121.53162417152856,24.989155910341186,0],[121.53181309397404,24.98928323070858,0],[121.53193164056944,24.98936313237659,0],[121.53199281315352,24.989404353289462,0],[121.53195619785463,24.98942417963552,0],[121.53191067818659,24.9894499778418,0],[121.53206425100481,24.98963392078356,0],[121.53218155359266,24.989711982959516,0],[121.53219150076369,24.989718602564277,0],[121.53232210922111,24.98980551924433,0],[121.53240142749588,24.98984566550319,0],[121.53240710293642,24.989861817259282,0],[121.5325259911929,24.989982254022472,0],[121.53310897178973,24.99087235916677,0],[121.5331439025225,24.990852083669477,0],[121.53319592292515,24.990805691266853,0],[121.53317862272309,24.990770327234003,0],[121.53322504017565,24.990747867679588,0],[121.5332009233303,24.99072262536961,0],[121.53330931103731,24.990678134203296,0],[121.53332930593308,24.990669978799108,0],[121.5333492595892,24.990693692588252,0],[121.53336126734723,24.990705681842144,0],[121.53337929812874,24.990706918597926,0],[121.53340376831173,24.990708506768105,0],[121.5334875815543,24.990714158376047,0],[121.533516865026,24.990747969525437,0],[121.5335160851375,24.990809451946447,0],[121.53348193366557,24.990822413607876,0],[121.5335153843081,24.990859919986672,0],[121.53356318143392,24.99094263541072,0],[121.5336233231386,24.99100456760106,0],[121.5336506309723,24.99104136096953,0],[121.5336521817947,24.991077109835643,0],[121.53371319478694,24.99112784584995,0],[121.53369331202659,24.991143223602556,0],[121.53366752055825,24.991177749804823,0],[121.53365210490834,24.9911983570977,0],[121.53369538886604,24.99125038380386,0],[121.53370202431661,24.991304090876557,0],[121.53372677494339,24.99135090925935,0],[121.53375714843789,24.991384808990556,0],[121.533802257738,24.991460035076873,0],[121.53383213861564,24.991495380028585,0],[121.5338508462828,24.991541936672924,0],[121.53395284225543,24.99179529109579,0],[121.53397781862958,24.991857185985175,0],[121.53406329455726,24.991959525489953,0],[121.53410312998612,24.99202148816861,0],[121.5341880541092,24.992092681552624,0],[121.53423227179916,24.992113198674616,0],[121.53415075639674,24.992173178172283,0],[121.5342926089134,24.992173144097723,0],[121.53447538431391,24.99255963028773,0],[121.53452802728347,24.992615479485792,0],[121.53464153137061,24.99273587746085,0],[121.5346615416249,24.992844545198427,0],[121.53476837516823,24.993087419070818,0],[121.53490812013212,24.993288713740935,0],[121.53510793394209,24.993456603414792,0],[121.53512377791984,24.993507678264617,0],[121.53519226582581,24.99358223639683,0],[121.53518349410986,24.99374548539647,0],[121.53526448115602,24.993914279366166,0],[121.5353747457099,24.99407232194143,0],[121.53539558303407,24.994093999795968,0],[121.5353955830341,24.994093999795968,0],[121.5354307899597,24.994083977174338,0],[121.53546523097341,24.99407194554472,0],[121.53549876820834,24.99405795306964,0],[121.53553126741551,24.9940420557609,0],[121.53556259850137,24.99402431725528,0],[121.53559263604845,24.994004808559865,0],[121.53562125981752,24.99398360776767,0],[121.53564835522879,24.993960799745178,0],[121.53567381382071,24.993936475792527,0],[121.53569753368406,24.99391073327801,0],[121.53569753368406,24.99391073327801,0],[121.53572893767375,24.993876155071924,0],[121.53575861882494,24.993840335192566,0],[121.53575861882494,24.993840335192566,0],[121.53581876695078,24.993758249788733,0],[121.53587284277927,24.993672727192855,0],[121.5359206107673,24.993584139944076,0],[121.5359618628503,24.993492873930432,0],[121.5359964193484,24.99339932670784,0],[121.53602412974877,24.9933039057683,0],[121.53604487336118,24.993207026764743,0],[121.53605855984335,24.993109111700456,0],[121.53606512959415,24.99301058709079,0],[121.53606455401307,24.992911882105247,0],[121.53606455401307,24.992911882105247,0],[121.53605685429187,24.992789792315797,0],[121.53604363712894,24.992668095733865,0],[121.53603245948108,24.99262226222262,0],[121.53603245948108,24.99262226222262,0],[121.5359955110002,24.992504896695934,0],[121.53595129779593,24.992389636470094,0],[121.53589996303599,24.99227685471973,0],[121.53584950513562,24.992179117517786,0],[121.53573995617826,24.99196539509508,0],[121.53572355293646,24.991933478736968,0],[121.53566151883807,24.99181272334296,0],[121.53566151883807,24.99181272334296,0],[121.53548074580118,24.991460822138745,0],[121.53544241548276,24.991382588942116,0],[121.53539945268398,24.991284573227816,0],[121.53539379075785,24.991270642483006,0],[121.53533313330223,24.99110067277094,0],[121.5352884826221,24.99093547260743,0],[121.53527195452685,24.9908568450917,0],[121.53526005213236,24.99078885464784,0],[121.53525373382685,24.99074641421389,0],[121.53525373382685,24.99074641421389,0],[121.53524811673705,24.990702826147363,0],[121.53523314068677,24.9904762440675,0],[121.53524770746048,24.990192189455833,0],[121.53525341050364,24.990147419559197,0],[121.53525744050111,24.990119453465116,0],[121.53531381773685,24.989856235296802,0],[121.53541017243641,24.989581264943933,0],[121.53542641710379,24.98954302436637,0],[121.53544264383453,24.989505813015654,0],[121.53545627882981,24.989475963493547,0],[121.53546071905164,24.989466495309305,0],[121.53549163099032,24.989402455245056,0],[121.53551513631984,24.989357097993746,0],[121.53554078368701,24.98931310775585,0],[121.53556772786091,24.989268171631384,0],[121.53558163064697,24.98924515367492,0],[121.53562107256182,24.98918401495191,0],[121.53564229443737,24.989152401523476,0],[121.5356669105337,24.989117733206957,0],[121.53572168927106,24.9890456393898,0],[121.53575096565618,24.98900905990248,0],[121.53578345675896,24.988969211684136,0],[121.5358046528838,24.98894616206225,0],[121.53583675937159,24.988910085554657,0],[121.53586423676505,24.98888152910863,0],[121.53591810613324,24.98882652867849,0],[121.53593894703327,24.9888068591,0],[121.53603032632432,24.988721631880367,0],[121.53606123905315,24.98869749908284,0],[121.53611857439776,24.98865092714251,0],[121.53614629485942,24.98863032770294,0],[121.53616563927017,24.988615391348297,0],[121.5363595643449,24.988471413412984,0],[121.53659537915796,24.988310976205405,0],[121.53669329030836,24.98824872232959,0],[121.53675988942709,24.988207777424755,0],[121.53687759779395,24.988138044977017,0],[121.53700306022213,24.98806729844692,0],[121.53738971852674,24.98787105829482,0],[121.53778439947453,24.987701807818116,0],[121.53779226869818,24.987698735207154,0],[121.53787506992995,24.98766704578234,0],[121.5379904608528,24.987624932930952,0],[121.53815239340842,24.987569756963634,0],[121.53829982065503,24.987523396511197,0],[121.5383542611203,24.98750719754112,0],[121.53839787155343,24.987494572300406,0],[121.53841234575596,24.98749043319577,0],[121.538441640884,24.987482172504226,0],[121.53847326299565,24.98747347487298,0],[121.53852602353513,24.98745946322522,0],[121.5385824386868,24.987445175081763,0],[121.53863011238701,24.987433653962697,0],[121.5386718560976,24.987423983704772,0],[121.53880489828367,24.98739477133349,0],[121.53889004256766,24.987378798469376,0],[121.53903447613293,24.987355069828137,0],[121.53914516481217,24.987339804184707,0],[121.53922036916336,24.987330869650997,0],[121.53929255324267,24.987323282813612,0],[121.53936338466504,24.987317011485707,0],[121.53943002161941,24.987312472744296,0],[121.53943901871389,24.987312276677997,0],[121.53950010902987,24.987308588948398,0],[121.53956540037635,24.987305490542223,0],[121.53956876800433,24.987305358934595,0],[121.53961222057258,24.987303802011617,0],[121.5396278208802,24.987303335474277,0],[121.53964900772733,24.987302779029303,0],[121.53967224510973,24.987302273573274,0],[121.53969718640292,24.98730185575456,0],[121.53972594147426,24.987301522303124,0],[121.53975313179943,24.987301362804505,0],[121.53977323003623,24.987301340685583,0],[121.53979522040501,24.987301414940102,0],[121.54002296131696,24.987313818454847,0],[121.5400368502517,24.987314573320585,0],[121.54042468453126,24.987337814217405,0],[121.54042468453126,24.987337814217405,0],[121.54074885895632,24.98735723500667,0],[121.54080372183464,24.987360517083115,0],[121.54090335275954,24.987366482987966,0],[121.54091994635812,24.987367477316933,0],[121.54094922044948,24.98736923733483,0],[121.54101358379718,24.98737309135951,0],[121.54110416999855,24.987378520509544,0],[121.54111128325353,24.987394940524595,0],[121.54132411694647,24.987412003653912,0],[121.54210269834444,24.987469525573104,0],[121.54218674877357,24.987475885156538,0],[121.5422282389956,24.98747901611448,0],[121.5422555821349,24.98748108585377,0],[121.54274457857198,24.987518056393032,0],[121.54288865519395,24.98752895274193,0],[121.54305655802145,24.987541644199908,0],[121.54308251421106,24.98754360763003,0],[121.54318548696745,24.98755139042053,0],[121.54326980496765,24.987557767026818,0],[121.5433114620414,24.98756005780828,0],[121.54335880156982,24.987560597215705,0],[121.54335880156982,24.987560597215705,0],[121.54336198115504,24.987560556099982,0],[121.54336504186774,24.987560506142152,0],[121.54337569412012,24.987560023686495,0],[121.54340298888266,24.987559255570645,0],[121.54343591783919,24.98755678145719,0],[121.54347795824421,24.98755200531186,0],[121.54351308411933,24.98754702886552,0],[121.5435397818162,24.987542277258026,0],[121.5435695637905,24.98753614901344,0],[121.54360949540325,24.987526498157628,0],[121.54365313186054,24.987513520077844,0],[121.54366992333703,24.987507924928767,0],[121.54369112686985,24.98750049751622,0],[121.543709340107,24.98749368872339,0],[121.54373733679218,24.98748247326367,0],[121.54377274693137,24.98746710190036,0],[121.54378064891357,24.98746325362488,0],[121.5437923227012,24.987457326869276,0],[121.54380753043084,24.987449837927674,0],[121.54382134500727,24.98744213120537,0],[121.54383306418623,24.98743599937612,0],[121.54384067526249,24.98743180290887,0],[121.54384908134205,24.987427130069072,0],[121.54385970837735,24.987420860648022,0],[121.5438661463448,24.987416779607848,0],[121.54386929498955,24.987414698789426,0],[121.5438707073787,24.98741357192044,0],[121.54388058129058,24.98740736308567,0],[121.54390896442352,24.987388521857696,0],[121.54393040129497,24.98737346015856,0],[121.5439444743291,24.987362735189382,0],[121.5439547510382,24.987354501402745,0],[121.54396101135161,24.98735040159553,0],[121.54396801493036,24.98734443757248,0],[121.54398504715941,24.98732958607772,0],[121.54400167179263,24.987314943748803,0],[121.54401160585438,24.987306550908233,0],[121.5440284747516,24.987290325870042,0],[121.54403574027448,24.987282745963906,0],[121.54404521216425,24.987273364961244,0],[121.54405752472827,24.987260659706173,0],[121.54406537518399,24.987252102724295,0],[121.54406996626089,24.987246563101444,0],[121.54408723312359,24.987226629360872,0],[121.54408723312359,24.987226629360872,0],[121.5440972721257,24.987214641932805,0],[121.5441039670829,24.987206727838768,0],[121.54411463169977,24.987192854209017,0],[121.54412235857554,24.98718153971311,0],[121.54412988344022,24.987171024429344,0],[121.54414022524789,24.987156042020516,0],[121.54414654968603,24.98714700095138,0],[121.54415776315334,24.987129301405435,0],[121.54416093758326,24.98712379142787,0],[121.54416472621777,24.987117430658635,0],[121.54416820526386,24.98711146541159,0],[121.54417208914937,24.9871049302967,0],[121.54417644061957,24.98709764305507,0],[121.54418059697771,24.987089902542742,0],[121.54418601857277,24.987079586154852,0],[121.54418747931044,24.987076812228512,0],[121.54419345981451,24.98706512045172,0],[121.54420643405572,24.987038051844248,0],[121.54421219432525,24.987025150653498,0],[121.54423592042771,24.986963947961733,0],[121.54425809924362,24.986886063826752,0],[121.54426120257662,24.9868719751257,0],[121.54426199756819,24.986868109853273,0],[121.54426280231057,24.986864163312774,0],[121.54426464641777,24.986854635779327,0],[121.54427472071063,24.986781952880538,0],[121.54427781794654,24.986702166880686,0],[121.54427618420104,24.986660847958525,0],[121.54427187877317,24.98661578660572,0],[121.54425182219559,24.986512645439312,0],[121.5442097051219,24.98639327954916,0],[121.54414055692632,24.986237798882573,0],[121.54413199178394,24.986218555519446,0],[121.5440749702671,24.986090329488142,0],[121.54405298184531,24.986039030551336,0],[121.54402726195678,24.98597359050309,0],[121.54396882095092,24.985791505154598,0],[121.54396882095092,24.985791505154598,0],[121.54394149261165,24.98567708127733,0],[121.54392761425905,24.985603569479647,0],[121.54391544344651,24.985521631790768,0],[121.54391354200705,24.985506187749124,0],[121.54391049924799,24.985479144426723,0],[121.54390857108022,24.985460062112804,0],[121.54390683113542,24.985440979499757,0],[121.54390404841119,24.98540482643834,0],[121.5439017029126,24.985364176702106,0],[121.54390101961553,24.985348622402658,0],[121.54390046510892,24.985333067897905,0],[121.54390046510892,24.985333067897905,0],[121.54389954625609,24.985250832584576,0],[121.543901872148,24.985171598502493,0],[121.54390268532451,24.98515644810579,0],[121.5439060304746,24.98510798913272,0],[121.54391216128809,24.985045080841203,0],[121.54391616993094,24.98501219425693,0],[121.54392924052104,24.984926397866715,0],[121.54394621319918,24.98484029738404,0],[121.54395130458389,24.98479337946438,0],[121.54395554511873,24.984731349874664,0],[121.54395747233725,24.984702998667363,0],[121.54401235245331,24.984549073617373,0],[121.54403971943889,24.984459742731676,0],[121.5440895965695,24.984331555571664,0],[121.5441572781148,24.984190249570766,0],[121.54416290865741,24.984182893689187,0],[121.54417088056995,24.984172140958975,0],[121.54417514432932,24.98416637341826,0],[121.54419126340802,24.984145298052816,0],[121.54419702754804,24.98413794505318,0],[121.54420508873085,24.984127086337644,0],[121.54421206451342,24.984118436417006,0],[121.54421648800482,24.984112636877196,0],[121.54422129011897,24.984106979476415,0],[121.54422655946979,24.98410015138792,0],[121.54423108516038,24.984094682459055,0],[121.54423399999015,24.984090411164743,0],[121.5442388685224,24.98408465908436,0],[121.54424392532127,24.98407869611033,0],[121.54424930581756,24.98407145818201,0],[121.54425969519576,24.984059373305865,0],[121.54426869415484,24.984048035175512,0],[121.5442979085414,24.98401337985254,0],[121.54431561684846,24.983992815839777,0],[121.54433081779948,24.983975388084737,0],[121.54434794918515,24.983956236146735,0],[121.54435725018189,24.983945840960555,0],[121.54436121760305,24.983941740440653,0],[121.5443727916179,24.98392886654816,0],[121.54438452358681,24.983915810541426,0],[121.54439590081998,24.98390360833314,0],[121.54440584684993,24.983893042246166,0],[121.54441811662706,24.98388017661835,0],[121.54442716928907,24.98387116692326,0],[121.5444404069433,24.983857207734196,0],[121.5444548338948,24.983842365928844,0],[121.54447534264332,24.983821754835017,0],[121.54448907866322,24.98380809962164,0],[121.5445064036069,24.983791542005534,0],[121.54453968177093,24.983759490969035,0],[121.5445524594981,24.98374729097624,0],[121.54459064775762,24.98371231671427,0],[121.54460504278842,24.983699489208703,0],[121.54461575774226,24.983690061208254,0],[121.54464772310212,24.98366197267132,0],[121.544672965608,24.983640472138617,0],[121.54469323612622,24.983623722860152,0],[121.54471304390476,24.98360752759969,0],[121.54473564493043,24.983588841193708,0],[121.54475900157865,24.983570462214896,0],[121.54478611108941,24.983549103414127,0],[121.54486255576525,24.983489042048912,0],[121.54486255576525,24.983489042048912,0],[121.54490284443204,24.983461768524926,0],[121.54496315833804,24.983405247493366,0],[121.54501617801894,24.98336742611973,0],[121.54505287637966,24.983341276816336,0],[121.5451355971373,24.983306288286048,0],[121.54555561359203,24.983128608284034,0],[121.54557432602765,24.983124245085932,0],[121.54558606852133,24.983121617321515,0],[121.54568807426966,24.98310212614945,0],[121.54577909880287,24.983089721350023,0],[121.54579528040588,24.98308792612279,0],[121.54581862192683,24.98308533406754,0],[121.54583938868964,24.983083053057314,0],[121.5458592840937,24.98308092690715,0],[121.54591554436995,24.983075203911625,0],[121.5459756182622,24.98306955608033,0],[121.54600509107676,24.983066972297337,0],[121.54605366822904,24.983062958751493,0],[121.54614782340376,24.983056082958885,0],[121.54623996044398,24.983050510361544,0],[121.54631756996994,24.983046703275214,0],[121.54639161541347,24.98304381366359,0],[121.5463970629162,24.983043633446986,0],[121.54640250049333,24.983043453247042,0],[121.5464249145468,24.98304275847159,0],[121.54644103923876,24.983042290392532,0],[121.54651554263037,24.983040618780894,0],[121.54657995424613,24.983039766726733,0],[121.54666628709948,24.98303949357815,0],[121.54687405437612,24.983042908571267,0],[121.54698256622096,24.983047607008352,0],[121.54708829052505,24.983052643153577,0],[121.54721345209396,24.983061545958897,0],[121.54728579547034,24.983067460061406,0],[121.54735700002203,24.983073933776467,0],[121.5473894448764,24.983076810383327,0],[121.54743657269056,24.983081145883684,0],[121.54752616916143,24.983091776385475,0],[121.54757020880233,24.98309774397126,0],[121.54760288604491,24.983101501262503,0],[121.54766977148225,24.98311066865336,0],[121.54773028044978,24.98311914830602,0],[121.54779266344408,24.983127866416115,0],[121.54785666074349,24.98313772888226,0],[121.54787381205983,24.983140554248287,0],[121.54788956635579,24.98314319226544,0],[121.54795837082789,24.983155107296152,0],[121.54803638186125,24.98316941801652,0],[121.54809093012834,24.98317993845553,0],[121.54814427033624,24.983190641375508,0],[121.54830579208463,24.98322553728337,0],[121.54848075927411,24.983267633857402,0],[121.5485112980862,24.98327488536903,0],[121.54852316930328,24.983277420469797,0],[121.54860182642662,24.9832985439972,0],[121.54865736529729,24.983315103978704,0],[121.54866955286674,24.98331720007713,0],[121.54875229883143,24.983341089549747,0],[121.54880411238973,24.98335634663625,0],[121.54881422494563,24.98336068857993,0],[121.54884738988709,24.983370251216606,0],[121.54887555771113,24.98337876148331,0],[121.54889909280826,24.98338626750535,0],[121.54893269153546,24.983396739624574,0],[121.5489964589587,24.983417917286225,0],[121.54905582309532,24.98343803293772,0],[121.54910426750797,24.983454550051906,0],[121.54915534828439,24.983473106962833,0],[121.54919425358989,24.983486457419158,0],[121.54926506392458,24.9835140379334,0],[121.5492867621052,24.98352212819677,0],[121.54928680980174,24.98352214937664,0],[121.54934193365749,24.983542875259204,0],[121.54939652055462,24.98356442463948,0],[121.54944821419014,24.983585602348523,0],[121.54949116450966,24.983603834645113,0],[121.54952201077197,24.983617989388602,0],[121.54955703032621,24.98363296414961,0],[121.54959409723497,24.983650398746377,0],[121.54961657014664,24.98366065846748,0],[121.5496580126332,24.983681183559952,0],[121.54973245319964,24.983717675228515,0],[121.54976631049324,24.983735422016487,0],[121.54979349937813,24.983749468740392,0],[121.54981518532456,24.983760493872538,0],[121.54985402766211,24.98378150330659,0],[121.54987339360446,24.98379280941301,0],[121.5498948437341,24.983804168144193,0],[121.54995168682308,24.98383704982857,0],[121.55000199995074,24.98386762842071,0],[121.55004245092117,24.983892402343518,0],[121.5500677547395,24.983908974430257,0],[121.55009816822185,24.983927961327787,0],[121.55012233018729,24.98394303624516,0],[121.5501503606471,24.983961283054278,0],[121.55017658627956,24.983979266803313,0],[121.55022998685502,24.984016298897018,0],[121.55022935666426,24.984018213868016,0],[121.55023532230673,24.984022318595176,0],[121.55025780874332,24.984037992550306,0],[121.55028046199904,24.984053690070095,0],[121.55028972532256,24.98406058392827,0],[121.55030913647427,24.98407471968303,0],[121.55032371469484,24.984085410664893,0],[121.55033395432343,24.984093110150162,0],[121.55034469879652,24.98410138275982,0],[121.55035490428887,24.98410916551852,0],[121.55036439154678,24.98411686382676,0],[121.55037690567481,24.984126067581986,0],[121.55039486103361,24.984140820081375,0],[121.5504048492145,24.98414875659355,0],[121.55041803934223,24.984159641975864,0],[121.55045816626507,24.98419370198155,0],[121.55046555507214,24.984200017613098,0],[121.5504713081068,24.98419904228313,0],[121.5505023914172,24.984224739944153,0],[121.55052730444821,24.984245716896186,0],[121.55052730444821,24.984245716896186,0],[121.55063720468154,24.984342617597335,0],[121.55074307004755,24.98444318090798,0]]}},{"type":"Feature","properties":{"cadgeom_type":"CADLWPolyline","thickness":0,"color":"#00FF00FF"},"geometry":{"type":"LineString","coordinates":[[121.55120674043296,24.984997166390905,0],[121.5512769466172,24.985102138827113,0],[121.55127694682207,24.985102138928717,0],[121.55138196014387,24.98527762720443,0],[121.55149542043587,24.985497266956518,0],[121.55150192561568,24.98551108736671,0],[121.55150840126143,24.985524989075145,0],[121.55151671758406,24.98554307681193,0],[121.55152622832134,24.9855640967233,0],[121.55152783009447,24.985567678259194,0],[121.55152964075734,24.98557170182917,0],[121.55153318257537,24.985579613677526,0],[121.55156115870328,24.98564197012536,0],[121.5516027747751,24.985734746994787,0],[121.5516239260742,24.985781902250924,0],[121.55170037333478,24.985952335949946,0],[121.55170913907635,24.985969824732447,0],[121.55171747533672,24.985984741544222,0],[121.55172471218316,24.98599637545188,0],[121.55173099136061,24.986003929386165,0],[121.55173732561614,24.98601276801391,0],[121.55175095622131,24.986028445984886,0],[121.55175611085286,24.986035848844192,0],[121.55177865548316,24.98605611123898,0],[121.5518024211706,24.986074752709104,0],[121.5518289727068,24.986091165245696,0],[121.55185186578076,24.98610240142965,0],[121.55187213119049,24.986111157902446,0],[121.55189257671049,24.986118453381508,0],[121.55191329198024,24.98612458972951,0],[121.55193023930504,24.986128846911328,0],[121.5519498195825,24.986132071439243,0],[121.55197666006008,24.98613600213016,0],[121.55202742346988,24.986135262808457,0],[121.55205651851136,24.98613298859962,0],[121.55208566520321,24.986126781104087,0],[121.55209336254937,24.98612520537849,0],[121.55214306540765,24.986107869503567,0],[121.55216666515335,24.986096503332924,0],[121.55217565646936,24.986090713234475,0],[121.55219491595987,24.98608000565472,0],[121.55221841784656,24.986061642695578,0],[121.55223199112368,24.98605037276224,0],[121.55224641793959,24.986036733336604,0],[121.55225701326415,24.986023582327622,0],[121.55226146276448,24.986018894763962,0],[121.55226653193733,24.986012823187917,0],[121.55226928433315,24.986010315800357,0],[121.55239691522813,24.985844153305738,0],[121.55275331763825,24.985380159642474,0],[121.55299460626856,24.98506603012356,0],[121.55300069166138,24.985059104041163,0],[121.55302061391177,24.985031700997453,0],[121.55303852254035,24.985006140182794,0],[121.55306024623113,24.984973697061246,0],[121.55308030315145,24.984942617887206,0],[121.55309828801954,24.98491215973616,0],[121.55311239432528,24.984888234511033,0],[121.55313114767118,24.984852590210288,0],[121.55314932042427,24.984816655010185,0],[121.55315786531172,24.984798785969474,0],[121.553176615949,24.98475771676721,0],[121.55318900236186,24.984726582798125,0],[121.55319246865382,24.984715473123238,0],[121.55320005221044,24.984700042529006,0],[121.5532101351125,24.984670187567044,0],[121.55322346869798,24.984632160026294,0],[121.55322912186313,24.98461194935756,0],[121.55323536576765,24.984592631588182,0],[121.55325026142309,24.98453370436005,0],[121.55325026142309,24.98453370436005,0],[121.55327008119637,24.98442800734113,0],[121.55327815177544,24.984376714673854,0],[121.553281447979,24.984345481179396,0],[121.5532846654838,24.98430447944147,0],[121.55328719222042,24.98423971696065,0],[121.55328514854514,24.984142785939706,0],[121.55326549826937,24.983978082994252,0],[121.55325559461512,24.983923687064216,0],[121.55320876018286,24.983666454861197,0],[121.55320529546852,24.983647447427703,0],[121.55319742464845,24.98360421588062,0],[121.55315350688637,24.983364213447874,0],[121.55314878063894,24.983338364802968,0],[121.55305940372583,24.98284996628465,0],[121.55305940372583,24.98284996628465,0],[121.5528624385923,24.981773583025763,0],[121.5528595649862,24.98175792402485,0],[121.55284944189435,24.98170256240162,0],[121.55274989449839,24.981158576301482,0],[121.55273744139416,24.98108688670188,0],[121.55272716029802,24.981021648601086,0],[121.55272195167659,24.980985792592577,0],[121.55271486836139,24.980937790843424,0],[121.55270788541891,24.98087743190127,0],[121.55269389587446,24.98073309809573,0],[121.55268900694153,24.980682559221076,0],[121.55268332807347,24.980585243652136,0],[121.55267786080694,24.980331235091853,0],[121.55267796393989,24.98031821644032,0],[121.55267803036371,24.98031170709024,0],[121.55268006374418,24.980217577063126,0],[121.552684814765,24.98011022548779,0],[121.55268497780513,24.980107516808914,0],[121.55268513082645,24.98010474493076,0],[121.5526894863826,24.980038020336742,0],[121.5526918809179,24.980006589692874,0],[121.55269373825209,24.979984034533818,0],[121.55269630584323,24.97995497798119,0],[121.55270048955659,24.97991165443608,0],[121.5527033283982,24.9798845384935,0],[121.55270721196752,24.979849755997442,0],[121.55271056365505,24.979821519716317,0],[121.55271327347721,24.97979930621985,0],[121.55271989221748,24.979745126953404,0],[121.55272143245011,24.97973255734365,0],[121.55282190574493,24.979284085832813,0],[121.55283519255805,24.97922095784284,0],[121.55288368777904,24.979015399475138,0],[121.55288913942272,24.978992287706365,0],[121.55295336437445,24.97879732058097,0],[121.55296216646222,24.978775548506736,0],[121.5529939591415,24.97867229595754,0],[121.55304820780636,24.978511924648984,0],[121.55308179592136,24.978328047539563,0],[121.55317672149418,24.977950527455246,0],[121.55320422073642,24.97788209471093,0],[121.55327240122698,24.977784831825456,0],[121.55327562134562,24.977664906605856,0],[121.55333552229179,24.977517948673682,0],[121.55336721132842,24.977469731920028,0],[121.55341138700923,24.977384795547387,0],[121.553431008048,24.977334549201377,0],[121.55344275643569,24.977310181205347,0],[121.55349044033609,24.977211245535006,0],[121.55352376180662,24.977142108015542,0],[121.55352394163128,24.977127843358847,0],[121.5534943623121,24.97708070213485,0],[121.55355885797228,24.97704880844193,0],[121.55360123077999,24.97701904555022,0],[121.5536538309585,24.976922033766137,0],[121.55384971235347,24.97667006342487,0],[121.55389182867961,24.97661588895281,0],[121.55390369394654,24.97660062103134,0],[121.55395373366049,24.976571341985363,0],[121.55398035017714,24.976487644068946,0],[121.55403120034114,24.976434319400806,0],[121.55408877719083,24.97639275795782,0],[121.55422244079874,24.976313145159963,0],[121.55429774942544,24.976275103295116,0],[121.55444106236078,24.97623209559817,0],[121.55451729805316,24.976207097668006,0],[121.55452942330969,24.97620312339359,0],[121.55466681973525,24.976158090614714,0],[121.55467243223838,24.976156375055943,0],[121.55475714134255,24.97613527118544,0],[121.55505904918554,24.97608927125494,0],[121.55511378888706,24.976085482681437,0],[121.55541895611692,24.97607328749397,0],[121.55566059476432,24.97605314482063,0],[121.55573620642167,24.976048120284542,0],[121.55576013446019,24.97604607412002,0],[121.55605898634718,24.976048002871874,0],[121.55606383451814,24.975964680530033,0],[121.55607733447012,24.975965200934514,0],[121.55609083230136,24.97596576538023,0],[121.5561043278237,24.975966373867504,0],[121.55612724472951,24.975967502149654,0],[121.55615015389978,24.975968754261153,0],[121.55616160532404,24.975969426729648,0],[121.55617305451231,24.975970130140162,0],[121.55618450136556,24.97597086447484,0],[121.55619594578472,24.975971629742855,0],[121.55621910941562,24.975973279108356,0],[121.5562422619455,24.97597505319346,0],[121.55625383379744,24.975975986989347,0],[121.55627696817011,24.97597794803449,0],[121.55628853049275,24.975978975266013,0],[121.55630008943093,24.975980033631043,0],[121.55632544392093,24.975982472659357,0],[121.55635078062386,24.975985060748325,0],[121.55636344197082,24.975986410645966,0],[121.5563890468491,24.975989260169666,0],[121.55641463017194,24.975992266217364,0],[121.55642741339345,24.975993827904464,0],[121.55644019079024,24.975995428673645,0],[121.55647181027105,24.975999557468693,0],[121.55649286872318,24.97600244194239,0],[121.55651390944986,24.976005431863374,0],[121.55654543595858,24.976010114272274,0],[121.55655593525016,24.97601172769921,0],[121.5565769190557,24.976015033417557,0],[121.55658740339132,24.976016725682193,0],[121.55660835658158,24.976020188977817,0],[121.55661882526775,24.976021959963962,0],[121.55663974641605,24.97602558058648,0],[121.55666064542042,24.97602930595948,0],[121.55668410128999,24.97603362806987,0],[121.55670752966273,24.97603807231792,0],[121.5567192333087,24.976040340198814,0],[121.55687750139538,24.976071377366043,0],[121.55693068372531,24.976081810744358,0],[121.55694863136068,24.976085331731333,0]]}},{"type":"Feature","properties":{"cadgeom_type":"CADLWPolyline","thickness":0,"color":"#00FF00FF"},"geometry":{"type":"LineString","coordinates":[[121.5507430700476,24.984443180908016,0],[121.550910369024,24.98461878739688,0],[121.5510651328743,24.984803696588287,0],[121.55120674043296,24.984997166390905,0]]}},{"type":"Feature","properties":{"cadgeom_type":"CADLWPolyline","thickness":0,"color":"#00FF00FF"},"geometry":{"type":"LineString","coordinates":[[121.62058211305221,25.062464445885553,0],[121.62042800918107,25.06259945229995,0],[121.62030939542264,25.062721378825554,0],[121.62009473164598,25.062929429586433,0],[121.62001110231013,25.062999924383067,0],[121.61992615348287,25.063067434954146,0],[121.61986359855453,25.063111945616225,0],[121.6196929264909,25.063236036114958,0],[121.61959459827199,25.063306630083414,0],[121.61943710314551,25.063416036460588,0],[121.61939415017143,25.063446439189693,0],[121.6192213457552,25.06356073095282,0],[121.61900141687933,25.06369049762019,0],[121.61891031531941,25.0637401873529,0],[121.61885496426234,25.063771007191008,0],[121.61875362904316,25.063827436011504,0],[121.61870843862958,25.063850586967806,0],[121.6184899255755,25.063962490873454,0],[121.61833422406897,25.06404013036405,0],[121.61808798206673,25.06416127308145,0],[121.6179463854754,25.064220460979715,0],[121.61793475664072,25.064225146011456,0],[121.61776901215107,25.064288876593885,0],[121.61745336130605,25.064386767398123,0]]}},{"type":"Feature","properties":{"cadgeom_type":"CADLWPolyline","thickness":0,"color":"#00FF00FF"},"geometry":{"type":"LineString","coordinates":[[121.62162306542953,25.061394058282712,0],[121.62148872123716,25.061558230519164,0],[121.62139594091617,25.061665502343708,0],[121.62126495003128,25.061802033977894,0],[121.62126495003128,25.061802033977894,0],[121.62118718513625,25.06192723857628,0],[121.6210783859293,25.061990778918062,0],[121.6210783859293,25.061990778918062,0],[121.62069835211115,25.062366781743567,0],[121.62058211305221,25.062464445885553,0]]}},{"type":"Feature","properties":{"cadgeom_type":"CADLWPolyline","thickness":0,"color":"#00FF00FF"},"geometry":{"type":"LineString","coordinates":[[121.62957658087676,25.05933367732535,0],[121.62948893243741,25.05922484349179,0],[121.62947972066574,25.059208017326128,0],[121.62947850306763,25.059205791257845,0],[121.62944873256902,25.059148945758754,0],[121.62943827986801,25.059128963719655,0],[121.6293253877935,25.05891337973938,0],[121.62943505714318,25.05886163019274,0],[121.62942548154278,25.058829854937656,0],[121.62925956443028,25.058525079198226,0],[121.62918057862814,25.05830410723341,0],[121.6290985087638,25.05806951274552,0],[121.62904430887403,25.057874120193294,0],[121.62903173268316,25.057824614469602,0],[121.62902492136458,25.057797786828928,0],[121.6290122166113,25.057753589921806,0],[121.62891219999887,25.05735432825742,0],[121.62884628422557,25.057077260689386,0],[121.62870146815311,25.05655403261198,0],[121.62865344506673,25.05640607122231,0],[121.62859109623683,25.056254290795753,0],[121.62854761281243,25.05616931194741,0],[121.62851628059863,25.056118510795514,0],[121.62845554084232,25.056020026095048,0],[121.62835807443479,25.05586295955596,0],[121.62828024141616,25.055769554322474,0],[121.62806414931646,25.055521674747485,0],[121.62775860299669,25.05530282885111,0],[121.62775860299669,25.05530282885111,0],[121.62751322161124,25.05519040478758,0],[121.62751322161124,25.05519040478758,0],[121.62739979269429,25.05515125348399,0],[121.62735906359988,25.05514195574056,0],[121.62727304250089,25.055122318223248,0],[121.62712214745785,25.05510073484807,0],[121.62705266269458,25.055097327606504,0],[121.62696623873629,25.055121562114284,0],[121.62687527089366,25.055141057815884,0],[121.62670625696856,25.055176903085243,0],[121.62653522722313,25.05520383486988,0],[121.6264454335984,25.055245697837634,0],[121.62638625660112,25.05528017965106,0],[121.62637312373037,25.055287831184128,0],[121.6263444351429,25.05530455016515,0],[121.62630029852886,25.05533525646742,0],[121.62627131565667,25.05535542501973,0],[121.62613165136216,25.055476672481714,0],[121.62610639946692,25.055500684285764,0],[121.62608774441352,25.055518410127906,0],[121.62606632101874,25.055543195411484,0],[121.62591842514992,25.05571582821036,0],[121.62579153627293,25.05587426667528,0],[121.62576985868525,25.055907927158007,0],[121.6257174383544,25.055989341875783,0],[121.62569993860235,25.05601651630469,0],[121.62546925883946,25.056374831192805,0],[121.62537423141255,25.056522408755928,0],[121.62533794449133,25.05657446844921,0],[121.62519706248862,25.05678384039931,0],[121.62498323384861,25.05710391395843,0],[121.62489849573817,25.057220520506068,0],[121.62467456105664,25.05752864502098,0],[121.62459492870313,25.057637886788783,0],[121.624415518877,25.05788404020952,0],[121.62430511431788,25.058038860152873,0],[121.62419982645287,25.058186495946686,0],[121.62415998478954,25.058242358129146,0],[121.624118498538,25.05829840596866,0],[121.62408327421147,25.05834601129328,0],[121.62403315924064,25.05841370484946,0],[121.62379194720249,25.058740930634993,0],[121.62346911959075,25.05918065341485,0],[121.6229937521587,25.059821069593347,0],[121.62287110876092,25.059985207122253,0],[121.62282348519288,25.06004892929975,0],[121.62271413288926,25.06018930917228,0],[121.62257148403857,25.060373694855016,0],[121.62245619756533,25.06051229635941,0],[121.62240927972925,25.06056870360499,0],[121.62239763669263,25.06058006968631,0],[121.62238433456675,25.060593047872125,0],[121.62201430342081,25.06095410891365,0],[121.62198784346711,25.060978936280232,0],[121.62181597796308,25.061164404675537,0],[121.62179816948151,25.061183626007125,0],[121.62176536587411,25.061219017557896,0],[121.62175504998413,25.06123015378933,0],[121.62162306542953,25.061394058282712,0]]}},{"type":"Feature","properties":{"cadgeom_type":"CADLWPolyline","thickness":0,"color":"#00FF00FF"},"geometry":{"type":"LineString","coordinates":[[121.62114924406481,25.05591929267571,0],[121.62158208830354,25.05628896053946,0],[121.62190712283984,25.05656534552992,0],[121.62226062140512,25.05685173090029,0],[121.62239377891063,25.056960681212974,0],[121.62246166379609,25.05698444808948,0],[121.62253172334952,25.057001201184796,0],[121.62260506073542,25.056998887736075,0],[121.62266839111315,25.056980547251218,0],[121.62273619095566,25.056942063289707,0],[121.62276617543729,25.056906697820153,0],[121.62282760925889,25.056802932997783,0],[121.62289359117403,25.056689297833124,0],[121.62306450344511,25.05639636072075,0],[121.62322399903597,25.056107294929426,0],[121.62335073801663,25.055879919261077,0],[121.62353881517457,25.05554774714175,0],[121.62362704277254,25.055388737898518,0],[121.62370222684538,25.055270570570812,0],[121.62376870468039,25.055192927194625,0],[121.6238435941596,25.055107053077272,0],[121.62394043015912,25.055024971298995,0],[121.62406343768559,25.054941708415157,0],[121.62423586671414,25.05484754296022,0],[121.62429109024104,25.054817350047216,0],[121.62429162668468,25.05481707623124,0]]}},{"type":"Feature","properties":{"cadgeom_type":"CADLWPolyline","thickness":0,"color":"#00FF00FF"},"geometry":{"type":"LineString","coordinates":[[121.62928137597274,25.054796018650727,0],[121.6292933120923,25.05481603833853,0],[121.62934591504383,25.054898562459105,0],[121.62938811352615,25.05498981986959,0],[121.62943267218645,25.055089612794646,0],[121.62950388159949,25.05522955206667,0],[121.62955606401651,25.05531795598589,0]]}},{"type":"Feature","properties":{"cadgeom_type":"CADLWPolyline","thickness":0,"color":"#00FF00FF"},"geometry":{"type":"LineString","coordinates":[[121.62429162668468,25.05481707623124,0],[121.62510311176568,25.054402867747395,0],[121.62512818782182,25.05444244702452,0],[121.62538351140957,25.05434546355599,0],[121.62538351140957,25.05434546355599,0],[121.62564779252385,25.05424551327153,0],[121.6258980073676,25.054151547895657,0],[121.62618309194562,25.054055839537302,0],[121.62628532262522,25.05402339784052,0],[121.62661274461239,25.053919009000065,0],[121.62705783215311,25.053819262767913,0],[121.62724286677638,25.053780994227374,0],[121.62746598084364,25.053743746593987,0],[121.6276550331782,25.053729463001524,0],[121.62773248014544,25.053737158070142,0],[121.62773248014544,25.053737158070142,0],[121.62779823380295,25.053747847661246,0],[121.62786310485924,25.053762336716073,0],[121.62792682901397,25.053780566202644,0],[121.62798914663925,25.053802461849568,0],[121.62798914663925,25.053802461849568,0],[121.62802752896006,25.05381514183995,0],[121.62806502070453,25.05382986772889,0],[121.62810149058177,25.053846587948442,0],[121.62813681087925,25.053865243946795,0],[121.62817085790988,25.053885770393332,0],[121.62820351244522,25.053908095407348,0],[121.6282204673331,25.05390839956748,0],[121.62823907543012,25.05386182148813,0],[121.62833737909114,25.053923433326435,0],[121.62841396770297,25.053934319919176,0],[121.62845126024077,25.053950102312445,0],[121.62858369483911,25.054032452153287,0],[121.62860461530839,25.05404546080341,0],[121.62865751257769,25.054078353050183,0],[121.6286524408515,25.05405495812409,0],[121.62906351131834,25.054191667503595,0],[121.62887341195841,25.054205816622684,0],[121.62897468998322,25.054276648231706,0],[121.6290341694413,25.05438968313757,0],[121.6290341694413,25.05438968313757,0],[121.62911348292407,25.054520852863938,0],[121.62928137597274,25.054796018650727,0]]}},{"type":"Feature","properties":{"cadgeom_type":"CADLWPolyline","thickness":0,"color":"#00FF00FF"},"geometry":{"type":"LineString","coordinates":[[121.63091366196632,25.061354875335084,0],[121.63089592427346,25.061326834277097,0],[121.63073470010649,25.061116540753375,0],[121.63062242326667,25.06097010071852,0],[121.63055447105988,25.06087610854777,0],[121.6304501598478,25.060723522352323,0],[121.63038516767247,25.06061288233165,0],[121.63035820325554,25.060566997114645,0],[121.63033510443152,25.060528990115653,0],[121.63031703289029,25.06049940838162,0],[121.63028566685227,25.060448020954507,0],[121.63023163159734,25.060349055563062,0],[121.63017244598835,25.060243154867937,0],[121.63009326389373,25.060107046485744,0],[121.63003933538852,25.06001523981414,0],[121.6300349361565,25.060007760489196,0],[121.62998769323593,25.06002451147336,0],[121.62996193801648,25.059989013500054,0],[121.62981558216208,25.05974422158768,0],[121.62978546749588,25.05968817170375,0],[121.62971906779,25.059574574628304,0],[121.62965691103338,25.059466426067576,0],[121.62964577197623,25.05944580522094,0],[121.62960268321716,25.059366088781395,0],[121.62957658087676,25.05933367732535,0]]}},{"type":"Feature","properties":{"cadgeom_type":"CADLWPolyline","thickness":0,"color":"#00FF00FF"},"geometry":{"type":"LineString","coordinates":[[121.62955606401651,25.05531795598589,0],[121.62962455766814,25.055433993067936,0],[121.6296808106967,25.055528826307796,0],[121.62976738419616,25.055695603374332,0],[121.62980625197847,25.055784619440146,0],[121.62983794893621,25.055861795452692,0],[121.62988585703494,25.05599670496654,0],[121.62994490390827,25.056180623910127,0],[121.62996608797222,25.056289994020197,0],[121.62999799589917,25.05645397562364,0],[121.63005127649251,25.056685543971362,0],[121.63016288204544,25.05708623764525,0],[121.63017616559016,25.057120168712913,0],[121.63038080480992,25.05764602101081,0],[121.63048635084841,25.057891400864023,0],[121.63059672894316,25.058105837931524,0],[121.63085959145401,25.058571328012,0],[121.63102208590534,25.058835394774878,0],[121.63115861272665,25.059079666687577,0],[121.63146256003863,25.059610128196102,0],[121.63165108267229,25.059938325768755,0],[121.6317742690802,25.060145484393026,0],[121.63190154407121,25.060293933994142,0],[121.63218544379095,25.060623012353677,0],[121.63242115245096,25.060895607099166,0],[121.6325098611797,25.0609962072625,0],[121.63265998310173,25.061140702336438,0],[121.63286680471222,25.06134656404055,0]]}},{"type":"Feature","properties":{"cadgeom_type":"CADLWPolyline","thickness":0,"color":"#00FF00FF"},"geometry":{"type":"LineString","coordinates":[[121.63844400181871,25.067888459449435,0],[121.63844400181871,25.067888459449435,0],[121.63829484470342,25.067547749157068,0],[121.63825549449928,25.06746813181249,0],[121.63818404065725,25.0673142545049,0],[121.63814880769503,25.067240726798367,0],[121.63792208343378,25.06688079727539,0],[121.63798779963246,25.066834806462985,0],[121.63794920156114,25.066785601595317,0],[121.63777259668655,25.066557952950866,0],[121.6376450937855,25.066398980034027,0],[121.63740870404463,25.0660918666684,0],[121.63722967990161,25.065863319920727,0],[121.63705063462695,25.06563168546559,0],[121.63700699752458,25.065588996517384,0],[121.63694218896397,25.06549478976648,0],[121.63678298292568,25.06525669984085,0],[121.63669505397506,25.06512983162761,0],[121.63646291579947,25.064800702060957,0],[121.6362179057948,25.0645546337169,0],[121.63602224381711,25.064405863841152,0],[121.63583165336651,25.0642871043369,0],[121.63558841232289,25.064178515178018,0],[121.63549426603394,25.064140789449016,0],[121.63518804808723,25.064060703160173,0],[121.63509171304445,25.064042367773485,0],[121.63499738517706,25.064023626691068,0],[121.63484675955849,25.063997924784037,0],[121.63465059483948,25.063970814667947,0],[121.63451309642038,25.063951372173587,0],[121.63430724264924,25.06390985676899,0],[121.63409747262585,25.063852455370316,0],[121.63399517577886,25.06381888030373,0],[121.63394164557405,25.063801301332724,0],[121.63386731052573,25.063770634701086,0],[121.6337805267592,25.063734825507428,0],[121.6334543367967,25.0635893912313,0],[121.63343699529997,25.0635799849619,0],[121.63332849162238,25.06351718771937,0],[121.63308759128486,25.063364098432654,0],[121.6328668303466,25.063220684130425,0],[121.63278621654726,25.063167828175285,0],[121.63265707465506,25.063067828560882,0],[121.63240343380448,25.062871407402113,0],[121.6320252006236,25.062561546722577,0],[121.6317472592602,25.062313137245425,0],[121.63148731834278,25.062062169668756,0],[121.63148731834278,25.062062169668756,0],[121.63132852122676,25.061906794982733,0],[121.63123631871508,25.06181384566279,0],[121.63105318584081,25.06157139199939,0],[121.63103343821777,25.06154422609998,0],[121.63091366196632,25.061354875335084,0]]}},{"type":"Feature","properties":{"cadgeom_type":"CADLWPolyline","thickness":0,"color":"#00FF00FF"},"geometry":{"type":"LineString","coordinates":[[121.63863321343732,25.068285183334915,0],[121.63862843411168,25.068282895867238,0],[121.63844400181871,25.067888459449435,0]]}},{"type":"Feature","properties":{"cadgeom_type":"CADLWPolyline","thickness":0,"color":"#00FF00FF"},"geometry":{"type":"LineString","coordinates":[[121.64768523801808,25.076109487991367,0],[121.64712871172115,25.076068955971873,0],[121.6463077205388,25.076002619949975,0],[121.6463077205388,25.076002619949975,0],[121.64607326852123,25.075976390724925,0],[121.64600750858902,25.075968932654167,0],[121.6459601250791,25.07596165781492,0],[121.64574282319997,25.075928282425384,0],[121.64564168188625,25.075913217202693,0],[121.64538096829065,25.075877865839225,0],[121.64498572808253,25.07581515951085,0],[121.64473085105452,25.075756046605946,0],[121.64469413455976,25.07574753101265,0],[121.64444757099676,25.075689307274637,0],[121.6443207155349,25.07566011656831,0],[121.64410665361133,25.07560650836561,0],[121.64348980162742,25.075462527092277,0],[121.64348980162742,25.075462527092277,0],[121.64251934425899,25.075234860838176,0],[121.64234383864367,25.07519210382146,0],[121.64234383864367,25.07519210382146,0],[121.64220490089436,25.075158777991323,0],[121.64211822571707,25.075137987869567,0],[121.64160221691102,25.07501421132727,0],[121.64150805792299,25.074988568980974,0],[121.64138309033764,25.07494488892498,0],[121.64112715232439,25.07482025366093,0],[121.64102772903199,25.074757245030018,0],[121.64094227759131,25.074691087626768,0],[121.64083832766693,25.074589005289383,0],[121.64073478131422,25.07444435283731,0],[121.64068690704026,25.074377473167026,0],[121.64066056776662,25.074330992165006,0],[121.64061111235904,25.07424554213535,0],[121.64055102635812,25.074119144465463,0]]}},{"type":"Feature","properties":{"cadgeom_type":"CADLWPolyline","thickness":0,"color":"#00FF00FF"},"geometry":{"type":"LineString","coordinates":[[121.64321352424368,25.074349171980543,0],[121.64333597315826,25.07438451242636,0],[121.6435018372707,25.07443238290225,0],[121.64388317832973,25.074542445667426,0],[121.6440765352741,25.074598252808876,0],[121.64412323609848,25.07456535384195,0],[121.6440994687919,25.074415591193567,0],[121.64407052019759,25.074233179654104,0],[121.64402506073625,25.074091648884774,0],[121.64405663468226,25.07405094640847,0],[121.64421900284556,25.074094408066234,0],[121.64430559649124,25.07414749439946,0],[121.64437910545442,25.074320762594844,0],[121.64439262788373,25.074348974911306,0],[121.64443529830157,25.074428333231946,0],[121.6445632618289,25.074666318723917,0],[121.64468433028311,25.074756735827076,0],[121.64468433028311,25.074756735827076,0],[121.64468433028311,25.074756735827076,0],[121.64468433028311,25.074756735827076,0],[121.64508798872916,25.074803150721586,0],[121.64513419690785,25.07480564166094,0],[121.64517834306207,25.074808037745328,0],[121.64535727036143,25.07481510713398,0],[121.64593247613632,25.07481486169115,0],[121.64618694954225,25.07482334593762,0],[121.646307418693,25.074828582126212,0],[121.646307418693,25.074828582126212,0],[121.64691840561407,25.07485378583293,0],[121.6476774627699,25.07488321267832,0],[121.6476787874478,25.074883264029523,0]]}},{"type":"Feature","properties":{"cadgeom_type":"CADLWPolyline","thickness":0,"color":"#00FF00FF"},"geometry":{"type":"LineString","coordinates":[[121.64055102635812,25.074119144465463,0],[121.64052926639368,25.074059811043394,0],[121.64052926639368,25.074059811043394,0],[121.64052926639368,25.074059811043394,0],[121.64033772829613,25.074110595481276,0],[121.64032323304549,25.07409440096269,0],[121.64028912137786,25.074043202779965,0],[121.64029668908141,25.0739681756114,0],[121.64028773089852,25.07379958151736,0],[121.6402370067868,25.073571059337933,0],[121.64021782677703,25.073470936213525,0],[121.64020414360849,25.073372913879982,0],[121.64016121024908,25.073109437247297,0],[121.64012658064517,25.072968243225194,0],[121.64004922196003,25.072592713978104,0],[121.64002397182365,25.072394516106264,0],[121.64002397182365,25.072394516106264,0],[121.64004315231435,25.07239080088982,0],[121.64004282206606,25.072385718911445,0],[121.64003747056938,25.07236299817895,0],[121.64003630888367,25.07235837839321,0],[121.64003632724666,25.07235780959922,0],[121.63991052946233,25.071797411733847,0],[121.63981807220425,25.071449588480373,0],[121.63981807220425,25.071449588480373,0],[121.63972529275614,25.071477966844373,0],[121.63967225388232,25.071298087435228,0],[121.63961633849758,25.07108145915311,0],[121.63955081198678,25.070900398680504,0],[121.63952804903688,25.0707737473233,0],[121.6394907521489,25.070631000774796,0],[121.63945251955802,25.070484646062063,0],[121.63936726946346,25.07019113423594,0],[121.63935828964607,25.070151604559616,0],[121.63932206120289,25.070160469229734,0],[121.63932206120289,25.070160469229734,0]]}},{"type":"Feature","properties":{"cadgeom_type":"CADLWPolyline","thickness":0,"color":"#00FF00FF"},"geometry":{"type":"LineString","coordinates":[[121.63975362427747,25.067903469644467,0],[121.63977101691964,25.067960389400895,0],[121.64007760341762,25.068775945362965,0],[121.64030499121391,25.06938085990317,0],[121.64038646565083,25.069360833910174,0],[121.64045849896455,25.06957095169901,0],[121.64051355658187,25.06973155165025,0],[121.64052722086402,25.06977140951625,0],[121.64057554912642,25.069789650998928,0],[121.64058470679203,25.06979310718146,0],[121.64061656541806,25.0698908966267,0],[121.64064076498791,25.06998119576885,0],[121.64067861452291,25.070179763935986,0],[121.6407330026469,25.07046506350154,0],[121.64073228873288,25.07050347855386,0],[121.64084214254326,25.07108804136682,0],[121.64098183153696,25.071868255133666,0],[121.641021918712,25.07207230344956,0],[121.64107471448048,25.07234875591385,0],[121.64111505880246,25.072508790007056,0],[121.64111505880246,25.072508790007056,0],[121.64113086133423,25.072589917432772,0],[121.64113777340864,25.072749179868907,0],[121.64116782868336,25.07286369155663,0],[121.64121713158237,25.073011160951392,0],[121.64127615501064,25.073152277479274,0],[121.64132514548919,25.073251600941898,0],[121.64137349428349,25.073338620040058,0],[121.64141411007941,25.073384673544968,0],[121.64141411007941,25.073384673544968,0],[121.6415740604356,25.073567361803864,0],[121.6415740604356,25.073567361803864,0],[121.64164469743898,25.073610345609445,0],[121.64198070537778,25.07381478809923,0],[121.64199514301646,25.07382357275408,0],[121.64230858870002,25.073979975921795,0],[121.64230858870002,25.073979975921795,0],[121.64230858870002,25.073979975921795,0],[121.6425506050859,25.074082005674217,0],[121.6425506050859,25.074082005674217,0],[121.6425506050859,25.074082005674217,0],[121.6425506050859,25.074082005674217,0],[121.6431210097393,25.07432247093731,0],[121.64321352424368,25.074349171980543,0],[121.64321352424368,25.074349171980543,0]]}},{"type":"Feature","properties":{"cadgeom_type":"CADLWPolyline","thickness":0,"color":"#00FF00FF"},"geometry":{"type":"LineString","coordinates":[[121.63861695888649,25.06515018907183,0],[121.63883749490181,25.065522200526836,0],[121.63920402196808,25.06620890328081,0],[121.63933909272016,25.06650834134916,0],[121.63943183418463,25.066723919170528,0],[121.63955205025913,25.067051176341977,0],[121.63956717215302,25.067092347342914,0],[121.6397059441031,25.067465160128172,0],[121.63963617650201,25.067481921130376,0],[121.63963617650201,25.067481921130376,0],[121.63966476623138,25.0675717403899,0],[121.63974810059834,25.06788284570588,0],[121.63975362427747,25.067903469644467,0]]}},{"type":"Feature","properties":{"cadgeom_type":"CADLWPolyline","thickness":0,"color":"#00FF00FF"},"geometry":{"type":"LineString","coordinates":[[121.64796313950286,25.0678472191306,0],[121.64810746753142,25.067762741277,0],[121.64821728861514,25.067719436025715,0],[121.64821028145597,25.067707441227522,0],[121.64829435161145,25.067672870370732,0],[121.64851416502968,25.067608616906238,0],[121.64858691913453,25.06760745423038,0],[121.64889313705622,25.067602560202356,0],[121.64914468155497,25.067603534737565,0],[121.64922857608455,25.067622652357674,0],[121.6502882842644,25.067654685892833,0],[121.65096294196877,25.06766972168416,0],[121.65101365381665,25.06767085576768,0],[121.65157762972952,25.067683415280214,0],[121.65171749369937,25.067686527978612,0],[121.65218486344396,25.067696942259204,0],[121.65236332324712,25.06769424040393,0],[121.652595143464,25.067679184792922,0],[121.6529723039812,25.067628855375737,0],[121.6529736248465,25.067628570336428,0],[121.6530267395988,25.067617116391677,0],[121.65317750728487,25.067590537428107,0],[121.65346169094468,25.06754872298725,0],[121.65353230932588,25.067542071048706,0],[121.65353230932588,25.067542071048706,0],[121.65378050216674,25.067536450855357,0],[121.65378050216674,25.067536450855357,0],[121.65378050216674,25.067536450855357,0],[121.65378050216674,25.067536450855357,0],[121.65403507802469,25.06757191928526,0],[121.65403507802469,25.06757191928526,0],[121.6541466737598,25.067601579384394,0],[121.65431206998657,25.067642143783843,0],[121.65442958568856,25.06767467026116,0],[121.65442958568856,25.06767467026116,0],[121.65456609883846,25.06771130754222,0],[121.65463993184493,25.06773029029898,0],[121.65463993184493,25.06773029029898,0],[121.65463993184493,25.06773029029898,0],[121.65463993184493,25.06773029029898,0],[121.65466616888011,25.067740992332514,0],[121.65482043037645,25.067781909133096,0]]}},{"type":"Feature","properties":{"cadgeom_type":"CADLWPolyline","thickness":0,"color":"#00FF00FF"},"geometry":{"type":"LineString","coordinates":[[121.64913700022713,25.074405136550716,0],[121.64920408202943,25.074325287316714,0],[121.64920408202943,25.074325287316714,0],[121.64924122154814,25.074263011038166,0],[121.64927353564428,25.074198541401888,0],[121.64930086910633,25.074132188084807,0],[121.64932309064767,25.074064269811526,0],[121.64934009353709,25.07399511282333,0],[121.64935179611128,25.07392504931099,0],[121.6493581421669,25.073854415819156,0],[121.64936324338639,25.07377129000939,0],[121.64936669144218,25.073557673021057,0],[121.64934498427793,25.073429951277628,0],[121.64933186948606,25.07334136325204,0],[121.64928405564274,25.0731247523643,0],[121.64923869703297,25.07298079647962,0],[121.64923080316662,25.072956890007486,0],[121.64922682930371,25.072940869312966,0],[121.64915855493949,25.07290158572211,0],[121.64909040955133,25.072872051593794,0],[121.64913829838915,25.072648085110156,0],[121.64911869713079,25.072591354390447,0],[121.64899277053898,25.072298809834876,0],[121.64893006707135,25.072168372086338,0],[121.6488401599901,25.072264616236478,0],[121.6486395186343,25.07223498375911,0],[121.64840426200638,25.07224217907165,0],[121.64820208702687,25.07223235644496,0],[121.64820872041439,25.0721278356196,0],[121.64821077269073,25.071951201355215,0],[121.64819558318827,25.071817983565822,0],[121.6481991891215,25.071790856038724,0],[121.6482387742813,25.071492182570037,0],[121.64820159433535,25.07137195876848,0],[121.64819595932178,25.071230883915277,0],[121.64823032817361,25.07108729641045,0],[121.648255978902,25.07107357793817,0],[121.64818675939317,25.07096694786855,0],[121.6481132107302,25.070853664671407,0],[121.64789464473668,25.07047902600135,0],[121.64789464473668,25.07047902600135,0],[121.64779344959003,25.07052762627599,0],[121.64769143493793,25.07036941019115,0],[121.64765471347121,25.0703061981183,0]]}},{"type":"Feature","properties":{"cadgeom_type":"CADLWPolyline","thickness":0,"color":"#00FF00FF"},"geometry":{"type":"LineString","coordinates":[[121.64764321524125,25.06811969969372,0],[121.64771547057661,25.068044560615668,0],[121.64779302900266,25.067973943391838,0],[121.6478755501973,25.067908157878456,0],[121.64796267206441,25.067847492730525,0],[121.64796267206441,25.067847492730525,0],[121.64796313950286,25.0678472191306,0]]}},{"type":"Feature","properties":{"cadgeom_type":"CADLWPolyline","thickness":0,"color":"#00FF00FF"},"geometry":{"type":"LineString","coordinates":[[121.65666436304038,25.070051149563742,0],[121.65638803229058,25.069896768522415,0],[121.65638803229058,25.069896768522415,0],[121.65613813433352,25.069760638730063,0],[121.65613813433352,25.069760638730063,0],[121.6558058640305,25.06956515092792,0],[121.65557680535359,25.06942013173158,0],[121.65511827766085,25.06918216963314,0],[121.65511827766085,25.06918216963314,0],[121.65501998550279,25.069125750721017,0],[121.65497454378537,25.069102278812885,0],[121.65491082945844,25.069071946205487,0],[121.65475383534053,25.069006268569943,0],[121.65465730878523,25.06897212489368,0],[121.65440090386741,25.068902500927386,0],[121.6542447141,25.06887227720436,0],[121.6541674583258,25.068861094976086,0],[121.65409907560928,25.068852681443076,0],[121.65402855858096,25.06884576318349,0],[121.65392654103799,25.068839792492014,0],[121.65386210517188,25.06884022853553,0],[121.6536609423145,25.068844186925404,0],[121.65359297272443,25.068848257028623,0],[121.65354156315396,25.068852525313474,0],[121.65346213261843,25.068861396918248,0],[121.65341775038661,25.068866949208335,0],[121.65326977802494,25.068887052929306,0],[121.65322231207728,25.06889596945458,0],[121.65302739085412,25.068933762988166,0],[121.65286417097542,25.068966893787486,0],[121.65271850752318,25.068989662335586,0],[121.65259623521291,25.069003865923026,0],[121.65242460171426,25.069023687121565,0],[121.65199304544603,25.069065153120004,0],[121.65192594390692,25.069068575441435,0],[121.65169571156815,25.069080318417544,0],[121.65144440033201,25.069093143744656,0],[121.65115088927043,25.069101913906902,0],[121.65098125805046,25.06910522456559,0],[121.65081602741895,25.06910844976645,0],[121.65067914298326,25.06911112135859,0],[121.65055852146567,25.069107515430282,0],[121.6503221490818,25.069098609678036,0],[121.65006929654037,25.069090655092875,0],[121.64994211192511,25.069086652797868,0],[121.6498434472076,25.069083550101467,0],[121.64951148224083,25.069070242157082,0],[121.6495108257201,25.069070184707645,0]]}},{"type":"Feature","properties":{"cadgeom_type":"CADLWPolyline","thickness":0,"color":"#00FF00FF"},"geometry":{"type":"LineString","coordinates":[[121.6476787874478,25.074883264029523,0],[121.6480397310904,25.074897255587057,0],[121.64831788584341,25.074874211867865,0],[121.6484943031751,25.074838415924468,0],[121.6484943031751,25.074838415924468,0],[121.6484943031751,25.074838415924468,0],[121.6484943031751,25.074838415924468,0],[121.6484943031751,25.074838415924468,0],[121.6484943031751,25.074838415924468,0],[121.6484943031751,25.074838415924468,0],[121.64854792312596,25.074818998417644,0],[121.64860022319093,25.07479679474007,0],[121.64865102900895,25.07477187891607,0],[121.64870017120087,25.07474433401185,0],[121.64870017120087,25.07474433401185,0],[121.64878436253977,25.074692644199924,0],[121.64886566933606,25.074637256301106,0],[121.64894389594076,25.074578303598496,0],[121.64894389594076,25.074578303598496,0],[121.64897509496073,25.074552786312697,0],[121.6490045249336,25.07452558154715,0],[121.64913700022713,25.074405136550716,0]]}},{"type":"Feature","properties":{"cadgeom_type":"CADLWPolyline","thickness":0,"color":"#00FF00FF"},"geometry":{"type":"LineString","coordinates":[[121.65042268465155,25.07440221833956,0],[121.65042124222731,25.07443635648652,0],[121.6503734427951,25.07462013605197,0],[121.6502921696714,25.074722096092255,0],[121.65025473551894,25.07476905850434,0],[121.65011853174595,25.07493993037312,0],[121.64996583994589,25.075141424459378,0],[121.64992608653378,25.075203262272392,0],[121.6498813214016,25.0752814509289,0],[121.64981396741882,25.07540914481448,0],[121.64976647302026,25.075523668006163,0],[121.6496990476318,25.075695480492453,0],[121.6496889105935,25.075715481368178,0],[121.64965695926753,25.075729147481017,0],[121.64957593989074,25.075767219887766,0],[121.64946685889662,25.075818764680037,0],[121.64940217991689,25.075848872478392,0],[121.64931170043795,25.075882695404136,0],[121.64924476451853,25.07590331539298,0],[121.64913692904257,25.075941883366905,0],[121.64913692904257,25.075941883366905,0],[121.64906810729697,25.07596295957689,0],[121.64899237035561,25.075984852904593,0],[121.64892397884869,25.0760034703705,0],[121.64892397884869,25.0760034703705,0],[121.64853457883632,25.076096477846928,0],[121.6482953291472,25.076137175285492,0],[121.64769679623262,25.076110329758027,0],[121.64768523801808,25.076109487991356,0]]}},{"type":"Feature","properties":{"cadgeom_type":"CADLWPolyline","thickness":0,"color":"#00FF00FF"},"geometry":{"type":"LineString","coordinates":[[121.66070642349338,25.074356800618293,0],[121.66091336431273,25.07470564950021,0],[121.6611528648299,25.075092797865125,0],[121.66123778364903,25.07518281132986,0],[121.66136729728525,25.0753190200658,0],[121.6614300252355,25.07538433460806,0],[121.66153070977117,25.075461046968456,0],[121.66162126076384,25.075529023023996,0],[121.66184165463115,25.075674359071158,0],[121.66199608387547,25.075745892678704,0],[121.66215236381925,25.075818283302713,0],[121.66227837623953,25.075861764261706,0],[121.66243316464491,25.07589999214979,0],[121.66259421802665,25.07594164979233,0],[121.66265021681549,25.075956733319547,0],[121.66275145827801,25.0759842345908,0],[121.6629887148048,25.07604761063644,0],[121.66311282942284,25.076081533442768,0],[121.66325475369045,25.076120323932166,0],[121.66331208127944,25.07613599259258,0],[121.66345298036464,25.07617367817293,0],[121.66352321894529,25.076192464488233,0],[121.6636274862184,25.07622035218337,0],[121.66379240717114,25.076265130115218,0],[121.66393514740909,25.07630365009801,0],[121.66406375344096,25.076343410433125,0],[121.66429102612392,25.07642969440462,0],[121.66439788982561,25.076470264856894,0],[121.66446846066917,25.076497323105286,0],[121.66459630289154,25.076552087548077,0],[121.66462483310153,25.07656402236705,0],[121.6646962123366,25.07659250450356,0],[121.66486503308165,25.076659867097124,0],[121.66499369652063,25.076712935154642,0],[121.66504495117843,25.076734185916493,0],[121.66507651541897,25.07674737446978,0],[121.66513338771605,25.07677113720335,0],[121.66519304973079,25.076796065020485,0],[121.66526643416816,25.07682947053352,0],[121.66528761172238,25.076839110642755,0],[121.66548739413244,25.076928655126757,0],[121.66551113083011,25.076940432728204,0],[121.66558738281955,25.076986361543025,0],[121.66564076449963,25.077021097595452,0],[121.6656664739116,25.07703849599993,0],[121.6657119652916,25.077069987801057,0],[121.6657132942461,25.077070824864595,0]]}},{"type":"Feature","properties":{"cadgeom_type":"CADLWPolyline","thickness":0,"color":"#00FF00FF"},"geometry":{"type":"LineString","coordinates":[[121.6591229560952,25.074363840344567,0],[121.65908960052523,25.074202067097524,0],[121.65908960052523,25.074202067097524,0],[121.65902704328359,25.073898605510436,0],[121.65892252472598,25.073908680174764,0],[121.65887867597051,25.07368079612696,0],[121.65885287709146,25.07353447837522,0],[121.65882268827168,25.07340209481013,0],[121.65878893234813,25.07324008356567,0],[121.6587788642327,25.073191796890384,0],[121.65875203902833,25.07306301429204,0],[121.65870350392387,25.072830088700258,0],[121.65859118336466,25.07234007368933,0],[121.65854185888304,25.07208942909341,0],[121.65849356940029,25.071882929894386,0],[121.6583930651674,25.071607738660582,0],[121.65825243021837,25.07132194451942,0],[121.6581199314278,25.071132359028145,0],[121.65803727654868,25.071029362348856,0],[121.65786829185424,25.070857619716342,0],[121.6577179425421,25.070711942605932,0],[121.65761051077118,25.070629267112697,0],[121.65741189946563,25.070488987553713,0],[121.65732525821144,25.07044436185701,0],[121.65666483178009,25.070051411439458,0],[121.65666436304038,25.070051149563742,0]]}},{"type":"Feature","properties":{"cadgeom_type":"CADLWPolyline","thickness":0,"color":"#00FF00FF"},"geometry":{"type":"LineString","coordinates":[[121.65665771429511,25.068804192432253,0],[121.65667039389193,25.06880991319937,0],[121.65671019109193,25.068828592832304,0],[121.6567635924708,25.06885280308999,0],[121.65681113214004,25.068871943804925,0],[121.65685741143277,25.068890500522606,0],[121.6569071865433,25.068907911874014,0],[121.65694004719671,25.06891989932562,0],[121.65695253495238,25.0689231032671,0],[121.65698561472038,25.06893181311198,0],[121.65703572728412,25.068946903380613,0],[121.65703572728412,25.068946903380613,0],[121.65708347833474,25.068960548654687,0],[121.65739715350868,25.069045945280145,0],[121.65743009134314,25.0690551191413,0],[121.65756010200816,25.06908658682411,0],[121.65761401445249,25.069105433086563,0],[121.65772210605076,25.06913546031942,0],[121.65779778133367,25.0691565929804,0],[121.6578651345868,25.069175474892532,0],[121.65803767804175,25.06922538057739,0],[121.65807058671658,25.06924038296344,0],[121.65818273035711,25.06929151683734,0],[121.65826545855799,25.06932919320642,0],[121.65840558750725,25.069447367744704,0],[121.65853634303654,25.069555713913893,0],[121.65867068266276,25.06968071725785,0],[121.65879774419258,25.06981191193599,0],[121.65895041951326,25.069987158661593,0],[121.65902997634257,25.070086646291013,0],[121.65917636348065,25.070254598516616,0],[121.65917636348065,25.070254598516616,0],[121.65923406524729,25.070309223540022,0],[121.65932471899008,25.070406443062538,0],[121.65936708137674,25.070462368596317,0],[121.6594474717775,25.070602319734988,0],[121.65948912870331,25.070680881277084,0],[121.65955211130417,25.07081797339118,0],[121.65963010526913,25.070997688913085,0],[121.65971484834674,25.07124497366113,0],[121.65977063757369,25.07138996150845,0],[121.65978393968643,25.07142853811673,0],[121.65980746810294,25.071503765764064,0],[121.65981325193603,25.07152227432359,0],[121.6598249807072,25.071564074664177,0],[121.6598249807072,25.071564074664177,0],[121.6598278680327,25.071578453414844,0],[121.65990534954473,25.071885265112005,0],[121.65996566913998,25.07213024542718,0],[121.66002914459573,25.072393735743326,0],[121.66006509558042,25.072618688695933,0],[121.6601374936133,25.072988560470744,0],[121.6602587263616,25.07335979350681,0],[121.66032211236339,25.073553890069583,0],[121.66035980996098,25.07364078529811,0],[121.66051904838822,25.074007837930644,0],[121.66060739108786,25.074169852282076,0],[121.66070642349338,25.074356800618293,0]]}},{"type":"Feature","properties":{"cadgeom_type":"CADLWPolyline","thickness":0,"color":"#00FF00FF"},"geometry":{"type":"LineString","coordinates":[[121.6657132942461,25.077070824864595,0],[121.6658842413912,25.077178498498533,0],[121.66611446150009,25.077326533909257,0],[121.66613239486709,25.077338151273317,0],[121.66629543325217,25.077437921103186,0],[121.66636108140396,25.077480212704263,0],[121.66639499806891,25.077506874579505,0],[121.66643008654012,25.077534457695894,0],[121.66654168348624,25.077620052616318,0],[121.66679508975214,25.07778279695711,0],[121.66713423542899,25.07801079864513,0],[121.6672387824973,25.07808729313729,0],[121.66730146911162,25.078133159159343,0],[121.66737485165737,25.07818679279655,0],[121.66750790421644,25.078282792816598,0],[121.66775403403526,25.078460352476082,0]]}},{"type":"Feature","properties":{"cadgeom_type":"CADLWPolyline","thickness":0,"color":"#00FF00FF"},"geometry":{"type":"LineString","coordinates":[[121.63868533623037,25.06824360792939,0],[121.63868533623037,25.06824360792939,0],[121.63872072770891,25.068308128232275,0],[121.63874966190768,25.06836292914795,0],[121.63876999986798,25.06841669204079,0],[121.63878707864686,25.06845179223046,0],[121.63888870042445,25.068693893332803,0],[121.63902040555223,25.06899802407975,0],[121.63908819380387,25.069168524692035,0],[121.63917946485103,25.069486508644147,0],[121.63922905409642,25.069722346351934,0],[121.63924661290348,25.06978992769337,0],[121.63926518462964,25.06988144876019,0],[121.63932206120289,25.070160469229734,0]]}},{"type":"Feature","properties":{"cadgeom_type":"CADLWPolyline","thickness":0,"color":"#00FF00FF"},"geometry":{"type":"LineString","coordinates":[[121.63865294204598,25.068294625784702,0],[121.63865294204598,25.068294625784702,0],[121.63863321343732,25.068285183334915,0]]}},{"type":"Feature","properties":{"cadgeom_type":"CADLWPolyline","thickness":0,"color":"#00FF00FF"},"geometry":{"type":"LineString","coordinates":[[121.63865294204598,25.068294625784702,0],[121.63868533623037,25.06824360792939,0]]}},{"type":"Feature","properties":{"cadgeom_type":"CADLWPolyline","thickness":0,"color":"#00FF00FF"},"geometry":{"type":"LineString","coordinates":[[121.66297371191413,25.077814180843973,0],[121.66297371191413,25.077814180843973,0],[121.66297371191413,25.077814180843973,0],[121.66292462528054,25.07780088793197,0],[121.66285114602857,25.077766643461104,0],[121.66264191819197,25.077725617100494,0],[121.66264191819197,25.077725617100494,0],[121.66261430156081,25.077720203219283,0],[121.66255216378993,25.077683612944032,0],[121.6623481772913,25.077563486322166,0],[121.66226447340128,25.07750354331358,0],[121.66219780107131,25.077452151990475,0],[121.66212467407546,25.07738950448978,0],[121.66204925745704,25.07731877496617,0],[121.66188382639073,25.077172764992508,0],[121.66181285579124,25.07710337600589,0],[121.66166756221688,25.076982952685007,0],[121.66163090710458,25.07695631453074,0],[121.66149280539705,25.076875140302857,0],[121.66140306058615,25.076819232521142,0],[121.66131800421857,25.076749705492123,0],[121.66110148992713,25.076589375364208,0],[121.66082777933369,25.076456957184767,0],[121.66082777933369,25.076456957184767,0],[121.66069183174864,25.07638718685164,0],[121.66052077047291,25.07628383989638,0],[121.66047062810514,25.076252656164304,0],[121.66041876974035,25.076215726875386,0],[121.66036307645189,25.076176407776146,0],[121.66034991076954,25.07616503645559,0],[121.66029724816336,25.07611957824426,0],[121.66026837124417,25.07609464953158,0],[121.660223667538,25.076067954138498,0],[121.66020047094484,25.076045861011817,0],[121.66012326167572,25.07597230114718,0],[121.66001600670481,25.075863136071142,0],[121.65990910040526,25.075751676784687,0],[121.65976058451741,25.0755757309784,0],[121.6596626282969,25.075447588052327,0],[121.65957508992122,25.075327511538042,0],[121.6594736225538,25.075154501017852,0],[121.65944086328665,25.075099357598933,0],[121.65933066803876,25.074883969693275,0],[121.6592832837077,25.074774047511188,0],[121.65919576903279,25.07457495034629,0],[121.6591229560952,25.074363840344567,0]]}},{"type":"Feature","properties":{"cadgeom_type":"CADLWPolyline","thickness":0,"color":"#00FF00FF"},"geometry":{"type":"LineString","coordinates":[[121.66297371191413,25.077814180843976,0],[121.66298265899572,25.07781610001437,0],[121.66299144618117,25.07781855668585,0],[121.66300003458642,25.07782153998742,0],[121.663008386207,25.077825036717726,0],[121.6630164640863,25.077829031403418,0],[121.66302423247889,25.07783350636766,0],[121.663031657009,25.07783844180835,0],[121.66303870482236,25.077843815885725,0],[121.66304534473171,25.07784960481903,0],[121.66305154735483,25.07785578299168,0],[121.66305728524448,25.077862323064732,0],[121.66306253300988,25.07786919609776,0],[121.66306726742913,25.07787637167698,0],[121.66307146755189,25.077883818049777,0],[121.66307511479214,25.077891502265274,0]]}},{"type":"Feature","properties":{"cadgeom_type":"CADLWPolyline","thickness":0,"color":"#00FF00FF"},"geometry":{"type":"LineString","coordinates":[[121.66572421959931,25.079091172115007,0],[121.66542994676158,25.07909005938132,0],[121.66476454933583,25.079164220309263,0],[121.66476454933583,25.079164220309263,0],[121.66476454933583,25.079164220309263,0],[121.66469066694337,25.078875398358537,0],[121.6646626018242,25.078767258482532,0],[121.6645841598329,25.078465354698718,0],[121.66456252065218,25.07838204878306,0],[121.6645036869611,25.078155602844166,0],[121.66436413047767,25.07802751813065,0],[121.66436017105013,25.07802635661188,0],[121.6638166594095,25.077867176626825,0],[121.6638166594095,25.077867176626825,0],[121.66380529720655,25.07786385295166,0],[121.66376730836653,25.07786556682643,0],[121.66371810014795,25.077859668350158,0],[121.66359555074101,25.077838258104915,0],[121.66345365249863,25.07781161645683,0],[121.66332466104929,25.07778510684837,0],[121.66332466104929,25.07778510684837,0],[121.66332466104929,25.07778510684837,0]]}},{"type":"Feature","properties":{"cadgeom_type":"CADLWPolyline","thickness":0,"color":"#00FF00FF"},"geometry":{"type":"LineString","coordinates":[[121.66312657588078,25.077922419260986,0],[121.66312005485445,25.077936314924777,0],[121.66306853459804,25.077913577330182,0],[121.66307511479216,25.077891502265274,0]]}},{"type":"Feature","properties":{"cadgeom_type":"CADLWPolyline","thickness":0,"color":"#00FF00FF"},"geometry":{"type":"LineString","coordinates":[[121.66312657588078,25.077922419260986,0],[121.66313058843376,25.077910660638548,0],[121.66313541918102,25.077899160042776,0],[121.66314104830983,25.077887964641562,0],[121.66314745273297,25.07787712035104,0],[121.66315460618357,25.077866671647357,0],[121.66316247932264,25.07785666138417,0],[121.66317103985963,25.077847130616966,0],[121.66318025268478,25.07783811843461,0],[121.66319008001302,25.077829661799104,0],[121.66320048153908,25.077821795393934,0],[121.66320048153908,25.077821795393934,0],[121.6632146811409,25.077814162381078,0],[121.66322937813199,25.077807354934922,0],[121.66324451471829,25.07780139982482,0],[121.66326003137722,25.077796320468433,0],[121.66327586709158,25.077792136839623,0],[121.66329195958956,25.077788865389934,0],[121.6633082455896,25.07778651898388,0],[121.66332466104929,25.07778510684837,0]]}},{"type":"Feature","properties":{"cadgeom_type":"CADLWPolyline","thickness":0,"color":"#00FF00FF"},"geometry":{"type":"LineString","coordinates":[[121.66807502456311,25.078691874736567,0],[121.66824196847566,25.078812269156995,0],[121.66824196847566,25.078812269156995,0],[121.66831843266854,25.078867404358604,0],[121.66843576632596,25.07895200807634,0],[121.66843576632596,25.07895200807634,0],[121.66843576632596,25.07895200807634,0],[121.66848737332032,25.07898921912308,0],[121.66852999984428,25.079019954693223,0],[121.6685715834205,25.079051358892745,0],[121.6685715834205,25.079051358892745,0],[121.66888359609058,25.079276091734133,0],[121.6689045676253,25.079291209199752,0],[121.66895083611476,25.07932610642012,0],[121.66899785857498,25.079361777815656,0],[121.66903307988127,25.079388137071962,0],[121.6690675396119,25.0794141274921,0],[121.66907610156463,25.079420585127846,0],[121.66914469048857,25.079470908915752,0],[121.66921625258676,25.079523413821402,0],[121.66929458924001,25.079580888851044,0],[121.66934443478988,25.079617459982288,0],[121.6694060430798,25.07966257826669,0],[121.6696422216756,25.079835539705307,0],[121.66975830059552,25.079922044548898,0],[121.66986786089122,25.080003691110253,0],[121.67002632303817,25.080127488696963,0],[121.67004352910398,25.080141074389143,0],[121.66998989701318,25.080210241313516,0],[121.67000739297353,25.080223854085233,0],[121.67019582533592,25.08037572731341,0],[121.67028070870911,25.080446355619358,0],[121.67028070870911,25.080446355619358,0],[121.67028070870911,25.080446355619358,0],[121.67035457468128,25.0804826032897,0],[121.67041417139923,25.08054996831091,0],[121.67047267995763,25.0806167524827,0],[121.6705536736018,25.080687369800305,0],[121.67075052628059,25.080877484567026,0]]}},{"type":"Feature","properties":{"cadgeom_type":"CADLWPolyline","thickness":0,"color":"#00FF00FF"},"geometry":{"type":"LineString","coordinates":[[121.66775403403526,25.078460352476082,0],[121.66778047878695,25.078474504003225,0],[121.66784396453393,25.078525220897504,0],[121.66807502456311,25.078691874736567,0]]}},{"type":"Feature","properties":{"cadgeom_type":"CADLWPolyline","thickness":0,"color":"#00FF00FF"},"geometry":{"type":"LineString","coordinates":[[121.64765469991391,25.070303620217636,0],[121.64749453057436,25.07003233448785,0],[121.64749453057436,25.07003233448785,0],[121.64742742751632,25.069911975150898,0],[121.64736967533486,25.069787657506605,0],[121.64732155355425,25.0696599833212,0],[121.64728329507989,25.069529570606587,0],[121.64725508507156,25.069397050628776,0],[121.64723706004763,25.069263064852024,0],[121.64722930722486,25.06912826183374,0],[121.64722930722486,25.06912826183374,0],[121.64723033496946,25.06903843606939,0],[121.64723752255522,25.068948844285913,0],[121.64725084188339,25.068859836561508,0],[121.64727024089578,25.06877176069145,0],[121.64729564377848,25.068684960829053,0],[121.64729564377848,25.068684960829053,0],[121.64732748119381,25.068598873478933,0],[121.647365597576,25.06851492915109,0],[121.64740982062463,25.06843350727743,0],[121.64745995043808,25.0683549758875,0],[121.64751576041718,25.068279689945072,0],[121.64751576041718,25.068279689945072,0],[121.6475766919298,25.068197847058023,0],[121.64764321524125,25.06811969969372,0]]}},{"type":"Feature","properties":{"cadgeom_type":"CADLWPolyline","thickness":0,"color":"#00FF00FF"},"geometry":{"type":"LineString","coordinates":[[121.66883928333593,25.080594683280733,0],[121.668365737475,25.080299420884906,0],[121.66746530112938,25.07972110006369,0],[121.66742660852529,25.07971227254166,0],[121.66734246231847,25.07970517374667,0],[121.66728223200823,25.079731837656976,0],[121.66713404105796,25.079711845372092,0],[121.66708784040941,25.07972598057053,0],[121.66698374153074,25.079692608730095,0],[121.66693383742313,25.079705130255093,0],[121.66699438644366,25.07959861432437,0],[121.6670135123951,25.07956498101963,0],[121.6668878100934,25.079503869792607,0],[121.66685003263214,25.0795707828252,0],[121.66678710289271,25.07968223521126,0],[121.6666899657867,25.079668378002385,0],[121.66656558350235,25.079669265606558,0],[121.66651709869642,25.079642114333364,0],[121.66647391155014,25.07964287889423,0],[121.66642556616219,25.07961053615812,0],[121.66640603871475,25.079549134618272,0],[121.66630952917863,25.079514637602806,0],[121.66630510860242,25.07949602674996,0],[121.66622037935852,25.07945721432356,0],[121.66615669094281,25.079401238571023,0],[121.6661815403729,25.079344467524248,0],[121.66606237879975,25.07926128954313,0],[121.66605427899971,25.079255635882603,0],[121.665841360285,25.079150302103127,0],[121.66584147853568,25.07915011215602,0],[121.66582660571466,25.079092794894915,0],[121.66582660571466,25.079092794894915,0],[121.66582645245337,25.079091558551443,0],[121.66572421959931,25.079091172115007,0]]}},{"type":"Feature","properties":{"cadgeom_type":"CADLWPolyline","thickness":0,"color":"#00FF00FF"},"geometry":{"type":"LineString","coordinates":[[121.66930352685421,25.080884017412195,0],[121.66915716045484,25.080792776702374,0],[121.66908327214983,25.08074671669669,0],[121.66906688028857,25.080736498436192,0],[121.66883928333593,25.080594683280733,0]]}},{"type":"Feature","properties":{"cadgeom_type":"CADLWPolyline","thickness":0,"color":"#00FF00FF"},"geometry":{"type":"LineString","coordinates":[[121.64951141802068,25.06907002374797,0],[121.64938950171707,25.069058498692407,0],[121.64938950171707,25.069058498692407,0],[121.64936050654667,25.06906080287092,0],[121.64933174105349,25.069064842003115,0],[121.64930333023975,25.069070598536744,0],[121.64927539756646,25.069078047456436,0],[121.64924806441687,25.069087156392477,0],[121.64922144956908,25.069097885761426,0],[121.64922144956908,25.06909788576142,0],[121.64919584022913,25.069111132652097,0],[121.64917129319619,25.0691259542854,0],[121.64914792500596,25.06914228029672,0],[121.6491258465977,25.06916003317949,0],[121.64910516278778,25.069179128653108,0],[121.64908597177183,25.069199476063112,0],[121.64906836465879,25.069220978811483,0],[121.64905242503816,25.069243534815257,0],[121.64903822858334,25.06926703699115,0],[121.64903822858334,25.06926703699115,0],[121.64902912605379,25.06928588691375,0],[121.64902142859665,25.06930524929093,0],[121.64901517070804,25.069325037351806,0],[121.64901038043296,25.0693451624178,0],[121.6490070792393,25.069365534300054,0],[121.6490052819219,25.069386061703533,0],[121.64900499653602,25.069406652636232,0],[121.64900622436137,25.069427214821385,0],[121.6490089598963,25.06944765611101,0],[121.64901319088241,25.069467884898888,0],[121.64901889835957,25.069487810531044,0],[121.64901889835957,25.069487810531044,0],[121.64905406186756,25.069582911465798,0],[121.6492641582128,25.070036181957136,0],[121.64931529375377,25.07014439233486,0],[121.64933635371627,25.070189694221877,0],[121.64933638505372,25.070189761638666,0],[121.64943416885525,25.070400199021652,0],[121.64947502078597,25.07048809686243,0],[121.6495066868982,25.070556246625664,0],[121.64960706242725,25.070771923877,0],[121.64964946038033,25.070861150769314,0],[121.64966710731176,25.070898266327152,0],[121.64970991599671,25.070988352634174,0],[121.64978126320221,25.071138492744513,0],[121.64995453289525,25.071503080408952,0],[121.64995453289525,25.071503080408952,0],[121.64996417170889,25.07152336197148,0],[121.65005535594578,25.07171856352001,0],[121.65006200815752,25.07173278077882,0],[121.65007385421843,25.071758077913902,0],[121.65009069820559,25.07179405457623,0],[121.65010035318998,25.071814703515884,0],[121.6501709605413,25.07196555780622,0],[121.65024100173625,25.072163259314568,0],[121.65028662063563,25.07228351985252,0],[121.6503526563194,25.07248639708889,0],[121.65036255747144,25.072522172275267,0],[121.65037681675781,25.07257369720397,0],[121.65040591123433,25.072682568321323,0],[121.65044608950137,25.072850259238418,0],[121.65048114485768,25.073026731365992,0],[121.65048603127961,25.073051624763746,0],[121.65049078665348,25.073075904654775,0],[121.65051684719748,25.073289977367192,0],[121.65052932958665,25.073468183231444,0],[121.65043325584213,25.073463635633598,0],[121.65044986858024,25.073769474291165,0],[121.65044840611075,25.073937757584023,0],[121.6504426927105,25.07403661152377,0],[121.650430007516,25.07422890640988,0],[121.65042268465155,25.07440221833956,0]]}},{"type":"Feature","properties":{"cadgeom_type":"CADLWPolyline","thickness":0,"color":"#00FF00FF"},"geometry":{"type":"LineString","coordinates":[[121.63757112338163,25.063934085984357,0],[121.63754164478864,25.063956772104344,0],[121.63811137967454,25.06457066299761,0],[121.63815098132544,25.064541500411888,0]]}},{"type":"Feature","properties":{"cadgeom_type":"CADLWPolyline","thickness":0,"color":"#00FF00FF"},"geometry":{"type":"LineString","coordinates":[[121.63286680471222,25.06134656404055,0],[121.63286733337193,25.06134709024538,0],[121.63324589940186,25.061734513777452,0],[121.63369194963735,25.062195377671404,0],[121.63375064880327,25.062256021810168,0],[121.63393096325018,25.06241995271836,0],[121.63399130189056,25.0624663834582,0],[121.63416540639417,25.062600381577504,0],[121.63427979412887,25.06268689133025,0],[121.63441816763002,25.062796063834803,0],[121.63448753259726,25.062833148297678,0],[121.63455960051562,25.06286388533274,0],[121.634637370815,25.06288798855862,0],[121.63470057980479,25.06289779252889,0],[121.63476491047187,25.0629068036381,0],[121.63481923622409,25.06291554907167,0],[121.63481923622409,25.06291554907167,0],[121.6349899274028,25.062887094703438,0],[121.63512832241753,25.062861649316574,0],[121.63530265666665,25.0628230311755,0],[121.6354855456094,25.06279336941815,0],[121.63562579929025,25.0627949225654,0],[121.63580498771135,25.062817996108137,0],[121.63599116852632,25.062849895064804,0],[121.63603688063553,25.062861228694064,0],[121.63612137477193,25.06288428015939,0],[121.63619992734051,25.06291298589059,0],[121.63627200265506,25.06294107687692,0],[121.63636703856427,25.062979034940472,0],[121.6364156176702,25.0630034312106,0],[121.63646436149989,25.063030077925184,0],[121.63650992313343,25.063057195852387,0],[121.63658621836495,25.063107583907875,0],[121.6365935596312,25.06311271985319,0],[121.6366579681557,25.063159748579285,0],[121.63684622233707,25.063307613782097,0],[121.63685887693194,25.06331838443892,0],[121.63722418243408,25.063629292075802,0],[121.63734139997833,25.063727812237584,0],[121.63752073652135,25.06388689904579,0],[121.63756980052484,25.063934363224927,0],[121.63757042106407,25.063934978334153,0]]}},{"type":"Feature","properties":{"cadgeom_type":"CADLWPolyline","thickness":0,"color":"#00FF00FF"},"geometry":{"type":"LineString","coordinates":[[121.63815078938963,25.064541984294312,0],[121.63824282524565,25.064641934169433,0],[121.63833755652038,25.064747566330638,0],[121.63841744341191,25.064847767622684,0],[121.63852932667602,25.06500685013431,0],[121.63861683151744,25.0651499742184,0],[121.63861695888649,25.06515018907183,0]]}},{"type":"Feature","properties":{"cadgeom_type":"CADLWPolyline","thickness":0,"color":"#00FF00FF"},"geometry":{"type":"LineString","coordinates":[[121.65482043037645,25.067781909133096,0],[121.65490413428479,25.067816763480085,0],[121.65490413428479,25.067816763480085,0],[121.65504330808835,25.067874715367882,0],[121.65518849587521,25.067916296205187,0],[121.65518849587521,25.067916296205187,0],[121.65536336224837,25.06797074835181,0],[121.65560977693642,25.068054129648733,0],[121.65560977693642,25.068054129648733,0],[121.65569729489425,25.068104300336987,0],[121.65568362577929,25.068126115071497,0],[121.6558781156309,25.06826568388968,0],[121.65594721389171,25.068316449932922,0],[121.65601379240624,25.06836442836963,0],[121.65602958178465,25.068375370887722,0],[121.65605367538329,25.06839294833623,0],[121.65609910668248,25.068431621218867,0],[121.65611126623607,25.0684417864307,0],[121.6561618668956,25.06848042605673,0],[121.65619281026353,25.06850558055842,0],[121.65623279442556,25.068538505833274,0],[121.65627407854376,25.068571978883636,0],[121.65631513188498,25.068604405209655,0],[121.65633828730972,25.068623230552877,0],[121.65635899515924,25.068634956466763,0],[121.6564062355722,25.068660787612785,0],[121.65644327071998,25.06868271811067,0],[121.6564637455582,25.06869624107131,0],[121.65650541605845,25.06872029354464,0],[121.65655057200051,25.06874500083514,0],[121.65659138089337,25.068767614370273,0],[121.65663157604801,25.068790518160657,0],[121.65665771429511,25.068804192432253,0]]}},{"type":"Feature","properties":{"cadgeom_type":"CADLWPolyline","thickness":0,"color":"#00FF00FF"},"geometry":{"type":"LineString","coordinates":[[121.67476374479824,25.084179495955212,0],[121.67476374479824,25.084179495955212,0]]}},{"type":"Feature","properties":{"cadgeom_type":"CADLWPolyline","thickness":0,"color":"#00FF00FF"},"geometry":{"type":"LineString","coordinates":[[121.68189272119604,25.082898843226495,0],[121.68189272119604,25.082898843226495,0]]}},{"type":"Feature","properties":{"cadgeom_type":"CADLWPolyline","thickness":0,"color":"#00FF00FF"},"geometry":{"type":"LineString","coordinates":[[121.68948639844966,25.085992335184777,0],[121.68948639844966,25.085992335184777,0],[121.68948639844966,25.085992335184777,0]]}},{"type":"Feature","properties":{"cadgeom_type":"CADLWPolyline","thickness":0,"color":"#00FF00FF"},"geometry":{"type":"LineString","coordinates":[[121.69699195698455,25.093885737718153,0],[121.69699101804972,25.093887966351303,0]]}},{"type":"Feature","properties":{"cadgeom_type":"CADLWPolyline","thickness":0,"color":"#00FF00FF"},"geometry":{"type":"LineString","coordinates":[[121.69410887739967,25.081966814352633,0],[121.69410966775865,25.081969709906843,0]]}},{"type":"Feature","properties":{"cadgeom_type":"CADLWPolyline","thickness":0,"color":"#00FF00FF"},"geometry":{"type":"LineString","coordinates":[[121.7275221253778,25.111138894154152,0],[121.72751833948008,25.111100540002557,0],[121.72753157711662,25.11110194573289,0],[121.72776529266667,25.111143120665485,0],[121.7279952586373,25.11118757244791,0],[121.72812828058093,25.111215109049486,0],[121.72828539731647,25.111251992285563,0],[121.72842264541188,25.111305290364967,0],[121.72846596192059,25.11132460129397,0],[121.72851216654504,25.11135304088429,0],[121.72851216654504,25.11135304088429,0],[121.72858670123527,25.11137770843557,0],[121.7289137128193,25.11148520959873,0],[121.72899748419078,25.11150575515145,0]]}},{"type":"Feature","properties":{"cadgeom_type":"CADLWPolyline","thickness":0,"color":"#00FF00FF"},"geometry":{"type":"LineString","coordinates":[[121.69837449585401,25.08726859060364,0],[121.69835164182628,25.087259151514814,0],[121.69839397615365,25.087207386891926,0],[121.69840314237632,25.087208080271065,0],[121.6984117009636,25.087191821858717,0],[121.69840255637688,25.087182065247397,0],[121.69841283425147,25.087129652111685,0],[121.69840105307847,25.087089829319073,0],[121.6984536379755,25.087030225949416,0],[121.69848918475233,25.08702506871467,0],[121.69849480450242,25.0870139940467,0],[121.69852766277056,25.086944383235465,0],[121.69854122203553,25.086908674280707,0],[121.69851058561747,25.086883592710308,0],[121.6984652509726,25.0868825138997,0],[121.69847255276434,25.086828603464173,0],[121.6984977882584,25.08675293402501,0],[121.69850267186295,25.08673851503652,0],[121.69851814989738,25.08669281279574,0],[121.69853694672432,25.08663733849823,0],[121.69855496615287,25.086584156076157,0],[121.69856362894386,25.086558596692324,0],[121.69861534466776,25.08656830463844,0],[121.6986025848177,25.086617335884487,0],[121.69858450178414,25.086616946726686,0],[121.69858165949094,25.086647706276555,0],[121.69859610047617,25.08664969780724,0],[121.6985986920325,25.08668790617423,0],[121.69862741694797,25.08669095197539,0],[121.69866212583047,25.086622355444455,0],[121.6986718230046,25.086603318931516,0],[121.6987036171286,25.086540903873466,0],[121.69879587873696,25.08633360688728,0],[121.69873599435134,25.086290556430782,0],[121.69874562066444,25.086211992115278,0],[121.69877126584164,25.08613761856557,0],[121.69882161887975,25.086114644472623,0],[121.69885534183616,25.08608765426485,0],[121.69885864342349,25.0860303610749,0],[121.69887128195953,25.086015992522007,0],[121.69886046575097,25.085989187173052,0],[121.69889389827392,25.08595986397973,0],[121.69901426151488,25.085686487721127,0],[121.69904585186778,25.085683709374404,0],[121.69907553853378,25.085703629315447,0],[121.69910774440436,25.085690975906665,0],[121.69911812618409,25.08567079765514,0],[121.69910315157827,25.085635069812454,0],[121.69913087644844,25.08560721174922,0],[121.69915146532621,25.085600988099486,0],[121.69938049530516,25.0851667912278,0],[121.69937176106995,25.08515784869493,0],[121.69939348119594,25.08508669658415,0],[121.6994224596621,25.08510043738622,0],[121.69942263258024,25.08510015829393,0],[121.69946727337923,25.085030667982878,0],[121.69946139983452,25.085019138000856,0],[121.69947275011447,25.085019267822773,0],[121.6996046513017,25.084751785414024,0],[121.69967743770484,25.0846089878254,0],[121.69971499961125,25.08453125193875,0],[121.69982401636223,25.084305678918398,0],[121.6998273904592,25.08429869197464,0],[121.69993051917814,25.08408924626288,0],[121.69993964128872,25.08407319772878,0],[121.69997482730572,25.084001196261834,0],[121.7000709148652,25.083804675792024,0],[121.70010064924159,25.083743880418748,0],[121.70012111968451,25.083702491691852,0],[121.700150055616,25.083635854172186,0],[121.70017491425078,25.083589095061555,0],[121.70019312893533,25.083564528858165,0],[121.70020581901383,25.08353835740951,0],[121.70023426491736,25.083479576885853,0],[121.7002416930123,25.083467831136456,0],[121.70026580620478,25.08341771709554,0],[121.70027785089745,25.08339266050731,0],[121.70034095491822,25.08326355949999,0],[121.70035534890292,25.08323411712022,0],[121.70041731150033,25.083107381453555,0],[121.70047053130487,25.08299414094587,0],[121.7004805208784,25.08297465229798,0],[121.70056521644115,25.0828093198308,0],[121.70062921321396,25.082680115311927,0],[121.7007708965225,25.082403217887396,0],[121.70075580455283,25.08239880852563,0],[121.70066543790591,25.082372406416646,0],[121.7006731242971,25.082350895726687,0],[121.70072043906991,25.082218518373132,0],[121.70073160800845,25.08217480552829,0],[121.70074878427378,25.08208956589846,0],[121.70074957233267,25.08208570500435,0],[121.70075712600732,25.08203039516385,0],[121.7007587518113,25.08200215340059,0],[121.70075636008362,25.0818605172687,0],[121.70074187619126,25.081756182011535,0],[121.70072963972206,25.081685471198575,0],[121.700708616815,25.081600786815827,0],[121.70066341173394,25.081488400937243,0],[121.70063597672781,25.0814299966765,0],[121.70056697853957,25.081339429698836,0],[121.70031501453113,25.081125149543983,0],[121.70008262666327,25.08099583957026,0],[121.6999343728601,25.080951257412046,0],[121.69982652072065,25.08092766306922,0],[121.69974764444714,25.08090295531059,0],[121.69942204906938,25.080800962970994,0],[121.69938579735008,25.080789607110702,0],[121.69937743193135,25.080786986639595,0],[121.6993164292192,25.08076787749526,0],[121.69923753543178,25.08074599982062,0],[121.69906797064732,25.080699418040048,0],[121.69887448506348,25.08064632959085,0],[121.69880226200573,25.080626512998048,0],[121.69867633970942,25.080591962285574,0],[121.69858101097205,25.0805626493847,0],[121.69852260597442,25.0805419959516,0],[121.69847748243694,25.080526039146385,0],[121.69844495142422,25.08051660882709,0],[121.69821955718068,25.08045126971731,0],[121.69789532448036,25.0803571533256,0],[121.69784175249806,25.080341602677905,0],[121.69751247856439,25.08024602192238,0],[121.69730372706964,25.080188318280417,0],[121.69723569206907,25.080169511789332,0],[121.69707600338185,25.080125369894784,0],[121.69701215932271,25.08010247192772,0],[121.69682514172479,25.080035396992095,0],[121.69674806172165,25.080013496245087,0],[121.69665767064146,25.07998781335936,0],[121.69662555328766,25.079978687815455,0],[121.69652705768793,25.079950702085306,0],[121.69643941199763,25.079925799093047,0],[121.69633873232267,25.079897192644722,0],[121.69608584931719,25.07982533979899,0],[121.69600647178154,25.079802785776913,0],[121.69511633050283,25.079537495502677,0],[121.69490241861675,25.07945986666246,0],[121.6945965325812,25.079383641901057,0],[121.69449931360602,25.07936073662015,0],[121.69424305881621,25.079335292701245,0],[121.69402090718728,25.079320218940243,0],[121.69387662245073,25.079310554601967,0],[121.69364412844118,25.07930649722346,0],[121.69360187412035,25.079305751626933,0],[121.6935326720294,25.07930885647643,0],[121.69340825178246,25.079314449317273,0],[121.69316985150006,25.079328713872496,0],[121.69313677869476,25.07933021402297,0],[121.69294084304063,25.079342316587848,0],[121.69287101863286,25.079357351000397,0],[121.69279937061282,25.07937508031352,0],[121.6927993711628,25.07937531774431,0],[121.69276074452995,25.079386688803687,0],[121.69259074090739,25.079436734991848,0],[121.69253844735921,25.07945549792906,0],[121.69252211621924,25.079461359723282,0],[121.69237086959583,25.07951564482407,0],[121.69223253481596,25.079565295016515,0],[121.69213911514547,25.079601209282593,0],[121.69213911514547,25.079601209282593,0],[121.69210668964641,25.079613008672396,0],[121.69207522060073,25.079626789588843,0],[121.69204485380114,25.079642488186632,0],[121.6920157299339,25.079660031736026,0],[121.69198798392709,25.079679338959814,0],[121.69196174432547,25.07970032040983,0],[121.69193713269505,25.079722878881384,0],[121.69191426305973,25.079746909863527,0],[121.69189324137321,25.079772302023294,0],[121.69187416502793,25.079798937721435,0],[121.691857122404,25.079826693557447,0],[121.6918199299624,25.079885623342005,0],[121.6918199299624,25.079885623342005,0],[121.69180554328989,25.079917895110665,0],[121.69179350185215,25.079950953765387,0],[121.69178385707808,25.07998465811809,0],[121.69177665016099,25.080018864222886,0],[121.69177191188255,25.080053425990855,0],[121.6917696624813,25.08008819581399,0],[121.69176991156621,25.080123025195565,0],[121.69177265807562,25.080157765384403,0],[121.69177789028163,25.080192268010094,0],[121.69178558584031,25.080226385716728,0],[121.691795711887,25.0802599727922,0],[121.69180822517664,25.080292885790545,0],[121.69182307226846,25.080324984144607,0],[121.69184018975415,25.080356130766326,0],[121.69184915439673,25.080370182801303,0],[121.69186321258907,25.080390408675743,0],[121.69187126981421,25.080402021810922,0],[121.6918818381864,25.08041722285054,0],[121.69191993048595,25.080461030296295,0],[121.69196232529808,25.080499337456985,0],[121.69197071718652,25.080506915697526,0],[121.69202479891223,25.080545367306375,0],[121.69225963054778,25.080690011871415,0],[121.69240413506398,25.08077803860719,0],[121.6925099517402,25.080842497988918,0],[121.69269422051427,25.080954500691117,0],[121.6927698170078,25.08099873585144,0],[121.69299956972911,25.081133170025055,0],[121.69329548885051,25.081313927670305,0],[121.69336990322789,25.081356826410424,0],[121.69343388084853,25.081396827413567,0],[121.69344084104908,25.081400890668178,0],[121.69345757944761,25.08141074219635,0],[121.6935347335931,25.081460200110946,0],[121.69357353889913,25.081485080617927,0],[121.69368399259575,25.081560116462725,0],[121.69376340863366,25.081631757102933,0],[121.69383067464078,25.081693716656886,0],[121.69393671067755,25.08181316656977,0],[121.69394983287683,25.08182091715363,0],[121.69395535581818,25.081826553521452,0],[121.69401431862576,25.081887110883603,0],[121.69403417224328,25.08190732810919,0],[121.69415499262718,25.08217706299623,0],[121.69415499262718,25.08217706299623,0],[121.69417334113238,25.082316709662056,0],[121.69418217845968,25.082457122071663,0],[121.69418147079395,25.08259776346782,0],[121.69417122080769,25.082738096216143,0],[121.69415146765142,25.082877583860338,0],[121.69407320873745,25.08323794930572,0],[121.6939987785026,25.08358068261704,0],[121.69397918116383,25.08367092333718,0],[121.69383709978908,25.08432516781356,0],[121.69379182314451,25.08453365252235,0],[121.6937389876213,25.08477694262732,0],[121.69372888672763,25.084823453795252,0],[121.69368366387565,25.085037351025562,0],[121.6936091063778,25.08537944929172,0],[121.69358578360819,25.08548646268598,0],[121.69353257567921,25.085730599444673,0],[121.69351787344601,25.085798058314822,0],[121.69350865178636,25.085840370404327,0],[121.69344183246986,25.08614695915888,0],[121.69344183246986,25.08614695915888,0],[121.69342585273355,25.086182621291677,0],[121.69342585273355,25.086182621291677,0],[121.69333638436291,25.086338109461547,0],[121.69323588302603,25.086487903884475,0],[121.6931247836598,25.086631356239582,0],[121.69300356707517,25.0867678456526,0],[121.69300356707517,25.0867678456526,0],[121.69295802481619,25.086814320827738,0],[121.69290968765495,25.08685839283489,0],[121.69285870824082,25.086899922491295,0],[121.6928052475682,25.086938778643002,0],[121.69280326132595,25.086940099106275,0],[121.69257879524567,25.08708932486979,0],[121.69248874385637,25.087154378982707,0],[121.69243516578699,25.087183208735674,0],[121.69229150179913,25.087344270557512,0],[121.69212764129225,25.087527974037997,0],[121.69196031821414,25.087477953419548,0],[121.69185866665057,25.08746054675532,0],[121.69173950222111,25.087454527247836,0],[121.69164053349246,25.08745627333451,0],[121.69156544615545,25.087475442648852,0],[121.69146432028043,25.087492928967666,0],[121.69135560182893,25.087505571095154,0],[121.69129701516599,25.087518181037623,0],[121.69121884662859,25.087545234641006,0],[121.6911605213012,25.08754750824373,0],[121.6910917946567,25.087533286598653,0],[121.69084749533002,25.087478737349528,0],[121.69056462512083,25.087419058447114,0],[121.6903556497263,25.087372189395605,0],[121.69028363407,25.08735362500977,0],[121.69015240704675,25.087319796856537,0],[121.6899840148179,25.08727392473175,0],[121.68989752212511,25.087243030802618,0],[121.68967296338303,25.087161455708014,0],[121.68957063078882,25.087116908736018,0],[121.68929904374849,25.087048370426384,0],[121.68908365970938,25.086986654810087,0],[121.6887909467645,25.08689241265669,0],[121.68862134246714,25.086812812184082,0],[121.68840432127328,25.086695408306742,0],[121.6881794779614,25.08657532007414,0],[121.68792184752262,25.08641576473852,0],[121.68784271809511,25.08636974313235,0],[121.68757471004325,25.086178519528055,0],[121.68741601224333,25.086062181503056,0],[121.68720473008521,25.08590678750465,0],[121.68712453882598,25.085846039552266,0],[121.6869887339275,25.08575441907042,0],[121.68672823300108,25.085578688322506,0],[121.68645834337147,25.08538825406994,0],[121.68644458913948,25.08538031494994,0],[121.6862558888747,25.085262628120812,0],[121.686165545788,25.08520273923054,0],[121.68602254468878,25.085106285592968,0],[121.68599688213504,25.08508939005899,0],[121.68579561126653,25.084957012568225,0],[121.68576862686203,25.084940149378482,0],[121.6855106507343,25.084769576882092,0],[121.68531704399699,25.084642230331294,0],[121.68528379769307,25.0846203844172,0],[121.68505119008464,25.084479226159647,0],[121.684562354187,25.08416569794031,0],[121.68432496496531,25.084015457223966,0],[121.68429944688174,25.083997232682986,0],[121.68398313586152,25.083813279131466,0],[121.6837742134879,25.083701831556414,0],[121.68377308030956,25.0837011261793,0],[121.68364496163368,25.083621375178048,0],[121.68353430742266,25.08355116749501,0],[121.68345114252378,25.083517631407425,0],[121.68325538416259,25.083438739648642,0],[121.68265096726847,25.083177524750212,0],[121.68247531175194,25.08310644040933,0],[121.68238874254183,25.083089442420906,0],[121.68211413038271,25.082975945061634,0],[121.68205853824485,25.082952945832655,0],[121.68199589923292,25.08292868100772,0],[121.68199589923292,25.08292868100772,0],[121.6819757834006,25.082922625475568,0],[121.68195528345275,25.082917754111932,0],[121.68193448334536,25.08291408686712,0],[121.68191346826373,25.082911638760052,0],[121.68189232427343,25.082910419816795,0],[121.68189232427343,25.082910419816795,0],[121.6818703488911,25.082910233122767,0],[121.68184841234013,25.082911436901572,0],[121.68182662057261,25.08291402533903,0],[121.68180507884142,25.082917985933175,0],[121.6817838911918,25.082923299554608,0],[121.68176315995879,25.08292994053889,0],[121.68174298527305,25.082937876810472,0],[121.68172346457719,25.082947070037665,0],[121.6817046921552,25.08295747581775,0],[121.68168675867693,25.082969043891428,0],[121.68166975076034,25.082981718385575,0],[121.68165375055298,25.082995438083096,0],[121.68163883533536,25.083010136718617,0],[121.68162507714759,25.083025743298496,0],[121.68161254244147,25.083042182443762,0],[121.68160129175952,25.083059374754146,0],[121.68156947201366,25.08314142078679,0],[121.68169976019662,25.083761387650725,0],[121.68172597769845,25.083884821536646,0],[121.6818159623205,25.084346195505706,0],[121.68190071375761,25.084746325589744,0],[121.68201120874966,25.085269536543297,0],[121.68202937298585,25.085349380320437,0],[121.68201913060038,25.085375355660613,0],[121.6820251549091,25.085402908166394,0],[121.68204808434416,25.085418066658267,0],[121.68206767482337,25.08549858078309,0],[121.68206735787946,25.08554941561855,0],[121.68206576242716,25.08555857688449,0],[121.68208660549682,25.08575799759703,0],[121.68210472606454,25.08603102588944,0],[121.68217411857822,25.08668083003843,0],[121.68216865529953,25.086812772895318,0],[121.68216955674029,25.087037412643525,0],[121.68214791802502,25.08722278294964,0],[121.6821173996277,25.08739139069642,0],[121.68211598035602,25.087399231864268,0],[121.68198454012538,25.08769926718669,0],[121.68197209637432,25.087725828510255,0],[121.68193007414365,25.08779762599269,0],[121.68188918372614,25.08785149321348,0],[121.68186086782609,25.087882862449007,0],[121.68181507452323,25.08792613061851,0],[121.68171130564852,25.088034126633953,0],[121.68153428413038,25.08820224942104,0],[121.68128718353817,25.088446601421037,0],[121.68108947435177,25.088638814626673,0],[121.68097443720421,25.088664761865854,0],[121.6808235757659,25.088689447465963,0],[121.6808235757659,25.088689447465963,0],[121.68074254661813,25.088707341209158,0],[121.68066052639203,25.088720985888138,0],[121.6805777835396,25.088730336843696,0],[121.68049458887828,25.088735363469947,0],[121.68041121470445,25.088736049314576,0],[121.6803745916596,25.08873442625046,0],[121.6802555040279,25.088721958707644,0],[121.6801904419323,25.08871039587245,0],[121.68014181250645,25.08869775381355,0],[121.68008907011551,25.088684042484996,0],[121.68003062446508,25.088668848533384,0],[121.67995435264426,25.08864902050379,0],[121.67992734237755,25.088641998109054,0],[121.67986195234316,25.08860673901476,0],[121.67980203257704,25.088564175306566,0],[121.6796525582694,25.088463981963027,0],[121.67963531970388,25.088452426335163,0],[121.67951617448728,25.088372562211834,0],[121.67926822770936,25.08820636035322,0],[121.67911661381284,25.08810473115143,0],[121.67895564829051,25.08799772466359,0],[121.67863005462416,25.08777528295414,0],[121.67847547988144,25.087670034476027,0],[121.67820740130223,25.087485058875416,0],[121.67810991859126,25.08740975935556,0],[121.67781531296559,25.08718219329582,0],[121.67781531296559,25.08718219329582,0],[121.67771360810804,25.08710452698472,0],[121.67761713022279,25.087021514117875,0],[121.67752621767958,25.086933445848995,0],[121.67716036221687,25.086561188944998,0],[121.67716036221687,25.086561188944998,0],[121.67712305660402,25.086532055572853,0],[121.67708772592889,25.086500947344227,0],[121.67705449604301,25.086467975071127,0],[121.676825744735,25.08653742116799,0],[121.67669184884664,25.086575907813934,0],[121.67664507771782,25.08660185343672,0],[121.67659238987379,25.08662774869999,0],[121.6765366030329,25.086665832723114,0],[121.67648805950448,25.08670383537373,0],[121.67645443385442,25.086728024349824,0],[121.67635886143806,25.086762686556952,0],[121.67633827361506,25.086773066440614,0],[121.67624439824175,25.08678705582731,0],[121.67620673815175,25.086780252264543,0],[121.67609831604437,25.086744144937622,0],[121.67604156517531,25.086696981686924,0],[121.67579913976883,25.08650032233239,0],[121.67567071254699,25.0863964799459,0],[121.67579429761399,25.086341083053703,0],[121.67585018047934,25.086282403100558,0],[121.67595271408983,25.0861840000495,0],[121.67603485643703,25.08611835889535,0],[121.67609742828749,25.08606616512625,0],[121.67614195082119,25.08601282142264,0],[121.67615163939287,25.086001213093077,0],[121.6761869934301,25.08595885323112,0],[121.67620024793442,25.085934339172805,0],[121.67619938887714,25.085849010942553,0],[121.67619881751226,25.085686274020677,0],[121.67619920885362,25.085612683357606,0],[121.67603071052115,25.08544495921169,0],[121.67584534408074,25.08526007388825,0],[121.67570771968313,25.085124379165453,0],[121.67551014390256,25.084928221920574,0],[121.67536139966649,25.084786963068662,0],[121.67536139966649,25.084786963068662,0],[121.67476374479824,25.084179495955212,0],[121.67469538383868,25.084122024163896,0],[121.67467512368651,25.08410378599596,0],[121.67450897438188,25.083945037419042,0],[121.67443199163013,25.083870206833407,0],[121.67434091252676,25.083795441680017,0],[121.67423978908671,25.08372438879637,0],[121.67423047910847,25.083717421211848,0],[121.67411578577341,25.083641844926305,0],[121.67405441548631,25.08360827167725,0],[121.6740050418259,25.083583376167212,0],[121.6738419295997,25.08352669662241,0],[121.67371403308616,25.083499436634607,0],[121.67361679659065,25.083489389283542,0],[121.67349762240814,25.083491843480495,0],[121.67344937723874,25.083493339209745,0],[121.67338874678057,25.083496100494195,0],[121.673354926779,25.0835074985407,0],[121.6732797451209,25.083532651207417,0],[121.67320679423618,25.083557045515906,0],[121.67315697894122,25.08357419927017,0],[121.67297184306587,25.08364291062676,0],[121.67286513145089,25.083669069001974,0],[121.67281881429237,25.083678446793332,0],[121.67271201733102,25.08368075051703,0],[121.6726907956375,25.083680275234727,0],[121.67259924307523,25.08368552612932,0],[121.67247699613661,25.083682401143992,0],[121.67234923680964,25.083668527880214,0],[121.67221427783804,25.08363641202811,0],[121.67216291479677,25.083624944485535,0],[121.67212645237831,25.08361906776613,0],[121.6720296246435,25.08357728583553,0],[121.67190503985051,25.08351944515954,0],[121.67146751484734,25.08331001842001,0],[121.67108224691526,25.08310617562124,0],[121.67090725794365,25.083005472516607,0],[121.6708128123412,25.082930512476732,0],[121.67076269835324,25.082872190506908,0],[121.67061167061935,25.082561054208195,0],[121.6706075676561,25.08255867454888,0],[121.670494060111,25.082491362692846,0],[121.67047011674087,25.082477163876323,0],[121.6704081777089,25.082363220506423,0],[121.67031242651419,25.082189285006226,0],[121.67002647514403,25.081665047574266,0],[121.67001212149644,25.08163897264468,0],[121.66992286354653,25.081493605733804,0],[121.66980946986627,25.081340953543233,0],[121.66975460997458,25.08127400133156,0],[121.66972630054852,25.081242590795977,0],[121.66969690884369,25.081209972064705,0],[121.6696781769607,25.081190369190573,0],[121.66954478260318,25.08106358033205,0],[121.66946268621857,25.081002477368347,0],[121.66933870123054,25.08091019721416,0],[121.66930352685421,25.080884017412195,0]]}},{"type":"Feature","properties":{"cadgeom_type":"CADLWPolyline","thickness":0,"color":"#00FF00FF"},"geometry":{"type":"LineString","coordinates":[[121.70187545067711,25.097460313761143,0],[121.70187235885989,25.097460560900668,0],[121.70147234573473,25.0975111451717,0],[121.7011628950374,25.097540729273934,0],[121.70077546893009,25.097540974498845,0],[121.70059480063426,25.09751130219141,0],[121.70042051671865,25.097503505954997,0],[121.700359365794,25.097511883072503,0],[121.70027841069412,25.09753537644351,0]]}},{"type":"Feature","properties":{"cadgeom_type":"CADLWPolyline","thickness":0,"color":"#00FF00FF"},"geometry":{"type":"LineString","coordinates":[[121.71090204844971,25.099824425833358,0],[121.7109248764241,25.099832211339063,0],[121.71103302688167,25.09987012956361,0],[121.7111496363525,25.09991101045897,0],[121.7115694355289,25.100059061986364,0],[121.71174082144735,25.100119070200105,0],[121.71180712842842,25.100139299061826,0],[121.7119407347093,25.100177562649645,0],[121.7119551036784,25.100181051238206,0],[121.71209041808405,25.100213900452385,0],[121.71214392701982,25.100228627258243,0],[121.71228500764614,25.100268007441585,0],[121.71258773928025,25.100351862763624,0],[121.7126059704495,25.100290981617807,0],[121.71273089075461,25.100325276488146,0],[121.71273783126925,25.10032718189168,0],[121.71278698207195,25.100340675420764,0],[121.71283253089501,25.100353180069394,0],[121.71287023713866,25.100363531659667,0],[121.71292269595973,25.100377936612116,0],[121.7129339185139,25.10038165949277,0],[121.7130259622034,25.100406934207264,0],[121.7130724600196,25.100419599824644,0],[121.71306905495936,25.10043525510539,0],[121.7132042872075,25.100469787099712,0],[121.71341009712812,25.10052267113239,0],[121.71346969281818,25.100537188073325,0],[121.7138025754386,25.100585271196824,0],[121.71480158662085,25.10072780513557,0],[121.71490343895981,25.10074110199803,0],[121.71515269966733,25.10077643493171,0],[121.71530683627208,25.100778620261412,0],[121.71548741639756,25.100782100993648,0],[121.7156579136088,25.100753990160023,0],[121.71568847796135,25.10074662485928,0],[121.7158039479411,25.100718503943277,0],[121.71634803619263,25.10058725599414,0],[121.71656045983164,25.100535096084208,0],[121.71717414030323,25.10035771250594,0],[121.71717510272478,25.10035743629631,0],[121.71720367909089,25.1003492350345,0],[121.71724526129825,25.100337301930523,0],[121.71727666468718,25.100329470053435,0],[121.71734887783191,25.100311840337714,0],[121.71742171668281,25.100293942607404,0],[121.71746003914677,25.100284526905973,0],[121.71753750337646,25.100265816974787,0],[121.71761202676649,25.100251059028995,0],[121.71766639183078,25.100241099597877,0],[121.7178038207357,25.100217562992498,0],[121.71784831118002,25.10020994335795,0],[121.71789507214253,25.100203533609946,0],[121.71794032550658,25.100197330501008,0],[121.71800987627452,25.100187796795225,0],[121.71806651975693,25.10018128200704,0],[121.71809718551211,25.10017787143784,0],[121.7181337102482,25.100173809238797,0],[121.7181376466712,25.100173240622507,0],[121.71843213901818,25.10014409983591,0],[121.71843213901818,25.100144099835916,0],[121.71871058850385,25.100138080500766,0],[121.71889439288334,25.10015761126603,0],[121.71892124462404,25.100160464470257,0],[121.71897976273462,25.100166682452798,0],[121.7189866298586,25.100167412134002,0],[121.71911097938118,25.10018062510658,0],[121.71927251911022,25.100197789628147,0],[121.71961771137815,25.100266428351464,0],[121.71967130677217,25.100277085287782,0],[121.71973420276802,25.100289683652203,0],[121.71991808041787,25.100326153613917,0],[121.7199269045385,25.10032790818848,0],[121.72001645379171,25.100343670555812,0],[121.72029964876377,25.10039597736727,0],[121.72073066739507,25.100482507056743,0],[121.72104016103235,25.10051633514543,0],[121.7212461572383,25.10053885045024,0],[121.721487840812,25.100565265993946,0],[121.72150746862565,25.100593663221872,0],[121.72153613466214,25.100603968125526,0],[121.72154155121785,25.10061519327365,0],[121.72154731088001,25.100620088385,0],[121.72155952759915,25.100628890978115,0],[121.72175065620465,25.100725607508256,0],[121.72192680646141,25.100813932365988,0],[121.72210329492368,25.10090039594609,0],[121.72228969499253,25.100998008981396,0],[121.72245613442902,25.101093149564527,0],[121.72257157840252,25.10116055567311,0],[121.7226208785238,25.101082929112582,0],[121.72280230047949,25.10122283043418,0],[121.72292456038261,25.101340411949987,0],[121.72310249698306,25.10149499261842,0],[121.72331785722113,25.10162273188029,0],[121.7237449208734,25.101897447292842,0],[121.72375531654083,25.101904290336037,0],[121.72389396117313,25.10201350946161,0],[121.72398403301173,25.102070169841543,0],[121.72428168615808,25.102258929115678,0],[121.72439154030393,25.10232629470257,0],[121.72449614938262,25.10246866541383,0],[121.72464986980722,25.102677874860067,0],[121.72480658048354,25.10299399831867,0],[121.72481742887383,25.103015882085366,0],[121.72483372362444,25.10304875243114,0],[121.7248571100977,25.103095928414916,0],[121.72489707005684,25.103203953998673,0],[121.72490740778515,25.10323814926891,0],[121.7249414535349,25.103316002846743,0],[121.72499320358686,25.103468729515903,0],[121.72511954752318,25.10385074490673,0],[121.72520145214004,25.10408750202953,0],[121.72554172695062,25.10508303779803,0],[121.7256682271895,25.10543198982496,0],[121.7258384283172,25.10591874348773,0],[121.7259504010481,25.10626281667383,0],[121.72601393143063,25.106444572345158,0],[121.72612971796029,25.106788436128905,0],[121.72616996202838,25.10687933002313,0],[121.72618377061009,25.106908272436453,0],[121.7262346284379,25.10704505474589,0],[121.72626913142652,25.107137850465264,0],[121.72628240750336,25.107173556406327,0],[121.7263288884907,25.107269410815938,0],[121.72645234919244,25.107526652707623,0],[121.726510906779,25.10764918615074,0],[121.7266905161808,25.1080454583642,0],[121.72683704883836,25.108364113429946,0],[121.72688994736421,25.108459206313672,0],[121.72699587965846,25.10864963468318,0],[121.72709893337696,25.108820333310526,0],[121.7271513133406,25.108908183029378,0],[121.72721389516458,25.109002617871745,0],[121.72725239850801,25.109061122463167,0],[121.72740015233664,25.10928666286652,0],[121.72741390353218,25.109305628104334,0],[121.72754178791689,25.109495507983528,0],[121.72762252894579,25.109595765984825,0],[121.72775584941024,25.109623716526432,0],[121.72782272139102,25.109726565935542,0],[121.72792861767182,25.10983708046297,0],[121.72812051834872,25.11001333279249,0],[121.72816752550922,25.110045085264513,0],[121.72819167094733,25.1100613950513,0],[121.72826650751195,25.110111945681965,0],[121.72835625255627,25.110180755325793,0],[121.72839886341718,25.110213426031745,0],[121.72843882088021,25.11024518300177,0],[121.72847882424695,25.11026563933905,0],[121.72861536576356,25.110326965088905,0],[121.7287326118922,25.11037962442872,0],[121.72899003755339,25.110473502756108,0],[121.72899104882794,25.1104739645429,0],[121.72899136568778,25.11047406897821,0]]}},{"type":"Feature","properties":{"cadgeom_type":"CADLWPolyline","thickness":0,"color":"#00FF00FF"},"geometry":{"type":"LineString","coordinates":[[121.69943696817634,25.09725003181758,0],[121.69930834470976,25.09717810980509,0],[121.69922569352005,25.097167603688742,0],[121.69915541718377,25.09712315767553,0],[121.69915292192621,25.09708876881069,0],[121.69908920661285,25.097049455552707,0],[121.69907627465655,25.0970364871497,0],[121.6989070506028,25.09691938402374,0],[121.69880243505098,25.096852506455757,0],[121.69863382613083,25.096727276573276,0],[121.69852855248068,25.096650024247605,0],[121.69828402616426,25.09642291987737,0],[121.69817606112169,25.096322112217955,0],[121.69803565884244,25.096163115727624,0],[121.69787786512504,25.09595702285014,0],[121.69777911308564,25.095780257939843,0],[121.69766307879141,25.09557322433585,0],[121.69756246035632,25.09539358681045,0],[121.69754453297307,25.09534706762324,0],[121.69752301577307,25.095285146917874,0],[121.69744039181008,25.09505545540889,0],[121.69743394905547,25.095040177238,0],[121.69743394905547,25.095040177238,0],[121.69740244391619,25.09492298858271,0],[121.69735369865055,25.094774776450574,0],[121.69729936389705,25.094609095076894,0],[121.69726594627699,25.09450578245992,0],[121.69723135901303,25.09439289682671,0],[121.697208025849,25.09431601578108,0],[121.6971812207417,25.094200610617644,0],[121.69716113966916,25.094160166662896,0],[121.6970957771521,25.094028524147372,0],[121.69704190160697,25.093920016574277,0],[121.69702937215037,25.093887786149896,0],[121.69701100233455,25.09384053211464,0],[121.69692525742946,25.093619963623947,0],[121.69681369909549,25.093337993455766,0],[121.69676235582067,25.093355719613665,0],[121.69669745602185,25.093205902074335,0],[121.69650029973604,25.092653600717586,0],[121.69644053124699,25.092478641976687,0],[121.6964563422503,25.092451404059865,0],[121.69647741969304,25.09234268018492,0],[121.69647321439227,25.092270792686964,0],[121.6964217046884,25.092109525427897,0],[121.69638843299856,25.091980927079764,0],[121.69637809933823,25.091831083642983,0],[121.69644996055023,25.09166757040499,0],[121.69651417879712,25.091347781883563,0],[121.69655186468253,25.09113196201758,0],[121.69674478279222,25.09084689668302,0],[121.69689828966371,25.090630531835473,0],[121.69692068099492,25.090609764141394,0],[121.69705449107998,25.090490708978322,0],[121.697076183686,25.09050779328962,0],[121.69713235269558,25.090461545627733,0],[121.69721102883433,25.09027362684029,0],[121.6972460846374,25.090182269704886,0],[121.69726052741932,25.09014463106892,0],[121.69726680314814,25.090128276187947,0],[121.69729890533458,25.090044616123315,0],[121.69739358970114,25.089797862769586,0],[121.69753071860329,25.089424198214665,0],[121.69756356824227,25.089340893693304,0],[121.6976344942263,25.089161029669775,0],[121.69768895026448,25.08902293206734,0],[121.69774944793369,25.08887071898137,0],[121.69791592269696,25.088455096344596,0],[121.6979935451866,25.08822806931671,0],[121.69803704287725,25.088100840716617,0],[121.69808441406514,25.08796228131282,0],[121.69809792328898,25.08792968329602,0],[121.69811078146238,25.0878986562597,0],[121.69823116792409,25.087608160464818,0],[121.69833219685583,25.087364373809674,0],[121.69835231050729,25.087315869074494,0],[121.69837449585401,25.08726859060364,0],[121.69835231050729,25.087315869074494,0]]}},{"type":"Feature","properties":{"cadgeom_type":"CADLWPolyline","thickness":0,"color":"#00FF00FF"},"geometry":{"type":"LineString","coordinates":[[121.67075052628059,25.080877484567026,0],[121.67075080615442,25.080877754860648,0],[121.67087472565981,25.08098384683268,0],[121.67101114482563,25.081153089026227,0],[121.67109481241035,25.081274396653477,0],[121.67114585948413,25.08134310946911,0],[121.67124992401143,25.081490459335217,0],[121.67128781922551,25.08153404061454,0],[121.67132186937185,25.081580413297957,0],[121.67137811110013,25.081641004846244,0],[121.67150352308528,25.08178637234618,0],[121.67154841057064,25.081838402201928,0],[121.67164960678123,25.081969506664798,0],[121.67168797057154,25.08201920867082,0],[121.6717383340709,25.082082922616333,0],[121.67177940766896,25.082134884013886,0],[121.67187676101882,25.08223027573399,0],[121.67191459544767,25.08225766966417,0],[121.67198129871323,25.082297408968675,0],[121.67200589283509,25.082314525583747,0],[121.67209286029454,25.08235031689542,0],[121.67221764594662,25.08239972098676,0],[121.67231592279344,25.082421682557243,0],[121.6724387537249,25.08244181348523,0],[121.67253884443525,25.082436208687884,0],[121.67264337081396,25.082425657871813,0],[121.67286236392273,25.082393691446757,0],[121.6730926698496,25.082359944929124,0],[121.67344303698857,25.082304765106922,0],[121.67354685984616,25.082292236559095,0],[121.67367907495199,25.08229507400796,0],[121.67382263088912,25.0822995742757,0],[121.67390203782386,25.082318145752854,0],[121.67407030574019,25.082355232316253,0],[121.67414124442473,25.082370935577377,0],[121.67430978776386,25.08245965282435,0],[121.67433796114277,25.082469639260836,0],[121.67444793525256,25.082525223066714,0],[121.67457730965359,25.08258463586963,0],[121.67462916836436,25.08258779579012,0],[121.67474261247614,25.08262190735505,0],[121.67479320322887,25.082697096573888,0],[121.67503975366685,25.08287289258569,0],[121.67514474702904,25.082945110906792,0],[121.67524827725873,25.083043432891873,0],[121.67579135432739,25.083519828024418,0],[121.67592100722753,25.083627810409336,0],[121.67608467378848,25.083770571941624,0],[121.6761884507133,25.083880791231692,0],[121.67623047828123,25.08392566852014,0],[121.67632320594294,25.08402468838006,0],[121.6764330408396,25.084141984719558,0],[121.6765298382028,25.084242796860824,0],[121.67661462982024,25.084330889981803,0],[121.67669658382178,25.084414911879353,0],[121.67673942730988,25.08445883836247,0],[121.67680902012657,25.084534783892313,0],[121.6769158533132,25.084653248785184,0],[121.67691924659476,25.084655710017447,0],[121.67693085038373,25.08466412658252,0],[121.67699999197777,25.084732191176034,0],[121.6770931618785,25.084823610956665,0],[121.6771082112128,25.084838378170495,0],[121.67719465158541,25.08493045593353,0],[121.67723974931259,25.084975389093092,0],[121.67726349977148,25.084997864511895,0],[121.67727483144874,25.085008587983584,0],[121.67730736679215,25.08503937753671,0],[121.677408054286,25.085136051558163,0],[121.67741433052427,25.085145623828335,0],[121.67743323649022,25.08517445868416,0],[121.67743740821349,25.085180821326354,0],[121.67745185069234,25.085202848878588,0],[121.67748851587808,25.085238834744573,0],[121.67758403899879,25.085330742503054,0],[121.67773533692966,25.085479129524145,0],[121.67774970260963,25.085492965642818,0],[121.67777564488432,25.085517860413535,0],[121.67784134841219,25.085577214839223,0],[121.67785942854938,25.085593293254956,0],[121.67799049910288,25.085713827200124,0],[121.6781087318459,25.085821036600947,0],[121.67824869628276,25.0859493163919,0],[121.6782738380032,25.085973974817694,0],[121.67832796213396,25.086027086535196,0],[121.67843379903009,25.086131678962133,0],[121.67848330214684,25.086180918769458,0],[121.67850900685104,25.086204248967785,0],[121.67857937299881,25.086266567765158,0],[121.67878202242248,25.086442319912333,0],[121.67887384342848,25.08652909261243,0],[121.67910338002902,25.086744100336205,0],[121.67918336310687,25.086818407685694,0],[121.67928245757373,25.086910470784495,0],[121.67933242629626,25.086956895588425,0],[121.67946001586597,25.087079527964157,0],[121.67957898194865,25.087195567248322,0],[121.67960301004271,25.087216262569566,0],[121.67963756112928,25.087246021616203,0],[121.67977303225587,25.08735682406841,0],[121.6798684218028,25.087401712420583,0],[121.67992752336875,25.087425435477673,0],[121.6799249967311,25.087431276684676,0],[121.68000793088935,25.087452039930998,0],[121.68002040499819,25.087455196310984,0],[121.68008821829176,25.08745695924771,0],[121.68011609926317,25.08745708655351,0],[121.68014122143832,25.08745720125802,0],[121.68022741986107,25.08745942306381,0],[121.68027636947095,25.087460684741192,0],[121.68032742598477,25.08745648276692,0],[121.68048072782223,25.087431114437337,0],[121.68058157722288,25.08739844307177,0],[121.68058157722288,25.08739844307177,0],[121.68064108007889,25.087368364935266,0],[121.68069840572743,25.087334963769425,0],[121.68075333069065,25.08729836978625,0],[121.68080564085018,25.08725872564457,0],[121.68085513228182,25.087216185893872,0],[121.68090161205056,25.08717091637175,0],[121.6809448989627,25.08712309355737,0],[121.68098482427219,25.087072903883474,0],[121.68099307885831,25.087046582835807,0],[121.68103372554079,25.086908550250193,0],[121.68105345334749,25.08684010177801,0],[121.68106603677938,25.086796247291034,0],[121.68110057563156,25.08665929095078,0],[121.68110318946707,25.086648011340273,0],[121.68110431506415,25.086519552547617,0],[121.68109243122734,25.086438361249915,0],[121.68106494400801,25.086250533387062,0],[121.68102909838989,25.085991196408273,0],[121.6810185301251,25.085919322361743,0],[121.68100694287165,25.085763211287446,0],[121.68098666428713,25.085500530523777,0],[121.68098645534617,25.085494467450943,0],[121.68098625398072,25.085488624106304,0],[121.6809740113361,25.085421877669543,0],[121.68094700604819,25.08525998743488,0],[121.68092794149771,25.08514569973826,0],[121.680915090557,25.085076723343445,0],[121.68089871003751,25.084988802094742,0],[121.68087962924643,25.084886387161376,0],[121.68085414162763,25.084748283382563,0],[121.6808246810929,25.08459145539912,0],[121.6807549075932,25.0840905502176,0],[121.68065313628608,25.083191681964678,0],[121.6806511123462,25.082992903974414,0],[121.6806511123462,25.082992903974414,0],[121.68065877474665,25.082921575767735,0],[121.68067164111748,25.082850871385865,0],[121.68068965421237,25.082781105364287,0],[121.68071273388972,25.08271258806354,0],[121.6807407774692,25.082645624288613,0],[121.68077366018878,25.08258051193304,0],[121.6808112357597,25.08251754065365,0],[121.68085333701761,25.082456990582124,0],[121.68089977666601,25.082399131078837,0],[121.68089977666601,25.082399131078837,0],[121.68094808993,25.082346378117233,0],[121.68099979032705,25.0822963590146,0],[121.68105469171445,25.08224925385639,0],[121.68111259642548,25.082205232236614,0],[121.68117329598117,25.082164452647383,0],[121.6812365718409,25.082127061908263,0],[121.68124751258235,25.08211948474206,0],[121.68139531581767,25.082055977138122,0],[121.68141607910358,25.08204996525635,0],[121.68149410724506,25.082023894445935,0],[121.68149410724506,25.082023894445935,0],[121.68156074565763,25.08200597054732,0],[121.68162841271436,25.08199159408706,0],[121.68162841271436,25.08199159408706,0],[121.68170683685662,25.081979697571686,0],[121.68178595801632,25.081972594813696,0],[121.68186542329796,25.081970317492534,0],[121.6819448782714,25.081972875765295,0],[121.68202396855239,25.081980258221407,0],[121.68210234138327,25.081992431933507,0],[121.68217964720611,25.08200934260431,0],[121.6822068041665,25.082018024913783,0],[121.68239914548323,25.08207954482326,0],[121.68257008480371,25.082134209990176,0],[121.68264606890837,25.082158509541223,0],[121.68275306981654,25.082192727755068,0],[121.68282861740367,25.08221688382289,0],[121.68287987549668,25.082233280592163,0],[121.6829158281626,25.082246328980336,0],[121.68296052409023,25.08226278674761,0],[121.68319197473384,25.082352142876275,0],[121.68321363026897,25.082360865411342,0],[121.6832567235287,25.082378401277474,0],[121.68329966868761,25.082396136101035,0],[121.68333420796455,25.08241057809035,0],[121.6833420503547,25.08241439588933,0],[121.68339448511504,25.082439898660258,0],[121.68342026571611,25.08245243894462,0],[121.68343752183695,25.08246181308538,0],[121.68344864197846,25.082467843766235,0],[121.68361091698009,25.082555931523103,0],[121.68376718374634,25.08263975230341,0],[121.68378205103804,25.08264782176761,0],[121.6837853879278,25.082649917142675,0],[121.68401016017638,25.082779506312797,0],[121.68409525600198,25.082828630901428,0],[121.68426936925628,25.082929143685,0],[121.68429259007615,25.08294254866286,0],[121.68450384634644,25.083075141555746,0],[121.68450612498577,25.083070609107338,0],[121.68451323050512,25.08305647549491,0],[121.6845390769386,25.083010253582618,0],[121.68458387077004,25.083039647424155,0],[121.68498466230623,25.083302653345456,0],[121.68502414265977,25.08332856623675,0],[121.68518173639488,25.083431974741142,0],[121.68518934446914,25.08343697564994,0],[121.68530730903156,25.083514381254965,0],[121.68540988876947,25.083581695103213,0],[121.68556246740195,25.083681820275014,0],[121.68571402325098,25.083781270696246,0],[121.68577815571587,25.083823355170118,0],[121.68587846147749,25.083889175620456,0],[121.68602829956045,25.0839875014295,0],[121.68611751049941,25.084045792557486,0],[121.68620600786511,25.084104112456775,0],[121.68632273363794,25.084181204278416,0],[121.68646499587722,25.08427516967461,0],[121.6865790273129,25.084349478291823,0],[121.68677261581881,25.0844756101863,0],[121.686922135463,25.084573042087566,0],[121.68694626084991,25.084588763570927,0],[121.6870577160808,25.084663285753205,0],[121.68722626490556,25.084775972807712,0],[121.6873248674249,25.084841886694335,0],[121.687442908532,25.08492080701526,0],[121.68751375734989,25.08496758674072,0],[121.68791974099484,25.085235618223205,0],[121.68804560558593,25.085318301474906,0],[121.68824626225485,25.0854501285941,0],[121.6882839760405,25.085474898398704,0],[121.68839276710906,25.085546374699145,0],[121.68849869609208,25.0856053905994,0],[121.6885279586214,25.085621685987647,0],[121.68860114979472,25.085662464971453,0],[121.68860114979472,25.085662464971453,0],[121.68866358884661,25.0856914796038,0],[121.6887274594789,25.08571778334671,0],[121.68912616105557,25.08586202244906,0],[121.68938204860927,25.085954585546727,0],[121.68948639844966,25.085992335184777,0],[121.68999174559181,25.08616558596257,0],[121.69011460694813,25.086207713045575,0],[121.69016967179235,25.086226589499578,0],[121.69024254378455,25.08625310456404,0],[121.69032957735917,25.08628476653039,0],[121.6904989228554,25.086346387779642,0],[121.69061547857008,25.086388799792715,0],[121.69080744915073,25.08645865113553,0],[121.69082673155478,25.086465663127957,0],[121.6908267315548,25.086465663127957,0],[121.69088820892286,25.086483251104852,0],[121.69095046752605,25.086498389433263,0],[121.69095046752605,25.086498389433263,0],[121.6910329542994,25.086514471278807,0],[121.6910329542994,25.086514471278807,0],[121.69108158361963,25.086522692502058,0],[121.69108158361963,25.086522692502058,0],[121.69113545255196,25.086529402120426,0],[121.69113545255196,25.086529402120426,0],[121.69119990410954,25.08653419202051,0],[121.69126455417089,25.08653549197694,0],[121.69132917507093,25.086533297412,0],[121.69139353924724,25.08652761605401,0],[121.69139353924724,25.08652761605401,0],[121.69145706690274,25.08651853505063,0],[121.69151989641652,25.0865060601393,0],[121.69158180935356,25.086490234690856,0],[121.69158180935356,25.086490234690856,0],[121.69162272671888,25.086477764201,0],[121.69166306872431,25.08646382552212,0],[121.69166306872431,25.08646382552212,0],[121.69171062577503,25.08644520994478,0],[121.69175715699822,25.086424556018482,0],[121.69175715699822,25.086424556018482,0],[121.69176727390759,25.08641972814213,0],[121.69176727390759,25.086419728142126,0],[121.69179846014723,25.086402868132495,0],[121.69179846014723,25.086402868132495,0],[121.6918501570119,25.0863719736299,0],[121.69189984501661,25.086338456807997,0],[121.69194736396368,25.086302425728654,0],[121.69194736396368,25.086302425728654,0],[121.69200131960487,25.086256043118855,0],[121.6920516865993,25.086206426308653,0],[121.69209823173833,25.0861538050377,0],[121.69214073951042,25.086098422956816,0],[121.69217901309892,25.08604053649979,0],[121.6922128752934,25.08598041369593,0],[121.69224216930994,25.08591833292902,0],[121.69226675951711,25.085854581648263,0],[121.69228653206385,25.085789455037315,0],[121.69230139540646,25.085723254647416,0],[121.69234935412953,25.08549453431039,0],[121.69236393629555,25.08542502036183,0],[121.69237202869556,25.085386406538067,0],[121.69238645441929,25.08531762422486,0],[121.692403323581,25.085237217098083,0],[121.69240707650322,25.08521928764867,0],[121.6924547338033,25.084879616236133,0],[121.69246582740824,25.084802464622598,0],[121.69247249586745,25.08475608903388,0],[121.69248663556553,25.08461936614033,0],[121.69251568846771,25.084496133907837,0],[121.69254506244853,25.084362129326827,0],[121.69258793446255,25.084189690666694,0],[121.69260272657753,25.084128044232433,0],[121.69260997479974,25.084098824130987,0],[121.69264133306626,25.083972407909418,0],[121.69264649469281,25.083951599549625,0],[121.69265910997751,25.08390074280338,0],[121.69269835715478,25.083742523064174,0],[121.69271520496073,25.08367297545126,0],[121.6927441199034,25.083552417300503,0],[121.69277606601159,25.083419375479394,0],[121.69278329502663,25.08339332580907,0],[121.69285095362982,25.08314942516483,0],[121.69285095362982,25.08314942516483,0],[121.69285810801216,25.083085754471085,0],[121.6928611217964,25.083021810152214,0],[121.69285998447256,25.082957815337412,0],[121.69285998447256,25.082957815337412,0],[121.69285467949419,25.082911401412712,0],[121.69284605670305,25.082865402205705,0],[121.69283415293545,25.082820014204174,0],[121.69281901904243,25.08277543128491,0],[121.69280071967242,25.08273184388554,0],[121.69277933299504,25.082689438191114,0],[121.69276484109677,25.082664134888248,0],[121.69270987109294,25.082566237103624,0],[121.69270987109294,25.082566237103624,0],[121.69267244927138,25.082518090359233,0],[121.69263155475956,25.08247234604918,0],[121.69258737294565,25.082429211543296,0],[121.69254010411927,25.082388882380386,0],[121.69248996256361,25.08235154138179,0],[121.69240080973361,25.082282922220696,0],[121.69229104351545,25.082215026633786,0],[121.69210770410199,25.082101622199207,0],[121.69174967363101,25.08188016148723,0],[121.69160536229121,25.081772344151382,0],[121.69117554217863,25.081494405910075,0],[121.69109828081739,25.08144443891797,0],[121.69094692196386,25.081335035868776,0],[121.69083527592821,25.08119297121422,0],[121.69072943434398,25.081049321277472,0],[121.69052379258127,25.080787374888338,0],[121.69052337807867,25.080786801426477,0],[121.69031731602617,25.080456240133838,0],[121.69025764669897,25.08032832851762,0],[121.6902245646691,25.080230756760578,0],[121.69019168445395,25.080101072688173,0],[121.69016442137136,25.079993528901404,0],[121.69017513064846,25.079758337849384,0],[121.69018622484222,25.0796953663486,0],[121.69025667160207,25.079470027671476,0],[121.69031003595217,25.079373853179906,0],[121.69031003595217,25.079373853179906,0],[121.69050523905092,25.079119513135577,0],[121.69050523905092,25.079119513135577,0],[121.69060454100376,25.079033038938974,0],[121.69071286862163,25.078955169567386,0],[121.69083961712585,25.078883212637322,0],[121.69083961712585,25.078883212637322,0],[121.691003164857,25.07882033368631,0],[121.69117305717725,25.078770914569535,0],[121.69160690776127,25.078670676532244,0],[121.69180468031911,25.078619732152674,0],[121.69191043138396,25.07859315440172,0],[121.69191708457697,25.078591688940854,0],[121.69210348704789,25.078550630997455,0],[121.69216747170397,25.07853393594302,0],[121.69233653303894,25.07848982383556,0],[121.69274890210511,25.07838222604128,0],[121.69275508565731,25.07838111899728,0],[121.69307514394445,25.07832381844755,0],[121.69323619554218,25.07830725029808,0],[121.69373758366284,25.07832123768622,0],[121.69380251214211,25.078380496910125,0],[121.69381490752424,25.07838067883371,0],[121.69396128699793,25.078393837217117,0],[121.6941468470744,25.07842213651865,0],[121.69434356465132,25.078465502152987,0],[121.69468770518166,25.078549096871836,0],[121.69510537918458,25.078669195595882,0],[121.69537742088512,25.078754332354006,0],[121.69564571357807,25.078835397450938,0],[121.69593826175935,25.078922648419542,0],[121.6962181617534,25.079000063206742,0],[121.69669728842456,25.07912410909841,0],[121.69669999342163,25.07911360461151,0],[121.69677939833534,25.079134692440153,0],[121.69677642973394,25.07914459560505,0],[121.6970520959118,25.079213134854633,0],[121.69750722618738,25.07932401441036,0],[121.69775228461286,25.079381761288285,0],[121.69804219696293,25.07944562374796,0],[121.6985976619867,25.079561934215203,0],[121.6989717575658,25.079640017486952,0],[121.69920248231671,25.079681141970156,0],[121.69949492309401,25.079725296576726,0],[121.6996769728538,25.07975866236388,0],[121.69982572656538,25.079792247760516,0],[121.69982679937169,25.079789735321917,0],[121.6999497669269,25.079822257495017,0],[121.70016680534205,25.07988687833507,0],[121.70034990687387,25.07995283084818,0],[121.70060998808407,25.08006317570244,0],[121.70076493653313,25.080138380451235,0],[121.70111717939919,25.0803140316839,0],[121.70116723229201,25.08037188413747,0],[121.70129637363362,25.080430645321094,0],[121.70146348733226,25.080508897218724,0],[121.70146348733226,25.080508897218724,0],[121.70171911084896,25.080631406902647,0],[121.70177909675051,25.080660155541505,0],[121.70185132942858,25.080735035078636,0],[121.70192894897063,25.08083612788051,0],[121.70202473765923,25.080902365201208,0],[121.70224319284209,25.0810898180625,0],[121.70247516566126,25.08128886919181,0],[121.70237523917696,25.081388257652325,0],[121.70240110709157,25.081418976293346,0],[121.70235633202306,25.0817918214015,0],[121.70218610832394,25.082308307786263,0],[121.70201459911881,25.082799939576542,0],[121.70187221686723,25.08320972913313,0],[121.7017625818176,25.083177666605902,0],[121.70155943844117,25.083725620171826,0],[121.70146270515886,25.083919998847524,0],[121.70128594836935,25.08427165740232,0],[121.70109301653393,25.084662111439847,0],[121.70091026613795,25.08503383770695,0],[121.70070521065168,25.08543857753632,0],[121.70059017374244,25.085668378200992,0],[121.70052994249002,25.08579192191827,0],[121.7003595366889,25.086141449419138,0],[121.70028308852847,25.0862990369224,0],[121.70013349135239,25.086608560622444,0],[121.70007619131587,25.08672649043017,0],[121.69994817154712,25.086989262783515,0],[121.69978991950194,25.087309095987088,0],[121.6997571726557,25.0873762186356,0],[121.6996296109498,25.087653884599042,0],[121.69951326266234,25.087960418984963,0],[121.69938554634807,25.088309222039744,0],[121.69926314862022,25.088653394720243,0],[121.69898325289087,25.089411075988064,0],[121.69872853391549,25.090123659178396,0],[121.69866029993018,25.090312747230875,0],[121.69856326161592,25.090583798551616,0],[121.69845236644112,25.090930002901835,0],[121.69841563534058,25.091080201787964,0],[121.69838984309413,25.09122988422377,0],[121.69836779349144,25.091344414518506,0],[121.69836000841508,25.091407188560744,0],[121.69833932136982,25.091670086320846,0],[121.69829937528444,25.09193778747118,0],[121.69835684685724,25.09263878474462,0],[121.69837120394544,25.092769576954435,0],[121.69838405751243,25.092959286081538,0],[121.69841199564739,25.093260420643407,0],[121.69848182868049,25.093644257574685,0],[121.69853599199591,25.093880699660605,0],[121.69879381515906,25.094985642154615,0],[121.69881496294614,25.095048791011322,0],[121.69889340614976,25.095283025976915,0],[121.69902904776826,25.09558134760829,0],[121.69907734815858,25.09566882154807,0],[121.6991364276252,25.09575061680268,0],[121.69927634417868,25.09591196288525,0],[121.69932202622589,25.095954545677586,0],[121.69950219326178,25.09610422590183,0],[121.69957860819248,25.096154661574534,0],[121.69972007432254,25.0962430726385,0],[121.699860632027,25.09631317760023,0],[121.70001198792296,25.0963611460668,0],[121.70011210905356,25.096367337687052,0],[121.70021240979388,25.096364194095287,0],[121.70031274796749,25.09633120461688,0],[121.70045436993153,25.09627626933231,0],[121.70065538187079,25.096273137748195,0],[121.70133679265983,25.09626031634678,0],[121.70186720547387,25.09624750564704,0],[121.70186852991462,25.096247472791294,0]]}},{"type":"Feature","properties":{"cadgeom_type":"CADLWPolyline","thickness":0,"color":"#00FF00FF"},"geometry":{"type":"LineString","coordinates":[[121.70186852991462,25.096247472791294,0],[121.70230470052799,25.096212677672476,0],[121.70234846268784,25.09619554636379,0],[121.7023678672546,25.096242725818318,0],[121.70239031077517,25.096297768626496,0],[121.70241196759265,25.096295804866553,0],[121.7024321782196,25.096294579052312,0],[121.70245431833833,25.0962910349365,0],[121.70247399489284,25.096279639768834,0],[121.70256939811152,25.096209076806396,0],[121.70265589243,25.096140696190204,0],[121.70266955624645,25.09612346044963,0],[121.70274516538811,25.09604365620044,0],[121.70277580674316,25.096006411663147,0],[121.7027897947051,25.095975185858208,0],[121.7028140348028,25.095869425865597,0],[121.70282676409467,25.095831709764692,0],[121.70284542439812,25.095802540281788,0],[121.702879143555,25.095658093255825,0],[121.70288488822091,25.095463908029924,0],[121.70289070989107,25.095339292238577,0],[121.70289057062651,25.095294153883476,0],[121.70294082619444,25.095095505249855,0],[121.7029604285105,25.095028830353627,0],[121.7030626899031,25.094857406970338,0],[121.70317649536793,25.09466664569311,0],[121.7032207795643,25.09452402171519,0],[121.70320861014861,25.09443108472754,0],[121.70324470970698,25.094315192556955,0],[121.70328333282751,25.094203009735335,0],[121.70328085087856,25.09417651514984,0],[121.70330120741338,25.09415095333842,0],[121.70332223740347,25.094156315236592,0],[121.7033856861404,25.09393198615159,0],[121.70340078825322,25.093858785123118,0],[121.7034010970082,25.09385771182816,0]]}},{"type":"Feature","properties":{"cadgeom_type":"CADLWPolyline","thickness":0,"color":"#00FF00FF"},"geometry":{"type":"LineString","coordinates":[[121.7034010970082,25.09385771182816,0],[121.70347930964135,25.09358582822331,0],[121.70330158834807,25.09363664272472,0],[121.7032908062818,25.09362964674437,0],[121.70332728674144,25.09359611367851,0],[121.70332705098201,25.093586221680578,0],[121.70345787121111,25.09347016363635,0],[121.70350428148313,25.093400440856467,0],[121.70353974084007,25.09333775254874,0],[121.7035689494145,25.093318351125742,0],[121.7035930966618,25.09327670566573,0],[121.70360442766383,25.093181903379545,0],[121.70365232189442,25.093081720755468,0],[121.70368725671581,25.093085135800493,0],[121.70368967138822,25.093070916332383,0],[121.70371711209351,25.093071351559406,0],[121.70374073724028,25.09302792804569,0],[121.70374643202376,25.0930091050478,0],[121.7037639561074,25.093009807076204,0],[121.70377098377843,25.092997142155667,0],[121.70377098377843,25.092997142155667,0],[121.70393912721597,25.092816728922415,0],[121.70393912721597,25.092816728922415,0],[121.70409459251555,25.09267824738611,0],[121.70425297687346,25.09253716520007,0],[121.70469907435202,25.092180109758203,0],[121.70508206173429,25.09185750502948,0],[121.70515768799639,25.091786947091666,0],[121.70515088443612,25.091773267701225,0],[121.70527664425663,25.091651520995175,0],[121.70541155426395,25.09156878027416,0],[121.70559648511642,25.091446671982148,0],[121.70574805218567,25.091346593166996,0],[121.70578043818773,25.09131472845867,0],[121.7058384235126,25.09122236516255,0],[121.70589734153582,25.091182604099057,0],[121.70598562268621,25.09118239008272,0],[121.70601511905478,25.09117007061484,0],[121.70602347599302,25.091162019794737,0],[121.70612590155136,25.09106319530425,0],[121.70615034906308,25.091067831195268,0],[121.70618011018495,25.091070525954166,0],[121.7062115566827,25.09104092567266,0],[121.70623795388977,25.090984063411273,0],[121.70630890142176,25.09095756991708,0],[121.70637666075751,25.09092757283135,0],[121.70641493214247,25.090867023398147,0],[121.70648515551913,25.090842629744,0],[121.70649470498392,25.090824697663855,0],[121.70664926474021,25.090861587704307,0],[121.70670610086192,25.09088115751048,0],[121.70676321097328,25.090884928940774,0],[121.70682499207165,25.090879693039145,0],[121.70688961133449,25.090859792336236,0],[121.70696942789995,25.090859861415588,0],[121.70706967094137,25.0908422834809,0],[121.70709809300033,25.09085366078899,0],[121.70712776062867,25.090851499577916,0],[121.70712926417058,25.090822771221905,0],[121.7071861736607,25.090822615940798,0],[121.70723527376383,25.090895108113155,0],[121.70728703519576,25.09089496610719,0],[121.70731012125202,25.090865175328616,0],[121.70737851839965,25.090906569324236,0],[121.70741082958494,25.090878344445613,0],[121.70769615102094,25.090995397440338,0],[121.70771430197732,25.091002889116396,0],[121.70784847754886,25.09105997528072,0],[121.707883327872,25.09109521854671,0],[121.70800993138144,25.091229350577812,0],[121.7080298280307,25.09125043035094,0],[121.70804908169228,25.09126318137067,0],[121.70814818209219,25.091328811981146,0],[121.70826341553126,25.091405135403193,0],[121.70850135748576,25.09156239874642,0],[121.70860227902351,25.091680974263877,0],[121.70875197157507,25.09177735948093,0],[121.70895687480615,25.091897478472454,0],[121.7092031666054,25.092073415506107,0],[121.70921127433569,25.0920792073876,0],[121.70921127433569,25.0920792073876,0],[121.70927070481298,25.092118412693758,0],[121.70932793896131,25.092160240200872,0],[121.70938283739406,25.092204588044794,0],[121.70938283739406,25.092204588044794,0],[121.70944211279982,25.09225780493386,0],[121.70944211279982,25.09225780493386,0],[121.70945203752112,25.09226732053007,0],[121.70945203752113,25.09226732053007,0],[121.70949603595948,25.092308846497254,0],[121.70949603595948,25.092308846497254,0],[121.70956056320901,25.092373895867688,0],[121.70956056320901,25.092373895867688,0],[121.70965070973455,25.09247427196542,0],[121.70973424200416,25.092579286124927,0],[121.70973424200416,25.092579286124927,0],[121.70978778315155,25.092654132903146,0],[121.70989110850212,25.092665629675523,0],[121.7100683859009,25.092720192798716,0],[121.7101232478771,25.092775814154063,0],[121.71017570372219,25.092829002388292,0],[121.71018768639621,25.092841152355263,0],[121.71019519875802,25.092877018020058,0],[121.71020191503132,25.092909093207943,0],[121.71020983504982,25.09294691231348,0],[121.71021655033415,25.092978985697275,0],[121.71022758748508,25.09303170146562,0],[121.71022868052336,25.093036919355175,0],[121.7102431337568,25.093074725078726,0],[121.71025700515078,25.09311100884444,0],[121.71028154678578,25.093175202978916,0],[121.71029938308064,25.09322185775012,0],[121.71032499483292,25.093351590828732,0],[121.71034153250105,25.09336844942894,0],[121.71033501654068,25.09350760005105,0],[121.71030702166188,25.0935355723577,0],[121.71029413875303,25.093549156577268,0],[121.71028118926016,25.093592959503077,0],[121.71026157509047,25.093660535382547,0],[121.71024648630531,25.09373212944165,0],[121.71023237336408,25.093799101463546,0],[121.71022971155958,25.093811733688398,0],[121.71022744448071,25.093825188049777,0]]}},{"type":"Feature","properties":{"cadgeom_type":"CADLWPolyline","thickness":0,"color":"#00FF00FF"},"geometry":{"type":"LineString","coordinates":[[121.71022744448071,25.093825188049777,0],[121.71022104109622,25.09386318999888,0],[121.71021191515948,25.09391735039944,0],[121.71021153170652,25.093919625485146,0],[121.71016475772642,25.09392924639251,0],[121.71016813837264,25.09411217918415,0],[121.71017148602003,25.09425275573831,0],[121.7101726591003,25.094302040492806,0],[121.7101747800664,25.094391099870954,0],[121.71017533400928,25.09441436018679,0],[121.71017575671492,25.094432140107926,0],[121.71017624328431,25.094452574918826,0],[121.71017684516052,25.094477837460676,0],[121.7101782070337,25.09453451001805,0],[121.71017992959078,25.094588916576566,0],[121.71018289146718,25.094682453319923,0],[121.71018346390768,25.09470055875118,0],[121.71018517767187,25.094754689082656,0],[121.71018761492586,25.094865825853034,0],[121.71019260566696,25.09497559097184,0],[121.71019281341924,25.095041673430796,0],[121.7101966631016,25.095147660707102,0],[121.71019599557118,25.095365503878195,0],[121.71019236998256,25.09552625976761,0],[121.71016786876264,25.095617447757892,0],[121.71016849227765,25.095627421772203,0],[121.71012729980043,25.0957940136406,0],[121.71011712053233,25.095820377197892,0],[121.71011216091512,25.095832230475896,0],[121.71008091863348,25.095914697598765,0],[121.71007903781648,25.095916863739617,0],[121.71007875300657,25.09594064665698,0],[121.71007724823103,25.096030064418454,0],[121.71006212345155,25.096091898657534,0],[121.70999921904412,25.096128181635486,0],[121.70996885483629,25.0961867019501,0],[121.70994887356267,25.096222482886407,0],[121.70991550063043,25.09627822489446,0],[121.70983326855303,25.096464088761085,0],[121.70982340383858,25.096486662936066,0],[121.7096527952957,25.096597768104825,0],[121.70961122032664,25.096624842855594,0],[121.70958932608661,25.096639100970894,0],[121.7094873120048,25.09670527015368,0],[121.70942324989643,25.09674381177169,0],[121.70937859827788,25.096775204491376,0],[121.70927223439972,25.096841327679456,0],[121.70910318711137,25.0970359736397,0],[121.70892662637924,25.097568458446435,0],[121.70894410824943,25.097591004910818,0],[121.70898991842762,25.097607112291456,0],[121.70899939814227,25.09763868019559,0],[121.70897857752577,25.097667799994895,0],[121.7089585767543,25.097672866882814,0],[121.70895630455293,25.09768429196502,0],[121.70894606894281,25.09769370199039,0],[121.70888692310959,25.097642442766233,0],[121.7088928787227,25.09761782762613,0],[121.708819581629,25.097583469241204,0],[121.70866783784119,25.097511835353018,0],[121.7086147394752,25.097518398277533,0],[121.70851655190191,25.097490214044637,0],[121.70847786394495,25.097478172336476,0],[121.708376296483,25.097448322878737,0],[121.70823203723347,25.097439831031895,0],[121.70813396419325,25.09741271783724,0],[121.70814273707893,25.097358476330314,0],[121.70812326022939,25.097355089467893,0],[121.70793560591355,25.097438573876044,0],[121.70793560591355,25.097438573876044,0],[121.70790640732484,25.097452366716283,0],[121.70787827758436,25.097467892527348,0],[121.70785134055554,25.097485082944836,0],[121.70782571485013,25.09750386227459,0],[121.70780151330592,25.097524147825986,0],[121.7077788424898,25.09754585027605,0],[121.70775780222874,25.097568874062752,0],[121.7077384851699,25.097593117805776,0],[121.70772097637297,25.097618474752935,0],[121.7077053529354,25.0976448332502,0],[121.7076916836531,25.09767207723335,0],[121.70768002871725,25.097700086739064,0],[121.70767043944942,25.097728738433062,0],[121.70766295807556,25.09775790615327,0],[121.70765761753997,25.097787461465266,0],[121.70765444136023,25.097817274227886,0],[121.70765344352361,25.097847213166215,0],[121.70765344352361,25.097847213166215,0],[121.7076546035034,25.097876818246338,0],[121.70765789356642,25.097906290284964,0],[121.70766329954327,25.09793550234098,0],[121.70767079815097,25.097964328592997,0],[121.70768035709314,25.09799264488123,0],[121.7076919351991,25.098020329242363,0],[121.70770548260116,25.098047262434775,0],[121.7077209409494,25.098073328452237,0],[121.70773824366297,25.09809841502351,0],[121.70775731621687,25.098122414095972,0],[121.70777807646293,25.098145222300957,0],[121.70780043498357,25.098166741399126,0],[121.707824295477,25.098186878703448,0],[121.70784955517198,25.09820554747855,0],[121.7080265144524,25.09833140387929,0],[121.70806401205304,25.098358072970473,0],[121.70819969432014,25.09845457237765,0],[121.7082356934876,25.098504222691183,0],[121.70828981050623,25.098543921663595,0],[121.70831715809166,25.098567434747856,0],[121.70846075237968,25.09865318030597,0],[121.70862779087136,25.098787478429102,0],[121.70868063552031,25.098814458513033,0],[121.70875321444744,25.098851413676655,0],[121.70899790573607,25.09897600054521,0],[121.70909449240344,25.099031670804173,0],[121.70912961963442,25.09905191713235,0],[121.70914142108472,25.099058719531726,0],[121.7092313594798,25.099096407501314,0],[121.70926611994894,25.099110973600478,0],[121.7093473412448,25.0991450089853,0],[121.70936222131532,25.09915219786819,0],[121.70945497803196,25.09919701117402,0],[121.70954929967468,25.099242579578327,0],[121.70964055719757,25.099286669032775,0],[121.70973234798525,25.099331014330932,0],[121.70978757500485,25.09935769547292,0],[121.70982181560882,25.099373681951597,0],[121.70991245902248,25.099416000691132,0],[121.7101034356114,25.099505161810335,0],[121.71029456420382,25.099595664478805,0],[121.71061670721728,25.0997504621019,0],[121.71065858775322,25.099757868348288,0],[121.71075890702843,25.09977560949222,0],[121.71090204844971,25.099824425833358,0]]}},{"type":"Feature","properties":{"cadgeom_type":"CADLWPolyline","thickness":0,"color":"#00FF00FF"},"geometry":{"type":"LineString","coordinates":[[121.71090204844971,25.099824425833358,0],[121.71090204844971,25.099824425833358,0]]}},{"type":"Feature","properties":{"cadgeom_type":"CADLWPolyline","thickness":0,"color":"#00FF00FF"},"geometry":{"type":"LineString","coordinates":[[121.72708275165387,25.111356213172435,0],[121.72703595584123,25.11123979430203,0],[121.7269616702147,25.11111758034096,0],[121.72697455931329,25.11111205788932,0],[121.72697704788584,25.111062487063997,0],[121.72696553785418,25.11074287280892,0],[121.72696114203264,25.110723896327176,0],[121.72691289836168,25.11051563105138,0],[121.7268582158339,25.11042589648671,0],[121.72689817608351,25.110412242780225,0],[121.72681986022336,25.11031882597794,0],[121.72649975542426,25.110001560228213,0],[121.72642903790668,25.109911168120167,0],[121.72630917309095,25.10974327253448,0],[121.72623868525366,25.10962721372712,0],[121.72615206099681,25.10951003741537,0],[121.72611675479966,25.10947494310836,0],[121.72600343116905,25.10938654063673,0],[121.72592625896533,25.10928416385046,0],[121.72588876601239,25.109213200274407,0],[121.72587209326821,25.109199148582963,0],[121.7258507898853,25.10916702980678,0],[121.72571065869684,25.108821403224344,0],[121.7256069415695,25.108562198692855,0],[121.72527206691286,25.107739735976256,0],[121.72514347920368,25.107419951122505,0],[121.7249997098059,25.107059269074632,0],[121.7249592517881,25.10688525366779,0],[121.72495391556298,25.106860908591454,0],[121.72481630478364,25.106478104932805,0],[121.72476949319726,25.106329201912672,0],[121.72471869826931,25.106238795309807,0],[121.72465712712125,25.106126483514053,0],[121.72460660903465,25.106025923822703,0],[121.72455190609422,25.105931133100007,0],[121.72449236968235,25.10582516843011,0],[121.7244175024869,25.10569238389968,0],[121.72428872673707,25.105481779380472,0],[121.72447767936312,25.10547431214553,0],[121.72445226297694,25.105425838604134,0],[121.72441264217859,25.105384862217964,0],[121.72435422174814,25.105394278336078,0],[121.72433310487492,25.105302588658606,0],[121.72419652283547,25.10516130753601,0],[121.72420277083286,25.10510628577136,0],[121.72423480698482,25.104825176541134,0],[121.72417523885808,25.10456653901571,0],[121.72410701930914,25.104274775254904,0],[121.72415242365662,25.1042660832339,0],[121.7240939220579,25.104130178244333,0],[121.72407120449705,25.10407936731708,0],[121.72394607851624,25.103820239405735,0],[121.72390663117247,25.1037465399986,0],[121.7238103302726,25.103579178860137,0],[121.72368324823948,25.10338061375825,0],[121.72353431359848,25.103173169810507,0],[121.72343422114814,25.103046165904978,0],[121.72336425692028,25.102962462583246,0],[121.72333675347721,25.102930606286087,0],[121.7231788344994,25.10276699145112,0],[121.72314709529368,25.102734107682025,0],[121.72299685922252,25.10257845168027,0],[121.7227749505034,25.102380728636334,0],[121.72261987123959,25.102261147810857,0],[121.72251511770489,25.1021838812231,0],[121.72240440580767,25.10210633232953,0],[121.7223768077445,25.10208706930436,0],[121.72230254092284,25.10203598181509,0],[121.72220593034059,25.101982219162075,0],[121.72209100612436,25.101924319612422,0],[121.72155920307019,25.10166653230043,0],[121.72114884570532,25.101467827036377,0],[121.72062188266277,25.10121511264453,0],[121.72036990071562,25.101132605546386,0],[121.72027011950541,25.101089469473088,0],[121.72002658826042,25.10100718722138,0],[121.71992203829032,25.1010022503863,0],[121.71977170667462,25.100995151618214,0],[121.71964215129323,25.100996987441906,0],[121.7194501483785,25.101002907982547,0],[121.71923308731925,25.100985892557024,0],[121.71918730745689,25.10098109693593,0],[121.71914701221861,25.100922274155543,0],[121.71911465362481,25.100890269875052,0],[121.71907310753156,25.100865563888615,0],[121.71902641909233,25.100847982760687,0],[121.71882206082957,25.100859075702154,0],[121.71882206082957,25.100859075702154,0],[121.71861381915572,25.100868943805068,0],[121.71840638107884,25.10088829201494,0],[121.71840148322842,25.100888864777108,0],[121.7183989827749,25.100889159420305,0],[121.7183989827749,25.100889159420312,0],[121.718343958065,25.100895994582835,0],[121.718343958065,25.100895994582824,0],[121.7181173918894,25.10093137589638,0],[121.7178933150314,25.10097808760287,0],[121.71698020229674,25.10119498128094,0],[121.71689492680643,25.10121523643642,0],[121.71654020511743,25.101298987524917,0],[121.71654020511743,25.101298987524917,0],[121.71610406438255,25.10140270151377,0],[121.71610406438255,25.101402701513766,0],[121.7159938342242,25.10142728876359,0],[121.71588232095488,25.101446488584592,0],[121.71588232095488,25.101446488584596,0],[121.71574153458884,25.101468354804524,0],[121.71574153458884,25.101468354804524,0],[121.71548944896455,25.101496281956965,0],[121.71548944896455,25.101496281956965,0],[121.71529862904295,25.101509792481487,0],[121.71529862904295,25.101509792481487,0],[121.71501217889256,25.101507287573625,0],[121.71501217889256,25.101507287573625,0],[121.71499524138086,25.101508867341288,0],[121.71497823257101,25.10150956658107,0],[121.7149612076281,25.101509383025085,0],[121.71494422176951,25.101508317268678,0],[121.7148762717986,25.101505094091817,0],[121.71479347191817,25.101499787377495,0],[121.7147238778412,25.101494150209206,0],[121.7146141515084,25.10148306836382,0],[121.71447224783043,25.10146471732122,0],[121.71440459046717,25.101454354036136,0],[121.7143332504541,25.101442285689956,0],[121.7142200104827,25.101420695894607,0],[121.71403459163865,25.101379173878897,0],[121.7139764339137,25.101365547133266,0],[121.71388121168349,25.101343270548835,0],[121.7136378848874,25.10128622428882,0],[121.7134741454054,25.10124785929253,0],[121.71331584347813,25.101210867379006,0],[121.71302414322942,25.101140733845565,0],[121.71286018877358,25.101109533934505,0],[121.71269568006397,25.10107103657382,0],[121.71255854623584,25.10103918192834,0],[121.71255292360992,25.10103789304169,0],[121.712510578776,25.10102768280805,0],[121.71248506691367,25.10102106750548,0],[121.71244666742312,25.101012648656045,0],[121.71230989698086,25.100979351097482,0],[121.71227277598841,25.100966496545556,0],[121.7122136111351,25.100946594278938,0],[121.71220752920111,25.10094454839583,0],[121.71217059070578,25.10093212276192,0],[121.71209070041213,25.100905248655987,0],[121.7120456558755,25.100890096207024,0],[121.71190556090959,25.100842969806315,0],[121.71186596978848,25.1008275449705,0],[121.71170474589931,25.10076644552114,0],[121.71161030888963,25.100736375196888,0],[121.7113694294829,25.100659674820715,0],[121.71133061297986,25.100657336496912,0],[121.71090606385755,25.100519066691433,0],[121.71050830852114,25.100389521808136,0]]}},{"type":"Feature","properties":{"cadgeom_type":"CADLWPolyline","thickness":0,"color":"#00FF00FF"},"geometry":{"type":"LineString","coordinates":[[121.71050830852114,25.100389521808136,0],[121.71036198970212,25.10034186691095,0],[121.71034861413833,25.100367356380946,0],[121.71017016614904,25.100286509080902,0],[121.71001268756822,25.100226268662468,0],[121.7099416223591,25.1001990834705,0],[121.70990133025848,25.100196185991877,0],[121.70986023182788,25.100167947822808,0],[121.70980312399588,25.10014610235433,0],[121.709601549343,25.100068991592657,0],[121.70952260024944,25.10004333269418,0],[121.70940735409943,25.100001956151953,0],[121.70928808100952,25.09995402142079,0],[121.70919965652969,25.09991496005841,0],[121.70910742206785,25.0998708521189,0],[121.70897937989521,25.099803582681115,0],[121.70882594653577,25.099702864082264,0],[121.70871237308164,25.099628276671776,0],[121.70855899744473,25.099527127854238,0],[121.70854991462726,25.099521141533984,0],[121.70840012424883,25.099422608601863,0],[121.70812624576506,25.099242478424358,0],[121.70804320355396,25.09918167858689,0],[121.70804119598029,25.099180507835367,0],[121.70748554337112,25.098856594359713,0],[121.7072077029917,25.098674988332515,0],[121.70710066262238,25.098600033410275,0],[121.70703501024406,25.09855394694315,0],[121.70695125078268,25.098494964795208,0],[121.70679511987329,25.098363317274945,0],[121.70659800907417,25.098157720694477,0],[121.70655264287142,25.098080882681973,0],[121.70651897020674,25.098023968078383,0],[121.70646519794839,25.097909494469057,0],[121.70642539100416,25.09781667428082,0],[121.70642539100416,25.09781667428082,0],[121.70641558231618,25.09778105100099,0],[121.70640838252952,25.09774491498879,0],[121.70640382317075,25.09770842448887,0],[121.70640192420358,25.097671739298075,0],[121.70640269394141,25.09763502006572,0],[121.70640612901113,25.097598427590015,0],[121.70641221436773,25.097562122113988,0],[121.7064209233604,25.09752626262369,0],[121.70643221784911,25.097491006151994,0],[121.70644604837186,25.097456507091007,0],[121.7064560379844,25.097422871821443,0],[121.70648239740682,25.097349913142374,0],[121.70651816972148,25.097273541253013,0],[121.70657959757281,25.09718115842524,0],[121.70663402578059,25.09711370481142,0],[121.70669772223377,25.097053864739323,0],[121.70679324428619,25.096980401110624,0],[121.70688341128027,25.096928655651585,0],[121.70698222660769,25.096884645623273,0],[121.70712595804649,25.096829995577295,0],[121.70770941332418,25.096608150830967,0],[121.70781624025442,25.0965675327351,0],[121.70791763768719,25.096528977931285,0],[121.70791763768719,25.096528977931285,0],[121.70800758169462,25.09649211746567,0],[121.70800959704322,25.096483498880396,0],[121.70799355882647,25.096347054664783,0],[121.70796745733401,25.096127016239926,0],[121.7081202493023,25.096104214179313,0],[121.70810035067514,25.09595133686513,0],[121.70811318468279,25.09586045388646,0],[121.70812481731663,25.095838117996593,0],[121.70820633283442,25.095682068945607,0],[121.70821179661858,25.09567420515952,0],[121.70828073149974,25.095575011063197,0],[121.70832119725345,25.09553092928305,0],[121.70840666870389,25.095437832891776,0],[121.70861110808939,25.0952575356824,0],[121.70864742892427,25.095160683928462,0],[121.70874406910912,25.095058155059814,0],[121.7088540363764,25.09501605205018,0],[121.7088878370171,25.094979377537882,0],[121.70890737340609,25.094958181117214,0],[121.708988325012,25.09484191472747,0],[121.7091064803417,25.09473480772266,0],[121.70913716049427,25.09470653344861,0],[121.70915092572992,25.09464385511708,0],[121.70911307642831,25.094550874864527,0],[121.70910756745583,25.09453670029513,0],[121.70910126539592,25.094517789129284,0],[121.709229238772,25.094408703809115,0],[121.70922732003936,25.09406492092834,0],[121.70922715276961,25.094034973658506,0],[121.70920862850349,25.093962177934646,0],[121.70907388183403,25.093830706194666,0]]}},{"type":"Feature","properties":{"cadgeom_type":"CADLWPolyline","thickness":0,"color":"#00FF00FF"},"geometry":{"type":"LineString","coordinates":[[121.70907388183403,25.093830706194666,0],[121.70839131319008,25.092867193394262,0],[121.70824528095035,25.092719568716266,0],[121.7081759761796,25.092686251902244,0],[121.70812299354604,25.092762789215104,0],[121.70801771042929,25.0927637085211,0],[121.70791411419859,25.092707065230435,0],[121.70770747716016,25.092594086638254,0],[121.70765216044674,25.09230319124354,0],[121.70754669700665,25.092240891359147,0],[121.70739547785485,25.09215156218994,0],[121.70731563573686,25.09210439721398,0],[121.70718175902522,25.092030275477654,0],[121.70718175902522,25.092030275477654,0],[121.70714473000139,25.092022046876497,0],[121.70710726071475,25.092015682035637,0],[121.70706946419837,25.09201120015582,0],[121.70703145447246,25.09200861475752,0],[121.70703145447246,25.09200861475752,0],[121.70697995785923,25.09201379940401,0],[121.7069289179191,25.092021905649347,0],[121.70687853433414,25.092032901779803,0],[121.70682900421876,25.092046744775587,0],[121.70678052134853,25.092063380479225,0],[121.70673327540214,25.092082743807367,0],[121.70673327540214,25.092082743807367,0],[121.70668478561004,25.092106072538254,0],[121.70663809059405,25.092132262158138,0],[121.7064700680374,25.092243086595982,0],[121.70636449536084,25.09231386814546,0],[121.70630942304336,25.092350301778126,0],[121.7060027406833,25.092531569985706,0],[121.70595430306011,25.09256023335899,0],[121.70591460305718,25.092585283861464,0],[121.70588890979424,25.09260001023758,0],[121.70588163484155,25.09261077380641,0],[121.70580572867163,25.09267118356504,0],[121.70579613456228,25.092677591036725,0],[121.70572329839376,25.092726234977544,0],[121.70524719986489,25.093038162316134,0],[121.70501450934825,25.093190535303933,0],[121.70498035074573,25.09321238542072,0],[121.70487849188946,25.093291875982423,0],[121.7047700472979,25.09339750908365,0],[121.7046529292874,25.093607311433374,0],[121.70469490704814,25.09368846408104,0],[121.70462734588892,25.093697933539072,0],[121.70455748164696,25.093852224392002,0]]}},{"type":"Feature","properties":{"cadgeom_type":"CADLWPolyline","thickness":0,"color":"#00FF00FF"},"geometry":{"type":"LineString","coordinates":[[121.70455748164696,25.093852224392002,0],[121.70449391590626,25.093997614535777,0],[121.70437761571945,25.09424933848383,0],[121.70437234905037,25.094260737809602,0],[121.70435100259759,25.094265878816536,0],[121.70429524102913,25.094279308095057,0],[121.70424906887699,25.09432923088835,0],[121.70421087843904,25.0944537400485,0],[121.70426612504843,25.09448210531233,0],[121.70425638540767,25.09460053094473,0],[121.70419905658308,25.09466148804889,0],[121.70417399107025,25.094769667839095,0],[121.70417363037548,25.094844397559545,0],[121.70423896335078,25.094850877006525,0],[121.70427179499069,25.09485814673014,0],[121.70440244883012,25.094927371835595,0],[121.70442101901405,25.094949591070904,0],[121.70442617723799,25.095056192731267,0],[121.70436100845488,25.095076203046563,0],[121.70435403383073,25.095097280867453,0],[121.70432977209673,25.09518395159955,0],[121.7041218695333,25.09517861220801,0],[121.70410416600662,25.095344044598598,0],[121.70417478549277,25.09535334927967,0],[121.70417003569426,25.095493932417313,0],[121.7040580312726,25.095873114145725,0],[121.70397695318647,25.09631802865733,0],[121.70394241444373,25.096485220731562,0],[121.70386202020175,25.09671558918558,0],[121.70380213686734,25.096810994457623,0],[121.7036515785261,25.096979937441766,0],[121.70317980168959,25.09712289074269,0],[121.70316465414196,25.097126496127625,0],[121.70293113006845,25.097254966870032,0],[121.70270527614343,25.097338163268468,0],[121.70249534404381,25.097387888388635,0],[121.70222958975323,25.097425602836914,0],[121.70211321493595,25.097441308254613,0],[121.70187545067711,25.097460313761143,0]]}},{"type":"Feature","properties":{"cadgeom_type":"CADLWPolyline","thickness":0,"color":"#00FF00FF"},"geometry":{"type":"LineString","coordinates":[[121.7351272306835,25.10778766758531,0],[121.7351272306835,25.10778766758531,0]]}},{"type":"Feature","properties":{"cadgeom_type":"CADLWPolyline","thickness":0,"color":"#00FF00FF"},"geometry":{"type":"LineString","coordinates":[[121.77642004855073,25.10393149370751,0],[121.77642021230574,25.10393223252524,0]]}},{"type":"Feature","properties":{"cadgeom_type":"CADLWPolyline","thickness":0,"color":"#00FF00FF"},"geometry":{"type":"LineString","coordinates":[[121.81918521446802,25.106063465236698,0],[121.8191009198677,25.10620797154038,0],[121.81918521446802,25.106063465236698,0],[121.8192939107076,25.105914083855172,0],[121.81956529841291,25.10564506650272,0],[121.81989214568435,25.10538768019914,0],[121.8201116121887,25.105221013330265,0],[121.82027491345919,25.105093748621933,0],[121.82027491345919,25.105093748621933,0],[121.82027491345919,25.105093748621933,0],[121.82027491345919,25.105093748621933,0],[121.82109082963768,25.10446528802193,0],[121.82109082963768,25.10446528802193,0],[121.82109082963768,25.10446528802193,0],[121.82119961412408,25.104376724191557,0],[121.82119961412408,25.104376724191557,0],[121.82133576027182,25.104287354203517,0],[121.82133576027182,25.104287354203517,0],[121.82157290163869,25.104184006727902,0],[121.82187522856078,25.10415262451723,0],[121.82200903932544,25.10415164256531,0],[121.82200903932544,25.10415164256531,0],[121.82200903932544,25.10415164256531,0],[121.82200903932544,25.10415164256531,0],[121.82200903932544,25.10415164256531,0],[121.82223389142531,25.104161975535817,0],[121.82237240332219,25.104212095679884,0],[121.82245555216522,25.104229067193092,0],[121.82257130301724,25.104334981619033,0],[121.82264496294191,25.104440402334212,0],[121.82278415610892,25.10464552780465,0],[121.82278415610892,25.10464552780465,0],[121.82294349416081,25.10490100136537,0],[121.82297372664324,25.105006585676897,0],[121.82295838398305,25.105032964429707,0],[121.8229414096901,25.105105804687287,0],[121.822929506054,25.10514687788672,0],[121.82294770540287,25.105229989621343,0],[121.82300436115811,25.10531960221283,0],[121.82318462766456,25.105510967764975,0],[121.82331977295878,25.105655145430674,0],[121.82337487885388,25.105730006864064,0],[121.82345365707577,25.105890167451765,0],[121.82350112429837,25.105963457273205,0],[121.82353760007085,25.10600784978158,0],[121.82365696286062,25.10612639171985,0],[121.82375318381847,25.106228850173412,0],[121.82378354849658,25.106269450551245,0],[121.823795672572,25.106278274396974,0],[121.82382845328405,25.106251331223365,0],[121.82402599872528,25.10633933168984,0],[121.82405953954289,25.106330130381522,0],[121.82410912555501,25.106367401708077,0],[121.82412166926096,25.106438082855785,0],[121.8241348960179,25.106479600998988,0],[121.82431070982467,25.106702700578207,0],[121.82491934302459,25.106958027076857,0],[121.82521676102218,25.106983330769232,0],[121.82551446807757,25.10706921206796,0],[121.82556369390306,25.107092613030762,0],[121.82585326047956,25.10720116301003,0],[121.82590121617925,25.107217701410484,0],[121.82590778040685,25.107205744748985,0],[121.82619006226959,25.107261480552133,0],[121.82627104037756,25.10727867180061,0],[121.82640220569681,25.107285283683257,0],[121.8265608537117,25.107304531877784,0],[121.82661885819236,25.107304688072798,0],[121.82663472307618,25.10754085259957,0],[121.82754038420316,25.107353640284956,0],[121.8277203664825,25.107336653306415,0],[121.82771821669144,25.107424355424975,0],[121.82804176028212,25.10768414769326,0],[121.82839781012166,25.107761583422036,0],[121.82837325462522,25.1078351507265,0],[121.8291439615119,25.108038608691064,0],[121.82913000378984,25.108074793439286,0],[121.82932471048174,25.108122192006547,0],[121.82928088008298,25.108266386617473,0],[121.8295888949086,25.10833113728522,0],[121.82970436304345,25.10835783911692,0],[121.82973448667445,25.108359196136817,0],[121.83004029759479,25.108433785786474,0],[121.83039441586405,25.10824957489484,0],[121.83056224338061,25.108033688135368,0],[121.83076799842851,25.10770102116835,0],[121.83101663575802,25.107050993991447,0],[121.83092590389374,25.106329362679322,0],[121.83091601107961,25.10625068009684,0],[121.830886505268,25.106099425534598,0],[121.83081517182816,25.10471386953985,0],[121.83088353834823,25.10469749839918,0],[121.8307842420612,25.10433226932747,0],[121.8306940232893,25.104352605141756,0],[121.83058561846657,25.103953869495484,0],[121.8305293502785,25.103941224402,0],[121.83055127845283,25.103855120215577,0],[121.83072862191142,25.10346720501942,0],[121.83080103069878,25.103363676426405,0],[121.83106316912647,25.10306400372323,0],[121.83106316912647,25.10306400372323,0],[121.83106316912647,25.10306400372323,0],[121.83124536597718,25.102879308296732,0],[121.83139336128545,25.1027423832155,0],[121.83139336128545,25.1027423832155,0],[121.83146301219494,25.102694365024394,0],[121.83146301219494,25.102694365024394,0],[121.83171021892585,25.102583773271263,0],[121.83203523293633,25.102418046968012,0],[121.83226033551881,25.10232660110187,0],[121.8324808186363,25.102218598545125,0],[121.83292618562766,25.10193900234233,0],[121.83310654651659,25.101810776175668,0],[121.83312246639902,25.101800111058694,0],[121.8333071267626,25.101686140387766,0],[121.83339129350462,25.101615914077268,0],[121.83367210361006,25.101321863407577,0],[121.83379795768093,25.101155600824384,0],[121.83397517087963,25.100856359872765,0],[121.83398678658655,25.100833976726655,0],[121.83409784440317,25.10052266937876,0],[121.83423493479775,25.100161541455684,0],[121.83430856961978,25.099864854754216,0],[121.83431062423128,25.09985350006209,0],[121.8343189171819,25.09982169244902,0],[121.83433831707266,25.099744652829585,0],[121.83433831707266,25.099744652829585,0],[121.83434831197745,25.099705844097997,0],[121.83440299653535,25.099706865559334,0],[121.83446868806162,25.099497163301677,0],[121.83449059484168,25.099232479217044,0],[121.83447996983112,25.099015076546642,0],[121.83446348838572,25.09892884563985,0],[121.83440609798035,25.098787325900087,0],[121.83436847970013,25.098677998397793,0],[121.83424801337931,25.098434299731334,0],[121.83411162512971,25.09816031243583,0],[121.83405336146284,25.09807349208701,0],[121.83399464690731,25.097961341998886,0],[121.83391764334962,25.09775312507528,0],[121.83378849678701,25.097624692395627,0],[121.83376869520158,25.097617687329663,0],[121.83360983657916,25.097356541757424,0],[121.83350185310792,25.097110355243377,0],[121.83337128373115,25.09675518446617,0],[121.83323590309412,25.096485422921116,0],[121.8331582587897,25.096325513052097,0],[121.83293026144558,25.095948636324398,0],[121.83273774560172,25.095598651057646,0],[121.83255815622347,25.095021125582377,0],[121.83252453625671,25.094666034139745,0],[121.83252453625671,25.094666034139745,0],[121.83252453625671,25.094666034139745,0],[121.83252453625671,25.094666034139745,0],[121.83252453625671,25.094666034139745,0],[121.83257589426896,25.093656578175484,0],[121.83257589426896,25.093656578175484,0],[121.83257589426896,25.093656578175484,0],[121.83257384978907,25.093352262530132,0],[121.83257182393876,25.09318902129927,0],[121.83257381432655,25.092978166885068,0],[121.83250324256643,25.09265688594852,0],[121.8324411238701,25.0924207090956,0],[121.83223024653448,25.091772505698202,0],[121.83209349033966,25.09181818043482,0],[121.83177848332133,25.091311696627315,0],[121.83171426213589,25.09121006490829,0],[121.83173098305821,25.09120366628181,0],[121.83175332774185,25.091196430874394,0],[121.83172467421413,25.091129960671562,0],[121.83169976668714,25.09108525392281,0],[121.83169258124548,25.091072356700558,0],[121.83169361268274,25.091050867594287,0],[121.83165279195374,25.091051512980542,0],[121.83162468370757,25.091048205880067,0],[121.83160582067472,25.091040128285254,0],[121.83160582067472,25.091040128285254,0],[121.83136813973522,25.090736797461417,0],[121.83130918930301,25.090660236514875,0],[121.83106043419014,25.090386943961565,0],[121.83098609980671,25.09030757779747,0],[121.83075381041706,25.09007920782297,0],[121.83058444272616,25.089996244907944,0],[121.83037594630449,25.089877552684545,0],[121.82998969611816,25.08968603072135,0],[121.8297689483079,25.089543604111558,0],[121.82964014143778,25.08945294426725,0],[121.8295257960992,25.089377764397415,0],[121.8294466582311,25.089325217550204,0],[121.8294036997325,25.089272689528375,0],[121.8292330942165,25.08909130136096,0],[121.8291587133955,25.088986761993144,0],[121.82906550380574,25.088858084215936,0]]}},{"type":"Feature","properties":{"cadgeom_type":"CADLWPolyline","thickness":0,"color":"#00FF00FF"},"geometry":{"type":"LineString","coordinates":[[121.82824704578125,25.107064458532836,0],[121.82817819356403,25.10708567117339,0],[121.82827407918695,25.107238251113806,0],[121.82830232686172,25.10728302463545,0],[121.82845096024677,25.10745462621278,0],[121.82856658694543,25.107530785229386,0],[121.82872101277637,25.10761735115301,0],[121.82889113104972,25.10765621499084,0],[121.82907536106292,25.107675247729674,0],[121.82913601325714,25.10766069667455,0],[121.82927006532971,25.107589126151776,0],[121.82935618289457,25.107514935671595,0],[121.8295376068577,25.107202579907938,0],[121.82950879043966,25.10715506878311,0],[121.82951263764352,25.10707885106243,0],[121.82945709240475,25.10691720942507,0],[121.8294671056172,25.106912242493312,0],[121.82940996582383,25.106734782212776,0],[121.82933721712118,25.106756845354045,0],[121.82933721712118,25.106756845354045,0],[121.82933721712118,25.106756845354045,0],[121.82933721712118,25.106756845354045,0],[121.82927842747199,25.106602629684396,0],[121.82924449464991,25.10658802991411,0],[121.82924449464991,25.10658802991411,0],[121.82919230757136,25.106622263134785,0],[121.82910474490394,25.106672808768526,0],[121.82905956277668,25.106698550581424,0],[121.82902403995536,25.106719883799,0],[121.82899120265768,25.106738331253887,0],[121.82896122793126,25.10675200705596,0],[121.82892687299001,25.106767842242384,0],[121.82871253895135,25.106868836412108,0],[121.82863606870558,25.10690333886361,0],[121.82858679203696,25.106924143442946,0],[121.82854776065088,25.106940622706105,0],[121.8285156691819,25.106954172110726,0],[121.82844496947257,25.10698383920988,0],[121.82824704578125,25.107064458532836,0]]}},{"type":"Feature","properties":{"cadgeom_type":"CADLWPolyline","thickness":0,"color":"#00FF00FF"},"geometry":{"type":"LineString","coordinates":[[121.73766422498986,25.10320778506116,0],[121.73766465736131,25.103207712268365,0],[121.7378125914681,25.103354839540884,0],[121.7378441889553,25.10338615754672,0],[121.73796247120339,25.103352650910853,0],[121.73813250893555,25.103308191729237,0],[121.73833767509619,25.103262488310047,0],[121.73857684152365,25.10321780883834,0],[121.73889947902683,25.10316488039796,0],[121.73913983989583,25.103093087921923,0],[121.7392036252438,25.103074036039338,0],[121.73949455526031,25.103014203630543,0],[121.73949455526031,25.103014203630543,0],[121.73949455526031,25.103014203630543,0],[121.73949455526031,25.103014203630543,0],[121.73965914260184,25.10298246729749,0],[121.73984668658113,25.1029487053589,0],[121.74007547866582,25.102910186305156,0],[121.74024239961771,25.10288643142737,0],[121.740459874035,25.10286518239148,0],[121.74048554392988,25.10286057469353,0],[121.74077413120978,25.102808778069782,0],[121.74092204127273,25.102784886125303,0],[121.7410437158695,25.1027633463173,0],[121.74126927442735,25.10273885450401,0],[121.74144475958317,25.1027152429059,0],[121.74156473612278,25.10270278319039,0],[121.74188369630834,25.102670719946897,0],[121.74195442292111,25.102663609666546,0],[121.7425496969144,25.102604163418967,0],[121.74269663803538,25.10258899645693,0],[121.74269663803538,25.10258899645693,0],[121.7429405201226,25.102564479087835,0],[121.74304000474882,25.102555928918562,0],[121.74347335562211,25.102512957465677,0],[121.74368539442041,25.10249202639114,0],[121.74368590491974,25.102496349200646,0],[121.74402434866902,25.102459603988315,0],[121.74402632251852,25.102474349609906,0],[121.7440273601271,25.102482047273202,0],[121.74381997485398,25.102643201539035,0],[121.74381986262266,25.102653872568357,0],[121.74459733881565,25.102663095531042,0],[121.74463441058262,25.102663531899235,0],[121.74474281446332,25.10265007250222,0],[121.7449745508488,25.102621299899436,0],[121.74511918126268,25.102603347929247,0],[121.74518931272114,25.10258206887102,0],[121.7452321284401,25.102569073632672,0],[121.74526949688885,25.10254618149333,0],[121.74543755078818,25.102443212187072,0],[121.74548815447922,25.102385516763533,0],[121.74548815447922,25.102385516763533,0],[121.74570690798791,25.102192324743545,0],[121.7458408782114,25.102052718443648,0],[121.74585443467961,25.102038947928488,0],[121.74597211632384,25.101906426844984,0],[121.746038318882,25.101831934894726,0],[121.7462091157828,25.101869770546525,0],[121.7462797820211,25.101754059562236,0],[121.7462756773649,25.10170457107985,0],[121.74624258877571,25.101619751157603,0],[121.74630630042215,25.101498898498214,0],[121.74634362725101,25.101449645411705,0],[121.74635191582223,25.101409331274436,0],[121.7463613388396,25.101370241664835,0],[121.74642554726626,25.101319205665312,0],[121.74646937919266,25.10128221862601,0],[121.74653164228562,25.101210083463265,0],[121.74658604851147,25.101128677086823,0],[121.74664414590362,25.101027259039856,0],[121.74670347199498,25.100868868575887,0],[121.74673371998098,25.100727122185205,0],[121.74673343280868,25.100635058801103,0],[121.74671508136024,25.10051407717144,0],[121.74670026296396,25.100469008182177,0],[121.74661654122428,25.100212158796296,0],[121.7466028321926,25.100170095620353,0],[121.746507191393,25.09987815618298,0],[121.746507191393,25.09987815618298,0],[121.74650257017083,25.09984323226749,0],[121.74650239258202,25.099806020702534,0],[121.74652931496081,25.09966344207211,0],[121.74653357004325,25.099640932970257,0],[121.74654714233712,25.099617792434707,0],[121.74656251841499,25.09959159539822,0],[121.74658907424418,25.099584550271754,0],[121.74663144339665,25.099470942495582,0],[121.74665017323395,25.09945131705533,0],[121.74669215708745,25.099413028246197,0],[121.7467366428143,25.09937864126806,0],[121.7469508194691,25.09924168694362,0],[121.7469508194691,25.09924168694362,0],[121.7469508194691,25.09924168694362,0],[121.74729646409291,25.099017632754737,0],[121.7473713329068,25.09899946274034,0],[121.74741962201529,25.098998620553772,0],[121.7474413030421,25.098998242607728,0],[121.74755262959303,25.098969532286848,0],[121.74770869441247,25.098945298030888,0],[121.74771531353359,25.09894426799755,0],[121.74781533056652,25.098945065184317,0],[121.74790558056534,25.098933919561063,0],[121.74807677511367,25.09891279227878,0],[121.74827090433891,25.09897009472152,0],[121.74828505639024,25.09897427010853,0],[121.74835722861702,25.098981998687364,0],[121.7484016578983,25.099020401501583,0],[121.74854813808655,25.099059992381846,0],[121.7486164809539,25.099109999366863,0],[121.74910590793914,25.09918843950456,0],[121.74930154216747,25.09924680838356,0],[121.74949575035274,25.099294465632248,0],[121.75004175371465,25.099428258943004,0],[121.7504907256073,25.09951558413357,0],[121.75102007731854,25.099211401066054,0],[121.75106503217933,25.09926959943173,0],[121.75106503217933,25.09926959943173,0],[121.75106503217933,25.09926959943173,0],[121.75106503217933,25.09926959943173,0],[121.75106503217933,25.09926959943173,0],[121.75075275562772,25.099461673289216,0],[121.750717138334,25.09951543918173,0],[121.75068999457412,25.099596176763836,0],[121.75078359629724,25.099626834326674,0],[121.75078359629724,25.099626834326674,0],[121.75085919041616,25.099649104416827,0],[121.75099055967064,25.09968779751918,0],[121.75144128672007,25.099820549334822,0],[121.75185088368482,25.099934307002773,0],[121.75208308138329,25.099999889139422,0],[121.75235104674738,25.100073232568842,0],[121.75261183007679,25.10018185911702,0],[121.75319188061702,25.100423032767853,0],[121.75354998702342,25.100571985603956,0],[121.75394473689875,25.100736382255953,0],[121.7541759791563,25.1008332453852,0],[121.75476396645601,25.101070220530517,0],[121.75487469202852,25.101116006132248,0],[121.75501488616746,25.10117397697031,0],[121.75523637022812,25.101260755979098,0],[121.7553697503933,25.101306562016756,0],[121.7555007400539,25.10134536211559,0],[121.75552004995555,25.101351081838207,0],[121.75552004995555,25.101351081838207,0],[121.75562372651284,25.10136651126797,0],[121.75568560337582,25.101375719915975,0],[121.7557491534281,25.10138245187755,0],[121.75589576311836,25.1014069961375,0],[121.75597693513433,25.10141038911421,0],[121.75616961432378,25.101411640822064,0],[121.7562903920052,25.101400617587284,0],[121.75654472354881,25.101347414410302,0],[121.75654472354881,25.101347414410302,0],[121.75671667316837,25.101291446166098,0],[121.75692407828994,25.101180847099354,0],[121.75692407828994,25.101180847099354,0],[121.75698707357824,25.101149779339135,0],[121.75700578904093,25.101140543498524,0],[121.75705879767882,25.101117212515458,0],[121.7573113868274,25.101025239371936,0],[121.7573686189747,25.10100343608114,0],[121.7576775538119,25.100890783649678,0],[121.7576775538119,25.100890783649678,0],[121.7578021103161,25.100844242563145,0],[121.7581729231951,25.100705234719104,0],[121.75872520028483,25.100497129872092,0],[121.758826286294,25.100457845407675,0],[121.75896454310143,25.100401757282054,0],[121.75905949315371,25.100363237769912,0],[121.7591973248153,25.100307321817546,0],[121.75936017871733,25.100246095698882,0],[121.75938888091598,25.100235304872157,0],[121.75947476921954,25.100214392889676,0],[121.7596312520789,25.10016302888425,0],[121.75971483285707,25.10014564751462,0],[121.75982756855734,25.10012220303644,0],[121.75997364131128,25.10007910828185,0],[121.7604314762395,25.099920264679703,0],[121.76064848115394,25.099836913936368,0],[121.76075030528857,25.09983846560501,0],[121.76090792391743,25.09984025955586,0],[121.76106727405976,25.0997843024882,0],[121.76111829506463,25.099785078457522,0],[121.76120654235955,25.099749948575813,0],[121.7612738026245,25.099719101020806,0],[121.76146754867948,25.099644610413467,0],[121.76163756942015,25.099581466237698,0],[121.76166197679365,25.09957240153725,0],[121.76236459698686,25.099316926318206,0],[121.7625991591781,25.099228771960096,0],[121.7623575857835,25.09903518672793,0],[121.76236752384098,25.099022087498245,0],[121.76247845846663,25.099007843588247,0],[121.76270127962997,25.098938418627434,0],[121.76274616536178,25.09895924934861,0],[121.76282341635991,25.098984180535965,0],[121.76324089648001,25.09893837344712,0],[121.76339098342426,25.0989069832949,0],[121.76347182712878,25.098894781268502,0],[121.76405026713913,25.098809890050152,0],[121.76405026713913,25.098809890050152,0],[121.76443371151653,25.09871322967254,0],[121.76461332288928,25.098733618793467,0],[121.76476301243774,25.098738258318374,0],[121.7648916529762,25.09873953651062,0],[121.76497376010764,25.098750014500595,0],[121.76513042548815,25.09877000700863,0],[121.76552058380234,25.098846446050587,0],[121.76554344555998,25.098939930753243,0],[121.76565896256832,25.099003067067173,0],[121.76593829880515,25.0991872005037,0],[121.76609834426695,25.099324533275453,0],[121.76618011454583,25.09940363864237,0],[121.76630549147109,25.099572820963033,0],[121.76638740680035,25.099695438644552,0],[121.766477969155,25.099857664593287,0],[121.7665772440433,25.100110339397386,0],[121.76657860477691,25.100113802733432,0],[121.76663484140025,25.100283327715985,0],[121.76672809835918,25.100625793159097,0],[121.76674370708619,25.10067308193892,0],[121.76682656946453,25.100889518580992,0],[121.76697035713063,25.101223264487036,0],[121.76711405947187,25.10147295892577,0],[121.76713536239087,25.101507509611235,0],[121.767199152174,25.101620559472263,0],[121.76727404224219,25.101739030803458,0],[121.76749001413322,25.10204386703652,0],[121.76757998267443,25.102170302270796,0],[121.76781424927826,25.102509892295053,0],[121.76802039561282,25.102798785099427,0],[121.76810787946543,25.102946016091696,0],[121.76819358897083,25.10308569083573,0],[121.76819752007,25.1030996585843,0],[121.76823583874807,25.103183665755935,0],[121.76829110582845,25.10329977546241,0],[121.76832526507619,25.103350678581382,0],[121.7683675696226,25.103447941666843,0],[121.76847347498493,25.103656115121108,0],[121.76853838217635,25.103789062484818,0],[121.76862581113029,25.103960025608725,0],[121.76877193092612,25.104260088967806,0],[121.76893773799138,25.104589304491174,0],[121.7690899896492,25.104863649024328,0],[121.76919043832767,25.10501950324626,0],[121.76933461685489,25.10523071308608,0],[121.76942133385454,25.105430455612638,0],[121.7695135707935,25.105575171906526,0],[121.76954755385839,25.10560416954163,0],[121.76967071348132,25.105735556504722,0],[121.76970984484349,25.10577040220731,0],[121.76986187137956,25.105887334492092,0],[121.76997059031093,25.10597090760732,0],[121.77002377857625,25.10601159641016,0],[121.77021630470996,25.106290555956313,0],[121.7704765264658,25.106655217299842,0],[121.77047685756342,25.106655749780316,0],[121.77053687942234,25.10675227852961,0],[121.77062095880163,25.106888644142515,0],[121.770703085537,25.107051443912876,0],[121.77083520727281,25.10735464092134,0],[121.77092864700536,25.107613442430914,0],[121.77101125378447,25.10789619807801,0],[121.77103683243557,25.10798659361779,0],[121.77111846906591,25.1084479606604,0],[121.77114814768974,25.108518343385075,0],[121.77118205279153,25.108577663627237,0],[121.77124557167203,25.108656246546534,0],[121.77130877730391,25.10871278720641,0],[121.77137210143592,25.108757407213947,0],[121.7714471623848,25.108795987050502,0],[121.77155276907801,25.108815620065574,0],[121.7717791257745,25.108838568778477,0],[121.77203814491223,25.108833088249938,0],[121.77233720932261,25.10879888219606,0],[121.77303636683239,25.108721755950885,0],[121.77324732734846,25.108696603031984,0],[121.77333927361141,25.10868186554188,0],[121.7737510195251,25.108638423783134,0],[121.77392488907961,25.10862220801559,0],[121.77404744940716,25.108608884192158,0],[121.77404876329192,25.10860861605196,0],[121.77434296530146,25.10854857440075,0],[121.77462253738692,25.108494272226604,0],[121.77483770683433,25.108437522057745,0],[121.77499505731942,25.10838260085911,0],[121.7750850672421,25.10833116841223,0],[121.77524906979056,25.108220520891443,0],[121.77533826150304,25.108156705363673,0],[121.77540242536074,25.108112126534664,0],[121.77547056105087,25.10805124186453,0],[121.7755606739786,25.107966687939655,0],[121.77562265552977,25.107913482444957,0],[121.77573492493501,25.107777511789735,0],[121.77580355077859,25.10766492681552,0],[121.77585787510745,25.107503599931725,0],[121.77587746825644,25.10737363807472,0],[121.77586749876792,25.10723331971022,0],[121.7758084389496,25.10694533337435,0],[121.77573915136598,25.10662831584459,0],[121.77565256706663,25.106233320279102,0],[121.77553434797865,25.105700813997004,0],[121.77544189736447,25.105292738906567,0],[121.77538746503838,25.105013530194398,0],[121.77533312652832,25.104732207630448,0],[121.77527093513585,25.104431390363438,0],[121.77524139112471,25.10430797779153,0],[121.77524139112471,25.10430797779153,0],[121.775215412329,25.104199457773678,0],[121.77514530175276,25.103892371990003,0],[121.77514530175276,25.103892371990003,0],[121.77514530175276,25.103892371990003,0],[121.77510705854066,25.103714236216028,0],[121.77511249766196,25.103510446909855,0],[121.77511516769546,25.103374255144182,0],[121.77511686373147,25.103303147744118,0],[121.77505749917204,25.103291476426136,0],[121.77506122545213,25.103110253524004,0],[121.77506311508789,25.102801530007095,0],[121.77516721588268,25.102704915055018,0],[121.77518170202075,25.102626383216613,0],[121.77522276962337,25.102483723372654,0],[121.77523975403592,25.10237695424005,0],[121.7752828105664,25.10221462712522,0],[121.77533610709241,25.102072861088562,0],[121.77533610709241,25.102072861088562,0],[121.775379593502,25.101958387044277,0],[121.775379593502,25.101958387044277,0],[121.77544272422436,25.10181045884423,0],[121.77544310016641,25.101809910526438,0],[121.77555599891156,25.10164618960913,0],[121.77562482820426,25.101536312234053,0],[121.77568504641698,25.101461357164617,0],[121.77579655037235,25.101327238923812,0],[121.77594790750402,25.1011471749574,0],[121.77607445634565,25.10101538040795,0],[121.77606737981053,25.101000325627272,0],[121.77605330331966,25.100968918841613,0],[121.7760455277778,25.10095397806986,0],[121.77605049131057,25.100860455095777,0],[121.77609346156837,25.100806547945922,0],[121.776148324012,25.100773473581068,0],[121.77623671340265,25.100738436136236,0],[121.77635504874111,25.100694123578705,0],[121.77638260916851,25.100658183528346,0],[121.77638260916851,25.100658183528346,0],[121.77652019193741,25.1005142881628,0],[121.77652019193741,25.1005142881628,0],[121.77666325542683,25.10045914047798,0],[121.77676568271063,25.10041960864555,0],[121.77687306455212,25.100448756627905,0],[121.77696135243778,25.10043498431824,0],[121.77709167204581,25.10041132150795,0],[121.77719820119606,25.10039353390428,0],[121.77728935501784,25.10037642639903,0],[121.77737249503178,25.100363108377426,0],[121.77742442718348,25.100356303462682,0],[121.7775438712702,25.10034503140982,0],[121.77765223556047,25.10033670789803,0],[121.77776428630885,25.100324722925187,0],[121.77787029804394,25.100312659114728,0],[121.77793549822601,25.100307052433624,0],[121.77803343034715,25.10030687753699,0],[121.77813201086218,25.10031183094518,0],[121.77826125041784,25.100318536624293,0],[121.7783673384791,25.100330554888,0],[121.77847992245592,25.100347159408553,0],[121.77860146157448,25.10036813716468,0],[121.7787224069665,25.100394201162572,0],[121.77892656691272,25.100427350421484,0],[121.77925168655277,25.10048875404178,0],[121.77942812145801,25.100518785647925,0],[121.7796664558667,25.100563576603705,0],[121.77991325455223,25.100617076018356,0],[121.7802052237009,25.10067300944538,0],[121.78031483656743,25.100695445460563,0],[121.78039020074269,25.1007086801275,0],[121.78057258340768,25.100740195694613,0],[121.78074432186773,25.100767304484176,0],[121.78093082993422,25.10079596092598,0],[121.78097950193607,25.10080157702685,0],[121.78106072667468,25.100818315069066,0],[121.78115670558394,25.10083297969904,0],[121.78123371401632,25.100846079551914,0],[121.78151305059541,25.100887863435087,0],[121.78154531244523,25.100891919201295,0],[121.7815824989443,25.100902205589048,0],[121.78164291526296,25.100913779796006,0],[121.78168947924631,25.100919434357294,0],[121.78176604448652,25.100917855694412,0],[121.78185907027536,25.10089869414995,0],[121.78197451453495,25.100870092822124,0],[121.78207501190629,25.100847731987194,0],[121.7821559324093,25.10082037169118,0],[121.78226432163358,25.100775076926023,0],[121.78236591492258,25.100730760550075,0],[121.78247743686735,25.100690254719932,0],[121.78260959918654,25.100629715312987,0],[121.78267247900682,25.100603884176397,0],[121.78275627814008,25.10056306797715,0],[121.78288706048812,25.100496249728813,0],[121.78301017328384,25.100450106886495,0],[121.78301046174448,25.100450056732214,0],[121.78316956795167,25.100422393052657,0],[121.78333305322697,25.100397630003908,0],[121.78350315662487,25.100379919484528,0],[121.78362043634843,25.100387534060516,0],[121.78374570970081,25.10039823195358,0],[121.78383191902581,25.10041337278265,0],[121.78390090576455,25.100431760886025,0],[121.78401280380206,25.100466783503,0],[121.7842221005608,25.100551226638043,0],[121.78432216524702,25.100601834157757,0],[121.78438114097791,25.10064877193912,0],[121.78446415046172,25.100729706232258,0],[121.7845126173402,25.1007867933697,0],[121.78457059515057,25.100874526892547,0],[121.78462259077389,25.10097531102196,0],[121.78464570160968,25.101028305872905,0],[121.78469052550903,25.10115309576889,0],[121.78474246029067,25.10116369751246,0],[121.78475738420198,25.101176275162736,0],[121.78473876501239,25.101200785856946,0],[121.78479761722625,25.10127189489682,0],[121.78484928092001,25.101418821550112,0],[121.78485917694665,25.101419672258054,0],[121.7849544691032,25.1014402694574,0],[121.78486927661938,25.10146879796508,0],[121.78493091692933,25.101567392147363,0],[121.78489632887893,25.10160169288557,0],[121.78474435116745,25.101641506050644,0],[121.78472014806746,25.101658665043914,0],[121.78471478840787,25.101730675505323,0],[121.78470926482387,25.101772419687133,0],[121.78467761734322,25.102092237490982,0],[121.78462877484115,25.10260281313081,0],[121.78459422067195,25.1029777939659,0],[121.78457317157678,25.10314311096573,0],[121.78455456885496,25.103388533110376,0],[121.78452200605045,25.103776906626415,0],[121.78452143414218,25.10382279838886,0],[121.78453268488104,25.10388219606362,0],[121.78456436846953,25.104003301576423,0],[121.7846037006185,25.10412431749653,0],[121.78462709911345,25.104169874295874,0],[121.78467580193592,25.104257482754768,0],[121.7848000379896,25.104445026256847,0],[121.78500104340672,25.10476511751296,0],[121.78523985998956,25.105136924295753,0],[121.78548590368801,25.10552261625256,0],[121.78558160295184,25.105681765450573,0],[121.78582511457579,25.106057015640456,0],[121.78607499441246,25.106551353151342,0],[121.7860857605566,25.10657383130589,0],[121.78627519167009,25.10696933458902,0],[121.78637027716336,25.107201368601437,0],[121.78649744550052,25.107582696719405,0],[121.7865638418915,25.107790056559082,0],[121.78660410847698,25.10790636307418,0],[121.78667020603228,25.108134447424742,0],[121.78669974205395,25.108273676429402,0],[121.78669974205395,25.108273676429402,0],[121.78671056105493,25.108348634589014,0],[121.78672706479068,25.108422728844744,0],[121.78674917375959,25.108495602225137,0],[121.78677678145453,25.108566903639993,0],[121.78680975487602,25.108636289572026,0],[121.78682365354462,25.108668209411487,0],[121.78693307166878,25.10890467258298,0],[121.78694265989868,25.10893042692098,0],[121.78707659275369,25.109214307577783,0],[121.7871180083036,25.1093010685817,0],[121.7873807584926,25.109719772003597,0],[121.78763791050467,25.110048702127873,0],[121.78776065474909,25.110181479501087,0],[121.78776065474909,25.110181479501087,0],[121.78832522119919,25.110556449225175,0],[121.78858304857185,25.11071661102615,0],[121.78925804702735,25.111153572481747,0],[121.79005050166,25.11165590825838,0],[121.79016925395138,25.111731088903483,0],[121.79026271083181,25.111786649439857,0],[121.79060134937097,25.111979071014154,0],[121.79060134937097,25.111979071014154,0],[121.79117452070427,25.112267738980282,0],[121.79124093544549,25.112296841340395,0],[121.79124093544549,25.112296841340395,0],[121.79124093544549,25.112296841340395,0],[121.7914056139685,25.11235668296868,0],[121.79157443638599,25.112406032758436,0],[121.79174659742115,25.112444655312988,0],[121.79192127586956,25.112472366404322,0],[121.7920976385168,25.112489033851908,0],[121.79210106779334,25.112489227283053,0],[121.79230025363701,25.112500462386215,0],[121.79261638798138,25.112503922799725,0],[121.79270250536233,25.112504591230028,0],[121.79270250536233,25.112504591230028,0],[121.79336973501908,25.11247885995156,0],[121.79403433550245,25.112419156612408,0],[121.79469422173646,25.11232566853539,0],[121.79497402127662,25.112280982927523,0],[121.79504559942892,25.112267963553496,0],[121.79516554784948,25.112246137670205,0],[121.79530947164027,25.11221446377443,0],[121.79530947164027,25.11221446377443,0],[121.79540165391595,25.11219344073879,0],[121.79557039378487,25.112143108166038,0],[121.79582612138624,25.11206650655467,0],[121.79582612138624,25.11206650655467,0],[121.79604867834496,25.111985917012113,0],[121.79635548645317,25.111870852454647,0],[121.79635548645317,25.111870852454647,0],[121.7965036606466,25.111790336602393,0],[121.79661389971393,25.111731107264198,0],[121.79665507709325,25.11170946923312,0],[121.79687219589817,25.11159904342825,0],[121.79694717057866,25.111548850954712,0],[121.79709076797322,25.111452650817657,0],[121.79729301447095,25.1113171594275,0],[121.79736455534534,25.11128538637269,0],[121.79736455534534,25.11128538637269,0],[121.79736455534534,25.11128538637269,0],[121.79768474926918,25.110902510323967,0],[121.79768474926918,25.110902510323967,0],[121.79794025738484,25.110439285727548,0],[121.79800467547354,25.11030992670684,0],[121.79801629404204,25.110289837293355,0],[121.79810176205574,25.11012185125982,0],[121.79817115954776,25.109997288684422,0],[121.79820230155016,25.109938107557763,0],[121.79830549822812,25.10974200402282,0],[121.79848467295196,25.109390599866853,0],[121.79863165073789,25.109176275788943,0],[121.7986797974255,25.109139993794077,0],[121.7986797974255,25.109139993794077,0],[121.7987485359493,25.109110614485065,0],[121.798941623425,25.108802480918975,0],[121.79908085115066,25.108579657378,0],[121.7990820371346,25.10853543922003,0],[121.79913235800686,25.108452135586898,0],[121.79916852554824,25.108387306433336,0],[121.79916852554824,25.108387306433336,0],[121.79916852554824,25.108387306433336,0],[121.79916852554824,25.108387306433336,0],[121.79916852554824,25.108387306433336,0],[121.79916852554824,25.108387306433336,0],[121.7992225371025,25.108298110831438,0],[121.7992225371025,25.108298110831438,0],[121.79937132966342,25.108174154682555,0],[121.79971705742813,25.10809955765633,0],[121.79992183111594,25.108045458651098,0],[121.80012780853002,25.107983695387258,0],[121.80030369088078,25.107925370113374,0],[121.80047914856526,25.107869721138943,0],[121.80068527261612,25.107799509237076,0],[121.80084150115339,25.107774216484678,0],[121.80098990364041,25.107732789409095,0],[121.8010406162562,25.107722172103664,0],[121.80108456367815,25.10771581051328,0],[121.80112897680424,25.107709375188747,0],[121.80117323139575,25.107702967444624,0],[121.80121778324704,25.107696513591463,0],[121.80126222610205,25.107690078131483,0],[121.80130648067853,25.10768367034791,0],[121.80135302033248,25.107683565463542,0],[121.80137569796437,25.107684205534923,0],[121.80139714639094,25.107680195231712,0],[121.80145457657154,25.107645060405734,0],[121.80149484459592,25.107628256620547,0],[121.80158119475384,25.10761098824147,0],[121.80162402740085,25.10760608352832,0],[121.80173675620485,25.107584162180306,0],[121.80189536175425,25.107549092653954,0],[121.80203774140774,25.107519392749882,0],[121.8021516612137,25.107488574915692,0],[121.80252781364305,25.107390782787107,0],[121.80267205557125,25.107355650687655,0],[121.80272517048624,25.10733989693758,0],[121.80288237179084,25.107288085356263,0],[121.80298432480397,25.107254922309174,0],[121.80303506286243,25.107238219658793,0],[121.80317510727066,25.107192096037252,0],[121.80327609513488,25.107155559601477,0],[121.80331951073448,25.107134962585892,0],[121.80336904313333,25.10711591571525,0],[121.8034142472097,25.107099683070544,0],[121.80346665642644,25.1070768000012,0],[121.80353294388266,25.107056228850634,0],[121.80355302885825,25.10704293196846,0],[121.80377470162126,25.10695755828921,0],[121.80381915269794,25.106944604191664,0],[121.80385103126773,25.106934258763214,0],[121.80413275858388,25.10685210364753,0],[121.80440264820668,25.106772615762505,0],[121.80440264820668,25.106772615762505,0],[121.80463978858366,25.106688209829255,0],[121.8048710500841,25.10659121893855,0],[121.80516330741835,25.10647147758597,0],[121.80517389630177,25.10646713917773,0],[121.80558638554878,25.106288236156647,0],[121.8057842441379,25.106197513157685,0],[121.80599447137341,25.106087627129575,0],[121.80630747954521,25.105913364784648,0],[121.80644738165924,25.105849372809384,0],[121.8067114776358,25.105732667190058,0],[121.80693200820747,25.105635281731658,0],[121.80693200820747,25.105635281731658,0],[121.80704171649646,25.10561085512022,0],[121.80715298259071,25.10559321252035,0],[121.80726530110331,25.105582434066793,0],[121.80737816186776,25.10557856871636,0],[121.80749105225479,25.10558163402554,0],[121.80760345950084,25.105591616070786,0],[121.80771487303652,25.10560846951177,0],[121.80782478680564,25.10563211779732,0],[121.80793270156352,25.10566245351308,0],[121.80806093792535,25.10572914646169,0],[121.80818478357688,25.10579317586389,0],[121.8084878382458,25.10604670617664,0],[121.80879257660199,25.10631828736442,0],[121.80880110350341,25.106325296903773,0],[121.80881035571487,25.106333545927967,0],[121.80892940238836,25.106442152785693,0],[121.80893896986723,25.10645092969786,0],[121.80930384153889,25.10690958195818,0],[121.80961597949151,25.107169689118354,0],[121.80975708195054,25.10729141880852,0],[121.80998260864548,25.10742496103236,0],[121.81008928864864,25.107451384406268,0],[121.810095697521,25.107453399916977,0],[121.81022122949052,25.10749287809144,0],[121.81049764039001,25.10755788614988,0],[121.81074849849344,25.107618692222275,0],[121.81121301442325,25.107704213054284,0],[121.8113987839599,25.107736229717997,0],[121.81203076703802,25.107717249067203,0],[121.81243710698246,25.107709508187202,0],[121.8126583251015,25.107745180376106,0],[121.81286957364804,25.10780944078683,0],[121.81323377219397,25.107911402443023,0],[121.81343688350883,25.107967206992416,0],[121.8137770358776,25.108059832354122,0],[121.8140875300735,25.10814621789258,0],[121.81422034603743,25.108183812385505,0],[121.81434900990602,25.108240729435003,0],[121.81452362261393,25.108313391696296,0],[121.81484941219087,25.108407200780615,0],[121.81490167306315,25.10840962747138,0],[121.81515226333703,25.108437585384145,0],[121.81555755051991,25.10841492647416,0],[121.81565395473734,25.108413026594768,0],[121.81586472542125,25.108378680926112,0],[121.81592419588367,25.108366639217934,0],[121.81599664842497,25.10835938453336,0],[121.81624197355494,25.1083006934079,0],[121.81631980607436,25.108277305769985,0],[121.81649829590181,25.108189144941225,0],[121.81654666830289,25.108146644814525,0],[121.81680063282832,25.10792353240851,0],[121.816855810702,25.107857366368144,0],[121.81692210176783,25.107788427966415,0],[121.81697723826134,25.1077465551718,0],[121.81698430577057,25.107741187330536,0],[121.81708855664331,25.107612080208312,0],[121.81728930773599,25.107436123571606,0],[121.81733891241703,25.107364933751985,0],[121.81738734133785,25.10729131956479,0],[121.81763558930555,25.106907398771074,0],[121.81776183071779,25.106667675394373,0],[121.8177856653744,25.106581346643896,0],[121.81786469957413,25.106456728472153,0],[121.81790232857286,25.106401764366527,0],[121.81790232857286,25.106401764366527,0],[121.81812477266045,25.106080215178068,0],[121.81813999066793,25.106035640488646,0],[121.8181690782309,25.106007962902527,0],[121.81823588450256,25.10594439489879,0],[121.81832661871677,25.105847262452897,0],[121.81842265073546,25.10573870143348,0],[121.8184257257029,25.105736596773006,0],[121.81846702447098,25.10568965684466,0],[121.81850136231137,25.105598819521916,0],[121.8186007157969,25.10545342396127,0],[121.81875606910067,25.105308164999926,0],[121.81882684124776,25.105217625878325,0],[121.81885534759267,25.10518367728252,0],[121.81891513843799,25.105121734782173,0],[121.81900688325685,25.10504312267867,0],[121.81904688877287,25.105008037743648,0],[121.81908961014773,25.104968080014487,0],[121.81909264087643,25.104965262631385,0],[121.81922890821251,25.104848894304315,0],[121.81946306866067,25.104657837717394,0],[121.81957603805007,25.10457038831515,0],[121.8195066090554,25.10450327750744,0],[121.81966464873913,25.104382950088063,0],[121.81982614825121,25.10428581508051,0],[121.81991119753037,25.10423575475569,0],[121.82000066792916,25.104166173972363,0],[121.82017920976419,25.104041357558447,0],[121.82022661825881,25.104000715067265,0],[121.82038201699932,25.10390979509979,0],[121.82076748195982,25.103672726252572,0],[121.82085213505245,25.103610322351717,0],[121.82101383446327,25.103517787412105,0],[121.82108841275978,25.103489372830886,0],[121.82117297500702,25.103390905875184,0],[121.82135929908296,25.103382593286607,0],[121.82135929908296,25.103382593286607,0],[121.82138187094878,25.103374496455217,0],[121.82147432328209,25.10334029117281,0],[121.82170836411576,25.103295592286912,0],[121.82175206996811,25.103289994864266,0],[121.8218515664147,25.103292087963872,0],[121.82195123271066,25.103298181060172,0],[121.82204881852692,25.10331025099589,0],[121.82210041657056,25.103318566758514,0],[121.82218580035851,25.1033305020957,0],[121.82236274739965,25.10337472117844,0],[121.82241267929574,25.103380329012563,0],[121.82256817918228,25.10343733849123,0],[121.82271846285809,25.103514430597905,0],[121.8228007065919,25.103560019631654,0],[121.82291435879515,25.103651453979648,0],[121.82305100934967,25.103754753353268,0],[121.82319028868525,25.10391773233371,0],[121.82324735639652,25.103962509840912,0],[121.82325724354655,25.103973347832476,0],[121.82327112176684,25.104029167253092,0],[121.82359342899379,25.104589058279,0],[121.82371927775715,25.10476819189765,0],[121.82394136386283,25.10503110903264,0],[121.8240502535716,25.105148835310725,0],[121.82411740625079,25.105209563917338,0],[121.82420488231875,25.105299555968273,0],[121.82425744890155,25.105291561931054,0],[121.82429737106135,25.105260531244227,0],[121.82438007896411,25.105333465587492,0],[121.82439758621746,25.105339052910587,0],[121.82488449152196,25.105497173522217,0],[121.82502153001953,25.10558107804298,0],[121.82514419590576,25.105688712433565,0],[121.82530843042898,25.10591709087828,0],[121.82539619008793,25.105970769201342,0],[121.8254656534176,25.10590233315035,0],[121.8256023616519,25.106008998077638,0],[121.8257093926888,25.10607303121416,0],[121.82583801760697,25.106159705257948,0],[121.82608941372534,25.10634963470366,0],[121.82609541914046,25.10635635013075,0],[121.82609542456197,25.106356356193277,0],[121.82619251883436,25.106430373225603,0],[121.82620979356855,25.106442738934472,0],[121.82621907999508,25.10644938640081,0],[121.82631470535378,25.10646533568857,0],[121.8263687091083,25.106472141673528,0],[121.82639641010591,25.106473925564966,0],[121.82640973469923,25.106474032819843,0],[121.82642352309006,25.10647464057006,0],[121.82644344227542,25.106475078751714,0],[121.8264850164912,25.10648085461469,0],[121.82662096271426,25.10649010947879,0],[121.8267541145906,25.106486163433257,0],[121.82692137371387,25.10648164936829,0],[121.8269300974209,25.106481830543736,0],[121.82725433422857,25.106435157117712,0],[121.82737846519626,25.106373448731446,0],[121.8274278025368,25.106348921948257,0],[121.82777297399907,25.106238751695066,0],[121.82811378079279,25.106080750811095,0],[121.82811378079279,25.106080750811095,0],[121.82836825180831,25.10596277514837,0],[121.82865586225654,25.10582943487594,0],[121.82904605183118,25.105648536127458,0],[121.82923842115922,25.105520763297605,0],[121.82926814675277,25.105497517924196,0],[121.82936571492782,25.105411749562514,0],[121.82948857424344,25.105227545349212,0],[121.82948857424344,25.105227545349212,0],[121.82955961820723,25.105027136535714,0],[121.82956917796751,25.10491748535429,0],[121.82955904046962,25.104914286976395,0],[121.82949384817576,25.104891802829005,0],[121.8294147217902,25.104908781387405,0],[121.82937348481899,25.1049213959888,0],[121.8292934251304,25.10494493957808,0],[121.829274544045,25.104947962391652,0],[121.82925335784846,25.104957606119623,0],[121.82921040441657,25.104979120067508,0],[121.82915089316586,25.105008711890925,0],[121.82913384452809,25.10500832767016,0],[121.82904202135344,25.105015907487164,0],[121.82894008971387,25.10504301676267,0],[121.82882097346845,25.10510204655993,0],[121.82887111033982,25.105034983534857,0],[121.82893303960695,25.104939823666435,0],[121.82899685191549,25.104837389415405,0],[121.82897407674339,25.104818825952346,0],[121.82895186725605,25.10479866103922,0],[121.82919144433332,25.10480174318749,0],[121.82919144433332,25.10480174318749,0],[121.82917287935553,25.104492418940975,0],[121.82915215926026,25.104151343566325,0],[121.82913110053148,25.1038046914629,0],[121.82912448406701,25.103695775958034,0],[121.829704547205,25.103820422485374,0],[121.82977349621673,25.103620732776477,0],[121.82986294491164,25.103382797334334,0],[121.82987792983252,25.103358651253703,0],[121.8299657978373,25.10321678073803,0],[121.83008055060414,25.10305439717765,0],[121.83018060291707,25.102922686004664,0],[121.83029421214124,25.102826368754485,0],[121.83034464442032,25.10275052077853,0],[121.83044795323902,25.102624276028607,0],[121.8304975150881,25.10254273300863,0],[121.83056114164731,25.102438548753998,0],[121.83063868471433,25.102316751293355,0],[121.8307854544284,25.10218540326527,0],[121.83087096254445,25.10211429805735,0],[121.83091674763428,25.102062085745786,0],[121.83108230048126,25.10192620470101,0],[121.83110576590566,25.101913508905707,0],[121.83139861941696,25.101740508960354,0],[121.83150931698974,25.101684423254596,0],[121.83178301588181,25.101551750074975,0],[121.83187557139262,25.101502522549357,0],[121.83206793587533,25.101393164559727,0],[121.83216877488297,25.101329997964523,0],[121.83225474542883,25.10126544952977,0],[121.83235036335633,25.101191091819917,0],[121.83245761101473,25.101095634705356,0],[121.83260289249867,25.100950866401195,0],[121.83270762363593,25.100842926620093,0],[121.83278150557132,25.100758258820154,0],[121.83291349905721,25.100574095798454,0],[121.83304152460214,25.100324227821037,0],[121.833102716039,25.100192745514665,0],[121.83313504758833,25.10010071964436,0],[121.8331577138701,25.100013838005225,0],[121.8331577138701,25.100013838005225,0],[121.83318880092574,25.09988201825725,0],[121.83318880092574,25.09988201825725,0],[121.8332205470061,25.099750936220453,0],[121.8332640902187,25.099632229169586,0],[121.83328789634389,25.099556335631338,0],[121.83329836575162,25.099403745176787,0],[121.83329659077127,25.099300931918744,0],[121.83328885840818,25.099167311734135,0],[121.83324837335681,25.09893965318898,0],[121.83319082681699,25.09872778442528,0],[121.83317083390797,25.09866422598988,0],[121.83308877739199,25.098651876308384,0],[121.83300533843888,25.098616524306856,0],[121.83294384787948,25.098609985056243,0],[121.83278917580138,25.09859353624467,0],[121.83279651931575,25.098527462906436,0],[121.8328440852543,25.098456803844304,0],[121.83285475383919,25.098387813789596,0],[121.8328601765194,25.098364801171087,0],[121.83286663298442,25.098294571382638,0],[121.83294789487023,25.098121637951298,0],[121.83295251637593,25.097996562940228,0],[121.83274983695854,25.097859751856465,0],[121.83274544333656,25.09784892691333,0],[121.83279174775696,25.09785014159364,0],[121.8328029673274,25.097852600977856,0],[121.83284102581545,25.097885462242008,0],[121.83290795324488,25.09785045773049,0],[121.83288403556281,25.097823509443145,0],[121.83281358993318,25.097765485686622,0],[121.83277198983637,25.09772815717912,0],[121.83270133945835,25.09764297751188,0],[121.83267292129966,25.097597506676564,0],[121.83264144080411,25.097588229887823,0],[121.83261548510656,25.09752282450968,0],[121.83260998672459,25.097508967981373,0],[121.8325755592871,25.097422206966666,0],[121.83253769541348,25.097326785588507,0],[121.83252572362376,25.097296615247494,0],[121.83252503496568,25.0972948797463,0],[121.83252503496568,25.0972948797463,0],[121.8324947818791,25.097218631163724,0],[121.8324947818791,25.097218631163724,0],[121.83230314887156,25.096696998376476,0],[121.83230314887156,25.096696998376476,0],[121.8321275038682,25.096178775147695,0],[121.83201528819141,25.095846586620507,0],[121.83201796549757,25.095793866798132,0],[121.83200570484023,25.09576848376951,0],[121.83199284302479,25.095738256570634,0],[121.83195897852374,25.09566426620949,0],[121.83184905196485,25.095307727452777,0],[121.83174307018903,25.094956225425516,0],[121.83171574451809,25.094884635684203,0],[121.83164811754769,25.0946438856653,0],[121.83161700307879,25.094527540236733,0],[121.83157515822012,25.094403166627238,0],[121.83155313241004,25.094312662233264,0],[121.83152916966098,25.094202115641348,0],[121.8315212237183,25.094092103338262,0],[121.83150219805039,25.09365405916279,0],[121.83152397127748,25.093194898307168,0],[121.83152402047504,25.093193860810853,0],[121.83152018319677,25.093009797308593,0],[121.83149363407938,25.09261884794781,0],[121.83142604972282,25.09235959604281,0],[121.83127696017606,25.091980401254638,0],[121.83110798647631,25.091655490900305,0],[121.83097813378632,25.091438984010978,0],[121.83087663053516,25.091269772303438,0],[121.83073413878417,25.091027765857156,0],[121.83069412595704,25.090954599805592,0],[121.83075395894475,25.090923823890332,0],[121.83061067219906,25.090826117104776,0],[121.8302897133763,25.090559967907794,0],[121.8301251449547,25.090438674820813,0],[121.82980319705919,25.09019468572109,0],[121.82961313546748,25.09008407128914,0],[121.82944416778079,25.089983306729334,0],[121.82915298492574,25.08981103393177,0],[121.82898267807273,25.08967871658685,0],[121.82886158473771,25.089573435420853,0],[121.82870189329302,25.08938850613509,0],[121.82859468558054,25.089281206576867,0],[121.82849167580545,25.089133989445,0]]}},{"type":"Feature","properties":{"cadgeom_type":"CADLWPolyline","thickness":0,"color":"#00FF00FF"},"geometry":{"type":"LineString","coordinates":[[121.7275221253778,25.111138894154152,0],[121.72751833948008,25.111100540002557,0],[121.72753157711662,25.11110194573289,0],[121.72776529266667,25.111143120665485,0],[121.7279952586373,25.11118757244791,0],[121.72812828058093,25.111215109049486,0],[121.72828539731647,25.111251992285563,0],[121.72842264541188,25.111305290364967,0],[121.72846596192059,25.11132460129397,0],[121.72851216654504,25.11135304088429,0],[121.72851216654504,25.11135304088429,0],[121.72858670123527,25.11137770843557,0],[121.7289137128193,25.11148520959873,0],[121.72899748419078,25.11150575515145,0],[121.72932346426552,25.111585703672905,0],[121.72956154125912,25.11163140865849,0],[121.72978149489724,25.111680575411473,0],[121.72998858901589,25.111726861167316,0],[121.73035153092529,25.11180302476404,0],[121.73036530293231,25.111806124728048,0],[121.7303593095093,25.111838472029742,0],[121.73056177349414,25.111863753116918,0],[121.73071427734939,25.111880673981126,0],[121.7309406914173,25.111930501903824,0],[121.73108293672372,25.111961896169046,0],[121.73119289259664,25.111986267382967,0],[121.73134435805171,25.11201887246407,0],[121.73144191378329,25.11203192504584,0],[121.73144191378329,25.11203192504584,0],[121.73153773688013,25.112037563935438,0],[121.73163604200333,25.11203600878154,0],[121.73172345938741,25.112028383346917,0],[121.73182597195733,25.112011754481916,0],[121.73192755936043,25.111986721136205,0],[121.73202450816628,25.11195430311284,0],[121.73210130316009,25.11192348489232,0],[121.73218449414082,25.111883762036435,0],[121.73225096192726,25.11184678188601,0],[121.7323017528792,25.11181552336527,0],[121.7323461941109,25.11178606079928,0],[121.732398045151,25.11174860633289,0],[121.73245329521697,25.11170463351122,0],[121.73250924115962,25.111655260196073,0],[121.73254159019692,25.11162416985424,0],[121.73260124841808,25.111561127378355,0],[121.73265073715042,25.111502139302477,0],[121.73266619487663,25.11148126976523,0],[121.73274753034386,25.111371422050286,0],[121.73279635056547,25.111306375557795,0],[121.73283069898936,25.11126160632953,0],[121.732952041464,25.111101147006252,0],[121.73304823885591,25.11094908892912,0],[121.73331620919632,25.110530826956836,0],[121.73334154539458,25.110484174061803,0],[121.73346567374104,25.110300171608973,0],[121.73350607373186,25.11023951119364,0],[121.73357132529902,25.110141533796742,0],[121.73358481166227,25.110121283503375,0],[121.73359443065064,25.110106830653493,0],[121.733649747302,25.110023749303444,0],[121.73380135756814,25.109797646666816,0],[121.73388472001402,25.109609567881677,0],[121.73388843444799,25.109590644605447,0],[121.73389367340091,25.109585084968476,0],[121.73396022179384,25.109398408984976,0],[121.73398163677344,25.10935046685656,0],[121.7341873488835,25.109093790701046,0],[121.73432226957473,25.108961085454393,0],[121.73433370896642,25.108949808839395,0],[121.73433370896642,25.108949808839395,0],[121.73446506432886,25.108821410437283,0],[121.73459321873754,25.10869322675273,0],[121.7347282260336,25.108566009486648,0],[121.73488957072965,25.108444085178753,0],[121.73491448348555,25.10842821757314,0],[121.73478587856427,25.108318536466285,0],[121.73476871311195,25.10830592550143,0],[121.73484638940481,25.108192915258066,0],[121.73512932835399,25.107784610403726,0],[121.73540897648397,25.107380646522962,0],[121.73571511361523,25.106938704746746,0],[121.73579077918745,25.10683190687427,0],[121.73588651699863,25.106695083652205,0],[121.7360193903644,25.106507463580208,0],[121.73624123785002,25.106145404768984,0],[121.73624375909407,25.10613445619919,0],[121.73624908495309,25.10611132147811,0],[121.73638473440734,25.105926986656357,0],[121.73655822988796,25.10566422288548,0],[121.73662230658698,25.10555973783154,0],[121.73673870621337,25.10542712164284,0],[121.7369719719145,25.105230321699494,0],[121.73700101488575,25.105203676411268,0],[121.73700101488575,25.105203676411268,0],[121.73721247008937,25.104970191233487,0],[121.73724033837146,25.104946063716422,0],[121.73743893877258,25.104789845011158,0],[121.7376119549975,25.10466696728896,0],[121.73767652026135,25.104618070786007,0],[121.73768737411768,25.10461138706169,0],[121.7378020027133,25.10453058498964,0],[121.73786980456416,25.10447927173908,0],[121.73792397737961,25.104437863812656,0],[121.73796881080816,25.10440896389108,0],[121.73801835987283,25.1043770242083,0],[121.73809473589785,25.104312384891767,0],[121.73809473589785,25.104312384891767,0],[121.73853131475434,25.10419301328576,0],[121.73911197993745,25.10400990316527,0],[121.73935701314439,25.103952368756417,0],[121.73963318393487,25.103887598803226,0],[121.73984058902222,25.103850048035984,0],[121.74002221091028,25.103796355724523,0],[121.74019751521836,25.103695339807658,0],[121.74040989390504,25.103604455107945,0],[121.74044610682648,25.103600056097292,0],[121.74050753203406,25.10359259800456,0],[121.74083814586888,25.10355247857811,0],[121.74094517409858,25.103539488669647,0],[121.74083814586888,25.10355247857811,0],[121.74083814586888,25.10355247857811,0],[121.74142511542678,25.103481237693313,0],[121.74208659739693,25.103400950312963,0],[121.74215693148594,25.103392292790293,0],[121.74282554620801,25.10329557657425,0],[121.74282573701531,25.103296289220932,0],[121.74282554620801,25.10329557657425,0],[121.74282554620801,25.10329557657425,0],[121.74299640791814,25.103273625424187,0],[121.74325073611234,25.103240162229085,0],[121.74355355469679,25.103209876169625,0],[121.74367245562443,25.103226150977616,0],[121.74381363503173,25.103238859436672,0],[121.74394460952087,25.10327611472987,0],[121.74406598674142,25.103298729000972,0],[121.74419690743798,25.103245862758005,0],[121.74466896583708,25.1033353214662,0],[121.74499483254462,25.10339607887851,0],[121.74507098362993,25.103395348626915,0],[121.74515774036303,25.10339410996569,0],[121.74523809726483,25.10340621215579,0],[121.74541443363114,25.10343276921793,0],[121.74550632159588,25.103469503943032,0],[121.74560562784384,25.10350803239733,0],[121.74580121800649,25.103542043424657,0],[121.74584288140954,25.103541821804495,0],[121.74584288140954,25.103541821804495,0],[121.74584288140954,25.103541821804495,0],[121.74584288140954,25.103541821804495,0],[121.74584288140954,25.103541821804495,0],[121.74584288140954,25.103541821804495,0],[121.74591090086847,25.103534456865418,0],[121.74607190328338,25.103482532591975,0],[121.74613098586845,25.103455589760763,0],[121.74618585709345,25.1034176222053,0],[121.74620336362926,25.10340106244239,0],[121.74621462875277,25.103384375504028,0],[121.74628125528864,25.10328568073342,0],[121.74650451687815,25.10294886716684,0],[121.74654252132895,25.102891884937396,0],[121.74656251740483,25.10286139815579,0],[121.74659704361501,25.102807106738457,0],[121.74667634359069,25.102687923029638,0],[121.74671207479729,25.102635027295754,0],[121.74673366777239,25.102601608678835,0],[121.74689564664763,25.10238925136121,0],[121.74695217615621,25.102307366799916,0],[121.74700938231895,25.10223909183561,0],[121.74717630177572,25.101945149499315,0],[121.7472881366936,25.101752899668792,0],[121.7472881366936,25.101752899668792,0],[121.74738739316425,25.101651431911524,0],[121.74738739316425,25.101651431911524,0],[121.74738739316425,25.101651431911524,0],[121.74738739316425,25.101651431911524,0],[121.747529110398,25.101403011426225,0],[121.7475664219155,25.101321284745367,0],[121.74759946362249,25.10123055505749,0],[121.74760433162768,25.101196506638228,0],[121.74766383847732,25.101013664315282,0],[121.74773499935624,25.100801121536605,0],[121.74777853365705,25.100662171789473,0],[121.74779944311614,25.100610262141988,0],[121.7478624494276,25.10051163168786,0],[121.7479204855218,25.100420781480626,0],[121.74795158375962,25.100372099964943,0],[121.74801945423576,25.10031658601038,0],[121.74805645833283,25.100286318857762,0],[121.74811300955419,25.10024006327283,0],[121.74815661255334,25.10020439853679,0],[121.74815661255334,25.10020439853679,0],[121.74818914750082,25.10018547430087,0],[121.74818914750082,25.10018547430088,0],[121.74824789087155,25.10016503974853,0],[121.74830773792758,25.100147460031742,0],[121.74836852147094,25.100132784263675,0],[121.74843007168771,25.100121053444592,0],[121.74843007168771,25.10012105344459,0],[121.74847779440002,25.100114059467067,0],[121.74852578972377,25.100108836442473,0],[121.74878563108943,25.10009832173258,0],[121.74880048848384,25.10009772014228,0],[121.74901799414711,25.10012773504138,0],[121.7492743860305,25.100198756177413,0],[121.74977852178849,25.10033943960151,0],[121.74998358928123,25.100404558389215,0],[121.75008860159953,25.100437904349615,0],[121.75008860159953,25.100437904349615,0],[121.75008860159953,25.100437904349615,0],[121.75071708729581,25.1006419698925,0],[121.7511371081284,25.10078031220421,0],[121.7516408980876,25.10091455194088,0],[121.75193169434515,25.100992003630527,0],[121.75243598410343,25.101119202026695,0],[121.75252096230209,25.101145353738794,0],[121.75260995304379,25.101172740230798,0],[121.7527113351275,25.1012039400207,0],[121.75288963277409,25.10125880995211,0],[121.75324206523491,25.101361556432266,0],[121.75334931520213,25.101419623398616,0],[121.75344567549217,25.10147179439287,0],[121.75355955151507,25.10152609153261,0],[121.75376929625091,25.101627614796616,0],[121.7540203653001,25.101756088092213,0],[121.75418002442757,25.101864248325196,0],[121.75418002442757,25.101864248325196,0],[121.75418587773324,25.101868185671268,0],[121.75431824502452,25.102000473153296,0],[121.75475782204073,25.1023163889782,0],[121.75480583045382,25.102290412013655,0],[121.75488215894379,25.102287964832033,0],[121.75488215894379,25.102287964832033,0],[121.75489294568663,25.102287011390636,0],[121.75490363705885,25.10228539664996,0],[121.7549141842191,25.102283127986606,0],[121.75492453898485,25.102280215764498,0],[121.7549346540525,25.102276673287562,0],[121.75494448321345,25.102272516738857,0],[121.75495398156521,25.102267765106724,0],[121.75496310571658,25.10226244009802,0],[121.75497181398579,25.102256566038957,0],[121.75498006659103,25.102250169763963,0],[121.754987825832,25.10224328049308,0],[121.75490470353276,25.102182327137722,0],[121.75490160522413,25.102144522358415,0],[121.75483342718239,25.102102564691783,0],[121.7549013257259,25.1021193401515,0],[121.75502537945442,25.10214998958691,0],[121.7552928465312,25.10221591753057,0],[121.75550350024538,25.1022485480326,0],[121.75579454628438,25.102294093792377,0],[121.75591546164831,25.10231310662419,0],[121.75598269775038,25.10231182359636,0],[121.75598282361356,25.102311821194554,0],[121.75615028215633,25.102345380992077,0],[121.75631690850147,25.102368880420677,0],[121.75659229022575,25.10239325194743,0],[121.75671117712658,25.10238858724816,0],[121.7568929597592,25.102348728550947,0],[121.7568929597592,25.102348728550947,0],[121.7569280643902,25.102390225372577,0],[121.75696200497929,25.1024390018782,0],[121.75705210398071,25.102426758753623,0],[121.75706065147878,25.102435544751323,0],[121.7571201815957,25.10247315140248,0],[121.75718182897558,25.102445793727153,0],[121.75728278337469,25.102437973478153,0],[121.7573079216752,25.10245910589185,0],[121.75735652844278,25.10244398679258,0],[121.75737752619689,25.102446498231043,0],[121.75739189400842,25.102441382644837,0],[121.75762533128155,25.102332331383984,0],[121.7576970253453,25.10230223089112,0],[121.75772453730204,25.102259955067876,0],[121.75770921409465,25.10223596832647,0],[121.75773470802221,25.102211816913023,0],[121.75779519100307,25.102168316057263,0],[121.75785191131526,25.10212618937563,0],[121.75783403837926,25.10209049222084,0],[121.75787243489209,25.102067467556175,0],[121.75787594233292,25.102069632945664,0],[121.75790778292509,25.102076770814826,0],[121.75793429298189,25.102039986702938,0],[121.7579654769454,25.102018427571455,0],[121.75799784581893,25.102065637629636,0],[121.75801787076637,25.10208746198103,0],[121.75803380497192,25.102101976890665,0],[121.75807385861549,25.102107411510662,0],[121.75809179881938,25.102083589116496,0],[121.75812172757057,25.10205473025972,0],[121.75812390177124,25.102047149685152,0],[121.75811144957878,25.102013585257023,0],[121.75813390133854,25.101995518304758,0],[121.75814264447118,25.101992323969526,0],[121.75816399671638,25.101980146266143,0],[121.7582644256334,25.10190049875163,0],[121.7583294514782,25.10189131652985,0],[121.7583628461372,25.10190896696092,0],[121.7584523723318,25.101891903908474,0],[121.75850076521418,25.10198175862135,0],[121.75851979903386,25.102017659922804,0],[121.75852972152823,25.10199472765483,0],[121.75854639738711,25.101972263064958,0],[121.75860507247562,25.101958711915884,0],[121.75861175959314,25.101954467351103,0],[121.7586362033901,25.101950215815737,0],[121.75865353177605,25.10198046176581,0],[121.75871657778869,25.101990161968992,0],[121.75874418140012,25.101975474239776,0],[121.75874475835414,25.101959213743196,0],[121.7587549466866,25.101955374166653,0],[121.75876474185037,25.10197489930938,0],[121.75881495128434,25.10195890837933,0],[121.75886247560797,25.101907004285856,0],[121.75885619432432,25.101883063337873,0],[121.75894398092251,25.101850739337127,0],[121.75898699531031,25.101855153919537,0],[121.75900600939434,25.10186306046367,0],[121.75903526939503,25.101855400319845,0],[121.75904345086471,25.101858788740703,0],[121.75909370145615,25.101879621391674,0],[121.75916601628721,25.10185421275519,0],[121.75919089094701,25.101862445106477,0],[121.75922059813158,25.10183270197457,0],[121.75923268728535,25.10180292033456,0],[121.75922937467864,25.1017718117511,0],[121.75926819234199,25.10173344751234,0],[121.75925812168641,25.101639011752322,0],[121.75939099487714,25.101622416570287,0],[121.75943308759194,25.101708037466512,0],[121.75943478528039,25.10171149006613,0],[121.7594716938489,25.10169115960967,0],[121.7594890012868,25.101659539020925,0],[121.7595091707192,25.101629796793905,0],[121.75951491768114,25.101631639591318,0],[121.75955090361755,25.10163630939754,0],[121.75957998592072,25.101640069650294,0],[121.75959873857884,25.10165253585168,0],[121.75959091525979,25.10163272510894,0],[121.75958453621836,25.101617595469524,0],[121.75956924850338,25.101581331212717,0],[121.7595549457919,25.101564639795594,0],[121.75953332733283,25.10154180545474,0],[121.7595008736156,25.101535094035697,0],[121.75949594533837,25.101529267635698,0],[121.7594771978559,25.101507069595986,0],[121.7594587299454,25.101479833301656,0],[121.75944858859886,25.101437105752154,0],[121.76033757899435,25.101159246243295,0],[121.76055737599805,25.101074487798968,0],[121.76089395242931,25.10090861414943,0],[121.76095355321134,25.10088197541078,0],[121.76097257050583,25.100915877038393,0],[121.76099640331446,25.100951754829737,0],[121.76111772849183,25.10086641954702,0],[121.761189058258,25.100848659268603,0],[121.76124367904228,25.10083274478532,0],[121.76133737886109,25.10077139609434,0],[121.76134858372122,25.100755167404753,0],[121.76137523552366,25.100714012896848,0],[121.76141199005555,25.100692364385402,0],[121.76149517120406,25.10066179483758,0],[121.76153814932735,25.100642213299903,0],[121.7615463961107,25.10063889384632,0],[121.76161112615267,25.100616521679523,0],[121.76166742832721,25.10059951875724,0],[121.7616920049688,25.100593704549098,0],[121.76173554931327,25.100591138402436,0],[121.76178497958915,25.10059324922438,0],[121.76190670035604,25.100563971365595,0],[121.76210341289439,25.100504313899535,0],[121.7620855265414,25.100447367525664,0],[121.76209138806954,25.100445201608526,0],[121.76218398275752,25.10043832850085,0],[121.76216917062845,25.100410485909325,0],[121.76225952602577,25.100367878914742,0],[121.76229718668058,25.10035018161769,0],[121.7623451975732,25.100337969575083,0],[121.76237456671953,25.100330498040197,0],[121.76237993000434,25.10033318143417,0],[121.76243602634871,25.10031691007308,0],[121.76248226742379,25.10028106883928,0],[121.76252161546019,25.100281060140578,0],[121.76255056178772,25.10024079291636,0],[121.76258724514825,25.100282599676582,0],[121.76260760449942,25.100300757186883,0],[121.7627016692626,25.100258617408443,0],[121.76271934775757,25.100239570874027,0],[121.76270729575899,25.100182335164444,0],[121.76271465825808,25.1001701711699,0],[121.76273940499638,25.100167606240497,0],[121.7627562290997,25.100178597221042,0],[121.76283745080104,25.100129620551666,0],[121.76287411418807,25.10008078062751,0],[121.76295835386287,25.100057325780792,0],[121.76301191664169,25.100040614103854,0],[121.7630874041836,25.100018634873216,0],[121.76314587199586,25.100001578451437,0],[121.76321529643324,25.099972439225017,0],[121.7633550638195,25.099910942099616,0],[121.76346177255719,25.099864708337762,0],[121.76355859425621,25.099813608156225,0],[121.76361645367241,25.09978365669201,0],[121.76388380850476,25.09966814141327,0],[121.76393912710205,25.09967160766857,0],[121.7639409603696,25.09965752812067,0],[121.76406931619915,25.099656551019038,0],[121.764015196187,25.09980091943861,0],[121.76405638882044,25.099842152721003,0],[121.7641156761126,25.099789643303634,0],[121.76416266905184,25.099748012601555,0],[121.76430879010032,25.09964439231576,0],[121.76445346710085,25.099541796307633,0],[121.76445346710085,25.099541796307633,0],[121.76455271357253,25.09942805034574,0],[121.76486028992827,25.099473813725858,0],[121.76497881314279,25.099562400657003,0],[121.76514380809543,25.09970150436784,0],[121.76531027210339,25.099881707163323,0],[121.76537702002217,25.099965056628736,0],[121.76544055933458,25.100115754403564,0],[121.76544055933458,25.100115754403564,0],[121.76559829718587,25.10046800815168,0],[121.76570005268549,25.10079884505904,0],[121.76576112093231,25.101049033123143,0],[121.76579168182447,25.101151918921914,0],[121.76580157707109,25.101185232056523,0],[121.76587659341327,25.101389786536583,0],[121.7659228571164,25.101495680543284,0],[121.76602188356577,25.10171402347044,0],[121.76611338592058,25.101912848334315,0],[121.76612715520861,25.101950019397503,0],[121.7661826369086,25.102054825132125,0],[121.7662227363278,25.102122891669744,0],[121.76618551918963,25.102149723383185,0],[121.76622625270802,25.10220345164508,0],[121.76625399386145,25.10221188187675,0],[121.76625399386145,25.10221188187675,0],[121.766298435111,25.102247772643878,0],[121.766298435111,25.102247772643878,0],[121.7664020232792,25.1024019241646,0],[121.7664966781813,25.1025506584257,0],[121.76654076404584,25.10263322592022,0],[121.76659876711248,25.10273624979455,0],[121.76663189620295,25.102785706935354,0],[121.76675173264607,25.103019809132476,0],[121.76685065951027,25.103216691120647,0],[121.76693971074774,25.103408264731588,0],[121.76700022023871,25.103527903287596,0],[121.76710913959262,25.103761717301218,0],[121.7671605489057,25.103871204057548,0],[121.76727467639151,25.104119314835668,0],[121.76732350807517,25.104228488542564,0],[121.76739358182716,25.104392833581475,0],[121.76748665030165,25.10459175426728,0],[121.76758853352744,25.10481341449446,0],[121.7676963684762,25.105048626865663,0],[121.7678362550263,25.10531909021767,0],[121.76802299318456,25.105558909041243,0],[121.76806306512736,25.10560765549279,0],[121.76818155750405,25.105744274966654,0],[121.7682807943767,25.105866110243664,0],[121.76842313231344,25.106029875646687,0],[121.76851583969739,25.10613599179903,0],[121.76862965570184,25.106271417608873,0],[121.76882331934543,25.10650374154735,0],[121.76898305789432,25.106660271974082,0],[121.76906426289693,25.10675115897978,0],[121.76923497951917,25.10696349594436,0],[121.76923497951917,25.10696349594436,0],[121.7694277533115,25.107207980746107,0],[121.76947430767771,25.107303366669957,0],[121.76970574486928,25.107708387994048,0],[121.76989508846395,25.10789900926045,0],[121.76993775275479,25.107978305820364,0],[121.76994657782788,25.108056005492013,0],[121.76998054943526,25.108228809336868,0],[121.77001841820747,25.10835696138931,0],[121.7700842826119,25.1085657588064,0],[121.77008935942806,25.10859724347298,0],[121.77011487779961,25.10864929072324,0],[121.77015159035216,25.10878356163072,0],[121.77015159035216,25.10878356163072,0],[121.77026730267922,25.109006096000627,0],[121.77030890650325,25.10910391798594,0],[121.7703720490851,25.109206853363172,0],[121.77041571195899,25.109285914961266,0],[121.77045990369753,25.10934893069148,0],[121.77046357771988,25.109374828157364,0],[121.77052649058945,25.10942995971392,0],[121.7706254151355,25.109512435618324,0],[121.7706254151355,25.109512435618324,0],[121.77089215236177,25.10971774943679,0],[121.7709971279693,25.109785547897808,0],[121.77102319411689,25.109815674649116,0],[121.77112361848616,25.109893243613058,0],[121.77127691733038,25.10996195913379,0],[121.77135622354695,25.10998258230064,0],[121.771406790964,25.109977346905154,0],[121.77161830354115,25.109875453579047,0],[121.77165696385408,25.10985754840541,0],[121.77178816574785,25.109796110584053,0],[121.77188118157699,25.109760039596413,0],[121.77214045546896,25.109746754038618,0],[121.77214987937518,25.109780777038093,0],[121.77215979917804,25.10981659034427,0],[121.7721856518777,25.10985293899395,0],[121.77228012221892,25.10984118825174,0],[121.77237948225438,25.109826982022497,0],[121.77245440186631,25.109814778233105,0],[121.77256244354668,25.109800601623316,0],[121.77264769985698,25.10978762243699,0],[121.77270411778424,25.109777391522123,0],[121.77280303981749,25.109761084955455,0],[121.77290245673147,25.109747080189287,0],[121.77319632734591,25.109700410343873,0],[121.7732259368369,25.109696030384203,0],[121.77344466295705,25.109660344452198,0],[121.77357604503531,25.109638397522268,0],[121.77372212610733,25.109618615646273,0],[121.77384274078099,25.109598285203813,0],[121.77392123346026,25.109586936769485,0],[121.77405466261968,25.10956553491368,0],[121.77405478855465,25.109565517474557,0],[121.77431377954478,25.109529652902026,0],[121.77444746827277,25.109508651978217,0],[121.774633119251,25.109491877404288,0],[121.7749265985151,25.10944017883953,0],[121.77503064983037,25.109428432004336,0],[121.7751480250189,25.10941032808593,0],[121.77522376796485,25.109392692434707,0],[121.7752998997308,25.109363873578612,0],[121.77541340548488,25.109319398377068,0],[121.77553042904805,25.10927041022419,0],[121.77553528487991,25.109273792867857,0],[121.77554810900632,25.10928567923999,0],[121.77555397842981,25.109307174153724,0],[121.77556134282365,25.109330767942552,0],[121.77557238206256,25.109366853773917,0],[121.77557906851445,25.109402907742815,0],[121.77562511888804,25.10936390337743,0],[121.77568991927039,25.109306262956395,0],[121.77572835615142,25.109270137870404,0],[121.77570753119947,25.109182562296596,0],[121.77573903892709,25.10915892745931,0],[121.77582554658595,25.109108656200807,0],[121.77596358326001,25.109017064141508,0],[121.77603710253781,25.108951808954124,0],[121.77616472960993,25.108835933548814,0],[121.77631589317289,25.108660563950643,0],[121.77643782602372,25.108523222980303,0],[121.77657285328301,25.108368573261032,0],[121.77668670260876,25.10824390810627,0],[121.77680241433394,25.10810417434274,0],[121.77686753094387,25.10801021854245,0],[121.77690087126238,25.107972027350932,0],[121.77696712893693,25.10783955434551,0],[121.77700938201195,25.107728907494003,0],[121.77703666998592,25.107639255685676,0],[121.77705179859474,25.107514780801445,0],[121.777046013567,25.107363114340252,0],[121.7770191303977,25.107189473212184,0],[121.7769865186544,25.107013954172587,0],[121.77696471938556,25.10689319363884,0],[121.77695248787654,25.106773328665216,0],[121.77692770084909,25.10662209372406,0],[121.7768390908526,25.106130869851288,0],[121.77678104382063,25.105805725423885,0],[121.77671056624634,25.10538587467823,0],[121.7766584355579,25.10511410863735,0],[121.77663047763335,25.104929582229953,0],[121.77657350067118,25.104632524859458,0],[121.776535290441,25.10446458435834,0],[121.77648267342458,25.104214039284486,0],[121.77642032601484,25.10393262884432,0],[121.77642032601484,25.10393262884432,0],[121.77642032601484,25.10393262884432,0],[121.77630883181804,25.103543860112833,0],[121.77630682456555,25.103536864032094,0],[121.77627836485135,25.103461154931928,0],[121.7762415694758,25.103315198466966,0],[121.77623315913229,25.1032456402624,0],[121.77621837977087,25.103148267294312,0],[121.77620370344616,25.103055059451652,0],[121.77620132307092,25.10296176643483,0],[121.77619848699888,25.10287752140564,0],[121.77621689981142,25.102730465219576,0],[121.77623987405129,25.102632983002326,0],[121.7762798395581,25.102444572672905,0],[121.77633332135677,25.102251704219725,0],[121.77636391394282,25.102074868981703,0],[121.77637411695858,25.102017241700903,0],[121.77644705634468,25.10185929858877,0],[121.7764896331697,25.101784176461457,0],[121.7765395443752,25.101714982236857,0],[121.77661514464064,25.101641562823936,0],[121.77668269891508,25.10157840151112,0],[121.77675546731297,25.101526418196276,0],[121.77680775807575,25.1015035813459,0],[121.77691857344051,25.10145136119957,0],[121.77707836252866,25.101405907416424,0],[121.77729694896551,25.10134623450449,0],[121.77748369115072,25.10129505852453,0],[121.77748369115072,25.10129505852453,0],[121.7776166090383,25.10126213290894,0],[121.7777416067491,25.10123124298754,0],[121.77795325934972,25.101195734702813,0],[121.77805696993723,25.10118978075619,0],[121.77830277784985,25.10120679980449,0],[121.77855840148644,25.101252197884847,0],[121.77878213839507,25.10129878819949,0],[121.77890694680079,25.101321724717767,0],[121.77897703115745,25.101337827628665,0],[121.77908390706838,25.10136163437099,0],[121.77918031138127,25.10137812382449,0],[121.77926470521287,25.101394386922635,0],[121.77933490971675,25.1014100644977,0],[121.77938312073262,25.1014174606728,0],[121.7794553258195,25.10143150142019,0],[121.77954228911926,25.101447862301917,0],[121.77964098401371,25.101468243410885,0],[121.77970721190316,25.10148220942156,0],[121.77976816029113,25.101494433437665,0],[121.77983364304117,25.101510049483853,0],[121.77991092818777,25.101524681386564,0],[121.77996441415256,25.101536492064742,0],[121.78002758226064,25.101548557306934,0],[121.7801852492043,25.1015790724493,0],[121.78040768041733,25.101618660830137,0],[121.78058736984778,25.10165375601369,0],[121.78086760062777,25.10171588077184,0],[121.78116368133531,25.101777517042542,0],[121.78125008222318,25.101788806859247,0],[121.7814334271189,25.101833468285392,0],[121.78153500721848,25.101852221377342,0],[121.78166920829436,25.10187693736623,0],[121.7817620789022,25.10189092633181,0],[121.7818161190951,25.101890834043814,0],[121.78189596024698,25.10188174023849,0],[121.78195048715229,25.10187451381654,0],[121.78199314459422,25.10187071210289,0],[121.78205405823942,25.101863207656187,0],[121.78227039018617,25.101792035443953,0],[121.78258744372579,25.101651983931422,0],[121.78284024629444,25.10153878105251,0],[121.7829864231275,25.10143154868581,0],[121.78301434918093,25.10141106266085,0],[121.78309139559477,25.101400602996794,0],[121.78324819213483,25.101408915957013,0],[121.78327281382941,25.101408782570566,0],[121.78336368322292,25.101427660978974,0],[121.78339535451778,25.101439213865792,0],[121.78349694494935,25.10152120578601,0],[121.7835357759907,25.101597668043464,0],[121.7835619724783,25.101689172631733,0],[121.78357817164031,25.101923084953256,0],[121.78357277870951,25.10211241136975,0],[121.78356867193352,25.10221567174625,0],[121.78355888074445,25.102461860004937,0],[121.78353968962803,25.102897085369023,0],[121.78352245069851,25.10304380993265,0],[121.78342020481163,25.1037304910662,0],[121.78340895546198,25.10380021147945,0],[121.78340107310301,25.10397429253351,0],[121.78340608997631,25.104109554485046,0],[121.78342821669122,25.104279974216603,0],[121.78345361212978,25.104423870387023,0],[121.78348133607794,25.10454984677312,0],[121.78352122371122,25.104659331337075,0],[121.78352420366471,25.10466482683428,0],[121.78357116325188,25.10474760627208,0],[121.7836318491696,25.104855591269605,0],[121.78367127396514,25.104922033857374,0],[121.78376612517339,25.10505068869965,0],[121.78384334580402,25.105153956290152,0],[121.78393690167404,25.10527298218301,0],[121.78406730619334,25.105435149630182,0],[121.78416215672212,25.105548866113164,0],[121.78425851649766,25.105685042827343,0],[121.78439164224635,25.10587683368835,0],[121.7844661365619,25.105985913717955,0],[121.78453018517361,25.106078159318603,0],[121.78457685403818,25.10614286044735,0],[121.78474744540969,25.10640620235144,0],[121.7848638188835,25.106580303560982,0],[121.78486382526458,25.10658031310744,0],[121.78499631148169,25.10682123878799,0],[121.7850676628911,25.106999504163923,0],[121.78515531267416,25.107284350148362,0],[121.78529323523463,25.107868488432057,0],[121.78533037434832,25.108043247436715,0],[121.78544022436704,25.108390201324443,0],[121.78556242301836,25.108619728894187,0],[121.78569339850294,25.10887017010352,0],[121.78574552612181,25.108953211981067,0],[121.78579656741879,25.10902948723804,0],[121.78582829154229,25.109075111235413,0],[121.78584446561578,25.10915509414028,0],[121.78590560195028,25.109312788578492,0],[121.78593211511847,25.109384304394215,0],[121.78594827246009,25.109398900587763,0],[121.78598858696536,25.109420683943217,0],[121.7860127842648,25.109435223846717,0],[121.78610101045679,25.10953973427825,0],[121.78611924821843,25.109561477144318,0],[121.78616998778598,25.109644346297085,0],[121.78619812906672,25.10968944647857,0],[121.78622682439712,25.10973662913368,0],[121.78624070556117,25.109758989662097,0],[121.78624803841294,25.10977268784913,0],[121.78625413952432,25.109783717843683,0],[121.78627580853505,25.109823844913134,0],[121.78636165655523,25.109953431730723,0],[121.78636165655523,25.109953431730723,0],[121.78636165655523,25.109953431730723,0],[121.78636165655523,25.109953431730723,0],[121.78638887256027,25.109996285036807,0],[121.78639538177961,25.11000615584516,0],[121.786396082742,25.11000750301563,0],[121.78640197110627,25.110016650034932,0],[121.78641954186634,25.110051452059697,0],[121.78645335423349,25.110098753303,0],[121.78656540460092,25.11025266450581,0],[121.78665962656764,25.110382045806336,0],[121.78669691831445,25.11043056809221,0],[121.78671573095606,25.11045777747984,0],[121.7867238729466,25.110474250284227,0],[121.78677666425187,25.110558355618895,0],[121.78679503800726,25.11060414148302,0],[121.78693665649138,25.11064837390296,0],[121.78709916861499,25.110777987624065,0],[121.78736349158416,25.110986589289286,0],[121.78736118540505,25.110993205770946,0],[121.7874820966425,25.111101177003903,0],[121.7876116979724,25.11120527279984,0],[121.78771228994349,25.11128465519223,0],[121.78802124195364,25.111515327521722,0],[121.78839148492511,25.11179331436449,0],[121.78867923696687,25.11201050683705,0],[121.78903240789407,25.112273981242,0],[121.78920513014363,25.11244075381416,0],[121.78937142987677,25.11259380555786,0],[121.78963832735465,25.112769261320665,0],[121.79038814501695,25.11311270244849,0],[121.79039891755433,25.11311649561547,0],[121.79075889045517,25.113243246714767,0],[121.79092242969116,25.11328437677471,0],[121.79123233613325,25.113372279705665,0],[121.79145018504715,25.11342119728845,0],[121.79145729307837,25.11334903989117,0],[121.7918541307593,25.11339292411606,0],[121.79210702782437,25.113414031634512,0],[121.79211321014117,25.113414547622995,0],[121.79238245393887,25.113436789370432,0],[121.79265970340958,25.11346100305202,0],[121.79278373628148,25.1134715020437,0],[121.79293991942134,25.113484767779163,0],[121.79301248367396,25.11349093111575,0],[121.7931565413222,25.113503166726982,0],[121.79324677531837,25.1135108307256,0],[121.793331021267,25.113505324931243,0],[121.79335007966992,25.113478428198555,0],[121.79335999890814,25.113464428363223,0],[121.79340758044465,25.113466021270444,0],[121.79346541195635,25.113486643928773,0],[121.79361061003871,25.11349408241001,0],[121.79393897088289,25.113443937565577,0],[121.79393897088289,25.113443937565577,0],[121.79396402061722,25.113439277613125,0],[121.79396402061722,25.113439277613125,0],[121.79408775770223,25.113421215688852,0],[121.79408775770223,25.113421215688852,0],[121.79413493800429,25.11341401054868,0],[121.79413493800429,25.11341401054868,0],[121.79456487264936,25.113348352348385,0],[121.79468023679964,25.113309591186948,0],[121.79489169878934,25.113218958654542,0],[121.79498583911867,25.11318665631471,0],[121.79507492811612,25.113166114880464,0],[121.7952527795561,25.11313813191653,0],[121.79558383388513,25.113095324861764,0],[121.79564946616289,25.113083280559486,0],[121.79606532780012,25.112968384074108,0],[121.7964860739993,25.112866829952875,0],[121.79655236775925,25.112856258830572,0],[121.79668116508569,25.11283572087602,0],[121.7968818174346,25.112822342000868,0],[121.79766448768886,25.11273822994414,0],[121.7978807593159,25.11259616826329,0],[121.7980413100793,25.112307490075086,0],[121.79811246932023,25.11215601023659,0],[121.79836236443688,25.11171524075146,0],[121.79836236443688,25.11171524075146,0],[121.79836236443688,25.11171524075146,0],[121.79836236443688,25.11171524075146,0],[121.79836236443688,25.11171524075146,0],[121.79836236443688,25.11171524075146,0],[121.79836236443688,25.11171524075146,0],[121.79836236443688,25.11171524075146,0],[121.79836236443688,25.11171524075146,0],[121.79836236443688,25.11171524075146,0],[121.7986462100763,25.111490911794363,0],[121.7986470589008,25.11149002342356,0],[121.79877633546873,25.111101962099386,0],[121.79886610989696,25.11083247651936,0],[121.79919442497506,25.11034196352073,0],[121.79943247413195,25.10988280789237,0],[121.79957875584573,25.10948627846535,0],[121.79961985601233,25.109372997302327,0],[121.79969939709827,25.109230652662895,0],[121.79998166120816,25.108915840677533,0],[121.80002232850681,25.10894743160274,0],[121.80010898296631,25.108900958857348,0],[121.80025404291737,25.108831374196246,0],[121.80042993400542,25.10878046494735,0],[121.80061400944494,25.10872730484476,0],[121.80074918841623,25.10868806052585,0],[121.80103173481649,25.108576354854783,0],[121.80108932462612,25.10855219528518,0],[121.80113800438494,25.108533510539438,0],[121.80144896686745,25.108432211573604,0],[121.80144896686745,25.108432211573604,0],[121.80175553916804,25.108305277158795,0],[121.80175553916804,25.108305277158795,0],[121.80185830123328,25.108270984296343,0],[121.80203642130968,25.108223250250106,0],[121.8021145038276,25.10820624291445,0],[121.80237092238156,25.1081378160746,0],[121.80272526297772,25.108044869249476,0],[121.802784294775,25.108026803747126,0],[121.80300912418394,25.107973680414567,0],[121.80332633108381,25.10790821489927,0],[121.80358050248088,25.107843566795175,0],[121.80380446191931,25.107773518382245,0],[121.80404690698188,25.107684357387594,0],[121.80426455378851,25.107604315693578,0],[121.80447078855828,25.10752847049725,0],[121.8044591151889,25.10747524719224,0],[121.80455283656518,25.1074440868204,0],[121.80478913872662,25.107363642666105,0],[121.80479438540097,25.10736185595761,0],[121.8049477902666,25.107309629790837,0],[121.80510501313871,25.107262708305086,0],[121.80522747550621,25.107180565693778,0],[121.80535709384958,25.107133237133795,0],[121.80539334866069,25.107117194637734,0],[121.80563236811476,25.107002137366642,0],[121.80565730833216,25.106983107369462,0],[121.80569374494188,25.106955301280706,0],[121.80579598627662,25.106892299250223,0],[121.80584899109499,25.106872266125276,0],[121.8058901059699,25.106856731295448,0],[121.80593269594712,25.10684064097177,0],[121.80594277419209,25.106836834646487,0],[121.80596860010127,25.10682118705609,0],[121.8060696881562,25.106759967026814,0],[121.80611152677379,25.10676211479812,0],[121.80616883430926,25.10671427165271,0],[121.80622539192598,25.10669007414378,0],[121.80624389678516,25.10668352305819,0],[121.80629055991501,25.106667004100984,0],[121.80630721680498,25.10666200274122,0],[121.80634966114701,25.106649252976588,0],[121.80640962020033,25.10656721368244,0],[121.80644507139034,25.10654859166638,0],[121.80661729116837,25.106458170036394,0],[121.80683935292923,25.10634030438471,0],[121.80689533959563,25.106284457815327,0],[121.80704774482712,25.10624585538413,0],[121.80717520593491,25.10613451778193,0],[121.80717520593491,25.10613451778193,0],[121.80746122904216,25.10623899926601,0],[121.80752563818788,25.106262531494853,0],[121.80772426183063,25.106457147666145,0],[121.80772466607488,25.10645754866168,0],[121.80776754038813,25.106500078391374,0],[121.80814525681595,25.106768199638378,0],[121.8082025229658,25.1068307359651,0],[121.8083483922287,25.106932261455228,0],[121.80849420555813,25.10710048933117,0],[121.80862806790122,25.107224809437728,0],[121.80880574347655,25.107423074329635,0],[121.80886586990783,25.107476876247578,0],[121.80893747123892,25.10753422265526,0],[121.80899236270434,25.107573865297507,0],[121.80905765936768,25.107616694160193,0],[121.8090866081988,25.10763367046273,0],[121.80918737040106,25.107693445894974,0],[121.80922052093676,25.10771069443276,0],[121.80929832740487,25.10770019154379,0],[121.80933814840502,25.107695609585157,0],[121.80944522922596,25.107754135317585,0],[121.80964773646187,25.107854550342388,0],[121.80982745884484,25.10793893728926,0],[121.80996661725256,25.108037957265612,0],[121.81009971746387,25.108093298505153,0],[121.81009991437612,25.10809333490952,0],[121.81038991984383,25.108146949678144,0],[121.81063112233765,25.10817735684,0],[121.81087091033127,25.108204131812094,0],[121.81112712908643,25.10823164523322,0],[121.81124871124474,25.108245011960125,0],[121.81154392452206,25.10826116823241,0],[121.81162579976042,25.108264967846768,0],[121.81168006929063,25.108271717726915,0],[121.81203857085035,25.10829361748945,0],[121.8121564023817,25.108298814922055,0],[121.81230902009388,25.10830638437528,0],[121.81238836145661,25.10831196428124,0],[121.812592193707,25.10832266178966,0],[121.81270967261669,25.1083287642433,0],[121.81298124143106,25.108342412762156,0],[121.81304455223412,25.108349982712735,0],[121.81308178795159,25.108358732769304,0],[121.81322796407352,25.108402169153248,0],[121.81352038494015,25.108561929233392,0],[121.81362053305338,25.108611195471074,0],[121.81443863778115,25.10895505382421,0],[121.8144603073592,25.10897045566065,0],[121.81447032871912,25.10897505613953,0],[121.8147120987047,25.109069990982647,0],[121.81486280236663,25.109126355958885,0],[121.81504871086938,25.10916955919069,0],[121.81531238949724,25.109199766227025,0],[121.81570055189371,25.109164156102107,0],[121.81570055189371,25.109164156102107,0],[121.81600740581422,25.109111629432682,0],[121.81620960516209,25.109067248168753,0],[121.81633031563955,25.109028326980287,0],[121.8164545082166,25.10898344259585,0],[121.81663282086879,25.108915782554167,0],[121.8168201434449,25.108826340006967,0],[121.81693841759478,25.10877657948036,0],[121.81707153705571,25.10869476451629,0],[121.817201780023,25.108626849373373,0],[121.81723685393612,25.10861723800967,0],[121.81726735294458,25.108601255385366,0],[121.81745394731179,25.10846357628194,0],[121.8177478554054,25.108219347727786,0],[121.81785351350334,25.108089937217603,0],[121.81795325504433,25.107946396215596,0],[121.81811726689229,25.107718896426302,0],[121.81825023775812,25.1075215191506,0],[121.81839082800046,25.107312291144424,0],[121.81848095624837,25.10720978298985,0],[121.8185507533919,25.1072271457621,0],[121.81885984209045,25.106615353416235,0],[121.81899138082629,25.106395753844115,0],[121.81899138082629,25.106395753844115,0],[121.8191009198677,25.10620797154038,0]]}},{"type":"Feature","properties":{"cadgeom_type":"CADLWPolyline","thickness":0,"color":"#00FF00FF"},"geometry":{"type":"LineString","coordinates":[[121.72655093663708,25.107737504274095,0],[121.7266905161808,25.1080454583642,0],[121.72683704883836,25.108364113429946,0],[121.72688994736421,25.108459206313672,0],[121.72699587965846,25.10864963468318,0],[121.72709893337696,25.108820333310526,0],[121.7271513133406,25.108908183029378,0],[121.72721389516458,25.109002617871745,0],[121.72725239850801,25.109061122463167,0],[121.72740015233664,25.10928666286652,0],[121.72741390353218,25.109305628104334,0],[121.72754178791689,25.109495507983528,0],[121.72762252894579,25.109595765984825,0],[121.72762252894579,25.109595765984825,0],[121.72775584941024,25.109623716526432,0],[121.72782272139102,25.109726565935542,0],[121.72792861767182,25.10983708046297,0],[121.72812051834872,25.11001333279249,0],[121.72816752550922,25.110045085264513,0],[121.72819167094733,25.1100613950513,0],[121.72819167094733,25.1100613950513,0],[121.72819167094733,25.1100613950513,0],[121.72826650751195,25.110111945681965,0],[121.72835625255627,25.110180755325793,0],[121.72839886341718,25.110213426031745,0],[121.72843882088021,25.11024518300177,0],[121.7284735634226,25.110272201833084,0],[121.72861018462352,25.110334191695884,0],[121.72872851725225,25.110387182221725,0],[121.72899003755339,25.110473502756108,0],[121.72899104882794,25.1104739645429,0],[121.72899136568778,25.11047406897821,0],[121.72929547402205,25.11057430106344,0],[121.72953722602648,25.11065410558951,0],[121.72985118515938,25.11075772246264,0],[121.72988808007617,25.110769889917446,0],[121.7299840247879,25.110801539651344,0],[121.7306991646792,25.111037410718897,0],[121.73094981098988,25.111120079093894,0],[121.73094981098988,25.111120079093894,0],[121.73094981098988,25.111120079093894,0],[121.73098762867843,25.11113116092091,0],[121.7310261892783,25.111139865412227,0],[121.73106531274117,25.11114615192461,0],[121.73110481639056,25.11114999110492,0],[121.73114451577473,25.11115136502718,0],[121.73118422552793,25.1111502672763,0],[121.73122376023606,25.11114670297797,0],[121.73126293530237,25.111140688774785,0],[121.73130156780941,25.111132252748515,0],[121.73133947737318,25.111121434288954,0],[121.73141509643995,25.1110722276301,0],[121.73153560714162,25.11097822825481,0],[121.73160666032673,25.110926432389284,0],[121.73169147195573,25.11087744369947,0],[121.73182735833124,25.110822075751926,0],[121.73197307615253,25.11062488046975,0],[121.73212850558554,25.11040497504794,0],[121.73212850558554,25.11040497504794,0],[121.73219689383993,25.110277447568848,0],[121.73223423289339,25.110074339784763,0],[121.73224812449524,25.110065562666875,0],[121.7324020703376,25.110006234350262,0],[121.73242470632132,25.109976105563415,0],[121.73242470632132,25.109976105563415,0],[121.73242470632132,25.109976105563415,0],[121.73242470632132,25.109976105563415,0],[121.73242470632132,25.109976105563415,0],[121.73242470632132,25.109976105563415,0],[121.73242470632132,25.109976105563415,0],[121.73255270469397,25.110043930594347,0],[121.73272477507956,25.1098729927384,0],[121.73298263770782,25.109599268005695,0],[121.73314429679888,25.109427640223714,0],[121.7331179624079,25.109435369385746,0],[121.73305314667677,25.109429111771114,0],[121.73300095947714,25.109395104251682,0],[121.73295410908403,25.109355891052083,0],[121.73300359047326,25.109291339155426,0],[121.73307345001429,25.109267685846156,0],[121.73328571075575,25.109211073325998,0],[121.73330785959489,25.109174258208288,0],[121.73326553926913,25.109108918353602,0],[121.73322932490582,25.109083731956375,0],[121.7334067262323,25.108959444714497,0],[121.7335818615039,25.108810368276227,0],[121.73370526154116,25.108705328914255,0],[121.73383106834774,25.10857632710209,0],[121.73391300004556,25.10848384965747,0],[121.73402915386445,25.108330521076002,0],[121.73416122962874,25.108123197858763,0],[121.73426810497917,25.10794559198963,0],[121.73441334469479,25.107660110134606,0],[121.73460438059934,25.107288371033928,0],[121.73475080414757,25.107002984679003,0],[121.73483517510996,25.1068366451786,0],[121.73492517284248,25.106659211820762,0],[121.7351366183388,25.106248800427235,0],[121.73520853219325,25.106169464001482,0],[121.73523811100391,25.106105267225733,0],[121.73532549252263,25.10599540929382,0],[121.73562964082518,25.105612125919208,0],[121.73565021085966,25.10558460651952,0],[121.73568155759969,25.105542125365858,0],[121.73571839333151,25.105492041240993,0],[121.73577421674764,25.10540498094795,0],[121.73582572610549,25.105340668918863,0],[121.73585195548372,25.105295747336488,0],[121.73593217939553,25.105158353942127,0],[121.73594036514817,25.105144223608306,0],[121.73594495239621,25.105134388726807,0],[121.73601835852895,25.104997812302052,0],[121.73609674328763,25.104868777083322,0],[121.73611854943026,25.104837417401473,0],[121.73620766081369,25.104704056111025,0],[121.73624510017788,25.104675009105296,0],[121.73624510017788,25.104675009105296,0],[121.736519017611,25.104449357460606,0],[121.736519017611,25.104449357460606,0],[121.7365755750735,25.104393016971017,0],[121.73668528339478,25.104278854047116,0],[121.73677624114768,25.104167099551525,0],[121.73694688797514,25.10395112001276,0],[121.7369796835396,25.103909053627735,0],[121.73704953213972,25.103832520678242,0],[121.73710394385841,25.10377962010773,0],[121.73716390596358,25.103727222911264,0]]}},{"type":"Feature","properties":{"cadgeom_type":"CADLWPolyline","thickness":0,"color":"#00FF00FF"},"geometry":{"type":"LineString","coordinates":[[121.64248961917441,25.23201460925103,0],[121.64266488135797,25.232169371294425,0],[121.64310262411304,25.23258153101386,0]]}},{"type":"Feature","properties":{"cadgeom_type":"CADLWPolyline","thickness":0,"color":"#00FF00FF"},"geometry":{"type":"LineString","coordinates":[[121.60370972018595,25.21780125519372,0],[121.60370972018595,25.21780125519372,0],[121.60370972018595,25.21780125519372,0],[121.60326816504185,25.217481237634466,0],[121.60321480281863,25.217446746842057,0],[121.60309907216951,25.217380989970863,0],[121.60296246397708,25.217330618823173,0],[121.6027724350755,25.217265379101313,0],[121.60249634997815,25.2171747030922,0],[121.6023150566343,25.217117345250653,0],[121.60225216458583,25.217096178084418,0],[121.60223736915697,25.21709119847851,0],[121.6022093613123,25.217082063854285,0],[121.60210826141073,25.217047979172865,0],[121.60200764956788,25.217028128367506,0],[121.60192683038944,25.21701428116646,0],[121.60187511610056,25.217020172570397,0],[121.60184691661283,25.21701643443147,0],[121.60176399235606,25.21700449694181,0],[121.60171349665745,25.216990226436646,0],[121.60159283561528,25.21695328977255,0],[121.60154590160435,25.216933022684294,0],[121.60141651163639,25.21687378000698,0],[121.60129621801906,25.21681954235821,0],[121.60119370934072,25.21677190389709,0]]}},{"type":"Feature","properties":{"cadgeom_type":"CADLWPolyline","thickness":0,"color":"#00FF00FF"},"geometry":{"type":"LineString","coordinates":[[121.59863066034406,25.21250181442193,0],[121.59869103795528,25.212560691475364,0],[121.59874749919744,25.212622701201838,0],[121.59879984806005,25.212687628335097,0],[121.59884790280766,25.2127552474808,0],[121.59889149661107,25.21282532389896,0],[121.59893047812646,25.212897614318756,0],[121.59893047812646,25.212897614318756,0],[121.5990089354802,25.21307216914729,0],[121.59911328669314,25.213306534710945,0],[121.59926171476633,25.21361735406052,0],[121.59934251096976,25.213778996544605,0],[121.59934251096976,25.213778996544605,0],[121.59937485561314,25.213831767717174,0],[121.59941092511204,25.213882501359567,0],[121.59945056500167,25.21393098020274,0],[121.59949360552623,25.213976996633633,0],[121.59953986236599,25.214020353584427,0],[121.59958913742636,25.21406086537647,0],[121.59980048404489,25.214213332601883,0],[121.60004551592054,25.21440812377163,0],[121.60037559965295,25.214684931590824,0],[121.60058835976689,25.21490978178023,0],[121.60067379632245,25.215006540472192,0],[121.60076442843905,25.215115183048706,0],[121.60077928671028,25.21513594032234,0],[121.60086094044328,25.215255868692076,0],[121.60093295025278,25.215359470101003,0],[121.60101173275402,25.215524169854515,0],[121.60105619394831,25.21561022797988,0],[121.6011488490135,25.215806813427267,0],[121.60119080558916,25.21587449916533,0],[121.60125006463271,25.21596313177186,0],[121.60128845683182,25.21601243339775,0],[121.60132394927207,25.216047419357587,0],[121.60143965886412,25.2160588525643,0],[121.60145950727981,25.21606188173655,0],[121.60168233214576,25.216106865518793,0],[121.6018236414985,25.2161651041679,0],[121.60185893116368,25.216138451433356,0],[121.60191835761235,25.21619814592634,0],[121.60198489711817,25.216224706581723,0],[121.60201016376284,25.216213113593533,0],[121.60204209546524,25.216234094766993,0],[121.60209016006107,25.216257607154628,0],[121.60211344121754,25.216269719462822,0],[121.60222283317817,25.216310166916596,0],[121.60227505741571,25.216325495235186,0],[121.60235059780403,25.216332973260307,0],[121.60237878403132,25.216339742076315,0],[121.60249590503459,25.21637380881377,0],[121.60259586451878,25.21640760915229,0],[121.60268225965561,25.216450507108107,0],[121.60275259571189,25.21649798158032,0],[121.60276978475567,25.21651184090552,0],[121.60282247594314,25.216545563458546,0],[121.6028868919943,25.216605122175718,0],[121.603023327015,25.216656539685175,0],[121.603023327015,25.216656539685175,0],[121.60329495574413,25.216788583492203,0],[121.60353373260608,25.2169297231685,0],[121.6037059088023,25.217028948608206,0]]}},{"type":"Feature","properties":{"cadgeom_type":"CADLWPolyline","thickness":0,"color":"#00FF00FF"},"geometry":{"type":"LineString","coordinates":[[121.6062713428063,25.21735618746434,0],[121.60630306798548,25.217345030772442,0],[121.60631957038586,25.21736282627005,0],[121.6063724350436,25.21736275460479,0],[121.60638702752827,25.217344249887525,0],[121.60642932736978,25.21736788748881,0],[121.60649664168648,25.21735303593583,0],[121.60655164017449,25.217359349821844,0],[121.60664677095065,25.2173954906933,0],[121.6066563541499,25.217398197954697,0]]}},{"type":"Feature","properties":{"cadgeom_type":"CADLWPolyline","thickness":0,"color":"#00FF00FF"},"geometry":{"type":"LineString","coordinates":[[121.60921582191106,25.219024236956265,0],[121.60901044532524,25.21887722827161,0],[121.60887678145656,25.21880048226217,0],[121.60876911088761,25.21874172965354,0],[121.60868513007263,25.218691460968028,0],[121.60861368270177,25.218626012610603,0],[121.60852439078008,25.218529179064486,0],[121.60845322790517,25.218449810576644,0],[121.60838617724536,25.218412269186963,0],[121.60821195533485,25.218321369514317,0],[121.60794565852808,25.218185085910545,0],[121.60778226573804,25.218147436893755,0],[121.60771949554592,25.218147855305762,0],[121.60761638042521,25.2181689189165,0],[121.60714989999565,25.21828350597846,0],[121.6071728354213,25.218382456238047,0],[121.60686746343517,25.218420558886425,0],[121.6064638452525,25.218465870174974,0],[121.60608850044122,25.218512462878305,0],[121.60567507550259,25.218566407189968,0],[121.60551336678222,25.218584666794563,0],[121.60551336678222,25.218584666794563,0],[121.60544361672981,25.21859082525409,0],[121.60537357939813,25.21859299218157,0],[121.60530353054781,25.21859115904496,0],[121.60523374598485,25.2185853330618,0],[121.60516450047466,25.21857553717084,0],[121.60509606666001,25.218561809941644,0],[121.60502871398758,25.218544205422806,0],[121.6050366349706,25.218463154236968,0],[121.60483875809594,25.218383989270677,0],[121.60469183315749,25.21831767780615,0],[121.60445571585139,25.218201811279034,0],[121.60422256578123,25.218085923807173,0],[121.60407099598827,25.21800226489647,0],[121.60392730841248,25.21792485913199,0],[121.60370972018595,25.21780125519372,0]]}},{"type":"Feature","properties":{"cadgeom_type":"CADLWPolyline","thickness":0,"color":"#00FF00FF"},"geometry":{"type":"LineString","coordinates":[[121.6037059088023,25.217028948608206,0],[121.60388580412858,25.217136978574704,0],[121.60428223155013,25.217374081936484,0],[121.60439654713964,25.217435990966226,0],[121.60439654713964,25.217435990966223,0],[121.60461177879152,25.21750983452483,0],[121.60483175854841,25.21757101358099,0]]}},{"type":"Feature","properties":{"cadgeom_type":"CADLWPolyline","thickness":0,"color":"#00FF00FF"},"geometry":{"type":"LineString","coordinates":[[121.61274476819652,25.22042692111453,0],[121.61274476819652,25.22042692111453,0],[121.61253333922525,25.220440596796006,0],[121.61248368394853,25.21996373226734,0],[121.61223843114206,25.219948859145084,0],[121.61205571588927,25.21992532647617,0],[121.61205571588927,25.219925326476176,0],[121.61189497384463,25.21990286238155,0],[121.61173609078249,25.219871298033937,0],[121.61157968868444,25.219830756998196,0],[121.61142637981813,25.219781397980306,0],[121.61113731250734,25.21967782931532,0],[121.61091764673048,25.21959527629477,0],[121.61073429621203,25.219526757128975,0],[121.61056919142784,25.219461321528858,0],[121.61060894158042,25.219379087477613,0],[121.6105543972685,25.219360250305215,0],[121.61037691739004,25.21937099804371,0],[121.61025737284741,25.219376362345145,0],[121.61012979899266,25.219380667097287,0],[121.60997117556725,25.219376464575735,0],[121.60986588617546,25.219365858890544,0],[121.60986588617546,25.21936585889054,0],[121.6098139923134,25.21936014618004,0],[121.60976263232156,25.21935130025553,0],[121.60971203454983,25.219339360446497,0],[121.60966242395904,25.21932437983806,0],[121.60961402112076,25.21930642503489,0],[121.60956704123659,25.219285575865122,0],[121.60952169318121,25.21926192502535,0],[121.60939970939496,25.21916837229298,0],[121.60921582191106,25.219024236956265,0]]}},{"type":"Feature","properties":{"cadgeom_type":"CADLWPolyline","thickness":0,"color":"#00FF00FF"},"geometry":{"type":"LineString","coordinates":[[121.61273629889682,25.218736239015016,0],[121.61273629889682,25.218736239015016,0],[121.61287881900911,25.218743594629082,0],[121.61302427577243,25.218755378817537,0],[121.61318553195031,25.21876193131824,0],[121.61335915016284,25.218753376746495,0],[121.61365320805702,25.218721467002673,0],[121.61396526938756,25.218681714831476,0],[121.61400945789751,25.21865764159586,0],[121.61412802218518,25.218594300906087,0],[121.61415618760938,25.21835372694002,0],[121.61421792140531,25.218376021929227,0],[121.61426696891712,25.21841283366597,0],[121.61435692238456,25.21840728380317,0],[121.61439457002837,25.218406650305287,0],[121.61449736719314,25.218387455557714,0],[121.61449795227837,25.218349897475672,0],[121.61463091054037,25.21833076199495,0],[121.61473979672384,25.218301571684766,0],[121.61478142972972,25.218273610583534,0],[121.61485481257314,25.218311979368746,0],[121.61488276392538,25.218295804347708,0],[121.61517067441858,25.218379809739055,0],[121.6155415152086,25.21848610895543,0],[121.61557258547592,25.218505653185193,0],[121.61563419001787,25.218544404449226,0],[121.6160216200063,25.21849662767872,0],[121.61630279771605,25.218459069815584,0],[121.61651663532196,25.218431542341143,0],[121.61650418434516,25.218365205198896,0],[121.616502480515,25.21835106057337,0],[121.6167765187776,25.218324113598783,0],[121.61681875339382,25.218172406995173,0],[121.61682358996636,25.21817115223204,0]]}},{"type":"Feature","properties":{"cadgeom_type":"CADLWPolyline","thickness":0,"color":"#00FF00FF"},"geometry":{"type":"LineString","coordinates":[[121.6202514294134,25.220081822855438,0],[121.62007489020708,25.219970770304823,0],[121.61984129992068,25.219824493228337,0],[121.61958471803213,25.21967066410174,0],[121.61936866974666,25.219533630934148,0],[121.61916461714156,25.219403473578865,0],[121.61916461714156,25.219403473578865,0],[121.61908380973763,25.219350585328595,0],[121.61899957612115,25.219302323163287,0],[121.61891223589181,25.219258870197663,0],[121.61882212043521,25.21922039129943,0],[121.61882212043521,25.21922039129943,0],[121.6187344163799,25.219195180494225,0],[121.61864506515671,25.21917532480666,0],[121.61855446142762,25.219160911938875,0],[121.61846300538625,25.21915200555225,0],[121.61837110099064,25.219148644986213,0],[121.61827915417905,25.219150845084506,0],[121.61827915417905,25.219150845084506,0],[121.61814816380694,25.219149159085873,0],[121.61801731584154,25.219154964203483,0],[121.61788712746691,25.219168237492717,0],[121.61775811326058,25.219188926490524,0],[121.6176307831597,25.219216949422783,0],[121.61738962741313,25.219288575610104,0],[121.61714248121218,25.219364494396764,0],[121.61693542251477,25.219442705131197,0],[121.61663926407797,25.219559516171408,0],[121.61644719363727,25.219634406026763,0],[121.61620511606213,25.219716596454557,0],[121.61597177737669,25.219797974715135,0],[121.61583122639748,25.219839746537314,0],[121.615707936476,25.219878724205977,0],[121.61549823444365,25.21993830025558,0],[121.61523675757127,25.220015624505983,0],[121.61516277704213,25.220033999786747,0],[121.61492091659692,25.220094091232916,0],[121.61459431129103,25.220170440273705,0],[121.61432918700007,25.220222472036525,0],[121.61401353052945,25.220274641385064,0],[121.6137199832318,25.220323591947725,0],[121.61334010886455,25.220392055948885,0],[121.61326820970811,25.220401932818355,0],[121.61299245791102,25.220416801186154,0],[121.61274476819652,25.22042692111453,0]]}},{"type":"Feature","properties":{"cadgeom_type":"CADLWPolyline","thickness":0,"color":"#00FF00FF"},"geometry":{"type":"LineString","coordinates":[[121.62047534200163,25.218977403368736,0],[121.62047534200163,25.218977403368736,0],[121.62065383430627,25.219111004161096,0],[121.6207658257904,25.21915838415365,0],[121.62076265684536,25.21918813502106,0],[121.62077579617109,25.21919744785436,0],[121.62080799142016,25.21921454879111,0],[121.62085762426041,25.219133103034324,0],[121.62101068789703,25.219225243706052,0],[121.62117145657027,25.219323040861216,0],[121.6213268066284,25.21941371997802,0],[121.62158080932545,25.21955729016966,0],[121.62176296745528,25.219663635960448,0]]}},{"type":"Feature","properties":{"cadgeom_type":"CADLWPolyline","thickness":0,"color":"#00FF00FF"},"geometry":{"type":"LineString","coordinates":[[121.62836611868514,25.225509710765856,0],[121.62832990237347,25.225364135760643,0],[121.62831831662987,25.225348084176748,0],[121.62826608066992,25.225250403109328,0],[121.62821093512787,25.22504945606163,0],[121.62825024415064,25.22503684730709,0],[121.6281981925211,25.22482298389933,0],[121.62813922965822,25.224523577039548,0],[121.62813125873267,25.224146785931698,0],[121.62811203566828,25.223777422547496,0],[121.62808868899444,25.223550394045713,0],[121.62805253916562,25.223203234257415,0],[121.62803246943083,25.22305551726691,0],[121.62803246943083,25.22305551726691,0],[121.62801052965538,25.22295443828753,0],[121.62798190713089,25.22285475194881,0],[121.62794670674272,25.222756823489046,0],[121.62790505747593,25.22266101170508,0],[121.6278571119423,25.222567667637712,0],[121.62780304582108,25.22247713328564,0],[121.62766766971596,25.22228257209852,0],[121.6274051844962,25.221899998730485,0],[121.6274051844962,25.221899998730485,0],[121.62738181176475,25.221869433486358,0],[121.62735626822713,25.221840341105068,0],[121.62732866570745,25.221812848945063,0],[121.62729912504315,25.22178707735937,0],[121.62726777555602,25.221763139168786,0],[121.62723475448621,25.221741139167914,0],[121.62720020639132,25.221721173666502,0],[121.62716428251363,25.221703330067786,0],[121.62701329702321,25.221652613211223,0],[121.6268653041478,25.221606353019638,0],[121.62667432930185,25.221563712809395,0],[121.62646307190282,25.221525337471896,0],[121.62601476224569,25.22145253154578,0],[121.62601476224569,25.22145253154578,0],[121.62594218396575,25.22143966928293,0],[121.62586889635269,25.221430735070822,0],[121.6257951560895,25.221425760200823,0],[121.62572122144435,25.221424762097076,0],[121.62564735136631,25.221427744255493,0],[121.62553905298856,25.221435808754457,0],[121.62540913157171,25.22145192086638,0],[121.62527339607297,25.221468040035433,0],[121.62509643885205,25.22149220592093,0],[121.62489603658105,25.221517266310016,0],[121.62476805531922,25.22153334897208,0],[121.62476805531922,25.22153334897208,0],[121.62436917234227,25.22157509604873,0],[121.62396829473964,25.22159566046286,0],[121.6235667808622,25.22159497252926,0],[121.6235533011281,25.221382731027223,0],[121.62353685097888,25.221382343504025,0],[121.62353756861486,25.22135713589342,0],[121.62336454480096,25.221353177777353,0],[121.62332484442811,25.22133114571095,0],[121.6233161218056,25.22135399697478,0],[121.62322288721624,25.221347136099382,0],[121.62305292821841,25.221333402897702,0],[121.62293769525542,25.221325332836923,0],[121.62283542283916,25.221318032138207,0],[121.62276329984631,25.221313798923564,0],[121.62267916202562,25.221307751083682,0],[121.62269027637757,25.22121366894949,0],[121.62244532907985,25.221188908744637,0],[121.62237586130277,25.221174877314102,0],[121.62219319287175,25.221123225323602,0],[121.6221719849614,25.221173718450324,0],[121.62199225277324,25.22110203662771,0]]}},{"type":"Feature","properties":{"cadgeom_type":"CADLWPolyline","thickness":0,"color":"#00FF00FF"},"geometry":{"type":"LineString","coordinates":[[121.63067658798371,25.22803141181265,0],[121.63067658798371,25.22803141181265,0],[121.63066517297867,25.228023443995895,0],[121.63059463999197,25.22797667924475,0],[121.63047881732346,25.227890488416218,0],[121.63036783854713,25.227802383743935,0],[121.63029513049082,25.227742125621152,0],[121.63019370952442,25.227645386613588,0],[121.63012928263996,25.227571009670406,0],[121.62996202163538,25.227360800431914,0],[121.62986007834515,25.227237318234547,0],[121.62990814400598,25.227224082134484,0],[121.62977258940498,25.227074955150297,0],[121.62954893869521,25.22683436579846,0],[121.62949337071451,25.226769779131434,0],[121.62924897334263,25.22654760887505,0],[121.62907641649066,25.226397543280285,0],[121.62895528996599,25.226287993203346,0],[121.62881049451737,25.226151781928028,0],[121.62868925180938,25.226031219377653,0],[121.62868925180938,25.226031219377653,0],[121.62861879085324,25.225949468273726,0],[121.62855404121545,25.22586389845753,0],[121.62849525232663,25.225774839579483,0],[121.62844265065257,25.225682634730674,0],[121.62839643882195,25.225587639120953,0],[121.62836611868514,25.225509710765856,0]]}},{"type":"Feature","properties":{"cadgeom_type":"CADLWPolyline","thickness":0,"color":"#00FF00FF"},"geometry":{"type":"LineString","coordinates":[[121.63015270930283,25.22550210385396,0],[121.6302329382312,25.225591360152738,0],[121.63028996403706,25.22566657587036,0],[121.63035310956349,25.22575872449152,0],[121.63047485786356,25.225938279014024,0],[121.63057524332447,25.226088950840538,0],[121.63073730957274,25.226331094884074,0],[121.63081999955777,25.22645304292828,0]]}},{"type":"Feature","properties":{"cadgeom_type":"CADLWPolyline","thickness":0,"color":"#00FF00FF"},"geometry":{"type":"LineString","coordinates":[[121.63986772916058,25.231273266059592,0],[121.63970710991413,25.23111913820382,0],[121.63951244738364,25.230920383347215,0],[121.63926905005162,25.230716377619604,0],[121.6392613036661,25.230727000809004,0],[121.6391380265103,25.230936974363985,0],[121.63881004614022,25.231494646009985,0],[121.63820659883714,25.23116515283035,0],[121.63853503482262,25.23063554984118,0],[121.6382021101646,25.230597296840983,0],[121.63791144254623,25.23056392035823,0],[121.63774595070622,25.23062878281867,0],[121.63697629803646,25.230929283348612,0],[121.6365406893233,25.231101763925047,0],[121.63615051533533,25.23125580362308,0],[121.63591333379442,25.23135250357092,0],[121.63566868206429,25.231555588104538,0],[121.63551810060345,25.23167510198548,0],[121.63522475366054,25.231921186322328,0],[121.63506536220117,25.231752904989772,0],[121.6347027011537,25.23137600066264,0],[121.63453381344493,25.23119900732802,0],[121.63452422869642,25.23102616946662,0],[121.63465504706417,25.231023973214583,0],[121.63474945654312,25.230989075812847,0],[121.635035310307,25.230884903183895,0],[121.63492562772491,25.230757314464327,0],[121.63492562772491,25.230757314464327,0],[121.63489090825364,25.230712702447367,0],[121.63485940524627,25.23066615721469,0],[121.63483124836536,25.230617870346222,0],[121.63480655350034,25.230568040590246,0],[121.63478542229072,25.2305168730453,0],[121.63476794170772,25.23046457831601,0],[121.6347509682569,25.230398663133258,0],[121.6347002769151,25.23023942286584,0],[121.63461856057529,25.23005575411215,0],[121.63456964004965,25.22994802580032,0],[121.63451923560702,25.22987128659807,0],[121.63445429695228,25.229815024043717,0],[121.63414647722564,25.22969314398581,0],[121.63364640703726,25.22951175922798,0],[121.633358087778,25.22940628099475,0],[121.63300134763682,25.229275608236826,0],[121.6328153861856,25.229202780661566,0],[121.63243061226042,25.229040579365254,0],[121.63243061226042,25.229040579365254,0],[121.6321454141287,25.2289181511966,0],[121.63186977328043,25.22877878358663,0],[121.6316049040702,25.228623090542698,0],[121.63143477157942,25.22852170991451,0],[121.63140480846683,25.228523769742235,0],[121.63123395045949,25.228527284273042,0],[121.63117172076734,25.228529367675726,0],[121.63104542803015,25.228536591366506,0],[121.63100436973957,25.228548267400157,0],[121.63097683766048,25.22855633090212,0],[121.63090738587532,25.228472123181692,0],[121.63082973382403,25.228339861908463,0],[121.63081099104991,25.22829209823731,0],[121.63082943995946,25.228282904153293,0],[121.63083149550589,25.228281961770588,0],[121.63082940961591,25.228277022862937,0],[121.63080801214774,25.228215892472683,0],[121.63076939932625,25.22814891308978,0],[121.63069784317146,25.228076085047384,0],[121.63067658798371,25.22803141181265,0]]}},{"type":"Feature","properties":{"cadgeom_type":"CADLWPolyline","thickness":0,"color":"#00FF00FF"},"geometry":{"type":"LineString","coordinates":[[121.63081999955777,25.22645304292828,0],[121.63081999955777,25.22645304292828,0],[121.63097587406448,25.226735240375888,0],[121.63099349912997,25.22672419507173,0],[121.6310150644998,25.226710674187586,0],[121.63114739417743,25.226876951755624,0],[121.63121264428199,25.226936012333304,0],[121.63135354173001,25.22705550567841,0],[121.63160705760055,25.22722665416353,0],[121.63182438790595,25.227371707617625,0],[121.6320067917251,25.227490415747155,0],[121.63215228636527,25.227579431436865,0],[121.6323805679538,25.227719833842627,0],[121.6324943088291,25.22778456715557,0],[121.63264230660846,25.227857255105445,0],[121.63274173968719,25.227903233886313,0],[121.63294799650873,25.227989626683158,0],[121.63319672889422,25.228092212802622,0],[121.6333737954285,25.228164030027084,0],[121.63363889843532,25.228272964291765,0],[121.6339682965296,25.228406747228203,0],[121.63425293574252,25.22852193297058,0],[121.6344932159673,25.228616749322438,0],[121.63491907014594,25.228782362987694,0],[121.6350304680158,25.228835899101842,0],[121.6351615445694,25.228909852560598,0],[121.63524055160894,25.22895624925351,0],[121.63524055160894,25.22895624925351,0],[121.63528618255509,25.228989137328007,0],[121.63532951855353,25.229024500512,0],[121.63537039759642,25.22906220660487,0],[121.63540866686039,25.229102114647194,0],[121.63544418327808,25.229144075447707,0],[121.63547681407292,25.229187932141034,0],[121.63550643725536,25.22923352077408,0],[121.63559097448397,25.229361664367044,0],[121.63566727013767,25.229487026883334,0],[121.63570905847922,25.22956192990594,0],[121.63574925782169,25.229638411003066,0],[121.63577890470205,25.229706243961274,0],[121.6358323321723,25.229832485717875,0],[121.63584849367182,25.22987586845954,0],[121.63590830182166,25.230084776033404,0],[121.63591993415316,25.230129181007765,0],[121.63591993415316,25.230129181007765,0],[121.63592139806997,25.230133655313374,0],[121.63592319223156,25.230138029007993,0],[121.63592530837573,25.230142281950528,0],[121.6359277367576,25.230146394555963,0],[121.63593046619437,25.230150347885544,0],[121.63593348411682,25.230154123733985,0],[121.63593677662733,25.230157704713278,0],[121.63594032856373,25.230161074332862,0],[121.63594412356919,25.230164217075426,0],[121.6359481441675,25.23016711846848,0],[121.6359523718436,25.23016976515097,0],[121.63595678712885,25.230172144934755,0],[121.6359613696906,25.23017424686081,0],[121.63596609842592,25.23017606124964,0],[121.63597095155875,25.230177579745916,0],[121.63597590674009,25.230178795356846,0],[121.63598094115112,25.23017970248449,0],[121.63598603160804,25.23018029695147,0],[121.63599115466907,25.23018057602024,0],[121.63599628674218,25.230180538405666,0],[121.6360014041939,25.230180184280957,0],[121.63602905823294,25.230176685857177,0],[121.63613011302496,25.230138456929517,0],[121.63621966735904,25.230102501376162,0],[121.63644197911788,25.230018899335583,0],[121.63670588481341,25.229917035913118,0],[121.63698681235894,25.229806139732375,0],[121.63721278606033,25.2297153368367,0],[121.63755610561805,25.229581056031968,0],[121.63781409273986,25.229476523927126,0],[121.63804839724874,25.22946858359,0],[121.63863855221844,25.22943707496649,0],[121.63863584291693,25.229574206379933,0],[121.63869842093635,25.22956597089761,0],[121.63885299422178,25.2295385721744,0],[121.63896349211885,25.229515565581277,0],[121.6391434446193,25.2294318087356,0],[121.63925788055722,25.22937191801298,0],[121.63936419286041,25.229321281979026,0],[121.63957609575787,25.22921450992453,0],[121.63985625609554,25.229081099331125,0]]}},{"type":"Feature","properties":{"cadgeom_type":"CADLWPolyline","thickness":0,"color":"#00FF00FF"},"geometry":{"type":"LineString","coordinates":[[121.64067991973592,25.23202246696,0],[121.64044993889038,25.231807866848985,0],[121.64005914012567,25.23145694044292,0],[121.63986772916058,25.231273266059592,0]]}},{"type":"Feature","properties":{"cadgeom_type":"CADLWPolyline","thickness":0,"color":"#00FF00FF"},"geometry":{"type":"LineString","coordinates":[[121.63985625609554,25.229081099331125,0],[121.64007265317845,25.22898104769508,0],[121.64041613857496,25.228820768115508,0],[121.64041613857496,25.228820768115508,0],[121.64059754474758,25.228735372274958,0],[121.64078462222821,25.2286607842572,0],[121.6409765937629,25.228597313949606,0],[121.64117266176876,25.228545225048688,0],[121.64137201164696,25.2285047339647,0],[121.64166468796446,25.228460800513542,0],[121.64213698910163,25.228387957353647,0],[121.64270799037048,25.22830222505716,0],[121.64301444297394,25.228251549132885,0],[121.64325917599795,25.228210808963535,0],[121.64347267186453,25.228171126603097,0],[121.64359654281269,25.2281402196635,0],[121.64373876009365,25.2280971197703,0],[121.64394757357182,25.22802642956308,0],[121.64423112933139,25.22792376394348,0],[121.64444703242073,25.228186949907258,0],[121.64478817793753,25.228607049234277,0],[121.64497983583172,25.228841987326497,0],[121.64445509021384,25.2290170815839,0],[121.64408637049723,25.229140020961665,0],[121.64390508645229,25.229194177478853,0],[121.64390508645229,25.229194177478856,0],[121.64366887811893,25.229257114061557,0]]}},{"type":"Feature","properties":{"cadgeom_type":"CADLWPolyline","thickness":0,"color":"#00FF00FF"},"geometry":{"type":"LineString","coordinates":[[121.59277181133731,25.205959741616056,0],[121.59274003074341,25.205911210438366,0],[121.59259789724128,25.205901304233688,0],[121.59258015282022,25.20589325993024,0],[121.59262045833925,25.205819672065505,0],[121.59258208690278,25.20575135957662,0],[121.59253033206062,25.205749426992462,0],[121.59251633340637,25.205733162504913,0],[121.59245874180547,25.205455887088146,0],[121.59238530922146,25.205311280021117,0],[121.59233973973552,25.20523262614188,0],[121.59223306923573,25.20515256974765,0],[121.59221427902075,25.205104019497735,0],[121.59220347727015,25.20507862075749,0],[121.59215104029819,25.204997398926764,0]]}},{"type":"Feature","properties":{"cadgeom_type":"CADLWPolyline","thickness":0,"color":"#00FF00FF"},"geometry":{"type":"LineString","coordinates":[[121.59349817430427,25.208051063463497,0],[121.59344652769067,25.207941239960412,0],[121.59346157400047,25.20793312200477,0],[121.59344643503762,25.207903968916312,0],[121.59338647671606,25.20778858201787,0],[121.59335270861654,25.207602267784438,0],[121.5933053136571,25.20750017177406,0],[121.59311484631768,25.20714905628631,0],[121.59307195691935,25.20697661492652,0],[121.59307195691935,25.20697661492652,0],[121.59305123381061,25.206835580732584,0],[121.59299436065231,25.20655354211692,0],[121.59288825667136,25.20618894380581,0],[121.59277181133731,25.205959741616056,0]]}},{"type":"Feature","properties":{"cadgeom_type":"CADLWPolyline","thickness":0,"color":"#00FF00FF"},"geometry":{"type":"LineString","coordinates":[[121.59644192468996,25.212510660426197,0],[121.59632570221842,25.212415675516155,0],[121.59632570221842,25.212415675516155,0],[121.5962727508292,25.212365821974284,0],[121.59622336737976,25.212313024705082,0],[121.59617774916967,25.212257494652032,0],[121.59613607845424,25.212199453676774,0],[121.59609852171653,25.212139133672622,0],[121.59606522900211,25.212076775638085,0],[121.59603633331979,25.21201262871391,0],[121.59603633331979,25.21201262871391,0],[121.5960050275039,25.211911036986084,0],[121.59596867322226,25.21181084624847,0]]}},{"type":"Feature","properties":{"cadgeom_type":"CADLWPolyline","thickness":0,"color":"#00FF00FF"},"geometry":{"type":"LineString","coordinates":[[121.59464395204995,25.20877634275294,0],[121.59464395204995,25.20877634275294,0],[121.59464395204995,25.20877634275294,0],[121.59475415782336,25.20900634138405,0],[121.59488654864558,25.20928538988811,0],[121.59498120778117,25.20948225501206,0],[121.59504069100468,25.209605813264965,0],[121.59519504386634,25.209914884960014,0],[121.5953223339819,25.21015229884177,0],[121.5953223339819,25.21015229884177,0],[121.59537248782586,25.210230492040452,0],[121.59542789738119,25.210305691776657,0],[121.59548834752289,25.210377606078353,0],[121.59555360355401,25.21044595572916,0],[121.5956234121168,25.210510475352475,0],[121.59569750217646,25.21057091444192,0],[121.5957506653782,25.210616815541666,0],[121.5958364777291,25.21068612269463,0],[121.59601817428032,25.210812386579402,0],[121.59601817428032,25.210812386579402,0],[121.596102041231,25.2108668941066,0],[121.59618199650426,25.21092606700674,0],[121.59625772700164,25.210989673567504,0],[121.59632893616707,25.21105746471471,0],[121.59639534514783,25.2111291749875,0],[121.59645669388678,25.21120452357787,0],[121.59645669388678,25.21120452357787,0],[121.59651703306615,25.211296964425863,0],[121.59657108954724,25.2113925684695,0],[121.59661866373915,25.211490982739235,0],[121.59665957998223,25.211591843889362,0],[121.59669368719685,25.211694779539414,0],[121.59669368719685,25.211694779539414,0],[121.59670830604792,25.211736598489036,0],[121.59672550225602,25.211777598021115,0],[121.59674522073472,25.211817646791467,0],[121.59676739831721,25.21185661650163,0],[121.59679196395855,25.21189438230983,0],[121.59679196395855,25.21189438230983,0],[121.59680221854751,25.211907795336433,0],[121.59681341540724,25.211920569560483,0],[121.59682550659927,25.211932650289793,0],[121.59683844035592,25.21194398580133,0],[121.59685216130225,25.21195452756267,0],[121.5968666106928,25.21196423043976,0],[121.59688172666338,25.211973052890198,0],[121.59689744449578,25.21198095714106,0],[121.5969136968949,25.211987909350658,0],[121.59693041427688,25.21199387975345,0],[121.59718538970803,25.21205234220195,0],[121.59742484715484,25.212110974476285,0],[121.59774051388804,25.21217867140325,0],[121.59781176855273,25.21219652696144,0],[121.59797029899106,25.212234766953234,0],[121.59815270021794,25.212276985392332,0],[121.59815270021794,25.212276985392332,0],[121.59823659132375,25.212302568432786,0],[121.59831858766165,25.21233281119971,0],[121.59839837683207,25.21236759847085,0],[121.59847565484377,25.212406797709715,0],[121.59863066034406,25.21250181442193,0]]}},{"type":"Feature","properties":{"cadgeom_type":"CADLWPolyline","thickness":0,"color":"#00FF00FF"},"geometry":{"type":"LineString","coordinates":[[121.58366984757062,25.19091315334034,0],[121.58358283002512,25.1913854267237,0],[121.58363530809063,25.1918687120461,0],[121.58357556354012,25.192038328395274,0],[121.58346451426348,25.19215624050706,0],[121.58339234334329,25.19223287141853,0],[121.58301475614398,25.19251352113298,0],[121.58252861415741,25.192839906962924,0],[121.58240888968724,25.19290121407743,0],[121.58227815242009,25.1932194396282,0],[121.58237057607,25.19343767310179,0],[121.58258756262353,25.193670952203167,0],[121.58295910027203,25.193909256487313,0],[121.5836171158166,25.194347557355304,0],[121.58363118622873,25.19439985530761,0],[121.583606116872,25.194413281848757,0],[121.58347262320233,25.194519380732828,0],[121.58327537741998,25.19454806859053,0],[121.58333501296993,25.194737163795956,0],[121.58364307586814,25.194595620686396,0],[121.58385639490683,25.194817917742238,0],[121.58393669087165,25.19515367729216,0],[121.58411891199512,25.19570658150019,0],[121.58418413867126,25.19577453661594,0],[121.58467661739625,25.195744383025556,0],[121.58521777928802,25.195572465543158,0],[121.58529602841894,25.195582402801435,0],[121.58553455136838,25.19578683342137,0],[121.58559878183672,25.19586157632926,0],[121.58593555041367,25.19636454274518,0],[121.58631902649677,25.196846723316412,0],[121.58649836471595,25.196935650547328,0],[121.58695409812923,25.19680939658035,0],[121.58791974841094,25.1968469557239,0],[121.58856437822226,25.197424894669883,0],[121.58901648929958,25.19811309748151,0],[121.58910341713312,25.19837444597922,0],[121.58945788549394,25.19873256570239,0],[121.59004629037253,25.199145164741495,0],[121.59019071927688,25.199205356381622,0],[121.59067268863744,25.199388600658235,0],[121.59097452997402,25.19952429928813,0],[121.59104100606869,25.199558397514704,0],[121.59110804742517,25.199597101899602,0],[121.5912144068672,25.19969069806073,0],[121.59130815512741,25.199789392019014,0],[121.59135240884157,25.19984076724098,0]]}},{"type":"Feature","properties":{"cadgeom_type":"CADLWPolyline","thickness":0,"color":"#00FF00FF"},"geometry":{"type":"LineString","coordinates":[[121.5919248033859,25.20004177440701,0],[121.59185219495883,25.199803725618096,0],[121.59175968228078,25.19964996370252,0],[121.59165915436007,25.19957514824886,0],[121.591565478068,25.19953785209651,0],[121.59130276913584,25.199399937041143,0],[121.5911833851644,25.19932909119514,0],[121.59105592058592,25.199236614993946,0],[121.59082883750924,25.199104178018416,0],[121.59067649227997,25.199043669466796,0],[121.59051475083096,25.19895658874639,0],[121.59018090237363,25.198700778902236,0],[121.58979292479201,25.198504423825703,0],[121.58951175872348,25.198305524994765,0],[121.5891457023007,25.197850834109808,0],[121.58901396387418,25.19766092795582,0],[121.58903119428055,25.197570156265364,0],[121.58926513344042,25.197339478026986,0],[121.58914502899034,25.19719337322987,0],[121.58887555189891,25.197250862162598,0],[121.5886698418226,25.19715413922982,0],[121.58853846183835,25.196936504506727,0],[121.58830135906398,25.196687693142312,0],[121.58786625547249,25.19653049873992,0],[121.58751111383678,25.196494963660722,0],[121.58688746237787,25.196622670638483,0],[121.58664372034887,25.19662333289046,0],[121.58632596720756,25.196444526778752,0],[121.58611815217175,25.19623645005183,0],[121.58590082996365,25.19584216410247,0],[121.58567003017728,25.195505512133256,0],[121.58559013090063,25.195398289783782,0],[121.58553944175486,25.195335276564382,0],[121.58534374541632,25.195288221579812,0],[121.58504630974707,25.195349382844956,0],[121.58458461148304,25.195514613409596,0],[121.58435930433915,25.195501217459828,0],[121.58417718156257,25.195372931012955,0],[121.58423339902573,25.195151882411462,0],[121.58418067222027,25.194986856142236,0],[121.58412972704957,25.194805985667468,0],[121.58396443930428,25.194588432066027,0],[121.58377384866476,25.1943082447418,0],[121.5830754211765,25.19382085920037,0],[121.58304081231833,25.19379670781782,0],[121.58303602496561,25.193790262200196,0],[121.58292769711453,25.193610426562945,0],[121.58291987802019,25.193572171324657,0],[121.58291449696202,25.193556336874103,0],[121.58288864018148,25.19339481140584,0],[121.58288150219686,25.193212273020627,0],[121.58288150219686,25.193212273020627,0],[121.58288150219686,25.193212273020627,0],[121.58290195578545,25.193024207083415,0],[121.58290364882552,25.192970190952767,0],[121.5828768636171,25.19285752704244,0],[121.58286602729838,25.19281194726847,0],[121.58337762823898,25.192520454128793,0],[121.58360963497236,25.192237098249347,0],[121.58364300539185,25.192220029894724,0],[121.58366590581473,25.192166155095034,0],[121.58375786371063,25.192038379861422,0],[121.58379645149392,25.19183033508687,0],[121.58375250063062,25.191357570468213,0],[121.58383491906754,25.19090337857149,0],[121.58383491906754,25.19090337857149,0]]}},{"type":"Feature","properties":{"cadgeom_type":"CADLWPolyline","thickness":0,"color":"#00FF00FF"},"geometry":{"type":"LineString","coordinates":[[121.58208721106283,25.186272757574407,0],[121.58202926219846,25.186217107138635,0],[121.58190198683079,25.185942311507194,0],[121.58192486845579,25.185798335637816,0],[121.5820884541701,25.18563124829286,0],[121.5825056288079,25.185099412033207,0],[121.58273173287779,25.185072198508234,0],[121.58277493610383,25.18501756141469,0],[121.5829051158888,25.184781365695176,0],[121.58295454112651,25.184655329522645,0],[121.58307327695456,25.184415615202287,0],[121.58306235934305,25.184375669996804,0],[121.58305798746157,25.184016289366863,0],[121.58292592876096,25.183825148028973,0],[121.58292012137053,25.183750714237107,0],[121.58292217869554,25.18374780576961,0],[121.5831544092431,25.183669279898602,0],[121.58320027948224,25.183487476788084,0],[121.58298073354234,25.1832648475865,0],[121.58292117456486,25.183260562057235,0],[121.58270351432014,25.183258309242664,0],[121.58211773981655,25.183192096442543,0],[121.58190879486263,25.183107534114125,0],[121.58175162960642,25.182949737674047,0],[121.5816586187234,25.182785411353642,0],[121.58154083685731,25.182635235175248,0],[121.58152071727605,25.182470921783445,0],[121.5815489490014,25.18233682162094,0],[121.5815351287213,25.18210295254197,0],[121.58148385080169,25.182051051870385,0],[121.58129405370038,25.181915476469808,0],[121.58128110496662,25.181910754199475,0],[121.58127788905837,25.181884475668394,0],[121.58104001651905,25.181585648334863,0],[121.58103026366197,25.1815279413285,0],[121.58109836902592,25.181282599064655,0],[121.58113221220795,25.181221020096523,0],[121.58116604904082,25.181167293116197,0],[121.58143695156838,25.180924746944847,0],[121.58146961601436,25.180824057064928,0],[121.58148473715806,25.180756593655712,0],[121.5813734513624,25.18044030502556,0],[121.58141809351592,25.18035275075129,0],[121.58141809351592,25.18035275075129,0],[121.58147793448838,25.180265412416635,0],[121.58155374795008,25.180158835474714,0],[121.58166365735207,25.180012883858833,0],[121.58176427645424,25.179934747447454,0],[121.58204369859169,25.179837147919393,0],[121.58206969520445,25.179832478317028,0],[121.58209134179138,25.179820734186226,0],[121.58224380627647,25.17974875266539,0],[121.58231347075835,25.179748919256276,0],[121.58231541140444,25.17974167183376,0],[121.58234793524667,25.179621389106593,0],[121.5823507105351,25.17936104804886,0]]}},{"type":"Feature","properties":{"cadgeom_type":"CADLWPolyline","thickness":0,"color":"#00FF00FF"},"geometry":{"type":"LineString","coordinates":[[121.5821752568276,25.179350426462555,0],[121.58225041614223,25.179524512587054,0],[121.58224854015192,25.179599451097662,0],[121.58188071402272,25.179747796432853,0],[121.58154423776594,25.179883208118742,0],[121.58144446531192,25.18003259324641,0],[121.58127559130786,25.18020891460929,0],[121.58130403638347,25.18051184373905,0],[121.58131706569665,25.18067777728636,0],[121.58128686152538,25.180837229981496,0],[121.58097925266988,25.181263924524416,0],[121.58087421298477,25.181593258794532,0],[121.58093388368877,25.181958962701806,0],[121.58113205048427,25.182004047758557,0],[121.58120483473463,25.18204688617774,0],[121.5812880897506,25.182136023662554,0],[121.5813872855282,25.18221391433527,0],[121.58133695265265,25.182309962472466,0],[121.58133271115523,25.182499518406768,0],[121.5813046849653,25.182599113229553,0],[121.58134207362706,25.182889313184063,0],[121.58150102878025,25.183129603273915,0],[121.58169801123545,25.183294665753643,0],[121.58193422133232,25.183381981095692,0],[121.5826561894596,25.18343289276818,0],[121.58275883171035,25.18342987767344,0],[121.58280424868623,25.18347623533063,0],[121.58268335659979,25.18368429048868,0],[121.582650364154,25.18383101466892,0],[121.58273628939313,25.184380607323845,0],[121.58246334317117,25.184590772044324,0],[121.58248956280016,25.184745909583743,0],[121.5824262879982,25.18491429212704,0],[121.58176751090276,25.185563157023548,0],[121.58173448924514,25.185589756886877,0],[121.58162473960604,25.185836721024767,0],[121.58164400438123,25.18615513153812,0],[121.58174581484472,25.18629539397047,0],[121.58178976407316,25.186350337319354,0]]}},{"type":"Feature","properties":{"cadgeom_type":"CADLWPolyline","thickness":0,"color":"#00FF00FF"},"geometry":{"type":"LineString","coordinates":[[121.59232384299719,25.203007361875947,0],[121.59228187323485,25.202974903587815,0],[121.59228647920234,25.20294156093966,0],[121.59229839662923,25.20290512240269,0],[121.59218172921642,25.2027655912037,0],[121.5921526317647,25.20268144728298,0],[121.59213597771596,25.202647623658034,0],[121.59213200019002,25.202604684751496,0],[121.59210733261318,25.202596686777756,0],[121.59208110495187,25.202569060439316,0],[121.59205839784013,25.202487961048732,0],[121.5919840122318,25.202299302940094,0],[121.59193288155402,25.202187504617687,0],[121.59192946436924,25.20212827087973,0],[121.59196929587223,25.202004528075868,0],[121.59194472251203,25.20198540776475,0],[121.59203748809897,25.20191740738213,0],[121.59209764799813,25.201872836207045,0]]}},{"type":"Feature","properties":{"cadgeom_type":"CADLWPolyline","thickness":0,"color":"#00FF00FF"},"geometry":{"type":"LineString","coordinates":[[121.59209764799813,25.201872836207045,0],[121.59209694584099,25.20179898734726,0],[121.59209280060955,25.2017511119965,0],[121.59209098750244,25.20164949334509,0],[121.59209256449701,25.201464882517772,0],[121.59217461570245,25.201276985930704,0],[121.59228152754532,25.201081913604426,0],[121.5923206279903,25.200976271306697,0],[121.59234432982602,25.200905172007456,0],[121.59228543774665,25.20060552002197,0],[121.59225543719526,25.200449284140447,0],[121.59215304023377,25.200284517705953,0],[121.59202003459671,25.200107874195446,0],[121.5919248033859,25.20004177440701,0]]}},{"type":"Feature","properties":{"cadgeom_type":"CADLWPolyline","thickness":0,"color":"#00FF00FF"},"geometry":{"type":"LineString","coordinates":[[121.58391913166103,25.19054753616112,0],[121.5838906633475,25.19021847933393,0],[121.58394274949642,25.190064014357624,0],[121.583985786385,25.189943800685704,0],[121.58402399875943,25.189864696851057,0],[121.58389629809058,25.189532702701786,0],[121.58383898839304,25.189318043118497,0],[121.58394623989415,25.189198175207288,0],[121.5840285216978,25.18923879344198,0],[121.58422517635653,25.18888932387983,0],[121.58423269694826,25.188784454254293,0],[121.58412190657529,25.18843378523121,0],[121.58397895206438,25.188369542258457,0],[121.58320190268722,25.18805933735749,0],[121.58337353382163,25.187838629347606,0],[121.5833618703618,25.187469755210145,0],[121.5831088817233,25.187051996575715,0],[121.582723884953,25.186844635853852,0],[121.58223450086031,25.186412672934914,0],[121.58208721106283,25.186272757574407,0]]}},{"type":"Feature","properties":{"cadgeom_type":"CADLWPolyline","thickness":0,"color":"#00FF00FF"},"geometry":{"type":"LineString","coordinates":[[121.58383491906754,25.19090337857149,0],[121.58391913166103,25.19054753616112,0]]}},{"type":"Feature","properties":{"cadgeom_type":"CADLWPolyline","thickness":0,"color":"#00FF00FF"},"geometry":{"type":"LineString","coordinates":[[121.58366984983269,25.190913160720697,0],[121.58357080443797,25.190590009763273,0],[121.5835706802634,25.190563948042204,0],[121.58361858217428,25.19046521118407,0],[121.58372682155284,25.190245698643196,0],[121.58374528177981,25.190188249169996,0],[121.58377067051005,25.190036199255307,0],[121.58381189623354,25.189919699989954,0],[121.58375910694788,25.189800796299703,0],[121.58366162817005,25.18962114170774,0],[121.58364240319148,25.18949551537621,0],[121.58361928202692,25.189281731020998,0],[121.58376365174549,25.189022193675154,0],[121.58385674211773,25.188800990165177,0],[121.58398520266945,25.18870947761202,0],[121.58394720969572,25.188549674780017,0],[121.58393806246703,25.188534432021505,0],[121.58392408790755,25.188524669140318,0],[121.58387576835626,25.18852172265895,0],[121.58355643597329,25.18852391883459,0],[121.58328847663199,25.188528112552135,0],[121.58325051328906,25.188526170855443,0],[121.5832274762868,25.1885189417648,0],[121.58301055982919,25.18837339761318,0],[121.58298868312131,25.188368255274955,0],[121.58294385405942,25.188373660459533,0],[121.58284388452003,25.18839287713594,0],[121.58283005344974,25.188386657259393,0],[121.582765829965,25.188144635963877,0],[121.58276725252945,25.188068322178356,0],[121.58279045518191,25.18772698700638,0],[121.58275182560857,25.187491461042754,0],[121.58281700030372,25.187332051203622,0],[121.58271645753902,25.187217195559594,0],[121.58256901017945,25.18703391439564,0],[121.5824223600461,25.186902388192102,0],[121.5823582784291,25.18684539828118,0],[121.58219654811542,25.186688262589474,0],[121.58212868407537,25.186635991122632,0],[121.58206699456308,25.186579143350414,0],[121.58178976407316,25.186350337319354,0]]}},{"type":"Feature","properties":{"cadgeom_type":"CADLWPolyline","thickness":0,"color":"#00FF00FF"},"geometry":{"type":"LineString","coordinates":[[121.58423337241022,25.188797168401834,0],[121.58423269694826,25.188784454254293,0]]}},{"type":"Feature","properties":{"cadgeom_type":"CADLWPolyline","thickness":0,"color":"#00FF00FF"},"geometry":{"type":"LineString","coordinates":[[121.58242196846527,25.179029531832892,0],[121.58221570735346,25.17903667621221,0]]}},{"type":"Feature","properties":{"cadgeom_type":"CADLWPolyline","thickness":0,"color":"#00FF00FF"},"geometry":{"type":"LineString","coordinates":[[121.58239377757755,25.179132618890794,0],[121.58242196846527,25.179029531832892,0]]}},{"type":"Feature","properties":{"cadgeom_type":"CADLWPolyline","thickness":0,"color":"#00FF00FF"},"geometry":{"type":"LineString","coordinates":[[121.58218270799078,25.179264912295253,0],[121.58221653822332,25.17903672692676,0]]}},{"type":"Feature","properties":{"cadgeom_type":"CADLWPolyline","thickness":0,"color":"#00FF00FF"},"geometry":{"type":"LineString","coordinates":[[121.59174134047637,25.200338832537696,0],[121.59170604824334,25.200490307947867,0],[121.59167109672447,25.20055962345137,0],[121.59151277966147,25.200585061224647,0],[121.59136240554508,25.200709673510467,0],[121.59134246842345,25.2009310608194,0],[121.59137796000066,25.201123461224913,0],[121.59142573358568,25.201246637600512,0],[121.59143765546729,25.201310409975644,0],[121.59144748616461,25.201427361594988,0]]}},{"type":"Feature","properties":{"cadgeom_type":"CADLWPolyline","thickness":0,"color":"#00FF00FF"},"geometry":{"type":"LineString","coordinates":[[121.59174134047637,25.200338832537696,0],[121.59171626426134,25.200312129459025,0],[121.59163647574653,25.200226883691453,0],[121.59152685613822,25.20006959420208,0],[121.59135240884157,25.19984076724098,0]]}},{"type":"Feature","properties":{"cadgeom_type":"CADLWPolyline","thickness":0,"color":"#00FF00FF"},"geometry":{"type":"LineString","coordinates":[[121.60500802833347,25.21760979609674,0],[121.60507882090269,25.217618630905015,0]]}},{"type":"Feature","properties":{"cadgeom_type":"CADLWPolyline","thickness":0,"color":"#00FF00FF"},"geometry":{"type":"LineString","coordinates":[[121.6066563541499,25.217398197954697,0],[121.60675896809016,25.217379675209177,0],[121.60675896809016,25.217379675209177,0],[121.6069185868241,25.217357885359647,0],[121.60707923066153,25.217343633719626,0],[121.60724046970755,25.21733695842704,0],[121.60738139366582,25.217331683158342,0],[121.60759455195368,25.217330345079617,0],[121.60776209778577,25.21734437420704,0],[121.60792159663293,25.217360808594016,0],[121.60802435675976,25.217375025472883,0],[121.60824824869236,25.21742289202768,0],[121.60846903493383,25.217481422297062,0],[121.60875478322389,25.21755512431008,0],[121.60891439978496,25.217601673547446,0],[121.60907695578197,25.217661440416876,0],[121.60926123632198,25.21774995650454,0],[121.60943765192248,25.21783190857991,0],[121.60960986489357,25.217916900802365,0],[121.60981990989373,25.218013922004367,0],[121.60992595594838,25.218064772294014,0],[121.61024249046535,25.218187021920333,0],[121.61046340258125,25.218269969301147,0],[121.6107252178338,25.21836231085471,0],[121.61090359582407,25.21842466657009,0],[121.61093472610641,25.218336975751853,0],[121.6113609289955,25.218448566095223,0],[121.61179483412607,25.218548440550013,0],[121.61227270144943,25.218647965480717,0],[121.61273629889682,25.218736239015016,0]]}},{"type":"Feature","properties":{"cadgeom_type":"CADLWPolyline","thickness":0,"color":"#00FF00FF"},"geometry":{"type":"LineString","coordinates":[[121.60495797611692,25.217569989367156,0],[121.60501459687038,25.21758330541813,0],[121.60500802833347,25.21760979609674,0]]}},{"type":"Feature","properties":{"cadgeom_type":"CADLWPolyline","thickness":0,"color":"#00FF00FF"},"geometry":{"type":"LineString","coordinates":[[121.60507882090269,25.217618630905015,0],[121.60510672132497,25.217606491551965,0],[121.60515451285828,25.217621741612888,0],[121.60522159017454,25.21761258013818,0],[121.60526946227615,25.217619886856312,0],[121.60534697333297,25.217603059485114,0],[121.60536042153188,25.21758928809003,0],[121.60538456365764,25.21759257349677,0],[121.605421282796,25.217579809576282,0],[121.60554586551977,25.217567340507774,0],[121.60558763664494,25.21753587021782,0],[121.60567473663849,25.21749796062805,0],[121.6056796372437,25.217493344703094,0],[121.60573381427804,25.217480921240078,0],[121.60575263135384,25.21748822505817,0],[121.60589821155867,25.21745392430627,0],[121.60599258170788,25.217453921355414,0],[121.60603593937104,25.217437418977372,0],[121.60600324090062,25.217398043908553,0],[121.60606310673033,25.217408798927146,0],[121.60613449717016,25.21737601624324,0],[121.60614759013968,25.217369875309764,0],[121.60619978649945,25.217345433555955,0],[121.6062713428063,25.21735618746434,0]]}},{"type":"Feature","properties":{"cadgeom_type":"CADLWPolyline","thickness":0,"color":"#00FF00FF"},"geometry":{"type":"LineString","coordinates":[[121.60483175854841,25.217571013580994,0],[121.60484527490617,25.21756826226451,0],[121.60489803895622,25.217580761224934,0],[121.60495797611692,25.217569989367156,0]]}},{"type":"Feature","properties":{"cadgeom_type":"CADLWPolyline","thickness":0,"color":"#00FF00FF"},"geometry":{"type":"LineString","coordinates":[[121.61719684139386,25.218172132081975,0],[121.61748043397819,25.218228753718154,0],[121.61749895867518,25.21822588726267,0],[121.61755432455053,25.218217320100308,0],[121.61761394447046,25.21820963253131,0],[121.61770336187037,25.21819964359342,0],[121.61779194143509,25.218201030749082,0],[121.61796055343122,25.218198524181133,0],[121.61808800193509,25.218194588991654,0],[121.61821982068466,25.218184390329956,0],[121.618405343011,25.21817302951227,0],[121.61857710730641,25.218165697944695,0],[121.61874219258699,25.21815694876641,0],[121.61883632296113,25.218158380544853,0],[121.61890851578775,25.218165746681034,0],[121.61899734617633,25.21819269250052,0],[121.61917997082452,25.218241323771906,0],[121.61933438667633,25.218288537509274,0],[121.61943520617653,25.21832400234182,0],[121.61956810700786,25.218392432313372,0],[121.61971848724428,25.218483511740782,0],[121.61990437445118,25.21859631866844,0],[121.62000407797017,25.218656592537915,0],[121.62014700839335,25.21874933072003,0],[121.62030494760522,25.21884986334762,0],[121.62047534200163,25.218977403368736,0]]}},{"type":"Feature","properties":{"cadgeom_type":"CADLWPolyline","thickness":0,"color":"#00FF00FF"},"geometry":{"type":"LineString","coordinates":[[121.61682358996636,25.218171152232042,0],[121.61691672105806,25.218162877261722,0],[121.61701025173096,25.21816027874459,0],[121.61710376435826,25.218163368283165,0],[121.61719684139386,25.21817213208198,0]]}},{"type":"Feature","properties":{"cadgeom_type":"CADLWPolyline","thickness":0,"color":"#00FF00FF"},"geometry":{"type":"LineString","coordinates":[[121.60119370934072,25.21677190389709,0],[121.60114222689138,25.21673468823261,0],[121.60103619159838,25.216694698189656,0],[121.60098451153725,25.21667520758638,0],[121.60096789604653,25.216668119133814,0],[121.6008074369497,25.21659966439853,0],[121.60069573135641,25.216542411585525,0],[121.60061395583449,25.21649170298591,0],[121.60061395583449,25.21649170298591,0],[121.60049486794122,25.216400616879355,0],[121.60038287216568,25.216302367678253,0],[121.60027848804724,25.21619741116731,0],[121.60018219981056,25.216086234245793,0],[121.6000944541194,25.21596935266858,0],[121.59995083828132,25.21576550442297,0],[121.59977773097083,25.215549193482165,0],[121.59956100183173,25.215282582680473,0],[121.59942800166989,25.21511042444366,0],[121.59931238800749,25.214969553972598,0],[121.5991176045302,25.214687232912564,0],[121.5989952115651,25.214520416814818,0],[121.5988305348135,25.214276273060662,0],[121.5987371656719,25.214144196121392,0],[121.59866434990545,25.21403210063843,0],[121.59863627927402,25.213985645409615,0],[121.59857269092413,25.213868528612856,0],[121.59850443153253,25.213721633118872,0],[121.59834550861773,25.213356336465974,0],[121.59825609740028,25.21315482342182,0],[121.59825609740028,25.21315482342182,0],[121.59823410187083,25.21312399618243,0],[121.59820992525451,25.213094551734354,0],[121.59818367224665,25.213066617583156,0],[121.59815545653397,25.21304031469417,0],[121.59812540030211,25.213015756968694,0],[121.59809363370668,25.212993050750754,0],[121.5980602943095,25.212972294366637,0],[121.59802552648307,25.212953577699025,0],[121.5979894807852,25.212936981797924,0],[121.59792521131489,25.212923657444712,0],[121.59766011928225,25.21286660432204,0],[121.59734628044814,25.212797208709404,0],[121.59707782740156,25.212737505378144,0],[121.59694231184778,25.21270530504781,0],[121.59669954176402,25.21264198487281,0],[121.59662717011216,25.212616691172013,0],[121.59655566334939,25.2125840379275,0],[121.59644192468996,25.212510660426197,0]]}},{"type":"Feature","properties":{"cadgeom_type":"CADLWPolyline","thickness":0,"color":"#00FF00FF"},"geometry":{"type":"LineString","coordinates":[[121.59406478429369,25.20763022804848,0],[121.59381871669271,25.207408250576172,0],[121.59349812237791,25.20711986544157,0],[121.59340163551356,25.20677181126387,0],[121.59335837516868,25.20663320470842,0],[121.59320281649175,25.205958013251827,0],[121.59316611787214,25.2058117910453,0],[121.59308688381705,25.20581541896038,0],[121.59299914849512,25.205692010317,0],[121.59286322019483,25.205465980511416,0],[121.59283035808373,25.205265834965225,0],[121.5927185968731,25.205081861632472,0],[121.59278923530997,25.204913970195783,0],[121.59296073271109,25.205208883071094,0],[121.59296142080122,25.205080407214048,0],[121.59296572893116,25.204864215930773,0],[121.5929727164802,25.204448955779807,0],[121.59297503949524,25.20440461856975,0],[121.59296431619566,25.204367498354433,0],[121.59293540739323,25.204337567278944,0],[121.59295303316841,25.20429946500684,0],[121.59292645711373,25.204222354203836,0],[121.59292585873695,25.204167183217777,0],[121.5929552175167,25.20414533679512,0],[121.59295694986014,25.2041226408531,0],[121.59293105954309,25.204067658543483,0],[121.59287093306968,25.203921688753404,0],[121.59284944712812,25.20374287118913,0],[121.5928782812221,25.203631705588382,0],[121.59284090233884,25.203589685990753,0],[121.59284939139913,25.20352042441399,0],[121.59283072813541,25.203452206066043,0],[121.59282785235851,25.203413743627706,0],[121.5927483196905,25.20336192210636,0],[121.59263826058137,25.203299830317867,0],[121.59262471891354,25.203273309045375,0],[121.59257059967707,25.203249096858055,0],[121.59256013566853,25.203211170194226,0],[121.59256743535381,25.203173917607756,0],[121.59233294362598,25.20306015449871,0],[121.59232113134593,25.203040896872807,0],[121.59232384299719,25.203007361875947,0]]}},{"type":"Feature","properties":{"cadgeom_type":"CADLWPolyline","thickness":0,"color":"#00FF00FF"},"geometry":{"type":"LineString","coordinates":[[121.59406478468152,25.207630227857816,0],[121.59410466276405,25.207611165212956,0],[121.5942826845366,25.207981221589936,0],[121.59447261677649,25.20837917973068,0],[121.59464395204995,25.20877634275294,0]]}},{"type":"Feature","properties":{"cadgeom_type":"CADLWPolyline","thickness":0,"color":"#00FF00FF"},"geometry":{"type":"LineString","coordinates":[[121.59137318585778,25.203745897666465,0],[121.5914515059689,25.203915318745068,0],[121.59159004237158,25.204181162732677,0],[121.59167895831972,25.204290675376402,0],[121.59182340791064,25.20447854604123,0],[121.59195029859823,25.204650350946483,0],[121.59204784857545,25.20485858444406,0],[121.59215104029819,25.204997398926764,0]]}},{"type":"Feature","properties":{"cadgeom_type":"CADLWPolyline","thickness":0,"color":"#00FF00FF"},"geometry":{"type":"LineString","coordinates":[[121.59137318585778,25.203745897666465,0],[121.59137204252846,25.20369149375689,0],[121.591347221724,25.203498526948504,0],[121.59132960686523,25.20334204052897,0],[121.59142893163306,25.202950210835446,0],[121.5914137997816,25.202739451915043,0],[121.59140620813767,25.20265527064104,0],[121.59139795667635,25.20259884978273,0],[121.59137416281462,25.202436154633755,0],[121.59129023438483,25.201862273925194,0],[121.59129269367205,25.201823575078695,0],[121.59131111407557,25.2017345490909,0],[121.59135578278848,25.20162295122993,0],[121.59137790835116,25.201549879830576,0],[121.5913931841212,25.201498272147692,0],[121.59144748616461,25.201427361594988,0]]}},{"type":"Feature","properties":{"cadgeom_type":"CADLWPolyline","thickness":0,"color":"#00FF00FF"},"geometry":{"type":"LineString","coordinates":[[121.5821752568276,25.179350426462555,0],[121.58218270799078,25.179264912295253,0]]}},{"type":"Feature","properties":{"cadgeom_type":"CADLWPolyline","thickness":0,"color":"#00FF00FF"},"geometry":{"type":"LineString","coordinates":[[121.5823507105351,25.17936104804886,0],[121.582351405837,25.179346228266454,0],[121.58235622681592,25.179347187389027,0],[121.58239391916696,25.179151293845127,0],[121.58239377757755,25.179132618890794,0]]}},{"type":"Feature","properties":{"cadgeom_type":"CADLWPolyline","thickness":0,"color":"#00FF00FF"},"geometry":{"type":"LineString","coordinates":[[121.6404263614214,25.230035160671108,0],[121.64023951794272,25.230122616142243,0],[121.64051905142782,25.230378989376582,0],[121.64085698293813,25.230699356790716,0],[121.6411978775074,25.231028702190663,0],[121.64152232575292,25.231323672015293,0],[121.64156016882023,25.23129670421709,0],[121.64188615303722,25.23160213431872,0],[121.64215263903534,25.23185072769226,0],[121.64223231275446,25.231787398447825,0],[121.64248961917441,25.23201460925103,0]]}},{"type":"Feature","properties":{"cadgeom_type":"CADLWPolyline","thickness":0,"color":"#00FF00FF"},"geometry":{"type":"LineString","coordinates":[[121.64366887811893,25.229257114061546,0],[121.64367293125426,25.229273242920414,0],[121.64327787231673,25.229338542850318,0],[121.64299078863773,25.229386237110113,0],[121.64219843008244,25.229519687847862,0],[121.6415394705665,25.229620495057908,0],[121.64151258896638,25.22962376961792,0],[121.64151258896638,25.22962376961792,0],[121.64139804281255,25.229645314243925,0],[121.64128517481966,25.229673241449674,0],[121.64117441439952,25.229707444985333,0],[121.64106618294666,25.229747794722446,0],[121.6409608922352,25.229794137148886,0],[121.64085894285249,25.229846295952836,0],[121.64061507345706,25.229968798024448,0],[121.64044138398287,25.23005907399297,0],[121.6404263614214,25.230035160671108,0]]}},{"type":"Feature","properties":{"cadgeom_type":"CADLWPolyline","thickness":0,"color":"#00FF00FF"},"geometry":{"type":"LineString","coordinates":[[121.6202514294134,25.220081822855438,0],[121.62024638885212,25.220244341651814,0],[121.62025691119322,25.220585468029203,0],[121.62026777048287,25.22095027781888,0],[121.62026751477455,25.22106545644546,0],[121.62024548980821,25.22125316389306,0],[121.62073416373622,25.22116629393326,0],[121.62115183174404,25.221087383499594,0],[121.62124040019823,25.22105138674087,0],[121.62150734669613,25.221015966802593,0],[121.62177007892785,25.22106260144344,0],[121.62199225277324,25.22110203662771,0]]}},{"type":"Feature","properties":{"cadgeom_type":"CADLWPolyline","thickness":0,"color":"#00FF00FF"},"geometry":{"type":"LineString","coordinates":[[121.59349817430427,25.208051063463497,0],[121.5934536013985,25.208079392166965,0],[121.59340729107927,25.208133347787566,0],[121.59340655603205,25.208172532017517,0],[121.59333321037671,25.208282945628014,0],[121.59328860733869,25.20839510350414,0],[121.59325902049817,25.208445083610318,0],[121.59318161098012,25.20854746298113,0],[121.59318161098012,25.20854746298113,0],[121.59318117136763,25.208547945364444,0],[121.5931806959573,25.208548398777236,0],[121.59318018704951,25.208548821025527,0],[121.59317964710674,25.20854921006618,0],[121.5931790787417,25.2085495640167,0],[121.59317848470454,25.20854988116441,0],[121.59317786786964,25.208550159974703,0],[121.59317723122176,25.20855039909849,0],[121.59342843914978,25.208730433548638,0],[121.59363502525713,25.20898603717088,0],[121.59374466816946,25.209093036596336,0],[121.59384278683567,25.20917800683131,0],[121.5939154398296,25.209269711543353,0],[121.5939734026877,25.209467904017046,0],[121.59401912306949,25.20971303437232,0],[121.5940582143308,25.20985633404652,0],[121.59411803884574,25.209985888213424,0],[121.59428334248702,25.210244298852654,0],[121.5943459199218,25.21039235634979,0],[121.59440523423798,25.21053891215847,0],[121.5944674430663,25.210623345466516,0],[121.59455570807602,25.210734147551488,0],[121.59464749616454,25.21082169575008,0],[121.59478477637829,25.210880817297145,0],[121.59492152866179,25.210967225928886,0],[121.59495421854676,25.211042394612196,0],[121.59515355471807,25.21116023740639,0],[121.59524904604233,25.211213088671904,0],[121.59531830192475,25.21124322036904,0],[121.5954830738255,25.21132703359155,0],[121.59563175191536,25.211445055106037,0],[121.59571559685678,25.21149853755091,0],[121.59572707594968,25.21151589028286,0],[121.59583945540821,25.211634187323906,0],[121.59586619778884,25.211712199909844,0],[121.59587779334272,25.211787695923494,0],[121.59596867322023,25.21181084624913,0]]}},{"type":"Feature","properties":{"cadgeom_type":"CADLWPolyline","thickness":0,"color":"#00FF00FF"},"geometry":{"type":"LineString","coordinates":[[121.64205863011695,25.23347228728232,0],[121.64259717301984,25.234967580194603,0],[121.64494783414946,25.233176232341645,0],[121.64310262411304,25.23258153101386,0]]}},{"type":"Feature","properties":{"cadgeom_type":"CADLWPolyline","thickness":0,"color":"#00FF00FF"},"geometry":{"type":"LineString","coordinates":[[121.64067991973592,25.23202246696,0],[121.64044993889038,25.231807866848985,0],[121.64005914012567,25.23145694044292,0],[121.63986772916058,25.231273266059592,0]]}},{"type":"Feature","properties":{"cadgeom_type":"CADLWPolyline","thickness":0,"color":"#00FF00FF"},"geometry":{"type":"LineString","coordinates":[[121.64205863011695,25.23347228728232,0],[121.6416778991024,25.233119574127272,0],[121.64119584925004,25.232676413240632,0],[121.64121268534772,25.232660996584656,0],[121.64090571498726,25.23237727934136,0],[121.6406318466925,25.232123559338753,0],[121.64067858944632,25.232081816789876,0],[121.64071305925702,25.232053390071876,0],[121.64067991973592,25.23202246696,0]]}},{"type":"Feature","properties":{"cadgeom_type":"CADLWPolyline","thickness":0,"color":"#00FF00FF"},"geometry":{"type":"LineString","coordinates":[[121.62176296745528,25.219663635960448,0],[121.62192525012803,25.219723448767837,0],[121.62193949159001,25.219719614537944,0],[121.6219634024998,25.219721097885586,0],[121.62198137215384,25.2197074464357,0],[121.62199630754256,25.21971300780279,0],[121.62201125025867,25.21971582219289,0],[121.62203367950781,25.21971454958559,0],[121.62203662513271,25.219732417254768,0],[121.62216366687463,25.219759073637732,0],[121.62221146921874,25.219782629675915,0],[121.62230900812928,25.219818889001434,0],[121.62260731477687,25.21988015302603,0],[121.62267277231715,25.219892889960665,0],[121.62269945908076,25.21986969014257,0],[121.62270993828265,25.219873849227877,0],[121.62275197362997,25.21987397811162,0],[121.6228075498376,25.219875510774816,0],[121.62285562952822,25.21987976201271,0],[121.62286470877312,25.21987427580525,0],[121.62292046883054,25.219870256690697,0],[121.62297937194892,25.219864826476673,0],[121.62303642683132,25.21985856869041,0],[121.62309027087571,25.21985651109671,0],[121.62315166808341,25.219845154250468,0],[121.62316423613986,25.21986979761248,0],[121.62316477271159,25.219885983123312,0],[121.62337693967224,25.21996428050856,0],[121.6234248215503,25.219965237507758,0],[121.62343857310013,25.219978294843106,0],[121.62346172472013,25.22000160518824,0],[121.62351445665152,25.220031581805976,0],[121.62351983838084,25.220036054208105,0],[121.62362519554343,25.220051252222763,0],[121.62366923146878,25.220042765331144,0],[121.62376827112955,25.22004257793903,0],[121.62385360163658,25.220055986122365,0],[121.62388890048966,25.220081939899107,0],[121.6238941874014,25.220105211599066,0],[121.62390381996578,25.22011450002849,0],[121.62409656049353,25.22014286052795,0],[121.62423852730862,25.220165680403294,0],[121.62443743658683,25.220213189935894,0],[121.62462440294573,25.2202623385816,0],[121.62482578118441,25.220321940308654,0],[121.62482578118441,25.220321940308658,0],[121.62505753372294,25.220387183771596,0],[121.62529297413354,25.220440391148315,0],[121.62553134763954,25.22048139186691,0],[121.62569439904401,25.22050802606281,0],[121.62606268289804,25.22056676993796,0],[121.62640495934296,25.220625267387287,0],[121.62684810859133,25.220702099548348,0],[121.62706051350533,25.22073871525985,0],[121.6272577560193,25.220789170591328,0],[121.62745579488963,25.220851399523745,0],[121.62745579488963,25.220851399523745,0],[121.6275731703093,25.22089342190947,0],[121.6276878326149,25.220941242690756,0],[121.62779943595524,25.220994717628678,0],[121.6279076437044,25.221053685429883,0],[121.62796693320209,25.221085305140953,0],[121.62807170043664,25.22114815913547,0],[121.62807170043664,25.22114815913547,0],[121.62820306980609,25.221229619230225,0],[121.62832806130373,25.22131899889749,0],[121.62844609897562,25.22141588629011,0],[121.62855663890606,25.221519834965594,0],[121.62855663890606,25.221519834965594,0],[121.62862583458012,25.2215963108088,0],[121.62868912456935,25.22167690851699,0],[121.62874621307444,25.221761251414318,0],[121.6287968332773,25.22184894532091,0],[121.62884074858803,25.221939580395038,0],[121.62887775375096,25.22203273304839,0],[121.62902695535321,25.222485558403584,0],[121.62909380941724,25.22267750616565,0],[121.62916761135386,25.222934693743,0],[121.62921724901128,25.22315446105758,0],[121.62924277147107,25.223333697452578,0],[121.62928520636524,25.22361930697536,0],[121.62941137262905,25.224105436060896,0],[121.62948555119266,25.22441788049339,0],[121.62955139981709,25.224660300630703,0],[121.62959272551034,25.22478813594334,0],[121.62966713770204,25.225016887944445,0],[121.62968326780575,25.225047191832008,0],[121.62971551610829,25.22510624227584,0],[121.62975639769225,25.22515059580744,0],[121.62984294446078,25.225233887296415,0],[121.62991170355643,25.225291939128475,0],[121.63004599296796,25.22540416680218,0],[121.63015270930283,25.22550210385396,0]]}}]}