{"type":"FeatureCollection","name":"entities","crs":{"type":"name","properties":{"name":"urn:ogc:def:crs:OGC:1.3:CRS84"}},"features":[{"type":"Feature","properties":{"Layer":"PL_USE","SubClasses":"AcDbEntity:AcDb2dPolyline","EntityHandle":"482"},"geometry":{"type":"LineString","coordinates":[[121.46543591828409,25.09998531394646,0],[121.46527945198471,25.099368461733818,0],[121.46513661173789,25.099402584409802,0],[121.46511462056067,25.099407709096056,0],[121.4639177784454,25.09968491733957,0],[121.46375527367769,25.09971070414705,0],[121.46374821777448,25.099711592901915,0],[121.46374183688525,25.09971232600738,0],[121.46372838366796,25.09971390283883,0],[121.46371491505793,25.099715344296122,0],[121.46370143619262,25.09971669550355,0],[121.46368794212468,25.09971795647656,0],[121.46367443762142,25.099719082059913,0],[121.46364739768914,25.09972101733709,0],[121.46363386720756,25.09972182701548,0],[121.46360678010603,25.09972308532739,0],[121.4635932286037,25.099723579085275,0],[121.46357967164344,25.09972393743792,0],[121.46356611433288,25.099724205509705,0],[121.46355255172469,25.099724383316108,0],[121.46353899357322,25.09972442568627,0],[121.46352543011429,25.099724377791066,0],[121.46351187128231,25.09972423959945,0],[121.4634983119301,25.099723965987167,0],[121.46348475702484,25.099723556938667,0],[121.46347120691678,25.0997231027336,0],[121.46345766124583,25.09972251309235,0],[121.463444120022,25.099721788014907,0],[121.46343058838262,25.09972097262557,0],[121.46341706630787,25.09972006692441,0],[121.46340354868036,25.099719025787028,0],[121.46339004559465,25.099717894322296,0],[121.4633765520737,25.09971667254573,0],[121.46336307292454,25.09971531530196,0],[121.46334960334022,25.0997138677464,0],[121.4633361532452,25.099712329847996,0],[121.46332271256483,25.0997106564979,0],[121.46330929136393,25.099708892805026,0],[121.4632958894824,25.099706993629525,0],[121.46328250214297,25.099705004126672,0],[121.46326913924038,25.09970292426557,0],[121.46325579565728,25.09970070892186,0],[121.4632424715737,25.099698403244343,0],[121.463229171927,25.099696007199594,0],[121.4632158915999,25.099693475672225,0],[121.46320264068693,25.099690853771097,0],[121.46318941421103,25.099688141511756,0],[121.46317621201207,25.099685293754348,0],[121.46316303922737,25.099682355623194,0],[121.46314989583705,25.09967932711837,0],[121.46313678168114,25.09967616310002,0],[121.46312369710948,25.09967295384778,0],[121.46311064654968,25.099669563926756,0],[121.46309763052159,25.099666128756418,0],[121.46308464373791,25.099662558072538,0],[121.46307169130611,25.099658896999568,0],[121.4630587781934,25.099655145521975,0],[121.46304589432525,25.099651258530915,0],[121.4630330547236,25.0996472811198,0],[121.4630202544411,25.099643213304116,0],[121.46300748852056,25.099639055099345,0],[121.46299476671653,25.09963476133469,0],[121.46298208439175,25.099630422305335,0],[121.46296944600373,25.099625902576328,0],[121.46295685206219,25.09962133756715,0],[121.46294429744991,25.099616682153425,0],[121.46293179189175,25.09961189116445,0],[121.46291933556755,25.099607009749068,0],[121.46290692352991,25.099602037904678,0],[121.4628945557591,25.099596975640374,0],[121.4628822420097,25.09959177778536,0],[121.46286997766421,25.099586534634792,0],[121.46285776238292,25.09958115590902,0],[121.46284560130293,25.099575686732376,0],[121.46283348944709,25.09957012712042,0],[121.46282143673996,25.099564477042176,0],[121.46280943326698,25.099558736528603,0],[121.46279748895265,25.09955290554875,0],[121.46278559865,25.099546938978325,0],[121.46277376766598,25.099540927081513,0],[121.46276199566088,25.099534779578647,0],[121.46275027801715,25.099528586764883,0],[121.4627386243097,25.099522258329642,0],[121.46272702976103,25.099515839437224,0],[121.46271549930853,25.099509330054193,0],[121.46270403313203,25.099502775329384,0],[121.46268128780055,25.099489304170802,0],[121.46267215294215,25.099483771418562,0],[121.46267164614541,25.099483466044898,0],[121.46267113931474,25.099483151643277,0],[121.46247271939865,25.099344015855326,0],[121.46233660762009,25.099216512375477,0],[121.46225441271365,25.099110327566535,0],[121.46158204568063,25.098091617024647,0],[121.46149854356862,25.097953747290084,0],[121.46146213878446,25.09789599058494,0],[121.46133775190748,25.097721774510216,0],[121.46124549652984,25.097576167697966,0],[121.46119730767978,25.097511559141225,0],[121.46107909845198,25.097326805916992,0],[121.46099848754326,25.097200852976833,0],[121.46075125032212,25.09681448815152,0],[121.46068293644143,25.096707717605124,0],[121.46063320205572,25.096629995854066,0],[121.46052043975756,25.096453774819683,0],[121.46028726484677,25.096089376334252,0]]}},{"type":"Feature","properties":{"Layer":"PL_USE","SubClasses":"AcDbEntity:AcDb2dPolyline","EntityHandle":"4EE"},"geometry":{"type":"LineString","coordinates":[[121.48503837821258,25.05087009054313,0],[121.4852424306495,25.05047399241721,0],[121.48525114491999,25.050457072352124,0],[121.48531318737585,25.050336624234866,0],[121.48539372051923,25.050180301148576,0],[121.48544138331883,25.05008778780352,0],[121.48553864621557,25.049898980983222,0],[121.48561850993045,25.049743941952762,0],[121.48569358363666,25.049598208468375,0],[121.48577026037465,25.049449373060405,0],[121.48584815647096,25.049298159230233,0],[121.48584815647096,25.049298159230233,0],[121.48587562652008,25.049244812543186,0],[121.48589841503355,25.0492005815024,0],[121.48591428932058,25.049169779823394,0],[121.48595004067954,25.04910036307599,0],[121.48599432913916,25.049014396942525,0],[121.48599432913916,25.049014396942525,0],[121.48599432913916,25.049014396942525,0],[121.48602160242066,25.0489614481087,0],[121.48613396069301,25.048743331385708,0],[121.48623755541178,25.048542234171222,0],[121.48623755541178,25.048542234171222,0],[121.48626429738472,25.04849031623601,0],[121.48626798554874,25.048483144868996,0],[121.48627248027621,25.048474427054206,0],[121.48634578212028,25.048332129717007,0],[121.486419762342,25.048188493960776,0],[121.486419762342,25.048188493960776,0],[121.486419762342,25.048188493960776,0],[121.486419762342,25.048188493960776,0],[121.48642441542574,25.048180137189718,0],[121.48642913406863,25.04817181098971,0],[121.48643391804428,25.048163515776768,0],[121.4864387670968,25.048155251985108,0],[121.48644368098002,25.048147020030797,0],[121.486448659438,25.04813882034801,0],[121.48645370222454,25.048130653343836,0],[121.48645880907374,25.048122519443446,0],[121.48646397972955,25.048114419062966,0],[121.4864692139161,25.048106352609558,0],[121.4864745113774,25.048098320517393,0],[121.48647987183749,25.048090323175597,0],[121.48648529502054,25.048082361009385,0],[121.48649078065067,25.048074434425924,0],[121.48649632844203,25.048066543823346,0],[121.4865019381088,25.048058689608894,0],[121.48650760937512,25.048050872189688,0],[121.48651334193531,25.048043091963983,0],[121.48651913550351,25.04803534932992,0],[121.48651913550351,25.04803534932992,0],[121.48652498978399,25.048027644685728,0],[121.48653090448097,25.04801997842058,0],[121.48653687927892,25.04801235094174,0],[121.48654291387204,25.048004762620387,0],[121.48654900796465,25.04799721386371,0],[121.4865551612312,25.047989705051975,0],[121.48656137335601,25.04798223656537,0],[121.48656764403346,25.04797480879313,0],[121.486573972928,25.0479674221155,0],[121.48658035972406,25.04796007691269,0],[121.48658680409599,25.047952773546893,0],[121.48658680409599,25.047952773546893,0],[121.48659330569849,25.047945512416458,0],[121.4865998642158,25.047938293874527,0],[121.48660647929269,25.04793111830142,0],[121.48661315061341,25.04792398605931,0],[121.48661987782265,25.047916897519467,0],[121.48662666056502,25.04790985303518,0],[121.48663349851498,25.047902852977657,0],[121.48664039130715,25.047895897700162,0],[121.48664733859617,25.04788898756496,0],[121.48665434001671,25.04788212292533,0],[121.48666139522331,25.047875304134518,0],[121.48667566550354,25.047861805467345,0],[121.4866901465243,25.04784849435361,0],[121.48598532478893,25.04767558414167,0]]}},{"type":"Feature","properties":{"Layer":"PL_USE","SubClasses":"AcDbEntity:AcDb2dPolyline","EntityHandle":"53D"},"geometry":{"type":"LineString","coordinates":[[121.45336321175817,25.10162789353228,0],[121.45317373951492,25.1013777989571,0],[121.4531654000128,25.10136672892931,0],[121.45312567648153,25.101314315905718,0],[121.4529601838785,25.101100485792088,0],[121.45275746833926,25.100823789232017,0],[121.45268389200183,25.100724470206814,0],[121.45264728328006,25.100680452681132,0],[121.4526072459038,25.10062704776405,0]]}},{"type":"Feature","properties":{"Layer":"PL_USE","SubClasses":"AcDbEntity:AcDb2dPolyline","EntityHandle":"100B"},"geometry":{"type":"LineString","coordinates":[[121.45336321175817,25.10162789353228,0],[121.45317373951492,25.1013777989571,0],[121.4531654000128,25.10136672892931,0],[121.45312567648153,25.101314315905718,0],[121.4529601838785,25.101100485792088,0],[121.45275746833926,25.100823789232017,0],[121.45268389200183,25.100724470206814,0],[121.45264728328006,25.100680452681132,0],[121.45258938433042,25.1006032226115,0],[121.45257028398652,25.100577749483826,0],[121.45254794544354,25.100547952755406,0],[121.45253266116258,25.100527559816207,0],[121.45250727146596,25.100490378393243,0],[121.45248871058288,25.100463305638552,0],[121.45248002822822,25.100450638645416,0],[121.45230878398573,25.100200839375457,0],[121.45224971239726,25.10011466591223,0],[121.4521119521648,25.099913714549608,0],[121.45191449922272,25.099616497939696,0],[121.45176134792486,25.099376501525377,0],[121.45171541658317,25.099304516066816,0],[121.45155956361947,25.099060275426492,0],[121.45141138596613,25.098818945377054,0],[121.45125661590482,25.098566864718222,0],[121.45125661590482,25.098566864718222,0],[121.45080548438848,25.09778854407827,0],[121.4507238774565,25.097647755334513,0],[121.45048962907117,25.097207101912225,0],[121.45035559283033,25.09695496390656,0],[121.45006980297191,25.09657119205054,0],[121.44983954642103,25.09624218475219,0],[121.44932451772036,25.09555994127162,0],[121.4491345074784,25.095298629647868,0],[121.44885241028582,25.094921627431436,0],[121.44856566608739,25.09452646525807,0],[121.44834196354925,25.094226291592253,0],[121.44821842987342,25.094048524581353,0],[121.44712393954799,25.092452721156402,0],[121.4462918965194,25.091251728364988,0],[121.4462918965194,25.091251728364988,0],[121.44608472050389,25.09095262900666,0],[121.44587935637338,25.09067805252534,0],[121.44551871665905,25.090180864886793,0],[121.44583839341584,25.089269146063284,0],[121.44620319566742,25.087899826403245,0],[121.44626020477652,25.08770906618581,0],[121.44649058400472,25.087051577414886,0],[121.44649058400472,25.087051577414886,0],[121.44665152567335,25.086501547513528,0],[121.44676059958597,25.086133840087246,0],[121.44685804812377,25.085799968809027,0],[121.44694853317169,25.08550711962562,0],[121.44713841134741,25.084813591406384,0],[121.44731892405373,25.084241114531153,0],[121.44748749438976,25.083744351110326,0],[121.44769344755925,25.082987268906997,0],[121.44788206514913,25.082143314568576,0],[121.44811228658276,25.081191755630083,0],[121.44826371886327,25.08053773153105,0],[121.44855436018258,25.079334107380685,0],[121.44881163025336,25.078281209044846,0],[121.44905087499636,25.077380733238606,0],[121.44920056112464,25.076814251773005,0],[121.44949996175774,25.07564440433135,0],[121.44966794274599,25.07500535720978,0],[121.44992613542452,25.074029891299553,0],[121.45028566993362,25.07269131872822,0]]}},{"type":"Feature","properties":{"Layer":"PL_USE","SubClasses":"AcDbEntity:AcDb2dPolyline","EntityHandle":"1050"},"geometry":{"type":"LineString","coordinates":[[121.46543591828409,25.09998531394646,0],[121.46527945198471,25.099368461733818,0],[121.46513661173789,25.099402584409802,0],[121.46511462056067,25.099407709096056,0],[121.4639177784454,25.09968491733957,0],[121.46375527367769,25.09971070414705,0],[121.46374821777448,25.099711592901915,0],[121.46374183688525,25.09971232600738,0],[121.46372838366796,25.09971390283883,0],[121.46371491505793,25.099715344296122,0],[121.46370143619262,25.09971669550355,0],[121.46368794212468,25.09971795647656,0],[121.46367443762142,25.099719082059913,0],[121.46364739768914,25.09972101733709,0],[121.46363386720756,25.09972182701548,0],[121.46360678010603,25.09972308532739,0],[121.4635932286037,25.099723579085275,0],[121.46357967164344,25.09972393743792,0],[121.46356611433288,25.099724205509705,0],[121.46355255172469,25.099724383316108,0],[121.46353899357322,25.09972442568627,0],[121.46352543011429,25.099724377791066,0],[121.46351187128231,25.09972423959945,0],[121.4634983119301,25.099723965987167,0],[121.46348475702484,25.099723556938667,0],[121.46347120691678,25.0997231027336,0],[121.46345766124583,25.09972251309235,0],[121.463444120022,25.099721788014907,0],[121.46343058838262,25.09972097262557,0],[121.46341706630787,25.09972006692441,0],[121.46340354868036,25.099719025787028,0],[121.46339004559465,25.099717894322296,0],[121.4633765520737,25.09971667254573,0],[121.46336307292454,25.09971531530196,0],[121.46334960334022,25.0997138677464,0],[121.4633361532452,25.099712329847996,0],[121.46332271256483,25.0997106564979,0],[121.46330929136393,25.099708892805026,0],[121.4632958894824,25.099706993629525,0],[121.46328250214297,25.099705004126672,0],[121.46326913924038,25.09970292426557,0],[121.46325579565728,25.09970070892186,0],[121.4632424715737,25.099698403244343,0],[121.463229171927,25.099696007199594,0],[121.4632158915999,25.099693475672225,0],[121.46320264068693,25.099690853771097,0],[121.46318941421103,25.099688141511756,0],[121.46317621201207,25.099685293754348,0],[121.46316303922737,25.099682355623194,0],[121.46314989583705,25.09967932711837,0],[121.46313678168114,25.09967616310002,0],[121.46312369710948,25.09967295384778,0],[121.46311064654968,25.099669563926756,0],[121.46309763052159,25.099666128756418,0],[121.46308464373791,25.099662558072538,0],[121.46307169130611,25.099658896999568,0],[121.4630587781934,25.099655145521975,0],[121.46304589432525,25.099651258530915,0],[121.4630330547236,25.0996472811198,0],[121.4630202544411,25.099643213304116,0],[121.46300748852056,25.099639055099345,0],[121.46299476671653,25.09963476133469,0],[121.46298208439175,25.099630422305335,0],[121.46296944600373,25.099625902576328,0],[121.46295685206219,25.09962133756715,0],[121.46294429744991,25.099616682153425,0],[121.46293179189175,25.09961189116445,0],[121.46291933556755,25.099607009749068,0],[121.46290692352991,25.099602037904678,0],[121.4628945557591,25.099596975640374,0],[121.4628822420097,25.09959177778536,0],[121.46286997766421,25.099586534634792,0],[121.46285776238292,25.09958115590902,0],[121.46284560130293,25.099575686732376,0],[121.46283348944709,25.09957012712042,0],[121.46282143673996,25.099564477042176,0],[121.46280943326698,25.099558736528603,0],[121.46279748895265,25.09955290554875,0],[121.46278559865,25.099546938978325,0],[121.46277376766598,25.099540927081513,0],[121.46276199566088,25.099534779578647,0],[121.46275027801715,25.099528586764883,0],[121.4627386243097,25.099522258329642,0],[121.46272702976103,25.099515839437224,0],[121.46271549930853,25.099509330054193,0],[121.46270403313203,25.099502775329384,0],[121.46268128780055,25.099489304170802,0],[121.46267215294215,25.099483771418562,0],[121.46267164614541,25.099483466044898,0],[121.46267113931474,25.099483151643277,0],[121.46247271939865,25.099344015855326,0],[121.46233660762009,25.099216512375477,0],[121.46225441271365,25.099110327566535,0],[121.46158204568063,25.098091617024647,0],[121.46149854356862,25.097953747290084,0],[121.46146213878446,25.09789599058494,0],[121.46133775190748,25.097721774510216,0],[121.46124549652984,25.097576167697966,0],[121.46119730767978,25.097511559141225,0],[121.46107909845198,25.097326805916992,0],[121.46099848754326,25.097200852976833,0],[121.46075125032212,25.09681448815152,0],[121.46068293644143,25.096707717605124,0],[121.46063320205572,25.096629995854066,0],[121.46052043975756,25.096453774819683,0],[121.46028366692316,25.096083753591117,0],[121.46011495101824,25.09583242729142,0],[121.45965868938991,25.09516743633784,0],[121.45955706631376,25.095013961832457,0],[121.45905672832177,25.094254872488367,0],[121.45831761487553,25.093111900980986,0],[121.45827733928257,25.093049593722863,0],[121.45739126303995,25.091679319169565,0],[121.45733090714153,25.09158599453657,0],[121.45671266814828,25.09062990154155,0],[121.45671266814828,25.09062990154155,0],[121.45671266814828,25.09062990154155,0],[121.45653114682598,25.090336220835763,0],[121.4563624764565,25.09003625377466,0],[121.4563624764565,25.09003625377466,0],[121.4563624764565,25.09003625377466,0],[121.45632782231985,25.089970744210806,0],[121.45632782231985,25.089970744210806,0],[121.45632782231985,25.089970744210806,0],[121.45606982840425,25.0894309570928,0],[121.45585318532035,25.088876298698064,0],[121.45585318532035,25.088876298698064,0],[121.45585318532035,25.088876298698064,0],[121.45581786550447,25.08877276472563,0],[121.45581786550447,25.08877276472563,0],[121.45581786550447,25.08877276472563,0],[121.45565502753307,25.08822058193808,0],[121.45553304108813,25.087659729791042,0],[121.45545245010129,25.087092711668987,0],[121.45545245010129,25.087092711668987,0],[121.45545245010129,25.087092711668987,0],[121.45544654295176,25.087020766871195,0],[121.45544654295176,25.087020766871195,0],[121.45544654295176,25.087020766871195,0],[121.4554137206665,25.086426764447594,0],[121.45542627876466,25.08583212036841,0],[121.45548415594195,25.08523970639125,0],[121.45549045326506,25.085193783141005,0],[121.45549682743307,25.08514917889862,0],[121.45549682743307,25.08514917889862,0],[121.45549682743307,25.08514917889862,0],[121.45557787079136,25.08469383902362,0],[121.45568572556805,25.08424313513262,0],[121.45604439965388,25.082853713421894,0],[121.45609597001778,25.082725626803242,0],[121.4560995713068,25.082707831930673,0],[121.45611923431152,25.08261017777066,0],[121.45621971979439,25.082252715785,0],[121.45628565115048,25.081919141385335,0],[121.45629148694302,25.08190062202515,0],[121.45629610553688,25.08188564105214,0],[121.4563051628006,25.081849032594903,0],[121.4563342028404,25.08174006839773,0],[121.45634842986452,25.08168756595368,0],[121.45642217814778,25.081426764036127,0],[121.45645023164717,25.081321470574796,0],[121.45648027071655,25.08121663227269,0],[121.456490036728,25.08117987824683,0],[121.45650678556004,25.081116071537913,0],[121.45652060517028,25.081064510207085,0],[121.456553217112,25.0809405019951,0],[121.45657819560992,25.080847476327236,0],[121.4566181455063,25.080697083391602,0],[121.45663128951799,25.080642404629838,0],[121.45666879928689,25.080553758467577,0],[121.45671725148037,25.080436312264798,0],[121.45673425823179,25.080382069036755,0],[121.45679531269387,25.080161446957632,0],[121.4568276809597,25.080040600241034,0],[121.45685445872476,25.07994552899369,0],[121.45688621126942,25.079832795618067,0],[121.45694353010562,25.07962471158242,0],[121.45695002700778,25.079601885009286,0],[121.45696191790388,25.079560110531318,0],[121.45697437186642,25.079519904548746,0],[121.45703930555617,25.079328031105124,0],[121.45709143195891,25.079167846552753,0],[121.45715501717153,25.07899970423298,0],[121.45715501717153,25.07899970423298,0],[121.45717539849016,25.078948277096504,0],[121.45722531095024,25.07881646728779,0],[121.4572722207406,25.078711198932066,0],[121.45737462433978,25.078479021782172,0],[121.4574018786729,25.078418099707584,0],[121.4574845304019,25.07824333541912,0],[121.45755979907833,25.0780864435983,0],[121.45755979907833,25.0780864435983,0],[121.45756466587034,25.07807445229731,0],[121.45759178167428,25.078022703088696,0],[121.45764633412493,25.077921614308842,0],[121.45767427893868,25.0778687280749,0],[121.45770204470254,25.077815659027706,0],[121.45772380134807,25.077776019770198,0],[121.45776926599642,25.07769068457268,0],[121.45781468328768,25.077609486148667,0],[121.4578597229387,25.07752956528883,0],[121.45790420829447,25.077450236304394,0],[121.45795205135585,25.077372546077747,0],[121.45796827678076,25.0773454641076,0],[121.45804438557832,25.07721960568082,0],[121.45807024775026,25.077176802020098,0],[121.45822464174765,25.07694160698669,0],[121.4582843834008,25.076851041851786,0],[121.45842446491729,25.076645540803277,0],[121.45845211152046,25.076607108863033,0],[121.45848792148573,25.076551893255594,0],[121.45867993812851,25.076286171821344,0],[121.45875549716244,25.076186367613673,0],[121.45881985735906,25.076100740569856,0],[121.45892208318406,25.075977175119366,0],[121.4589423591799,25.07595210308962,0],[121.45916175664576,25.075697328258457,0],[121.45917470592543,25.075682466545565,0],[121.45918770163064,25.07566763849387,0],[121.4592007436731,25.075652844221278,0],[121.45920728203637,25.075645459787346,0],[121.45920728203637,25.075645459787346,0],[121.45921383193476,25.075638083845917,0],[121.45922039335841,25.075630716406067,0],[121.4592269663075,25.07562335748585,0],[121.45923355075237,25.07561600710351,0],[121.45924014669316,25.075608665268092,0],[121.45924675410025,25.075601331997827,0],[121.45925337297368,25.075594007301742,0],[121.45926000329386,25.07558669120706,0],[121.45926664505089,25.075579383713833,0],[121.45927329822514,25.07557208484928,0],[121.4592799628167,25.07556479462242,0],[121.45928663879594,25.0755575130515,0],[121.45929332615304,25.075550240145624,0],[121.45930002488812,25.075542975922826,0],[121.45930002488812,25.075542975922826,0],[121.45934890535422,25.075487047920262,0],[121.45934890535422,25.075487047920262,0],[121.45948351279115,25.07533917208289,0],[121.4595557551306,25.07526237271036,0],[121.45958406430337,25.075231974081127,0],[121.45960742197688,25.075207122562443,0],[121.45960742197688,25.075207122562443,0],[121.45975565953201,25.075059527828312,0],[121.45985620657432,25.07496073626859,0],[121.4599593165336,25.0748641639102,0],[121.4599593165336,25.0748641639102,0],[121.460082512361,25.074750753073204,0],[121.46015282525772,25.074686052322306,0],[121.46017504721847,25.07466560425618,0],[121.46018981956647,25.0746531150732,0],[121.4604419807699,25.07442396665885,0],[121.46045050227518,25.0744177443724,0],[121.4606173965249,25.07426282806977,0],[121.46066068602973,25.0742219168921,0],[121.46071776615541,25.07416640150411,0],[121.46085590569078,25.07403773078198,0],[121.46103149762058,25.0738726876411,0],[121.46112766250792,25.073783347583017,0],[121.46115422770814,25.073758666879822,0],[121.46134895797,25.073579132334505,0],[121.46140216467721,25.07353133920197,0],[121.46142898470094,25.073506049026395,0],[121.46145282518582,25.07348351067109,0],[121.46155378741696,25.073390590318446,0],[121.46168477490738,25.073278257751532,0],[121.46181476255933,25.073164964162725,0],[121.46195994022966,25.07304726455807,0],[121.46210405306539,25.0729284854029,0],[121.46218965656888,25.072861273634274,0],[121.46242118431947,25.072680256950218,0],[121.46253396658167,25.07259301362146,0],[121.46258199034746,25.072556377429926,0],[121.46261189908489,25.07253367086698,0],[121.46271606086108,25.072455306191788,0],[121.46282124710733,25.072380561931112,0],[121.46293906126088,25.072302611526652,0],[121.46295811126602,25.072289402379262,0],[121.46300386607162,25.072258391440005,0],[121.46302550281763,25.072244515679003,0],[121.46306140350939,25.072224565129833,0],[121.46310999952476,25.072192629063466,0],[121.46319880925445,25.072135418885022,0],[121.46334931964752,25.07203856894487,0],[121.46345373455749,25.071974841667103,0],[121.4635454281532,25.071917884167135,0],[121.46372120746922,25.071810998907225,0],[121.4637458432972,25.071795646956172,0],[121.46397828711214,25.071659075558433,0],[121.46414262031416,25.07156641926597,0],[121.4641657201238,25.071554410406637,0],[121.46419624862152,25.071536540805887,0],[121.464774630162,25.071229149376535,0],[121.46479800863469,25.071218110375437,0],[121.46479800863469,25.071218110375437,0],[121.46509882885195,25.07106406998218,0],[121.46526571655382,25.070978501402017,0],[121.46542367307312,25.070898851943976,0],[121.46578705245211,25.070712618693822,0],[121.46590128854784,25.0706546761271,0],[121.46601479135495,25.070595548344645,0],[121.46621051471347,25.07049629868283,0],[121.46638593616244,25.070406968428088,0],[121.46650256498087,25.070346925369883,0],[121.4666198317459,25.070287919783823,0],[121.4666266943483,25.070284396636435,0],[121.46674230824165,25.070225954971285,0],[121.46679365236076,25.07020007907982,0],[121.46686154091603,25.07016548159088,0],[121.46699700966673,25.07009582862826,0],[121.46703699436502,25.070075414610162,0],[121.4674200969624,25.069885874636174,0],[121.46773923200891,25.069725618352575,0],[121.46787795429178,25.069656807488794,0],[121.4679246970962,25.06963276178623,0],[121.46817367885342,25.069507789092732,0],[121.46821832268417,25.069484693162835,0],[121.46836531679786,25.0694113928239,0],[121.46844852844046,25.069369059469313,0],[121.46850278227473,25.069342444035517,0],[121.46850278227473,25.069342444035517,0],[121.46869368414869,25.06924661620189,0],[121.46873330439769,25.06922724644211,0],[121.4688771424354,25.06915430194448,0],[121.4688771424354,25.06915430194448,0],[121.46909023480508,25.069047336492154,0],[121.46909023480508,25.069047336492154,0],[121.46940902884934,25.068887323584168,0],[121.46946264430075,25.068857365413233,0],[121.46972765303893,25.068723044776544,0],[121.46977925061259,25.068698235318912,0],[121.469795936221,25.068689848255254,0],[121.47001371562222,25.068577878560628,0],[121.4703476641146,25.06840334596064,0],[121.47043322722125,25.06836218658767,0],[121.47048557950899,25.06833527042359,0],[121.47093328357963,25.06810507885327,0],[121.47105780273229,25.068041062787138,0],[121.47160916953074,25.067757572377925,0],[121.47165129229515,25.06773590654361,0],[121.471684561215,25.06771880996217,0],[121.4718595911955,25.067628812373624,0],[121.47194485552696,25.067584971740022,0],[121.47204271305704,25.067534653982324,0],[121.47219052805417,25.06745865483833,0],[121.47224903272148,25.06742856768295,0],[121.47239664960344,25.067352668274847,0],[121.47244240270814,25.06732914893417,0],[121.472718760878,25.06718706073272,0],[121.4727658489892,25.06716276062584,0],[121.47286176618871,25.067113252012675,0],[121.47288222377993,25.067102696201097,0],[121.47306971517907,25.067005931571764,0],[121.47330548128221,25.06688425776611,0],[121.47330548128221,25.06688425776611,0],[121.47335093692163,25.066860802292933,0],[121.47343445846138,25.066817688615945,0],[121.4735232427647,25.0667718767615,0],[121.47363890457657,25.066712184175003,0],[121.47363890457657,25.066712184175003,0],[121.47383260718053,25.066612211856338,0],[121.47411392598336,25.06646701763871,0],[121.47411392598336,25.06646701763871,0],[121.4741166365201,25.066465627683613,0],[121.47418064985321,25.066432588049793,0],[121.47425397183184,25.066394742789246,0],[121.47436356891669,25.066338174682226,0],[121.47451028188009,25.066262456641315,0],[121.47456579751713,25.066233804573898,0],[121.47467185289815,25.06617907123822,0],[121.4747785215005,25.06612401988299,0],[121.47481593411372,25.066104706498837,0],[121.47484537228914,25.06608936232774,0],[121.47487330213808,25.06607444604993,0],[121.4749011989644,25.066059478601932,0],[121.47495689307426,25.06602939041369,0],[121.4750032029153,25.06600416107013,0],[121.47506569039047,25.065969811583408,0],[121.47514367505259,25.065926446336,0],[121.47520414236837,25.065892439733684,0],[121.47525583998583,25.065863098119628,0],[121.47532457997316,25.065823699434002,0],[121.47541873960834,25.065769011948365,0],[121.47547976058857,25.06573312288124,0],[121.47548860458059,25.065727891871546,0],[121.47549744480476,25.065722655582903,0],[121.47550628125117,25.065717414024427,0],[121.47551511393974,25.065712167196004,0],[121.47552394285053,25.06570691509772,0],[121.47553276798367,25.065701657738614,0],[121.4755415893292,25.0656963951187,0],[121.47555922066734,25.065685854087402,0],[121.47556803064015,25.065680575685125,0],[121.4755856392032,25.065670003116303,0],[121.47559443777367,25.065664708958845,0],[121.47560323253676,25.065659409558705,0],[121.47561202349247,25.06565410490687,0],[121.47562081062098,25.06564879501241,0],[121.47562081062098,25.06564879501241,0],[121.47562959393223,25.06564347987532,0],[121.47563837342624,25.065638159504623,0],[121.47564714909309,25.065632833900327,0],[121.47565592092286,25.06562750305347,0],[121.47566468891559,25.065622166982084,0],[121.47567345307125,25.065616825677154,0],[121.47568221338987,25.065611479147705,0],[121.47569096985166,25.0656061273938,0],[121.4757098394087,25.06559456679756,0],[121.47571926754479,25.065588777500746,0],[121.47571926754479,25.065588777500746,0],[121.47572869123618,25.065582982213908,0],[121.47573811048282,25.06557718093704,0],[121.4757475252748,25.065571373670142,0],[121.47575693562207,25.065565560422254,0],[121.47576756845335,25.06555897936175,0],[121.47577819582352,25.06555239099622,0],[121.47578881774258,25.06554579533463,0],[121.4757994341906,25.06553919236803,0],[121.47581004516772,25.065532582114475,0],[121.47581865617757,25.06552720901635,0],[121.47582726337077,25.065521830847153,0],[121.47583586674746,25.065516447615895,0],[121.47583586674746,25.065516447615895,0],[121.47584446630756,25.0655110593316,0],[121.47585306205112,25.065505665985263,0],[121.47586165395829,25.065500267585957,0],[121.475870242039,25.065494864124616,0],[121.47587882628336,25.065489455619367,0],[121.4758874066914,25.065484042070164,0],[121.47589598326306,25.06547862346802,0],[121.47590455597857,25.065473199822,0],[121.47591312485774,25.06546777113204,0],[121.47592168988076,25.065462337398216,0],[121.47593025104771,25.065456898638597,0],[121.4759388083585,25.065451454835102,0],[121.4759388083585,25.065451454835102,0],[121.47594736180324,25.065446005996808,0],[121.47594736180324,25.065446005996808,0],[121.47595591138197,25.065440552132728,0],[121.47596445709473,25.065435093242865,0],[121.47597299893152,25.065429629318245,0],[121.47598153689245,25.06542416037691,0],[121.47599007097746,25.065418686409828,0],[121.47599860116675,25.06541320742609,0],[121.47600712748019,25.065407723425658,0],[121.4760156498979,25.065402234408555,0],[121.47602028701235,25.065399240268395,0],[121.4760249142497,25.065396255187867,0],[121.47604295659615,25.065384589902756,0],[121.47605197129324,25.06537874895171,0],[121.47606998770553,25.065367050468925,0],[121.47607898942073,25.06536119292812,0],[121.4760969798197,25.06534946127499,0],[121.4761059685035,25.06534358717168,0],[121.47611839631118,25.065335449113057,0],[121.47613082408229,25.065327302025416,0],[121.4761413687896,25.065320373205708,0],[121.4761519068023,25.065313435947406,0],[121.47616243812043,25.065306490259527,0],[121.47618348062339,25.065292573586184,0],[121.47618348062339,25.065292573586184,0],[121.47619348152858,25.065285942285513,0],[121.47620347753237,25.065279304851753,0],[121.47621346861487,25.065272661284986,0],[121.47622345479597,25.065266011594158,0],[121.47623343604587,25.065259355770337,0],[121.47624341237459,25.065252693831564,0],[121.47625087653103,25.06524769540602,0],[121.4762582912676,25.06524273325101,0],[121.4762684955767,25.06523588663171,0],[121.47627869375965,25.065229032456802,0],[121.47628888582636,25.06522217072624,0],[121.47629907176695,25.06521530145811,0],[121.47629907176695,25.06521530145811,0],[121.47630836755349,25.06520902290971,0],[121.47630836755349,25.06520902290971,0],[121.47631765887726,25.065202738858865,0],[121.47632694570862,25.065196449323746,0],[121.47634550591384,25.065183853782553,0],[121.47635477928772,25.065177547785503,0],[121.47636954475266,25.065167477487183,0],[121.47638429824481,25.06515739263641,0],[121.47640319909351,25.065144441768524,0],[121.47641264202754,25.065137957261907,0],[121.4764315128656,25.06512497014866,0],[121.47644094077947,25.06511846753295,0],[121.47645036366353,25.065111958892977,0],[121.47646680320315,25.06510060295609,0],[121.4764855633975,25.065086894322103,0],[121.47650428996793,25.06507314760477,0],[121.47653343060877,25.065051637159044,0],[121.4765542951217,25.065036150954754,0],[121.47657511808796,25.065020618449363,0],[121.47659485939324,25.065005818007954,0],[121.47660471681965,25.064998403176126,0],[121.47662440517061,25.064983544335508,0],[121.47664399960794,25.064968694758686,0],[121.47665378193366,25.06496125369431,0],[121.47667331673014,25.06494633906804,0],[121.47669244896073,25.064931670212676,0],[121.476720535052,25.06491002680086,0],[121.47673921457661,25.06489555004845,0],[121.47675785837548,25.064881035138324,0],[121.47676835076045,25.064872842932548,0],[121.47678930037318,25.0648564212373,0],[121.47680952731406,25.06484048805019,0],[121.47681928776007,25.064832774550073,0],[121.47682903889941,25.064825051274685,0],[121.47683878072235,25.064817318260182,0],[121.47684851320899,25.064809575497588,0],[121.47685760815227,25.064802318859698,0],[121.47686669506338,25.064795053887035,0],[121.47687577393232,25.064787780570583,0],[121.47688484474926,25.064780498928453,0],[121.47689390750429,25.064773208960684,0],[121.47690421004366,25.06476490782621,0],[121.47691450038103,25.064756594126997,0],[121.47692477846694,25.064748267881253,0],[121.4769350443114,25.064739929107013,0],[121.4769452978847,25.064731577822414,0],[121.4769452978847,25.064731577822414,0],[121.47695478821885,25.064723837004426,0],[121.47696426864054,25.064716086106188,0],[121.4769737391102,25.064708325136863,0],[121.4769831996378,25.06470055411451,0],[121.47700209078754,25.064684981910887,0],[121.47702149061206,25.064668924281765,0],[121.47704084891852,25.064652825136914,0],[121.47705051246297,25.06464476002666,0],[121.4770711456222,25.06462747816323,0],[121.47708211207274,25.064618258332406,0],[121.47710121066191,25.06460214351989,0],[121.47710934902004,25.06459525470282,0],[121.47712560358583,25.064581455380797,0],[121.47714182855843,25.064567627208046,0],[121.47716611039404,25.064546830928638,0],[121.47717418946684,25.064539884455534,0],[121.47718226110682,25.0645329308195,0],[121.4771903252842,25.06452597000257,0],[121.47719944537147,25.064518083688426,0],[121.4772176556764,25.06450228247219,0],[121.4772358260728,25.064486443184105,0],[121.47724537761844,25.064478094342995,0],[121.47725491675722,25.06446973375048,0],[121.47727523072781,25.064451866184633,0],[121.47728600109276,25.064442355054513,0],[121.47729675452469,25.064432828061523,0],[121.47730489931425,25.064425604369877,0],[121.47732116358324,25.064411133358835,0],[121.4773292830429,25.064403886048524,0],[121.47734549656317,25.064389367863626,0],[121.47736217771387,25.064374369918916,0],[121.47737075597946,25.06436663467912,0],[121.47737932537109,25.064358891296923,0],[121.47738788589868,25.064351139781344,0],[121.47739643754241,25.064343380132442,0],[121.47740498029239,25.064335612359258,0],[121.47740498029239,25.064335612359258,0],[121.47741351414872,25.064327836479873,0],[121.47742203909159,25.064320052494327,0],[121.4774387495439,25.06430474283288,0],[121.47744709230523,25.064297076715803,0],[121.4774554267403,25.06428940310461,0],[121.47746375283911,25.064281721981295,0],[121.47747207060178,25.06427403337294,0],[121.47748038000849,25.064266337279605,0],[121.47749281890073,25.064254781582616,0],[121.47750523839558,25.06424320859496,0],[121.47751240828458,25.064236511792565,0],[121.47752672830752,25.06422310068156,0],[121.47753387843159,25.064216386382032,0],[121.47754102196076,25.06420966625316,0],[121.47754815889506,25.064202940313,0],[121.47756241291977,25.06418947099902,0],[121.47756953000024,25.06418272763426,0],[121.4775837442877,25.064169223534396,0],[121.47759084147489,25.064162462799352,0],[121.47759793202769,25.064155696280235,0],[121.47760501592636,25.064148923995177,0],[121.47761209317086,25.06414214593513,0],[121.47761916376129,25.064135362118183,0],[121.47762622767775,25.064128572535367,0],[121.47763328493022,25.064121777204676,0],[121.47764033549893,25.064114976126188,0],[121.47764737939377,25.06410816930893,0],[121.47765441659497,25.064101356752932,0],[121.47766144710246,25.064094538458207,0],[121.4776684709164,25.064087714451844,0],[121.47767548801687,25.064080884715846,0],[121.4776895020876,25.0640672081091,0],[121.4777104727692,25.06404665044364,0],[121.47771744953015,25.0640397865016,0],[121.47773138280323,25.064026041591454,0],[121.47773833931538,25.06401916062338,0],[121.47774528906479,25.064012273989036,0],[121.47775433361062,25.06400328882105,0],[121.47776336783329,25.063994295036796,0],[121.47777181779958,25.063985864905607,0],[121.47778025775132,25.0639774264642,0],[121.47778868768852,25.06396897972159,0],[121.47779710760133,25.063960524686863,0],[121.47780551746996,25.06395206136911,0],[121.47781439186592,25.06394311062748,0],[121.47782325459691,25.063934150298884,0],[121.47783210565302,25.06392518040145,0],[121.47783920029518,25.063917975091986,0],[121.47784628666763,25.06391076403983,0],[121.4778533663058,25.063903547014345,0],[121.47786043870445,25.063896324089384,0],[121.47786750385377,25.063889095274035,0],[121.47787456173396,25.06388186058637,0],[121.47788161235488,25.063874620017373,0],[121.47789569422787,25.063860118744856,0],[121.47790974204872,25.06384559911812,0],[121.47792376510594,25.06383104863951,0],[121.47793775501219,25.063816484706077,0],[121.47795171810161,25.063801884438302,0],[121.47795868791303,25.06379458776333,0],[121.47795868787802,25.063794578735347,0],[121.47796629073191,25.06378676549271,0],[121.4779738843777,25.06377894482214,0],[121.47798146699235,25.06377112201089,0],[121.47798904184151,25.063763285492527,0],[121.4779890439956,25.063763281224325,0],[121.47799660995791,25.063755438324247,0],[121.47800416666269,25.063747588032474,0],[121.47801171411989,25.063739730348967,0],[121.47801925230979,25.063731865300937,0],[121.47802678122248,25.063723992888352,0],[121.47803430086785,25.06371611311123,0],[121.47804181120637,25.06370822599673,0],[121.47804931225782,25.063700331535813,0],[121.47807460239873,25.06367358109755,0],[121.47809938066425,25.06364718027331,0],[121.47810822546724,25.06363770780326,0],[121.47811492697602,25.06363051521225,0],[121.47813498517043,25.063608901745024,0],[121.47815497374815,25.063587234818183,0],[121.47816162111076,25.063580000671564,0],[121.47818151659003,25.063558262782156,0],[121.47818813286383,25.063551005035695,0],[121.47820793494854,25.06352919650974,0],[121.4782145200349,25.063521915272116,0],[121.47822169720378,25.06351396626865,0],[121.47823422841911,25.063500036444708,0],[121.47824732819558,25.063485421379173,0],[121.4782578764796,25.06347361307083,0],[121.47826988297908,25.063460122508012,0],[121.47828643910755,25.063441436711603,0],[121.47829293003947,25.063434085670583,0],[121.47829941309807,25.0634267288586,0],[121.4783058882537,25.063419366284776,0],[121.47831235551627,25.06341199794909,0],[121.47831881487589,25.06340462386059,0],[121.47832521543538,25.063397302631163,0],[121.47833160818146,25.063389975738957,0],[121.4783443701642,25.063375304975335,0],[121.47836497078546,25.063351493526532,0],[121.47837613781859,25.06333852936177,0],[121.47838847347802,25.063324142195363,0],[121.47839510399874,25.063316396587396,0],[121.47840018423372,25.06331043766091,0],[121.47841399918701,25.063294213490998,0],[121.47842655645157,25.063279396889943,0],[121.47843515363509,25.063269209107343,0],[121.47844533294848,25.063257130346077,0],[121.47846987798334,25.063227809079017,0],[121.47848886671652,25.063204981652024,0],[121.4785012332324,25.063190032539982,0],[121.47851579414808,25.063172344370173,0],[121.47852720455252,25.063158431233333,0],[121.47853858742633,25.06314449940588,0],[121.47855037922093,25.063130017802468,0],[121.47856867654279,25.063107422737982,0],[121.47859296019335,25.063077220491223,0],[121.47859901093366,25.06306965650144,0],[121.47861120940227,25.06305436117957,0],[121.47862349580542,25.06303889257678,0],[121.47864186225915,25.06301564817795,0],[121.47866015278775,25.06299235416843,0],[121.47867230421505,25.06297679735879,0],[121.47868442176522,25.06296121865589,0],[121.47869650541864,25.062945618113954,0],[121.47870855509626,25.062929995796452,0],[121.47872057077853,25.06291435175762,0],[121.47872784917858,25.06290484207645,0],[121.47873873032688,25.062890581531047,0],[121.47875641330059,25.062867289983096,0],[121.47876829247853,25.062851559701723,0],[121.47877120435729,25.062847693137343,0],[121.47878013741456,25.06283580801582,0],[121.47878604702458,25.062827924165422,0],[121.478797840509,25.062812140485928,0],[121.47880959964307,25.062796335546725,0],[121.47881410644273,25.062790261216254,0],[121.47882087691637,25.062781114409848,0],[121.47882650361461,25.06277349651717,0],[121.4788321223639,25.06276587375669,0],[121.47884598431301,25.06274700336659,0],[121.47886009650968,25.062727687091744,0],[121.47886566738721,25.06272003523332,0],[121.47887123027627,25.062712378552348,0],[121.47887760513838,25.062703589277138,0],[121.47888233202978,25.062697050750064,0],[121.47889340175063,25.06268170373917,0],[121.4789044393894,25.062666337564924,0],[121.47890994616195,25.062658647307412,0],[121.47893189285503,25.06262783867667,0],[121.47894007193797,25.06261629744731,0],[121.47894826831575,25.0626046824021,0],[121.47895371066801,25.062596954197986,0],[121.47896457114093,25.06258148364805,0],[121.47897539927558,25.062565994305817,0],[121.47898619503252,25.062550486225586,0],[121.47899695837235,25.062534959461658,0],[121.47900768925558,25.062519414068337,0],[121.479023724637,25.06249606118509,0],[121.47905028743475,25.062457047368397,0],[121.47907664617445,25.06241791889837,0],[121.47911839423624,25.062355077082117,0],[121.4791339141826,25.062331437050048,0],[121.47915961594836,25.06229194765601,0],[121.47918083547499,25.062258848043182,0],[121.47919725460106,25.062232899027332,0],[121.47920815007843,25.06221557319777,0],[121.47921358261543,25.062206902364448,0],[121.47921900501134,25.062198226264144,0],[121.47922441725638,25.062189544905955,0],[121.47923521129393,25.06217216647,0],[121.47924596464905,25.06215476713811,0],[121.47925132607078,25.062146059653106,0],[121.47926201834342,25.06212862910841,0],[121.47926975228832,25.062115961163816,0],[121.47926975228832,25.062115961163816,0],[121.4792774637872,25.062103281870698,0],[121.4792774637872,25.062103281870698,0],[121.47928515281046,25.06209059126528,0],[121.47929015821335,25.062082307416144,0],[121.47929515429036,25.06207401889329,0],[121.47930511846701,25.06205742789866,0],[121.47931008654683,25.062049125426967,0],[121.47931504529112,25.062040818335767,0],[121.47931999468983,25.062032506607032,0],[121.47932493473319,25.0620241902679,0],[121.4793347867341,25.06200754378552,0],[121.47933969869177,25.061999213660343,0],[121.47934460127435,25.06199087895191,0],[121.47934949447198,25.06198253966926,0],[121.47935437829466,25.061974195830455,0],[121.47935925272256,25.06196584743552,0],[121.47936411775572,25.061957494493527,0],[121.47936897339414,25.061949137013457,0],[121.47937381962804,25.06194077501344,0],[121.47937865644747,25.061932408493465,0],[121.4793834838525,25.061924037462614,0],[121.47938830184312,25.061915661929888,0],[121.47939311040949,25.061907281904347,0],[121.47939790955162,25.06189889739501,0],[121.47940269924976,25.061890508410986,0],[121.47940269924976,25.061890508410986,0],[121.47940747951381,25.06188211496127,0],[121.47941225033395,25.061873717054933,0],[121.47941701170025,25.061865314701013,0],[121.4794217636128,25.06185690790855,0],[121.47942650607162,25.06184849668656,0],[121.4794312390569,25.061840081044153,0],[121.47944067662681,25.06182323652511,0],[121.47944541186834,25.06181475422951,0],[121.47945013749745,25.06180626748685,0],[121.47945485351427,25.06179777631519,0],[121.47946425670106,25.061780780693937,0],[121.47946894385132,25.06177227627149,0],[121.47947828925577,25.061755254230096,0],[121.47948294749025,25.06174673663828,0],[121.47949223502383,25.06172968833952,0],[121.47949686430321,25.061721157659743,0],[121.47950609387739,25.061704083266463,0],[121.47951069415244,25.061695539580107,0],[121.47951528475615,25.061686991573307,0],[121.47951986567863,25.061678439255093,0],[121.47952443691005,25.06166988264358,0],[121.47952899846032,25.061661321738708,0],[121.47953355029979,25.06165275655867,0],[121.47953809244825,25.06164418710338,0],[121.47954262488594,25.061635613381906,0],[121.47954714761295,25.06162703541235,0],[121.47955166061934,25.061618453194733,0],[121.47955616391508,25.061609866747045,0],[121.47956065748036,25.061601276069396,0],[121.47956514131523,25.061592681170783,0],[121.47957064087193,25.061582118422194,0],[121.47957612039247,25.061571547035,0],[121.47958078585366,25.0615625214234,0],[121.47958544058184,25.06155349121488,0],[121.47959008457711,25.06154445642752,0],[121.47959471782956,25.061535417061357,0],[121.47959934034911,25.06152637313439,0],[121.47960395210615,25.061517324655757,0],[121.4796085531205,25.061508271643476,0],[121.47961314337235,25.061499214088546,0],[121.47961772285187,25.061490152018095,0],[121.47962229156902,25.06148108544114,0],[121.47962684950402,25.061472014366746,0],[121.47963139665688,25.061462938803967,0],[121.47963593302768,25.061453858761812,0],[121.47964045860653,25.061444774249342,0],[121.479650083841,25.06142537040155,0],[121.47965965959406,25.061405946246232,0],[121.47966918579685,25.06138650190099,0],[121.47967866241005,25.06136703744723,0],[121.47968338209718,25.06135729772374,0],[121.47971764827598,25.06128904290215,0],[121.47984710990855,25.06103115212155,0],[121.47999394002068,25.06073867258692,0],[121.48004969578116,25.06062761820628,0],[121.48021233980438,25.06030362438453,0],[121.48064858410903,25.059434639248128,0],[121.48064858410903,25.059434639248128,0],[121.48087021501946,25.058993142558936,0],[121.4808989723378,25.058935856388615,0],[121.4809307784037,25.05887248442419,0],[121.48100104903745,25.058732573986084,0],[121.48104497182037,25.058645129933222,0],[121.48110197492126,25.058531633519408,0],[121.48114799236579,25.058440011664548,0],[121.48119459976174,25.05834719617355,0],[121.4812314018476,25.058273931206987,0],[121.4812314018476,25.058273931206987,0],[121.48124524935311,25.058246368666676,0],[121.48136539158534,25.058007140742816,0],[121.48150284259846,25.057733459515596,0],[121.48152037897495,25.057698797925205,0],[121.48152494317885,25.057689935581962,0],[121.48201356644833,25.056741536813664,0],[121.48213395551093,25.05650787779575,0],[121.48214553298295,25.0564853873073,0],[121.48232915995158,25.05612896625694,0],[121.482372587761,25.056044674219965,0],[121.48240211670097,25.055987367189793,0],[121.48267838081054,25.055451129875895,0],[121.48271081114038,25.05538817981419,0],[121.48278578345715,25.05524266483299,0],[121.48267780268748,25.05519724328424,0],[121.4824491442169,25.055101060438755,0],[121.48295118666773,25.054126586830634,0],[121.4829567146882,25.054115879573548,0],[121.48301617433317,25.054000469482336,0],[121.48313429506761,25.054043862607674,0],[121.48316811131059,25.05406660275109,0],[121.48324356212287,25.05409906612718,0],[121.48335109946323,25.054145337365412,0],[121.4833868438649,25.054075948354196,0],[121.48343073255158,25.05399076071881,0],[121.48356006705978,25.053739710350833,0],[121.48363550953977,25.05359328156231,0],[121.48381017722654,25.053254221787626,0],[121.48404996767087,25.052788781746862,0],[121.48412512371858,25.05264289532476,0],[121.48420199100713,25.0524936809407,0],[121.48427755979327,25.052346989592575,0],[121.48430161823656,25.052300289986917,0],[121.48431855554463,25.05226741757844,0],[121.48437232793884,25.052163039780456,0],[121.4844278411312,25.052055270743633,0],[121.48443990965787,25.052031848575812,0],[121.4844644498779,25.0519841994203,0],[121.48465716165309,25.051610113901862,0],[121.4847165692932,25.0514947845468,0],[121.48472269697962,25.05148290161207,0],[121.48478001931397,25.05137161460188,0],[121.48485676703426,25.051222634993337,0],[121.48499177100513,25.050960577635788,0],[121.48500185251005,25.050941007884752,0],[121.485030533085,25.050885319123616,0],[121.4852424306495,25.05047399241721,0],[121.48525114491999,25.050457072352124,0],[121.48531318737585,25.050336624234866,0],[121.48539372051923,25.050180301148576,0],[121.48544138331883,25.05008778780352,0],[121.48553864621557,25.049898980983222,0],[121.48561850993045,25.049743941952762,0],[121.48569358363666,25.049598208468375,0],[121.48577026037465,25.049449373060405,0],[121.48584815647096,25.049298159230233,0],[121.48584815647096,25.049298159230233,0],[121.48587562652008,25.049244812543186,0],[121.48589841503355,25.0492005815024,0],[121.48591428932058,25.049169779823394,0],[121.48595004067954,25.04910036307599,0],[121.48599432913916,25.049014396942525,0],[121.48599432913916,25.049014396942525,0],[121.48599432913916,25.049014396942525,0],[121.48602160242066,25.0489614481087,0],[121.48613396069301,25.048743331385708,0],[121.48623755541178,25.048542234171222,0],[121.48623755541178,25.048542234171222,0],[121.48626429738472,25.04849031623601,0],[121.48626798554874,25.048483144868996,0],[121.48627248027621,25.048474427054206,0],[121.48634578212028,25.048332129717007,0],[121.486419762342,25.048188493960776,0],[121.486419762342,25.048188493960776,0],[121.486419762342,25.048188493960776,0],[121.486419762342,25.048188493960776,0],[121.48642441542574,25.048180137189718,0],[121.48642913406863,25.04817181098971,0],[121.48643391804428,25.048163515776768,0],[121.4864387670968,25.048155251985108,0],[121.48644368098002,25.048147020030797,0],[121.486448659438,25.04813882034801,0],[121.48645370222454,25.048130653343836,0],[121.48645880907374,25.048122519443446,0],[121.48646397972955,25.048114419062966,0],[121.4864692139161,25.048106352609558,0],[121.4864745113774,25.048098320517393,0],[121.48647987183749,25.048090323175597,0],[121.48648529502054,25.048082361009385,0],[121.48649078065067,25.048074434425924,0],[121.48649632844203,25.048066543823346,0],[121.4865019381088,25.048058689608894,0],[121.48650760937512,25.048050872189688,0],[121.48651334193531,25.048043091963983,0],[121.48651913550351,25.04803534932992,0],[121.48651913550351,25.04803534932992,0],[121.48652498978399,25.048027644685728,0],[121.48653090448097,25.04801997842058,0],[121.48653687927892,25.04801235094174,0],[121.48654291387204,25.048004762620387,0],[121.48654900796465,25.04799721386371,0],[121.4865551612312,25.047989705051975,0],[121.48656137335601,25.04798223656537,0],[121.48656764403346,25.04797480879313,0],[121.486573972928,25.0479674221155,0],[121.48658035972406,25.04796007691269,0],[121.48658680409599,25.047952773546893,0],[121.48658680409599,25.047952773546893,0],[121.48659330569849,25.047945512416458,0],[121.4865998642158,25.047938293874527,0],[121.48660647929269,25.04793111830142,0],[121.48661315061341,25.04792398605931,0],[121.48661987782265,25.047916897519467,0],[121.48662666056502,25.04790985303518,0],[121.48663349851498,25.047902852977657,0],[121.48664039130715,25.047895897700162,0],[121.48664733859617,25.04788898756496,0],[121.48665434001671,25.04788212292533,0],[121.48666139522331,25.047875304134518,0],[121.48667566550354,25.047861805467345,0],[121.4866901465243,25.04784849435361,0],[121.48598532478893,25.04767558414167,0]]}},{"type":"Feature","properties":{"Layer":"PL_USE","SubClasses":"AcDbEntity:AcDb2dPolyline","EntityHandle":"13FA"},"geometry":{"type":"LineString","coordinates":[[121.45183115934606,25.07241214269596,0],[121.45301441206286,25.07179858258298,0],[121.45321157039702,25.071698659404454,0],[121.45481934789335,25.072149634835178,0],[121.45486114153768,25.07210473637734,0],[121.4548987162055,25.072064644216187,0],[121.45490309424947,25.072059972842045,0],[121.45490309424947,25.072059972842045,0],[121.45496906166687,25.071990209080862,0],[121.45503543658317,25.07192076002537,0],[121.45511407880174,25.071839437478037,0],[121.45521457903686,25.071736985280523,0],[121.45531597395068,25.071635270576486,0],[121.45541770054436,25.071534836778003,0],[121.45552029208082,25.071435140561437,0],[121.45562307686197,25.071336815954364,0],[121.45572671670851,25.071239237985004,0],[121.45583108309482,25.071142497327386,0],[121.45593628475538,25.071046512393046,0],[121.45604190667903,25.070951636551474,0],[121.4561483341413,25.070857516521617,0],[121.4562556462061,25.070764088862003,0],[121.45636376387634,25.070671435066604,0],[121.4565121450038,25.070546607588373,0],[121.45666197840353,25.070423229021866,0],[121.45678495906176,25.070323911596013,0],[121.45690887488557,25.0702255662271,0],[121.45702554203193,25.070134537785318,0],[121.45711644601398,25.070064624083056,0],[121.4572819929328,25.069939580479986,0],[121.4574490922174,25.069816256280063,0],[121.45761791190698,25.069694524566568,0],[121.45778824441823,25.06957453945167,0],[121.45788324702846,25.069508828773973,0],[121.45791961164228,25.06948390736157,0],[121.45795603601628,25.06945906700902,0],[121.4580588386036,25.06938781598273,0],[121.4581621787108,25.06931720422305,0],[121.45830342188728,25.06922229810551,0],[121.45844468157904,25.069129224510583,0],[121.45854218084226,25.06906603357685,0],[121.45882950472041,25.068884673910862,0],[121.45897491193308,25.06879560450782,0],[121.45912121563151,25.068707769042618,0],[121.4591716465024,25.0686778925332,0],[121.45922220674414,25.068648160056437,0],[121.45927374565429,25.068618063183877,0],[121.45935833317105,25.06856913188145,0],[121.45951875144836,25.068477902638193,0],[121.45974917833703,25.06835038673658,0],[121.45981551124787,25.068314436413903,0],[121.45991200031784,25.068262738339634,0],[121.45998540440323,25.06822387802303,0],[121.46003373278306,25.068198512383837,0],[121.46019711805404,25.06811451405464,0],[121.46051549331465,25.067952077134663,0],[121.46058632899272,25.067915934543223,0],[121.46075464275881,25.06783006955316,0],[121.46092294637596,25.067744204405425,0],[121.46099378181262,25.06770806162198,0],[121.46132122702518,25.06754099951751,0],[121.46139206222583,25.067504856546407,0],[121.46154691021036,25.06742584873654,0],[121.46170176790626,25.06734684073634,0],[121.46177260291527,25.067310706613913,0],[121.46208249559817,25.067152599153697,0],[121.46215332043582,25.067116455854716,0],[121.46248090100225,25.066949327596276,0],[121.46255173551577,25.066913184078714,0],[121.46255327892844,25.066912420908988,0],[121.46284937836712,25.066761270366282,0],[121.46300905258339,25.06667988063388,0],[121.46328031991584,25.06654153631231,0],[121.4633998273694,25.066480494459018,0],[121.46346304375793,25.066448247346788,0],[121.46389497190243,25.066227876476578,0],[121.4643921917886,25.065974166992596,0],[121.4644044790218,25.06596789906117,0],[121.46443225818506,25.065953728420652,0],[121.46457590341218,25.065880422174168,0],[121.46464508457461,25.065845122454036,0],[121.46505838014569,25.06563424994047,0],[121.46511705122055,25.06560598873553,0],[121.46520085296635,25.065565650412577,0],[121.4652446831609,25.065544558834873,0],[121.46533187434135,25.065501501384727,0],[121.46551534854065,25.065410879884354,0],[121.4655182374301,25.065409453413558,0],[121.46577221174779,25.065268224659295,0],[121.46583945141869,25.06523343605202,0],[121.46588006032647,25.065212426619688,0],[121.4659160988547,25.065193778826693,0],[121.46626540394824,25.065013040980745,0],[121.46629395374377,25.06499827161643,0],[121.4663050135689,25.064992549173525,0],[121.46638924825842,25.064948967734146,0],[121.46642416878976,25.064930901129696,0],[121.46662071277967,25.064829204867067,0],[121.4673219717066,25.064483542198186,0],[121.4673219717066,25.064483542198186,0],[121.46760016335914,25.06432241823793,0],[121.46798558051616,25.064122991829585,0],[121.46801937283699,25.064105506208147,0],[121.46832748993877,25.06394608234658,0],[121.4683927199955,25.063912328136098,0],[121.46846141233868,25.063876784436232,0],[121.46857915072484,25.063815852368872,0],[121.468628345222,25.063790400351532,0],[121.46901079133208,25.063592506432737,0],[121.46905278406298,25.06357077854859,0],[121.4691296470196,25.06353100163264,0],[121.46928195823828,25.063452192458502,0],[121.46953079774754,25.063323432352284,0],[121.46963780201833,25.063268058598066,0],[121.46975139442051,25.063209278384328,0],[121.46979762124423,25.06318548751553,0],[121.46982841884733,25.063170376325694,0],[121.47011562841827,25.063029396169725,0],[121.4704191808339,25.062880391868237,0],[121.47063003373682,25.062776893559906,0],[121.47073447568035,25.06272562590528,0],[121.47074343883888,25.062721218857295,0],[121.47076718239757,25.06270956954683,0],[121.47097818704343,25.062591471813846,0],[121.4710077102508,25.06257494701039,0],[121.47108381780484,25.062532354717643,0],[121.47129922311977,25.0624117959538,0],[121.47142835334805,25.06233952229665,0],[121.47149225571357,25.0623037486551,0],[121.47159913734751,25.062229748899153,0],[121.4717651436639,25.062114808351033,0],[121.47178706959163,25.062099634662733,0],[121.47197565383311,25.0619690576848,0],[121.47205362994018,25.061915065486147,0],[121.47212249164902,25.06186738578992,0],[121.47214828268042,25.061849536467648,0],[121.47215765997485,25.061842779653503,0],[121.47216702974184,25.06183601417766,0],[121.47217639196161,25.06182924004019,0],[121.47218574662429,25.06182245725015,0],[121.47219509372988,25.061815665825602,0],[121.47220443326847,25.06180886575755,0],[121.47221376522036,25.061802057064114,0],[121.47222177867259,25.061796203818815,0],[121.47222978681808,25.061790344550165,0],[121.47223778964694,25.061784479267224,0],[121.47224578715917,25.061778607969995,0],[121.47225377934485,25.061772730649455,0],[121.47226176620406,25.061766847332724,0],[121.47226974772681,25.06176095800174,0],[121.47227772390333,25.06175506268367,0],[121.47228569474342,25.061749161360375,0],[121.47229366022736,25.06174325405002,0],[121.47230162035513,25.061737340752565,0],[121.4723095751168,25.06173142146807,0],[121.47231752451245,25.061725496205565,0],[121.47232546853212,25.061719564965063,0],[121.47233340718584,25.061713627764604,0],[121.47234134044378,25.06170768458621,0],[121.4723492683159,25.061701735447933,0],[121.47235719079232,25.061695780349787,0],[121.47236510786311,25.061689819291814,0],[121.47237301953827,25.06168385229203,0],[121.47238092579789,25.06167787933245,0],[121.47238882664207,25.06167190044015,0],[121.47239672206088,25.061665915606152,0],[121.47240461205433,25.061659924839464,0],[121.47241249662247,25.061653928140096,0],[121.47242037574544,25.061647925517146,0],[121.4724282494233,25.061641916970608,0],[121.47243611765602,25.061635902500477,0],[121.47244398043374,25.061629882115824,0],[121.47245183774655,25.06162385582571,0],[121.47245968960438,25.061617823630094,0],[121.47246997723684,25.061609909358275,0],[121.47248025488724,25.061601977061297,0],[121.4724948143146,25.061590717182263,0],[121.47250935813376,25.061579440577262,0],[121.4725173306914,25.06157324091134,0],[121.47252529751572,25.06156703512411,0],[121.4725332585968,25.061560823233695,0],[121.47254121393472,25.061554605249093,0],[121.47254916351947,25.06154838115228,0],[121.4725571073512,25.061542150970375,0],[121.47256504542982,25.061535914694314,0],[121.47257297772566,25.061529672333236,0],[121.47258090425856,25.06152342389611,0],[121.47258882500869,25.061517169373953,0],[121.4725967399662,25.06151090878487,0],[121.4726046491509,25.061504642128796,0],[121.47261255252316,25.061498369405868,0],[121.47262045010284,25.061492090634054,0],[121.47262834188,25.06148580579536,0],[121.47263622783491,25.06147951491692,0],[121.47264410797736,25.061473217980637,0],[121.47265198228773,25.06146691501368,0],[121.47265985077578,25.061460606006975,0],[121.47266771343173,25.061454290969582,0],[121.47267557024564,25.061447969901543,0],[121.47268342121752,25.061441642811886,0],[121.47269126632754,25.061435309700666,0],[121.47269910558575,25.06142897058592,0],[121.4727069389821,25.06142262544961,0],[121.4727156125862,25.06141558362937,0],[121.47272427968167,25.0614085351666,0],[121.47273294025857,25.06140148006133,0],[121.472741594307,25.061394418313604,0],[121.47275024183686,25.06138734993241,0],[121.47275888281848,25.06138027491785,0],[121.4727675172618,25.06137319328794,0],[121.47277657379162,25.06136575072411,0],[121.47278562130558,25.061358299070037,0],[121.47279465980374,25.06135083834379,0],[121.47280368927619,25.06134336855443,0],[121.47281270970315,25.061335889702022,0],[121.47281957637709,25.061330189157303,0],[121.47282643313896,25.061324488643827,0],[121.47282780650124,25.06132335575718,0],[121.47282916991743,25.061322213874085,0],[121.47283722456932,25.06131550275818,0],[121.47284527280287,25.061308785252315,0],[121.4728533145982,25.061302061356564,0],[121.47286134995538,25.061295331079954,0],[121.47286937887439,25.061288594422486,0],[121.4728774013454,25.061281851402242,0],[121.47288541734855,25.06127510201026,0],[121.47289342690371,25.061268346255527,0],[121.47290142998115,25.061261584147136,0],[121.47290942658088,25.061254815685103,0],[121.47291741671285,25.0612480408694,0],[121.47292540034738,25.061241259727197,0],[121.4729333774943,25.061234472240415,0],[121.47294134814379,25.061227678418113,0],[121.472949312286,25.061220878278373,0],[121.47295726991095,25.06121407181222,0],[121.47296522102862,25.06120725903766,0],[121.47297343409672,25.06120020829601,0],[121.47298164028948,25.061193150913066,0],[121.47298983959703,25.061186086897884,0],[121.4729980320194,25.06117901625949,0],[121.47300621755663,25.06117193900693,0],[121.47301439617898,25.06116485513126,0],[121.4730225679063,25.061157764650478,0],[121.47303073271875,25.06115066756464,0],[121.47303889061644,25.061143563882773,0],[121.47304704157948,25.061136453604952,0],[121.47305518561782,25.06112933674017,0],[121.47306332271172,25.061122213297526,0],[121.47307145286115,25.061115083277013,0],[121.47307957606613,25.061107946687653,0],[121.47308991847405,25.061098831460168,0],[121.47310025096897,25.061089716263577,0],[121.47310748064994,25.061083322228555,0],[121.47311470466019,25.061076922875632,0],[121.47312192300964,25.06107051822285,0],[121.47312913568837,25.061064108270223,0],[121.47313634267664,25.061057693017826,0],[121.4731435439942,25.061051272474614,0],[121.47315073961138,25.061044846640698,0],[121.47315792954804,25.06103841552504,0],[121.47316511377444,25.061031979127723,0],[121.47317229231041,25.061025537457724,0],[121.47317946513616,25.061019090515106,0],[121.47318663225168,25.06101263830889,0],[121.47319379364707,25.061006180830095,0],[121.4732009493224,25.060999718096763,0],[121.47320809927764,25.0609932501089,0],[121.47321524350292,25.060986776875566,0],[121.47322238198832,25.060980298387772,0],[121.47322951473389,25.06097381466357,0],[121.47323664173963,25.060967325702954,0],[121.47324376299558,25.060960831496942,0],[121.47325087850187,25.0609543320726,0],[121.47325798824855,25.06094782742095,0],[121.47326509222566,25.060941317542028,0],[121.47327219044325,25.06093480245384,0],[121.47327928289137,25.060928282147405,0],[121.47328636956011,25.0609217566408,0],[121.47329345044952,25.060915225925005,0],[121.47330052554966,25.060908690009082,0],[121.47330759486054,25.06090214889303,0],[121.47331465838228,25.0608956025949,0],[121.47332171610486,25.06088905110571,0],[121.47332876801845,25.060882494434505,0],[121.47333581412305,25.060875932581304,0],[121.47334285441868,25.060869365555106,0],[121.4733498888954,25.060862793355977,0],[121.4733569175434,25.060856215992953,0],[121.47336394037258,25.060849633475048,0],[121.47337095737304,25.060843045793256,0],[121.47337796853488,25.06083645296567,0],[121.47338497384816,25.060829854983286,0],[121.47339197332286,25.060823251855112,0],[121.47339896694908,25.060816643590208,0],[121.47340595472684,25.060810030188563,0],[121.47341293663634,25.060803411659283,0],[121.47341991268745,25.060796787993315,0],[121.47342688287034,25.06079015920872,0],[121.47343384718502,25.060783525314548,0],[121.47344080562154,25.060776886292764,0],[121.47344775817008,25.0607702421705,0],[121.47345470484053,25.060763592938688,0],[121.47346164561309,25.060756938606417,0],[121.4734685804977,25.06075027918269,0],[121.47347550947451,25.06074361465853,0],[121.47348243255351,25.060736945051982,0],[121.47348934972472,25.060730270354036,0],[121.47349626098826,25.060723590582754,0],[121.47350316632426,25.060716905738197,0],[121.47351006574266,25.060710215820347,0],[121.47351695923355,25.06070352082921,0],[121.47352384679698,25.060696820782873,0],[121.47353072842304,25.060690115681354,0],[121.47353760411175,25.060683405524628,0],[121.47354447385321,25.060676690312796,0],[121.47355133764745,25.060669970063845,0],[121.47355819549445,25.06066324476878,0],[121.47356504737446,25.06065651444572,0],[121.47357189329736,25.060649779085598,0],[121.47357873325328,25.060643038697474,0],[121.47358556723229,25.060636293281398,0],[121.47359239524435,25.06062954285537,0],[121.47359921726968,25.06062278741044,0],[121.4736060333182,25.06061602696464,0],[121.47361284337006,25.060609261508997,0],[121.47361964743523,25.060602491052503,0],[121.47362644550374,25.060595715595202,0],[121.47363323756579,25.060588935146136,0],[121.47364002362139,25.06058214971436,0],[121.4736468036705,25.06057535929986,0],[121.47365357770325,25.06056856390267,0],[121.47366034570975,25.060561763531844,0],[121.47366720390885,25.060554862218634,0],[121.47367405587288,25.060547955769945,0],[121.47368090160194,25.0605410441948,0],[121.47368774108608,25.06053412749325,0],[121.47369457432531,25.060527205665277,0],[121.4737014013197,25.060520278728955,0],[121.47370822204944,25.060513346684335,0],[121.47371503652441,25.060506409531385,0],[121.47372184473473,25.060499467270144,0],[121.47372864667054,25.060492519918707,0],[121.47373544234179,25.06048556747703,0],[121.4737422317286,25.06047860994518,0],[121.47374901483101,25.0604716473322,0],[121.47375579164914,25.060464679647097,0],[121.47376256217292,25.060457706880886,0],[121.47376932640249,25.060450729042593,0],[121.47377608432792,25.060443746150323,0],[121.47378283594925,25.06043675819502,0],[121.47378958125657,25.060429765185763,0],[121.4737963202499,25.06042276713158,0],[121.47380305292924,25.06041576402344,0],[121.47380977928472,25.060408755879433,0],[121.47381649930651,25.06040174270861,0],[121.47382321299447,25.060394724492934,0],[121.47382992034873,25.06038770125948,0],[121.47383662135942,25.060380673008286,0],[121.47384331601661,25.060373639739367,0],[121.47385000433017,25.060366601452714,0],[121.47385668628037,25.06035955816644,0],[121.47386336187714,25.06035250987148,0],[121.47387003111054,25.060345456585924,0],[121.47387669397071,25.06033839830078,0],[121.4738833504577,25.060331335034107,0],[121.47389000057142,25.060324266776874,0],[121.47389664429217,25.060317193547196,0],[121.47390328162989,25.060310115345043,0],[121.47390991257464,25.0603030321795,0],[121.47391653712639,25.06029594404151,0],[121.4739209987686,25.06029117198879,0],[121.47392545049908,25.060286399967595,0],[121.47393223472945,25.06027918200969,0],[121.47393901229829,25.060271958854486,0],[121.47394578318587,25.060264730511086,0],[121.47395254738224,25.060257496970486,0],[121.47395930490727,25.06025025825068,0],[121.4739660557313,25.060243014360786,0],[121.47397279986414,25.06023576529176,0],[121.47397953729597,25.060228511052653,0],[121.47398626801693,25.060221251661552,0],[121.47399299203687,25.060213987100376,0],[121.47399970933607,25.060206717396273,0],[121.4740064199244,25.060199442540178,0],[121.47401312378211,25.06019216255022,0],[121.47401982090916,25.06018487741736,0],[121.47402651130564,25.060177587159664,0],[121.47403319496158,25.060170291768138,0],[121.47403987187708,25.060162991260828,0],[121.47404654204213,25.06015568562874,0],[121.47405320545691,25.060148374898983,0],[121.4740598621114,25.060141059053503,0],[121.47406651200569,25.060133738110377,0],[121.4740731551299,25.06012641207866,0],[121.47407979148396,25.060119080949306,0],[121.47408642106798,25.060111744740404,0],[121.47409304386211,25.060104403451994,0],[121.47409965987632,25.060097057084043,0],[121.47410673821604,25.06008919433958,0],[121.47411380605821,25.06008132376483,0],[121.474120863383,25.060073445359823,0],[121.47412791019049,25.060065559142636,0],[121.47413494646092,25.060057665131392,0],[121.47414197218441,25.06004976333514,0],[121.47414898736098,25.060041853753898,0],[121.47415599196098,25.060033936414815,0],[121.47416298599437,25.060026011326947,0],[121.4741699694413,25.06001807849031,0],[121.47417694229196,25.060010137922998,0],[121.4741839045365,25.060002189643118,0],[121.47419085616505,25.059994233659715,0],[121.47419835130769,25.059985765057736,0],[121.47420583017832,25.059977284527033,0],[121.47421329274728,25.059968792085773,0],[121.47422073899486,25.059960287770124,0],[121.47422816889144,25.059951771607277,0],[121.47423558242723,25.059943243615308,0],[121.47424297957252,25.059934703821398,0],[121.47425036030765,25.05992615225272,0],[121.47425825218012,25.059917004306474,0],[121.47426613550405,25.059907850257034,0],[121.4742740102993,25.05989869010433,0],[121.4742818765461,25.059889523866474,0],[121.47428866733242,25.05988158945479,0],[121.47429545040549,25.059873649569315,0],[121.47430222576536,25.059865704219074,0],[121.4743089934022,25.05985775342217,0],[121.47431575331595,25.059849797169548,0],[121.47432250550669,25.059841835479293,0],[121.47432924995456,25.05983386834242,0],[121.47433598666956,25.05982589577696,0],[121.47434271563189,25.059817917792024,0],[121.47434943685144,25.05980993438756,0],[121.47435615030844,25.059801945563635,0],[121.47436285601283,25.059793951338275,0],[121.4743695539448,25.059785951711554,0],[121.47437624410436,25.05977794669249,0],[121.47438292648171,25.059769936290156,0],[121.47438960108664,25.05976192049547,0],[121.47439626789948,25.059753899335607,0],[121.47440361777771,25.059745028307955,0],[121.47441096765489,25.059736157279936,0],[121.47441835567493,25.05972721537641,0],[121.47442572628314,25.05971826155686,0],[121.4744372784646,25.059704203995082,0],[121.47444333271865,25.059696819863518,0],[121.47444938028413,25.059689431193867,0],[121.47445542117089,25.059682037986118,0],[121.47446145536915,25.059674640258343,0],[121.47446748286889,25.059667237992542,0],[121.4744735036801,25.059659831206726,0],[121.47447951778298,25.05965241990998,0],[121.47448552518746,25.05964500410229,0],[121.47449152587374,25.059637583792746,0],[121.47449751985177,25.059630158981296,0],[121.47450350711158,25.059622729668,0],[121.47450948765328,25.0596152958709,0],[121.47451546146695,25.05960785759003,0],[121.47452142854266,25.05960041482543,0],[121.4745273889003,25.05959296758605,0],[121.4745333425101,25.059585515871994,0],[121.4745392893821,25.059578059701295,0],[121.47454522950629,25.05957059906495,0],[121.47455116287283,25.059563133972013,0],[121.4745570895016,25.05955566444049,0],[121.47456300936283,25.059548190452418,0],[121.47456892245653,25.059540712025843,0],[121.47457482879267,25.059533229169777,0],[121.47458072836136,25.05952574188424,0],[121.47458662115271,25.059518250169273,0],[121.4745925071667,25.05951075404293,0],[121.4745983863935,25.059503253496214,0],[121.47460425883304,25.059495748538154,0],[121.47461012449534,25.059488239177753,0],[121.47461598335067,25.059480725424123,0],[121.47462183541882,25.059473207268187,0],[121.47462768068006,25.059465684728053,0],[121.47463351913433,25.059458157803725,0],[121.47463935078174,25.05945062650424,0],[121.47464517561234,25.05944309082963,0],[121.47465099362614,25.059435550779874,0],[121.47465680481329,25.05942800637309,0],[121.47466260918371,25.05942045760923,0],[121.47466840672749,25.05941290448833,0],[121.47467419742487,25.059405347028513,0],[121.47467998129562,25.059397785211655,0],[121.47468575832,25.059390219064902,0],[121.47469152849804,25.059382648588265,0],[121.47469729182973,25.05937507378174,0],[121.47470304830517,25.059367494654385,0],[121.47470879793427,25.059359911206176,0],[121.47471454068739,25.059352323446227,0],[121.47472027658434,25.059344731383504,0],[121.4747260056152,25.059337135018055,0],[121.4747317277701,25.05932953435892,0],[121.47473744304908,25.0593219294061,0],[121.47474315144218,25.059314320159658,0],[121.47474885295948,25.059306706646623,0],[121.474754547581,25.059299088848995,0],[121.47476023531677,25.059291466775786,0],[121.47476591615688,25.05928384044508,0],[121.47477159009148,25.05927620985691,0],[121.47477725713043,25.059268575002214,0],[121.47478291725396,25.059260935908142,0],[121.47478857047203,25.05925329256564,0],[121.4747942167747,25.059245644983765,0],[121.47480143971354,25.05923584418513,0],[121.47480865066989,25.05922603606655,0],[121.47481584963387,25.05921622064611,0],[121.47482303659561,25.059206397923838,0],[121.47482899882911,25.059198233112163,0],[121.47483495320357,25.059190063540477,0],[121.47484089969917,25.05918188921788,0],[121.47484683832587,25.059173710144325,0],[121.47485276907378,25.059165526328893,0],[121.47485869193298,25.059157337780626,0],[121.47486460691341,25.059149144499504,0],[121.47487051399528,25.05914094649461,0],[121.47487641317868,25.059132743775002,0],[121.47488230446358,25.059124536349675,0],[121.47488818784004,25.059116324209654,0],[121.47489406330817,25.059108107382,0],[121.47489993085803,25.05909988585773,0],[121.47490579048973,25.059091659654925,0],[121.47491164219326,25.05908342876456,0],[121.47491748596873,25.05907519320469,0],[121.47492332181616,25.05906695298437,0],[121.47492914972565,25.059058708103603,0],[121.47493496968728,25.059050458562442,0],[121.47494081346284,25.05904215954307,0],[121.47494664921109,25.059033855827444,0],[121.47495247692225,25.059025547442666,0],[121.47495829658634,25.05901723437074,0],[121.47496410821337,25.059008916638675,0],[121.4749699117835,25.05900059424658,0],[121.47497570730667,25.0589922671944,0],[121.47498149476311,25.058983935500258,0],[121.47498727416271,25.058975599155094,0],[121.47499304549565,25.058967258177013,0],[121.47499880876192,25.058958912575026,0],[121.47500456394172,25.058950562349203,0],[121.47501031104495,25.058942207499513,0],[121.47501605006181,25.058933848044045,0],[121.47502178099228,25.058925483991825,0],[121.47502750382645,25.058917115333863,0],[121.47503317853075,25.058908800817736,0],[121.475038845268,25.058900481794762,0],[121.47504450404807,25.058892158264918,0],[121.47505015484136,25.05888383025538,0],[121.47505579766764,25.058875497748026,0],[121.47506143250716,25.05886716077001,0],[121.4750670593599,25.058858819312295,0],[121.47507267822594,25.058850473392955,0],[121.47507828909532,25.058842123002975,0],[121.47508389196817,25.05883376816945,0],[121.47508948684442,25.05882540888335,0],[121.47509507370431,25.058817045153777,0],[121.47510065255777,25.05880867698972,0],[121.4751062233949,25.058800304391205,0],[121.47511178620587,25.058791927376333,0],[121.47511734100058,25.058783545945065,0],[121.47512533244974,25.05877144076553,0],[121.4751333139861,25.058759335617278,0],[121.47513864887614,25.058751224567477,0],[121.4751439761475,25.058743109370862,0],[121.47514929581007,25.058734990027425,0],[121.47515460785395,25.058726866546213,0],[121.47515991226928,25.05871873893628,0],[121.47516520906596,25.058710607197604,0],[121.47517049823416,25.058702471339238,0],[121.47517577976396,25.058694331370262,0],[121.4751810536554,25.05868618729968,0],[121.47518631990846,25.058678039118483,0],[121.4751915785133,25.058669886844747,0],[121.4751968294699,25.058661730478477,0],[121.47520207277836,25.058653570037738,0],[121.4752073084287,25.058645405504492,0],[121.4752125364111,25.058637236914898,0],[121.47521775673545,25.058629064250844,0],[121.47522296939191,25.058620887530463,0],[121.47522817437056,25.05861270675375,0],[121.47523337168133,25.058604521929713,0],[121.47523856130442,25.058596333058418,0],[121.47524374324982,25.058588140157887,0],[121.47524891750757,25.058579943228146,0],[121.47525408406783,25.058571742269244,0],[121.47525901940764,25.058563899102882,0],[121.47526394483559,25.058556055968072,0],[121.47526899147068,25.058548002586765,0],[121.47527403075605,25.05853994539185,0],[121.47527906270155,25.05853188438331,0],[121.47528408729733,25.05852381957923,0],[121.47528910454344,25.05851575097961,0],[121.47529411442001,25.058507678584505,0],[121.47529911694694,25.058499602402904,0],[121.47530411210441,25.058491522434853,0],[121.47530909990238,25.058483438698378,0],[121.47531408032098,25.05847535119355,0],[121.47531905337023,25.058467259920324,0],[121.47532401904019,25.05845916488778,0],[121.47532897733086,25.058451066104936,0],[121.47533392823243,25.058442963571824,0],[121.47533887175481,25.05843485730647,0],[121.47534380787815,25.058426747299904,0],[121.47534873661242,25.058418633561136,0],[121.47535365794771,25.058410516099215,0],[121.47535857188406,25.05840239491415,0],[121.47536347841157,25.058394270015,0],[121.47536837753029,25.058386141410793,0],[121.47537326924027,25.05837800911056,0],[121.4753781535315,25.058369873105292,0],[121.47538303040413,25.058361733413047,0],[121.4753878998581,25.058353590033853,0],[121.47539276188355,25.05834544296772,0],[121.47539761649041,25.058337292232675,0],[121.47540246365891,25.058329137828785,0],[121.47540730338905,25.058320979765064,0],[121.47541213568086,25.05831281804154,0],[121.47541696053435,25.05830465266723,0],[121.47542177794952,25.058296483642128,0],[121.47542658790664,25.05828831098436,0],[121.47543139041558,25.058280134684864,0],[121.47543618547635,25.058271954752673,0],[121.47544097306924,25.058263771205898,0],[121.4754457532041,25.058255584035496,0],[121.47545052587108,25.05824739325051,0],[121.47545529107023,25.05823919886901,0],[121.47546004880148,25.05823100087293,0],[121.475464799055,25.058222799289396,0],[121.47546954183088,25.058214594118407,0],[121.475474277129,25.05820638535996,0],[121.47547900493959,25.058198173023115,0],[121.47548372526258,25.058189957107874,0],[121.47548843809807,25.058181737632292,0],[121.47549314343617,25.05817351459641,0],[121.47549784127685,25.058165288000215,0],[121.47550253162015,25.058157057852746,0],[121.4755072144562,25.05814882416306,0],[121.47551188978504,25.058140586940183,0],[121.47551655760661,25.058132346175093,0],[121.47552121791112,25.058124101885877,0],[121.47552587069853,25.058115854072536,0],[121.4755305159689,25.05810760274409,0],[121.47553515371231,25.058099347909618,0],[121.47553978393876,25.058091089569064,0],[121.47554440661844,25.05808282772254,0],[121.47554902178116,25.05807456238802,0],[121.47555362939721,25.058066293565574,0],[121.47555822948645,25.058058021264184,0],[121.47556282201916,25.058049745483927,0],[121.47556740701515,25.05804146623379,0],[121.47572535675256,25.05774957805844,0],[121.47574224407,25.057718376977466,0],[121.47586589697846,25.057489867518914,0],[121.47596441739785,25.057292901473982,0],[121.47597282659066,25.05727609126336,0],[121.47598823848854,25.05724527406319,0],[121.47603115961739,25.057159441655074,0],[121.47606382260142,25.05709414495977,0],[121.4761824652313,25.05685693013646,0],[121.47620783030077,25.056806219152868,0],[121.47633302259426,25.056555901470325,0],[121.47634267088623,25.056536604533182,0],[121.47653970830414,25.05614264465543,0],[121.47660919800218,25.056010042453817,0],[121.47660936523272,25.0560097169051,0],[121.47674022757076,25.05576003972804,0],[121.47677768271052,25.055688561288246,0],[121.47680641119854,25.05563376772381,0],[121.47691452623164,25.055427489331215,0],[121.47697350771712,25.055314945053727,0],[121.47703122985843,25.055204824331625,0],[121.47704518068693,25.055178191728594,0],[121.47719119240925,25.05489961163587,0],[121.47729788938275,25.054696018864718,0],[121.47732995249389,25.054634831604346,0],[121.47735902475647,25.054579359717614,0],[121.4773698272434,25.05455874992617,0],[121.47739840752726,25.054504209508565,0],[121.47740356279306,25.054494370350007,0],[121.47740787657536,25.054484777655134,0],[121.47741238686142,25.054474741950916,0],[121.47747846850928,25.054327615025347,0],[121.47755137925894,25.054165289851927,0],[121.47771587968236,25.053799031933753,0],[121.47772934153934,25.053769060435247,0],[121.47778060461134,25.053654924622833,0],[121.47789954995842,25.053390108473835,0],[121.47790462025128,25.053378825072404,0],[121.47791398446134,25.05335795805275,0],[121.47794082942802,25.05329820486106,0],[121.47801838672947,25.053125536334655,0],[121.47803059064506,25.05309834951578,0],[121.47805486107502,25.053044328413613,0],[121.47806693739523,25.053017467014463,0],[121.47807058013785,25.053008842892126,0],[121.4780742187117,25.053000217302504,0],[121.47807785310692,25.052991590254656,0],[121.47808148333343,25.05298296175758,0],[121.47808510938124,25.052974331793255,0],[121.47808873125047,25.052965700379715,0],[121.47809234894103,25.05295706750797,0],[121.47809596246289,25.052948433186984,0],[121.47809957179626,25.052939797416837,0],[121.4781031769609,25.052931160197456,0],[121.47810677793706,25.052922521528917,0],[121.47811037474452,25.05291388142018,0],[121.47811396736351,25.05290523987131,0],[121.47811755579397,25.05289659687327,0],[121.47812114005585,25.05288795244406,0],[121.47812472012919,25.05287930656569,0],[121.47812829601408,25.052870659256214,0],[121.47813186772045,25.052862010515593,0],[121.47813543523833,25.052853360334847,0],[121.47813899856779,25.052844708722994,0],[121.47814255771871,25.05283605568903,0],[121.47814611267133,25.052827401223993,0],[121.4781496634454,25.05281874532782,0],[121.47815321003105,25.052810088009572,0],[121.47815675242833,25.052801429269252,0],[121.47816029062729,25.052792769106883,0],[121.47816382463787,25.052784107531462,0],[121.47816735446003,25.052775444524944,0],[121.47817088009387,25.05276678011441,0],[121.47817440152939,25.052758114281822,0],[121.47817791877654,25.052749447036202,0],[121.47818143182545,25.05274077838659,0],[121.47818494068596,25.052732108314903,0],[121.47818844533838,25.052723436848286,0],[121.47819194580244,25.05271476396863,0],[121.47819544206824,25.052706089684982,0],[121.47819893414572,25.052697413997322,0],[121.47820242201512,25.052688736914746,0],[121.47820590568625,25.052680058428173,0],[121.47820938515919,25.05267137853762,0],[121.47821286043394,25.052662697261145,0],[121.47821633150059,25.052654014589745,0],[121.47821979837893,25.052645330514324,0],[121.47822326104921,25.052636645062034,0],[121.47822671951143,25.05262795821483,0],[121.47823017377543,25.052619269972666,0],[121.47823362383141,25.05261058035364,0],[121.47823706968921,25.052601889348683,0],[121.47824051132906,25.052593196957872,0],[121.47824394877078,25.05258450319015,0],[121.47824738200448,25.052575808045585,0],[121.47825081104003,25.052567111515085,0],[121.47825423585766,25.05255841361678,0],[121.47825765646728,25.052549714341605,0],[121.47826107286888,25.05254101368957,0],[121.47826448505256,25.052532311669733,0],[121.47826789303816,25.052523608282034,0],[121.47827129680589,25.05251490352652,0],[121.47827469636565,25.052506197412214,0],[121.4782780917075,25.052497489921073,0],[121.47828148283145,25.052488781071137,0],[121.4782848697475,25.052480070871454,0],[121.47828825245556,25.052471359303922,0],[121.47829163093589,25.05246264637765,0],[121.47829500520822,25.052453932092565,0],[121.4782983752628,25.052445216466772,0],[121.47830174108955,25.052436499473213,0],[121.47830510270845,25.052427781138903,0],[121.4783084601095,25.05241906145485,0],[121.47831181329276,25.05241034042105,0],[121.47831516224832,25.05240161804657,0],[121.47831850698606,25.05239289432234,0],[121.478321847506,25.0523841692574,0],[121.47832518379829,25.052375442860804,0],[121.47832851587279,25.052366715114474,0],[121.47833184371963,25.052357986036476,0],[121.47833686682607,25.052344779782963,0],[121.47834188005577,25.052331582589193,0],[121.47834521222865,25.052322791410592,0],[121.47834854011433,25.052313998882475,0],[121.4783518637128,25.05230520500485,0],[121.47835518301422,25.052296409786763,0],[121.4783584980384,25.052287613228145,0],[121.47836180877542,25.052278815329046,0],[121.47836511521538,25.05227001608948,0],[121.47836841736822,25.05226121551847,0],[121.47837171523392,25.05225241360696,0],[121.47837500880259,25.052243610364023,0],[121.47837829807423,25.052234805789663,0],[121.47838158305876,25.052225999883838,0],[121.4783848637562,25.05221719265558,0],[121.47838814015665,25.052208384095906,0],[121.47839141225019,25.05219957421385,0],[121.47839468005662,25.052190763000336,0],[121.478397943576,25.052181950473436,0],[121.47840120278852,25.052173136633183,0],[121.47840445770406,25.05216432147054,0],[121.47840770832265,25.052155504985492,0],[121.47841095464427,25.05214668719611,0],[121.47841419665906,25.052137868084355,0],[121.4784174343868,25.052129047668235,0],[121.47842066780774,25.052120225947792,0],[121.47842389692184,25.052111402914033,0],[121.478427121739,25.052102578575926,0],[121.47843034224937,25.0520937529335,0],[121.47843355846283,25.052084925986744,0],[121.4784367703695,25.052076097744717,0],[121.47843997797928,25.052067268198343,0],[121.47844318127238,25.052058437356713,0],[121.47844638026864,25.052049605228817,0],[121.47844957494816,25.052040771796637,0],[121.47845276533086,25.052031937078176,0],[121.47845595140677,25.05202310106444,0],[121.4784591331661,25.05201426377351,0],[121.47846231061862,25.052005425187307,0],[121.47846548376447,25.051996585323877,0],[121.47846865260351,25.05198774416518,0],[121.478471817126,25.051978901738313,0],[121.47847497734176,25.05197005802521,0],[121.4784781332409,25.0519612130349,0],[121.47848128483338,25.051952366776415,0],[121.4784844321092,25.051943519231706,0],[121.47848757506851,25.051934670427872,0],[121.47849071371117,25.051925820337825,0],[121.4784938480472,25.0519169689886,0],[121.47849697806666,25.051908116371234,0],[121.47850010375967,25.05189926249475,0],[121.47850322514603,25.051890407350097,0],[121.4785063422158,25.051881550937278,0],[121.47850945495915,25.051872693265352,0],[121.47851256338602,25.05186383434334,0],[121.47851566749632,25.051854974162186,0],[121.47851876729014,25.051846112721908,0],[121.47852230572411,25.05183597177608,0],[121.47852583424682,25.051825830862075,0],[121.47852922060595,25.05181611055647,0],[121.47853260106102,25.05180638855446,0],[121.4785359756219,25.051796664837955,0],[121.47853934426888,25.051786939434102,0],[121.47854270702172,25.05177721233381,0],[121.47854606386063,25.05176748353715,0],[121.47854941479551,25.051757753053124,0],[121.47855275982643,25.0517480208817,0],[121.47855609894341,25.051738287022964,0],[121.47855912072319,25.051729471443156,0],[121.47856213823619,25.051720654640185,0],[121.47856515147252,25.051711836632126,0],[121.47856816043215,25.051703017409963,0],[121.47857116512503,25.051694196982684,0],[121.47857416554126,25.051685375350324,0],[121.4785771616808,25.051676552503842,0],[121.47858015355365,25.051667728461272,0],[121.47858314113994,25.051658903213674,0],[121.47858612444954,25.051650076760968,0],[121.4785891034925,25.051641249121218,0],[121.47859207824891,25.05163242027642,0],[121.47859504872868,25.05162359023556,0],[121.47859801493186,25.051614759007684,0],[121.47860097684855,25.05160592658378,0],[121.47860393448862,25.051597092963814,0],[121.47860688785215,25.051588258165875,0],[121.47860983693907,25.051579422171883,0],[121.47861278172964,25.051570584999943,0],[121.47861572225354,25.051561746640953,0],[121.47861865848108,25.051552907104035,0],[121.47862159043208,25.051544066389116,0],[121.47862451809664,25.051535224496238,0],[121.47862744148468,25.051526381425358,0],[121.47863036057633,25.05151753717656,0],[121.4786332753915,25.05150869175879,0],[121.47863618591032,25.051499845163093,0],[121.47863909215269,25.051490997407452,0],[121.4786419940987,25.051482148473884,0],[121.47864489175834,25.05147329838042,0],[121.4786477851316,25.051464447127035,0],[121.47865067421847,25.051455594704727,0],[121.47865355901897,25.051446741122504,0],[121.47865643952322,25.05143788638945,0],[121.47865931573116,25.05142903048749,0],[121.47866218765277,25.05142017343466,0],[121.47866505528806,25.051411315230943,0],[121.47866791862711,25.051402455876385,0],[121.4786707776699,25.051393595361965,0],[121.47867363241647,25.051384733705717,0],[121.47867648287671,25.051375870898603,0],[121.47867932904077,25.051367006949672,0],[121.47868217090861,25.05135814185892,0],[121.47868500848027,25.05134927562637,0],[121.47868784175573,25.051340408252003,0],[121.47869067073498,25.051331539735813,0],[121.47869349541809,25.05132267008684,0],[121.47869631579509,25.051313799305117,0],[121.47869913188585,25.05130492738154,0],[121.47870194367056,25.05129605433425,0],[121.4787047511492,25.051287180154205,0],[121.47870755434163,25.05127830485037,0],[121.47871035321812,25.05126942842284,0],[121.47871314780836,25.0512605508625,0],[121.47871593808267,25.051251672178456,0],[121.47871872407083,25.05124279237967,0],[121.47872150574301,25.051233911457185,0],[121.47872428311913,25.051225029419978,0],[121.47872705618926,25.051216146268064,0],[121.47872982495338,25.05120726200147,0],[121.47873258941154,25.051198376620167,0],[121.47873534956373,25.05118949013321,0],[121.47873810540992,25.051180602531552,0],[121.47874104049806,25.051171121981277,0],[121.47874397059567,25.05116164014698,0],[121.47874689570277,25.05115215703767,0],[121.47874981580942,25.051142672644378,0],[121.47875273092559,25.051133186985098,0],[121.47875564104137,25.051123700050862,0],[121.47875854615674,25.05111421184165,0],[121.47876144628165,25.051104722366475,0],[121.47876434141608,25.051095231625325,0],[121.47876723154025,25.05108573961827,0],[121.47877011667394,25.051076246345232,0],[121.47877299679745,25.051066751824354,0],[121.47877587193048,25.051057256037506,0],[121.4787788337069,25.051047465311637,0],[121.47878178997705,25.051037673213127,0],[121.47878474075088,25.051027879741927,0],[121.47878768602831,25.051018084889023,0],[121.4787906257995,25.051008288663475,0],[121.47879356007437,25.050998491074267,0],[121.47879648883311,25.05098869211244,0],[121.47879941209555,25.050978891796,0],[121.47880232986171,25.05096909011591,0],[121.47880524211175,25.050959287072235,0],[121.4788081488556,25.050949482673968,0],[121.47881086101873,25.05094032307707,0],[121.47881356858841,25.050931162357383,0],[121.47881627157456,25.050922000505842,0],[121.47881896997723,25.050912837540505,0],[121.47882166377654,25.050903673452414,0],[121.47882435299236,25.05089450824149,0],[121.4788270376148,25.050885341916814,0],[121.47882971764382,25.05087617446934,0],[121.47883239307947,25.050867005917134,0],[121.47883506392175,25.050857836251165,0],[121.47883773017068,25.05084866548046,0],[121.47884039182624,25.050839493595998,0],[121.47884304888844,25.050830320606803,0],[121.47884570134738,25.050821146512902,0],[121.47884834921302,25.0508119713233,0],[121.4788509924853,25.05080279502896,0],[121.4788536311643,25.050793617638917,0],[121.47885626524007,25.050784439153198,0],[121.47885889471262,25.05077525957181,0],[121.4788615195919,25.05076607890375,0],[121.47886413987789,25.050756897139976,0],[121.47886675555078,25.050747714289603,0],[121.4788693666304,25.050738530352547,0],[121.47887197310688,25.05072934532885,0],[121.47887457499009,25.05072015922751,0],[121.47887717226023,25.050710972039553,0],[121.4788797737688,25.05070175091924,0],[121.47888237074368,25.050692528739148,0],[121.47888496320469,25.050683305508237,0],[121.47888755114197,25.050674081217515,0],[121.47889013454554,25.050664855876047,0],[121.47889271343533,25.050655629492777,0],[121.47889528779143,25.050646402049733,0],[121.47889785763374,25.050637173564898,0],[121.4789004229424,25.050627944029305,0],[121.47890298372738,25.05061871346099,0],[121.47890553997871,25.050609481841917,0],[121.47890809170637,25.050600249190126,0],[121.47891063891032,25.050591015496572,0],[121.4789131815807,25.050581780770326,0],[121.4789157197175,25.050572545011377,0],[121.47891825333065,25.050563308219697,0],[121.4789207824102,25.05055407039534,0],[121.47892330696611,25.050544831547278,0],[121.47892582698849,25.050535591666513,0],[121.4789283424773,25.05052635076209,0],[121.47893085343259,25.050517108833994,0],[121.47893335985438,25.050507865891266,0],[121.47893558747646,25.050499625065648,0],[121.47893781506316,25.050491375211973,0],[121.47894042168993,25.050481708554397,0],[121.47894302320783,25.05047204075763,0],[121.47894561961694,25.05046237182168,0],[121.47894821091722,25.050452701755578,0],[121.47895079710865,25.050443030541274,0],[121.47895337819132,25.050433358205847,0],[121.47895595416514,25.050423684731236,0],[121.47895852503022,25.05041401013551,0],[121.4789610907865,25.050404334409627,0],[121.47896365142411,25.050394657562656,0],[121.47896620695298,25.050384979594554,0],[121.47896875736316,25.050375300505376,0],[121.47897130266462,25.050365620295064,0],[121.47897384284744,25.050355938972697,0],[121.47897637792157,25.05034625654726,0],[121.47897890787705,25.05033657300074,0],[121.478981326392,25.05032729642188,0],[121.47898374029428,25.050318018855734,0],[121.47898614958382,25.050308740284223,0],[121.47898855428058,25.050299460734387,0],[121.47899095436462,25.050290180188227,0],[121.47899334983602,25.05028089865478,0],[121.47899574069477,25.05027161613404,0],[121.47899812695076,25.05026233262597,0],[121.47900050860405,25.050253048139616,0],[121.47900288563481,25.050243762675013,0],[121.47900525806284,25.05023447622309,0],[121.47900762587827,25.05022518880194,0],[121.4790099890811,25.05021590040252,0],[121.47901234767136,25.05020661103386,0],[121.47901470164904,25.050197320695975,0],[121.47901705100422,25.050188029388874,0],[121.47901939575674,25.050178737112507,0],[121.47902173589667,25.050169443866917,0],[121.47902407141417,25.05016014966115,0],[121.47902640232904,25.05015085449514,0],[121.47902872861154,25.05014155836899,0],[121.47903105029148,25.050132261291633,0],[121.47903336734895,25.050122963254097,0],[121.4790356797939,25.05011366425635,0],[121.47903798761646,25.050104364316493,0],[121.4790402908265,25.05009506341644,0],[121.47904258941419,25.050085761574252,0],[121.47904488337949,25.05007645878996,0],[121.47904610293628,25.050071498420163,0],[121.479047322493,25.050066538050356,0],[121.47904955678709,25.0500574371556,0],[121.47905178661757,25.050048335354322,0],[121.47905401199435,25.05003923265552,0],[121.47905623291737,25.050030129041158,0],[121.47905844936687,25.05002102452933,0],[121.47906066136265,25.05001191912,0],[121.47906286890478,25.050002812813144,0],[121.47906507198327,25.049993705608806,0],[121.47906727059818,25.04998459750698,0],[121.47906946474953,25.049975488516694,0],[121.47907165444718,25.04996637862889,0],[121.47907383967134,25.049957267852687,0],[121.47907602044192,25.049948156197,0],[121.47907819673901,25.049939043652895,0],[121.47908036858244,25.049929930220305,0],[121.47908253596235,25.049920815908287,0],[121.47908469886882,25.049911700716873,0],[121.4790868573118,25.049902584646027,0],[121.47908901129126,25.049893467704784,0],[121.47909116080722,25.049884349884124,0],[121.47909330585968,25.049875231193067,0],[121.47909544643869,25.049866111622606,0],[121.4790975825543,25.049856991190776,0],[121.47909971419648,25.04984786988858,0],[121.47910184137524,25.049838747725023,0],[121.47910396409054,25.049829624700084,0],[121.47910608233245,25.049820500804785,0],[121.47910819610105,25.049811376057182,0],[121.47911030540617,25.04980225043917,0],[121.47911241023802,25.04979312397789,0],[121.47911451059649,25.04978399665527,0],[121.47911660648167,25.049774868480334,0],[121.47911869790344,25.04976573945306,0],[121.47912078485193,25.04975660958251,0],[121.47912293691962,25.04974716776999,0],[121.47912508437516,25.049737725087535,0],[121.47912722722847,25.04972828154418,0],[121.47912936548948,25.049718837130833,0],[121.47913149913836,25.04970939184756,0],[121.47913362818502,25.04969994570338,0],[121.47913575262953,25.049690498707296,0],[121.47913787246192,25.04968105085033,0],[121.47913998769212,25.049671602132435,0],[121.47914209832017,25.049662152562647,0],[121.47914420433614,25.049652702141003,0],[121.47914630574996,25.04964325086746,0],[121.4791484025517,25.049633798742068,0],[121.47915049475131,25.0496243457738,0],[121.47915258233888,25.049614891953677,0],[121.47915466076519,25.049605452526794,0],[121.47915673444065,25.04959601223948,0],[121.47915880336524,25.049586571082695,0],[121.47916086753895,25.049577129056445,0],[121.47916292695194,25.04956768617881,0],[121.47916498162401,25.04955824244071,0],[121.47916703153531,25.0495487978422,0],[121.47916907668592,25.049539352392312,0],[121.47917111709562,25.04952990608195,0],[121.4791731527446,25.04952045892924,0],[121.47917518363286,25.049511010916117,0],[121.47917720977036,25.049501562060616,0],[121.47917923115708,25.04949211236273,0],[121.47918124777321,25.049482661822527,0],[121.47918325964852,25.049473210439917,0],[121.47918526675323,25.049463758214987,0],[121.47918726910723,25.049454305156697,0],[121.47918926670056,25.049444851256055,0],[121.4791912595333,25.049435396531116,0],[121.47919320569544,25.04942614545954,0],[121.47919514191172,25.049416885391878,0],[121.47919766644672,25.049404822190688,0],[121.47920018273008,25.04939275756253,0],[121.47920269078165,25.049380691516376,0],[121.47920519060136,25.04936862404319,0],[121.47920768216952,25.049356555161104,0],[121.47921023893477,25.04934412569321,0],[121.4792127871906,25.049331694781134,0],[121.47921532693701,25.049319262424866,0],[121.47921790733038,25.049306594014606,0],[121.47922048055315,25.04929392439056,0],[121.47922304657561,25.04928125356187,0],[121.4792256054275,25.049268581519406,0],[121.47922933875266,25.049249971550523,0],[121.47923305225576,25.04923136164546,0],[121.47923525558419,25.04922029604857,0],[121.47923745068115,25.04920922908786,0],[121.47923963753676,25.049198160772395,0],[121.479241816161,25.0491870911202,0],[121.47924398653396,25.049176020113276,0],[121.47924604206003,25.04916643720249,0],[121.47924806335092,25.049156848244944,0],[121.4792500503674,25.0491472533491,0],[121.47925200309,25.049137652605307,0],[121.47925392151917,25.049128046130907,0],[121.47925580560576,25.04911843401639,0],[121.47925765535015,25.049108816370037,0],[121.47925947072304,25.049099193291294,0],[121.47926125171493,25.049089564888504,0],[121.4792629982964,25.049079931243032,0],[121.4792647104581,25.049070292481304,0],[121.47926638817057,25.049060648693672,0],[121.47926803142434,25.04905099997952,0],[121.47926964020002,25.04904134644722,0],[121.47927121448808,25.04903168818708,0],[121.47927275424934,25.049022025325637,0],[121.479274259494,25.049012357944104,0],[121.47927573019285,25.04900268615092,0],[121.47927729265768,25.048992158936247,0],[121.47927881336912,25.048981626656047,0],[121.47928029230783,25.04897108943682,0],[121.47928172945456,25.04896054742303,0],[121.47928312478994,25.04895000074117,0],[121.47928447828494,25.048939449544793,0],[121.47928578994,25.048928893960294,0],[121.47928616454854,25.048925832219222,0],[121.4792865391571,25.04892277047815,0],[121.47928767717852,25.048913173328263,0],[121.47928878106478,25.04890357286683,0],[121.4792898508262,25.048893969202165,0],[121.47929088643346,25.048884362424637,0],[121.47929188788697,25.048874752651617,0],[121.47929285516724,25.04886513996442,0],[121.47929378826485,25.04885552448043,0],[121.4792946871802,25.04884590629899,0],[121.4792955519037,25.048836285510376,0],[121.47929638240609,25.048826662223032,0],[121.4792971786976,25.048817036527215,0],[121.4792979407688,25.04880740854032,0],[121.4792986686102,25.04879777836167,0],[121.47929936220225,25.048788146072592,0],[121.47930002155539,25.048778511799462,0],[121.47930066511569,25.04876862383294,0],[121.47930127270308,25.048758733978232,0],[121.47930184431804,25.048748842343663,0],[121.47930237996101,25.048738949037585,0],[121.47930287962248,25.048729054177386,0],[121.47930334328304,25.04871915785341,0],[121.47930377096296,25.04870926018295,0],[121.47930416263299,25.048699361283482,0],[121.4793045183034,25.04868946125428,0],[121.47930483796473,25.048679560203695,0],[121.47930512162736,25.048669658249075,0],[121.47930536926192,25.04865975548079,0],[121.47930558088872,25.04864985202517,0],[121.47930575648839,25.048639947990615,0],[121.47930589607121,25.048630043476408,0],[121.4793059954145,25.048620683749444,0],[121.47930606267643,25.04861132379194,0],[121.4793060978474,25.04860196368518,0],[121.47930610092781,25.048592603528473,0],[121.47930607192792,25.048583243403037,0],[121.47930601083816,25.048573883408206,0],[121.47930591765888,25.048564523625252,0],[121.47930579240044,25.048555164162455,0],[121.47930563505324,25.04854580510111,0],[121.4793054456176,25.048536446531497,0],[121.47930522411377,25.048527088543835,0],[121.47930497052224,25.048517731237492,0],[121.47930468485332,25.048508374693682,0],[121.47930436711722,25.04849901900267,0],[121.4793040173045,25.048489664272793,0],[121.47930363543526,25.048480310576252,0],[121.47930322149006,25.04847095801238,0],[121.479302775499,25.048461606671378,0],[121.47930229744259,25.0484522566436,0],[121.47930178734109,25.048442908028278,0],[121.47930124519478,25.04843356090666,0],[121.47930067100404,25.04842421536903,0],[121.47930006477921,25.048414871514662,0],[121.47929942653045,25.048405529424777,0],[121.47929875625819,25.048396189198687,0],[121.47929805397268,25.048386850926633,0],[121.47929731967434,25.0483775146989,0],[121.47929655337337,25.048368180605728,0],[121.47929575508006,25.04835884873737,0],[121.47929492480468,25.048349519184068,0],[121.4792940625476,25.048340192036115,0],[121.4792931683191,25.04833086739277,0],[121.47929224212945,25.048321545335266,0],[121.47929128398887,25.04831222595384,0],[121.47929029390772,25.048302909347772,0],[121.47928927189622,25.048293595607305,0],[121.47928821795469,25.0482842848137,0],[121.47928713210341,25.048274977066196,0],[121.47928601435257,25.048265672455035,0],[121.47928486471245,25.048256371070465,0],[121.47928368318344,25.048247072993753,0],[121.47928246979559,25.048237778324083,0],[121.47928122453943,25.04822848716081,0],[121.47927994744498,25.048219199576067,0],[121.47927863852253,25.048209915678143,0],[121.47927729778232,25.04820063553924,0],[121.47927592522477,25.04819135926769,0],[121.47927452088983,25.04818208694462,0],[121.47927308475805,25.04817281866036,0],[121.47927161687932,25.04816355450504,0],[121.47927011723422,25.048154294569006,0],[121.47926858586274,25.048145038951436,0],[121.47926702276524,25.048135787733564,0],[121.47926542796185,25.0481265409966,0],[121.47926380147283,25.048117298857825,0],[121.47926214330838,25.048108061380407,0],[121.47926089776138,25.048101231111765,0],[121.47925963242885,25.048094409935054,0],[121.47925653646087,25.048078053186998,0],[121.47925334097467,25.048061712324383,0],[121.4792512580998,25.048051287619742,0],[121.47924912726988,25.048040870960357,0],[121.47924712565259,25.048031262189745,0],[121.47924508980812,25.04802165938875,0],[121.47924301975672,25.048012062665652,0],[121.47924091552846,25.048002472101604,0],[121.47923877712383,25.047992887823003,0],[121.47923660458274,25.047983309910972,0],[121.47923439792554,25.04797373847377,0],[121.47923215718227,25.04796417361062,0],[121.47922988235338,25.04795461542985,0],[121.47922757348879,25.047945064021572,0],[121.47922523059886,25.047935519494093,0],[121.47922285370377,25.04792598194667,0],[121.47922044284356,25.04791645146944,0],[121.47921799803845,25.047906928179696,0],[121.47921551930868,25.04789741216767,0],[121.47921300668435,25.047887903532555,0],[121.47921046018566,25.04787840237359,0],[121.47920787985274,25.047868908808034,0],[121.47920526570569,25.04785942290803,0],[121.47920261776481,25.047849944799903,0],[121.4791999360701,25.047840474564772,0],[121.47919722064181,25.047831012310922,0],[121.47919447151,25.04782155813755,0],[121.47919168870487,25.047812112143866,0],[121.4791888530643,25.047802609271855,0],[121.47918598342449,25.04779311486948,0],[121.47918307979575,25.047783629045043,0],[121.47918014222806,25.04777415189769,0],[121.4791771707416,25.047764683526676,0],[121.47917416536657,25.047755224040227,0],[121.47917112615283,25.04774577352845,0],[121.47916805311078,25.047736332099674,0],[121.4791649462804,25.047726899853057,0],[121.47916180570174,25.047717476887787,0],[121.47915863140494,25.047708063303066,0],[121.47915542341022,25.047698659198137,0],[121.47915218177741,25.047689264672126,0],[121.47914890651683,25.047679879833318,0],[121.4791456587497,25.047670678907878,0],[121.47914237861283,25.047661487512112,0],[121.47913906614629,25.047652305745196,0],[121.47913572139005,25.047643133697285,0],[121.47913234436429,25.047633971467608,0],[121.47912893511896,25.04762481914631,0],[121.47912549368417,25.047615676823543,0],[121.47912202009995,25.047606544607522,0],[121.47911851438646,25.04759742257946,0],[121.47911497658367,25.04758831082946,0],[121.4791114067416,25.04757920946573,0],[121.47910780489026,25.04757011856941,0],[121.47910417105982,25.047561038239714,0],[121.4791005053002,25.04755196857579,0],[121.47909680763152,25.04754290965882,0],[121.47909307811369,25.04753386158791,0],[121.47908931676682,25.047524824453294,0],[121.47908523323682,25.047515110390837,0],[121.47908111291049,25.047505409230713,0],[121.47907695585768,25.047495721090108,0],[121.47907276212833,25.047486046068123,0],[121.47906853175272,25.047476384300094,0],[121.47906426480058,25.047466735885102,0],[121.47905996131209,25.047457100949412,0],[121.47905562133721,25.047447479601182,0],[121.47905124494578,25.04743787195757,0],[121.47904683216795,25.0474282781268,0],[121.4790423830637,25.047418698235077,0],[121.47903789768297,25.04740913239057,0],[121.479033235501,25.047400563946994,0],[121.47902854420448,25.047392008696956,0],[121.47902382383336,25.047383466721545,0],[121.47901907443759,25.047374938119937,0],[121.47901429606696,25.04736642295514,0],[121.47900948876152,25.047357921317325,0],[121.47900465256116,25.047349433287597,0],[121.47899978752565,25.04734095893799,0],[121.47899489369505,25.04733249836768,0],[121.47898997111916,25.047324051648744,0],[121.47898501984787,25.047315618862253,0],[121.47898003991122,25.047307200089353,0],[121.47897503137891,25.047298795411105,0],[121.47896999429088,25.04729040489957,0],[121.47896492868713,25.047282028653928,0],[121.4789598346274,25.047273666737205,0],[121.47895471215165,25.047265319239532,0],[121.47894956131968,25.047256986232934,0],[121.47894438218135,25.047248667807533,0],[121.4789391747667,25.047240364035453,0],[121.47893393914542,25.04723207499773,0],[121.47892867536734,25.047223800775434,0],[121.47892338347248,25.047215541449702,0],[121.47892011310763,25.0472104601322,0],[121.4789168229575,25.047205387906523,0],[121.47891166309564,25.047197461391683,0],[121.4789064772445,25.047189548954027,0],[121.47890126544407,25.04718165068369,0],[121.47889602776391,25.047173766634632,0],[121.47889076423412,25.04716589688797,0],[121.47888547490449,25.047158041506773,0],[121.4788801598149,25.04715020056313,0],[121.47887481902515,25.04714237412906,0],[121.47886945258503,25.047134562267612,0],[121.47886406053445,25.047126765059865,0],[121.47885864291334,25.047118982568943,0],[121.47885319979137,25.047111214866806,0],[121.47884773119853,25.04710346202559,0],[121.4788422371945,25.047095724099268,0],[121.47883671781929,25.04708800117799,0],[121.47883117313253,25.047080293315734,0],[121.47882560318412,25.047072600584553,0],[121.47882000800405,25.0470649230656,0],[121.4788143876718,25.047057260803765,0],[121.47880874221747,25.04704961388923,0],[121.47880307169079,25.047041982375994,0],[121.4787973761516,25.04703436634511,0],[121.47879165564962,25.04702676585059,0],[121.4787859102347,25.047019180973532,0],[121.47878013995668,25.047011611776952,0],[121.47877434486531,25.047004058314865,0],[121.47876852501051,25.046996520677393,0],[121.47876268046183,25.046988998918472,0],[121.4787568112493,25.046981493110216,0],[121.47875091743265,25.046974003315654,0],[121.47874499907158,25.046966529606788,0],[121.478739056206,25.046959072046704,0],[121.47873308890557,25.04695163069836,0],[121.47872709721015,25.04694420563385,0],[121.47872108117951,25.046936796925205,0],[121.47871504086345,25.046929404626432,0],[121.47870897632164,25.04692202880956,0],[121.47870288760394,25.046914669537628,0],[121.47869677476011,25.046907326873654,0],[121.47869063785987,25.046900000898678,0],[121.47868447694304,25.04689269166673,0],[121.47867829206939,25.04688539924082,0],[121.47867208329853,25.04687812368394,0],[121.47866585068043,25.04687086507719,0],[121.47865959427467,25.046863623465494,0],[121.47865331413114,25.046856398929965,0],[121.4786470103095,25.04684919152457,0],[121.47864068286948,25.046842001321323,0],[121.47863433186087,25.04683482837425,0],[121.47862795735334,25.04682767275535,0],[121.47862155938674,25.04682053452767,0],[121.4786151380307,25.046813413754187,0],[121.478608693335,25.04680631049794,0],[121.4786022253594,25.04679922482193,0],[121.47859573416356,25.046792156789152,0],[121.47858921980722,25.046785106462607,0],[121.47858268235011,25.046778073914332,0],[121.47857612184198,25.046771059198328,0],[121.47856953834251,25.04676406236857,0],[121.47856293192139,25.046757083506083,0],[121.4785563026185,25.046750122664903,0],[121.47854965051326,25.04674317989894,0],[121.47854297565561,25.046736255289282,0],[121.47853627810517,25.046729348880884,0],[121.47852955793157,25.0467224607367,0],[121.47852281517467,25.04671559092884,0],[121.47851598990285,25.04670867982999,0],[121.47850914179186,25.046701787519673,0],[121.47850227089144,25.04669491404287,0],[121.47849537728116,25.04668805948057,0],[121.47848846101081,25.046681223877755,0],[121.47848152214006,25.04667440729743,0],[121.47847456074851,25.04666760982057,0],[121.47846757688588,25.046660831492176,0],[121.47846057062178,25.04665407237519,0],[121.47845354201594,25.04664733253264,0],[121.47844649113799,25.046640612027492,0],[121.4784394180377,25.04663391092277,0],[121.47843232279457,25.0466272292814,0],[121.47842520547822,25.046620567148327,0],[121.47841806612857,25.04661392460465,0],[121.47841090483499,25.046607301704242,0],[121.47840372164727,25.046600698492107,0],[121.47839651664495,25.046594115049206,0],[121.47838928987781,25.046587551429564,0],[121.47838204142536,25.046581007687095,0],[121.4783747713374,25.046574483884818,0],[121.4783674796934,25.046567980085673,0],[121.47836016656298,25.04656149633459,0],[121.47835283199595,25.046555032712636,0],[121.47834547607178,25.04654858925568,0],[121.47833809885023,25.04654216604477,0],[121.4783307004107,25.046535763115767,0],[121.47832328080307,25.046529380549753,0],[121.47831584011665,25.046523018382548,0],[121.47830837839143,25.046516676686263,0],[121.47830089571674,25.046510355514762,0],[121.47829339215231,25.046504054931045,0],[121.47828586777759,25.04649777498,0],[121.4782783226424,25.046491515724654,0],[121.47827075682625,25.046485277227955,0],[121.4782631703888,25.046479059543856,0],[121.47825556341944,25.046472862717238,0],[121.47824793595808,25.04646668682017,0],[121.47824028810399,25.046460531906508,0],[121.47823261990699,25.04645439802122,0],[121.4782249314465,25.046448285227246,0],[121.47821722278228,25.046442193578578,0],[121.47820949399382,25.046436123138133,0],[121.47820121435902,25.046430369931073,0],[121.47819292300585,25.04642463074581,0],[121.4781846199641,25.046418905600326,0],[121.4781763052537,25.046413194521627,0],[121.47816797891436,25.046407497527635,0],[121.47815964097586,25.046401814636315,0],[121.47815129145813,25.046396145865653,0],[121.478142930391,25.046390491242637,0],[121.47813455780418,25.046384850776185,0],[121.47812617372755,25.046379224484287,0],[121.4781177781909,25.046373612402927,0],[121.47810937122404,25.046368014541052,0],[121.47810095285675,25.046362430916613,0],[121.47809252311885,25.046356861547583,0],[121.47808408203025,25.046351306460952,0],[121.47807562963064,25.046345765665635,0],[121.47806716594984,25.04634023918862,0],[121.4780586909978,25.04633472704793,0],[121.4780502048341,25.046329229261424,0],[121.47804170745881,25.046323745847165,0],[121.47803319892154,25.046318276832057,0],[121.47802467925206,25.04631282221602,0],[121.4780161484604,25.04630738203512,0],[121.47800760659617,25.04630195630726,0],[121.47799905367921,25.046296545041404,0],[121.47799048973944,25.04629114826453,0],[121.47798191480652,25.046285765985576,0],[121.47797332891035,25.04628039823152,0],[121.47796473208071,25.046275045029354,0],[121.4779561243573,25.046269706378954,0],[121.4779475057501,25.04626438230737,0],[121.47793887629881,25.04625907283251,0],[121.47793023604316,25.046253777972325,0],[121.47792135457227,25.046248358441826,0],[121.47791246185383,25.04624295423159,0],[121.47791246185383,25.04624295423159,0],[121.47790355793744,25.046237565359498,0],[121.47789464283306,25.04623219184357,0],[121.47788571659035,25.04622683370171,0],[121.47787677922923,25.046221490960928,0],[121.47786783078939,25.04621616363916,0],[121.4778588713006,25.04621085174533,0],[121.47784990079269,25.046205555306422,0],[121.4778409193054,25.046200274340368,0],[121.47782292349196,25.04618975890774,0],[121.47781390924524,25.046184524477024,0],[121.47780488412842,25.04617930559102,0],[121.47779584820104,25.046174102276627,0],[121.47778680147303,25.046168914542832,0],[121.47777800630088,25.046163893146154,0],[121.47776038545842,25.046153894813482,0],[121.47774272415714,25.04614395589647,0],[121.47772502265514,25.046134076520662,0],[121.47770728118087,25.046124256829767,0],[121.47768949998263,25.04611449694937,0],[121.47763592044737,25.046085577553587,0],[121.47760000660269,25.0460665994529,0],[121.47759100415064,25.04606189276361,0],[121.47715583512387,25.045858181126373,0],[121.47708005742075,25.045826088845892,0],[121.47734457822541,25.045248290742265,0]]}},{"type":"Feature","properties":{"cadgeom_type":"CADLWPolyline","thickness":0,"color":"#FF0000FF"},"geometry":{"type":"LineString","coordinates":[[121.39475174606626,24.96883954068662,0],[121.39522896807277,24.968878105778554,0],[121.39524998115473,24.968879802665793,0],[121.39531775606044,24.96888528524029,0],[121.39544978880168,24.968895953989698,0],[121.39544978880168,24.968895953989698,0],[121.39613576342535,24.968963664619295,0],[121.39664969008557,24.96919167418193,0],[121.39721158877988,24.969235161861917,0],[121.39800996116782,24.969269391321568,0],[121.39849228967398,24.969292826238185,0],[121.3990620970091,24.96931526853416,0],[121.39975686030819,24.96933495922719,0],[121.400152764355,24.969342411963922,0],[121.40064752130006,24.96934788396963,0],[121.40097064934588,24.969349154155715,0],[121.40097064934588,24.969349154155715,0],[121.40097064934588,24.969349154155715,0],[121.402588855873,24.96934176877002,0],[121.402588855873,24.96934176877002,0],[121.40321196576016,24.969337318965685,0],[121.40359399794431,24.969341358882712,0]]}},{"type":"Feature","properties":{"cadgeom_type":"CADLWPolyline","thickness":0,"color":"#FF0000FF"},"geometry":{"type":"LineString","coordinates":[[121.4003669612224,24.96407931592086,0],[121.40094698536817,24.964065783899937,0],[121.40112375977675,24.964066021085085,0],[121.40131731943433,24.964065716271712,0],[121.40169058874807,24.9640667954252,0],[121.40169058874807,24.9640667954252,0],[121.40169058874807,24.9640667954252,0],[121.40292323293855,24.964061535220292,0],[121.40316716849892,24.964058354916023,0],[121.40349468152866,24.964053078129137,0],[121.40373330674934,24.964053239885356,0],[121.40512628474144,24.96405269359658,0],[121.40644998641953,24.964051404665398,0],[121.40644998641953,24.964051404665398,0],[121.40644998641953,24.9640514046654,0],[121.40694394929746,24.964021237857967,0],[121.40743514777517,24.9639649083232,0],[121.40743514777517,24.963964908323195,0],[121.40785795347124,24.963883400159506,0],[121.40827485849782,24.963779665568033,0],[121.40868445802481,24.963654054105852,0],[121.40868445802481,24.963654054105852,0],[121.40892482808692,24.963570037251852,0],[121.40916060955541,24.963475833172986,0],[121.40924329403721,24.96343901857806,0],[121.40924329403721,24.96343901857806,0],[121.40942148618188,24.963361069163334,0],[121.40959461448892,24.963274152686342,0],[121.4097621364912,24.96317854149054,0]]}},{"type":"Feature","properties":{"cadgeom_type":"CADLWPolyline","thickness":0,"color":"#FF0000FF"},"geometry":{"type":"LineString","coordinates":[[121.41097570528767,24.970175441850515,0],[121.4108635455762,24.97014977530014,0],[121.41075235770874,24.970128296865738,0],[121.4106474760081,24.97010892259863,0],[121.41033117709848,24.970050506163055,0],[121.40994678231345,24.969979510209917,0],[121.40985358519326,24.969962297078563,0],[121.40973542366484,24.969937415362566,0],[121.40947562093909,24.969882705499188,0],[121.40892569826745,24.96976689449859,0],[121.4088013149674,24.969750326104865,0],[121.40789656661033,24.969629724996704,0],[121.4077097201028,24.969604993698002,0],[121.4076753521546,24.96960102591832,0],[121.40765235850989,24.969599048174747,0],[121.40762931698748,24.969597605938976,0],[121.40760624202892,24.969596528614733,0],[121.40680641731124,24.969522788253315,0],[121.40666168185132,24.969509442586308,0],[121.40662750241341,24.969506466328042,0],[121.40591752859802,24.96946239546929,0],[121.4058616335735,24.96945972729496,0],[121.40573751018584,24.969453812710725,0],[121.40569381556375,24.969451728869473,0],[121.405662612314,24.969450242969067,0],[121.4055916470264,24.969446852071094,0],[121.40535895996781,24.969435918705397,0],[121.40514647729948,24.969425787686475,0],[121.40489822080498,24.96941394438372,0],[121.40470051001442,24.969413380446184,0],[121.40466132847531,24.96941329734327,0],[121.4044211595062,24.969412823472986,0],[121.40434597462924,24.969412673425428,0],[121.40427581234418,24.969412529897728,0],[121.40423411493065,24.96941239031542,0],[121.40409144047415,24.969411315010802,0],[121.40404884030609,24.969410726412878,0],[121.4038437857728,24.969408727713482,0],[121.40374635548844,24.969407770772268,0],[121.40374606130369,24.969342791663884,0],[121.40359400001529,24.969341358904614,0]]}},{"type":"Feature","properties":{"cadgeom_type":"CADLWPolyline","thickness":0,"color":"#FF0000FF"},"geometry":{"type":"LineString","coordinates":[[121.40359431044226,24.969342391263098,0],[121.40359400113377,24.969342390484098,0],[121.40345080318978,24.96934271429353,0],[121.40332719278535,24.96934299369947,0],[121.4031602431674,24.96934498967142,0],[121.40291593688589,24.96934564194186,0],[121.40274316389025,24.969347743487067,0],[121.40254922149333,24.969348620050962,0],[121.40230771924207,24.969349624873622,0],[121.40227326578774,24.969350693014498,0],[121.40222214002507,24.969350704736673,0],[121.40205420664894,24.9693517180441,0],[121.4018418227402,24.969352670566742,0],[121.40178116648934,24.96935188628504,0],[121.40152849822556,24.969353539010335,0],[121.40042341589887,24.969350769143105,0],[121.39975196782169,24.96933860534644,0],[121.39941764574345,24.969329604331527,0],[121.3990639876318,24.969320074003363,0],[121.39832640057672,24.96929029656448,0],[121.39767403454245,24.96925574665893,0],[121.39711040073249,24.969221092691193,0],[121.39685426677178,24.969199455016913,0],[121.39664574954287,24.969189053021122,0],[121.39627323005675,24.969117945003514,0],[121.3962628460049,24.969112740916103,0],[121.39625242856883,24.969107592568594,0],[121.39624197810855,24.969102500138966,0],[121.39623149498529,24.969097463803188,0],[121.3962209795614,24.969092483735366,0],[121.39621043220033,24.969087560107653,0],[121.39619985326668,24.969082693090183,0],[121.39618924312607,24.969077882851213,0],[121.39617996620626,24.969073734931367,0],[121.39617066608136,24.969069630417582,0],[121.39616134299581,24.96906556941773,0],[121.39615199719465,24.969061552038536,0],[121.39614262892343,24.969057578385563,0],[121.3961332384284,24.96905364856325,0],[121.39612382595635,24.96904976267486,0],[121.39611439175462,24.96904592082254,0],[121.39610493607118,24.969042123107243,0],[121.39609545915451,24.969038369628777,0],[121.39608596125362,24.969034660485786,0],[121.39607644261821,24.969030995775732,0],[121.39606690349838,24.96902737559495,0],[121.39605734414484,24.969023800038556,0],[121.3960477648088,24.969020269200534,0],[121.39603816574203,24.969016783173668,0],[121.39602854719678,24.969013342049582,0],[121.39601890942583,24.969009945918696,0],[121.39600925268248,24.96900659487027,0],[121.39599957722051,24.969003288992358,0],[121.3959898832942,24.96900002837186,0],[121.3959801711583,24.96899681309446,0],[121.39597044106804,24.968993643244648,0],[121.39596069327918,24.96899051890574,0],[121.39595092804784,24.968987440159836,0],[121.39594114563066,24.968984407087856,0],[121.39593134628477,24.968981419769495,0],[121.39592153026766,24.96897847828328,0],[121.3959116978373,24.968975582706495,0],[121.39590184925213,24.968972733115248,0],[121.39589198477091,24.96896992958443,0],[121.39588210465296,24.968967172187714,0],[121.39587220915787,24.96896446099757,0],[121.39586229854575,24.96896179608524,0],[121.39585237307699,24.968959177520755,0],[121.3958424330125,24.968956605372956,0],[121.39583247861344,24.96895407970942,0],[121.3958225101415,24.968951600596526,0],[121.39581252785858,24.968949168099424,0],[121.39580253202708,24.96894678228205,0],[121.39579252290963,24.9689444432071,0],[121.39578250076931,24.968942150936044,0],[121.39577246586954,24.96893990552912,0],[121.39576241847396,24.96893770704534,0],[121.39575235884666,24.968935555542487,0],[121.39574228725203,24.9689334510771,0],[121.39573220395475,24.968931393704477,0],[121.39572210921978,24.9689293834787,0],[121.39571082346495,24.968927193981017,0],[121.39569952410014,24.96892506361001,0],[121.39568821149814,24.968922992435942,0],[121.39567688603216,24.96892098052716,0],[121.3956655480759,24.968919027950022,0],[121.39565419800334,24.96891713476896,0],[121.395642836189,24.968915301046437,0],[121.39563146300767,24.968913526842943,0],[121.39562007883461,24.968911812217016,0],[121.39560868404543,24.96891015722522,0],[121.39559727901599,24.96890856192215,0],[121.39544598193085,24.968893055985323,0],[121.39524618102118,24.968876658458573,0],[121.39522516870464,24.968874953718895,0],[121.39474796409456,24.96883621029189,0],[121.39397862688871,24.96877374584266,0],[121.39397862688871,24.96877374584266,0],[121.39390171060305,24.968767494117788,0],[121.3935560797491,24.96873223173248,0],[121.39310822493596,24.968705463225145,0],[121.39285308347759,24.96869021071443,0],[121.39256018004589,24.96867270094504,0],[121.39176579531633,24.968625387279747,0],[121.39126360184596,24.968595193109785,0],[121.39114054848086,24.968587833336702,0],[121.3909268463053,24.968537791313473,0],[121.3909268463053,24.968537791313473,0],[121.39057777958402,24.968461768016816,0],[121.39043199951773,24.968439751163977,0],[121.39004196512661,24.968353607000566,0],[121.38984644748317,24.968316033656087,0],[121.3894115451063,24.968230929712668,0],[121.38930461610032,24.968223071901477,0],[121.38929645517933,24.968241998469356,0],[121.3889967353514,24.968213828060364,0],[121.3888653472819,24.968201477476427,0],[121.38833583499262,24.968184080554945,0],[121.38800130680764,24.96818892507816,0],[121.38781604324595,24.968199690935013,0],[121.38745528328167,24.968237591913212,0],[121.38722898761576,24.96826135619932,0],[121.38714767046031,24.968272807867088,0],[121.38686999013547,24.968311899810086,0],[121.3868292127181,24.968317639402958,0],[121.38672462093623,24.968332356345844,0],[121.38659315108258,24.968350862656518,0],[121.38656551072847,24.96835475338289,0],[121.38642925810055,24.968268932040992,0],[121.38640189935217,24.968242477929653,0],[121.38637976349933,24.96824565013052,0],[121.3861204648852,24.96807519154517,0],[121.3860594784717,24.968130268757267,0],[121.38592423809088,24.968044904763218,0],[121.38597980457602,24.967982718335456,0],[121.38599995850171,24.967960158567795,0],[121.38600651015025,24.967920489339413,0],[121.38599344822184,24.96788609833446,0],[121.3859662633905,24.967858190134685,0],[121.38582085399406,24.967783054365352,0],[121.38578419670485,24.967747460516073,0],[121.38573784508166,24.967717960351102,0],[121.38571739936746,24.967704947810734,0],[121.38565234031807,24.96764815684714,0],[121.38559087061013,24.96764349493112,0],[121.38558900957138,24.967666043389027,0],[121.38556057705914,24.967689021783183,0],[121.38511158197079,24.967411949866623,0],[121.38497747811287,24.967307011418736,0],[121.38380920923066,24.96659182380057,0],[121.38355330046281,24.966439497892328,0],[121.38313287184289,24.966196101884282,0],[121.38304084580037,24.966088589657094,0],[121.38299531247036,24.96606997542935,0],[121.3830046744091,24.966049979724755,0],[121.38282581397331,24.965971462960876,0],[121.38249739376252,24.965770403393428,0],[121.38241973356408,24.96561696456939,0],[121.38225957448543,24.965529449021858,0],[121.38210440447573,24.965440831505166,0],[121.3819522398576,24.965347982172194,0],[121.38180321972736,24.965250987402598,0],[121.38170839016128,24.965185235332743,0],[121.38165807731737,24.96515009029161,0],[121.38165807731737,24.96515009029161,0],[121.38134551918444,24.964941885144228,0],[121.38104233038399,24.964722469491598,0],[121.38104233038399,24.964722469491598,0],[121.38083285948406,24.96458949245991,0],[121.38063281089126,24.96444496109519,0],[121.38044295039849,24.96428942869151,0],[121.38013107631144,24.964062734880912,0],[121.37880476373739,24.96306524015184,0],[121.37792033556823,24.96244770475519,0],[121.37719807444986,24.96196359275615,0],[121.37685864062448,24.96172178450872,0],[121.37681456275065,24.96169000672407,0],[121.37677677464204,24.961661230958455,0],[121.37672613811026,24.961624200634265,0],[121.37671993240093,24.961620096734578,0],[121.37669169227307,24.961600828973967,0],[121.37648169904446,24.961445465853938,0],[121.37638878585398,24.961376914852316,0],[121.37596201029622,24.961055246176866,0],[121.37592541795992,24.96102844924396,0],[121.37545369200585,24.960665016094833,0],[121.37489796187221,24.960279159817624,0],[121.37489796187221,24.960279159817624,0],[121.37443159975506,24.959991675591024,0],[121.37420611390904,24.95981855593228,0],[121.37352221225166,24.95939016162447,0],[121.37346801358947,24.959365970634405,0],[121.37341876936932,24.95934332345854,0],[121.37331710589895,24.95929659898384,0],[121.37327989374421,24.95927808608352,0],[121.37282474943484,24.959048383087744,0],[121.3726749772769,24.958972858075036,0],[121.3725365632678,24.958903531581434,0],[121.37243115322778,24.958847674966396,0],[121.37235154026025,24.958808186801008,0],[121.37218346033045,24.958722136202578,0],[121.37218346033045,24.958722136202578,0],[121.37211831487254,24.958688966966577,0],[121.3720127732901,24.958637039866073,0],[121.3719723029349,24.95861667257087,0],[121.37187261131933,24.958566502760778,0],[121.37177518834912,24.958516987955196,0],[121.37164762984746,24.958468897275925,0],[121.37052082980007,24.95800901265552,0],[121.37046950563781,24.957989475241323,0],[121.36986408083065,24.957750738364908,0],[121.36964027144542,24.957642742693135,0],[121.3694753236782,24.95757719118575,0],[121.36922973219093,24.957481855117376,0],[121.36902962664786,24.957402509501946,0],[121.36883787630362,24.9573282942789,0],[121.36867511689644,24.95726313843178,0],[121.3684803974151,24.9571816641538,0],[121.3680445957913,24.957012126987074,0],[121.36736869610905,24.956749005019464,0],[121.3668220520288,24.95651427924276,0],[121.36671422246266,24.95646741180074,0],[121.36669728977499,24.956460052230884,0],[121.36667855981425,24.95644527531739,0],[121.36653342046917,24.956383432707195,0],[121.3664950843265,24.956367016044098,0],[121.36612539620491,24.956177794243686,0],[121.36595526141024,24.95609071165228,0],[121.36579997640877,24.95601454291374,0],[121.3655721215777,24.955889951771688,0],[121.36543550413303,24.955815252657573,0],[121.36521870611227,24.955681984710623,0],[121.3650636834395,24.955581897604144,0],[121.3649086412101,24.955481810380657,0],[121.36448794983669,24.95519780733929,0],[121.36310865080722,24.954239867548033,0],[121.36204312090553,24.953512485132233,0],[121.36167505213415,24.95325718251534,0],[121.36117578829194,24.9529061899188,0],[121.36054004795263,24.952471246565658,0],[121.36046875332812,24.95242247655005,0],[121.3602595231092,24.952279206613454,0],[121.35955563008518,24.951763277170446,0],[121.35924512536688,24.95155059430623,0],[121.35915197008738,24.95148778808283,0],[121.3590140230734,24.95140233943222,0],[121.35894996962378,24.95136266265837,0],[121.35892401675613,24.95134808733881,0],[121.3586607885671,24.951231020488038,0],[121.35859962780273,24.951206809294224,0],[121.35836871241158,24.95113806351138,0],[121.35794319487373,24.951044664160484,0],[121.35794319487373,24.951044664160484,0],[121.35765708223623,24.95100342130353,0],[121.35736902329086,24.95097563496991,0],[121.35705620674908,24.95096265816557,0],[121.35669579146932,24.95096112774864,0],[121.3563587925101,24.95096825642766,0],[121.35571570623729,24.951030840180128,0],[121.3550741622733,24.951105439699308,0],[121.35422979406034,24.951279846499233,0],[121.35376595263321,24.9513932417608,0],[121.35372926333814,24.951304908439276,0],[121.35372158609385,24.951307359115763,0],[121.35362546592637,24.951099006724448,0],[121.35358178086383,24.951004313672108,0],[121.35349919349788,24.950825294378724,0],[121.3534926045345,24.950811011884117,0],[121.35340492388984,24.950620951540206,0],[121.35337289920172,24.950572707876656,0],[121.35333976061612,24.950522778549626,0],[121.35333976061612,24.950522778549626,0],[121.35358434241199,24.950422107227027,0],[121.35383426221378,24.950332997285052,0],[121.3540888630444,24.950255682967263,0],[121.35464148288946,24.950221886362254,0],[121.35464148288946,24.950221886362247,0],[121.35520835440258,24.9501526935474,0],[121.35577809181102,24.950107088320735,0],[121.35577809181102,24.950107088320742,0],[121.35602004523389,24.95007101076463,0],[121.35626405861736,24.95004934330901,0],[121.35650910057667,24.950042177536027,0],[121.35675413538077,24.950049543732664,0],[121.35699812732899,24.95007141076287,0],[121.35652997149768,24.949695349866776,0],[121.35610181600134,24.949310170596586,0],[121.3555747062292,24.94881032104053,0],[121.35545198651,24.948697813894626,0],[121.3553567841127,24.948605202656505,0],[121.35530994037894,24.94855539672848,0],[121.35519799236364,24.948441897644592,0],[121.35513443152392,24.94837426444243,0],[121.35504858567265,24.948270625158322,0],[121.35455415852398,24.947772644079528,0],[121.35421549853115,24.94745977485201,0],[121.35421549853115,24.94745977485201,0],[121.35353817673312,24.946778761192316,0],[121.3530232331011,24.94625899111886,0],[121.35300899350938,24.946237938856555,0],[121.35292986176675,24.94611934048882,0],[121.35293993512936,24.946085496477636,0],[121.3529478487298,24.94606866696861,0],[121.35285797754753,24.945979463178535,0],[121.35279253549031,24.945914496747545,0],[121.3527277623365,24.945847939715772,0],[121.35242556116033,24.94554894108636,0],[121.35207379280787,24.945167260056245,0],[121.35198554611006,24.94505687139684,0],[121.35196382161266,24.945029440451172,0],[121.35170254682582,24.9447674681426,0],[121.35163704879056,24.944699783784763,0],[121.35147566583642,24.94456900082927,0],[121.35108966157493,24.944166524605055,0],[121.35097184722275,24.944048774656743,0],[121.35075749185897,24.94382469038758,0],[121.35066210599308,24.943710173702616,0],[121.35060859196138,24.943646397027837,0],[121.3505509763279,24.94357836860493,0],[121.35048549273796,24.94349784538355,0],[121.35039621004942,24.943387855419598,0],[121.35031352818591,24.94329041733324,0],[121.35010283354097,24.9430433282839,0],[121.3497683081875,24.942657754973105,0],[121.34970809260473,24.942587421054167,0],[121.34966745886327,24.942539982181575,0],[121.34960108017737,24.942461185064694,0],[121.34879854258615,24.94152777400108,0],[121.34818485935321,24.940814002036554,0],[121.34756435782924,24.939977015015845,0],[121.34728308671717,24.939607933632626,0],[121.34721732853608,24.93952636142315,0],[121.34706451499002,24.939315255402317,0],[121.34694945708755,24.93916045238974,0],[121.34674981632867,24.93888488428201,0],[121.3466648048173,24.93875605791081,0],[121.34662852622522,24.938714232695805,0],[121.34640040920749,24.938435109952383,0],[121.3462983002352,24.93830710856437,0],[121.34635466174241,24.93829306490131,0],[121.34635450190054,24.938260680579564,0],[121.34636612015913,24.938219403044442,0],[121.34637088429622,24.9382163494179,0],[121.34637820104733,24.938209019448696,0],[121.3464042791989,24.9381937009237,0],[121.3464811206842,24.9381984698333,0],[121.34644687548885,24.93810824788238,0],[121.34640152849207,24.937950041159944,0],[121.34637678967265,24.937852926517674,0],[121.346257451149,24.937568675340685,0],[121.34621403064072,24.937231567280612,0],[121.34618091604432,24.93701778060053,0],[121.3460983999435,24.936845801566022,0],[121.34602081040609,24.936718230536954,0],[121.34595833874852,24.936618260160117,0],[121.3459476466133,24.936601131108638,0],[121.34575051704114,24.936399958343692,0],[121.34533228183419,24.936006072951223,0],[121.34520602098192,24.93586918863439,0],[121.34484058563633,24.935486347578674,0],[121.3447906304316,24.935432374276502,0],[121.34462196535156,24.93525742467587,0],[121.34447574812164,24.935118283624448,0],[121.34443832105916,24.93508296993935,0],[121.34442700336183,24.935072207208673,0],[121.34419986621572,24.934842192854646,0],[121.34403936952668,24.93468791669598,0],[121.34384462426866,24.934494527274964,0],[121.34382846002501,24.934485599405686,0],[121.34382846002501,24.934485599405686,0],[121.34362807849104,24.93436255359326,0],[121.34347437614902,24.93414418688969,0],[121.3434227268366,24.93407516674197,0],[121.34340626907296,24.93403177318194,0],[121.34341182850034,24.93402756744124,0],[121.34339653077382,24.93400609656309,0],[121.34330849071388,24.933773964016613,0],[121.34324390991785,24.93381203185316,0],[121.34319655472274,24.93383832313518,0],[121.34317840281182,24.93379450516713,0],[121.34304606386856,24.933506218339726,0],[121.3429793509392,24.93336418424809,0],[121.34288885940877,24.933234492421676,0],[121.34273012214253,24.933038391382347,0],[121.34258238315138,24.932866397691722,0],[121.34250062955886,24.93274178655458,0],[121.34240120106939,24.93258809951119,0],[121.34230674626896,24.932496425807578,0],[121.34215991835617,24.932327625622662,0],[121.34214662357589,24.932314267081658,0],[121.34199825497939,24.932175435394843,0],[121.34166822807641,24.93186094895901,0],[121.34148276101892,24.93165765801591,0],[121.34147782212305,24.931651141824933,0],[121.34144553887795,24.93163134435399,0],[121.34141479099306,24.93159381165716,0],[121.3414085299021,24.931574577530657,0],[121.34130895114433,24.931494922626587,0],[121.34123874038323,24.931491038666383,0],[121.3411235983837,24.931390301924516,0],[121.34110937894003,24.931371871464126,0],[121.34099032137078,24.931326974967938,0],[121.34093021103398,24.931245624502356,0],[121.34098055741035,24.931200537033213,0],[121.34077596500336,24.93101587832133,0],[121.34064460331793,24.93094673240331,0],[121.34061197639926,24.930873821673654,0],[121.34046629446132,24.93078183947228,0],[121.34041160487813,24.930740316534404,0],[121.34032536787964,24.93066915326011,0],[121.34025040109925,24.930602523533565,0],[121.34018446201748,24.930545885621424,0],[121.34015592390288,24.93049073327354,0],[121.34014331618306,24.930478636950237,0],[121.3401063542318,24.930460312452645,0],[121.33989238462371,24.930361100263728,0],[121.33981251002696,24.930331588077586,0],[121.33971852665911,24.93030943903395,0],[121.33938191851364,24.930230783249584,0],[121.33909133769097,24.930121840183997,0],[121.33879977264856,24.92999313569183,0],[121.33848253140299,24.929863288153186,0],[121.33840185991932,24.929842660924855,0],[121.33831986449016,24.929815798056715,0],[121.3382459838239,24.929791020339707,0],[121.33813810969426,24.929750673539907,0],[121.33795187531013,24.92969117459859,0],[121.33788633169081,24.929666450027725,0],[121.33771748857635,24.929623189514654,0],[121.33713445565637,24.929457628902323,0],[121.33695744571509,24.929414756155275,0],[121.3368179947835,24.9294097806792,0],[121.33678649052071,24.92941382433951,0],[121.33668931189888,24.92940683922014,0],[121.33611633497375,24.929494696220544,0],[121.33606399022689,24.92950656916963,0],[121.33604949837515,24.92950782066885,0],[121.33598121201148,24.929515748015213,0],[121.33589154833516,24.92952338945047,0],[121.33545504162932,24.929631033499813,0],[121.33536503033169,24.929689550252732,0],[121.33528086252727,24.929745110560912,0],[121.33519113655052,24.929854275709122,0],[121.3351376455739,24.929903708920264,0],[121.33501589558124,24.930029928314994,0],[121.33495635821792,24.930095264976092,0],[121.33493010904157,24.930127808021254,0],[121.33482763349394,24.930242021367683,0],[121.33467205084008,24.930331706441937,0],[121.33453354145834,24.93040446999335,0],[121.33447345213246,24.930437874365932,0],[121.33431881927842,24.930523810169756,0],[121.3342384460747,24.930565972312735,0],[121.33395111279553,24.93071289390529,0],[121.33384416737714,24.930767168234198,0],[121.3336131163063,24.93090105255398,0],[121.33356241348669,24.930927330228442,0],[121.33350990045416,24.93095425294992,0],[121.333456438221,24.930981674336532,0],[121.33319098525435,24.931106660761206,0],[121.33316019482514,24.931122312543245,0],[121.33299947896964,24.931203872794057,0],[121.33248290240383,24.93147771870842,0],[121.33238385753003,24.93152853456441,0],[121.33209555405581,24.93169564218951,0],[121.33203497324685,24.93172716877843,0],[121.33201032126368,24.931742797622135,0],[121.33175490919199,24.93186930298756,0],[121.33160047706252,24.931946523163916,0],[121.3313727682008,24.932002716521957,0],[121.3309956813927,24.932082516441668,0],[121.33098022914605,24.93209503698544,0],[121.33083464963201,24.93213205145232,0],[121.33077758734724,24.93214656027935,0],[121.33074981312961,24.932153618895253,0],[121.33070867569636,24.932147182660504,0],[121.33065877640148,24.932155897394818,0],[121.33037524733012,24.932206308497676,0],[121.33035191146712,24.93222548229991,0],[121.33034850402267,24.93221010551344,0],[121.32978026986704,24.932297169373715,0],[121.32972420431521,24.932306791246624,0],[121.32971795870242,24.932315038933442,0],[121.32952709735149,24.932395876669233,0],[121.32935128325416,24.93251673075402,0],[121.32926390936366,24.9325300510327,0],[121.32906922155199,24.932542299098948,0],[121.32879070442947,24.932623853030286,0],[121.32875919707207,24.93265700246596,0],[121.32812366532832,24.932753570865117,0],[121.32784044215231,24.932804509161866,0],[121.32774005798426,24.932818028703462,0],[121.32769220244914,24.93269740657693,0],[121.32766295689098,24.932623691041098,0],[121.32759415283516,24.932429145501416,0],[121.32732085724966,24.931916230300438,0],[121.32704766268496,24.93163209322567,0],[121.32703029998719,24.931577392310924,0],[121.3269750598326,24.931366908698234,0],[121.32695405263759,24.93126307434529,0],[121.32693101953744,24.931096876445505,0],[121.32693101953744,24.931096876445505,0],[121.32676309711796,24.930820064622072,0],[121.32623433800867,24.930514050476333,0],[121.32606924044893,24.93039932704448,0],[121.3258868326307,24.930373733248263,0],[121.32536318592938,24.93016931009382,0],[121.32459254160966,24.929373243040985,0],[121.32429553241721,24.92916686883296,0],[121.32419875142787,24.92909961029646,0],[121.32361879653192,24.928747680392526,0],[121.32309959791746,24.928426213688937,0],[121.32302367537278,24.928368713980884,0],[121.32284287228786,24.9282317930635,0],[121.32227408285009,24.927769091565924,0],[121.32327645226033,24.926915002236463,0],[121.3233985230461,24.926829510957184,0],[121.32351269673732,24.926744631225695,0],[121.32343349000249,24.926691716221235,0],[121.32314939518415,24.92649810788693,0],[121.32311238767035,24.926472887478617,0],[121.32295679318804,24.9263733075519,0],[121.32278157336351,24.926257726521683,0],[121.32260405762901,24.926142439157406,0],[121.32247872562853,24.926090318622983,0],[121.32245322496073,24.925465036430815,0],[121.32233963098665,24.925297529704352,0],[121.32220993497806,24.925107131222344,0],[121.32165625654913,24.924383997524163,0],[121.321078249071,24.92427409720505,0],[121.32096191814489,24.924233502248114,0],[121.32088110842392,24.924265082065414,0],[121.32058529309815,24.92417759849455,0],[121.32033068916698,24.924121906465885,0],[121.32026862250076,24.924180387319524,0],[121.32017133358222,24.92415954947887,0],[121.32012657667944,24.924068065666308,0],[121.32013103571322,24.924051325511474,0],[121.32014448720777,24.9240231100157,0],[121.32020836850175,24.92389984898659,0],[121.32035143760736,24.923592208828772,0],[121.32052857309671,24.923180000596407,0],[121.32031713822914,24.9226086275001,0],[121.32055506149784,24.922449214280014,0],[121.32055037518622,24.922422067527258,0],[121.32036887993462,24.922307464343252,0],[121.32002061854031,24.922078717617733,0],[121.31944946553506,24.921663093412842,0],[121.31906889931982,24.921385353940575,0],[121.31882744878813,24.921195250547456,0],[121.31844565556078,24.920890313482452,0],[121.3183044921664,24.920782828962878,0],[121.31806414279896,24.920564681331552,0],[121.31769719541859,24.92026004079095,0],[121.31742720703342,24.92000590860268,0],[121.31716600168343,24.91977506745089,0],[121.31695774484307,24.919579085279057,0],[121.31682448542715,24.919442348038395,0],[121.31646796459894,24.919074494642395,0],[121.31612568469534,24.918673657069437,0],[121.31587438945509,24.918386094506946,0],[121.31558615324754,24.918025707142554,0],[121.3152956245454,24.917637309718327,0],[121.31509738437968,24.91738152495017,0],[121.31502766975858,24.91728642719215,0],[121.31470337370557,24.916827456925095,0],[121.31450877977893,24.916539669171964,0],[121.31413306117076,24.915970323713122,0],[121.31388851010743,24.91555006659203,0],[121.31373915677372,24.91529504876757,0],[121.31365945277328,24.915135092930818,0],[121.31351074834866,24.914884698182508,0],[121.3134152962717,24.914721635772484,0],[121.313216934478,24.914416927072182,0],[121.31310596956922,24.914239733751746,0],[121.31300844254088,24.914074453957674,0],[121.3129109050798,24.91391626449359,0],[121.31274094405177,24.91365383544824,0],[121.31271765201096,24.91362517990342,0],[121.31256877044093,24.913414055898453,0],[121.3125594808893,24.913400884874125,0],[121.31253539631682,24.913349282910307,0],[121.3123570399606,24.91314580525844,0],[121.3123495070445,24.913138282320137,0],[121.31217077219526,24.91295995739583,0],[121.31202733278667,24.912819240655807,0],[121.31149266670424,24.912464144989112,0],[121.31135288061688,24.912376888452204,0],[121.31129670705984,24.912344431232253,0],[121.31083577346938,24.91206912985879,0],[121.31066779184371,24.91202446267621,0],[121.3105439562137,24.911952392305842,0],[121.3101391143074,24.911734886571413,0],[121.30974830813517,24.911541845726557,0],[121.30918334008538,24.911256165969192,0],[121.30881950286646,24.91106814003767,0],[121.30873001691263,24.91102135638256,0],[121.30854821383438,24.91100344429079,0],[121.30850882564506,24.911002792230672,0],[121.3083142084815,24.910984172217827,0],[121.30803933766688,24.9109203177467,0],[121.30791517995146,24.910856855782658,0],[121.30788856361926,24.910820192318628,0],[121.3078564870166,24.910783032712708,0],[121.30772865808594,24.91070695630912,0],[121.30758679049818,24.91064799370125,0],[121.30755395147258,24.910618293981813,0],[121.30742333375771,24.91057597675115,0],[121.30732964329347,24.91053637145363,0],[121.30724409411435,24.910509862425087,0],[121.30709119497641,24.910491662453644,0],[121.30663414610461,24.91042106766485,0],[121.30622978013939,24.910238783984248,0],[121.3060283101073,24.910102053196525,0],[121.30568261751915,24.910227632484002,0],[121.30561608231442,24.910597346702872,0],[121.3056518515832,24.91066642198084,0],[121.30556457401352,24.910661445587582,0],[121.30555384786747,24.910659481311733,0],[121.30545687851486,24.91053386906891,0],[121.30508417809266,24.909934378138217,0],[121.30502602359795,24.90986415674289,0],[121.3049641031326,24.909800280966692,0],[121.30487305764422,24.90974020245851,0],[121.30472767270439,24.90966768542956,0],[121.30463337175955,24.909628288480604,0],[121.30454618328261,24.909602834870498,0],[121.30440734664393,24.909560332645267,0],[121.30377331485654,24.90930352106505,0],[121.303063656791,24.90896704025646,0],[121.30268448455253,24.908767632237286,0],[121.30257904677205,24.90871149081343,0],[121.30230333652354,24.908532844897934,0],[121.30177838786713,24.908040568326182,0],[121.30168655252136,24.907967976055378,0],[121.3017232471702,24.90794658575314,0],[121.30127154673964,24.907530900662124,0],[121.30097449161238,24.90716192219597,0],[121.30087593717141,24.90706051370384,0],[121.30073967605247,24.90699302176945,0],[121.30042698384389,24.9068215524847,0],[121.30003580054661,24.906570830815195,0],[121.29986353045027,24.906450102243465,0],[121.29955847657838,24.906221000701688,0],[121.29939160387683,24.906093795650502,0],[121.29910664757978,24.905842864929426,0],[121.2988514405958,24.90561765980508,0],[121.29868808544175,24.905466674024726,0],[121.29844910291877,24.905239428006848,0],[121.29809951084177,24.904943779923826,0],[121.29727005183464,24.9042194009358,0],[121.2970260590515,24.90399632685169,0],[121.29668363920374,24.903688816925275,0],[121.29605435210411,24.90313595468638,0],[121.29587462811712,24.902988930906886,0],[121.2956665345317,24.90281208027081,0],[121.29533044433919,24.902505729359685,0],[121.29511231813854,24.902311327396358,0],[121.2949489208465,24.902144811926952,0],[121.29488541177979,24.90208345390536,0],[121.29474939374474,24.901964087047457,0],[121.29467096919073,24.901895246749802,0],[121.29449042635484,24.901738418367827,0],[121.29429728024876,24.901568053928656,0],[121.29429728024876,24.90156805392866,0],[121.29388753607579,24.901186603086604,0],[121.293583529596,24.900903754859492,0],[121.29327767383626,24.900622212436957,0],[121.29309548099442,24.90045274869477,0],[121.29233912244462,24.900281878351045,0],[121.29225979450904,24.900275579038443,0],[121.29228655356073,24.900194566383032,0],[121.29253728903478,24.89995450662253,0],[121.2920593840981,24.89952034430722,0],[121.29111816381501,24.898690223024694,0],[121.2908561123927,24.898470913510863,0],[121.29040850124208,24.898083675374696,0],[121.29002515900584,24.897744404044015,0],[121.28957428492131,24.8973367464937,0],[121.28931863505936,24.897107294416248,0],[121.28886352831219,24.89668881728402,0],[121.28864019784483,24.896479753653683,0],[121.28858798534331,24.896432603020816,0],[121.28836234332668,24.896222588422017,0],[121.2883265316797,24.8961959325196,0],[121.28794805419375,24.895855117677133,0],[121.2877053122876,24.895636519952408,0],[121.28749727348914,24.89544399022732,0],[121.28694118282337,24.894946715468784,0],[121.28633180530959,24.894401381240485,0],[121.28627977969482,24.89435421718786,0],[121.28605479539857,24.89415025383651,0],[121.28421743490327,24.892484577631762,0],[121.28216220431207,24.890621323474576,0],[121.28191099330267,24.890333584235282,0],[121.28181373507525,24.890231246451876,0],[121.281783318105,24.890203278445146,0],[121.28148534509963,24.88996293709992,0],[121.28129687122397,24.889792084202686,0],[121.28113513578012,24.889633863092605,0],[121.28097420552464,24.889438888252936,0],[121.28093299841949,24.889386181371055,0],[121.28088201425865,24.889320325437648,0],[121.28074295193387,24.889071450442525,0],[121.28072455001985,24.889048823655095,0],[121.28066262325194,24.888935404217666,0],[121.28063597025294,24.888883775506258,0],[121.28058844405976,24.888777225620675,0],[121.28055709647785,24.888714116760923,0],[121.28053843678464,24.88866935268089,0],[121.28046334672635,24.888464103713464,0],[121.28039439678595,24.88820595993901,0],[121.2803265463237,24.88773660464803,0],[121.28033077771498,24.88740845163115,0],[121.28033215854742,24.88704990705686,0],[121.28034428373637,24.886635280405862,0],[121.28034964627743,24.88635346418588,0],[121.28035248287259,24.88586559410519,0],[121.28035440071334,24.885707879650816,0],[121.28035801833926,24.88564870038862,0],[121.28036264864352,24.885533903965285,0],[121.28036461564608,24.885488893441835,0],[121.28038724119115,24.88474774146596,0],[121.28038705320813,24.884673239032587,0],[121.28038749457434,24.884667071770718,0],[121.2803874510286,24.8846302447962,0],[121.28038604280476,24.884558868498246,0],[121.28034476488261,24.884205825195377,0],[121.28032955732421,24.884120318194572,0],[121.28032903287914,24.884023895302807,0],[121.28032893188524,24.884005459391574,0],[121.2803172724145,24.883768556621234,0],[121.28030850116879,24.883429942888863,0],[121.28030881400784,24.88284490751011,0],[121.28027438468237,24.882640450577362,0],[121.28024322354135,24.882445620856256,0],[121.28023148804552,24.882398613665558,0],[121.28021962075663,24.88235021633891,0],[121.28021042423613,24.882314300350995,0],[121.2801669182065,24.88214006059735,0],[121.28009873941598,24.881887364701306,0],[121.28008640058363,24.88185804537168,0],[121.27994068135968,24.881537239727468,0],[121.27983962727697,24.88136046242362,0],[121.2796199408464,24.88097983709092,0],[121.2794157557394,24.880647999263147,0],[121.27927594272444,24.880447964550925,0],[121.27867953957772,24.879803571622862,0],[121.27837758010749,24.879330664283685,0],[121.27815507438808,24.87900450156489,0],[121.27799710385105,24.87874687075044,0],[121.27793728924786,24.87863784608681,0],[121.27777419265921,24.878340246534986,0],[121.27755482862305,24.87790374920902,0],[121.27752051758839,24.877824895207464,0],[121.27732769056969,24.877388998224966,0],[121.27725085879366,24.87719836807446,0],[121.27714338757595,24.876892292450076,0],[121.27711490004535,24.876719612988737,0],[121.27708463955969,24.876630952277424,0],[121.27702945756734,24.8764732390103,0],[121.27702111119416,24.87645322916558,0],[121.27702111119416,24.87645322916558,0],[121.27670999643,24.87632269459351,0],[121.27660146879043,24.8762675058062,0],[121.27655735017446,24.876231360093236,0],[121.2764622427043,24.87629628614562,0],[121.27635612518964,24.876211846352582,0],[121.27627503902359,24.876089134022983,0],[121.27616050987528,24.875787287037028,0],[121.27602770957593,24.875391201080085,0],[121.27587259381916,24.875252329039174,0],[121.2757341056446,24.875190275215708,0],[121.27548200671885,24.875094679324228,0],[121.27512656069793,24.875013634567182,0],[121.27487455466037,24.874884281536936,0],[121.27465990048506,24.874749497955737,0],[121.27441477045312,24.874571996109886,0],[121.27407503080374,24.874140418737532,0],[121.27382515113331,24.873903641768486,0],[121.27351143956813,24.873599476623394,0],[121.27339617272852,24.87353425554401,0],[121.27305787617189,24.873332260039238,0],[121.2726098988316,24.872920604072842,0],[121.27240291604907,24.87273542296862,0],[121.27223194487894,24.872543435511943,0],[121.2719623748521,24.87216996252504,0],[121.27186779154754,24.87187719997016,0],[121.27186792761121,24.871515691967378,0],[121.27190861760421,24.871173860171094,0],[121.27185487111814,24.87055543562049,0],[121.27188780626705,24.870113023156,0],[121.27188471407086,24.869856597977197,0],[121.27187081560002,24.86954296561598,0],[121.27184636764859,24.86926425762579,0],[121.27184903017888,24.86890073813857,0],[121.27179417772317,24.86880136910528,0],[121.27168359933736,24.868656379979473,0],[121.27143157858742,24.868369362564547,0],[121.271293761734,24.868307812570936,0],[121.2711667559509,24.868226987264432,0],[121.27092617680937,24.867819919294806,0],[121.27089185562768,24.867611322128862,0],[121.27089255933429,24.867609269405527,0],[121.27084154145675,24.867345382603713,0],[121.27089229793383,24.867289677595725,0],[121.27090867568924,24.86667843387513,0],[121.27088900810634,24.866523022275857,0],[121.27081128683608,24.8662599301114,0],[121.2706596209746,24.86612412969832,0],[121.27052393743406,24.86600820097813,0],[121.27042252172427,24.865914028420683,0],[121.27028468504093,24.86562110879061,0],[121.27024338161566,24.86537770912517,0],[121.27023842081394,24.86521603815153,0],[121.27036486631282,24.865006386210634,0],[121.2706284854102,24.86486138298645,0],[121.27081072367152,24.864813690294383,0],[121.27096058736211,24.86478361630564,0],[121.2710221413488,24.864749641825306,0],[121.27146343254783,24.86443340238309,0],[121.27161684046057,24.86427901840409,0],[121.27166736730678,24.864029378855196,0],[121.27169992955598,24.863984807784,0],[121.27170953764364,24.86383609438899,0],[121.27178283641689,24.863614372737807,0],[121.27180638662648,24.86354336747804,0],[121.27183499362148,24.863470055327294,0],[121.27183580232321,24.863422274032313,0],[121.27184643878799,24.863379810444158,0],[121.27185477234795,24.863359671140948,0],[121.27206339962754,24.862819382508434,0],[121.2721905861618,24.862690590774907,0],[121.27229275904412,24.862454756180984,0],[121.27238593469818,24.86227414321535,0],[121.27241274188901,24.86222217958267,0],[121.27241792673789,24.86221090453975,0],[121.27243347968478,24.862127817014127,0],[121.2724466989264,24.86205721534333,0],[121.27246005215824,24.861985885320948,0],[121.27246687008935,24.861949467067067,0],[121.27247491975581,24.861906467433112,0],[121.27246799069303,24.86172684040818,0],[121.27246261731793,24.861607076664622,0],[121.27245617163136,24.86154909932655,0],[121.27243860531509,24.86145537945404,0],[121.27241994943797,24.861374621716262,0],[121.27238905372165,24.86126690882018,0],[121.27238685484922,24.861121721172765,0],[121.27239361313302,24.86107371874728,0],[121.27240208767216,24.861013499831365,0],[121.2724103962478,24.860947231503406,0],[121.27240900029459,24.860919597954048,0],[121.27236906507022,24.860865019771968,0],[121.27232293808326,24.86068644365183,0],[121.27231198878002,24.860563988716823,0],[121.27228757969235,24.860419838671113,0],[121.27225095404837,24.860217189960157,0],[121.27225095404837,24.860217189960157,0],[121.2722347074373,24.86010833792955,0],[121.27217189910024,24.85998601650968,0],[121.2721391412922,24.859922235945064,0],[121.27216341757565,24.859687071404405,0],[121.27220844498008,24.859175219322008,0],[121.27220792749942,24.85917393506905,0],[121.27207931175519,24.858839246516272,0],[121.27197104951141,24.858555852982658,0],[121.2716308726906,24.8576199501419,0],[121.27144107225254,24.8571598576106,0],[121.27124515517318,24.85665266112167,0],[121.27108640030039,24.856213939983803,0],[121.2709050824798,24.85572187782262,0],[121.27081792961867,24.855493498178042,0],[121.2706911981612,24.855167618759964,0],[121.27054412824198,24.854834658148174,0],[121.27042283512834,24.854580881887905,0],[121.2700833368333,24.854114304120927,0],[121.26989732595476,24.85387238564277,0],[121.26978338391966,24.853724196497872,0],[121.26964560892293,24.85356891146824,0],[121.26915126413317,24.853045418140177,0],[121.26877538191434,24.85269204906145,0],[121.26861169324769,24.852554594113645,0],[121.26849112373834,24.852432796108143,0],[121.2683172027993,24.85226053586961,0],[121.26818405392085,24.852123832455053,0],[121.26811340392625,24.852049978891245,0],[121.26780757758715,24.851693991893935,0],[121.26750626381431,24.851315996589094,0],[121.26717803690825,24.850983296831625,0],[121.26696844786952,24.850759629246394,0],[121.2663905621832,24.850161466180737,0],[121.2660928053393,24.849827779687057,0],[121.26606818739864,24.849800187283147,0],[121.2658395552762,24.849539661503083,0],[121.26558010195899,24.849232810726313,0],[121.26534439216069,24.848937464771797,0],[121.2652202949918,24.84877628254474,0],[121.26517285031365,24.84871155112592,0],[121.26505265587372,24.848547490762,0],[121.2650250056465,24.84850826581628,0],[121.26418491057944,24.847308565119675,0],[121.26416731468225,24.847283722695252,0],[121.26400715457308,24.847057110373513,0],[121.26377085153162,24.846720908858316,0],[121.26354142470485,24.846388540963282,0],[121.26349570741849,24.84632567483415,0],[121.263462632623,24.84628019336246,0],[121.26330630285128,24.846057582146493,0],[121.26309595677147,24.84576345174454,0],[121.26308094246001,24.845742667467558,0],[121.26297048392824,24.84558985576493,0],[121.26287715977503,24.845458989224444,0],[121.26249407907683,24.844921229443642,0],[121.26239215679036,24.8447805546665,0],[121.26193008497792,24.84413532122359,0],[121.2615328190587,24.843605583829294,0],[121.26115473848388,24.84347890050834,0],[121.26090563060528,24.843374575645672,0],[121.26064000754222,24.843250519950164,0],[121.26043269639322,24.843145897851954,0],[121.2600879333802,24.842950312368952,0],[121.25972251188814,24.842678896824015,0],[121.25967182263776,24.842574709068256,0],[121.25960263964333,24.84245925393437,0],[121.25953287156648,24.84232345330384,0],[121.25949654812051,24.842244700259027,0],[121.25947656391826,24.842188446836566,0],[121.25946087798403,24.84213107340567,0],[121.25944956352718,24.842072853157998,0],[121.25944556166299,24.842043502395374,0],[121.25945219226352,24.84198606078541,0],[121.25944952837115,24.841956031021404,0],[121.25944860976938,24.841937908436247,0],[121.25942475611522,24.84176028099113,0],[121.25938478939591,24.841581026874252,0],[121.25937341418194,24.841544906414626,0],[121.25935905268662,24.84150420264146,0],[121.25934328974053,24.8414639273441,0],[121.25932614222738,24.84142413257773,0],[121.25930532878573,24.84137997936521,0],[121.25921210944523,24.841172514765905,0],[121.25920366328012,24.841149678320342,0],[121.25919849543442,24.84113715695404,0],[121.25919285228044,24.841124807354348,0],[121.25918673634263,24.841112630440893,0],[121.2591801662033,24.84110066451873,0],[121.25917314357316,24.841088913702922,0],[121.25916568151533,24.84107739794013,0],[121.25915778172585,24.841066122765778,0],[121.2591494526307,24.841055096840222,0],[121.2591407190193,24.841044354870732,0],[121.25913157623482,24.841033891819002,0],[121.25912203578821,24.841023718773087,0],[121.25911211389314,24.84101385475075,0],[121.25909019070204,24.840993523446425,0],[121.25890168536783,24.84077778651545,0],[121.25889100703114,24.840764786636985,0],[121.25877241198562,24.84062040323479,0],[121.25869218396747,24.840516392795376,0],[121.25857787073006,24.84033174917551,0],[121.25848299318376,24.840145658945328,0],[121.25845469685552,24.84008291260038,0],[121.25843175708252,24.840026962037452,0],[121.2584107672002,24.839970593551417,0],[121.25839587927926,24.839926216758165,0],[121.25839166060105,24.839913628363018,0],[121.25837564642445,24.839857699541263,0],[121.25837331944743,24.839854747937704,0],[121.25836090765394,24.839804731684833,0],[121.2583452185599,24.839737062360108,0],[121.25833581527361,24.839679025508108,0],[121.2583133361429,24.839488566441936,0],[121.25830499231752,24.839370303665586,0],[121.25830499231752,24.839370303665586,0],[121.25829564474004,24.839126950066948,0],[121.25827690865997,24.838975156912948,0],[121.25829064850316,24.838916201340762,0],[121.25820501582183,24.838790022981367,0],[121.25815614294842,24.83871800946069,0],[121.2576355639819,24.837950947009247,0],[121.25714834833603,24.837230667809205,0],[121.25669570341155,24.83655942267417,0],[121.25646844992387,24.836223410262427,0],[121.25618053906203,24.83579966266068,0],[121.25606096362044,24.83583244573284,0],[121.25581824636339,24.835898989295423,0],[121.25577520429557,24.835906466338116,0],[121.25506224687823,24.834744341211607,0],[121.25494660694409,24.834544655969232,0],[121.25477986057813,24.83424514808153,0],[121.25467863452486,24.8340493383693,0],[121.25450641540618,24.833637082210878,0],[121.25450641540618,24.833637082210878,0],[121.25428060744098,24.832973790806907,0],[121.25420339929863,24.832746996815892,0],[121.2541142266739,24.8323587391171,0],[121.25403899599675,24.83212758995921,0],[121.25400615393382,24.831997162614766,0],[121.25406484932813,24.831690726746945,0],[121.2540648493281,24.831690726746945,0],[121.25393711522777,24.831261130309997,0],[121.25389719841576,24.831143994274477,0],[121.2537751673731,24.830696289809403,0],[121.25365188059905,24.830283376399073,0],[121.25353239704474,24.82988229882695,0],[121.25339060405823,24.829395874525414,0],[121.25328096758429,24.828999994184173,0],[121.25316093267493,24.828569514649516,0],[121.25300244676221,24.828010717146277,0],[121.2529133304794,24.827703391827242,0],[121.25274060279044,24.827114433874954,0],[121.25265740419948,24.826857007336713,0],[121.25256963849672,24.82658086147254,0],[121.25245503785654,24.826197451543187,0],[121.25236745875442,24.825881869904364,0],[121.25226645760151,24.82554546196388,0],[121.25218444459449,24.825293195992163,0],[121.2521829649142,24.825288644594515,0],[121.2520737912733,24.825036418391907,0],[121.2520287420717,24.824944547140436,0],[121.25191259105588,24.824730843814116,0],[121.25182772391126,24.82460250792969,0],[121.25172155688513,24.82446339571974,0],[121.25158739717882,24.82432674050516,0],[121.25198919133926,24.823945380379094,0],[121.25439295506278,24.82166717842222,0],[121.25446696910447,24.82159353942516,0],[121.25474857005194,24.821855430126252,0],[121.25474857283837,24.82185543266314,0],[121.25477975573057,24.821830120178102,0],[121.25481758668509,24.821835960824053,0],[121.25517220598718,24.822163239390875,0],[121.25551908605932,24.822649142062797,0],[121.25562827913805,24.822784695428293,0],[121.25577101360263,24.822995432220704,0],[121.25589953083609,24.82320732715517,0],[121.25603738177098,24.8234621292956,0],[121.25612652161693,24.823659298375947,0],[121.25618457885494,24.823796292623236,0],[121.25625936125634,24.823993527059386,0],[121.25629030151643,24.824158068516503,0],[121.25635201989476,24.82458383483914,0],[121.25637664138667,24.824721094940518,0],[121.25644729074243,24.82522360379536,0],[121.25648933154669,24.825435534307488,0],[121.25651016307539,24.825540519277002,0],[121.25653315557352,24.82565647844786,0],[121.25653485792422,24.825665059850067,0],[121.25655706532271,24.825777005306094,0],[121.25659114768007,24.825948793122055,0],[121.25665537318623,24.826272553939365,0],[121.256670647513,24.82634955939209,0],[121.25673292932082,24.82666351210719,0],[121.25685440803724,24.827275877524013,0],[121.25685982764779,24.827304879281822,0],[121.25687917733362,24.827408424410596,0],[121.25693314107106,24.82769719724801,0],[121.25699607438989,24.82805989455968,0],[121.25703093502504,24.828260802423287,0],[121.25703263189911,24.828270581784164,0],[121.25705907461698,24.828418396580883,0],[121.25708381589004,24.82855668016644,0],[121.25712432362474,24.828770044979294,0],[121.25731792276643,24.828985584080016,0],[121.2573667750786,24.829234506074496,0],[121.25738042211661,24.829301197294697,0],[121.25743812362316,24.82958322835837,0],[121.25748393474936,24.829801215542197,0],[121.25752658214299,24.829929624775176,0],[121.25756531875761,24.830046263127024,0],[121.25759566190378,24.83011826753978,0],[121.25764067059912,24.83022514385867,0],[121.25772047189193,24.830417613966535,0],[121.25776616077786,24.83050858784936,0],[121.257872468284,24.830720262526178,0],[121.2578942775202,24.830763687986245,0],[121.25798121390552,24.8308994909752,0],[121.2579909944248,24.830914766311697,0],[121.2580483151842,24.83100426602889,0],[121.25807714717382,24.83104928963073,0],[121.25808782357632,24.831065970569984,0],[121.25832560803973,24.831432197376863,0],[121.25865207360918,24.83192030011669,0],[121.25876504789856,24.8320908683162,0],[121.25889071601597,24.832296446964342,0],[121.25889948358659,24.83230990556541,0],[121.25913886422802,24.83267736388603,0],[121.25925202389973,24.83285619733695,0],[121.25932865622963,24.832903425040072,0],[121.26001378884973,24.833291797741413,0],[121.26048044531305,24.833599047614346,0],[121.26050538609418,24.833622306773492,0],[121.2608668219816,24.83394521336007,0],[121.26093736482754,24.834008235991963,0],[121.26103194148924,24.834079437274553,0],[121.26117770278276,24.834189172217872,0],[121.26118418459636,24.834194614120694,0],[121.2613598603214,24.834338582866785,0],[121.26155205824124,24.834515268942475,0],[121.26168876673187,24.83459939219518,0],[121.26172939504004,24.83464420184787,0],[121.26181732020356,24.834752715163102,0],[121.26188167830074,24.83484212924732,0],[121.2619299721814,24.83490943351693,0],[121.26219325490767,24.835484106784065,0],[121.26224414870363,24.83555490042076,0],[121.26226693404077,24.835611342867985,0],[121.26261060975827,24.8363142327113,0],[121.26272399836425,24.836551618939616,0],[121.2627939369952,24.836696728750443,0],[121.26276216770441,24.83672466466466,0],[121.26273930527975,24.83675377668123,0],[121.26272618332544,24.836846197602757,0],[121.26274409143635,24.836933653653556,0],[121.26281170119105,24.83696176544114,0],[121.26303290629421,24.837198260286996,0],[121.26308906323386,24.837277444364602,0],[121.26325821920062,24.837545289418568,0],[121.26330798374174,24.83766156149208,0],[121.2633315048663,24.837699492706957,0],[121.26333520996221,24.83778616711553,0],[121.26333846008737,24.83782526654635,0],[121.26332422052823,24.837841208477496,0],[121.26331629998182,24.83785749287168,0],[121.26331275247124,24.83787403689292,0],[121.26331031735324,24.837903659595156,0],[121.26332121457891,24.837949384343844,0],[121.2633362097722,24.837985533777438,0],[121.26365071129761,24.838602066277343,0],[121.26393337175944,24.839130715564785,0],[121.26409704515329,24.839457671458586,0],[121.2645345661659,24.840300680409104,0],[121.26463891064353,24.840445601853858,0],[121.26489989348659,24.840806752887445,0],[121.26506737895158,24.8410314344605,0],[121.26520991457524,24.841274062791076,0],[121.265590288458,24.841801333038788,0],[121.26615252186265,24.842590453260065,0],[121.2674023661843,24.84432433242955,0],[121.26823127336098,24.845595922885405,0],[121.26872202597625,24.846262637400713,0],[121.26896337565763,24.84657479585643,0],[121.2700741809878,24.84786616229713,0],[121.27034306732895,24.848144533716738,0],[121.2705314936388,24.848337230247648,0],[121.27077601373043,24.84859294397341,0],[121.27078422524761,24.84860153325395,0],[121.27086356360242,24.848684505833017,0],[121.27087648583857,24.848698016130268,0],[121.27096722924408,24.848792921711173,0],[121.27111030655006,24.848942544314305,0],[121.2712166106577,24.849053726975047,0],[121.27132292485031,24.849164909538928,0],[121.27137619645082,24.849218272889132,0],[121.27157324171735,24.849413869666087,0],[121.27172660609993,24.84955502829948,0],[121.27209398242204,24.849927737809242,0],[121.27230979654183,24.850146917450587,0],[121.27254170929187,24.850405334480218,0],[121.27269882504855,24.85056282231678,0],[121.27291974078925,24.85080413725098,0],[121.27322948810752,24.85113807951469,0],[121.2733717370089,24.851290473783283,0],[121.27363937484638,24.851588664518328,0],[121.2737841526655,24.851752585907587,0],[121.2738774406931,24.851886541222306,0],[121.27399095909773,24.852032035577274,0],[121.27416763402543,24.852293425438106,0],[121.27435548172723,24.852595378788482,0],[121.27446465576733,24.852823872480762,0],[121.27456242843299,24.853051125481546,0],[121.27469101211165,24.853374456623534,0],[121.27474835211538,24.853510187659644,0],[121.27512195958697,24.85451623100326,0],[121.27539945029505,24.855231712699084,0],[121.27554091259333,24.85560336044968,0],[121.27566785149979,24.85594058204779,0],[121.27607704220264,24.85705959085842,0],[121.27623050180549,24.857440498321115,0],[121.27644815495024,24.85801452501656,0],[121.27667182089061,24.858607736397968,0],[121.27694351403213,24.859284998882828,0],[121.2770214527385,24.85946204886331,0],[121.27719330485269,24.859879486780972,0],[121.27731091547442,24.86017697140195,0],[121.27751333970242,24.860787480684877,0],[121.27766865119068,24.86089329478086,0],[121.27780428439297,24.861018610718414,0],[121.278042678978,24.861318337087127,0],[121.27825146766554,24.861605252624123,0],[121.27852478667062,24.86194475580583,0],[121.27863884625069,24.862152703717786,0],[121.27864419205511,24.86216246256079,0],[121.27874401815156,24.862342268078564,0],[121.2787612381259,24.862426697370655,0],[121.27890175366191,24.863121483508845,0],[121.27890723989496,24.863154111215387,0],[121.27892749975425,24.863305426799545,0],[121.2789304789134,24.863327703521254,0],[121.27889838244809,24.863373310512557,0],[121.27886519035056,24.86346632718293,0],[121.2788560251151,24.863538887743932,0],[121.27887581819732,24.863540551129013,0],[121.2788885982097,24.863523341457093,0],[121.2789265586857,24.863446146423417,0],[121.27893914063148,24.86347010256528,0],[121.278944609256,24.863508102246282,0],[121.27898515651464,24.86361121299355,0],[121.2789393404892,24.86380176333931,0],[121.2788997021274,24.863892076998823,0],[121.27889985021567,24.863931621455514,0],[121.27887697798445,24.863965692496425,0],[121.27887268841219,24.86400333120127,0],[121.27884350688583,24.864034922157177,0],[121.27883937131612,24.864066222581915,0],[121.27881465391536,24.864314506717,0],[121.27883275929028,24.864339093575463,0],[121.27879778533485,24.864435447574955,0],[121.27884081797455,24.864495018390933,0],[121.27882048636093,24.864598558809956,0],[121.27878042193119,24.86472408428625,0],[121.27874308623825,24.864764646689952,0],[121.2787350997313,24.864910101328906,0],[121.27869822019802,24.864964044802516,0],[121.27867353073242,24.865000157905556,0],[121.27864387115984,24.86510557556562,0],[121.2786142682528,24.865245129782444,0],[121.27862666625451,24.865337079742662,0],[121.27870043218047,24.865368352178653,0],[121.27874387135061,24.86543697781621,0],[121.27873094791197,24.865494711954625,0],[121.27881771412027,24.865758380122646,0],[121.27885661828441,24.8662889651577,0],[121.27894751384558,24.866954753758566,0],[121.27896192576861,24.86703991952142,0],[121.27914110876263,24.867226266473192,0],[121.27912833116618,24.867234361810915,0],[121.27916455727656,24.867320777848786,0],[121.27917957523152,24.867389284918605,0],[121.27917640002306,24.86750890909961,0],[121.27915976263624,24.8675609622637,0],[121.27919346329189,24.867611223975224,0],[121.27923552056107,24.86768977431742,0],[121.27926332176911,24.867730621316422,0],[121.27934404456141,24.867849176709754,0],[121.27936355163479,24.867880703761745,0],[121.27940450304001,24.86794707671105,0],[121.27947610538091,24.86805403847524,0],[121.27949663712295,24.86808768284921,0],[121.27961443329784,24.86852753671757,0],[121.27980583508733,24.869255712630306,0],[121.2798890351273,24.869565200072195,0],[121.27999172767593,24.86995083021595,0],[121.28020349697552,24.870796283226202,0],[121.28047234264346,24.871782093527653,0],[121.28048686113078,24.871843429978792,0],[121.2804781871265,24.871850915745092,0],[121.28046538422329,24.87186307225408,0],[121.28044937241881,24.87187751619497,0],[121.2804319480034,24.87189623897971,0],[121.28042396133704,24.871901813376063,0],[121.28041437759445,24.871909152993982,0],[121.28039519517367,24.871921522547243,0],[121.2803817310413,24.8719298382354,0],[121.28036083648233,24.871936158503857,0],[121.28033144234251,24.87194385024239,0],[121.28031175896304,24.871947639193987,0],[121.28027882018888,24.871953384502287,0],[121.28026855979742,24.871955523779143,0],[121.28023082783396,24.871961906727396,0],[121.28019385811427,24.871972956617714,0],[121.28018678319474,24.871975519278248,0],[121.2801713886094,24.871983368101663,0],[121.28013967867972,24.872001534638283,0],[121.2801135064617,24.872020526800753,0],[121.28009069016804,24.87204324208418,0],[121.280070057461,24.87207070719727,0],[121.28004386078662,24.87208658602616,0],[121.2800335777873,24.87209275276159,0],[121.28002527494446,24.87210234177259,0],[121.28003155727204,24.872135969845413,0],[121.28003896690652,24.872160098218703,0],[121.28004635670787,24.87217970963474,0],[121.28004726365938,24.87219460315659,0],[121.28004812028348,24.872208665641914,0],[121.2800496514306,24.872224632235163,0],[121.28005434450303,24.872259047172935,0],[121.2800560488148,24.872269537914136,0],[121.28006250482275,24.872296734785646,0],[121.28006946175212,24.8723219190687,0],[121.28007718195184,24.872345183160697,0],[121.28008434247377,24.872366989051955,0],[121.28009292876392,24.872385232288707,0],[121.28010049978664,24.872407270923066,0],[121.28011019079864,24.872433545887887,0],[121.28012525487543,24.87246485417702,0],[121.28014447384302,24.872495185280393,0],[121.28015881372586,24.872524281185772,0],[121.28016830637178,24.87253856964632,0],[121.28017655579508,24.87255311721212,0],[121.28021756230741,24.872606407281324,0],[121.28026419992166,24.872653042711157,0],[121.28029027068723,24.8726727267166,0],[121.28031584652403,24.872695781780262,0],[121.28034633755907,24.87271736175559,0],[121.28036881983027,24.872737295691245,0],[121.28040405214418,24.872759217664665,0],[121.28042469831736,24.872777129608295,0],[121.28044218346456,24.872789468755112,0],[121.28045374282497,24.872796598754018,0],[121.2804736188162,24.87280721563917,0],[121.2804835948453,24.87281535169558,0],[121.28049247280869,24.872820388324406,0],[121.28050674744333,24.872824513211235,0],[121.28057122687783,24.8728858003553,0],[121.2805724404792,24.872906085038565,0],[121.28047415375822,24.872935377462813,0],[121.2805849097376,24.87332664366645,0],[121.28080432305093,24.87318208342708,0],[121.28084940632951,24.87337125873454,0],[121.28063334795904,24.87352995493824,0],[121.28063471450436,24.87353469231423,0],[121.28081338146094,24.87420934783843,0],[121.2808742649992,24.874441398248514,0],[121.2809376966717,24.87467961960864,0],[121.2810000911576,24.87492160088395,0],[121.28105909409084,24.875136820437586,0],[121.28116016374541,24.875513689114033,0],[121.28125096709765,24.875905472584947,0],[121.28133983733586,24.87616352900445,0],[121.28146934072318,24.8764895642008,0],[121.28159880031961,24.876779806053136,0],[121.28175226043226,24.877036767174452,0],[121.28188657781092,24.877239985588925,0],[121.28197836606599,24.87736120967628,0],[121.28204878624189,24.877443644217223,0],[121.28230586254543,24.877737967107315,0],[121.28257859132965,24.878049889022975,0],[121.28273137688298,24.87822633276686,0],[121.28293490506721,24.87846364984921,0],[121.28304435188669,24.878605769962054,0],[121.28310906187414,24.87869657920304,0],[121.28323106781014,24.878867015226987,0],[121.28324561205876,24.878888131864727,0],[121.28333076307344,24.879029160450283,0],[121.28346443023268,24.879263823702416,0],[121.28374732130627,24.879262748356517,0],[121.28390061211634,24.879540005607684,0],[121.28396953680029,24.87968018477748,0],[121.2841063687594,24.879966119725335,0],[121.28418559100255,24.880154739431834,0],[121.28424417684363,24.880304127894934,0],[121.28428926169869,24.88044183611578,0],[121.28435129605475,24.880677173323704,0],[121.28444060679176,24.881030675417414,0],[121.2844860665688,24.88119891957128,0],[121.28452097959483,24.881415743213278,0],[121.28453439928575,24.8815075939059,0],[121.2845598790581,24.8817100977099,0],[121.28458218954044,24.881902647342812,0],[121.28459683780687,24.882030296588002,0],[121.28461609636831,24.882365322688823,0],[121.28461893149259,24.882627021728748,0],[121.28461533975496,24.88300634169088,0],[121.28461404026118,24.883260360746245,0],[121.28461405104098,24.883372896910515,0],[121.2846134060825,24.883423321315487,0],[121.28461339979634,24.88369822485032,0],[121.28461338981327,24.884134482564768,0],[121.28461338974746,24.884151898388676,0],[121.28461338716865,24.884276263399308,0],[121.28461337782429,24.88466151385187,0],[121.28459619809232,24.884896153893536,0],[121.28459537055532,24.885241824705528,0],[121.28458573543689,24.885829621893915,0],[121.28458496690496,24.886025122102836,0],[121.2845826609745,24.886284711582405,0],[121.28458967090884,24.88638680433648,0],[121.28460492345931,24.88650170073606,0],[121.28465735672593,24.88670311350259,0],[121.28468808046973,24.88677140037032,0],[121.2847825614874,24.88696020430282,0],[121.28489322677189,24.887159247631352,0],[121.28497227542115,24.887260865112545,0],[121.28510997858723,24.88742039215184,0],[121.28522713228992,24.887560287362128,0],[121.28538120693024,24.887708088796874,0],[121.28543799278351,24.887756517068507,0],[121.28563452626862,24.887949498876775,0],[121.28582509633054,24.888108083668943,0],[121.28602291469947,24.888269158923652,0],[121.2862842126341,24.888456689804542,0],[121.28667494175188,24.88873534952388,0],[121.28703734613369,24.889042795224125,0],[121.28712625929624,24.889126917638848,0],[121.28742737250286,24.8893753401582,0],[121.28793209670157,24.88975693036987,0],[121.28815920304937,24.889941667652007,0],[121.28906470820279,24.89068030376844,0],[121.28967890921251,24.891192281698537,0],[121.29017227869089,24.891597682930307,0],[121.29062994199234,24.891982519838642,0],[121.29068808913162,24.892035275121884,0],[121.2910231607496,24.89236724448464,0],[121.29105672600612,24.8924013718932,0],[121.29084062963227,24.892398642091663,0],[121.29087397408797,24.892435996024094,0],[121.29091807376847,24.89248586142334,0],[121.29110556241265,24.892674181903896,0],[121.29131753288112,24.892891574848917,0],[121.29155710604212,24.893141086811276,0],[121.29169391141559,24.89328034617303,0],[121.29176977893772,24.89335771599096,0],[121.2918281498018,24.893416067772453,0],[121.29185574434628,24.893442521203223,0],[121.29187454332359,24.89345791359098,0],[121.29189173406739,24.89347110402304,0],[121.29191839368988,24.893521727147792,0],[121.29196306352372,24.89357031375389,0],[121.29211127569543,24.893720740907405,0],[121.29216260144092,24.893774957486187,0],[121.29220552149232,24.893820763378034,0],[121.2922356738186,24.893850799653826,0],[121.29250084636936,24.894119657414542,0],[121.29254937074086,24.89417111555758,0],[121.29258934790454,24.894217738719178,0],[121.29263687590907,24.894268341009013,0],[121.29271067803491,24.894347221103743,0],[121.29280400392099,24.89443945405203,0],[121.29294370304439,24.894585543060497,0],[121.29302722776443,24.89467213139106,0],[121.29307675090521,24.89472483435684,0],[121.29318334993023,24.894834581377385,0],[121.29321916888063,24.894868730868374,0],[121.29330781463054,24.894961534467477,0],[121.29343361934083,24.895090563755357,0],[121.29348560772317,24.895146134827463,0],[121.29350345727094,24.895149809901692,0],[121.29353128620161,24.895146683683535,0],[121.29355091346213,24.89513634076713,0],[121.29364315266079,24.89506320755347,0],[121.2941943212473,24.895670667065293,0],[121.29441667344591,24.895910594147356,0],[121.29482070776596,24.896087165059303,0],[121.29521430066785,24.89625973093014,0],[121.29530861517325,24.89631219940536,0],[121.29531832749535,24.89631764239344,0],[121.29544573821421,24.89638851981005,0],[121.29624890446728,24.896577804343504,0],[121.29659110981515,24.896695890273463,0],[121.29711560120718,24.89666745295114,0],[121.29712842886711,24.896645972655385,0],[121.29717577867969,24.896566684177618,0],[121.29718156536694,24.896569611494172,0],[121.29786457661542,24.8964798384142,0],[121.29812411798707,24.896518594674728,0],[121.29816608720743,24.896511032942552,0],[121.29818130720537,24.896524133994102,0],[121.29856659470029,24.896590599145654,0],[121.29906753152683,24.896606199481074,0],[121.29949926551537,24.896681841348514,0],[121.29956147533838,24.89662323950568,0],[121.2996031930157,24.89659998430782,0],[121.29962548683466,24.896612000576187,0],[121.29963964919386,24.896621744814155,0],[121.29965346383254,24.89663364978805,0],[121.29966574646645,24.89664697913092,0],[121.29967575099761,24.89666069809109,0],[121.29968438710405,24.89667599012872,0],[121.2996990615262,24.896704860586777,0],[121.2997563085812,24.896796441737973,0],[121.29982566107152,24.896905526527384,0],[121.29991729850232,24.897041111275165,0],[121.29995000418387,24.89708283402054,0],[121.29999647215202,24.897151532207513,0],[121.29999403280904,24.89715258715106,0],[121.3000314343463,24.89726558402372,0],[121.30004044143715,24.897262889961983,0],[121.30009932916165,24.897461728573255,0],[121.30011694192841,24.897516259376335,0],[121.30011694192841,24.897516259376335,0],[121.30017019148636,24.897648106335918,0],[121.30023188568647,24.897776854637023,0],[121.30023188568647,24.897776854637023,0],[121.30029912726104,24.897897240320486,0],[121.30037431517525,24.89801364983116,0],[121.30047293915769,24.89814856954234,0],[121.30047293915769,24.89814856954234,0],[121.3005035368649,24.89818830028783,0],[121.30053110556948,24.898229834638986,0],[121.30055551796498,24.898272980803572,0],[121.30057666131943,24.89831753954631,0],[121.30059443799588,24.898363305108894,0],[121.30060876590342,24.89841006616005,0],[121.30062271364874,24.89846286453688,0],[121.30068592532007,24.898733583742313,0],[121.30071647117387,24.898865671808455,0],[121.30076292541938,24.8990803849184,0],[121.30080285986034,24.89924527649288,0],[121.30084349617444,24.899412209430814,0],[121.30084349617444,24.899412209430814,0],[121.30085158349547,24.899448553549252,0],[121.30085710324583,24.899485295332425,0],[121.30086003277809,24.899522284044604,0],[121.30086036007128,24.899559367936916,0],[121.30085808378034,24.89959639486985,0],[121.30085321324161,24.899633212937456,0],[121.30084576843457,24.899669671090503,0],[121.30083577989996,24.899705619756258,0],[121.30083577989996,24.899705619756258,0],[121.3008354647653,24.899712886525432,0],[121.30083461183763,24.899720117249203,0],[121.30083322501793,24.899727278856293,0],[121.30083131064904,24.899734338591543,0],[121.3008288774866,24.899741264165716,0],[121.30082593665917,24.899748023903175,0],[121.30082250161719,24.899754586886797,0],[121.30081858807146,24.899760923099326,0],[121.30081421392141,24.899767003560697,0],[121.3008093991731,24.89977280046059,0],[121.3008041658478,24.899778287285564,0],[121.30079853788122,24.899783438940432,0],[121.30079254101408,24.899788231862946,0],[121.30078620267435,24.899792644131594,0],[121.30077955185182,24.89979665556589,0],[121.3007726189655,24.89980024781863,0],[121.30076543572444,24.899803404459835,0],[121.30075803498285,24.89980611105189,0],[121.30069466304646,24.899826825104604,0],[121.30074807888263,24.899937337193347,0],[121.30075538793345,24.899936603606935,0],[121.30082620816913,24.89991692735229,0],[121.30087486835146,24.89988464155832,0],[121.30091627166458,24.899847499018318,0],[121.30094212795032,24.899816565702952,0],[121.30122479637531,24.89969212729511,0],[121.30146260939243,24.90003084247878,0],[121.30150341015543,24.900241889693774,0],[121.30158182458591,24.90040322260046,0],[121.30166450299112,24.90046980257995,0],[121.3016737147468,24.900549586175817,0],[121.30179247548017,24.900885221338825,0],[121.30173955738243,24.900939454620463,0],[121.30175544648611,24.900951522582652,0],[121.30180293278772,24.900907265647444,0],[121.30186972322022,24.901128191418326,0],[121.30169522308628,24.901664606873464,0],[121.30155545377234,24.90233415720748,0],[121.30152635758186,24.902345370040035,0],[121.30205740738417,24.902846399833813,0],[121.30195365103351,24.90293759607967,0],[121.30226319715709,24.903210522032925,0],[121.30280327561964,24.903184725061426,0],[121.30305444395202,24.903095510847074,0],[121.30310845389572,24.90303909990768,0],[121.30410068359096,24.903148301735012,0],[121.30414259718683,24.903164891779678,0],[121.30426666222893,24.903217527268293,0],[121.30434475366415,24.90324491368049,0],[121.30452663753958,24.903398123145877,0],[121.30451525373809,24.90341389371757,0],[121.30447881546594,24.903555172529554,0],[121.30445981667289,24.903634859996075,0],[121.30441858885575,24.90372438865276,0],[121.30442792625908,24.90386666647098,0],[121.30442806232466,24.904014939874177,0],[121.30444695543895,24.904053542940165,0],[121.30469224773073,24.904155234793958,0],[121.30479226710057,24.90421917737326,0],[121.30485338517315,24.904239682420737,0],[121.30494131381384,24.904189187351665,0],[121.3049933775907,24.90417885172453,0],[121.30502818743417,24.904168614557808,0],[121.30515042698768,24.904259298769656,0],[121.30522654151072,24.904331794717255,0],[121.30527877048152,24.90438859394888,0],[121.30544775063345,24.90442957111445,0],[121.30547060111843,24.90441883468281,0],[121.3055133561962,24.904362825125627,0],[121.3055542899025,24.904371182858608,0],[121.30562856593122,24.904344189228965,0],[121.30564463392545,24.904316746041065,0],[121.30576515127106,24.90438720059334,0],[121.30582878922549,24.90444598958187,0],[121.3058803035207,24.904529983650114,0],[121.3059729018667,24.904602941973135,0],[121.30612599223016,24.90469922290847,0],[121.30629416758916,24.904682572390968,0],[121.30634826390943,24.904649444399826,0],[121.30640457652184,24.90464794740106,0],[121.30652569077728,24.90466719996693,0],[121.30672519159752,24.90472450856278,0],[121.30681736491343,24.90481748322249,0],[121.30686726319615,24.904844113721666,0],[121.30689909944667,24.904904358034134,0],[121.30688483000844,24.904934470064063,0],[121.30691352220326,24.904972258147072,0],[121.30689488593241,24.90500985468831,0],[121.306930844328,24.90508373244485,0],[121.30696826741628,24.90515743563787,0],[121.30700073627322,24.905261258774523,0],[121.30703830170958,24.905336442314326,0],[121.30716523825771,24.905455988038508,0],[121.30719331469093,24.90548088475776,0],[121.30733742213259,24.905578600382054,0],[121.3073431292623,24.905612661853457,0],[121.30750198437295,24.90570139074472,0],[121.30760036614814,24.905758554445697,0],[121.30772565206266,24.905854782693893,0],[121.3077920973429,24.905879329290837,0],[121.30785012272791,24.905913607805587,0],[121.30797749811344,24.90598206915904,0],[121.3079964119186,24.905992548209145,0],[121.30812803461424,24.90609703305376,0],[121.30824474187824,24.906182625049972,0],[121.30815415265707,24.906259750219075,0],[121.31137892223946,24.907858947987723,0],[121.31140092995393,24.907875252492047,0],[121.3114012471804,24.90787718954703,0],[121.31140965638606,24.907928537993257,0],[121.3114383936587,24.907955852128158,0],[121.31170471880814,24.908046916115296,0],[121.31181113926603,24.908039687650188,0],[121.31189362787323,24.9080441397456,0],[121.31216751033453,24.90813032781448,0],[121.31223852721126,24.90819865801762,0],[121.31222238057059,24.908248970004912,0],[121.3122857826772,24.90828182067966,0],[121.31238564351875,24.908334978491744,0],[121.31242680995169,24.908238495975613,0],[121.31249992572,24.908261482621672,0],[121.31255334777543,24.908255475142884,0],[121.31256782299957,24.908224928796894,0],[121.31278196785514,24.908276050168585,0],[121.31278166044146,24.90831118034265,0],[121.31281928649726,24.90832226957849,0],[121.31281220334104,24.908371308679307,0],[121.3129715459488,24.90833640466772,0],[121.31295175760756,24.908403382789764,0],[121.31329737185719,24.908397339543203,0],[121.31349457586575,24.90846276034831,0],[121.31360467839625,24.90853747370223,0],[121.3137366612347,24.908671836770424,0],[121.3138483679208,24.908903126197117,0],[121.31393886099417,24.909128325913343,0],[121.31401145163301,24.909164984832877,0],[121.31413558094727,24.909248545531966,0],[121.31413258841377,24.909265216975783,0],[121.31414835058074,24.90929733392791,0],[121.31420045877586,24.909327460298833,0],[121.31424458483202,24.909379795285826,0],[121.31441797631334,24.909453935491502,0],[121.31500339995279,24.909955380540875,0],[121.31518154147143,24.910001608834346,0],[121.31528807347962,24.910092236502546,0],[121.3155542546122,24.91033395079013,0],[121.31565733507112,24.91034010672803,0],[121.3158212239476,24.91030546089864,0],[121.31585638042168,24.91032996176504,0],[121.31594042566907,24.910383439557894,0],[121.31603898439937,24.910413828012135,0],[121.31605970357106,24.91045628982613,0],[121.31607669309916,24.91053470160853,0],[121.3162264881482,24.91066826626718,0],[121.31632306715403,24.910776266866804,0],[121.3164710414841,24.91086336595141,0],[121.31660411729686,24.910892380694314,0],[121.31686679810181,24.91111854407602,0],[121.31694733254437,24.9111187972966,0],[121.31705187020944,24.91122227532589,0],[121.31708379051946,24.911285713237834,0],[121.31713717040927,24.91131700955126,0],[121.31735099193294,24.91156399611228,0],[121.3176170952596,24.91172612143875,0],[121.31780112815358,24.911983923584724,0],[121.31784622499958,24.912054853901957,0],[121.31785740334992,24.91207090965815,0],[121.31788795894727,24.912108039656516,0],[121.3179150905071,24.912152556915306,0],[121.31793257954996,24.912201282017573,0],[121.3179937869229,24.912354661393593,0],[121.3179893588782,24.91241147751834,0],[121.31795611859917,24.91254402207607,0],[121.31792424210487,24.912567509694227,0],[121.31797662555893,24.912986044842036,0],[121.31800433386799,24.91300485511617,0],[121.3180089507554,24.913156847375856,0],[121.31808167245305,24.913306737329307,0],[121.3180899211635,24.913360618761647,0],[121.31806000444415,24.913396325091046,0],[121.31805366116647,24.913435919112324,0],[121.31807670960748,24.913455840772883,0],[121.31808991389993,24.91350134281823,0],[121.31811393522592,24.91351748082653,0],[121.31812784214753,24.913613470397358,0],[121.31807658884355,24.913721456472054,0],[121.31808949632466,24.913782460905985,0],[121.31811487309453,24.913802633370207,0],[121.31812060861662,24.913831650061926,0],[121.31805044452835,24.913860937761054,0],[121.31809822564547,24.914040175927088,0],[121.3181136551944,24.914208305927826,0],[121.31816630999562,24.91437846636976,0],[121.31844553524931,24.914809076664675,0],[121.31882837422634,24.915341173277906,0],[121.31890796029896,24.915454527731594,0],[121.31915230797162,24.915774830798146,0],[121.31940292661167,24.91611612747342,0],[121.31970471820964,24.916460838848398,0],[121.32004242828886,24.91685281997408,0],[121.32036923107147,24.917139002227575,0],[121.32049357775743,24.917260870669168,0],[121.3206250850337,24.917387288618816,0],[121.32063542335501,24.917396493850905,0],[121.32064594172353,24.917405858999405,0],[121.32080370217824,24.917556894259327,0],[121.32084873662703,24.91760081799143,0],[121.32100443996426,24.917749371091826,0],[121.32105732170358,24.917799275075538,0],[121.3210612411203,24.917802973997,0],[121.32107902069343,24.91781852334579,0],[121.32108405567179,24.917822927004185,0],[121.32118755661931,24.917905866772536,0],[121.32123860887646,24.917947002936604,0],[121.3212454595415,24.91795213984283,0],[121.32133462660155,24.91801900398596,0],[121.32134664112449,24.918028013087092,0],[121.32148654997387,24.918137157635254,0],[121.32165296713968,24.918265970542052,0],[121.32185344509169,24.91841952230094,0],[121.32190917041893,24.918461888095013,0],[121.32204164438618,24.918475937651888,0],[121.32204379176645,24.918475372021835,0],[121.32212088659654,24.918532675438797,0],[121.32225658509148,24.91860057120001,0],[121.32232324518482,24.918575949304827,0],[121.3224348297292,24.918654904533796,0],[121.32253064230062,24.91872181026712,0],[121.32256573325247,24.91868448853456,0],[121.3225752692545,24.91868829664361,0],[121.32269903466832,24.918742273835903,0],[121.32289571208776,24.918827254654836,0],[121.3230369235554,24.918888535986863,0],[121.32304786690769,24.919001394523665,0],[121.32343827739906,24.919156496566284,0],[121.32344201459425,24.91915798021165,0],[121.32346301204775,24.919170133067357,0],[121.32352388152704,24.91920424695303,0],[121.3236135012718,24.919254467467205,0],[121.32371399976381,24.919311768494296,0],[121.32379144022804,24.919355710227205,0],[121.32377286019586,24.919480709565967,0],[121.3237719169801,24.919486900907806,0],[121.3237478348424,24.91964455282876,0],[121.32411557735668,24.919861009064082,0],[121.32430754463283,24.919968159593576,0],[121.32440063318839,24.9200149209056,0],[121.32440889126103,24.92001907229203,0],[121.32470984668974,24.920161689992998,0],[121.325055926068,24.920322177687492,0],[121.32533732088127,24.920447365786433,0],[121.32533732088127,24.920447365786433,0],[121.32546991450477,24.92050557915235,0],[121.32560125448666,24.920562701648926,0],[121.32591202846594,24.920691183131442,0],[121.32609286184358,24.9207680269771,0],[121.32677885758787,24.92077718604389,0],[121.32742908582777,24.920881476117682,0],[121.3280665242522,24.92105345914876,0],[121.32846919068666,24.921223942332333,0],[121.32884131694459,24.92144692182236,0],[121.32929507334353,24.921657791438843,0],[121.32984309857167,24.9217761163514,0],[121.32996101399014,24.921832175065653,0],[121.33051944019832,24.92204723217261,0],[121.33081357295684,24.922057525381963,0],[121.33089999987358,24.922048314671873,0],[121.33095436095715,24.922028702013648,0],[121.3309779125913,24.922054073766393,0],[121.33096950371821,24.92208999825542,0],[121.33122983413664,24.922151590847132,0],[121.33144610328526,24.922334920212197,0],[121.33149223807798,24.922374285104542,0],[121.33159961400946,24.92246599632703,0],[121.33171278662044,24.92256834491938,0],[121.33188641138096,24.92276982599488,0],[121.3319261297517,24.922808011328463,0],[121.33193246400651,24.922814101077563,0],[121.33208489246147,24.922886305404578,0],[121.33267655153551,24.923157848095467,0],[121.33304459123097,24.92333012462727,0],[121.33332168694098,24.9234506079448,0],[121.33331241227395,24.92352269666173,0],[121.33391969291759,24.923786450399874,0],[121.3340460966036,24.92382041850654,0],[121.3347432635972,24.924269438084394,0],[121.33497015183661,24.924499456438863,0],[121.33517519883596,24.92468945353027,0],[121.33524639315911,24.924741576311618,0],[121.33529795990317,24.92476276074582,0],[121.3353984760337,24.92470539916719,0],[121.33546009368855,24.924638931800853,0],[121.33552739683888,24.924704376996317,0],[121.33564165351147,24.924815538793936,0],[121.33580562052498,24.924975350370527,0],[121.33617998381733,24.925121265960573,0],[121.33654646993843,24.925260029761358,0],[121.33680570879389,24.925361232310028,0],[121.3371359467992,24.925458816578224,0],[121.3372632275952,24.92551764405156,0],[121.33746045648269,24.925554802752853,0],[121.33773385410997,24.925623778832787,0],[121.33796263623132,24.925663818646807,0],[121.3381997290798,24.925765077798797,0],[121.33849465980315,24.925879730229582,0],[121.33863570073567,24.92592105895028,0],[121.33864142912614,24.925943605419352,0],[121.33890463975241,24.926038333442907,0],[121.33906198834623,24.92608353410128,0],[121.33912508913897,24.92610631412116,0],[121.3391394175269,24.926117892126943,0],[121.33925784730846,24.926199863052478,0],[121.33937878679151,24.926282384213156,0],[121.33950327599587,24.926336393099177,0],[121.33954437756387,24.926352027246846,0],[121.33963538668885,24.92639567146852,0],[121.33984527661684,24.926541138441518,0],[121.33987756885718,24.9265883388792,0],[121.34007850554627,24.926709104927355,0],[121.34031017441265,24.926892883259704,0],[121.34043773706864,24.927018127909953,0],[121.34063844715186,24.92716429320279,0],[121.34082028589367,24.927313646316957,0],[121.34089906827887,24.92736685532035,0],[121.34097646623573,24.927404491481894,0],[121.34102902963758,24.92742993258999,0],[121.34113985848589,24.927455616288203,0],[121.34130084799395,24.927493098174597,0],[121.34136261005087,24.927536078041324,0],[121.34141391849089,24.92757125090081,0],[121.3414725826428,24.92755942557057,0],[121.34156863100561,24.92761776846199,0],[121.34162478575313,24.927652108630195,0],[121.34171214102643,24.927705436368335,0],[121.3417404946778,24.92772198905109,0],[121.34192087249866,24.927777255801743,0],[121.34200438273349,24.92783722187113,0],[121.34202247079686,24.927896327065977,0],[121.34204097061318,24.927953966649746,0],[121.34204097061318,24.927953966649746,0],[121.34221415680963,24.928050726603455,0],[121.34221415680963,24.928050726603455,0],[121.34233467241503,24.92814329888074,0],[121.34244913956014,24.928242048223865,0],[121.34255717803416,24.928346646642133,0],[121.34265842897611,24.92845674671666,0],[121.34275587504911,24.92838400617049,0],[121.3429809614268,24.928694522466554,0],[121.34308518957886,24.92883891411079,0],[121.3431514590582,24.92891855463507,0],[121.34335853133072,24.929216809298403,0],[121.34364517797736,24.92961129917553,0],[121.34391025503852,24.92984229853874,0],[121.34391025503852,24.92984229853874,0],[121.34431064279453,24.93009786395283,0],[121.34503258136064,24.930588315246446,0],[121.34536277162827,24.930807153688107,0],[121.34549794761799,24.930902308118686,0],[121.34558222012514,24.930936848537215,0],[121.34567782817045,24.930976228711696,0],[121.34579507366281,24.931024546653262,0],[121.34588737420304,24.93108530094461,0],[121.34592904843872,24.93113181584372,0],[121.34602985788817,24.931164664356103,0],[121.34615099781942,24.931203991731135,0],[121.34619557806113,24.931218812833617,0],[121.34625277457424,24.93127528851347,0],[121.3462946628999,24.931317234356523,0],[121.34636114681975,24.93135436640304,0],[121.3464420084208,24.931400237457403,0],[121.34649234523596,24.931450719495512,0],[121.3465368851528,24.931496220986947,0],[121.34658121224099,24.93153627168611,0],[121.34670570211377,24.93161641001073,0],[121.3467237124356,24.931627300829465,0],[121.34678237009092,24.931663579316634,0],[121.34679140148464,24.93166911398692,0],[121.34680524119823,24.931678154571777,0],[121.34684068902153,24.931700567139053,0],[121.34685116605529,24.93170683657235,0],[121.34689376336047,24.931733565244304,0],[121.34694911188451,24.931767803593523,0],[121.34695290458933,24.931770627884728,0],[121.34701339671265,24.931808842811353,0],[121.34701786561635,24.93181183561224,0],[121.34703222784348,24.931820816952985,0],[121.34704391908943,24.931828233878047,0],[121.3470646680648,24.93184129006904,0],[121.34710497089837,24.931866667457644,0],[121.34711541943781,24.931873338771524,0],[121.34713212020336,24.93188356097735,0],[121.34714299337789,24.93189075494551,0],[121.34715619360996,24.931898900021263,0],[121.34716918959074,24.931907359303388,0],[121.3472083911243,24.931931035201007,0],[121.3472238375046,24.931940914518705,0],[121.34723856630046,24.93194992940673,0],[121.34725189664071,24.931957779558726,0],[121.3472603461968,24.93196337549534,0],[121.34726734203763,24.931967658876257,0],[121.3472842771037,24.93197780868814,0],[121.34731000920094,24.931992075798068,0],[121.34731423316401,24.93199481417981,0],[121.34734780276172,24.93201355048642,0],[121.34736573226243,24.932023390662405,0],[121.34741783076113,24.932052028540923,0],[121.34743937992488,24.93206473078041,0],[121.34749242112184,24.93209392417516,0],[121.34751266729184,24.932105535277667,0],[121.34756211680156,24.932132637491993,0],[121.34760322083199,24.93215562941005,0],[121.34767107494706,24.932193255772386,0],[121.34770593690321,24.932212558609162,0],[121.34776125593642,24.932243096873375,0],[121.34777079712732,24.93224840799508,0],[121.34782610567521,24.932278832521867,0],[121.34785404892153,24.932294197417505,0],[121.34788390379366,24.93231059020684,0],[121.34789823037035,24.932318816833817,0],[121.34792282261806,24.932332293535858,0],[121.34797333414359,24.932354712235544,0],[121.34798388806232,24.932359433744736,0],[121.34799401952071,24.93236330304662,0],[121.34799934384138,24.93236627301684,0],[121.34801688581967,24.932374197183663,0],[121.34812707505189,24.932423275591905,0],[121.34815172652321,24.93243451561137,0],[121.34818644674462,24.932449561094124,0],[121.3482271827952,24.93247495518885,0],[121.34827983350506,24.932497982632878,0],[121.34830464549486,24.932509238157166,0],[121.34833392006576,24.93252285627185,0],[121.3483371722169,24.93252477016641,0],[121.34835080216342,24.932531057831962,0],[121.34836664115016,24.932538440670072,0],[121.34840078718598,24.932554409596584,0],[121.34848629171819,24.932566517368752,0],[121.34854850367039,24.932575140902888,0],[121.348559516295,24.932576248879236,0],[121.34856898425618,24.93257954690582,0],[121.34858325639945,24.932584109914607,0],[121.34859894296166,24.932589307594572,0],[121.34860487530823,24.932590823918297,0],[121.34861194139252,24.932593619913057,0],[121.34862536766236,24.932598314022112,0],[121.34864437801227,24.93260457386873,0],[121.34869743746985,24.93262224447858,0],[121.34873573413896,24.932635439150747,0],[121.34874174077247,24.932637142026586,0],[121.34874753501305,24.932639300897122,0],[121.34878343097274,24.932651477090396,0],[121.34880060375701,24.932657217908346,0],[121.34882070220442,24.93266985062693,0],[121.34884082628544,24.932682644839026,0],[121.34890688785003,24.9327246485211,0],[121.34893553961028,24.9327497500535,0],[121.34894549057691,24.93275848650395,0],[121.34898163182159,24.93279032307521,0],[121.34903184581576,24.932834128737156,0],[121.34904367342713,24.932845106662803,0],[121.34917336475509,24.93295826357547,0],[121.34919451246331,24.932973013238364,0],[121.34921901372348,24.93299102338054,0],[121.34926551405883,24.933023929215828,0],[121.3492438230899,24.93305560784354,0],[121.34926886593709,24.933068861996116,0],[121.34940063059909,24.933139952469986,0],[121.34943825946479,24.933159958412308,0],[121.34944335363612,24.93316301874866,0],[121.34950356150108,24.933197846397793,0],[121.34952951919408,24.933212257015565,0],[121.34956609001821,24.933232848659987,0],[121.34959895887548,24.933251517037647,0],[121.34964829320441,24.93327948965361,0],[121.34970879079366,24.933344344238073,0],[121.3497655233299,24.93340463497378,0],[121.34981431844129,24.933457178576553,0],[121.34984517499657,24.933494206719928,0],[121.34990282775377,24.933562408532815,0],[121.35000837438314,24.93368737073052,0],[121.35002344105504,24.933699758294495,0],[121.35005459483051,24.933726778654762,0],[121.35006160391117,24.933733157670087,0],[121.35015751803283,24.933816910600267,0],[121.35024413274343,24.93389282241749,0],[121.3502666607761,24.933912250485854,0],[121.350288116208,24.933931096619055,0],[121.35030190744433,24.93394309907408,0],[121.35033240011884,24.93396997885638,0],[121.35035892736043,24.933992960248307,0],[121.35038281153516,24.93401374087087,0],[121.350391142575,24.93402084330742,0],[121.35042949488232,24.93405498115645,0],[121.35047636477324,24.934096107712822,0],[121.35051358807199,24.934128232838862,0],[121.35052608129666,24.934138637760217,0],[121.35053471782479,24.934146723802883,0],[121.35054819082109,24.934158467673484,0],[121.35055815254093,24.934167150735487,0],[121.35060739460148,24.934210712192648,0],[121.3506393919977,24.934231787747134,0],[121.35068870723387,24.934264779084966,0],[121.35071474061662,24.93428241956914,0],[121.35076086780519,24.934312958925496,0],[121.3507817362281,24.934326984617428,0],[121.35080838803131,24.934344898517246,0],[121.35087845740983,24.93439199996726,0],[121.35094365494808,24.934435844599953,0],[121.35095183955741,24.93444099208771,0],[121.35096813322882,24.934451769535148,0],[121.35098286958169,24.934461515853673,0],[121.35098978633962,24.93446622857326,0],[121.35099713247476,24.93447123365017,0],[121.35100233724688,24.93447559399937,0],[121.35107771303257,24.934527131601865,0],[121.35110084878929,24.93473233762726,0],[121.35112881538396,24.934980856869934,0],[121.35114204352581,24.93502683885724,0],[121.35121280035757,24.935368255742766,0],[121.35129683362437,24.9356111339258,0],[121.35134008781336,24.93580118812309,0],[121.35136759576422,24.935922054742836,0],[121.35137638245517,24.935954189800256,0],[121.35140296132543,24.93605837773714,0],[121.35142259307491,24.936136487351266,0],[121.3514597963478,24.936252824114188,0],[121.35147855837525,24.93631114022544,0],[121.35152077459462,24.936432094997574,0],[121.35153720548303,24.93647917148813,0],[121.351606819827,24.936634458324843,0],[121.35165324184241,24.936738010420797,0],[121.35181965298584,24.93707489310113,0],[121.3519055630191,24.937209988328984,0],[121.35209683611697,24.937473902409742,0],[121.35224373560037,24.937667309588527,0],[121.35240840261405,24.937865276768896,0],[121.35252467468227,24.93800506172577,0],[121.35259993955754,24.938083465826924,0],[121.35292204056812,24.938430625537617,0],[121.35312833170654,24.938636709940116,0],[121.35350915786728,24.939044335795142,0],[121.35363918806276,24.939197715392606,0],[121.3537515132172,24.939314979797317,0],[121.35376431678648,24.939328997508724,0],[121.35381043936104,24.939377379253497,0],[121.35384374288411,24.93941671793477,0],[121.35384726004706,24.939420880678856,0],[121.35393658692435,24.93951509600926,0],[121.35396686501227,24.939545603097997,0],[121.35397623941435,24.93955505156475,0],[121.35399489884819,24.939573858425277,0],[121.35402333980791,24.939602510027047,0],[121.35405536572179,24.939634782500402,0],[121.3540852466845,24.939664902288797,0],[121.35411208886781,24.93969194159803,0],[121.35414000358641,24.939720070783103,0],[121.35416795805419,24.939748245009994,0],[121.35421879246054,24.939799459353196,0],[121.3543124625565,24.93989217444852,0],[121.35442251789405,24.940004739955253,0],[121.35450846080097,24.940092607022468,0],[121.3546040226757,24.94018534451181,0],[121.35481006901824,24.94039497972922,0],[121.35481464683234,24.940399519114468,0],[121.3548661185741,24.940451806083047,0],[121.35494684823622,24.940537780320692,0],[121.3550341611437,24.940636983406705,0],[121.35515790024262,24.94076607372553,0],[121.3552275824159,24.940835741862344,0],[121.3552738651514,24.94088433040466,0],[121.35542624064686,24.941040762263057,0],[121.35552874035706,24.941149038419763,0],[121.35565609151874,24.941283906856054,0],[121.35587387793764,24.941559906937062,0],[121.35592230339213,24.941616552459628,0],[121.3559623700804,24.94165890801324,0],[121.35597180669768,24.941669222921135,0],[121.35606191512863,24.94176895136993,0],[121.3561510803424,24.941866954294934,0],[121.35628327982697,24.941759687697193,0],[121.35640786716299,24.941890359042205,0],[121.3564386790941,24.941923590890465,0],[121.35654582450125,24.942038743831418,0],[121.35660120691139,24.94209374737841,0],[121.35664009483509,24.942132385888723,0],[121.3566665397941,24.942158649232894,0],[121.35680484992797,24.942322733208865,0],[121.35689265876641,24.942410955510727,0],[121.35693968629455,24.942463288491375,0],[121.35730923778566,24.942811212681715,0],[121.35753607758134,24.943013914523394,0],[121.35756582123864,24.94304391654681,0],[121.35783116525677,24.94331299214451,0],[121.35789838660637,24.943390167440494,0],[121.3582508855604,24.9437359001624,0],[121.35836268530625,24.94384317686946,0],[121.358587270339,24.944049069476424,0],[121.35924225896927,24.944627101879878,0],[121.35939649455472,24.944759202698215,0],[121.35945021112394,24.944805749613202,0],[121.35952858960914,24.94487450990434,0],[121.3595691531923,24.944909866291685,0],[121.35958242620605,24.944921435670494,0],[121.3596595275418,24.94498682237557,0],[121.3597493947058,24.945062994162356,0],[121.35982480121002,24.94512438531925,0],[121.35992040975623,24.94520661920324,0],[121.35995039847663,24.945228566866664,0],[121.36000626898101,24.945266513397822,0],[121.3604487556516,24.945616790243403,0],[121.36055342370297,24.94571194842132,0],[121.36097742098657,24.946060616203997,0],[121.3610771467449,24.946141584409336,0],[121.36115654600361,24.94620663069838,0],[121.36135509939933,24.94636939054947,0],[121.3615554019331,24.946520562534744,0],[121.36173091501323,24.94665678934368,0],[121.36176970561489,24.946691580632393,0],[121.36222466774495,24.94705234943858,0],[121.36224749250069,24.947072515340768,0],[121.36235944429451,24.947168799905143,0],[121.36241739233348,24.94721946586872,0],[121.36255562885076,24.947332629251548,0],[121.36269497063951,24.947444687222568,0],[121.36290260129606,24.947601439050285,0],[121.36311634502829,24.947763892303584,0],[121.36321228793486,24.947843032281746,0],[121.36350116476547,24.948039528103678,0],[121.36368870238498,24.948175989350638,0],[121.3637772506283,24.948234166205204,0],[121.36383202850456,24.948273486237607,0],[121.36393889076422,24.948353027910535,0],[121.36410300606262,24.94847518486084,0],[121.3642584075802,24.94859085543552,0],[121.36457669594232,24.94881773588819,0],[121.36497121086428,24.94909894959033,0],[121.36500122803886,24.949119848853915,0],[121.36531980508917,24.949340794662888,0],[121.36538222877134,24.949383453899305,0],[121.36562998162668,24.949560333915187,0],[121.36566546814565,24.949585544186274,0],[121.36571691168993,24.949622081939378,0],[121.3662359277849,24.949992132908175,0],[121.36667125787031,24.950288337710678,0],[121.36688600717399,24.9504347178802,0],[121.36755848520527,24.9508952471605,0],[121.36778228639454,24.951044492736745,0],[121.36811270696136,24.95123536596434,0],[121.36819909793545,24.951288184827334,0],[121.36844266574585,24.951437109685003,0],[121.36871995012716,24.95159823823303,0],[121.36872988008393,24.95160400983693,0],[121.36903105268499,24.951779009364174,0],[121.36987872819988,24.952246045652835,0],[121.36998940626445,24.952303407595384,0],[121.37011612228054,24.95236907177512,0],[121.37023124395478,24.9524287337443,0],[121.37030700988544,24.952467999176143,0],[121.37032579517597,24.952477739175556,0],[121.37037638845365,24.952503949000214,0],[121.37112069434525,24.952801665205676,0],[121.37125943220924,24.952860238304364,0],[121.37239121629183,24.95330931669285,0],[121.37241938735698,24.953321497691466,0],[121.37244555540177,24.95333280794605,0],[121.37249988411307,24.953356127667178,0],[121.37295779440969,24.953555130644958,0],[121.3735120148484,24.953833466302676,0],[121.37354995927785,24.95385182503037,0],[121.37367834372432,24.953908065419185,0],[121.37397763105888,24.954058023992328,0],[121.37416113737882,24.954153922369464,0],[121.37427923001279,24.95421568632595,0],[121.37437777880386,24.954269184230494,0],[121.37466693856561,24.954419663405673,0],[121.37476457330996,24.954468802673812,0],[121.37498486704388,24.95458632958281,0],[121.37540564710238,24.954810787946307,0],[121.37564180803352,24.95494502139583,0],[121.37582866576228,24.95505121956326,0],[121.3762339197861,24.955281872024553,0],[121.37642184443486,24.955386875001924,0],[121.37661107877872,24.955492587662953,0],[121.37690651249571,24.955652724899934,0],[121.37706822470331,24.955748033767247,0],[121.37708218093728,24.955755401651444,0],[121.37733277369081,24.955895432310896,0],[121.37741782102515,24.95594315560974,0],[121.3775162057094,24.95599779908195,0],[121.37809929341248,24.956342815716575,0],[121.37848140175457,24.956595029164003,0],[121.37901803709369,24.95693640371565,0],[121.37950210717746,24.957255866975068,0],[121.37993086460685,24.95754436099616,0],[121.38008413789186,24.95762685370614,0],[121.38056331137258,24.957957161727986,0],[121.38139898817627,24.958517525312548,0],[121.382310481816,24.95910963668233,0],[121.3832148870687,24.959679582229317,0],[121.38411472167734,24.960258643801115,0],[121.38494669308915,24.960768734427013,0],[121.38504490239512,24.96082456434201,0],[121.3853952678346,24.961023698104235,0],[121.38574175524279,24.961220638166143,0],[121.38591097461854,24.961301987123573,0],[121.38665781284875,24.9616146481536,0],[121.38717498533563,24.96183085225684,0],[121.38748589578734,24.962011370256047,0],[121.38759462477239,24.9620612444946,0],[121.38762424315404,24.962075073534542,0],[121.38766671031227,24.962091404938583,0],[121.38768393723419,24.962076581218994,0],[121.38789911796893,24.962168452221437,0],[121.38805440555983,24.962200764688536,0],[121.38814946400218,24.962227489267782,0],[121.38825780918734,24.962250355344203,0],[121.38834424537188,24.962289443006863,0],[121.38859317629348,24.96237545168432,0],[121.38871229205665,24.962365810423613,0],[121.38882174210592,24.962315249893773,0],[121.38891628910994,24.96231892226726,0],[121.3893228167713,24.962625497120943,0],[121.38951060771976,24.962767684725165,0],[121.38981466635914,24.96286099224408,0],[121.38998553142814,24.962913035391523,0],[121.390324545761,24.963016297608302,0],[121.39038605545946,24.963031177514537,0],[121.39039836934421,24.963034147015208,0],[121.39068878652937,24.963104180886813,0],[121.39082395795884,24.963137050325678,0],[121.39100662251383,24.963190135692262,0],[121.39131887844056,24.963280880442568,0],[121.39175348363544,24.96337709887461,0],[121.39206756534534,24.963427941246167,0],[121.39219930544968,24.9634528825951,0],[121.39254305522309,24.9635212148549,0],[121.39279987549828,24.96357263993747,0],[121.39285165360873,24.96358231710723,0],[121.39285625171699,24.96358318072149,0],[121.39307026842849,24.963622277262846,0],[121.39314746788382,24.963637629220454,0],[121.39332442410632,24.96366719004445,0],[121.39334064526588,24.96366990082892,0],[121.39341239689952,24.96368189045757,0],[121.3937132203187,24.96373325187466,0],[121.3941286368222,24.963801923636538,0],[121.39452407285219,24.96386595245914,0],[121.39462060857097,24.963885558914985,0],[121.39474014304044,24.96390579952528,0],[121.39492698458349,24.963926222691196,0],[121.39502504245512,24.96393863833023,0],[121.39550459737447,24.96397625032039,0],[121.39651877030981,24.964050510509555,0],[121.39690680812558,24.964064508893262,0],[121.39704822722739,24.964071345508998,0],[121.39716929270925,24.964083969236462,0],[121.39734702184893,24.964085418148862,0],[121.39736944118829,24.96408757928593,0],[121.39745045093957,24.96408951183267,0],[121.39760337922293,24.96410278145553,0],[121.39791191103822,24.964105026993916,0],[121.39822033301323,24.96410699230982,0],[121.39824805433543,24.964107134857187,0],[121.39827620442063,24.964105100436026,0],[121.39835996891128,24.96410440691769,0],[121.39837471534815,24.964104286215488,0],[121.3984087836716,24.96410400548104,0],[121.39858515802898,24.964099931229562,0],[121.39877808927864,24.964101283574237,0],[121.39908674414194,24.964104835449994,0],[121.39931422422141,24.96410749389276,0],[121.3993650671211,24.964109497256178,0],[121.39955867984375,24.964110259923267,0],[121.3997170316225,24.96410081571576,0],[121.39972503254666,24.964100387967296,0],[121.39976246253944,24.964098364469322,0],[121.4003669612224,24.964079315920863,0],[121.40094698536817,24.964065783899937,0],[121.40112375977675,24.964066021085085,0],[121.40131731943433,24.964065716271712,0],[121.40169058874807,24.9640667954252,0],[121.40210059665807,24.964065046883547,0],[121.40260041040204,24.964062913824332,0],[121.40292323293855,24.964061535220292,0],[121.40316690691817,24.964059040408316,0],[121.40373330674934,24.964053239885356,0],[121.4041030294528,24.964053096160235,0],[121.40443427471304,24.964052966613124,0],[121.40491804830386,24.96405277608969,0]]}},{"type":"Feature","properties":{"cadgeom_type":"CADLWPolyline","thickness":0,"color":"#FF0000FF"},"geometry":{"type":"LineString","coordinates":[[121.37451830827224,24.935307408203386,0],[121.37450534889966,24.93530238249758,0]]}},{"type":"Feature","properties":{"cadgeom_type":"CADLWPolyline","thickness":0,"color":"#FF0000FF"},"geometry":{"type":"LineString","coordinates":[[121.37451830827224,24.935307408203386,0],[121.37450534889966,24.93530238249758,0]]}},{"type":"Feature","properties":{"cadgeom_type":"CADLWPolyline","thickness":0,"color":"#FF0000FF"},"geometry":{"type":"LineString","coordinates":[[121.37451830827224,24.935307408203386,0],[121.37450534889966,24.93530238249758,0]]}},{"type":"Feature","properties":{"cadgeom_type":"CADLWPolyline","thickness":0,"color":"#FF0000FF"},"geometry":{"type":"LineString","coordinates":[[121.40975857352417,24.96317424198349,0],[121.40972986261829,24.963117801164728,0],[121.40966099431773,24.962979776728595,0],[121.4096474011547,24.962949868003424,0],[121.40962398237481,24.96289600608266,0],[121.40958385367432,24.962802722780918,0],[121.40954968191093,24.96272429878975,0],[121.40952460128923,24.9626567279847,0],[121.40950469460127,24.96260094876305,0],[121.40947645656478,24.962523904576752,0],[121.40947276727836,24.962509084811995,0],[121.40946114819214,24.962473258593423,0],[121.4094440235818,24.96242038158998,0],[121.40942591532806,24.962364379155996,0],[121.40941859290793,24.962340694322783,0],[121.40940484407888,24.962266744313748,0],[121.40940027006792,24.962242525833652,0],[121.4093970014639,24.962202561017882,0],[121.40939957616806,24.962164417929266,0],[121.40939776776719,24.962146094792683,0],[121.4093861400757,24.962011474352682,0],[121.40937625035956,24.96190129624452,0],[121.40937411738038,24.96186507500237,0],[121.409367421577,24.961743249535434,0],[121.40931650526898,24.96168689242041,0],[121.40930324808924,24.961671971256543,0],[121.40928412973857,24.961650430710474,0],[121.40922436503004,24.96158503629687,0],[121.40920749961792,24.96156543270487,0],[121.40918855604617,24.961472231785713,0],[121.4091724914081,24.96140024666001,0],[121.4091411351727,24.961239879458606,0],[121.40913732114797,24.961205428112006,0],[121.4091353255678,24.961135033754633,0],[121.40912764412231,24.96088378121627,0],[121.40912200498767,24.960613059927976,0],[121.4091119275227,24.960356524997962,0],[121.40910702863836,24.960269812666446,0],[121.409105985451,24.96009961465169,0],[121.4091074878897,24.96003252463211,0],[121.40911324567114,24.95987597442111,0],[121.4091147154289,24.9598208728002,0],[121.40913178164004,24.95968436977504,0],[121.40914057975885,24.959510694715465,0],[121.40915838910861,24.959367606180248,0],[121.40916594027807,24.95930632826627,0],[121.40916904110007,24.959265975280317,0],[121.40920195736348,24.958977566585943,0],[121.4092224701646,24.95881890377277,0],[121.40928767138033,24.958235255723007,0],[121.40932359045728,24.957954238326106,0],[121.4093465310985,24.957784123500367,0],[121.40929294863894,24.957723011490536,0],[121.40938107662394,24.95770953460149,0],[121.40938146635723,24.95762205757533,0],[121.40938347882349,24.95756558951861,0],[121.40938514741865,24.95731173804022,0],[121.40937002116688,24.957046566326436,0],[121.40936940004694,24.957037746100855,0],[121.40936940004694,24.957037746100855,0],[121.40936939926974,24.957037735133557,0],[121.40935617155868,24.95685224898858,0],[121.40935575873063,24.956847103265787,0],[121.40935575873063,24.956847103265787,0],[121.40935575774489,24.956847091054883,0],[121.40934064552542,24.956661035878568,0],[121.40932303819268,24.956470256148283,0],[121.40931917884204,24.956433644046392,0],[121.40930181766058,24.956267275668917,0],[121.40927295064064,24.956067810454396,0],[121.4092497228957,24.955935965421748,0],[121.4092497228957,24.955935965421748,0],[121.40924972222813,24.95593596163598,0],[121.40923577438937,24.95585693386425,0],[121.4092178396519,24.955750274864503,0],[121.40919335793993,24.955642344427773,0],[121.40918210101717,24.955589123193356,0],[121.40913982486072,24.955424775401426,0],[121.4091256148076,24.95537245173065,0],[121.4090789762731,24.95520043259242,0],[121.40907768716964,24.95519538477125,0],[121.40906371948375,24.95514243904842,0],[121.40903383725188,24.955044765552334,0],[121.40899650612172,24.954936371699493,0],[121.40890444982783,24.954692308373225,0],[121.40858726437482,24.954031287284124,0],[121.40843612446383,24.953774152196843,0],[121.40847022851752,24.953737258409394,0],[121.40843106973183,24.953682519133412,0],[121.4083490905832,24.953524102212214,0],[121.40827749277976,24.95341658951272,0],[121.40819545835393,24.953280358118697,0],[121.40818638987719,24.953264931467267,0],[121.40815682332904,24.953216479198296,0],[121.40805425200725,24.9530908977394,0],[121.40785096732105,24.95285103285797,0],[121.40768389989807,24.95265510321336,0],[121.40756159848485,24.95251271740145,0],[121.40751036691643,24.95246560515497,0],[121.40738206175425,24.95234323514948,0],[121.40725642697869,24.952226211057308,0],[121.40718915343231,24.952156494148028,0],[121.40714458080336,24.952130879265482,0],[121.4070778958735,24.95209279511785,0],[121.40677490237927,24.951902879365765,0],[121.40668269863544,24.951846482312337,0],[121.40666581993425,24.951837206440636,0],[121.4065485272509,24.95175854414187,0],[121.40650666883681,24.951733362467007,0],[121.40644051877734,24.951693425507756,0],[121.40640420805083,24.951673815061014,0],[121.40630902273571,24.951618638667615,0],[121.40618756333157,24.951555066144476,0],[121.40592567540074,24.9514370948544,0],[121.40568610683651,24.951327383021425,0],[121.40561791211813,24.951296153922645,0],[121.40540157626354,24.951165090988283,0],[121.40540157626354,24.951165090988283,0],[121.40540156794765,24.95116508595391,0],[121.40522698817952,24.951059473833272,0],[121.40513985681861,24.950997881714695,0],[121.40488815152104,24.950812061398857,0],[121.40487100934712,24.950799641256218,0],[121.40475719231472,24.95071504818286,0],[121.40462283199335,24.95062215194838,0],[121.40436687397528,24.950441907465233,0],[121.40426750680491,24.950369268806416,0],[121.40417047568778,24.95029771930726,0],[121.40415061556048,24.950279927486026,0],[121.40399389776694,24.95013571203577,0],[121.4039258921072,24.9500727176319,0],[121.40363382969704,24.949806296130287,0],[121.40339965757784,24.949604784545365,0],[121.40325063356461,24.949468437918785,0],[121.4030383321123,24.949226559107352,0],[121.40278484045051,24.9489402289481,0],[121.40260890727416,24.94863521438889,0],[121.40246739227607,24.948469247321867,0],[121.40122097206378,24.947006450131454,0],[121.40122097206378,24.947006450131454,0],[121.40101909426227,24.94678433646671,0],[121.4008021105273,24.946574396332533,0],[121.40057090198314,24.946377482181358,0],[121.4003264074995,24.94619439357052,0],[121.40006961987937,24.946025873916525,0],[121.40006961987937,24.946025873916525,0],[121.3998572564208,24.945894500640136,0],[121.39963652198402,24.945775147396205,0],[121.39940823396878,24.945668256149954,0],[121.39916354403421,24.945564860198125,0],[121.39916354403421,24.945564860198125,0],[121.39912206894302,24.945544043599632,0],[121.39907954882497,24.945525060320445,0],[121.39903608109753,24.94550795385281,0],[121.39900798380202,24.945489758013633,0],[121.3989988211417,24.945489177344182,0],[121.39895316067522,24.945475960338143,0],[121.39880004867307,24.945411260866496,0],[121.39872934291412,24.945379082538217,0],[121.39860160137953,24.945320946989078,0],[121.3984727343347,24.945265899196556,0],[121.39847476868124,24.945261797626006,0],[121.39793253161622,24.94503892428245,0],[121.39793767414794,24.945025838520113,0],[121.39786618158908,24.944998619384343,0],[121.39776544377621,24.944954703215757,0],[121.3975466151671,24.944861377908765,0],[121.39750616592428,24.94484481355583,0],[121.39743921808581,24.94481871407724,0],[121.39740855003465,24.944802286166905,0],[121.39702050323375,24.94460429302503,0],[121.39700962518299,24.94459874269266,0],[121.39684160542686,24.944520579528433,0],[121.39671194375406,24.944452061681524,0],[121.39654018702966,24.944365062952826,0],[121.39650285477602,24.944344263923004,0],[121.39646002986122,24.944319444606137,0],[121.39639814332527,24.944276396864304,0],[121.39638098627391,24.944250911031826,0],[121.39633863639172,24.944187242042123,0],[121.39625639359058,24.944133883199388,0],[121.39620952161899,24.944102388332748,0],[121.3961425838623,24.944054624452132,0],[121.39611960870288,24.944035858559033,0],[121.39606900015156,24.943988691478314,0],[121.39596750620427,24.94389310219006,0],[121.39586571190308,24.94378243616946,0],[121.39580316059424,24.94371293989433,0],[121.39576352341207,24.9436673089058,0],[121.39573886065132,24.943641227517507,0],[121.39570129506264,24.94360015381129,0],[121.39564244751779,24.943539616356496,0],[121.39559963891098,24.94349639982753,0],[121.39558535810175,24.943485088208988,0],[121.3955727085986,24.9434780072084,0],[121.39551105909668,24.943459489229543,0],[121.39547334669248,24.943423401082203,0],[121.3954256043101,24.94337800809384,0],[121.39539288683106,24.94335210643266,0],[121.3953670941026,24.943335661541013,0],[121.39531005294525,24.9433119510151,0],[121.39526844889814,24.943299682431228,0],[121.39518902334564,24.94328795450224,0],[121.3951422112524,24.943284950606895,0],[121.39510448321082,24.943286081657075,0],[121.39507471481318,24.943281862134416,0],[121.39505874649632,24.943274562437956,0],[121.3950391948759,24.94325964435345,0],[121.39503096228111,24.943251206405588,0],[121.39502580165583,24.943241864626874,0],[121.3950226540706,24.9432313955716,0],[121.39501403809723,24.943201114104937,0],[121.395010828057,24.94319389665854,0],[121.39502037434491,24.94318255388821,0],[121.39515392408644,24.94291062148982,0],[121.39511117083799,24.94272569934411,0],[121.39497507735365,24.942636293603197,0],[121.39460386456567,24.942381389626252,0],[121.39452646414556,24.942332876807253,0],[121.39452646414556,24.942332876807253,0],[121.39452645288405,24.942332869755756,0],[121.39450317819274,24.94231831041834,0],[121.39390197128475,24.941907766675683,0],[121.39361663613346,24.941713670378228,0],[121.39352670779469,24.941644659382572,0],[121.39344993493634,24.941587187823067,0],[121.39340564782903,24.94155194379897,0],[121.3931673096167,24.941372258652635,0],[121.39315723114716,24.941367643049304,0],[121.39274323225081,24.941061041404073,0],[121.39274323225081,24.941061041404073,0],[121.39274322181708,24.941061033684107,0],[121.39261926614195,24.94096940294064,0],[121.39259529044068,24.94095172099065,0],[121.39228462449698,24.940733196532936,0],[121.39226674660972,24.940720659793747,0],[121.39217557880625,24.94065660962324,0],[121.39187788757881,24.940455611761212,0],[121.39115264380186,24.93998281315735,0],[121.3910003348793,24.939883162981616,0],[121.39025544020721,24.939432197681917,0],[121.38916823461257,24.938742758784404,0],[121.38905570244034,24.93867769262347,0],[121.38892516083378,24.93860035413885,0],[121.38889186588077,24.938580563807772,0],[121.38888327612155,24.938575508548542,0],[121.38884258496417,24.938551722495557,0],[121.38866286342827,24.938433232480886,0],[121.38846022284268,24.938299987577956,0],[121.38835380866047,24.938217847859985,0],[121.38822205518996,24.93811519150018,0]]}},{"type":"Feature","properties":{"cadgeom_type":"CADLWPolyline","thickness":0,"color":"#FF0000FF"},"geometry":{"type":"LineString","coordinates":[[121.38822205518996,24.93811519150018,0],[121.38788512053479,24.937824432931222,0],[121.38777255150431,24.93772805697043,0],[121.38749374255366,24.937492440557467,0],[121.38715978675263,24.937167927401948,0],[121.38713919396352,24.937146005929645,0],[121.38713919396352,24.937146005929645,0],[121.38713918824685,24.93714599984775,0],[121.3870892164871,24.937092867416723,0],[121.38703484718097,24.937032184547085,0],[121.38694390983876,24.936930583681274,0],[121.38694390983876,24.936930583681274,0],[121.38694390860242,24.936930582300132,0],[121.386927390785,24.936912132499753,0],[121.38684757004884,24.936818329340536,0],[121.38680163831282,24.936764971072517,0],[121.38680088250861,24.93676408405812,0],[121.38677310154398,24.93673120225873,0],[121.38677310154398,24.93673120225873,0],[121.3867731002505,24.936731200727944,0],[121.38673321514833,24.936684006253806,0],[121.38668429461022,24.936624220611286,0],[121.38662726619987,24.9365530898692,0],[121.38658739085793,24.936502344843095,0],[121.38650837630205,24.93639889774137,0],[121.38649829545966,24.93638572845349,0],[121.386427363775,24.936293359391808,0],[121.38639549821674,24.9362483012113,0],[121.38636926548807,24.93621111803615,0],[121.38628424469096,24.93609057006319,0],[121.3862077370556,24.935963707897862,0],[121.38616338125999,24.935891959485396,0],[121.38616112907422,24.93588825873439,0],[121.38608708235327,24.93577262767446,0],[121.38600247388102,24.935639200575306,0],[121.38596939428669,24.935581967881717,0],[121.38596535714014,24.935574675724993,0],[121.385928354621,24.935507696541272,0],[121.38585287074808,24.935372699808063,0],[121.38580431184418,24.935278993308355,0],[121.385768793561,24.9352125161129,0],[121.38574197096831,24.935165245703327,0],[121.38571907237932,24.935120316297038,0],[121.38567993597732,24.93503806690108,0],[121.38567699939881,24.93503224044719,0],[121.38567699939881,24.93503224044719,0],[121.38519958856476,24.93427477128272,0],[121.38518852739692,24.934257600066445,0],[121.38518852739692,24.934257600066445,0],[121.38509189056754,24.934104690920325,0],[121.38509189056754,24.934104690920325,0],[121.38506506220392,24.9340663838786,0],[121.38488064835165,24.933820008178756,0],[121.38488064835165,24.933820008178756,0],[121.3847248337882,24.933633352239752,0],[121.3845599817171,24.933453266415576,0],[121.3845599817171,24.933453266415576,0],[121.384496964536,24.93339029904527,0],[121.38442973713497,24.933331062494926,0],[121.38435856463936,24.933275790371443,0],[121.38428372773144,24.9332247006472,0],[121.38420552154341,24.93317799480056,0],[121.38412425449349,24.933135857021355,0],[121.38404024706976,24.933098453484526,0],[121.38395383056636,24.933065931694948,0],[121.38386534577693,24.933038419905674,0],[121.38386534577693,24.933038419905678,0],[121.38368822015157,24.932980062736878,0],[121.3835074860735,24.932931773010612,0],[121.38332383103479,24.932893734415316,0],[121.38313795363642,24.93286609164532,0],[121.38295056093126,24.93284894985056,0],[121.38276236573515,24.93284237423664,0],[121.38276236573515,24.93284237423664,0],[121.38259807693026,24.932829671759134,0],[121.3824332431088,24.93282617733284,0],[121.38226848440152,24.9328319041048,0],[121.3821044206567,24.932846830530405,0],[121.38194166910856,24.932870900454446,0],[121.38178084205553,24.932904023322365,0],[121.38170896192402,24.932913387505515,0],[121.38168538903265,24.93292175160088,0]]}},{"type":"Feature","properties":{"cadgeom_type":"CADLWPolyline","thickness":0,"color":"#FF0000FF"},"geometry":{"type":"LineString","coordinates":[[121.37451830827224,24.935307408203386,0],[121.37450534889966,24.93530238249758,0]]}},{"type":"Feature","properties":{"cadgeom_type":"CADLWPolyline","thickness":0,"color":"#FF0000FF"},"geometry":{"type":"LineString","coordinates":[[121.37455036243747,24.935314559690763,0],[121.37453829436328,24.935315158900735,0],[121.37451830827224,24.9353074082034,0],[121.37443826012897,24.935276365131177,0],[121.37444099487618,24.93526901013111,0],[121.37436475451206,24.93524267942964,0],[121.37436475451206,24.93524267942964,0],[121.3743647517376,24.93524267847173,0],[121.37435327727695,24.93523871798755,0],[121.3742936992802,24.935218122839924,0],[121.3742899854736,24.935223916303666,0],[121.3742340040871,24.93520548246533,0],[121.37418600089953,24.935187596774618,0],[121.37409254059057,24.935153549189152,0],[121.3739138198222,24.93509178725339,0],[121.37385052216646,24.93506682590612,0],[121.37384842283699,24.935071172205078,0],[121.3738354648656,24.935067102249477,0],[121.37383602053416,24.93506613426623,0],[121.37377725033888,24.935046969881256,0],[121.37368043169236,24.935015398205227,0],[121.37356372035553,24.934925939151007,0],[121.37355533257981,24.93492124145167,0],[121.37351556753336,24.934906610748335,0],[121.37351649267804,24.934905518131902,0],[121.37343770248401,24.934863923084308,0],[121.37343802704225,24.934856804080166,0],[121.37338493442188,24.9348334048151,0],[121.37329868348,24.934793123602272,0],[121.37328425991406,24.934786040253986,0],[121.37324069146767,24.934777107695986,0],[121.37319576133942,24.934767846533425,0],[121.37319186171096,24.93477090305123,0],[121.37316116850863,24.934755161649317,0],[121.37309938915696,24.93472344761418,0],[121.37309938915696,24.93472344761418,0],[121.37309938428189,24.934723445112677,0],[121.37305140313407,24.93469883596457,0],[121.3730442669363,24.93469515427092,0],[121.37299387902803,24.93466927342641,0],[121.37295103825457,24.934647261202283,0],[121.37291800743476,24.934630276314024,0],[121.37287307334911,24.934607270502248,0],[121.37283202422184,24.934586250150264,0],[121.37278895626609,24.934564145229615,0],[121.37273420837452,24.934534032335026,0],[121.37270818186983,24.934523158245796,0],[121.37266995058292,24.934503850468698,0],[121.37266967492238,24.934503598786,0],[121.372639845923,24.934471501620937,0],[121.37257522786055,24.934442534996023,0],[121.37257472348101,24.93444416172799,0],[121.3725647407323,24.93443985593016,0],[121.3725651792808,24.934438287441434,0],[121.37252289255728,24.93441964651753,0],[121.37252502615107,24.934415363328167,0],[121.3724685799939,24.934386472146027,0],[121.37245909220447,24.934390163832845,0],[121.37244183563931,24.934375783759442,0],[121.37235056816924,24.934324905614243,0],[121.37229120103692,24.934296111111497,0],[121.37229178545303,24.934292918094574,0],[121.37223874000384,24.93426846627775,0],[121.37224096957374,24.93426229127746,0],[121.37216591909605,24.934232083140955,0],[121.37216651040038,24.934226747814694,0],[121.37211418247124,24.934214795064097,0],[121.37202849423579,24.934176806486157,0],[121.37197495839051,24.93415679813819,0],[121.3718954506975,24.934121542724245,0],[121.37188840727849,24.934147129531773,0],[121.37188495514035,24.93414607367408,0],[121.3717700062754,24.93407964835909,0],[121.37176448118943,24.93407564396524,0],[121.371706888815,24.934048232538473,0],[121.37170854838472,24.93404503960604,0],[121.37167963687041,24.93403406798999,0],[121.37168040122225,24.93403254289759,0],[121.37163086936641,24.934016619203184,0],[121.37147896550249,24.933927750412693,0],[121.37125558785465,24.933821144749203,0],[121.37117825740057,24.933788195429287,0],[121.37103086113262,24.933728193022876,0],[121.37098819143442,24.933709499100985,0],[121.3709313880146,24.933685095970418,0],[121.37090090245638,24.933674071770564,0],[121.37077825493698,24.933615106061612,0],[121.37057573146767,24.933486962765055,0],[121.37044508143498,24.93332944239227,0],[121.37041986121613,24.93329959589149,0],[121.37040688381852,24.933288329225753,0],[121.37039559016705,24.933283890855567,0],[121.37034371716523,24.9332340771109,0],[121.37032263043938,24.933212377729873,0],[121.370244039577,24.933128382110542,0],[121.37021103100687,24.933098160884665,0],[121.3701248286758,24.933030639952435,0],[121.37008876222191,24.932997966381194,0],[121.37003243090425,24.932924865398988,0],[121.37007926570355,24.93290887151683,0],[121.37001133675408,24.932772539158133,0],[121.36996998681705,24.93276323096391,0],[121.36993796279076,24.93276013900005,0],[121.36992531874735,24.93275976726491,0],[121.36992309122948,24.932750553113447,0],[121.36992282319821,24.932749326913683,0],[121.3699209919265,24.93274094535187,0],[121.36992051679738,24.932738515566786,0],[121.3699191077093,24.93273130485452,0],[121.3699184623316,24.93272756714644,0],[121.36991743892716,24.93272163464257,0],[121.36991668709487,24.9327166202753,0],[121.36991598609525,24.932711939050183,0],[121.36991518118437,24.932705617606302,0],[121.36991474961063,24.932702222396507,0],[121.36991394354226,24.932694533084312,0],[121.36991372977218,24.93269248907835,0],[121.36991298339119,24.932683433005653,0],[121.36991292665775,24.932682742330257,0],[121.36991233179383,24.932672840172167,0],[121.36991233179383,24.932672840172167,0],[121.3699123313185,24.93267283230198,0],[121.36991232528479,24.932672732923365,0],[121.36989756793392,24.932371593779703,0],[121.36989543783167,24.932328053604476,0],[121.36989330821258,24.93228465043026,0],[121.36989115756238,24.93224083219168,0],[121.36988903798262,24.93219742326532,0],[121.36988903798262,24.93219742326532,0],[121.36988903781995,24.932197419942668,0],[121.36988687666297,24.932153402776546,0],[121.36988479993427,24.932111128200265,0],[121.36988266526092,24.93206738393199,0],[121.36986556936779,24.931718843292774,0],[121.36986388215284,24.93168432326921,0],[121.36986331263522,24.93167266767685,0],[121.36986123540753,24.931630255366876,0],[121.36985856871067,24.93157601483126,0],[121.36985775651516,24.931559264403404,0],[121.36985775651516,24.931559264403404,0],[121.36985775616449,24.931559257214285,0],[121.36985341275148,24.931470746027937,0],[121.36984950114929,24.931390909281394,0],[121.3698471498936,24.931342902021957,0],[121.36984180441428,24.93123382469027,0],[121.36983728191196,24.931141710688518,0],[121.36983524534065,24.931100039913908,0],[121.3698338721916,24.931074555462466,0],[121.36982958278139,24.93098703384385,0],[121.3698194218508,24.930777162733225,0],[121.3698194218508,24.930777162733225,0],[121.36981942145083,24.930777154528112,0],[121.36981126192288,24.930610909569662,0],[121.36980943805216,24.930573700487855,0],[121.36980328012424,24.930447814742045,0],[121.36980169860477,24.930415524275507,0],[121.36980169860477,24.930415524275507,0],[121.3698016983484,24.930415519063796,0],[121.36980075919479,24.93039650832085,0],[121.36979885224423,24.930360997465648,0],[121.36979611159504,24.930301618932525,0],[121.36979583757659,24.93029616690968,0],[121.36979541057951,24.930290916945196,0],[121.36979489712189,24.93027835882983,0],[121.369794266666,24.930265505563426,0],[121.36979353433682,24.930252707154356,0],[121.36979300330475,24.930243426855686,0],[121.36979245861187,24.93023413846238,0],[121.36979190077759,24.93022485073114,0],[121.36979132979165,24.93021556365569,0],[121.36979074566364,24.930206277256083,0],[121.36979014837449,24.930196991553906,0],[121.36978953795422,24.930187706578675,0],[121.36978891438197,24.93017842230605,0],[121.36978827766818,24.930169138787235,0],[121.3697876278035,24.930159856022286,0],[121.36978696480735,24.930150574029856,0],[121.36978628865981,24.930141292827344,0],[121.36978559938149,24.93013201243277,0],[121.36978489696125,24.93012273284846,0],[121.36978418140039,24.9301134541078,0],[121.36978345270872,24.93010417621855,0],[121.3697827108853,24.930094899185672,0],[121.36978195592083,24.930085623034568,0],[121.36978118782568,24.93007634777992,0],[121.36978040659945,24.93006707344217,0],[121.36977961224281,24.930057800029644,0],[121.36977880476437,24.93004852755313,0],[121.36977798414577,24.93003925604723,0],[121.36977715041657,24.930029985509208,0],[121.36977630355533,24.930020715956903,0],[121.36977544356449,24.930011447416693,0],[121.36977457046282,24.93000217989403,0],[121.36977368423021,24.929992913395495,0],[121.36977278488739,24.929983647965038,0],[121.36977187242398,24.929974383597834,0],[121.3697709468497,24.929965120300587,0],[121.3697700081547,24.9299558581097,0],[121.3697690563498,24.92994659703303,0],[121.36976809143488,24.929937337087562,0],[121.3697671134187,24.929928078279367,0],[121.36976612146209,24.929918812964694,0],[121.36976363424147,24.92989615008078,0],[121.36976107516338,24.929873465705786,0],[121.36975652995665,24.929835293623867,0],[121.369755004057,24.929822646964332,0],[121.36975345544026,24.929810001258797,0],[121.36975188038745,24.929797326493446,0],[121.36975022335223,24.92978470225944,0],[121.36969981015625,24.92940075242625,0],[121.36969981015625,24.92940075242625,0],[121.36969980850881,24.929400739928575,0],[121.36969844548643,24.92939044015206,0],[121.3696970621787,24.929380131276698,0],[121.36969566008337,24.929369824514094,0],[121.36969423918083,24.929359519884308,0],[121.36969279949342,24.929349217440173,0],[121.3696913410278,24.929338917185234,0],[121.36968986376534,24.929328619145558,0],[121.36968836772786,24.929318323370588,0],[121.36968685292325,24.929308029881515,0],[121.36968531934183,24.929297738697485,0],[121.36968376699494,24.929287449855103,0],[121.3696821958715,24.929277163251797,0],[121.3696805450073,24.92926648609484,0],[121.36967887445556,24.929255811482843,0],[121.36967718420674,24.929245139453595,0],[121.36967547428247,24.929234470036,0],[121.3696737446901,24.92922380324887,0],[121.36967199541881,24.92921313912295,0],[121.36967022647246,24.929202477708305,0],[121.36966843787901,24.929191819020268,0],[121.36966662882969,24.92918115843645,0],[121.36966445435522,24.929168542827178,0],[121.36966225392298,24.929155934112785,0],[121.36966002684822,24.9291433283868,0],[121.36965749308828,24.929129171341046,0],[121.36965492401654,24.92911501814363,0],[121.36965231994745,24.929100870541298,0],[121.3696501783542,24.929089391439415,0],[121.3696480147913,24.929077918699782,0],[121.36964582871573,24.929066449500965,0],[121.3696436224378,24.92905499582088,0],[121.3696436224378,24.92905499582088,0],[121.36964362011145,24.9290549837758,0],[121.36964251198003,24.92904926135247,0],[121.3696413913475,24.929043525735814,0],[121.36963834077665,24.929028089665263,0],[121.36963525848277,24.92901265266603,0],[121.3696322863978,24.92899800714978,0],[121.36962927574426,24.92898337122375,0],[121.36962622701296,24.928968747119505,0],[121.36962409999964,24.928958636718566,0],[121.36962195469386,24.928948529694363,0],[121.3696197910815,24.92893842592121,0],[121.36961760916077,24.928928325426106,0],[121.36961540893444,24.92891822823091,0],[121.36961319042085,24.928908134364413,0],[121.36961095360991,24.92889804384347,0],[121.36960869852157,24.92888795671347,0],[121.36960642514747,24.928877872999024,0],[121.3696041335164,24.928867792731477,0],[121.36960182285176,24.92885771261861,0],[121.36959864841533,24.928844011487424,0],[121.36959544276549,24.92883031684766,0],[121.36959220561515,24.928816627539007,0],[121.36958905873799,24.928803460955308,0],[121.36958588062325,24.928790300866936,0],[121.36958267170013,24.928777149017808,0],[121.36957997047496,24.928766175219668,0],[121.36957979725139,24.928765477252245,0],[121.36957964661488,24.928764865589475,0],[121.3695788456052,24.928761642799586,0],[121.36957724824083,24.92875520655648,0],[121.36957689799283,24.928753806756927,0],[121.36957659517255,24.928752588386775,0],[121.369575756971,24.928749246554283,0],[121.36957450483584,24.92874424227624,0],[121.369573966893,24.92874210967736,0],[121.36957351641391,24.928740313658462,0],[121.36957304575259,24.928738457945304,0],[121.36957174024008,24.928733282423593,0],[121.36956895353434,24.92872232328447,0],[121.36956610553764,24.92871124048412,0],[121.36956610553764,24.92871124048412,0],[121.36956610229849,24.928711227906167,0],[121.36956324178799,24.928700144023143,0],[121.36956002700069,24.92868784583111,0],[121.3695567936299,24.928675560911042,0],[121.36955353801835,24.928663275286496,0],[121.36955017955367,24.928650730739566,0],[121.36954679121129,24.928638193973217,0],[121.36954337336077,24.928625666248298,0],[121.36954050840117,24.928615247510503,0],[121.36953762447948,24.928604834282897,0],[121.36953472132471,24.928594425516508,0],[121.36953179893217,24.92858402121224,0],[121.36953176089227,24.92858388672664,0],[121.36953148131968,24.928582884733874,0],[121.36952860680434,24.928572726271508,0],[121.36952801897989,24.92857067813993,0],[121.36952589646401,24.92856322617076,0],[121.36952291640691,24.928552835482453,0],[121.36951992033265,24.928542460422427,0],[121.36951992033265,24.928542460422427,0],[121.36951991718512,24.928542449541307,0],[121.36950951027868,24.928506532835485,0],[121.36950642200881,24.928495937882044,0],[121.3695032947075,24.928485341127242,0],[121.36950013149502,24.928474753237865,0],[121.36949693239853,24.928464174321697,0],[121.36949369744082,24.92845360447794,0],[121.36949042666062,24.928443043792946,0],[121.36948712007924,24.92843249238796,0],[121.3694837815734,24.92842196243234,0],[121.36948216206915,24.928416877949964,0],[121.369480525251,24.928411810617124,0],[121.369480525251,24.928411810617124,0],[121.36948052177324,24.928411799866925,0],[121.36947740712453,24.928402186763023,0],[121.36947425719183,24.92839256352713,0],[121.36947107787387,24.928382948332406,0],[121.36946786917154,24.928373341244363,0],[121.36946463112983,24.928363742359387,0],[121.36946136377306,24.9283541517329,0],[121.36945806711405,24.92834456945428,0],[121.3694547411937,24.928334995580478,0],[121.36945138602827,24.928325430200015,0],[121.36944800099631,24.92831587155573,0],[121.3694441654021,24.928305153213294,0],[121.36944029115,24.928294445127722,0],[121.36943637871389,24.928283748583116,0],[121.36943242812492,24.928273063708968,0],[121.369428440446,24.928262393297434,0],[121.36942341590309,24.928249072230944,0],[121.36941832588164,24.928235761723442,0],[121.36941317689482,24.92822247881467,0],[121.3694095224496,24.928213141611344,0],[121.3694058400868,24.92820381529528,0],[121.36940212920864,24.92819449836772,0],[121.36939838986585,24.92818519092096,0],[121.36939462207683,24.92817589302325,0],[121.36939082587229,24.928166604730652,0],[121.36938700128141,24.92815732613154,0],[121.36938314833559,24.92814805729262,0],[121.36937926706183,24.92813879827912,0],[121.36937535748385,24.928129549171956,0],[121.36937141965053,24.928120310050247,0],[121.36936745378198,24.928111081456787,0],[121.36936345322144,24.928101845895355,0],[121.36935942442695,24.928092620082978,0],[121.36935536760869,24.928083404502953,0],[121.36935128279494,24.928074199205643,0],[121.36934717001131,24.928065004262606,0],[121.36934302928528,24.9280558197628,0],[121.36933886066767,24.928046645762564,0],[121.36933466417806,24.928037482329287,0],[121.36933043983606,24.928028329538147,0],[121.3693261877011,24.928019187460478,0],[121.36932190778623,24.928010056162652,0],[121.36931760012783,24.928000935721666,0],[121.36931326476521,24.927991826208466,0],[121.36930890172896,24.927982727687564,0],[121.36930451540334,24.927973649222753,0],[121.36922896833677,24.927817845557712,0],[121.3689732508896,24.92729044725544,0],[121.36895180661381,24.92724621413896,0],[121.36897750107354,24.927248084412348,0],[121.36900231636744,24.92724977067092,0],[121.36903913165382,24.927252138995524,0],[121.36906866717827,24.927253941249614,0],[121.36906206901935,24.927226131866266,0],[121.36905887377496,24.927206819748577,0],[121.36903962547476,24.92707136618885,0],[121.3689445659559,24.92706454817176,0],[121.36893609880894,24.92706388936762,0],[121.36884834849475,24.926730621276587,0],[121.36883806673599,24.926690444998226,0],[121.36876778663976,24.92644158838087,0],[121.36869519266891,24.926187335309603,0],[121.3685848482105,24.925806644240183,0],[121.36857674670982,24.925761991877422,0],[121.36855756746803,24.925675101306037,0],[121.36853996389023,24.92559533215121,0],[121.36852679479131,24.92553570482899,0],[121.36850936259088,24.92546000153755,0],[121.36849318068863,24.925379626079373,0],[121.36847819656066,24.92531550508665,0],[121.36844695130998,24.925173948390533,0],[121.36838835196687,24.9249084791147,0],[121.36836236919926,24.924790768374987,0],[121.36831593364795,24.92458040539699,0],[121.36825990398854,24.924326549344187,0],[121.36824054412395,24.924238827571457,0],[121.36822693407707,24.924206833898563,0],[121.36818513700838,24.92417404224256,0],[121.36818513700838,24.92417404224256,0],[121.3681851272881,24.92417403462321,0],[121.36813395141623,24.92413395488004,0],[121.367970745955,24.9240697434436,0],[121.36795282723645,24.924070591637754,0],[121.36794377157027,24.923831927190644,0],[121.36796278225331,24.92383429434485,0],[121.36800285190897,24.9238403437605,0],[121.36801781944335,24.923845538793792,0],[121.36801875113301,24.923847408354437,0],[121.36804041638747,24.923854798154974,0],[121.36806037790633,24.923861315699355,0],[121.36806037790633,24.923861315699355,0],[121.36806038240893,24.923861317168736,0],[121.36807163743678,24.92386498826674,0],[121.36807429864983,24.92386865486898,0],[121.36808668795427,24.92388584871451,0],[121.36809824828592,24.92388798507709,0],[121.36811484044814,24.923891987255573,0],[121.3681169654209,24.923893286920833,0],[121.36812890486891,24.92390182666212,0],[121.36815492359361,24.92391991774973,0],[121.36817683084973,24.92393553778257,0],[121.36818237608779,24.923937935445043,0],[121.36819554080861,24.92394436970737,0],[121.36821217025414,24.923951886925494,0],[121.36822513519351,24.923959121788165,0],[121.3682389855105,24.923965784338957,0],[121.36824466240513,24.923970876309582,0],[121.36825684274665,24.923982805987514,0],[121.36829641372789,24.9240215626004,0],[121.36820761198864,24.92293036463839,0],[121.3681845175782,24.922754017941436,0],[121.36813912554642,24.92234144549253,0],[121.36809994469016,24.922015110713417,0],[121.36804662870412,24.921550000514124,0],[121.36799166750703,24.921082935308757,0],[121.36795800054657,24.920788314786723,0],[121.36787130633645,24.920051051952502,0],[121.36784145438345,24.919845775184978,0],[121.36782970738776,24.919841969016247,0],[121.36776581634969,24.91981841683127,0],[121.36774489757374,24.919809053689065,0],[121.36772244532003,24.919797778303955,0],[121.36758639732503,24.91913920614956,0],[121.36742052243909,24.918389356688945,0],[121.36738261968048,24.918230356286468,0],[121.36732917461335,24.91803546822676,0],[121.36714414282058,24.91728248804138,0],[121.36707604032897,24.91725598527447,0],[121.367003703199,24.917157451538788,0],[121.36699876116263,24.917151496660527,0],[121.36699264374711,24.917126334953718,0],[121.36698390166437,24.917128584912078,0],[121.36697812259973,24.91707403104925,0],[121.36699016987423,24.917009814993193,0],[121.36694451621378,24.916821922019004,0],[121.36697042733186,24.916789311975496,0],[121.36697817618357,24.91676033991409,0],[121.36696027171493,24.916729625267084,0],[121.36692295724318,24.916711349840654,0],[121.36692876761838,24.916674441740003,0],[121.36695461193992,24.916622757712663,0],[121.36694641059074,24.91657350628433,0],[121.36693926094235,24.916548071465662,0],[121.36691309586203,24.916511521061864,0],[121.36689748554093,24.916481494399008,0],[121.36689067014898,24.916433419782834,0],[121.36686991083221,24.916402306736465,0],[121.36686358131456,24.91638452989282,0],[121.36685431086254,24.916347680098866,0],[121.36682568179424,24.91630924936283,0],[121.366809647345,24.916256856536492,0],[121.36681301553845,24.916218657363,0],[121.36686561300864,24.91614526294635,0],[121.36689059628124,24.916110081359808,0],[121.36692381874694,24.916089299278507,0],[121.36692345594312,24.91606418816395,0],[121.3669044335188,24.916010878709148,0],[121.36690328526599,24.91600983373041,0],[121.36697233669746,24.91599966915844,0],[121.36696774298609,24.915791535993694,0],[121.36698313985524,24.915747464858484,0],[121.3669888565072,24.915738508092815,0],[121.36698554523818,24.9156172432916,0],[121.36698452936747,24.915547110952623,0],[121.36696619662453,24.91553081412234,0],[121.36694620417755,24.915529873132744,0],[121.36693549629307,24.915508647237775,0],[121.3669261690295,24.915420021398138,0],[121.3669238529119,24.915360819136378,0],[121.36693906795335,24.91528919516372,0],[121.36694419437251,24.915263142822205,0],[121.3669469787627,24.915263144268128,0],[121.36694930373972,24.91524175582537,0],[121.3669563382894,24.915240954022824,0],[121.36696084168659,24.915211978415407,0],[121.36696769332596,24.915199602259836,0],[121.3669679995595,24.915198821358405,0],[121.36697060965658,24.91519220727891,0],[121.36698818195806,24.915100294242137,0],[121.36701649159589,24.915038596029806,0],[121.36701151789462,24.91496400222598,0],[121.36701428957453,24.914898206337465,0],[121.36701275256445,24.91484203872348,0],[121.36703227303332,24.91480629626348,0],[121.36704120920741,24.91479020219894,0],[121.36704020599079,24.914721744219126,0],[121.3670259859528,24.91465461995733,0],[121.36702638375787,24.91465042825263,0],[121.36703612939812,24.914607893235342,0],[121.36704472889036,24.91460728037629,0],[121.3670441386432,24.91459262330668,0],[121.36704508679614,24.914592558389796,0],[121.3670720304408,24.914478503,0],[121.36707202989028,24.91447735161883,0],[121.36707276513388,24.914475191123284,0],[121.36708646833809,24.914318146820744,0],[121.36709424210234,24.914224312910125,0],[121.3670913118726,24.91417983467064,0],[121.36709081519892,24.9137191162615,0],[121.36714779392636,24.91293693390909,0],[121.36715755628543,24.912883985818755,0],[121.367166667777,24.91278170985356,0],[121.36718262444691,24.912640553405705,0],[121.36733270315705,24.9118716855252,0],[121.36735290310425,24.911759681316763,0],[121.36734857750731,24.911685508851193,0],[121.36732317263441,24.911681065228667,0],[121.36732537572942,24.911667015381163,0],[121.36732684981965,24.91165718833907,0],[121.36732714660059,24.91163457696075,0],[121.36739516645605,24.911504050607917,0],[121.36740592941513,24.9114719073584,0],[121.36741651221502,24.91141504059547,0],[121.36739642523372,24.911348775069648,0],[121.36737082309281,24.911296898175813,0],[121.36738353828805,24.91126145778682,0],[121.3674232554937,24.911205815870147,0],[121.36741987670301,24.910944410457365,0],[121.36741564134037,24.910857778305616,0],[121.36740355350628,24.910833219751954,0],[121.36740933698195,24.910828720411544,0],[121.36740843629029,24.91075904642547,0],[121.36741039852362,24.910735616571223,0],[121.36740793644805,24.91060370456935,0],[121.36740793644805,24.91060370456935,0],[121.3674079363001,24.9106036967747,0],[121.36740564254602,24.91048482398744,0],[121.36739534467173,24.910402822270257,0],[121.36738372605612,24.910363957999795,0],[121.36735631325728,24.91025716163241,0],[121.36732321603921,24.910262718635312,0],[121.36732881586808,24.910249982928022,0],[121.36732568159869,24.910209194675417,0],[121.36731762952839,24.910089772390226,0],[121.36731565996986,24.910063954900288,0],[121.36729854704919,24.90993908149286,0],[121.36729986383956,24.909882226334673,0],[121.36725372211431,24.909672616845953,0],[121.3672447552916,24.90962641832476,0],[121.36723119232603,24.909539466501663,0],[121.36720514447329,24.909451487494106,0],[121.3672029650128,24.909451837357807,0],[121.36715045651398,24.909348427249366,0],[121.36717255747894,24.909333298971365,0],[121.36715165526283,24.909211053748706,0],[121.36706111207813,24.90916602234563,0],[121.36701695391075,24.909104486391296,0],[121.36701492237172,24.909094338805307,0],[121.36699985995214,24.909091121840603,0],[121.36696818550593,24.90908238039774,0],[121.3669213609699,24.90904096505773,0],[121.36691540218403,24.908952306071726,0],[121.36687353352279,24.908900408840786,0],[121.36679778204612,24.90876293836362,0],[121.36679988617144,24.908758700216183,0],[121.36676880781296,24.90867378093469,0],[121.36675283020283,24.908634584809516,0],[121.36674307870894,24.908616537921834,0],[121.36673002323998,24.90860086331963,0],[121.36671619495233,24.908584450492175,0],[121.36666720177892,24.908536605873575,0],[121.36665657496644,24.90854788874333,0],[121.36661953625027,24.908513246899233,0],[121.36660879646254,24.908452575953273,0],[121.36655987079114,24.908439671650527,0],[121.36651938864563,24.908397345169334,0],[121.36651844896036,24.908393806023962,0],[121.36651605075775,24.9083879335806,0],[121.36650974185346,24.908380982876903,0],[121.36649798671384,24.908378523334914,0],[121.36648731769124,24.90836953953431,0],[121.36647429577455,24.908347972261016,0],[121.3664228921528,24.908172658110782,0],[121.36645273008172,24.908037360569576,0],[121.36643423656292,24.907861091060852,0],[121.36647187368273,24.90787562122146,0],[121.36666724732376,24.907704560684504,0],[121.36666760368992,24.907699057351046,0],[121.36667247974962,24.907542552447744,0],[121.36668461865519,24.907417935322858,0],[121.36668991122787,24.90737615306333,0],[121.36669717063273,24.90732027505478,0],[121.36671168795294,24.90725422487762,0],[121.36673563045024,24.90716371124469,0],[121.36675131636716,24.907112740604116,0],[121.36682735558506,24.90684020188423,0],[121.36684928438115,24.90676264711603,0],[121.36685913716107,24.90673424375255,0],[121.36686774781359,24.906712284561962,0],[121.3668849810127,24.906666193059035,0],[121.36695377966788,24.906504578384194,0],[121.36700932886339,24.906361735276498,0],[121.36700756611434,24.906348773746068,0],[121.36700678566245,24.906339270104823,0],[121.36700651284994,24.906329743103434,0],[121.36700674831778,24.906320215263108,0],[121.36700749151855,24.90631070914252,0],[121.36700874067876,24.906301247222533,0],[121.36701045962714,24.906292030063053,0],[121.36701315653423,24.9062821412893,0],[121.36701995156301,24.90624991453521,0],[121.36703951771806,24.906203929949385,0],[121.36705600661328,24.906173394571994,0],[121.36707287614405,24.906111350545682,0],[121.36707462283906,24.90610051762318,0],[121.36707644425516,24.906092207084175,0],[121.3670792855724,24.90608359455737,0],[121.36708280075321,24.90607496205404,0],[121.36708690788339,24.906066549739872,0],[121.36709159050604,24.906058391351863,0],[121.36709682984967,24.906050519582056,0],[121.36710260489987,24.906042965987588,0],[121.36710889251773,24.90603576086243,0],[121.36711566748242,24.90602893307642,0],[121.3671225619564,24.906022812469068,0],[121.36713184835251,24.906016444489374,0],[121.36718096749833,24.905971717122622,0],[121.36722595522258,24.905913632700436,0],[121.36722595522258,24.905913632700436,0],[121.36724019937492,24.905903584982823,0],[121.36725366305289,24.905892678818088,0],[121.36726628418013,24.90588096449098,0],[121.367278004565,24.90586849601239,0],[121.367288770169,24.90585533087036,0],[121.36729853135577,24.905841529764963,0],[121.36730724312014,24.905827156328517,0],[121.36731486529544,24.90581227683209,0],[121.36732136273878,24.90579695988001,0],[121.36737802529899,24.905782180058683,0],[121.36740486796039,24.905768490193328,0],[121.36740486796039,24.905768490193328,0],[121.36741056060069,24.90576594798707,0],[121.36741606041751,24.905763074317875,0],[121.36742134423946,24.90575988129283,0],[121.36742638980527,24.905756382364526,0],[121.36743117585742,24.90575259227434,0],[121.36743568223177,24.905748526990333,0],[121.36743988994246,24.905744203640015,0],[121.36744378126198,24.905739640438124,0],[121.36744733979582,24.905734856609953,0],[121.36745055055152,24.90572987231029,0],[121.3674925367976,24.905693294221503,0],[121.36750576010388,24.90567724517007,0],[121.3675849482758,24.90559429789343,0],[121.3675849482758,24.90559429789343,0],[121.36760000309222,24.905579667960108,0],[121.36761613638208,24.905566027696317,0],[121.36763327011906,24.905553443070954,0],[121.36765132143839,24.90554197494745,0],[121.36767020303769,24.90553167878945,0],[121.3676898235991,24.905522604392583,0],[121.36771008823094,24.905514795643626,0],[121.36773089892672,24.905508290308223,0],[121.36775215503901,24.905503119848316,0],[121.36778030335407,24.905494464016282,0],[121.36778030335407,24.905494464016282,0],[121.36780224213453,24.905488038227663,0],[121.36782372467407,24.905480437621247,0],[121.36784467541497,24.905471688929683,0],[121.36786502067001,24.90546182292362,0],[121.36788468888162,24.90545087430347,0],[121.3679036108736,24.9054388815774,0],[121.36790820578797,24.905436724856447,0],[121.36798739963162,24.905374958777266,0],[121.36812139189628,24.905272789896102,0],[121.3683379596756,24.905106267375974,0],[121.36848898024601,24.90500649723402,0],[121.36876641886245,24.90485932595268,0],[121.36878941049099,24.904847472922693,0],[121.36903656981974,24.904725247834804,0],[121.36917037878422,24.90466743423668,0],[121.36928485087957,24.9046152719507,0],[121.36971893657471,24.904431656418673,0],[121.3699149788982,24.904351112899846,0],[121.36995149364488,24.904336854437613,0],[121.3700411574892,24.904265000469614,0],[121.37011826965815,24.904203420883096,0],[121.37019826445112,24.90410704944639,0],[121.37024209082807,24.903999930094002,0],[121.37026945095579,24.90392229172435,0],[121.37028869008994,24.903924987424034,0],[121.3702797562963,24.903895582396476,0],[121.37029410400747,24.903852509020187,0],[121.37029768310227,24.903818310499325,0],[121.37029030457,24.903735763118192,0],[121.37026213623471,24.903627198701063,0],[121.37024107530588,24.903545122418304,0],[121.37021768068847,24.903496835253595,0],[121.37011276230183,24.903330388452492,0],[121.36994882672809,24.903130178545542,0],[121.36989738931229,24.903069051072887,0],[121.3698861745549,24.903049887715,0],[121.36987412360938,24.903031912873438,0],[121.36978353646008,24.90293088025638,0],[121.3696533549329,24.90279206237712,0],[121.36964566247516,24.902783859528636,0],[121.36958601007699,24.902721332569,0],[121.36949344026428,24.90262208116988,0],[121.36934037316409,24.902460212152803,0],[121.36901733096605,24.902122106227825,0],[121.36883824664025,24.90195066532198,0],[121.36873586062207,24.90185624863949,0],[121.36859146083697,24.901721734219436,0],[121.36858842639002,24.901719713068093,0],[121.36854779234672,24.901681753401352,0],[121.3685474982182,24.90167938293831,0],[121.36851985089861,24.901487696301817,0],[121.36851645640098,24.901467169758877,0],[121.3685024558423,24.901420476611857,0],[121.3684818694555,24.90138396043913,0],[121.36847977867824,24.901380750674022,0],[121.3684627830963,24.901354659018047,0],[121.36844260359595,24.901326659359924,0],[121.36841612881351,24.901294178364477,0],[121.36839809536869,24.90127640233568,0],[121.3683414269321,24.90123918790712,0],[121.36827779435787,24.901203440828336,0],[121.36827752834066,24.901203291386878,0],[121.36822725694151,24.901175245247195,0],[121.36817425900263,24.90115011576916,0],[121.3680692336004,24.901109901620867,0],[121.36798487270576,24.901074472583243,0],[121.36788113983171,24.901024400512004,0],[121.3677916951936,24.900976410863958,0],[121.36767869657238,24.90091410333195,0],[121.36759638044367,24.90086387260765,0],[121.36752765396288,24.900820229263353,0],[121.36749665868669,24.900795401173376,0],[121.36747045984814,24.900767345531317,0],[121.36744290512914,24.900736293436704,0],[121.36742676663327,24.900706983520863,0],[121.36742040462262,24.90069014899328,0],[121.36741408974846,24.90066632831127,0],[121.36741096202657,24.90062786482232,0],[121.36741563923476,24.900574864716244,0],[121.36742624816553,24.900496019508303,0],[121.3674447582254,24.900426278021424,0],[121.36748275031471,24.90029903173652,0],[121.36749797220833,24.900250780962793,0],[121.36751805954326,24.90020352594538,0],[121.36753852123746,24.900161617887647,0],[121.36755831840968,24.900126697279074,0],[121.36758098138735,24.900092389152128,0],[121.36760350503368,24.90006448964824,0],[121.36762218812285,24.900040135073848,0],[121.36763664571089,24.900025892435835,0],[121.36764665375554,24.900017153118867,0],[121.36766061117324,24.900005802207236,0],[121.36767135315625,24.899997922548216,0],[121.36768795290061,24.899987248408078,0],[121.36771371802266,24.899974385276284,0],[121.36774437966703,24.899962600625916,0],[121.36779369516991,24.899942550907816,0],[121.36793365804348,24.899891584490383,0],[121.36795799047788,24.89989075969366,0],[121.36798059479582,24.89988798366432,0],[121.36799865480016,24.899889010601704,0],[121.36800412710232,24.89988932177016,0],[121.36804919205045,24.89989820752925,0],[121.36816069772419,24.899934112771575,0],[121.36816069772419,24.89993411277158,0],[121.36816070711072,24.899934115790845,0],[121.36826059046959,24.899966209852202,0],[121.36827791663028,24.899971777005902,0],[121.36837600610463,24.899993949007857,0],[121.36842620201455,24.899999262640165,0],[121.3685964794447,24.900001397542542,0],[121.36877760422782,24.90000157484498,0],[121.36893861517045,24.899987658399844,0],[121.36909740578105,24.899975093890525,0],[121.36922799316181,24.89995879169103,0],[121.36934968675997,24.899944365418346,0],[121.36949857129122,24.899916771123348,0],[121.36959474224783,24.899886493469328,0],[121.36957545382333,24.899847484904,0],[121.36965664334282,24.899838908357765,0],[121.36980600274666,24.899840636150337,0],[121.36984099945406,24.89983295270021,0],[121.37006190971921,24.89978018523184,0],[121.37008070801673,24.8997756658613,0],[121.37023095796604,24.89972339454957,0],[121.37026728765251,24.899708975550865,0],[121.37030473309163,24.899702080375476,0],[121.37033559756286,24.89969970885891,0],[121.3703816245612,24.899695551890467,0],[121.37043888519037,24.899673210628535,0],[121.37043975587716,24.899666098608808,0],[121.37049418679197,24.899664876490096,0],[121.37054142702576,24.899637534498982,0],[121.37068031125914,24.899584694390484,0],[121.37075114277788,24.899529186429604,0],[121.37082510234579,24.899459956640232,0],[121.37084560467659,24.899411370879108,0],[121.37085509952732,24.899367386468704,0],[121.37089310587479,24.89934680154982,0],[121.37089403564451,24.899346044807068,0],[121.37092470315369,24.89934863100752,0],[121.37103163670373,24.899213757680787,0],[121.37111509700172,24.898987291312306,0],[121.37114248679445,24.898905371440218,0],[121.37116686329084,24.89884508267715,0],[121.37122794130035,24.898487716342164,0],[121.37122881960389,24.89848396924102,0],[121.37121906602576,24.89846245703009,0],[121.37120863416236,24.898467884065795,0],[121.37112205483558,24.898370605625672,0],[121.3711756067665,24.89831894104997,0],[121.37119231100745,24.898301406372685,0],[121.37120456953194,24.898284494947095,0],[121.37124043058057,24.89823803869562,0],[121.3712662885616,24.89819389624474,0],[121.371308481116,24.898146406659563,0],[121.37132117380621,24.898103566355797,0],[121.37133456196474,24.898081783165885,0],[121.3713284258726,24.898078778484237,0],[121.37136977389213,24.89793184541428,0],[121.37141124758604,24.897806845764432,0],[121.37145216523157,24.89769948819082,0],[121.37149077964438,24.89760862072489,0],[121.3715472845817,24.897494224326604,0],[121.37159201864723,24.897418300033863,0],[121.3716284817846,24.89736294610422,0],[121.3716298885643,24.897350710831915,0],[121.37164298873721,24.897295671186107,0],[121.37166551869743,24.897250514237953,0],[121.3716692686773,24.897196480651186,0],[121.37165153132115,24.897177503779634,0],[121.37164042426028,24.89715424268351,0],[121.37168117383379,24.897076489563126,0],[121.37172737051436,24.897037563788693,0],[121.3717429400759,24.89700834212888,0],[121.371799405753,24.89695764387468,0],[121.37182783973367,24.896942522007834,0],[121.37185409612813,24.89694049980754,0],[121.37190670030861,24.896944678629175,0],[121.37194811368893,24.89689797614294,0],[121.37197210627187,24.896859177335536,0],[121.37199980068524,24.8968338599682,0],[121.37206129643478,24.896866896365392,0],[121.37209682771939,24.896897127215468,0],[121.3721445259496,24.896875527968156,0],[121.3722010485888,24.89685317946227,0],[121.372200079706,24.89683691081845,0],[121.37219820632268,24.89682584182001,0],[121.37217485682577,24.896810488125297,0],[121.3721898553877,24.896795673850853,0],[121.37222234967167,24.896745724957434,0],[121.37224579058822,24.89669005619556,0],[121.37223152431966,24.89667532604434,0],[121.37225333097378,24.896628431775593,0],[121.37231710487775,24.89651652245846,0],[121.37233004924612,24.896478140968792,0],[121.37263208253825,24.89659871449716,0],[121.3726639158837,24.89661131512973,0],[121.3727025166245,24.89661026994659,0],[121.37276762232014,24.896656961033067,0],[121.37281045367632,24.8966620967597,0],[121.3728299649765,24.896644907792513,0],[121.37284270092431,24.89666140315224,0],[121.37285983822991,24.896657466745875,0],[121.37287473131873,24.896684449881857,0],[121.37289574727635,24.896692186529137,0],[121.37289105471332,24.896713548964083,0],[121.37297732133555,24.896757747896903,0],[121.37297828243034,24.89678575343823,0],[121.3729862570248,24.896817920196646,0],[121.37300440987659,24.89684558210741,0],[121.37303470134177,24.896875229114286,0],[121.37303856188771,24.896884857843688,0],[121.3730521504207,24.89691118026286,0],[121.37313664575335,24.896995676102527,0],[121.3731784424862,24.89701968664483,0],[121.37323605319756,24.89704470168294,0],[121.37328633806648,24.897058683793876,0],[121.37336098059293,24.897071853902684,0],[121.37343395610822,24.897070493433407,0],[121.37346504850444,24.897067254974765,0],[121.37349694541679,24.89705991019508,0],[121.37352193549485,24.897046601569407,0],[121.3735647496127,24.89698956549671,0],[121.3735747376705,24.89696713535428,0],[121.37364550114346,24.8968289507564,0],[121.37362600734716,24.89682030835484,0],[121.37365560191714,24.896764767149012,0],[121.37364253104307,24.896746594492424,0],[121.37364938232739,24.896726160571802,0],[121.37366996843107,24.89671038041585,0],[121.37368926018104,24.89666180131337,0],[121.37368298422777,24.89665342224446,0],[121.37370857962384,24.89658286309636,0],[121.37370221797289,24.896577900844978,0],[121.37371861891044,24.896526946503915,0],[121.37372227490987,24.89650735178287,0],[121.37375002423828,24.89647952338983,0],[121.3737599240629,24.896465032013204,0],[121.37374069119892,24.896449188043217,0],[121.37374562730122,24.896401563508892,0],[121.37377266407245,24.896185315577497,0],[121.3738309766792,24.895806803444565,0],[121.37383833945026,24.89576581884352,0],[121.37386881657982,24.895532367433812,0],[121.3737890226368,24.895526187554022,0],[121.37380666642908,24.895356256959257,0],[121.37387048786611,24.89536209226745,0],[121.37385868773026,24.895133130080428,0],[121.37376486614616,24.89513341901355,0],[121.37382252786199,24.894817226113133,0],[121.37371415785407,24.894722616875438,0],[121.37372421822323,24.8946543029177,0],[121.37368383548883,24.894633420214287,0],[121.37372461382051,24.894497782470346,0],[121.37378629039186,24.89437279050653,0],[121.37378874729677,24.8943281377834,0],[121.37382822812411,24.89424932406066,0],[121.3738637754912,24.894201269043776,0],[121.37387706213636,24.89415532292834,0],[121.3738476370246,24.894068707820487,0],[121.37381825872748,24.893984193736582,0],[121.37382522285849,24.893948503489234,0],[121.37384059114466,24.89390617758649,0],[121.37389093284467,24.893813092104274,0],[121.37395198307442,24.893702159009713,0],[121.37394499659831,24.89366089001796,0],[121.3739284210481,24.89364090916156,0],[121.37391097306917,24.89362924928734,0],[121.37385151591872,24.893534682066647,0],[121.37382845636549,24.893425675755452,0],[121.37379160356181,24.893349622749632,0],[121.37378302626854,24.89327564438247,0],[121.37376370996871,24.893249346877738,0],[121.37373782669519,24.893248603963723,0],[121.3737447393393,24.893213221358486,0],[121.37382580336467,24.893125951705436,0],[121.3738954751542,24.893113147826398,0],[121.37400868484528,24.893098730640347,0],[121.37416822849805,24.89302804922243,0],[121.37414825622108,24.892907357556055,0],[121.37416711521271,24.8928216953955,0],[121.37418937989027,24.892650974526024,0],[121.37420362316173,24.892635001533577,0],[121.37435597532335,24.89255226631344,0],[121.37441628868655,24.89250045120691,0],[121.3744704240688,24.892369396023863,0],[121.37454682940998,24.892336253826713,0],[121.37462086116122,24.89226508086041,0],[121.37465684126505,24.89223152873325,0],[121.3747134319937,24.89215113958248,0],[121.37470943800078,24.89213085679989,0],[121.37471526832469,24.892130982532123,0],[121.37473608238116,24.892083278678875,0],[121.37475208129162,24.892042741203962,0],[121.37494989109256,24.891570543229285,0],[121.3749663955198,24.891529902048884,0],[121.37507560104021,24.89143440647364,0],[121.37509068093537,24.891420690311634,0],[121.37513181157739,24.891345178520243,0],[121.37519270064941,24.89123174031184,0],[121.37521893480019,24.89118543182717,0],[121.37518267836332,24.891200522054827,0],[121.37520707163326,24.89114778829082,0],[121.3752657182327,24.891040445781957,0],[121.37528446264771,24.89103471955833,0],[121.37534573985566,24.890922608916846,0],[121.37537003448273,24.890912422927546,0],[121.37543914694245,24.890883446169866,0],[121.37553792332632,24.89066330294927,0],[121.37553375740833,24.89065840449867,0],[121.37558696405068,24.89062099282182,0],[121.37567155476738,24.890542735798295,0],[121.37579334796511,24.890338599910123,0],[121.37581875472928,24.890319466459214,0],[121.37585467617198,24.890090352896898,0],[121.37587002837193,24.889999817693102,0],[121.37584763654601,24.88998696395993,0],[121.37583891660567,24.8899373204348,0],[121.37591692761782,24.889832884310724,0],[121.37597051061674,24.889620147303162,0],[121.37597449114287,24.88918496696836,0],[121.376025466092,24.8889472844409,0],[121.37597794198746,24.88873415525348,0],[121.37603676978333,24.888552832838684,0],[121.37606669816218,24.88843404913597,0],[121.37607237172956,24.8884273898893,0],[121.37613590925503,24.888223396968527,0],[121.37614647114555,24.888162688644687,0],[121.37603867321647,24.887955643401835,0],[121.37601842261219,24.887895640494285,0],[121.3760924399117,24.887810374478235,0],[121.37616285865681,24.88766945454645,0],[121.37617101502437,24.887610729589284,0],[121.37606436510426,24.88753805560448,0],[121.37605199749652,24.887411440627673,0],[121.3760478859158,24.887407789536137,0],[121.37608032577774,24.887320151311524,0],[121.37608748117678,24.887138836746878,0],[121.37609461256545,24.886995901149433,0],[121.37613556425387,24.886975146792,0],[121.37625908523022,24.886921225855566,0],[121.37627869489835,24.88688976822453,0],[121.37631954042286,24.886832255304782,0],[121.3762981027354,24.88670359613902,0],[121.3762739290001,24.88659443609289,0],[121.37625563953887,24.886512759755764,0],[121.37619973101906,24.886448163375487,0],[121.37623204957222,24.8863325398877,0],[121.37628485825115,24.886196591382568,0],[121.37633368652399,24.88615664111863,0],[121.3764895992774,24.885473676329227,0],[121.37650790296816,24.8853144099863,0],[121.37658851761095,24.884957906149648,0],[121.37663068560684,24.884898110269773,0],[121.3766854273053,24.88484571554845,0],[121.37674020681465,24.88477998812295,0],[121.37675730630585,24.884677885747312,0],[121.37677521110501,24.884630232959424,0],[121.37682094789552,24.88456610695063,0],[121.37686281155693,24.884524399628308,0],[121.3769081186028,24.884487638860914,0],[121.37693982962027,24.884465648089016,0],[121.3769398296203,24.884465648089016,0],[121.37693983651202,24.884465643306868,0],[121.37697747361553,24.88443951131707,0],[121.37706170219285,24.884390938483648,0],[121.37711342706856,24.884327068611924,0],[121.37712660401269,24.88427638323427,0],[121.37712141028392,24.88426287290697,0],[121.37709611943008,24.88419706083275,0],[121.37709401599226,24.884144792536176,0],[121.3771212055722,24.884080976477012,0],[121.3771385093175,24.884048853239555,0],[121.37715759789417,24.88404627117637,0],[121.37720073751962,24.884046411765706,0],[121.3772194600214,24.884049023521282,0],[121.37729862093906,24.88409279347427,0],[121.37741956728615,24.88415910241897,0],[121.37747605744975,24.884154404398597,0],[121.377530935848,24.884124709342608,0],[121.37757584603634,24.884069745392633,0],[121.37759063110344,24.88402091226837,0],[121.3775956455917,24.88391999879737,0],[121.37762191473439,24.88386636819647,0],[121.3776650410213,24.883825954057603,0],[121.37777042266454,24.88376386689162,0],[121.37784843928104,24.88374223577149,0],[121.37794177065066,24.883625395550954,0],[121.37807965984334,24.883498272402004,0],[121.37818976890173,24.88341586787832,0],[121.37826201005748,24.883371630177944,0],[121.37830926784648,24.8833204490954,0],[121.37832087190533,24.883234294862508,0],[121.37837248680128,24.883150823373885,0],[121.37845632253978,24.883089644496366,0],[121.3784848493785,24.883052437224247,0],[121.37851536612224,24.882995474350615,0],[121.37854532070956,24.88288696265608,0],[121.37858888755429,24.882803887421062,0],[121.37867451172245,24.88260305496948,0],[121.37870758587655,24.882552053526876,0],[121.37876070349054,24.882503685125325,0],[121.37881030175053,24.882441870554725,0],[121.37882849705373,24.882386652324545,0],[121.37892315823215,24.88224261290166,0],[121.3789415507758,24.882170278983878,0],[121.37891112869349,24.88206487035823,0],[121.37889990020138,24.881993252748178,0],[121.37894112415269,24.881882441452227,0],[121.37901431609839,24.881751823096284,0],[121.3790508028999,24.88170545866658,0],[121.37908471644101,24.88158983561077,0],[121.37912942635315,24.881512427177903,0],[121.37920094055853,24.881303359167337,0],[121.37922390994676,24.881259285722578,0],[121.37925369044243,24.881226062666506,0],[121.3794468149925,24.881034698462038,0],[121.37956742167162,24.880819019374627,0],[121.37961856425088,24.880734056520268,0],[121.379741193089,24.880660369821545,0],[121.37976805009909,24.880622780622616,0],[121.37982258266952,24.880528806876505,0],[121.37990197384647,24.88034301819978,0],[121.37993972230196,24.88030710416713,0],[121.38015538397374,24.879981850714262,0],[121.38018670904671,24.879933482117384,0],[121.38014814391515,24.879865460628565,0],[121.38024829574395,24.879770361342214,0],[121.38036265311109,24.879654340959704,0],[121.38039688627397,24.879552998513525,0],[121.38039215082698,24.87943078284714,0],[121.380407100422,24.879337714230232,0],[121.38037175498508,24.879181326715376,0],[121.38019816119468,24.8789456356495,0],[121.38020206681436,24.878886715805788,0],[121.3801982656364,24.878872375258563,0],[121.3802436098736,24.878691127125638,0],[121.38025107851979,24.878668695761633,0],[121.38022705380172,24.878607975253733,0],[121.38016378802297,24.878299143412406,0],[121.38014824364477,24.878167419123255,0],[121.38009847952515,24.877982782412932,0],[121.38009659259818,24.877912758396842,0],[121.38010584585204,24.87789199698678,0],[121.38021300516617,24.87757903546283,0],[121.38022536965013,24.877510383854556,0],[121.38027482310233,24.877517176018916,0],[121.38027180550179,24.877325690303064,0],[121.38025298053566,24.877225290991998,0],[121.38046106579412,24.877097746416243,0],[121.38059894226839,24.87701711518538,0],[121.38063583920274,24.876985697423297,0],[121.38065874321276,24.87696468732186,0],[121.38067184851928,24.87694638709992,0],[121.38067770252273,24.87693692707589,0]]}},{"type":"Feature","properties":{"cadgeom_type":"CADLWPolyline","thickness":0,"color":"#FF0000FF"},"geometry":{"type":"LineString","coordinates":[[121.38112172097253,24.876921757365544,0],[121.38087336984054,24.877274761769673,0],[121.38073062506606,24.8775732768475,0],[121.38072457897394,24.877616530243444,0],[121.38072645083294,24.87768413789414,0],[121.38072371169068,24.87770094673622,0],[121.38068403560774,24.87796782942293,0],[121.38065930768026,24.878136980251277,0],[121.38066368588271,24.87819317013712,0],[121.38069343338421,24.878266634069224,0],[121.38071047772752,24.878288332450513,0],[121.38072235624406,24.878424027968702,0],[121.38078207704321,24.87907561418344,0],[121.38074048398201,24.87925448635624,0],[121.38074683042034,24.879379014572713,0],[121.38071878415649,24.87962429061851,0],[121.3807094909468,24.879771065461394,0],[121.38065889183557,24.879911062481938,0],[121.38063231646274,24.879972907814913,0],[121.38056490927252,24.880032903996547,0],[121.3804893858763,24.88037418725111,0],[121.38052017082302,24.880374108785322,0],[121.3804852429606,24.8805279389881,0],[121.38046721399142,24.88062852533964,0],[121.3804307532729,24.880679090490986,0],[121.38035870382654,24.880776898714064,0],[121.38031897368732,24.880832009995267,0],[121.38024697245494,24.880930431980016,0],[121.38021563292011,24.880972866884708,0],[121.38021977915038,24.881023908522522,0],[121.38020637560268,24.881089843469937,0],[121.38005181090772,24.881194064555345,0],[121.37988767386389,24.88133215009421,0],[121.37979293105545,24.88145917665617,0],[121.37964674733253,24.88159540905189,0],[121.37962964023838,24.881635604137582,0],[121.37963407313968,24.881815405506035,0],[121.37960471294475,24.88193872294693,0],[121.37952885191974,24.882200725014442,0],[121.37939767461505,24.882359935909513,0],[121.37938410748956,24.882359970390674,0],[121.37933488373204,24.88251665254693,0],[121.37934288177281,24.882521738969043,0],[121.37928911885093,24.882733057864396,0],[121.37922616020245,24.8828333342191,0],[121.37921908046569,24.882984262226596,0],[121.3791418447871,24.883123619433057,0],[121.37904863847794,24.883192204782443,0],[121.37901007010565,24.88323222461245,0],[121.37899905953695,24.88334287147942,0],[121.37895813177141,24.8833935547036,0],[121.378804172581,24.883481563965784,0],[121.37874524217143,24.883568117962067,0],[121.37870692126673,24.88366737385749,0],[121.37869357084392,24.883680690910282,0],[121.37850638050664,24.88376527538999,0],[121.37846364309232,24.883814399373506,0],[121.37841477099711,24.883956821176305,0],[121.37832612446755,24.88402464773322,0],[121.37826723498739,24.884111258806556,0],[121.37815247821688,24.884216573354887,0],[121.37813512382635,24.884213106696723,0],[121.37808011589377,24.884324047530548,0],[121.3779884116648,24.88449163326751,0],[121.3779916223401,24.884496142580915,0],[121.37786858894242,24.8846600787148,0],[121.37781477105717,24.88471365041014,0],[121.37755092678479,24.884833543356688,0],[121.37742216420229,24.884918336052504,0],[121.37724832400187,24.885121819395103,0],[121.37722585363171,24.88520084570493,0],[121.3772254795706,24.88538068993045,0],[121.37727109528451,24.885505465807064,0],[121.37725155313254,24.885832469788042,0],[121.37719138049708,24.88594730604438,0],[121.37711725384315,24.886062788291692,0],[121.377051758101,24.88623261576209,0],[121.37701404428252,24.886401536814112,0],[121.37689944056619,24.886572862274793,0],[121.37679957275839,24.88675564645216,0],[121.3767022799254,24.8871488309969,0],[121.37670829802428,24.887275291742764,0],[121.3768073591987,24.887503406275904,0],[121.37678393282074,24.887702978229783,0],[121.37670826410073,24.887772859738437,0],[121.37671118493606,24.88781683033813,0],[121.37671964843997,24.887950152251143,0],[121.37673017076786,24.888091691450647,0],[121.3767910360659,24.888978224709152,0],[121.37662187717439,24.889375193539344,0],[121.37656108643358,24.889741586637776,0],[121.3764407479873,24.889826714600993,0],[121.37641134243654,24.890104653442574,0],[121.37628863833011,24.890752855551305,0],[121.37624701253746,24.890792919285218,0],[121.37620370211361,24.89086722091471,0],[121.37617322281599,24.890923492089392,0],[121.37609308128826,24.89107144988349,0],[121.37607537429685,24.89118032105397,0],[121.37605143261575,24.89132752582402,0],[121.37582020195842,24.891470054566707,0],[121.37580191741338,24.89149981706926,0],[121.37549839851698,24.89200913404199,0],[121.3752955867412,24.89238946457944,0],[121.37530939904889,24.89240445457692,0],[121.37531636407286,24.892412140657065,0],[121.37526580461709,24.8925295926571,0],[121.37524080898241,24.892586866318716,0],[121.375210527985,24.89265713278434,0],[121.37518234994413,24.892722477334054,0],[121.37514495890089,24.892809188859594,0],[121.37512347312177,24.892860124715927,0],[121.37506288150274,24.892955602894848,0],[121.37504461167568,24.892984659950827,0],[121.37500741612499,24.893034807086337,0],[121.37488644098298,24.893350816705535,0],[121.37485918369684,24.893440919879367,0],[121.37479989030835,24.893645065784984,0],[121.37472978209952,24.89388490826671,0],[121.37470898042186,24.893956648830418,0],[121.3746913129489,24.8940529353774,0],[121.37466149029677,24.894217059233615,0],[121.3746494898757,24.8943474178896,0],[121.37464425237984,24.894404307179048,0],[121.37463731293963,24.89453892229931,0],[121.37462873215485,24.894692132561996,0],[121.37462527636218,24.894751205566756,0],[121.37462007866611,24.89484003698207,0],[121.37461767759467,24.894931870279667,0],[121.37461663594681,24.894971699912137,0],[121.37461127968513,24.89514052976279,0],[121.37460627012891,24.895242416749557,0],[121.37460258255994,24.895285042851313,0],[121.37459902616673,24.89532615618459,0],[121.37459849920505,24.895357229875465,0],[121.37459471859074,24.895489534280763,0],[121.37459288180352,24.895550014286457,0],[121.37459249492474,24.89556275306141,0],[121.37459059079065,24.895625458341208,0],[121.37458563237784,24.895797627214343,0],[121.37458062928397,24.895961117480585,0],[121.37458062928397,24.895961117480585,0],[121.37458062909832,24.895961123596393,0],[121.37457769941244,24.896058435487213,0],[121.37457186985243,24.89613721794841,0],[121.37456145779724,24.896277151677157,0],[121.37455899636367,24.896318249873513,0],[121.374537576,24.89660094025717,0],[121.37451917271761,24.896714360996885,0],[121.37449940726235,24.896810051859894,0],[121.37448372538825,24.89688026456738,0],[121.37445344094577,24.896990268245958,0],[121.37439239318309,24.897163088423397,0],[121.37432526438374,24.89731036093259,0],[121.37427963885358,24.89741031324278,0],[121.3742197366957,24.897515086990186,0],[121.37416304067494,24.89759913064917,0],[121.37412724869415,24.89764059076382,0],[121.3740993665726,24.897674497680814,0],[121.37405369015563,24.897710238963786,0],[121.3739914653831,24.89775293616758,0],[121.37398495276202,24.897791159643972,0],[121.37397430960695,24.897861028893264,0],[121.37397120577798,24.89793454469573,0],[121.3739673479995,24.89799681084108,0],[121.37396667293335,24.898043066738385,0],[121.37392513598014,24.8980816893847,0],[121.37385249278555,24.898046321803303,0],[121.37372235965024,24.89798315833308,0],[121.37361858198763,24.897932991919426,0],[121.37350073944292,24.897876764404685,0],[121.37349573656276,24.89787507244021,0],[121.37349573656276,24.89787507244021,0],[121.37349573494414,24.897875071892898,0],[121.37341339194661,24.897847233550326,0],[121.37334592503471,24.897824611630988,0],[121.37330308193405,24.8977283790556,0],[121.37315521538547,24.89765670954574,0],[121.3730901621998,24.897629309385863,0],[121.37299399116701,24.897600739206364,0],[121.37291213934768,24.897588418546842,0],[121.3728048422022,24.897586860087866,0],[121.37275238261627,24.89758762922356,0],[121.3727393783251,24.897607637050108,0],[121.37269934141806,24.89761214060732,0],[121.37267202443222,24.897600754839146,0],[121.37253089320177,24.897626783731834,0],[121.3724455921145,24.897662215275655,0],[121.37243265955405,24.897667495596576,0],[121.37242614101626,24.897671976598065,0],[121.37234732998799,24.897718804511,0],[121.37220933929245,24.897801812676434,0],[121.37220381631386,24.89781934970447,0],[121.37217899559369,24.897810501202677,0],[121.37216562628602,24.89782606759547,0],[121.37214478232026,24.897850337006542,0],[121.37212098322077,24.89788642009562,0],[121.3720986245883,24.897936789381582,0],[121.372077947217,24.89800635015211,0],[121.37207146614986,24.89802746393559,0],[121.37203885263877,24.8981896495237,0],[121.37203292662903,24.898222355823744,0],[121.37202712011111,24.898304060063055,0],[121.37202712011111,24.898304060063055,0],[121.37202711974301,24.898304065258213,0],[121.37202284474809,24.898364579567353,0],[121.37201992662762,24.89840589139986,0],[121.37201278667222,24.898500088127367,0],[121.37198040574863,24.898680315703224,0],[121.37197343356502,24.89872898449127,0],[121.37192473269901,24.899053640920553,0],[121.37195575007472,24.89907286620674,0],[121.37198321939943,24.89908156138079,0],[121.37198321939943,24.89908156138079,0],[121.37198321979729,24.899081561506726,0],[121.37199807717239,24.899086264045366,0],[121.37199920026316,24.899106104610418,0],[121.3720023652098,24.89916199338251,0],[121.37202831741128,24.899173182765384,0],[121.37201845446994,24.899239669366676,0],[121.37205230799192,24.899253017870716,0],[121.37204910494248,24.89931451213804,0],[121.37205406901863,24.899321047940056,0],[121.37205406901863,24.899321047940056,0],[121.37205406947898,24.89932104854611,0],[121.37207139264441,24.89934385391308,0],[121.37207603575912,24.899378000942672,0],[121.37209505906814,24.899385508743958,0],[121.37209846613071,24.899390997604737,0],[121.37208681300235,24.899397760919562,0],[121.37208271737667,24.899405128759174,0],[121.37204762615843,24.899400731907406,0],[121.37201904992675,24.899475658850115,0],[121.37195608236395,24.899474883171766,0],[121.37195744160213,24.899535528776287,0],[121.3719579177543,24.89961732085774,0],[121.37195206342248,24.899661372152156,0],[121.3719470177018,24.899702041554033,0],[121.37194573560073,24.899712374977444,0],[121.37194437595348,24.899712743680382,0],[121.37194437595348,24.899712743680382,0],[121.37194437551587,24.899712743799057,0],[121.3718275478133,24.899744428114207,0],[121.3718274923701,24.89979195292485,0],[121.37180890624454,24.89979087900144,0],[121.37168729198615,24.89984508407598,0],[121.37162544594827,24.89986186574632,0],[121.37160114886252,24.89986845913967,0],[121.37156590367458,24.89991497220409,0],[121.37152603503775,24.899958547127646,0],[121.3714967637792,24.89998908040422,0],[121.37146984385025,24.900016316541777,0],[121.37137650148216,24.900111640783443,0],[121.37136179763387,24.900126346848726,0],[121.37131083230462,24.900175614148974,0],[121.37124228035705,24.9002322933627,0],[121.37116965722582,24.900283122380078,0],[121.37110673767903,24.90032498807753,0],[121.37103809750361,24.900363352942126,0],[121.37100096908966,24.900380952702747,0],[121.37094572220286,24.90040156894657,0],[121.37091829925289,24.90041034676722,0],[121.37088354892968,24.900417944029346,0],[121.37062367841382,24.900454802319008,0],[121.37055811319716,24.900451829735427,0],[121.37052456341449,24.90043235146321,0],[121.37049397518142,24.900413631031686,0],[121.37047230620679,24.90046115005117,0],[121.37045665249605,24.900476588071548,0],[121.37039612553681,24.900483776092123,0],[121.37028679868664,24.900484700454967,0],[121.37012317608013,24.90048587075332,0],[121.3699983718438,24.900487083208816,0],[121.36986120173812,24.90047235825345,0],[121.36984280692712,24.90047082001589,0],[121.36979551831242,24.90046205403711,0],[121.36973360542407,24.900450144646975,0],[121.36971646988927,24.900465163307654,0],[121.36957138712869,24.900453979570653,0],[121.36943650026984,24.900467001767186,0],[121.36940987258095,24.90045744627912,0],[121.3692828892894,24.900394984024285,0],[121.36922312024724,24.900416942408047,0],[121.36910752730896,24.900373672842445,0],[121.36903977831878,24.900424460322625,0],[121.36898599760703,24.900464053496886,0],[121.36899331255007,24.90050879740255,0],[121.36899793849962,24.900541034097092,0],[121.36899247988079,24.90059841074523,0],[121.36896975866364,24.90067789369617,0],[121.36895605790251,24.90072559158151,0],[121.36897447492775,24.900827846183343,0],[121.36900143381176,24.900969570271254,0],[121.36904639589385,24.90102036164995,0],[121.36908704325435,24.901064928720505,0],[121.36923153412106,24.901111606176865,0],[121.36933631719046,24.90114400479286,0],[121.36941498278532,24.90116860098527,0],[121.36958687857637,24.90122200093784,0],[121.36959821213495,24.901223069694197,0],[121.36959821213495,24.9012230696942,0],[121.36959821290836,24.90122306976711,0],[121.36966899166183,24.90122974077814,0],[121.36967731627426,24.901229756271366,0],[121.36971001231211,24.901229817033613,0],[121.36978914616579,24.901282152241777,0],[121.36988139156348,24.901343694243035,0],[121.3699247948115,24.901372650665323,0],[121.3700067604322,24.901427489991303,0],[121.37015033632085,24.90147157380451,0],[121.37015033632085,24.90147157380451,0],[121.37015034707504,24.901471577102317,0],[121.3703129115464,24.901521364898453,0],[121.37050935205289,24.901582941772993,0],[121.37062164100135,24.901617969317453,0],[121.37079318965644,24.901669284058478,0],[121.3709653209639,24.901722723716777,0],[121.37103253613617,24.90174344481838,0],[121.37105872211659,24.901610018891635,0],[121.3710820660373,24.90154873731707,0],[121.37118959404611,24.90160173887434,0],[121.37123706479822,24.901625137022215,0],[121.37126807443317,24.901655933601276,0],[121.37132993539187,24.90171882452202,0],[121.37132008255932,24.90179369588964,0],[121.37129980277506,24.901881698611867,0],[121.37129604281058,24.901947857934307,0],[121.37129449905797,24.90197906424775,0],[121.37129272539777,24.901993717379774,0],[121.37132617490512,24.902068444419513,0],[121.37134745430421,24.90214834018901,0],[121.3713731952728,24.902243953464506,0],[121.37139206914006,24.90231187583472,0],[121.37139978403674,24.902339639586156,0],[121.37141174620766,24.9023893652681,0],[121.37141964185214,24.90245775001442,0],[121.37143549978467,24.902478041651207,0],[121.37144737837892,24.902513588427414,0],[121.37144799970879,24.90252230952107,0],[121.37144853616911,24.90252983794542,0],[121.371450146436,24.902550750334726,0],[121.37145203071698,24.9025633401991,0],[121.37144090530805,24.902584442942022,0],[121.37144959887314,24.902658375558985,0],[121.37145320510304,24.90269557332389,0],[121.37145081005353,24.902726120729067,0],[121.3714474363961,24.902769135828017,0],[121.37142163684699,24.902849218273456,0],[121.37143238580937,24.90295164878813,0],[121.37143238580937,24.90295164878813,0],[121.37143238721666,24.90295166212892,0],[121.37143285060054,24.902956032261237,0],[121.37144006079106,24.903024143852623,0],[121.3714418675349,24.903050015302593,0],[121.37144159299714,24.903052280691266,0],[121.37144159299714,24.903052280691266,0],[121.37144159290341,24.903052281464824,0],[121.37143146216273,24.90313592072116,0],[121.37142793222343,24.903163099989218,0],[121.37143375144869,24.903214445129343,0],[121.37142577272431,24.903227399799224,0],[121.37142355476351,24.90332393448162,0],[121.37141826631287,24.903647097460638,0],[121.371411365718,24.903820847185838,0],[121.37140543959575,24.903887006574724,0],[121.37139563565042,24.903955183482708,0],[121.37138196955512,24.904023511581652,0],[121.37136134057353,24.904102176683754,0],[121.37133631882148,24.904186496204062,0],[121.37130216190005,24.904287168596806,0],[121.37128512245576,24.904331624377637,0],[121.37126871243098,24.904374090645558,0],[121.37124845568634,24.904416978274565,0],[121.37121824593183,24.904479479219656,0],[121.37119619564847,24.904521628410972,0],[121.37115280114138,24.90459768519623,0],[121.371049896971,24.904749635061144,0],[121.37094264154311,24.904884321053395,0],[121.37081747800414,24.905022754069183,0],[121.37064759610978,24.905172474498688,0],[121.37041611715621,24.90532088999325,0],[121.37026921003948,24.905409134051503,0],[121.37013294474485,24.905473970670702,0],[121.3700039547361,24.90552818487767,0],[121.36998114517147,24.905537771530355,0],[121.36985604208293,24.90558571682696,0],[121.3697220854729,24.905634239150448,0],[121.36949055240227,24.905723836917154,0],[121.36930066679221,24.905810663793048,0],[121.36929910018081,24.905811351111954,0],[121.36925547049431,24.905844703375948,0],[121.3692106311863,24.90587860967754,0],[121.36911130473725,24.90592932877186,0],[121.36910038670815,24.905912896591307,0],[121.36894771669193,24.905993179748556,0],[121.36879727093469,24.90608990306531,0],[121.36868765805245,24.906166668359937,0],[121.36862958174875,24.906210184724287,0],[121.36847755948264,24.90633508911817,0],[121.36829191987755,24.90650386819219,0],[121.36825476146255,24.906586935605013,0],[121.36834519501332,24.90663037979373,0],[121.36835016172634,24.906632678653214,0],[121.36832741363384,24.90667425683006,0],[121.36829465968435,24.90673198125793,0],[121.368269978217,24.906789022825272,0],[121.36823506303256,24.906867418721777,0],[121.36824991909312,24.906878264734218,0],[121.36823146613068,24.906897986459402,0],[121.36822759633418,24.906931613547464,0],[121.36820936474601,24.906982876713588,0],[121.36822180337855,24.906994890665615,0],[121.36821245210675,24.907043656708623,0],[121.36819045554996,24.907065810694107,0],[121.36819326646332,24.907082103098123,0],[121.36817470024955,24.907115670047553,0],[121.3681888838053,24.907153757073242,0],[121.36813793410049,24.90717135197083,0],[121.36811972353993,24.90725865376886,0],[121.36805865497368,24.907318400075866,0],[121.36805039386113,24.907357756740137,0],[121.36799239992914,24.907401609724626,0],[121.3679752740063,24.90741529562012,0],[121.36796506391012,24.907423454639563,0],[121.36796273553033,24.907461095457414,0],[121.36792975685287,24.90748953768191,0],[121.36790731439054,24.90750026113747,0],[121.36788129684562,24.90751001171812,0],[121.36788129684562,24.90751001171812,0],[121.36787127172974,24.90751351944448,0],[121.36786107670869,24.90751659297337,0],[121.36786107670869,24.90751659297337,0],[121.36784927901854,24.907520244749026,0],[121.36784927901854,24.907520244749026,0],[121.36783802884817,24.9075243608046,0],[121.36783802884817,24.9075243608046,0],[121.36782739462029,24.9075288196574,0],[121.36781703740398,24.907533791381677,0],[121.36781703740397,24.907533791381677,0],[121.36779286344446,24.907546681204106,0],[121.36776920685477,24.90756034615187,0],[121.36776920685477,24.90756034615187,0],[121.36775742479381,24.907567583721708,0],[121.36775742479381,24.907567583721708,0],[121.36774856841134,24.90757351018452,0],[121.3677401164428,24.90757990902604,0],[121.3677401164428,24.90757990902604,0],[121.36771915081638,24.907597522327453,0],[121.36769903993537,24.907615946009177,0],[121.36769903993537,24.907615946009177,0],[121.36768564274686,24.907629512808835,0],[121.36767483817188,24.90763658814498,0],[121.36767186334143,24.907643757403054,0],[121.36766577946676,24.907648401522845,0],[121.36765661856496,24.907658256511098,0],[121.36765173270928,24.907663475615106,0],[121.36764714388379,24.907693697515594,0],[121.36763507727343,24.907799318782313,0],[121.3676347626381,24.907804737864772,0],[121.3676347626381,24.907804737864772,0],[121.36763476258953,24.907804738702175,0],[121.36762571427404,24.9079607640233,0],[121.36762558404547,24.907989612289178,0],[121.36762558404547,24.907989612289178,0],[121.36762558404358,24.90798961270603,0],[121.36762540926686,24.90802862094087,0],[121.36762953870655,24.908092029082898,0],[121.36763420146714,24.90817289286383,0],[121.36763644641672,24.908177794646228,0],[121.36766574197368,24.908416078390832,0],[121.36767842301359,24.908488297008766,0],[121.36769465960373,24.90855624474829,0],[121.3677200013588,24.908640155513435,0],[121.3677430834877,24.90870763647394,0],[121.36776139505388,24.90869765512604,0],[121.36777635524358,24.908749789567416,0],[121.36778608980234,24.908783711363977,0],[121.36781739247246,24.9088619930944,0],[121.36785666163833,24.90896457139784,0],[121.36788456112538,24.90901870845887,0],[121.36797659605932,24.909200586724197,0],[121.36801437735619,24.90927541398746,0],[121.36804055387866,24.90932725690593,0],[121.36807085196006,24.90942008359711,0],[121.36806380140773,24.909454286446685,0],[121.36806961862293,24.909468344953392,0],[121.36808488598693,24.909529279143534,0],[121.36808692606826,24.90953691578675,0],[121.36808692606826,24.90953691578675,0],[121.36808692615297,24.909536916103768,0],[121.36809261814291,24.909558220711293,0],[121.36810183733665,24.909604287719365,0],[121.3681414395464,24.909645053459435,0],[121.36818764593177,24.909727084379085,0],[121.36825230349933,24.909785860024236,0],[121.36830691829692,24.909850813889683,0],[121.36837711542373,24.909932089075532,0],[121.36838189087504,24.90993854868707,0],[121.3684188212991,24.90998850145902,0],[121.36851288557298,24.91004243167781,0],[121.3685008284824,24.91011375635983,0],[121.36849930657822,24.910122409427625,0],[121.36848772052615,24.910120002585536,0],[121.36847093959207,24.910183956612734,0],[121.36849039607182,24.910189679404475,0],[121.36847390499457,24.91023869062304,0],[121.3684781373849,24.910239730102393,0],[121.36843562046447,24.910272739831417,0],[121.36843259461423,24.91027696162937,0],[121.36841856380327,24.910297031188648,0],[121.36841680841364,24.91030665653039,0],[121.36838921525482,24.910306831396998,0],[121.36839299338268,24.910401047033503,0],[121.36839968051429,24.910401874658262,0],[121.36836779762,24.910585485695727,0],[121.36838466317991,24.910591854107828,0],[121.36839828179903,24.91059692824714,0],[121.36838215825503,24.91060355877265,0],[121.36831387389216,24.910631601418558,0],[121.3683056060516,24.91068436194449,0],[121.36829874818676,24.910735776457617,0],[121.36829177074458,24.91078114406907,0],[121.36828394592956,24.91083299403317,0],[121.36828304401588,24.910837899105033,0],[121.36828668292735,24.910857464281456,0],[121.3682938776935,24.910914447953115,0],[121.3682878203864,24.91091869283266,0],[121.36829546712927,24.91092703652513,0],[121.36829654735678,24.910935592088986,0],[121.36827536923988,24.910964008160402,0],[121.36822920811066,24.911022632516616,0],[121.36820123675247,24.911072261129043,0],[121.36818925409105,24.91109603482501,0],[121.36817697421435,24.911164003500154,0],[121.36817697421435,24.911164003500154,0],[121.36817697315202,24.91116400938822,0],[121.36817605463547,24.911169107343454,0],[121.36814007056064,24.911238159574406,0],[121.36813808695545,24.911237523820247,0],[121.36813354629648,24.91125068331018,0],[121.3681328220019,24.91125207243846,0],[121.36810791242107,24.91129673486383,0],[121.36803637794412,24.911316865106606,0],[121.36801108930456,24.911348284479487,0],[121.36800224276227,24.911418662019326,0],[121.36800224276227,24.911418662019326,0],[121.36800224260975,24.911418663233047,0],[121.36799036607573,24.911513220750603,0],[121.36795840096057,24.911558088306975,0],[121.36793247753647,24.9115755909915,0],[121.36787145328984,24.9118815265588,0],[121.367852994783,24.911994552689755,0],[121.36785290795774,24.911995009565878,0],[121.36785071034804,24.912008729289962,0],[121.36785518026211,24.912253921592484,0],[121.36785577901267,24.912478985631104,0],[121.36785093928272,24.912539000635764,0],[121.36784488774546,24.912612364304653,0],[121.36783959210764,24.912681122003328,0],[121.36783420614006,24.912740044287027,0],[121.36782391710956,24.912858880316783,0],[121.36782442877565,24.91286441330238,0],[121.36783126290486,24.912893488524034,0],[121.36784837971227,24.912933929300067,0],[121.36788002458032,24.91300925580704,0],[121.3678694066814,24.913089571721763,0],[121.36786718237911,24.913105395176366,0],[121.36785975996264,24.913159501041815,0],[121.36785372655044,24.91320449296626,0],[121.36785311428773,24.91320969658965,0],[121.36783614868567,24.913305874483445,0],[121.36783059722505,24.91333843480013,0],[121.36786478430678,24.91335548241859,0],[121.36787042647703,24.913393819821138,0],[121.36792307699054,24.91343722931608,0],[121.36794259907026,24.91345332494176,0],[121.36794070359475,24.913486202093353,0],[121.36791143090213,24.913532060465094,0],[121.36790576169098,24.91363079527937,0],[121.36790537091343,24.913695447559416,0],[121.36789874991904,24.91378353175805,0],[121.36788080479381,24.913847814968335,0],[121.36787665611793,24.913871995236697,0],[121.36786770468292,24.913936201851946,0],[121.36785574229134,24.913959157840345,0],[121.36785255321551,24.913989869123274,0],[121.3678462916479,24.913992854381032,0],[121.36785862834923,24.914122065759837,0],[121.36787858766279,24.914278474684927,0],[121.36788536600372,24.91428778576183,0],[121.36793125451642,24.914333223188223,0],[121.36794096928537,24.91435361255148,0],[121.36792184932902,24.91442143476551,0],[121.3679264045179,24.914490146520208,0],[121.36800382564971,24.914558041036617,0],[121.36802394071118,24.91456837381788,0],[121.36805154276323,24.914613419277615,0],[121.36803576458512,24.914693178384496,0],[121.36800461553341,24.914749467963993,0],[121.3680356173404,24.91484628013315,0],[121.36806021152721,24.914923790489443,0],[121.36807196923074,24.91498076704083,0],[121.36810596544876,24.91513002615823,0],[121.36812132288287,24.915180898291105,0],[121.36815364552841,24.915263043300538,0],[121.3681862800783,24.915423510091838,0],[121.36822898071571,24.915596743795394,0],[121.3682225888051,24.91564790591402,0],[121.36819734119136,24.915689231492003,0],[121.36818046994564,24.915694672735434,0],[121.36813571941858,24.915728880889542,0],[121.36813056024066,24.915731177006485,0],[121.36810873875338,24.915736015596206,0],[121.36811086224732,24.915747541409065,0],[121.36805705209947,24.9157622442748,0],[121.36806235983389,24.91578381233869,0],[121.36804492915554,24.91578729732301,0],[121.36804850960915,24.915841292759545,0],[121.3680599197061,24.91587628640882,0],[121.36807488163299,24.91587353719817,0],[121.36809517534411,24.915969551935056,0],[121.36810072253587,24.91596899675548,0],[121.36812476467149,24.916099413296976,0],[121.36814054289326,24.916096891087303,0],[121.36816831208672,24.916230313297966,0],[121.36820744284519,24.916223280642757,0],[121.36824788390945,24.91640408319143,0],[121.36814820132732,24.91641375262163,0],[121.3682156506621,24.91664630686195,0],[121.36819663019011,24.91663422266346,0],[121.36816741927633,24.9166730144205,0],[121.36811001692517,24.916688253822286,0],[121.36810181444558,24.916716451883094,0],[121.368098431682,24.916746313686367,0],[121.3681125426664,24.916900593714054,0],[121.36813522732768,24.916939915684164,0],[121.36815408816457,24.916970859077626,0],[121.36818699528888,24.916979296286286,0],[121.36817446414169,24.91714335035078,0],[121.36817988080882,24.917197840877837,0],[121.36815545911425,24.917260386638684,0],[121.3681889384998,24.91748866737434,0],[121.3682172046515,24.917535537061408,0],[121.36827823881886,24.917624078462524,0],[121.36827957543953,24.917647864695493,0],[121.36827146606313,24.917823307240013,0],[121.3682850558771,24.917886653563553,0],[121.36833718346274,24.918031249157877,0],[121.3683442545143,24.9180493626608,0],[121.36835908128097,24.918082233427093,0],[121.36844631796063,24.91835335944935,0],[121.36846038722528,24.918391174572907,0],[121.36848600049541,24.918445878308894,0],[121.36850900055192,24.918467925580813,0],[121.36852516782999,24.91847309279339,0],[121.36856875914616,24.918468693375626,0],[121.36859027399792,24.918466397976434,0],[121.36866633237791,24.918446563884064,0],[121.36869434585095,24.91843953889284,0],[121.36870245772162,24.918476236372683,0],[121.36873232054242,24.91846924736193,0],[121.36875516271964,24.9185263420992,0],[121.36870572150939,24.918594460192775,0],[121.36866453035616,24.918608646961292,0],[121.36868166712179,24.918684643305962,0],[121.36868604044412,24.918683154220687,0],[121.3686878941301,24.918750835051423,0],[121.36869116941811,24.91878727079267,0],[121.36869806282328,24.918880228162767,0],[121.36870681655287,24.918985286942647,0],[121.36873018279283,24.919119183855265,0],[121.36872576439596,24.919183449991223,0],[121.36873498603578,24.919225947498774,0],[121.36875894438504,24.919305271541848,0],[121.36876125317161,24.91934305129469,0],[121.36875765330502,24.91939140569069,0],[121.36875765330502,24.91939140569069,0],[121.36875765325833,24.91939140631807,0],[121.36875590779117,24.91941486802009,0],[121.36876702771876,24.91944192514817,0],[121.36878995738758,24.919486805584548,0],[121.36880341507143,24.919531039047232,0],[121.36883150008944,24.919585056170472,0],[121.36882116798257,24.919681456778907,0],[121.36881939400416,24.919737723013487,0],[121.3688191165502,24.919746526141303,0],[121.36881769980448,24.919824499005724,0],[121.36883091663236,24.919903256410734,0],[121.36883735320555,24.91995351770798,0],[121.3688675780166,24.920135884771256,0],[121.36887047913106,24.920156543885213,0],[121.36892637403365,24.920160679387912,0],[121.36897020724908,24.920164125160614,0],[121.36897104320342,24.92017126969829,0],[121.36899202293581,24.92031114981551,0],[121.36899202293581,24.92031114981551,0],[121.36899202331499,24.920311152341693,0],[121.36902457235047,24.920527864976478,0],[121.3690258339278,24.920536264586733,0],[121.36904877454374,24.92074923076008,0],[121.36905839864377,24.920867549066482,0],[121.36906138887302,24.92089435280968,0],[121.36907440375198,24.92093076720741,0],[121.36910034028992,24.920975010285353,0],[121.36914260537485,24.921027652764145,0],[121.36917771445465,24.92111852627861,0],[121.3691862775751,24.921140690933576,0],[121.3692203388349,24.921378193793515,0],[121.3692545968273,24.92150527512139,0],[121.36926832440118,24.921538270201054,0],[121.36931012448689,24.92163140519438,0],[121.36933616220814,24.92168778592557,0],[121.36934956108361,24.921767582525245,0],[121.36937038550596,24.921806028142495,0],[121.36937230777085,24.92184152935049,0],[121.36937328985776,24.921859662524668,0],[121.36937450075747,24.92188205277521,0],[121.36939660657286,24.921888052184705,0],[121.3694013373559,24.921903406180903,0],[121.36938045223482,24.921914713680987,0],[121.36935658825286,24.9219273989854,0],[121.36936194804139,24.92210143913687,0],[121.36935586471877,24.922279865015547,0],[121.36930826126655,24.922928261239914,0],[121.36936601397989,24.923360673749123,0],[121.36937147630182,24.92347256078885,0],[121.36936815058898,24.923789322083994,0],[121.36939472592968,24.923899979334628,0],[121.36944804208458,24.924123755185818,0],[121.36944829694458,24.924124819044543,0],[121.36952288327223,24.92443619336043,0],[121.36952464083753,24.924443531698497,0],[121.36952722370042,24.924455002969193,0],[121.36955737644591,24.92459868026651,0],[121.3696013143669,24.92478941561659,0],[121.36962097003473,24.92486902352323,0],[121.36965784339381,24.925226941215037,0],[121.3696603512478,24.925251757670953,0],[121.36966354222132,24.925275467132455,0],[121.36966384859036,24.925277746396077,0],[121.36966622052059,24.925291890310618,0],[121.36966622052059,24.925291890310618,0],[121.36966622148574,24.92529189605751,0],[121.36969734117172,24.925476932024026,0],[121.36971698414418,24.92554608847376,0],[121.36973967814654,24.925560338909275,0],[121.36980834688731,24.925599943511095,0],[121.3698159648312,24.92560392345217,0],[121.3698207894438,24.925635879201938,0],[121.36982078860564,24.925635878443334,0],[121.36983015893959,24.92569793655903,0],[121.36983867850213,24.92572022288771,0],[121.36985106504295,24.925752627953045,0],[121.36992497107755,24.925957277670207,0],[121.3699255266719,24.925958592271826,0],[121.36995566140764,24.92606565264796,0],[121.36996133857242,24.926085822145907,0],[121.36990606927934,24.926097302205473,0],[121.3699740546327,24.926246065817164,0],[121.36999247167357,24.926286364078905,0],[121.37001111063114,24.9263271497711,0],[121.37001594569793,24.926337729987083,0],[121.37003009517346,24.926367210667337,0],[121.37004850344645,24.926405567627512,0],[121.37005649487733,24.926422218804618,0],[121.37007242567476,24.926455412798905,0],[121.37009521456119,24.926502895824008,0],[121.37011863508198,24.926551694597865,0],[121.37013948787795,24.92659514322633,0],[121.37014257539843,24.926601577553548,0],[121.3701654646311,24.926650276847294,0],[121.37018841898221,24.926699117799263,0],[121.37021106759249,24.92674730562356,0],[121.37022878895033,24.926785011554003,0],[121.3702345622482,24.926797295378343,0],[121.37025844260157,24.926847094916432,0],[121.37028244508983,24.926897149090422,0],[121.3703588191445,24.927056419201,0],[121.37035968086735,24.927058216427813,0],[121.3702876098365,24.927068477734323,0],[121.37018602970211,24.92708294115878,0],[121.37026128970598,24.92724111125598,0],[121.37031024760327,24.927233159426955,0],[121.37035912174224,24.92722546340695,0],[121.37045090900375,24.927211011591407,0],[121.37046058905172,24.9272094874924,0],[121.37046411151303,24.927216178428758,0],[121.37053375415918,24.92734847602431,0],[121.37072856693098,24.927718549806894,0],[121.37073539226253,24.92773151507687,0],[121.37080815218314,24.92785882950286,0],[121.37086927730705,24.92796301034127,0],[121.37088989229508,24.927992114285004,0],[121.37089828379308,24.928039062981245,0],[121.37091109570271,24.92811074656265,0],[121.37091109570271,24.92811074656265,0],[121.37091109757512,24.928110757013158,0],[121.37091780786122,24.928148117494793,0],[121.3709354592468,24.928246405880138,0],[121.37094100749945,24.92826884944357,0],[121.37095903663356,24.92834268543383,0],[121.37097032690725,24.928398217683338,0],[121.3709804351132,24.928444070098855,0],[121.37098787120915,24.928488611042013,0],[121.37099423591077,24.928538051958643,0],[121.37100133371743,24.92859318499398,0],[121.37101321940547,24.928698749897244,0],[121.37101528026244,24.928733524721185,0],[121.37102585046848,24.928896994413236,0],[121.37103563196709,24.929058215942216,0],[121.37103793137224,24.92914113061496,0],[121.37104259287962,24.92922391584064,0],[121.37104995467797,24.929376196710226,0],[121.3710607071713,24.92953825639096,0],[121.3710607071713,24.92953825639096,0],[121.37106070724845,24.929538257552654,0],[121.37106073320281,24.92953864817522,0],[121.37106240837265,24.929578918083713,0],[121.37106385136977,24.92961360736459,0],[121.37106408565467,24.929616846907646,0],[121.37106408565467,24.929616846907646,0],[121.37106408570635,24.929616847621894,0],[121.37106892267292,24.92968367629405,0],[121.37106831548579,24.92970048682024,0],[121.37107904649109,24.929883997097114,0],[121.3710829038688,24.929961540067588,0],[121.37108721538317,24.929997503628137,0],[121.37109347497083,24.930112232552155,0],[121.37109611765372,24.930158061532556,0],[121.37110542333231,24.930347513679532,0],[121.37110842759195,24.93042140545642,0],[121.37110882716773,24.930431229671825,0],[121.37111167323529,24.930501224178492,0],[121.37111279625672,24.930528833341505,0],[121.37111464406829,24.930574286472623,0],[121.37111823380016,24.93064614214312,0],[121.37112262573817,24.930734056701574,0],[121.37112416402563,24.930764859296087,0],[121.37113351148705,24.93089664688971,0],[121.37113394433301,24.930903924547103,0],[121.37113871456538,24.931035550555688,0],[121.37114100409245,24.931035081511535,0],[121.37114984504872,24.931093539134633,0],[121.37117718031517,24.93128723738159,0],[121.37122342985946,24.931550265747898,0],[121.37123601352195,24.931606258760343,0],[121.37124669071012,24.931664301650137,0],[121.37128302894128,24.931836838786168,0],[121.3713007409816,24.931896693002468,0],[121.37132606298631,24.931985450300935,0],[121.37133863792366,24.932031959446558,0],[121.3713554081058,24.9321190283259,0],[121.37139429311388,24.932223900272177,0],[121.371416120126,24.932287350088775,0],[121.37143217345559,24.932328698097116,0],[121.37145093748943,24.932362754803794,0],[121.3714890835955,24.93242224928682,0],[121.3715238584359,24.932469395798766,0],[121.37169861699466,24.93267059265496,0],[121.371731918682,24.93269416157766,0],[121.37173607775694,24.93269880142537,0],[121.37179901872688,24.93276901486017,0],[121.37183860425863,24.93281281969577,0],[121.37187951611446,24.932858091224176,0],[121.37204788814823,24.933015959541784,0],[121.37205057836654,24.93301432432726,0],[121.37206816917988,24.933029173948558,0],[121.37217271713355,24.933117433963524,0],[121.37217861711757,24.9331223571024,0],[121.37224733612258,24.93317693274942,0],[121.37251540405,24.933372050950638,0],[121.37252928150492,24.933382604427543,0],[121.37270058720182,24.9334858684837,0],[121.37278093320724,24.933531685124688,0],[121.37282464634274,24.93355513386704,0],[121.37298672722643,24.93364208850746,0],[121.37319584452575,24.933738107444544,0],[121.37322802768172,24.93375273762112,0],[121.37326080864757,24.933767683970892,0],[121.37328415619214,24.933778535921878,0],[121.37332083792373,24.933795585598666,0],[121.37333950091859,24.93380426015741,0],[121.37337564233982,24.93382078223489,0],[121.37339158439889,24.93382766607824,0],[121.37339934824536,24.93383109147563,0],[121.37341486234187,24.93383812751555,0],[121.37349672086077,24.933873090165427,0],[121.37383678875874,24.93401553343168,0],[121.37383713003963,24.934015841422116,0],[121.37391114278647,24.934041885779195,0],[121.3739713513983,24.934069838068382,0],[121.37404729293148,24.934088169113277,0],[121.37417914899137,24.93412050124723,0],[121.37431211376968,24.93414971755675,0],[121.37449400054308,24.934187698033735,0],[121.37465449451413,24.934213767597512,0],[121.37480117775604,24.934238563764424,0],[121.3752392790994,24.934280057737453,0],[121.37524076951627,24.93427771251891,0],[121.37527721129098,24.934283732240612,0],[121.37537016690176,24.934291465674903,0],[121.37548457964786,24.934290802673925,0],[121.37558584106728,24.934286769937373,0],[121.37581431102824,24.934286822024582,0],[121.37596397907404,24.934281527955893,0],[121.37605758980602,24.934278740007468,0],[121.37615840918852,24.93425315124538,0],[121.37628598786876,24.934219000613776,0],[121.37651513975909,24.934158528681326,0],[121.37685637604021,24.934060498204143,0],[121.37692914487508,24.934037625755675,0],[121.3772605363187,24.933880766887437,0],[121.37744146696366,24.933789039478384,0],[121.37764602682638,24.933689694538202,0],[121.37794921973266,24.933541065575465,0],[121.37812643770873,24.933454989569398,0],[121.37838140652383,24.933313286516704,0],[121.37866089483008,24.93315612828977,0],[121.37889747037354,24.93301695516274,0],[121.37899531185008,24.932959036227864,0],[121.37923661900209,24.932817176118903,0],[121.37952367719411,24.93266061331211,0],[121.37992522744369,24.932439215106776,0],[121.3805173244799,24.93213832428008,0],[121.38097289266327,24.931911332590154,0],[121.38132953916717,24.931732985059295,0],[121.38149718963747,24.93164799462292,0],[121.38158052975936,24.931608101087427,0],[121.3818697837122,24.93150601274816,0],[121.38206607930356,24.931435443639675,0],[121.38218600326091,24.93138469932758,0],[121.38226682534265,24.931355840742473,0],[121.38240330450562,24.931316909986393,0],[121.38258161922617,24.93127195422966,0],[121.38261844401119,24.93126455051275,0],[121.3828522832817,24.931234648986532,0],[121.38308943925482,24.931205036341094,0],[121.38325785832865,24.93118400868746,0],[121.38339671073085,24.931166672962522,0],[121.3835152735385,24.931161980025056,0],[121.38361045472574,24.93116559391249,0],[121.38389980469395,24.931211198558266,0],[121.38404533299595,24.93123286703922,0],[121.38411598218312,24.931258587183095,0],[121.38419412931219,24.93128822092728,0],[121.38419500482075,24.93128864433436,0],[121.38429557007478,24.93133941040183,0],[121.38450496579411,24.931488111503022,0],[121.38449017155378,24.931507824191474,0],[121.38459847971497,24.931558399631573,0],[121.38476583541161,24.931641300916535,0],[121.3848469190094,24.931681467491348,0],[121.3848765090504,24.931698177131963,0],[121.38490856454743,24.931717709539864,0],[121.3849443868437,24.93174094799003,0],[121.38497410725304,24.931760724941096,0],[121.38499038722621,24.931772967167802,0],[121.38501007777893,24.93178957614643,0],[121.38504285299209,24.93181722201852,0],[121.38514482062583,24.93192272909079,0],[121.38524968410364,24.932038923572346,0],[121.3853320267904,24.93213029370564,0],[121.38548310987053,24.932295674960052,0],[121.38554141708966,24.93234915987113,0],[121.38573599286558,24.932539451838966,0],[121.38579603502747,24.93260094751377,0],[121.38588463538444,24.932677435121104,0],[121.38593879278132,24.93272641545088,0],[121.38601532509635,24.93279225678433,0],[121.38608608674922,24.93285559210095,0],[121.38614267995449,24.93290249136634,0],[121.38621497291855,24.93296058876805,0],[121.38630905745664,24.933031085520405,0],[121.38639727335624,24.93309988284473,0],[121.38651627281124,24.933184283702325,0],[121.38678692560393,24.93338643652507,0],[121.38685971711573,24.933436996416468,0],[121.38691545344946,24.93347590453664,0],[121.38696257866803,24.933508801420114,0],[121.38705301537483,24.933624024615817,0],[121.38712510032995,24.933672229881996,0],[121.38712807640766,24.933686034807465,0],[121.38722155715587,24.933868988152184,0],[121.38722155715587,24.933868988152184,0],[121.3872215598119,24.933868993347527,0],[121.38728051752115,24.93398425306764,0],[121.38732576268951,24.934069609173275,0],[121.38736362069126,24.934137858059525,0],[121.38740819324802,24.934216679854252,0],[121.38745879233724,24.93429515689657,0],[121.3875200515447,24.93439450836252,0],[121.38757913200976,24.93448842508736,0],[121.38763370297401,24.934571569128696,0],[121.38775230131824,24.93475294332797,0],[121.3878020259191,24.93482793841702,0],[121.38787253226172,24.934927983336326,0],[121.38795176247406,24.935035372217087,0],[121.38801963741732,24.935118986650785,0],[121.38807806264565,24.93519216245139,0],[121.38814296844932,24.935272817845007,0],[121.38819843767048,24.93534018516273,0],[121.38830082840873,24.935461652619367,0],[121.38839238952738,24.93556876696061,0],[121.38851316677251,24.935706077345824,0],[121.38867745979306,24.935879462009492,0],[121.3888508992467,24.93605659226625,0],[121.38897982571598,24.93618368356803,0],[121.38913222237498,24.936321406151393,0],[121.3892859028873,24.93646041239105,0],[121.38943194645391,24.93659567001889,0],[121.38948629935074,24.9366439825716,0],[121.38955299941456,24.93670076691345,0],[121.38961889557872,24.93675219130504,0],[121.38965528469747,24.93677999376277,0],[121.38973793033587,24.936829710810013,0],[121.38980070859235,24.936866982551216,0],[121.3898995677876,24.936925745320007,0],[121.39003557706991,24.937004384905762,0],[121.39017842143123,24.93708789589641,0],[121.39024718496688,24.937128245125646,0],[121.3904213421217,24.937230165565133,0],[121.39059270686022,24.937332331233204,0],[121.39070057701021,24.93739577278069,0],[121.39081386917321,24.93746431347574,0],[121.39097897084608,24.937563555043024,0],[121.391002071547,24.937577182727036,0],[121.39133891563056,24.937780290306627,0],[121.39141539508792,24.937824932579698,0],[121.39143917000263,24.93784053876854,0],[121.39152878860034,24.93789526847404,0],[121.39156787874806,24.93792140799276,0],[121.39167134011585,24.938011378619603,0],[121.39183306415293,24.938138096128693,0],[121.39197069181732,24.93822979002098,0],[121.39212466379256,24.938332613397023,0],[121.39216912839235,24.938362307052003,0],[121.39219440321548,24.938378417276066,0],[121.3922742045134,24.938432013124263,0],[121.39243659846365,24.938539992260555,0],[121.39261806132156,24.938662099094785,0],[121.39276396510348,24.93874444019322,0],[121.39293651813409,24.938843532043535,0],[121.39299972219968,24.938883759009727,0],[121.39309332892495,24.938942696470967,0],[121.39321370636053,24.939027591040794,0],[121.39329192438055,24.939081383363213,0],[121.39333986952327,24.939117515807432,0],[121.39335579702147,24.939128727490832,0],[121.39338876313336,24.93914853671957,0],[121.39341944277258,24.939162901722,0]]}},{"type":"Feature","properties":{"cadgeom_type":"CADLWPolyline","thickness":0,"color":"#FF0000FF"},"geometry":{"type":"LineString","coordinates":[[121.39460729211248,24.93964778219735,0],[121.39474262192218,24.939705545603957,0],[121.3949182835022,24.939778159289357,0],[121.39499378769297,24.939810057060832,0],[121.39506252306845,24.939843260085766,0],[121.39508633588434,24.939857121014594,0],[121.39512182914386,24.93988241441415,0],[121.39517651443043,24.939928075881554,0],[121.39519998649321,24.939948540690366,0],[121.39526695857863,24.940016421370444,0],[121.3953306663783,24.940083290079606,0],[121.39541696778493,24.940171878469478,0],[121.39545411385348,24.94021296001306,0],[121.39550708105537,24.940289391331905,0],[121.39558004477121,24.940405045979897,0],[121.39565709349547,24.94053004660441,0],[121.39566468544764,24.94053559269049,0],[121.39567031622943,24.940549238389977,0],[121.39567712098172,24.9405627610497,0],[121.39568392814907,24.940575290833475,0],[121.39570973376586,24.940628735516576,0],[121.39572862300007,24.940664249957372,0],[121.3957474192653,24.940698885352024,0],[121.39577997424678,24.940759657068995,0],[121.39581645307256,24.940823977901506,0],[121.39583072240114,24.940849231567356,0],[121.39586321474941,24.94089992290903,0],[121.39589202687212,24.940938597553266,0],[121.39592132764567,24.94097047413552,0],[121.39595074471988,24.940999760515616,0],[121.3959788475697,24.9410269805559,0],[121.39603016572747,24.941074850862712,0],[121.3960778158973,24.941115556682146,0],[121.39611017556106,24.94113943288679,0],[121.39615364153781,24.941169063128918,0],[121.39618904922554,24.94119225146109,0],[121.39624807792808,24.941228846988626,0],[121.39631682225671,24.941266339847584,0],[121.39641347650128,24.941317082024067,0],[121.39653048814644,24.941364650228017,0],[121.39666199370836,24.941412169249112,0],[121.39677204264648,24.941444455592883,0],[121.39681509442833,24.941456106760814,0],[121.39715755897548,24.941574140108163,0],[121.39730179637027,24.94163531045372,0],[121.39745250000564,24.941699996206445,0],[121.39745383883559,24.94170056732638,0],[121.3975665400995,24.94176362273122,0],[121.39764030015216,24.94180442699824,0],[121.39771924273224,24.941849255160193,0],[121.39783951608175,24.941916310537927,0],[121.39784373658296,24.941918669371184,0],[121.39785697725398,24.9419272619311,0],[121.39791785933281,24.941964585249444,0],[121.39798984057862,24.942008748369283,0],[121.39803580784519,24.94203454364543,0],[121.39807913794549,24.942059036329603,0],[121.39817598027666,24.942113781581725,0],[121.39818321872716,24.94211784126537,0],[121.39824649051346,24.942153648422337,0],[121.39830700621633,24.942187814082416,0],[121.39841496126608,24.94224884138009,0],[121.39841994901796,24.94225163341376,0],[121.39841994901796,24.942251633413754,0],[121.39841995000266,24.94225163396492,0],[121.39856016372647,24.942330108705818,0],[121.3986433809538,24.942377588116127,0],[121.39872055571169,24.942429059875035,0],[121.39878349144226,24.942472392505618,0],[121.39881251378812,24.942491633448842,0],[121.39883183294367,24.942505649319127,0],[121.39884029294936,24.942511329713064,0],[121.39884029294936,24.942511329713064,0],[121.39884029538473,24.942511331347916,0],[121.39891973647582,24.94256464855474,0],[121.39895213143747,24.942587522024972,0],[121.39904963621046,24.942641208168833,0],[121.39908435326066,24.942659314751392,0],[121.39915999241099,24.942699508576794,0],[121.39917459284926,24.942707244147847,0],[121.39928012225504,24.942762932261235,0],[121.39937911369131,24.94281554498347,0],[121.39946506471081,24.942860926230765,0],[121.3994700245083,24.94286351329749,0],[121.39948278665129,24.942870250646333,0],[121.39948278665129,24.942870250646333,0],[121.39948278894427,24.942870251856586,0],[121.39958832742865,24.942925944401523,0],[121.39958832742865,24.942925944401523,0],[121.39958833182135,24.94292594671864,0],[121.39967834079332,24.94297340683218,0],[121.39976586044853,24.943018838028852,0],[121.39977750456639,24.943024898753727,0],[121.39980104738885,24.943037831083895,0],[121.39981852959617,24.943044952039134,0],[121.39983965316566,24.943056057083826,0],[121.39991040281235,24.94310220665819,0],[121.39991737954206,24.943106765367776,0],[121.3999754649708,24.943145572541628,0],[121.39998668813286,24.94315139236561,0],[121.39998904421351,24.943153169711593,0],[121.40010657892422,24.943242472658408,0],[121.40015881462564,24.943281812686042,0],[121.40023295562463,24.94333768173602,0],[121.40025945870894,24.943357704475034,0],[121.40026681288786,24.943361371083757,0],[121.40031100771868,24.94339564122855,0],[121.4003321323444,24.943412090460924,0],[121.40046495044137,24.94351583225049,0],[121.40046495044137,24.94351583225049,0],[121.4004649586931,24.943515838690995,0],[121.40055472529085,24.943585849857218,0],[121.40057166019692,24.943595973485948,0],[121.40070190173952,24.943701909691516,0],[121.4007808819568,24.943765920714842,0],[121.40078449886258,24.9437688090191,0],[121.40083373017917,24.943809527900477,0],[121.40083362184126,24.943809618321414,0],[121.40092434340258,24.943886284107986,0],[121.40093402726917,24.943894301057274,0],[121.40096244462197,24.943917855989014,0],[121.40096693710161,24.943921970304064,0],[121.4010625665687,24.94401000580627,0],[121.40108312105595,24.944028932909635,0],[121.40118620971344,24.94412399645581,0],[121.40119645247319,24.944132107572493,0],[121.40129384926968,24.944209555814222,0],[121.40130116319551,24.944215337113253,0],[121.4013992366562,24.944309535629618,0],[121.40140941866616,24.944319570504106,0],[121.40148422773095,24.944392865008727,0],[121.40152159747194,24.944428169277238,0],[121.40156743237188,24.944476262571442,0],[121.40156475151123,24.944515814663205,0],[121.40167527901318,24.944617717531376,0],[121.40174073442994,24.944671985825817,0],[121.40177406897872,24.944700332532516,0],[121.4018379021343,24.944762261384426,0],[121.40192325933147,24.944809460676364,0],[121.40199127242536,24.944826367401664,0],[121.40207946202588,24.94484830933016,0],[121.40218553842467,24.94486918096492,0],[121.40237895622371,24.944701065951733,0],[121.40241322294818,24.944689133603646,0],[121.4024607593562,24.944711900611487,0],[121.40254988247534,24.944735732460458,0],[121.40259078556961,24.944718526729176,0],[121.4026331511373,24.944725240034828,0],[121.40275286896568,24.94472096352226,0],[121.4028273924775,24.944718083700618,0],[121.40290112758284,24.94471393592473,0],[121.40296315413896,24.94471624761949,0],[121.40303764340551,24.944719028332017,0],[121.40310120465773,24.944691378887885,0],[121.40323990742046,24.944783583680206,0],[121.40342714075808,24.944908992197053,0],[121.40360883271937,24.94507979090337,0],[121.40392858034208,24.94538749298032,0],[121.40393003598696,24.945464826142,0],[121.40392989440495,24.945542765875622,0],[121.40393054962988,24.945622069475846,0],[121.40393170072704,24.945702038040153,0],[121.40393133967068,24.945773313334364,0],[121.40393150183026,24.945853418262832,0],[121.40393178354553,24.945939798908,0],[121.40393204173132,24.946018964511293,0],[121.40393191185727,24.946100498860048,0],[121.40393135330174,24.94617946234502,0],[121.4039341847992,24.94618684098743,0],[121.40393482525816,24.946265274016167,0],[121.40393439421821,24.946345411938815,0],[121.40393387450622,24.946429113905324,0],[121.40393415411204,24.94651484498801,0],[121.40393423614266,24.94660076192022,0],[121.40393530286205,24.946685038173957,0],[121.4039348457591,24.946778260708236,0],[121.40380247596812,24.94676070871411,0],[121.40372485309169,24.94675029915952,0],[121.40381905800643,24.946853197749622,0],[121.40387116949381,24.946910119884222,0],[121.40388213804844,24.946921912523457,0],[121.40388213804844,24.946921912523457,0],[121.40388214477892,24.946921919754445,0],[121.40393016592384,24.9469734755301,0],[121.4039450937755,24.946989339793788,0],[121.40404733225084,24.947098074765265,0],[121.40405109748389,24.94710209757819,0],[121.40405109748389,24.94710209757819,0],[121.40405109945767,24.947102099686564,0],[121.40412443532786,24.947180419925296,0],[121.40412443532786,24.947180419925292,0],[121.404124441595,24.947180426613972,0],[121.40416605561262,24.947224810503936,0],[121.40421300711614,24.94727752197846,0],[121.40421558857953,24.947280347212008,0],[121.40425756948599,24.94732752720181,0],[121.40425756948599,24.94732752720181,0],[121.40425757839242,24.947327537201506,0],[121.40431570471603,24.947392735188366,0],[121.40442731848711,24.94751881595542,0],[121.40452859814043,24.947632570102993,0],[121.40463090261701,24.947748059599622,0],[121.40464260443942,24.94775995857343,0],[121.40465177413479,24.947767227571333,0],[121.40469447685872,24.94780860650993,0],[121.40469447685872,24.94780860650993,0],[121.40469448441793,24.947808613829366,0],[121.40470857639461,24.947822248649672,0],[121.40483989146902,24.9479500167115,0],[121.40483989146902,24.9479500167115,0],[121.40483989405395,24.947950019225956,0],[121.40496758931874,24.948074201532798,0],[121.40497982600084,24.948085458787,0],[121.40501729738688,24.948126019980943,0],[121.40512688670565,24.94824485060904,0],[121.40523272121564,24.948360623223067,0],[121.40526205029029,24.948392516855996,0],[121.40533927723261,24.94847655978304,0],[121.40544808610146,24.948576265257977,0],[121.40556764129023,24.94868588911849,0],[121.4055762083355,24.948692712588645,0],[121.40567173770972,24.948792654079433,0],[121.40578811292131,24.94891406188827,0],[121.40579170341285,24.94891764117283,0],[121.40579170341285,24.94891764117283,0],[121.40579171229507,24.948917650019464,0],[121.40586284282605,24.948988432495703,0],[121.40598174571682,24.949106954895527,0],[121.4060984763822,24.949224058370245,0],[121.4061037548708,24.949229339859112,0],[121.4061542989665,24.949272370267188,0],[121.40629327835569,24.949392555050117,0],[121.4064076701373,24.949491850135033,0],[121.40642930127586,24.949510645237595,0],[121.40648244454026,24.949546355395206,0],[121.40666279264885,24.949668134847315,0],[121.40672286357764,24.949705531313292,0],[121.40672286357764,24.949705531313292,0],[121.40672287374962,24.9497055376401,0],[121.40687122025008,24.949797724544602,0],[121.40690953432117,24.949820728469568,0],[121.40710113802642,24.949935178605795,0],[121.40723606526011,24.950005197740158,0],[121.40728227002049,24.95000178652132,0],[121.40737622266006,24.94991073818471,0],[121.40746130574351,24.94982802885921,0],[121.40753778984471,24.949754085232286,0],[121.40762187504373,24.949672934362773,0],[121.40769886852875,24.94959903789701,0],[121.4077365676837,24.949670077686797,0],[121.40775640342119,24.949704430334766,0],[121.40777846297163,24.949748681853777,0],[121.40778986743109,24.949771402649077,0],[121.40780412928464,24.949794964160713,0],[121.40781855759843,24.949817995375348,0],[121.40783201781025,24.94983553292819,0],[121.40785337046553,24.94985910535901,0],[121.40787848586002,24.949889276154842,0],[121.40793604512771,24.94996011655565,0],[121.40794607237045,24.949972806995532,0],[121.40796456321911,24.94999467678045,0],[121.40798888485232,24.95002546151425,0],[121.40798888485232,24.95002546151425,0],[121.40798888799411,24.95002546548943,0],[121.4080116963564,24.950054312792577,0],[121.40802895557042,24.95007682502914,0],[121.40805358919634,24.95010716812929,0],[121.40806909880867,24.95012975415105,0],[121.40807250666548,24.95013568681795,0],[121.40812565670296,24.95021202520778,0],[121.40814592989994,24.9502430774282,0],[121.40819955944207,24.950313058507692,0],[121.40826296326269,24.950395330218207,0],[121.4082974387813,24.950443776170466,0],[121.40831950638247,24.95045227837924,0],[121.40835175438946,24.95046279521786,0],[121.40837023992124,24.950468764620602,0],[121.40840731042391,24.950480735528554,0],[121.4084311719692,24.950488440444666,0],[121.40843574674976,24.95050185671348,0],[121.40844197686594,24.950519986561304,0],[121.40845840135913,24.95054773434806,0],[121.40848401205618,24.950590598983336,0],[121.40849698005756,24.950612224949598,0],[121.40850138503663,24.950619484596736,0],[121.40853268174561,24.950648204388774,0],[121.40857809258506,24.95072976591414,0],[121.40876575598014,24.950832042997376,0],[121.40895919692477,24.950949337878043,0],[121.40896866782872,24.950961249118787,0],[121.40918851232932,24.951091622663302,0],[121.40945634740132,24.951250461435574,0],[121.409464904528,24.951260105249002,0],[121.40948434069647,24.951281949910616,0],[121.40960069908648,24.951412857172382,0],[121.40974422858696,24.95148440119142,0],[121.40982626180705,24.951544668872952,0],[121.40984663622785,24.951559657062397,0],[121.40992374610946,24.951504594355747,0],[121.40992898596602,24.951510844452233,0],[121.40994851331034,24.951527615336495,0],[121.40998858967899,24.95157291671081,0],[121.41001658978577,24.951604572991524,0],[121.41004263214761,24.95163402318491,0],[121.41004263214761,24.95163402318491,0],[121.41004263307727,24.951634024236128,0],[121.41007282072647,24.95166815516843,0],[121.41007282072647,24.95166815516843,0],[121.4100728248738,24.951668159855373,0],[121.41007809998942,24.95167411860956,0],[121.41009778819837,24.951696387827702,0],[121.41009778819837,24.951696387827702,0],[121.41009779308803,24.951696393355384,0],[121.41010946815122,24.951709584782773,0],[121.41011554990745,24.951716439895453,0],[121.41022290529351,24.951837837336736,0],[121.41022290529351,24.951837837336736,0],[121.41022290798917,24.951837840384087,0],[121.41030554852962,24.951931234798643,0],[121.41035401526283,24.951986037095416,0],[121.41035401526283,24.951986037095416,0],[121.41035401594283,24.951986037864245,0],[121.41048175562695,24.9521304537903,0],[121.41056177503276,24.9522209464237,0],[121.41068704123055,24.95236125760221,0],[121.41076862603536,24.952458702524662,0],[121.41078486059546,24.952477315293727,0],[121.41079345747941,24.95248717545019,0],[121.41084559361444,24.95254699782838,0],[121.41088387135419,24.952611316776963,0],[121.41097766391728,24.952745578792214,0],[121.41106083787031,24.953019161479215,0],[121.41106086105398,24.953019225683942,0],[121.41115756270284,24.953337299205373,0],[121.41129603281112,24.95384139873533,0],[121.41130490639999,24.953878880124943,0],[121.41135507633807,24.95402046962766,0],[121.41139855154906,24.95419439654981,0],[121.41145541446215,24.95434852971594,0],[121.41148455854581,24.954452450166407,0],[121.41148539861284,24.95445495830444,0],[121.41148539861284,24.95445495830444,0],[121.4114853990216,24.954454959524668,0],[121.4115687519888,24.954703737042486,0],[121.41158906264215,24.95474994114803,0],[121.41167619613688,24.954956836177754,0],[121.41176288195415,24.955117683375327,0],[121.41196231521613,24.955539146340687,0],[121.41199615671688,24.955607199013183,0],[121.41204186107414,24.95569547044644,0],[121.41217226394117,24.95603243066891,0],[121.41226526412825,24.95638944892751,0],[121.41231601295638,24.95669225978156,0],[121.41232720211617,24.95676468638511,0],[121.4123156670197,24.95712911730561,0],[121.41230887276751,24.957126215766866,0],[121.41230714142512,24.95723396122684,0],[121.41234718451935,24.9572381415864,0],[121.4122616751478,24.957723716988973,0],[121.41224566963007,24.957720791969482,0],[121.41224566963007,24.957720791969482,0],[121.41224566687568,24.957720791466365,0],[121.4122271581169,24.957717412294436,0],[121.41216919481909,24.957706815616728,0],[121.41216194567376,24.957730034801582,0],[121.41215730062889,24.957744777714883,0],[121.4121564696173,24.95774739178603,0],[121.41211125870696,24.957890353215735,0],[121.41209585424917,24.957939060036132,0],[121.41208722061931,24.95795364459723,0],[121.41203152575906,24.958047539471742,0],[121.4120062547969,24.95815491952773,0],[121.41195555696892,24.958365008015566,0],[121.41194441068768,24.958470489585505,0],[121.41194441068768,24.958470489585505,0],[121.41194441043572,24.95847049197192,0],[121.41193531020018,24.9585567709204,0],[121.41192377981405,24.95866594433253,0],[121.41192377981405,24.95866594433253,0],[121.41192377968942,24.958665945513232,0],[121.41191935589187,24.95870786989821,0],[121.4118984868352,24.95871590616127,0],[121.41183372945123,24.959251681142167,0],[121.41180352587122,24.959473085809073,0],[121.41179650245613,24.959745212086215,0],[121.41178626697585,24.959960752969657,0],[121.41178319742406,24.960072210910482,0],[121.41189275239998,24.960346554941722,0],[121.41189999116067,24.960402630735462,0],[121.41189999116067,24.960402630735462,0],[121.41189999134957,24.960402632198164,0],[121.41195247691346,24.960808834708832,0],[121.41210496157733,24.96135855710942,0],[121.41221262523418,24.96162393100298,0],[121.41231521416502,24.96184142677951,0],[121.41237866977684,24.961960786479903,0],[121.4124739269182,24.962128705931605,0],[121.41256133273788,24.962267557879898,0],[121.41263617105984,24.962367117130107,0]]}},{"type":"Feature","properties":{"cadgeom_type":"CADLWPolyline","thickness":0,"color":"#FF0000FF"},"geometry":{"type":"LineString","coordinates":[[121.39499929584179,24.93647607467977,0],[121.39498124579782,24.93653140060869,0],[121.39498124579782,24.93653140060869,0],[121.3949152827665,24.936746410734745,0],[121.39486516580459,24.936925033599785,0],[121.39481526875042,24.937119703732414,0],[121.39478761044732,24.937226243962385,0],[121.39475108350446,24.937376022874105,0],[121.3947412977793,24.937415165117933,0],[121.3947412977793,24.937415165117933,0],[121.39472123199405,24.937506505468562,0],[121.39470648805519,24.9375986850333,0],[121.39468148594554,24.937790350783647,0],[121.39467453974235,24.93789149413992,0],[121.39467086872162,24.937968845139277,0],[121.39467315364706,24.93812223033973,0],[121.39463102699771,24.938360066808674,0],[121.39455987149701,24.938855502005445,0],[121.39455987149701,24.938855502005445,0],[121.39454946126557,24.938941836968056,0],[121.39454487415851,24.939028591381994,0],[121.39454612743643,24.939115439037014,0],[121.39455321639893,24.939202053371574,0],[121.39457924033408,24.93946600269892,0],[121.39458657543344,24.939530044756008,0],[121.39459881691373,24.939636923800617,0]]}},{"type":"Feature","properties":{"cadgeom_type":"CADLWPolyline","thickness":0,"color":"#FF0000FF"},"geometry":{"type":"LineString","coordinates":[[121.39343630899135,24.939160800060222,0],[121.39351367016208,24.939095606046017,0],[121.39351367016208,24.939095606046017,0],[121.3935377711597,24.939073896430408,0],[121.39356023572712,24.93905077378317,0],[121.39358096444597,24.939026340436047,0],[121.39359986558016,24.939000704521376,0],[121.393616855482,24.93897397949352,0],[121.39363185896221,24.938946283626738,0],[121.39365721435938,24.93889527192672,0],[121.39371000891023,24.93880471780589,0],[121.39381819015767,24.938620809027217,0],[121.39390472877217,24.938474417332195,0],[121.393954351106,24.93839061225399,0],[121.3940177832373,24.938288410518428,0],[121.39409250210997,24.93816646854989,0],[121.39412919637597,24.938106320605204,0],[121.39416081656972,24.938055382704924,0],[121.39417398539074,24.93802527046787,0],[121.39418043978915,24.937961844046512,0],[121.39418509477348,24.937870046953762,0],[121.39419022727509,24.937818557922153,0],[121.39421257889484,24.937730517578323,0],[121.39425824983428,24.937542772923553,0],[121.3942676860311,24.93750493512534,0],[121.39432169880727,24.937288351180392,0],[121.3943585611049,24.93713681305488,0],[121.39438670165066,24.93702815487337,0],[121.3944373912317,24.93682991230057,0],[121.394490010418,24.93664195076446,0],[121.394539138376,24.936485162491792,0]]}},{"type":"Feature","properties":{"cadgeom_type":"CADLWPolyline","thickness":0,"color":"#FF0000FF"},"geometry":{"type":"LineString","coordinates":[[121.38168538903265,24.93292175160088,0],[121.38167209379988,24.932946777450876,0],[121.38154784322352,24.93297204816056,0],[121.38153732729832,24.93297613195408,0],[121.38122224828479,24.933098490442678,0],[121.38096562493857,24.933205675467413,0],[121.38065800692495,24.93334325937121,0],[121.38047674230391,24.933429059393525,0],[121.38030385668768,24.933513424042605,0],[121.38022566944849,24.933552346849023,0],[121.37991153289119,24.933719749220693,0],[121.37978514485151,24.933787669396498,0],[121.37933490114482,24.93404437968151,0],[121.37929510487868,24.934066704411123,0],[121.37905201092421,24.9341987129381,0],[121.37894221501483,24.934265135285642,0],[121.37877818518322,24.934357265268947,0],[121.37858290251363,24.934461717988565,0],[121.37847385489265,24.93452834592324,0],[121.37836200504856,24.934591242104513,0],[121.37822530377426,24.93466805792637,0],[121.37822530377426,24.93466805792637,0],[121.37822529712219,24.934668061666535,0],[121.37812615983343,24.934723834870358,0],[121.37801625602577,24.93478556378676,0],[121.37799511633018,24.93479467361133,0],[121.3779236819048,24.934825456927477,0],[121.37779043089104,24.934886629770737,0],[121.37769821007201,24.934928925857093,0],[121.37768809599635,24.934933564324723,0],[121.37768809599635,24.934933564324723,0],[121.37768808818122,24.9349335679115,0],[121.37747304180489,24.935032335952645,0],[121.37742001789218,24.93505658881598,0],[121.3772705038439,24.935106569696284,0],[121.37726818079089,24.935096928267377,0],[121.3770978118246,24.935171041311506,0],[121.37706379688565,24.935188210642288,0],[121.37704449907434,24.93519722707048,0],[121.37702285849814,24.93520579234497,0],[121.37691196584493,24.935236410031912,0],[121.37684267205272,24.93525716791818,0],[121.37682598102599,24.935260528771654,0],[121.37678293478194,24.935272415111584,0],[121.37670533129715,24.935292199633274,0],[121.37668551646534,24.935300654444756,0],[121.37664172129281,24.93531263088293,0],[121.3766076674895,24.93532078855334,0],[121.37660028758951,24.935321679539914,0],[121.37652457443698,24.935335958488277,0],[121.37644212223272,24.935363802115923,0],[121.37627970766734,24.935397482241715,0],[121.3762604763919,24.93540176829749,0],[121.37623828970395,24.935406713139496,0],[121.37605132551916,24.935482358144284,0],[121.37524503944095,24.935544120635413,0],[121.37523817988632,24.935502757059396,0],[121.37491261843066,24.935513120014996,0],[121.3748141218147,24.935494182773397,0],[121.37457309316942,24.93531342473352,0],[121.37455035793128,24.935314559915135,0]]}},{"type":"Feature","properties":{"cadgeom_type":"CADLWPolyline","thickness":0,"color":"#FF0000FF"},"geometry":{"type":"LineString","coordinates":[[121.38020250778335,24.878848658013922,0],[121.38023169830346,24.878738853761348,0],[121.38020559018342,24.878675070520043,0],[121.38014438517061,24.878364267675565,0],[121.38013952355622,24.878237165930614,0],[121.38011272687741,24.87815186398884,0],[121.38009084172042,24.878066589895887,0],[121.3800877794867,24.877990534022555,0],[121.3800877791532,24.877990533933545,0],[121.38009787724005,24.8779676537376,0],[121.38022704593988,24.877577065060958,0],[121.38022594629126,24.877510123020283,0],[121.38027482310233,24.877517176018916,0],[121.38028132113246,24.877298440607255,0],[121.38049798773106,24.877164596836018,0],[121.38063518182732,24.877083724990406,0],[121.38067093727128,24.877053057878072,0],[121.38069259677185,24.877033045244808,0],[121.38070459720608,24.87701615486307,0],[121.38074637779846,24.87694806405432,0],[121.3807629662641,24.876905595062148,0],[121.38077194844044,24.876882703749196,0],[121.38077500012918,24.876866153281334,0],[121.38077539899068,24.87678989479704,0],[121.38076591785477,24.876754291405838,0],[121.38075806663754,24.876714576477745,0],[121.38067944740145,24.876560218206937,0],[121.38064700450279,24.87651354082261,0],[121.38065347847974,24.876472042896005,0],[121.38066021676441,24.876428850739153,0],[121.38074000785379,24.87625154044766,0],[121.38075038895764,24.87623322266022,0],[121.38074560165263,24.876183909753042,0],[121.38078570328922,24.87615804905776,0],[121.3809197125218,24.876064186113513,0],[121.38112087789101,24.876263800898194,0],[121.3819462660313,24.87569726317915,0],[121.38208276816759,24.875592543990038,0],[121.38231785596547,24.875411244936277,0],[121.38262257355159,24.875206104792966,0],[121.38281979732716,24.875018002897523,0],[121.3833890582429,24.874831254860815,0],[121.38375106079364,24.87472326911516,0],[121.38409308168251,24.874655836925253,0],[121.38487603244982,24.874652319716063,0],[121.38505652294204,24.874591076030253,0],[121.38514045583374,24.8745625889696,0],[121.38558508453139,24.87426778774336,0],[121.3858339786225,24.873582911200355,0],[121.3858339786225,24.873582911200355,0],[121.38583997432195,24.873568455642605,0],[121.38584704045765,24.873554408333018,0],[121.38585514389135,24.8735408351489,0],[121.38586424662027,24.873527799744057,0],[121.3858743059553,24.87351536325028,0],[121.38588527472115,24.873503583990622,0],[121.3858971014777,24.873492517205907,0],[121.38590973076118,24.87348221479569,0],[121.38592310334425,24.873472725074837,0],[121.38593715651382,24.873464092546968,0],[121.3859518243651,24.873456357695744,0],[121.38596703811064,24.873449556794995,0],[121.38598272640309,24.873443721738685,0],[121.38604314375411,24.873423422170145,0],[121.38604314375411,24.873423422170145,0],[121.38605434116862,24.873419639451612,0],[121.38606524189382,24.87341519362759,0],[121.38607579880481,24.873410103917834,0],[121.3860859662629,24.873404392325742,0],[121.38609570031316,24.87339808354312,0],[121.38610495887431,24.87339120484352,0],[121.38611370192072,24.87338378596429,0],[121.38620359362181,24.87323345950845,0],[121.38625670080285,24.873069047016266,0],[121.38625670080285,24.873069047016266,0],[121.38626022420101,24.87276582600861,0],[121.38638720223419,24.872588458418523,0],[121.38641191384673,24.872530252653466,0],[121.38643776864068,24.872479485907423,0],[121.3864517793728,24.872448625314526,0],[121.38646512835919,24.872429393409565,0],[121.3864963515967,24.87239432025069,0],[121.38651939538877,24.872368188957203,0],[121.3865754482186,24.872320410555997,0],[121.38665895032972,24.87225833615826,0],[121.38672234946212,24.87221485274796,0],[121.38678129757662,24.8721775522513,0],[121.38685165282921,24.872131006965294,0],[121.38692188352681,24.872098421401503,0],[121.3870317358944,24.87205053939506,0],[121.38711318648647,24.872014463357218,0],[121.38720169184253,24.87197129715866,0],[121.38729132690037,24.871926962895653,0],[121.38735632984539,24.87189714561917,0],[121.38748240603076,24.871880911517717,0],[121.38748240603076,24.87188091151771,0],[121.3875112236851,24.871878981321665,0],[121.38754011570565,24.871878589064256,0],[121.38756898355822,24.871879736083255,0],[121.387597728791,24.871882418466814,0],[121.38791352646368,24.871920416439348,0],[121.38791352646368,24.871920416439348,0],[121.38794246043308,24.871924696788938,0],[121.38797106579926,24.871930532669207,0],[121.38799924217159,24.871937903599072,0],[121.38802689066483,24.87194678371024,0],[121.38805391424647,24.871957141837903,0],[121.38808021807692,24.871968941630147,0],[121.38830096188147,24.872076361102508,0],[121.38857502235741,24.872138654489216,0],[121.38860111603012,24.872183566500752,0],[121.38907790783315,24.87245924239105,0],[121.38912656375344,24.872517188255603,0],[121.3895277514954,24.872992249931286,0],[121.38966985254852,24.873163873378097,0],[121.3898271702879,24.873458356409504,0],[121.38996095287214,24.8736679533888,0],[121.3902219418118,24.873687653502408,0],[121.39076698375331,24.873486626967676,0],[121.39113566150343,24.873353197702688,0],[121.39150392128568,24.873198445184563,0],[121.39197660295544,24.872996525579083,0],[121.39252863794485,24.87295629815768,0],[121.39252863794485,24.87295629815768,0],[121.39308669436579,24.87291458150934,0],[121.393824479773,24.87300743980252,0],[121.39394868013062,24.87303561923672,0],[121.39398668550683,24.873054930959743,0],[121.39402688805298,24.873056951811463,0],[121.39409641030096,24.873061366693225,0],[121.39414242660342,24.873060917977114,0],[121.39435793396177,24.873123417947774,0],[121.39461566091683,24.873124349520793,0],[121.39485187762422,24.873093196407222,0],[121.39487152122172,24.873097813123415,0],[121.39495510690878,24.873093565763785,0],[121.39515038324207,24.873104033876874,0],[121.39520804783606,24.873071866147725,0],[121.3952561280009,24.873060411378706,0],[121.39541017223978,24.87302661287873,0],[121.3955535867313,24.873046518238542,0],[121.39565362995383,24.872853148263935,0],[121.39565362995383,24.872853148263935,0],[121.39565362995383,24.872853148263935,0],[121.39603502378498,24.87249485390802,0],[121.39603502378498,24.87249485390802,0],[121.39622768590236,24.872347980839358,0],[121.39653716848632,24.872089673287093,0],[121.39650758004932,24.87208999066069,0],[121.39663688373331,24.871970214886307,0],[121.39694380379261,24.871933575507974,0],[121.39726050615995,24.87189544293228,0],[121.39735628247952,24.87190255596451,0],[121.39767379323737,24.87192353587695,0],[121.39781928092957,24.871923873978698,0],[121.39795228728961,24.87195185696355,0],[121.39803066813778,24.871951616270444,0],[121.39828712546176,24.8720214508908,0],[121.39835265259178,24.87207026548728,0],[121.39837234521512,24.872070050936106,0],[121.39840216865841,24.872102045097645,0],[121.39852316901263,24.872136595457356,0],[121.39872494951801,24.87219235441178,0],[121.39883760200372,24.872223554467563,0],[121.39890420254703,24.872242149348317,0],[121.39896167036146,24.872258078058824,0],[121.39910943433097,24.87232536160866,0],[121.39914706727318,24.87232774631133,0],[121.39930253653168,24.87240319754262,0],[121.39942133958488,24.872445332213253,0],[121.39943625343173,24.872432816335362,0],[121.39942626451722,24.872414357287113,0],[121.39944570264234,24.872408673340075,0],[121.39948434702347,24.87242272343296,0],[121.39948682213675,24.87244194240461,0],[121.399508134539,24.87245479641774,0],[121.39956052127721,24.872486587047337,0],[121.39968407574199,24.872547920850295,0],[121.3997135804301,24.872558627689926,0],[121.39979079179587,24.872588795950737,0],[121.39985056445767,24.8726074582566,0],[121.40005709696199,24.872672790092256,0],[121.40010388411191,24.87267989897978,0],[121.40022245293869,24.872699354770933,0],[121.40027070312533,24.872704383443605,0],[121.40030389017821,24.872707501353233,0],[121.40038375036472,24.872706713962824,0],[121.40053264032204,24.872681893071434,0],[121.40058394408264,24.872685522940642,0],[121.4006135199981,24.872703099872126,0],[121.40065772513854,24.872680679705937,0],[121.40079603343318,24.8726566449585,0],[121.40082162830997,24.87265295730493,0],[121.40098760823169,24.87260597654998,0],[121.4010843029697,24.872567917436328,0],[121.40114462901502,24.872515779941413,0],[121.40123236104976,24.872481933162856,0],[121.40128676367792,24.87243122810774,0],[121.40134269061689,24.87244167971017,0],[121.40138087313522,24.872420683649363,0],[121.40139402542071,24.872391001050346,0],[121.40143791767979,24.872347961705742,0],[121.40159693612534,24.872230941005228,0],[121.40162532868861,24.872210724535773,0],[121.40161527538518,24.87218608146407,0],[121.4016564123631,24.872163687481066,0],[121.40171670945534,24.8721087962597,0],[121.40176172718581,24.872088427341634,0],[121.4018215990019,24.871992513062583,0],[121.40186567098903,24.871919099273104,0],[121.40188558027798,24.871892048930988,0],[121.40192356999992,24.871862025636304,0],[121.4019392748172,24.87184946658846,0],[121.40194629111616,24.871819809785183,0],[121.401990960017,24.871784898469215,0],[121.4020420657228,24.87172171673111,0],[121.40207029436631,24.87169525368113,0],[121.40210176877441,24.871685935329076,0],[121.40214323449882,24.871637996019135,0],[121.40213755165648,24.87155760785451,0],[121.40213846030885,24.871521150918724,0],[121.40216747645175,24.87144654873713,0],[121.40216673383019,24.871441742807395,0],[121.40231372344,24.871381676187873,0]]}},{"type":"Feature","properties":{"cadgeom_type":"CADLWPolyline","thickness":0,"color":"#FF0000FF"},"geometry":{"type":"LineString","coordinates":[[121.40715009019827,24.8689275750723,0],[121.4071891600684,24.868922142826744,0],[121.40732532261319,24.868910045003698,0],[121.40742365059711,24.868907370949305,0],[121.40756068289839,24.868906905407805,0],[121.40768775967123,24.86890362654893,0],[121.4079116131758,24.868902799349105,0],[121.40867116211714,24.868898500313573,0],[121.40867116211714,24.868898500313573,0],[121.40899359818518,24.86888934771604,0],[121.4094051783116,24.86926481271668,0],[121.40941473308239,24.869473815049382,0],[121.40967965651616,24.86964141392772,0],[121.40982698956283,24.869733555812942,0],[121.40997986024625,24.869796775515095,0],[121.41005411135744,24.869827713558966,0],[121.41038539987974,24.869870026268668,0],[121.41079378133072,24.869665508622948,0],[121.41091393911539,24.86949596118848,0],[121.41109166175309,24.869236321726625,0],[121.41118488088668,24.868958871592476,0],[121.41124186311195,24.868792716838662,0],[121.4112420290775,24.868792498706423,0],[121.41126117447605,24.868734232294127,0],[121.4113524012222,24.868461195445608,0],[121.41139782995921,24.8683252291668,0],[121.41181397486723,24.86844960455897,0],[121.41175356500041,24.86853426801909,0],[121.41160873474932,24.868871351520518,0],[121.41162925488608,24.86888409331878,0],[121.41149728134837,24.8691824760361,0],[121.41148772772596,24.86919637307,0],[121.41143805969139,24.869273467880845,0],[121.41141590507317,24.869284445841753,0],[121.41138807208564,24.86935906073333,0],[121.41124894244314,24.869667081518127,0],[121.41124946333947,24.869667681918916,0],[121.41129741747055,24.869692771486573,0],[121.41153708585307,24.869705630791664,0],[121.41151715787738,24.869743382252015,0],[121.41150200579122,24.86976680910051,0],[121.41146311190613,24.86978660726639,0],[121.41142207184654,24.869808560705742,0],[121.41138555491942,24.869827702982498,0],[121.41134382937291,24.869850357562303,0],[121.41100763678394,24.86999246583655,0],[121.41093138474595,24.87006379631699,0],[121.4107606059158,24.87022872731367,0],[121.41071073176767,24.870257700391193,0],[121.41038572026773,24.870361825490114,0],[121.41034817610397,24.87036791183937,0],[121.41028874944601,24.87037297830197,0],[121.41004820320371,24.870358209947604,0],[121.40992052459575,24.870338227058912,0],[121.40986075664611,24.870329545534478,0],[121.40974226198443,24.870279164222516,0],[121.40970907913676,24.87023844357949,0],[121.40966380265836,24.870195841562772,0],[121.40965693207971,24.870191829217383,0],[121.40963770576813,24.870132325016385,0],[121.40958076475819,24.870072037536975,0],[121.40952357270837,24.87003512768507,0],[121.4094980879932,24.87000184309194,0],[121.40949241096662,24.869941444828076,0],[121.40945046763323,24.869876792672944,0],[121.40933824102402,24.86976307409265,0],[121.40926692213225,24.869738078253103,0],[121.40920263720281,24.869723278028275,0],[121.40907192769966,24.869706778725668,0],[121.40905205740016,24.86968990477951,0],[121.40892037387398,24.869579930038306,0],[121.40890125323783,24.869570141364033,0],[121.40876021208877,24.869519590006618,0],[121.40869933649543,24.869492507884782,0],[121.40860585755934,24.86946920693506,0],[121.40848148351526,24.869444676028607,0],[121.40838500420442,24.869438757773903,0],[121.40838500420442,24.869438757773903,0],[121.40836059414949,24.86943986951666,0],[121.4079638830206,24.86942156820766,0],[121.40770401130526,24.86942608959585,0],[121.40764710512325,24.869427079619896,0],[121.40739657120247,24.869443847500527,0],[121.40713065706615,24.86949737821877,0],[121.40688166381773,24.869609317610795,0],[121.40651635065099,24.86984467321741,0],[121.40646180347804,24.869871653855686,0],[121.40633812979465,24.869941658990584,0],[121.40623509614018,24.870026464090447,0],[121.40610540034288,24.870097929650413,0],[121.40610208831794,24.870122047041736,0],[121.40604701869123,24.870155911963852,0],[121.40602969948876,24.870193991657516,0],[121.40597077071827,24.87022791704319,0],[121.40560188421838,24.87039595581187,0],[121.40560188421838,24.87039595581187,0],[121.40560188421838,24.87039595581187,0],[121.40560188421838,24.87039595581187,0],[121.40560188421838,24.87039595581187,0],[121.40560188421838,24.87039595581187,0],[121.40560188421838,24.87039595581187,0],[121.40560188421838,24.87039595581187,0],[121.40560188421838,24.87039595581187,0],[121.40560188421838,24.87039595581187,0],[121.40560188421838,24.87039595581187,0],[121.40557554169679,24.87039430571737,0],[121.40551239744143,24.870403546649147,0],[121.40550616968038,24.870394716223494,0],[121.40547020847443,24.870400778616165,0],[121.40541767769119,24.87045041266119,0],[121.40536639229305,24.870448472667775,0],[121.40531426522081,24.870441727599196,0],[121.40527609953172,24.870454697963613,0],[121.40523855220897,24.87049860450717,0],[121.40523855220897,24.87049860450717,0],[121.40520882699165,24.870523817082386,0],[121.40518839715779,24.870557824514478,0],[121.40515392017683,24.870563864966375,0],[121.40515392017683,24.870563864966375,0],[121.40515392017683,24.870563864966375,0],[121.40515392017683,24.870563864966375,0],[121.40515392017683,24.870563864966375,0],[121.40486260875052,24.87065437822812,0],[121.40486260875052,24.87065437822812,0],[121.40471056684937,24.870699382877394,0],[121.40446202305051,24.870857963610817,0],[121.40431408324297,24.871002591832298,0],[121.40421145149502,24.871031007465877,0],[121.4039977737277,24.87112579589216,0],[121.4039977737277,24.87112579589216,0],[121.40388748719826,24.871227202729404,0],[121.40368767017479,24.871332082476414,0],[121.40366282609952,24.871331791472606,0],[121.40358949810705,24.871361127287166,0],[121.40356461832879,24.87135739661871,0],[121.40353185979735,24.871376468408705,0],[121.40349119754627,24.87137779472532,0],[121.40344270646527,24.871406735376464,0],[121.40350253525324,24.871459416079563,0],[121.40350440998395,24.87147794495584,0],[121.40348444483901,24.87149956972173,0],[121.40338999040523,24.871553973113812,0],[121.40328417650348,24.871571454689644,0],[121.40325999284728,24.87152989648436,0],[121.40321661434422,24.871507897814713,0],[121.40318723260927,24.871509045363304,0],[121.40316866608488,24.871522396696882,0],[121.40316866608488,24.871522396696882,0],[121.40316866608488,24.871522396696882,0],[121.40316866608488,24.871522396696882,0],[121.40316866608488,24.871522396696882,0],[121.40316866608488,24.871522396696882,0],[121.40313198779914,24.87149754123277,0],[121.40304913963459,24.871534588275175,0],[121.40292893803537,24.871567560767144,0],[121.40281983187406,24.87163976664196,0],[121.40275521641846,24.87171716816328,0],[121.40272947123374,24.87170633919393,0],[121.40270060617885,24.87174776851257,0],[121.40262474437971,24.87182866188157,0],[121.40260255874787,24.871865230221747,0],[121.40254251168736,24.871886920910576,0],[121.40243088641051,24.871935754730988,0],[121.40240343418853,24.871970282857106,0],[121.40234516683556,24.872039539668755,0],[121.40227574226583,24.872159065517035,0],[121.40196784725549,24.872426715987626,0],[121.40192246862657,24.872479633108227,0],[121.40187186635325,24.87254765340653,0],[121.40184572271828,24.872574078187746,0],[121.40176565373275,24.872642322510575,0],[121.40171476580124,24.87268549941957,0],[121.40167805943287,24.872713384997866,0],[121.40161734857008,24.87275663674131,0],[121.40155203313907,24.872793712040423,0],[121.4015361957441,24.872801943915217,0],[121.40150606520372,24.872828135793398,0],[121.4015023403382,24.872831607871603,0],[121.40112704379406,24.873003194025554,0],[121.40029780402556,24.87313966860507,0],[121.39961790380104,24.87312269106294,0],[121.39906999866368,24.872940061379744,0],[121.39860999001472,24.87272967741352,0],[121.39830522470936,24.8725919202654,0],[121.3976174567836,24.872656097573998,0],[121.3974267400732,24.87277082235305,0],[121.39720952945405,24.87286931518604,0],[121.39689812868467,24.873085674915618,0],[121.39669797537894,24.873225949982892,0],[121.39639304232122,24.873302000379155,0],[121.395929080862,24.873370079962584,0],[121.39547390143507,24.87354121823376,0],[121.39500761298254,24.873604520668696,0],[121.39500761298254,24.873604520668696,0],[121.39438553384718,24.873685960307327,0],[121.39407687663856,24.87359290219776,0],[121.3936666334046,24.87347643586253,0],[121.39322192524332,24.873376849530324,0],[121.39271055012522,24.87330019710585,0],[121.39173597917815,24.87344321385816,0],[121.39173597917815,24.87344321385816,0],[121.39173597917815,24.87344321385816,0],[121.39145490263451,24.873654842536247,0],[121.3905538217245,24.87412142740906,0],[121.39006790432285,24.8741241819196,0],[121.38983620524205,24.87414259443168,0],[121.38957400831767,24.874014956132772,0],[121.38947859628027,24.87381205539009,0],[121.38943361605098,24.87365314526186,0],[121.38945287926238,24.873505017394546,0],[121.38854225934216,24.872597159820202,0],[121.38819402998563,24.87243783615491,0],[121.38797593912778,24.872374473483237,0],[121.38774781075347,24.872380130864798,0],[121.38749942777032,24.872388680037464,0],[121.38725270534208,24.87246491607211,0],[121.38674216811732,24.872840588622836,0],[121.38664732090398,24.87305221594136,0],[121.38654608665493,24.87341546592585,0],[121.38637177530084,24.873694387224912,0],[121.3862825179219,24.873763971375286,0],[121.38614255858954,24.87393347842852,0],[121.38575828384982,24.874448655824462,0],[121.3854788566485,24.87466793367285,0],[121.38534254723956,24.87475242087691,0],[121.38513926461869,24.874849558675507,0],[121.38459429894115,24.87498209896554,0],[121.38416348121399,24.874934120303504,0],[121.38385217626791,24.874997965351774,0],[121.38351137684084,24.875119862656646,0],[121.38324681678577,24.875186757941307,0],[121.38285828482908,24.875354456150944,0],[121.38254034460645,24.875573161952776,0],[121.38230464578545,24.875733384401965,0],[121.38172113796836,24.876201985028278,0],[121.38132516667896,24.876523836211874,0],[121.38080105681986,24.877276054965765,0],[121.380661061526,24.87757236573674,0],[121.38066107178446,24.87757246657383,0]]}},{"type":"Feature","properties":{"cadgeom_type":"CADLWPolyline","thickness":0,"color":"#FF0000FF"},"geometry":{"type":"LineString","coordinates":[[121.40231372344,24.871381676187873,0],[121.4023156264873,24.87137907160803,0],[121.40232185964001,24.871371050815807,0],[121.40232834323608,24.87136319699583,0],[121.4023350718929,24.871355516647057,0],[121.40234204003892,24.8713480161252,0],[121.40234924190345,24.871340701660856,0],[121.40235667151663,24.871333579296348,0],[121.40236432272933,24.871326654939747,0],[121.40237218920305,24.87131993432876,0],[121.40238026441985,24.871313423021753,0],[121.40238854169232,24.871307126424657,0],[121.40239701415334,24.871301049736946,0],[121.40240567479604,24.87129519800551,0],[121.40241293589804,24.871287958124935,0],[121.40242036934617,24.87128086530875,0],[121.4024279715647,24.87127392296566,0],[121.40243573889826,24.8712671344416,0],[121.40244366760176,24.87126050300191,0],[121.40245175385037,24.871254031831164,0],[121.40245999376928,24.871247724060087,0],[121.4024683833839,24.87124158270269,0],[121.40247691865994,24.871235610737255,0],[121.40248559549292,24.871229811025152,0],[121.4024944096888,24.871224186356102,0],[121.40250335702322,24.871218739447805,0],[121.40251243319187,24.871213472910146,0],[121.40252163380086,24.87120838929037,0],[121.40253095445541,24.871203491018374,0],[121.40254039064155,24.871198780470667,0],[121.40254993783455,24.871194259906463,0],[121.40255959143964,24.871189931495124,0],[121.40256934679222,24.871185797325243,0],[121.40257919921704,24.87118185939517,0],[121.40258914396874,24.871178119586368,0],[121.40259868652932,24.87117375847756,0],[121.40260831026427,24.87116954845319,0],[121.40261801229356,24.871165490750645,0],[121.40262778973711,24.871161586598326,0],[121.40263763966476,24.871157837152754,0],[121.40264755912627,24.871154243534413,0],[121.40265754518099,24.87115080681861,0],[121.40266759483829,24.871147528017776,0],[121.40267770508763,24.871144408135454,0],[121.40268787292773,24.87114144808483,0],[121.40269809530767,24.87113864876138,0],[121.40270836917597,24.87113601098833,0],[121.4027186914809,24.871133535561828,0],[121.40272905912082,24.871131223215176,0],[121.4027394690136,24.871129074645395,0],[121.40274991804694,24.871127090495573,0],[121.40276040309821,24.871125271345644,0],[121.40276330866638,24.87112481454428,0],[121.40278904879227,24.871107875086466,0],[121.40282678983029,24.87108523487494,0],[121.40286587259592,24.871063848311902,0],[121.40290605139796,24.871044051317288,0],[121.40294710058423,24.871025458155223,0],[121.40298894719358,24.871008598846256,0],[121.40302867067707,24.87098866417042,0],[121.40306841048397,24.870969213090824,0],[121.40310825105291,24.87095006368359,0],[121.40314720125579,24.870928654442622,0],[121.40318389900324,24.870903851047274,0],[121.40321905431951,24.870877177283614,0],[121.40325062780059,24.870847552761695,0],[121.40328220126662,24.870817928233173,0],[121.40331377471763,24.870788303698035,0],[121.40334534815356,24.870758679156303,0],[121.4033782754437,24.870729977578772,0],[121.4034117651692,24.870701715203893,0],[121.40344742237404,24.870675448145988,0],[121.40348307956376,24.87064918107966,0],[121.40351954722288,24.870624196693317,0],[121.40353472347091,24.87061387380214,0],[121.40354291920617,24.87060371643941,0],[121.40354665149285,24.870590067311074,0],[121.40354874981067,24.870578953939315,0],[121.40355032611974,24.870570871056632,0],[121.4035530143881,24.870563282906375,0],[121.40355847998333,24.870556679400725,0],[121.4035650627713,24.87055107495899,0],[121.40380551159917,24.87045809205977,0],[121.40399251581998,24.870373559238807,0],[121.40415795414961,24.87029782593875,0],[121.40439410502034,24.87016932115835,0],[121.40459148404977,24.870095856148552,0],[121.40478135425566,24.870051091940187,0],[121.40478135425566,24.870051091940187,0],[121.40478135425566,24.870051091940187,0],[121.40486002079112,24.86998670760769,0],[121.40506151768328,24.869913965587557,0],[121.40511753456119,24.869893864902245,0],[121.40525129520981,24.86984837777378,0],[121.40533962276297,24.86981562865799,0],[121.40549368908195,24.869743973834357,0],[121.40570017578412,24.86965148473313,0],[121.4059928827626,24.869526856456513,0],[121.40624429798241,24.86941793150993,0],[121.40626868103536,24.869408157557423,0],[121.40628639308865,24.869399020917935,0],[121.40629646518522,24.869389081049935,0],[121.4063335650597,24.869344369307008,0],[121.40634744955294,24.86933410663999,0],[121.40643105753699,24.86929007868864,0],[121.406629950304,24.869176053379213,0],[121.4068128315447,24.869078295531178,0],[121.4070075892999,24.868989633142416,0],[121.40710075439591,24.8689440115695,0],[121.40712102338524,24.86893510373648,0],[121.40715009019827,24.8689275750723,0]]}},{"type":"Feature","properties":{"cadgeom_type":"CADLWPolyline","thickness":0,"color":"#FF0000FF"},"geometry":{"type":"LineString","coordinates":[[121.38066107178446,24.87757246657383,0],[121.38064387587818,24.8776799246079,0]]}},{"type":"Feature","properties":{"cadgeom_type":"CADLWPolyline","thickness":0,"color":"#FF0000FF"},"geometry":{"type":"LineString","coordinates":[[121.38064387587818,24.8776799246079,0],[121.38072592549523,24.877700390169693,0],[121.3807248909127,24.877706681596933,0],[121.38068454843402,24.87797339725891,0],[121.38065962741094,24.878141110099662,0],[121.38066360917533,24.87819401457775,0],[121.38069175843707,24.878264017180083,0],[121.3807099316533,24.87828730237626,0],[121.38072179758781,24.878426785398073,0],[121.38075893723907,24.878843937825863,0]]}},{"type":"Feature","properties":{"Layer":"PL_USE","SubClasses":"AcDbEntity:AcDb2dPolyline","EntityHandle":"A22"},"geometry":{"type":"LineString","coordinates":[[121.53832446479049,24.95207627537812,0],[121.53832247617646,24.952077634335623,0]]}},{"type":"Feature","properties":{"Layer":"PL_USE","SubClasses":"AcDbEntity:AcDb2dPolyline","EntityHandle":"A26"},"geometry":{"type":"LineString","coordinates":[[121.53832446479049,24.95207627537812,0],[121.53832247617646,24.952077634335623,0]]}},{"type":"Feature","properties":{"Layer":"PL_USE","SubClasses":"AcDbEntity:AcDb2dPolyline","EntityHandle":"A2A"},"geometry":{"type":"LineString","coordinates":[[121.52993558854612,24.928141180112558,0],[121.53001398626591,24.927884704293984,0],[121.53007989094527,24.927720441534984,0],[121.53012905686704,24.927617206687664,0],[121.5301966516675,24.927483501269588,0],[121.5302745222265,24.927337780673433,0],[121.53041255402323,24.92713737416118,0],[121.53050234415736,24.92703370638303,0],[121.53058190216692,24.926949328090945,0],[121.5306704697933,24.92683709409259,0],[121.53079511410954,24.92671792080025,0],[121.53086327846991,24.92665242761877,0],[121.53095436847377,24.926569721423686,0],[121.53110835743705,24.92642136013207,0],[121.53120519492244,24.926333394175174,0],[121.53138724789594,24.92615914311665,0],[121.53150926570373,24.92604884760918,0],[121.53156484774038,24.92599436466643,0],[121.53164251771769,24.925862004705643,0],[121.53170554403461,24.925726139001934,0],[121.53175686373147,24.925604905433172,0],[121.5318188380046,24.925415926668414,0],[121.53186026422132,24.925214494809758,0],[121.53191871579554,24.924862863477454,0],[121.53200016551337,24.92438771510043,0],[121.53206272300665,24.92407300177345,0],[121.53208098469786,24.92394183327478,0],[121.53213848526039,24.923642926804845,0],[121.53225071381969,24.9229944876478,0],[121.53236167996276,24.922401573454017,0],[121.53244562746937,24.921977350010227,0],[121.53264842902922,24.92106699297484,0],[121.53277460954122,24.92040329526916,0],[121.53294906975667,24.91977276857046,0],[121.53310027166002,24.9193210515181,0],[121.5332671701217,24.918990662722766,0],[121.53338624574472,24.918719301451404,0],[121.53338523129223,24.91846640651495,0],[121.53337289286986,24.918277024728656,0],[121.53336718216998,24.918225239809654,0],[121.53328710319695,24.91782790141489,0],[121.5332190479817,24.917502518907842,0],[121.53305380750795,24.916892093037124,0],[121.53271272851349,24.91612843383142,0],[121.53269033372894,24.916087849715975,0],[121.53269033372894,24.916087849715975,0],[121.53263966170529,24.915988462165757,0],[121.53259513375808,24.91588665679459,0],[121.53255688790627,24.915782749193237,0],[121.53252504269376,24.915677061468507,0],[121.53249174754492,24.915537928940044,0],[121.53249174754492,24.915537928940044,0],[121.53246519147021,24.91543952913842,0],[121.53244566126475,24.915339770372977,0],[121.53243323850124,24.915239069397657,0],[121.53242797505987,24.91513784690162,0],[121.53242989291165,24.91503652575169,0],[121.53242989291165,24.91503652575169,0],[121.53243915834847,24.914934148961553,0],[121.53245575519902,24.914832545242195,0],[121.53247961219768,24.91473215076269,0],[121.53242692907074,24.914483398150164,0],[121.53255203803384,24.914374819656786,0],[121.53288967293328,24.914460811103357,0],[121.53302686659553,24.914495747571596,0],[121.53310163629716,24.914334260358682,0],[121.53310163629716,24.914334260358682,0],[121.53319861408198,24.914203160021795,0],[121.53330467207073,24.91407804414648,0],[121.53341936755508,24.913959434960635,0],[121.53354222177843,24.91384782753205,0],[121.53367272193417,24.91374368770223,0],[121.53381032330638,24.913647450142257,0],[121.53395445154338,24.913559516538715,0],[121.53395445154338,24.913559516538715,0],[121.53414043667166,24.91343900672643,0],[121.53433421978207,24.913329190719747,0],[121.53453506258452,24.913230486892402,0],[121.534742199899,24.913143271282173,0],[121.5349548425702,24.913067876158582,0],[121.53517218047365,24.913004588757303,0],[121.53530942837685,24.912965588348225,0],[121.53530942837685,24.912965588348225,0],[121.53532572857814,24.912959634276387,0],[121.53534156605451,24.912952719141067,0],[121.53535687276238,24.91294487265225,0],[121.53537158293857,24.912936128521377,0],[121.53538563338283,24.91292652431646,0],[121.53539896372946,24.912916101300713,0],[121.53541151670652,24.912904904255264,0],[121.53542323838211,24.912892981286724,0],[121.53543407839582,24.912880383620514,0],[121.53543407839582,24.912880383620514,0],[121.5354441097644,24.91286699395201,0],[121.53545314500907,24.912853026866106,0],[121.53546114432076,24.912838543902033,0],[121.53546807245468,24.912823608872003,0],[121.53547389888583,24.91280828757997,0],[121.53547859794321,24.912792647531774,0],[121.53548214892318,24.91277675763765,0],[121.53548453618056,24.912760687908655,0],[121.53548574919748,24.912744509148148,0],[121.53548578262986,24.91272829263987,0],[121.53550690802604,24.912335539807817,0],[121.53549277991691,24.912144942117525,0],[121.53548712813122,24.912074912482794,0],[121.5355347629549,24.91207745007501,0],[121.53574992646764,24.912076650244384,0],[121.53588711241802,24.912076148359585,0],[121.53591384956833,24.91207604687522,0],[121.53597629610037,24.912075809832626,0],[121.5367511498074,24.912053625257435,0],[121.53678133253355,24.91220678225751,0],[121.5367989277715,24.912296066047674,0],[121.53692282995495,24.91272195156554,0],[121.53718743205405,24.91329054351201,0],[121.53732030789773,24.91351684927979,0],[121.5374292404911,24.913697111548963,0],[121.53758392226273,24.91392216431689,0],[121.53783150447505,24.91421684141215,0],[121.5379247959299,24.914290490462122,0],[121.5380772003919,24.914378300733773,0],[121.53825415670762,24.91447313570201,0],[121.53835043831646,24.914529145158557,0],[121.53847996299882,24.9146002949191,0],[121.53862257530987,24.91464457892731,0],[121.53886638606697,24.91466794957077,0],[121.53886638606697,24.91466794957077,0],[121.53889062441465,24.91466517238887,0],[121.53891460281292,24.914660913646195,0],[121.5389382125,24.914655192659666,0],[121.53896134638654,24.91464803537868,0],[121.53898389954136,24.914639474267425,0],[121.53900576966755,24.91462954815759,0],[121.5390268575662,24.91461830207225,0],[121.5390268575662,24.91461830207225,0],[121.53904471970613,24.91460818823633,0],[121.53906180833225,24.91459701800885,0],[121.53907804844299,24.91458484041584,0],[121.53909336876092,24.914571708904674,0],[121.53910770204557,24.91455768110941,0],[121.53912098538869,24.91454281859788,0],[121.53913316049028,24.914527186601454,0],[121.53914417391444,24.914510853728736,0],[121.53915397732388,24.91449389166443,0],[121.5391625276921,24.914476374854722,0],[121.5391697874923,24.91445838018054,0],[121.53917572486193,24.91443998662011,0],[121.53918031374262,24.914421274902324,0],[121.53918353399449,24.91440232715243,0],[121.53918537148456,24.91438322653157,0],[121.53918581814884,24.914364056871793,0],[121.5391763615932,24.914192512560003,0],[121.5397316447949,24.914269530448895,0],[121.5397316447949,24.914269530448895,0],[121.53971419202921,24.91431817977267,0],[121.53970026234347,24.91436776515443,0],[121.53968991528222,24.914418074649152,0],[121.53968319507685,24.914468893216473,0],[121.53968013045636,24.9145200036398,0],[121.53968073452452,24.914571187454786,0],[121.53968500470394,24.914622225883104,0],[121.53968500470394,24.914622225883104,0],[121.53968596282431,24.914641703300383,0],[121.53968812894071,24.914661099974683,0],[121.53969149610089,24.914680353646684,0],[121.53969605349751,24.914699402516014,0],[121.53970178650279,24.914718185439664,0],[121.53971490126341,24.914852288893695,0],[121.53977231095486,24.915090096535227,0],[121.53983416387663,24.915299224817126,0],[121.53983416387663,24.915299224817126,0],[121.53985638727478,24.915376192830667,0],[121.53988315782512,24.91545194765936,0],[121.53988315782512,24.91545194765936,0],[121.5399273612425,24.91555326651787,0],[121.53997830694904,24.91565191732136,0],[121.54003580247817,24.915747527349065,0],[121.5400996306154,24.915839735368024,0],[121.54016955021882,24.915928192997953,0],[121.54024529713001,24.916012566027607,0],[121.54032658517215,24.916092535677592,0],[121.54057222030875,24.91635175514205,0],[121.54072876598251,24.916516632732424,0],[121.54108820942749,24.916978936853845,0],[121.54136384814042,24.91746483112067,0],[121.54148620218028,24.917711376402433,0],[121.54162676485593,24.917976391825153,0],[121.54168337432705,24.918051642316485,0],[121.54174320364976,24.918123970659767,0],[121.54183940864435,24.91820191128755,0],[121.54183940864435,24.91820191128755,0],[121.54188695583042,24.91824111698262,0],[121.54193729161233,24.91827731214069,0],[121.54199018722743,24.918310332262944,0],[121.54204540227859,24.918340027280237,0],[121.54210268582686,24.918366262235253,0],[121.54216177753183,24.918388917895804,0],[121.54222240883499,24.918407891296777,0],[121.54228430418026,24.918423096208148,0],[121.54234718226645,24.918434463526822,0],[121.5424107573257,24.918441941590785,0],[121.54247474042242,24.918445496413884,0],[121.54247474042242,24.918445496413884,0],[121.54256348341198,24.918430540121868,0],[121.54265096434756,24.918410325131056,0],[121.54273680893729,24.91838493793271,0],[121.54282064989111,24.918354487147592,0],[121.54290212849241,24.91831910306123,0],[121.54298089613296,24.918278937066415,0],[121.54305661580436,24.918234161015413,0],[121.54312896354024,24.91818496648462,0],[121.54319762980217,24.918131563954834,0],[121.54357876095209,24.917833172221837,0],[121.54367002605343,24.91775267112527,0],[121.54367002605343,24.91775267112527,0],[121.54373940785436,24.917695415921923,0],[121.54380465180682,24.917634248717142,0],[121.54386549320708,24.917569417680767,0],[121.54392168521471,24.917501185847264,0],[121.54397299985413,24.917429830048473,0],[121.54428376470442,24.917000180993828,0],[121.54438088847368,24.91685761238388,0],[121.54445801356033,24.91676547144541,0],[121.5445805515272,24.916570965618853,0],[121.54472515677473,24.916334795124488,0],[121.54479975857139,24.91637917793835,0],[121.54568509176252,24.914678715316732,0],[121.54645356451857,24.913202279265278,0],[121.54654339382816,24.913033681657428,0],[121.54693004227265,24.912285951523373,0],[121.54718195592186,24.91177667749393,0],[121.54740181312634,24.911276913953493,0],[121.54755804743758,24.91106070055312,0],[121.54771197050911,24.910832849993263,0],[121.54801242014057,24.910462768693954,0],[121.54839400812467,24.910037291819698,0],[121.54843954726527,24.90997578370505,0],[121.54879059638408,24.909543337812604,0],[121.54893419793913,24.909382763152166,0],[121.54923083744094,24.9090193355483,0],[121.54949952117042,24.908702692829966,0],[121.54962494367201,24.90854429017678,0],[121.55003243297442,24.90815080743971,0],[121.55035114413703,24.907878635246934,0],[121.5507999014724,24.907510472045328,0],[121.55136228343726,24.907127740925024,0],[121.55169799268675,24.906928867124314,0],[121.55238132380448,24.90652489198899,0],[121.55265211636905,24.906409138331128,0],[121.55304446746037,24.90619782280667,0],[121.55336615095584,24.90601224537613,0],[121.55347533065397,24.905894122129084,0],[121.55363785460904,24.905689850817268,0],[121.5538268042663,24.905348148911642,0],[121.55395742466322,24.90509208645571,0],[121.5541494733568,24.90472270401539,0],[121.5542019837882,24.9046005642877,0],[121.55436169679713,24.904345109525707,0],[121.55441663665545,24.904245631092856,0],[121.55466497932987,24.903874975216677,0],[121.55478347798964,24.903686342236675,0],[121.55499112809072,24.90331209269834,0],[121.55512134377712,24.903137836138733,0],[121.5552582746722,24.902951146112617,0],[121.55557866652406,24.902626030406037,0],[121.55580575031267,24.90241631515043,0],[121.55608730393482,24.90222901835058,0],[121.55622563661777,24.902136451146486,0],[121.55648624818114,24.90191922462659,0],[121.55693629083049,24.901611280950764,0],[121.55765685431997,24.90111121253928,0],[121.55802420424916,24.900850001445686,0],[121.55837016869037,24.900622279538247,0],[121.55860031854787,24.90028927771458,0],[121.55860031854787,24.90028927771458,0],[121.55862610270523,24.900249803155837,0],[121.55864893870246,24.900208846088628,0],[121.55866872456618,24.900166589410755,0],[121.55868537194392,24.900123221823367,0],[121.55869880649865,24.900078936988283,0],[121.5587089682408,24.900033932663153,0],[121.55871581179579,24.89998840981836,0],[121.55871930660699,24.899942571739565,0],[121.55871943707172,24.899896623119904,0],[121.55871620261114,24.8998507691459,0],[121.55870961767266,24.899805214581228,0],[121.55869971166531,24.899760162852306,0],[121.55868652882843,24.89971581513989,0],[121.55867012803407,24.899672369480722,0],[121.55865058252394,24.899630019883173,0],[121.55862797958233,24.89958895546093,0],[121.55860242014637,24.899549359588487,0],[121.55857401835516,24.899511409082333,0],[121.55854290104006,24.89947527341138,0],[121.55838380498662,24.899312578222233,0],[121.55810126716493,24.899079461939166,0],[121.55772871754033,24.898839679256113,0],[121.55742315057368,24.89869398731379,0],[121.55700002732706,24.89851974239136,0],[121.55635898583162,24.898393401675992,0],[121.55571015180037,24.898342921226945,0],[121.55556631873921,24.89834894625266,0],[121.5552166031072,24.89835443412211,0],[121.55482970189891,24.898373443611273,0],[121.55465946732122,24.89839010598548,0],[121.55415246056324,24.89844359873234,0],[121.55408194912243,24.89846030446689,0],[121.55408194912243,24.898460304466887,0],[121.55401925738947,24.89848628325599,0],[121.55395849821926,24.89851583609812,0],[121.55389991623474,24.8985488440111,0],[121.5538584807519,24.898577261907793,0],[121.55383169453224,24.898594942562294,0],[121.55383169453224,24.898594942562294,0],[121.55380919477345,24.898613045341182,0],[121.55378748567477,24.8986319342002,0],[121.55378748567477,24.8986319342002,0],[121.55376044107103,24.898657591071675,0],[121.55373502794515,24.898684599810743,0],[121.55371132738507,24.898712874239365,0],[121.55368941501453,24.898742324140922,0],[121.55352407296405,24.899263124948543,0],[121.55337283737762,24.899745291841217,0],[121.55347259378215,24.89978500087934,0],[121.55341409090512,24.900001903192905,0],[121.55333802507717,24.900210395366166,0],[121.55333802507717,24.900210395366166,0],[121.55332186797874,24.90026610472347,0],[121.55330171265945,24.900320719346045,0],[121.55327764710266,24.900374000812395,0],[121.55324977636228,24.900425716520672,0],[121.55321822210426,24.900475640704084,0],[121.55318312207571,24.900523555416537,0],[121.55314462950331,24.90056925148413,0],[121.55310291242475,24.900612529418297,0],[121.55305815295492,24.900653200286786,0],[121.5530105464911,24.900691086538394,0],[121.55296030085987,24.900726022778237,0],[121.55290763540978,24.900757856489694,0],[121.55285278005391,24.900786448700345,0],[121.55279597426602,24.900811674588702,0],[121.55279597426602,24.9008116745887,0],[121.55274511178646,24.900835866643792,0],[121.55269258490348,24.900856892995247,0],[121.55263863014835,24.900874658959918,0],[121.55258349048263,24.90088908453637,0],[121.55252741420381,24.900900104765103,0],[121.5524706538273,24.900907670021166,0],[121.55241346494923,24.900911746237554,0],[121.55235610509546,24.90091231505869,0],[121.55229883256172,24.90090937392304,0],[121.55224190525065,24.90090293607467,0],[121.55218557951015,24.90089303050362,0],[121.55213010897916,24.900879701815306,0],[121.55207574344524,24.90086301002972,0],[121.55199412504996,24.9008351471494,0],[121.5519101251864,24.900794155168473,0],[121.55172024259554,24.90068817206131,0],[121.55130219260417,24.90045855702143,0],[121.55099185199462,24.900257014451558,0],[121.55062803835452,24.900021591380927,0],[121.55054026937597,24.899965749040206,0],[121.55048652914286,24.89992640300823,0],[121.5503159096271,24.899800480898342,0],[121.55036672208783,24.899746723939426,0],[121.5502279090418,24.899642810206995,0],[121.54993394731545,24.89943523594668,0],[121.54969286098078,24.899269670844642,0],[121.5495523565852,24.899184693027376,0],[121.54931256977522,24.899060758611085,0],[121.54926659648483,24.89903837823835,0],[121.54898302660933,24.898920575963302,0],[121.54878487141374,24.898852256494266,0],[121.54836020682366,24.89873905553977,0],[121.54813879080058,24.898675782713035,0],[121.5473621112542,24.89848331348519,0],[121.5467537306268,24.89830289477333,0],[121.54646530271096,24.898187288202465,0],[121.54585397246508,24.897901117068432,0],[121.54565806761839,24.897804000080068,0],[121.54548455413453,24.897701303982917,0],[121.54548455413453,24.897701303982917,0],[121.54538311452316,24.897635000204218,0],[121.54528688114439,24.897562527262043,0],[121.54519630414505,24.89748422416658,0],[121.54511180721046,24.89740045719943,0],[121.54503378558258,24.897311618200092,0],[121.54496260421126,24.897218122732834,0],[121.54489859604725,24.897120408142747,0],[121.54484206048484,24.897018931509734,0],[121.54479326196177,24.89691416751036,0],[121.54479326196177,24.89691416751036,0],[121.54469817055627,24.896701940612406,0],[121.5446185830642,24.896484470484104,0],[121.54455484380966,24.89626269820241,0],[121.54450722853059,24.896037583456458,0],[121.54447594318665,24.89581010039433,0],[121.54446112306971,24.895581233407373,0],[121.54446283221972,24.895351972870305,0],[121.5444810631493,24.895123310855436,0],[121.54448106314933,24.895123310855436,0],[121.54452661787674,24.89490994551749,0],[121.54458677973994,24.894699612318608,0],[121.54466131094497,24.89449314235725,0],[121.54474991692376,24.894291351462805,0],[121.54485224749918,24.8940950369722,0],[121.54496789826955,24.89390497457969,0],[121.54496789826955,24.89390497457969,0],[121.54511309561074,24.8937035134024,0],[121.5452729684516,24.8935115191439,0],[121.54544677739574,24.893329879678383,0],[121.54563371861018,24.89315943499054,0],[121.54563371861018,24.89315943499054,0],[121.54604211871117,24.89278666464944,0],[121.54647164559752,24.892434203830728,0],[121.54647164559752,24.892434203830728,0],[121.54667442591452,24.89228410555694,0],[121.54688699479811,24.892145733467615,0],[121.5471085384406,24.89201961729109,0],[121.54733820868421,24.89190623983474,0],[121.54737145706548,24.891892637519643,0],[121.54843978529493,24.89156048094243,0],[121.54910412206792,24.89142345281985,0],[121.54910412206792,24.89142345281985,0],[121.54917361021678,24.891408205627133,0],[121.54924184201101,24.891388803779336,0],[121.54930851923544,24.891365332074855,0],[121.54937335046974,24.891337893099827,0],[121.5494360523623,24.891306606779775,0],[121.54949635086865,24.891271609855423,0],[121.54955398244931,24.891233055284975,0],[121.54969955504191,24.891119560699035,0],[121.54997460052407,24.8908682768098,0],[121.54997460052407,24.8908682768098,0],[121.55006608227711,24.890759478942705,0],[121.55014943246877,24.890645374656735,0],[121.55022428237767,24.89052646875373,0],[121.55029030089092,24.890403287276573,0],[121.55034719596857,24.89027637518178,0],[121.55039471593535,24.89014629392845,0],[121.55043265059345,24.89001361899425,0],[121.55043265059345,24.89001361899425,0],[121.55057896802155,24.889583375012318,0],[121.55070782976689,24.889148511418703,0],[121.55079268614487,24.88851992781632,0],[121.55082405194067,24.88832170509186,0],[121.55080573884132,24.887845588313603,0],[121.550775485794,24.887553630422882,0],[121.550775485794,24.887553630422882,0],[121.55073116122584,24.88742270899773,0],[121.55067839950043,24.887294416917367,0],[121.55061738651968,24.887169206147213,0],[121.55054833725244,24.887047517796066,0],[121.55047149497658,24.886929780562312,0],[121.55038713042188,24.886816409223698,0],[121.55038713042188,24.886816409223698,0],[121.55023963254358,24.886685964393312,0],[121.55008323275823,24.88656445359959,0],[121.54991858020887,24.88645238115948,0],[121.54974635828509,24.886350212215973,0],[121.54974635828509,24.886350212215973,0],[121.5496196535753,24.88629201613359,0],[121.54948881765019,24.88624200120915,0],[121.54935448443574,24.88620040977384,0],[121.54921730480083,24.886167443345403,0],[121.54907794340403,24.88614326165195,0],[121.54907794340403,24.88614326165195,0],[121.54861147021583,24.886069714786245,0],[121.5481405592312,24.88602558250756,0],[121.5481405592312,24.88602558250756,0],[121.54724976315602,24.88602131125937,0],[121.54669336928906,24.886063223615263,0],[121.54642707431228,24.88609843604198,0],[121.54642707431228,24.88609843604198,0],[121.5462528139124,24.886126610771584,0],[121.54608109392964,24.886165664098247,0],[121.54591272952524,24.886215410635632,0],[121.54574851993418,24.886275614236148,0],[121.54552772298315,24.88637658671731,0],[121.54475443831953,24.886822854502206,0],[121.54475443831953,24.886822854502206,0],[121.54447869186794,24.887003379957665,0],[121.54421453375711,24.88719779050638,0],[121.54396280326574,24.88740546851331,0],[121.54348287510695,24.887791187183492,0],[121.54348287510695,24.887791187183492,0],[121.54340491308615,24.88785956036363,0],[121.54332234929917,24.88792328057539,0],[121.54323551688934,24.88798209070351,0],[121.54314476622564,24.888035753444846,0],[121.54305046348902,24.888084052266024,0],[121.54295298919476,24.88812679227724,0],[121.54285273665687,24.888163801018703,0],[121.54285273665687,24.888163801018703,0],[121.54279617914091,24.888177287610286,0],[121.54273877805882,24.88818738233481,0],[121.54268077761876,24.88819404224499,0],[121.54262242457902,24.888197239006704,0],[121.54256396719806,24.88819695901948,0],[121.5425056541783,24.888193203474426,0],[121.542447733608,24.88818598834912,0],[121.5423904519056,24.888175344339682,0],[121.54233405277147,24.88816131673009,0],[121.54227877615094,24.88814396519963,0],[121.54227877615094,24.88814396519963,0],[121.54190578613346,24.888077645877843,0],[121.54153759968986,24.887991852902733,0],[121.54117543775118,24.887886870768433,0],[121.5408205012626,24.887763047601386,0],[121.5408205012626,24.887763047601386,0],[121.54074384156002,24.887724024441457,0],[121.54067010247559,24.887680570028213,0],[121.54059959142175,24.88763286552132,0],[121.54053260235244,24.887581109798727,0],[121.54046941453761,24.887525518627534,0],[121.54046941453761,24.887525518627534,0],[121.54042737400721,24.88749680733317,0],[121.5403833060875,24.887470748118403,0],[121.5403374115127,24.887447459685138,0],[121.54028989933704,24.88742704811411,0],[121.54024098598289,24.88740960638165,0],[121.5401908942547,24.887395213936234,0],[121.54013985232429,24.887383936336573,0],[121.5400880926915,24.887375824953022,0],[121.5400358511252,24.887370916733577,0],[121.5400358511252,24.887370916733573,0],[121.5395078185532,24.887483092415764,0],[121.5395078185532,24.887483092415764,0],[121.53943136211522,24.887496979593106,0],[121.53935406669464,24.88750622754138,0],[121.53927627023546,24.8875107958274,0],[121.53919831287251,24.887510664477965,0],[121.53912053544411,24.887505834067206,0],[121.53904327800193,24.88749632571406,0],[121.53896687832395,24.88748218098995,0],[121.53889167043774,24.887463461737,0],[121.53881798315979,24.887440249797645,0],[121.53874613865783,24.88741264665681,0],[121.53874613865783,24.887412646656816,0],[121.53870430828994,24.88738803662875,0],[121.53866434894218,24.88736096299463,0],[121.53862643471489,24.887331543713344,0],[121.5385907307976,24.887299906963587,0],[121.53855739274913,24.887266190585418,0],[121.53852656582006,24.887230541479617,0],[121.53849838431972,24.887193114967676,0],[121.53847297103111,24.887154074115035,0],[121.53845043667593,24.887113589020565,0],[121.53843087943227,24.887071836075467,0],[121.53841438450678,24.88702899719473,0],[121.53840102376364,24.886985259024495,0],[121.5383908554113,24.886940812128877,0],[121.53838392374907,24.886895850159647,0],[121.53838025897414,24.88685056901251,0],[121.53837987705009,24.886805165973588,0],[121.53838277963729,24.886759838859867,0],[121.53838895408586,24.886714785157334,0],[121.53838895408586,24.886714785157334,0],[121.53839380263585,24.886604433008493,0],[121.53840654857795,24.886494605955118,0],[121.53842713737365,24.886385773755315,0],[121.53845548093912,24.88627840191078,0],[121.5384914580224,24.88617294967568,0],[121.53853491472226,24.88606986809246,0],[121.53858566514685,24.88596959806262,0],[121.538643492209,24.88587256846099,0],[121.538643492209,24.88587256846099,0],[121.53878837882776,24.88565259185183,0],[121.53894803438432,24.88544129307822,0],[121.53912183624828,24.885239496072067,0],[121.53930910663738,24.885047987710323,0],[121.53930910663738,24.885047987710323,0],[121.53949962971174,24.88485744534666,0],[121.5397042583403,24.884679489185036,0],[121.5397042583403,24.884679489185036,0],[121.53974628361821,24.884648761017587,0],[121.53985251828433,24.88460057153485,0],[121.54057586305855,24.884379761032367,0],[121.54074349879814,24.884279756727196,0],[121.54074349879814,24.884279756727196,0],[121.54082937399167,24.884233913626634,0],[121.54091155024487,24.884182739178577,0],[121.54098963046007,24.884126480674798,0],[121.54106323733457,24.884065409974486,0],[121.54113201518379,24.883999822190486,0],[121.54119563166013,24.88393003426309,0],[121.54119563166013,24.88393003426309,0],[121.54122591933947,24.883885067298227,0],[121.54125273413422,24.883838301488964,0],[121.54127594828077,24.88378995966596,0],[121.54129545117229,24.883740272169028,0],[121.54131114988579,24.883689475749602,0],[121.54132296962467,24.883637812442593,0],[121.5413308540752,24.883585528413178,0],[121.5413347656746,24.883532872783857,0],[121.54133468579,24.883480096447357,0],[121.54133061480711,24.883427450871302,0],[121.54132257212831,24.88337518689991,0],[121.54123257919947,24.88306290098185,0],[121.54115647915984,24.882795592786064,0],[121.54111948125603,24.8826190583096,0],[121.54107343903631,24.882324825973082,0],[121.54097214356194,24.88172440302434,0],[121.54095377139036,24.881527057468638,0],[121.54095377139036,24.881527057468638,0],[121.5409260733387,24.881244801164872,0],[121.54091824094138,24.880961506309248,0],[121.54093030619644,24.880678335168447,0],[121.54096221946857,24.88039644949383,0],[121.54103775687558,24.879747153722334,0],[121.54113570820513,24.879222526762696,0],[121.54140296169335,24.878107345634877,0],[121.54155664646277,24.87763164638959,0],[121.54168740503184,24.87725541877798,0],[121.54179066571415,24.876956021624405,0],[121.54213948542558,24.876049570074724,0],[121.54232227098305,24.87559834672124,0],[121.54232227098305,24.87559834672124,0],[121.54261291265281,24.875118135418404,0],[121.54261291265281,24.875118135418404,0],[121.5426758390238,24.875045107792694,0],[121.54274378843279,24.874975927340362,0],[121.54281647895573,24.874910881084688,0],[121.54289360899955,24.87485023889609,0],[121.54297485855349,24.874794252372535,0],[121.54305989051674,24.874743153795805,0],[121.54314835209718,24.874697155167816,0],[121.54323987627475,24.87465644733114,0],[121.5433340833244,24.874621199177316,0],[121.54343058239117,24.874591556946175,0],[121.54352897311183,24.874567643619198,0],[121.54362884727571,24.87454955840933,0],[121.54399131116524,24.8745063486657,0],[121.54429866079255,24.87448460003576,0],[121.54446605803899,24.87448821391953,0],[121.54460957476051,24.87450020637029,0],[121.54486442391519,24.874538024292068,0],[121.54516639161072,24.874588947850597,0],[121.54516639161072,24.874588947850597,0],[121.54524099055959,24.87459801763159,0],[121.54531609807508,24.87460236497262,0],[121.54539135536793,24.87460196910654,0],[121.54546640293333,24.87459683192456,0],[121.54554088226851,24.87458697796718,0],[121.54561443758523,24.874572454306957,0],[121.54568671750971,24.87455333032362,0],[121.54575737676117,24.87452969737262,0],[121.54582607780128,24.8745016683487,0],[121.5458924924468,24.874469377146532,0],[121.54595630343726,24.874432978021087,0],[121.54595630343726,24.874432978021087,0],[121.5459905452388,24.874400310684983,0],[121.5460223853445,24.874365680699487,0],[121.54605168890535,24.874329234731576,0],[121.54607833181561,24.874291127139237,0],[121.5461022012383,24.874251519317745,0],[121.54612319608324,24.87421057901604,0],[121.54614122743509,24.874168479626277,0],[121.54615621892975,24.87412539944946,0],[121.54616810707799,24.87408152094026,0],[121.54617684153402,24.8740370299343,0],[121.5461823853089,24.87399211486104,0],[121.54618471492697,24.87394696594578,0],[121.54617029115471,24.87370826834034,0],[121.54614787552968,24.873533951869312,0],[121.54609241676268,24.873258509264275,0],[121.54601852113308,24.87298387201154,0],[121.54585216151575,24.87247213289706,0],[121.54585216151575,24.87247213289706,0],[121.5458254457656,24.872402512678242,0],[121.54580344055442,24.8723315339608,0],[121.54578622802485,24.87225946172522,0],[121.5457738724269,24.872186565033928,0],[121.5457664198783,24.872113116026732,0],[121.54576389819235,24.87203938890492,0],[121.54576631677423,24.871965658907545,0],[121.54577366658614,24.87189220128393,0],[121.54587155424242,24.871496433538173,0],[121.54589443467185,24.871398026575157,0],[121.54614526564835,24.87065489650728,0],[121.54624853243047,24.870345365185344,0],[121.54628917742592,24.87023155602084,0],[121.54646422485092,24.869837891814566,0],[121.54666262968662,24.869384392540802,0],[121.54688995806033,24.86910825323068,0],[121.54720411614993,24.86875780150602,0],[121.54744508021885,24.86856627513084,0],[121.54751900068784,24.86850035871196,0],[121.54811527243328,24.86815007345822,0],[121.54829580214405,24.86805420452813,0],[121.54846187664369,24.86797355909364,0],[121.54864429148785,24.867890698712525,0],[121.54889626861673,24.867793174770473,0],[121.54899988992972,24.867747424791474,0],[121.54912666994944,24.867690949999414,0],[121.54933757803805,24.867584120752305,0],[121.54945001832313,24.867526363451816,0],[121.54958862370404,24.86744349957114,0],[121.54958862370404,24.86744349957114,0],[121.54968804640285,24.867380617453517,0],[121.54978253303895,24.86731169134675,0],[121.54987164297866,24.86723704269076,0],[121.54995496066498,24.86715701961215,0],[121.5500320975555,24.867071995300613,0],[121.5500320975555,24.867071995300613,0],[121.55005549847151,24.867034560761294,0],[121.55007602103433,24.86699574615944,0],[121.55009356799712,24.866955735424465,0],[121.55010805621374,24.866914718153698,0],[121.55011941703256,24.86687288871387,0],[121.55012759662176,24.866830445320144,0],[121.55013255622453,24.866787589096774,0],[121.55013427234236,24.86674452312406,0],[121.55013273684659,24.866701451476022,0],[121.55012795701673,24.866658578253375,0],[121.55011995550596,24.866616106616352,0],[121.55010877023368,24.86657423782203,0],[121.55009445420576,24.86653317027062,0],[121.55007554140309,24.86646302396588,0],[121.55006122913538,24.866406487461763,0],[121.5500420454509,24.866344898739758,0],[121.55003985863277,24.866337042871045,0],[121.55001130666886,24.866199382480563,0],[121.55001130666886,24.866199382480563,0],[121.5499856077813,24.86606430164995,0],[121.54996905346823,24.865928035599296,0],[121.54996170623667,24.86579109909921,0],[121.54996359381165,24.865654009451394,0],[121.54997650472963,24.865428324534353,0],[121.54998841234418,24.86518606784992,0],[121.55002502384197,24.864851691960425,0],[121.55005442135844,24.864611298557662,0],[121.55008110063409,24.86423837123116,0],[121.55011260897781,24.86379386501714,0],[121.55013626120883,24.86352331052329,0],[121.55015095151374,24.863408610143168,0],[121.55019024072011,24.86323055165381,0],[121.55024886530087,24.863057346097747,0],[121.55036159568313,24.862852925798485,0],[121.55051475457944,24.862587643227844,0],[121.55057119798657,24.862513830135104,0],[121.55062440313434,24.8624455732784,0],[121.5507028677842,24.86234491084972,0],[121.55087870526323,24.862112960696056,0],[121.55103454505004,24.861884337817724,0]]}},{"type":"Feature","properties":{"Layer":"PL_USE","SubClasses":"AcDbEntity:AcDbPolyline","EntityHandle":"B7E"},"geometry":{"type":"LineString","coordinates":[[121.55153586434663,24.86244321320412],[121.55153121677478,24.86248691726987],[121.55149214760203,24.86260158385286],[121.55147209646226,24.86270780718221],[121.55143231991883,24.862812645127853],[121.55141716867337,24.862835318737748],[121.55139303837574,24.862869940979536],[121.55135671504405,24.862922050858433],[121.55133125731261,24.862958591976064],[121.5512884048109,24.86302007924297],[121.5512831539359,24.863027610131955],[121.55124590622258,24.863081050570635],[121.55124447060969,24.863083114298075],[121.55116557970997,24.863196304039903],[121.5511497189794,24.86321907773011],[121.55111060660214,24.863275333854073],[121.55107615745277,24.863324618856304],[121.5510329717864,24.863451652547603],[121.55098248900134,24.86360012822501],[121.55099326339008,24.863619770119552],[121.55106353658464,24.863747910998832],[121.55107319368557,24.863765525647135],[121.5511171593734,24.863845688010084],[121.5511390373951,24.863885557399385],[121.55119313922324,24.863984217365196],[121.5512174516338,24.864028546735792],[121.55121897797274,24.86403132181143],[121.55124296123675,24.864075065572294],[121.55137281396847,24.864311822244854],[121.55156557134177,24.864240067029144],[121.55158879853111,24.864231575907386],[121.55164781976143,24.864208671481727],[121.55181950238048,24.864533595233542],[121.55185770051769,24.86460950827788],[121.55188298816213,24.864659763604358],[121.55183180955314,24.86469339536324],[121.5518077603572,24.864708444060128],[121.55179969788793,24.864713484531173],[121.5517592573296,24.864738786709747],[121.55143190386438,24.864986221466914],[121.55143190386438,24.864986221466914],[121.55139215758254,24.865029586413666],[121.55135569613074,24.865075290704958],[121.5513226844365,24.865123127609493],[121.55129327182371,24.86517288074942],[121.55126759133739,24.865224325079012],[121.55124575914154,24.865277227902588],[121.55122787399382,24.86533134992703],[121.55121401679871,24.86538644634413],[121.55120014360251,24.865500826084222],[121.55117427770433,24.86571408101369],[121.55114421199076,24.866095082032064],[121.5511402447104,24.866709082410235],[121.55114006547927,24.866736479869243],[121.55103623286642,24.866736830915265],[121.55103600704773,24.866777413850595],[121.55103596830948,24.866811089449104],[121.55103525277546,24.867136326561887],[121.55103525277546,24.867136326561887],[121.55103098334155,24.867197511990497],[121.5510222616221,24.867258302735948],[121.55100912625521,24.867318429443365],[121.55099163543551,24.867377625699778],[121.5509698666563,24.867435629214512],[121.55094391636626,24.867492182981408],[121.55091389954234,24.867547036417626],[121.55087994918027,24.867599946473938],[121.55084221570544,24.8676506787117],[121.5508008663063,24.867699008341656],[121.5508008663063,24.867699008341656],[121.55061474238002,24.867858616561026],[121.55041900814456,24.868008351159226],[121.55024465711593,24.86813015615578],[121.55014765522988,24.86817333109986],[121.55000980081441,24.868218177565176],[121.5497749608411,24.868277383206305],[121.54946559059469,24.868363721495538],[121.54901940399462,24.868591579834423],[121.54843119527871,24.868899412142593],[121.5478339111002,24.869238801647246],[121.5478339111002,24.869238801647246],[121.54776688312474,24.86927308302331],[121.54770252045817,24.86931138031197],[121.5476411117492,24.86935352176216],[121.5475829323997,24.86939931838278],[121.54752824332984,24.86944856479021],[121.54747728980779,24.869501040129343],[121.54747728980779,24.869501040129343],[121.54742078596135,24.869562494092847],[121.54736837380955,24.869626895211795],[121.54732023762882,24.869694017065648],[121.54727654666307,24.86976362366797],[121.54722061344556,24.869996234247104],[121.54714433558219,24.870206382442912],[121.54698864668855,24.870611356898984],[121.54685894498546,24.870923458738012],[121.54684519717921,24.871030825180874],[121.54684285642956,24.87115783444455],[121.54683941571805,24.871235029734667],[121.5469235469714,24.87122893449121],[121.54693590148969,24.87131528076473],[121.54694913000036,24.87143069465025],[121.5469712315983,24.871632584539263],[121.54702392480787,24.87168967625435],[121.54710903824204,24.871744955162264],[121.54712751923877,24.871788412003177],[121.54714984445414,24.871967364138666],[121.54722396761491,24.87268277564346],[121.54699680067186,24.872663810422335],[121.5470773491522,24.87333397287449],[121.54707353623323,24.873589269316447],[121.54707353623323,24.873589269316447],[121.54706784056346,24.87369598563327],[121.54705493294303,24.873802177508274],[121.54703486260944,24.873907439709203],[121.54700770613393,24.874011370550424],[121.54697356712947,24.87411357342584],[121.54693257585569,24.87421365832244],[121.54688488872198,24.874311243308583],[121.54683068769086,24.8744059559916],[121.54683068769086,24.8744059559916],[121.5467780149126,24.87449674417935],[121.54671930592755,24.87458439675627],[121.54665478414695,24.874668580150328],[121.5465846951047,24.874748973991174],[121.5465846951047,24.874748973991174],[121.54652959712921,24.874810385831424],[121.54647030652168,24.87486845727494],[121.54640706604701,24.874922950542995],[121.54634013464423,24.8749736425077],[121.54626978636622,24.875020325605682],[121.5461963092577,24.875062808688032],[121.54612000417558,24.87510091780304],[121.54604118355721,24.87513449690851],[121.54593129306177,24.87516954279854],[121.54593129306177,24.87516954279854],[121.54571775180558,24.875197382411713],[121.54550265310522,24.875212197489503],[121.5452869504802,24.87521392235646],[121.54507160012803,24.875202549365184],[121.54485755668433,24.875178128930287],[121.54464576899035,24.875140769304863],[121.54444571209278,24.87509891622729],[121.54427154863862,24.875055274294965],[121.54425405747239,24.875051647256868],[121.54425405747239,24.875051647256864],[121.544214471161,24.875046717710454],[121.54417461560159,24.87504416828139],[121.54413466256118,24.87504400995707],[121.54409478422683,24.875046243419874],[121.54405515246366,24.87505085904421],[121.54405515246366,24.875050859044215],[121.54401533501174,24.875057320865587],[121.5439760730568,24.875066170344304],[121.54393753844315,24.87507736874747],[121.54389989983181,24.875090867061193],[121.54386332196226,24.875106606205208],[121.5438279649314,24.875124517291393],[121.54379398349293,24.87514452192528],[121.54376152637995,24.875166532549176],[121.54373073565397,24.875190452825375],[121.5437017460832,24.87521617805782],[121.54367468455264,24.87524359565029],[121.54364966950877,24.87527258559923],[121.54362681044098,24.87530302101899],[121.5434719354249,24.87556865196098],[121.54338940255363,24.87573250750765],[121.5431159727153,24.87629375473141],[121.54288356076265,24.87694448205021],[121.54282816433133,24.877080815829018],[121.54265655398679,24.877607114177252],[121.5424854070491,24.878035067617134],[121.54232623884417,24.878366926514023],[121.54211281909438,24.8788516455333],[121.54198059217933,24.879154391089635],[121.5418979119542,24.879467397723197],[121.54183364253392,24.87976039820863],[121.54178277890122,24.880169511321377],[121.54170642908954,24.880641426090076],[121.54170642908954,24.880641426090076],[121.54169887614054,24.880826096899344],[121.54170325337326,24.881010853045026],[121.54171954565919,24.881195053736338],[121.54178330906382,24.881482426707187],[121.54184429817833,24.88175767572009],[121.54189821018873,24.88201002762602],[121.54195259700238,24.88226453553207],[121.54198932423218,24.882516037917647],[121.5420033039981,24.882619234365386],[121.54202159921721,24.882754239763937],[121.54202159921721,24.882754239763937],[121.54204271116684,24.882945519812626],[121.5420511135521,24.88313761403982],[121.5420467756052,24.883329820384056],[121.54202971312138,24.883521436370888],[121.54191773158436,24.883834581438986],[121.54179803724865,24.884104041733455],[121.54170262421789,24.88429940386022],[121.5414957325317,24.884574643145548],[121.5414957325317,24.884574643145548],[121.54146678238716,24.884599983784284],[121.54143615312313,24.88462362496516],[121.54140396442179,24.884645474310748],[121.54137034205908,24.884665446445172],[121.54133541741311,24.884683463327686],[121.54129932695079,24.88469945455757],[121.54126221169464,24.88471335764932],[121.54122421667172,24.884725118276766],[121.54118549034688,24.88473469048537],[121.54118549034688,24.88473469048537],[121.54109825256735,24.884751918810124],[121.54101004402831,24.884764372693795],[121.54092117847505,24.88477200783949],[121.54083197199,24.884774797089907],[121.54058307128963,24.88477327586592],[121.54049996827816,24.884795398436044],[121.54042346053932,24.88481576525337],[121.54035089778846,24.88487741893392],[121.54030706446554,24.88491499024394],[121.54006935581836,24.88514727367934],[121.53970155214202,24.88544827343994],[121.53951637000483,24.885633261072304],[121.53931468908077,24.88586522537881],[121.53915723362724,24.886150978928683],[121.53915723362724,24.886150978928683],[121.53914676389377,24.8861781555556],[121.53913833430983,24.886205916164663],[121.53913198352386,24.886234133481846],[121.5391277406538,24.886262678139154],[121.53912562515339,24.886291419267764],[121.53912564672305,24.886320225098],[121.53912780526538,24.886348963563442],[121.53913209088557,24.886377502906438],[121.53913848393671,24.886405712282162],[121.53914695510984,24.88643346235851],[121.5391574655684,24.886460625909066],[121.53916996712607,24.886487078396378],[121.53918440246785,24.886512698542955],[121.53920070541272,24.88653736888729],[121.53921880121705,24.886560976322396],[121.53923860691735,24.886583412614403],[121.53926003171046,24.886604574898744],[121.53928297737004,24.886624366151814],[121.53930733869676,24.886642695635793],[121.53933300400071,24.886659479314645],[121.53935985561336,24.886674640239452],[121.5393877704272,24.88668810890119],[121.53941662045999,24.8866998235494],[121.53944627344174,24.88670973047533],[121.53944627344174,24.886709730475324],[121.53948249346072,24.886720997890723],[121.53951941998388,24.886730160609037],[121.53955690618433,24.886737182197546],[121.53959480300972,24.886742034737118],[121.5396329597749,24.88674469893312],[121.53967122476116,24.886745164192238],[121.53970944581944,24.886743428664527],[121.53974747097533,24.88673949925085],[121.54025117230766,24.88670609362931],[121.54025117230766,24.88670609362931],[121.54031472743976,24.88671664909284],[121.54037740571839,24.886730915049203],[121.54043894707705,24.886748832305653],[121.54049909616631,24.886770326519358],[121.54055760341329,24.886795308505842],[121.54061422605699,24.886823674609012],[121.54066872915567,24.88685530713125],[121.54086356189144,24.886962010055015],[121.54108243168781,24.887132300310284],[121.54143584499737,24.887332733257928],[121.54143584499737,24.887332733257928],[121.54151943355747,24.887376229268707],[121.54160606710677,24.88741444752235],[121.54169534573408,24.88744721159785],[121.54178685731723,24.887474370251397],[121.54188017942535,24.88749579811459],[121.54197488126928,24.887511396273208],[121.54197488126928,24.887511396273208],[121.5420320439001,24.887521478244906],[121.5420898360311,24.88752791533456],[121.54214797868333,24.887530676468575],[121.54220619118557,24.887529748318286],[121.54226419252953,24.88752513536421],[121.5423217027262,24.88751685987447],[121.54237844415765,24.88750496179729],[121.54243414291732,24.88748949856812],[121.54248853013202,24.88747054483235],[121.54254134326021,24.887448192085024],[121.54254134326021,24.887448192085024],[121.5426025621191,24.887416405241364],[121.54266143438451,24.887381122420564],[121.54271772045261,24.887342487221282],[121.54277119124582,24.887300656885973],[121.54282162914515,24.88725580166086],[121.54339963975295,24.886753045543546],[121.54375254536032,24.886493994499922],[121.54430092642978,24.886155142459057],[121.54497432063502,24.88572543669279],[121.54538035227336,24.885474419399465],[121.54538035227336,24.885474419399465],[121.54548327979569,24.885428433117504],[121.54558901427376,24.885388092316003],[121.5456971839636,24.885353538824994],[121.54580740856058,24.88532489412736],[121.54591930053638,24.885302258931745],[121.5460324665013,24.885285712818547],[121.54623069073715,24.885262303569895],[121.54722994923344,24.88520244541498],[121.54758645719932,24.885188594765868],[121.54758645719932,24.885188594765868],[121.54784684491108,24.885167626463204],[121.54810802902108,24.885157929906175],[121.54836942347947,24.88515952685094],[121.54836942347947,24.88515952685094],[121.54861499760582,24.885175456264946],[121.54885930172567,24.885203231030466],[121.54910164967755,24.88524277313705],[121.54934136079254,24.885293971524003],[121.54934136079254,24.885293971524003],[121.54975519628964,24.88539171132156],[121.55016125665097,24.88551360316774],[121.55016125665097,24.885513603167738],[121.55028455562326,24.88555583615731],[121.55040450334587,24.885605453945704],[121.55040450334587,24.885605453945704],[121.55052128164625,24.885662491629986],[121.55063344099463,24.885726781481402],[121.55074044099418,24.885798013747657],[121.55074044099418,24.885798013747657],[121.55087438130239,24.885890524123827],[121.55100126661425,24.88599096964393],[121.55112053297326,24.886098903879205],[121.55123165028103,24.886213847116306],[121.55133412465358,24.886335288489143],[121.55142750061647,24.886462688249203],[121.55151136312942,24.886595480164196],[121.55151136312939,24.886595480164196],[121.55157125292659,24.88672156631802],[121.55162229542803,24.886850850297694],[121.5516642869034,24.88698281615095],[121.55169705974185,24.88711693722096],[121.5517204831214,24.88725267824807],[121.55173446353143,24.887389497505897],[121.5517389451464,24.887526848963176],[121.55173391004911,24.88766418446296],[121.5517193783027,24.88780095591016],[121.5517193783027,24.88780095591016],[121.55167684039286,24.888287888737313],[121.55160175532292,24.888771539739526],[121.55147878558842,24.88926673125898],[121.55131160126899,24.88976924991164],[121.55125916270148,24.889898605683406],[121.55109084886051,24.89031372245795],[121.55087158631284,24.890735559608803],[121.55072431484638,24.890944379785527],[121.55070429121243,24.890969484916337],[121.55056264208095,24.891138944049857],[121.5505404027964,24.89117494044651],[121.55046016947385,24.891288549895755],[121.55040656517232,24.891342736503887],[121.5503995169778,24.891351023178377],[121.55039231362899,24.89135919809618],[121.55038495725529,24.891367258840592],[121.55037745003138,24.891375203028765],[121.55036979417648,24.891383028312223],[121.55036199195376,24.89139073237765],[121.5503540456697,24.89139831294762],[121.55034595767334,24.891405767781126],[121.55033773035564,24.891413094674405],[121.55021224687127,24.89152970572395],[121.55020190048653,24.891539434030374],[121.55005251262354,24.89167989742684],[121.55005251262354,24.89167989742684],[121.54999375040951,24.891725874050767],[121.54993221123794,24.89176872154237],[121.54986809511544,24.89180830064234],[121.5498016104245,24.89184448271389],[121.5498016104245,24.89184448271389],[121.54963872189404,24.891913560837686],[121.54953332967077,24.89194503183572],[121.54934428915882,24.89199796820459],[121.54914942955305,24.89205029182269],[121.54891053095955,24.89211365170303],[121.54800822511692,24.8923196798324],[121.54779061691332,24.892379332603312],[121.54762102657058,24.8924350823034],[121.54726952546348,24.89258158005818],[121.54716761974677,24.892630403228488],[121.54692532781661,24.89275110235335],[121.54664259029825,24.89296762272684],[121.54614318928515,24.89345101826284],[121.54614318928515,24.89345101826284],[121.545995878089,24.893619626264332],[121.54586126262572,24.893796845133277],[121.54573994603766,24.893981880917462],[121.5456324718947,24.89417390464069],[121.54553932175821,24.894372056016213],[121.54546091302265,24.89457544730051],[121.54543448575282,24.894724320339492],[121.54541585668966,24.894881925129976],[121.54541585668966,24.894881925129976],[121.54539872699576,24.895096502333367],[121.54539676174052,24.895311640139184],[121.54540996913879,24.895526447881394],[121.54543829459035,24.89574003625589],[121.54548162090472,24.895951521002264],[121.54553976878489,24.896160026564818],[121.54561249756857,24.89636468971751],[121.54561249756854,24.89636468971751],[121.54566652057615,24.896487083858187],[121.54572876908563,24.896606183327812],[121.5457990030346,24.89672152877346],[121.54587695155958,24.896832675319818],[121.54596231404024,24.8969391942852],[121.54605476125892,24.897040674835036],[121.54615393666997,24.89713672556658],[121.54615393666997,24.89713672556658],[121.54626222546825,24.89722529305146],[121.54637682373664,24.89730698938215],[121.54649720841888,24.897381441667697],[121.5466228300445,24.89744831008095],[121.5467531152368,24.89750728940991],[121.54688746933016,24.897558110450912],[121.54688746933016,24.897558110450912],[121.54697388953554,24.897593041636508],[121.54706274076345,24.897622464808272],[121.54715360160677,24.897646240416602],[121.54724604112627,24.89766425569739],[121.54733962089466,24.89767642520692],[121.54764428465778,24.89771420539379],[121.54814940483526,24.897757360599023],[121.54849704991976,24.897826151063754],[121.54887543102183,24.89794942835062],[121.54937195715809,24.89818798591628],[121.54954408472621,24.898267415929816],[121.54975504179602,24.89838838858822],[121.54978217729982,24.898403374989755],[121.5499195332469,24.89848480014491],[121.55052406346485,24.89884621574899],[121.55110285002682,24.899191568818754],[121.55148759305447,24.899415335875954],[121.5516924630208,24.899502090896593],[121.55183056317072,24.89953106220311],[121.55183056317072,24.89953106220311],[121.55187001338305,24.899537308647094],[121.55190982703029,24.899541188577363],[121.55194983364805,24.89954268538183],[121.55198986194581,24.899541792651874],[121.55202974054015,24.89953851420982],[121.55206929868872,24.899532864092517],[121.55210836702116,24.899524866491305],[121.55214677826442,24.899514555648366],[121.55218436795889,24.89950197571016],[121.55222097516267,24.899487180538348],[121.55225644314054,24.899470233479246],[121.55225644314054,24.899470233479253],[121.55227919402748,24.89945897779924],[121.55230107066237,24.899446362457905],[121.55232197551288,24.899432443698235],[121.55234181537934,24.89941728357419],[121.55236050181013,24.899400949674103],[121.55237795149614,24.899383514819316],[121.55239408664215,24.8993650567395],[121.55240883531356,24.89934565772613],[121.55242213175723,24.89932540426562],[121.55243391669454,24.899304386653675],[121.55244413758567,24.89928269859278],[121.55245274886386,24.899260436774423],[121.55245971213849,24.899237700448005],[121.55246499636628,24.899214590978357],[121.5525576812669,24.898862376251856],[121.55263814603619,24.898535956367407],[121.55270252464389,24.89834388523965],[121.55276396076209,24.898159460861855],[121.55276396076209,24.898159460861855],[121.5527947275551,24.898097113437384],[121.55283015079289,24.898036857323955],[121.55287006064259,24.897978981401636],[121.55291426576231,24.89792376313899],[121.55296255421868,24.89787146726286],[121.55301469450288,24.897822344489274],[121.5530704366406,24.897776630321513],[121.55312951339059,24.897734543921167],[121.55319164152571,24.897696287057396],[121.55325652319088,24.89766204313977],[121.5532845495206,24.897652581599722],[121.5533530064935,24.897629486331375],[121.5533530064935,24.897629486331375],[121.55339701421603,24.897621670276315],[121.55344150386733,24.897616609641098],[121.55348626831427,24.89761432798676],[121.55540390629271,24.89761472787393],[121.55616258629257,24.897607084939448],[121.55631724438268,24.897605647607968],[121.55650991446522,24.897599035528383],[121.55650991446522,24.897599035528383],[121.5567567499036,24.897598745907345],[121.55700317015955,24.897611801689422],[121.5572483087025,24.897638156962802],[121.55771868348171,24.897753767261054],[121.55826302058712,24.89794072997288],[121.55826302058712,24.89794072997288],[121.55827580491953,24.897947126546846],[121.55842366892865,24.898025096648496],[121.55842366892865,24.898025096648496],[121.55865645243334,24.898164167761333],[121.55887851567459,24.898317129497872],[121.5590888639374,24.898483296703656],[121.55928655497007,24.898661925071018],[121.55947070320457,24.898852214472434],[121.55964048372368,24.899053312543796],[121.55979513595626,24.899264318501757],[121.55979513595626,24.899264318501757],[121.5598269781662,24.899319969386006],[121.55985450246261,24.899377504305654],[121.55987757570804,24.899436644971704],[121.55989608629366,24.89949710532799],[121.55990994467918,24.89955859293473],[121.55991908382622,24.899620810383045],[121.55992345952254,24.899683456733452],[121.55992305059611,24.899746228971456],[121.55991785901759,24.899808823473215],[121.55990790989105,24.899870937474134],[121.55989325133258,24.899932270533295],[121.5598739542377,24.899992525986725],[121.55985011193862,24.900051412382307],[121.55982183975293,24.90010864488959],[121.55978927442584,24.900163946677484],[121.55975257346893,24.900217050253342],[121.5593740048603,24.900739832236336],[121.55918885809677,24.901016347934195],[121.55884670076412,24.90156975259433],[121.55832042162974,24.9022610484515],[121.55807635875503,24.902581660569734],[121.55733122141747,24.903360971311123],[121.55724952772283,24.903446349925694],[121.5569791944893,24.90372893129006],[121.55650877425965,24.904221671197813],[121.55634491716019,24.904383882791496],[121.55630396213498,24.90442251184763],[121.55597837012162,24.904734192042238],[121.55597837012162,24.904734192042238],[121.55597135076668,24.90474747088082],[121.55596535858697,24.90476116193077],[121.55596042246819,24.904775199194212],[121.55595656620535,24.90478951500432],[121.55595380838803,24.904804040351493],[121.55595216231065,24.904818705216055],[121.55595163590861,24.904833438905733],[121.55595223171984,24.904848170396466],[121.5559539468726,24.904862828674776],[121.55595677309937,24.904877343080067],[121.55596069677661,24.904891643645282],[121.55596569899049,24.90490566143414],[121.55597175562811,24.904919328873493],[121.55597883749353,24.904932580079013],[121.55598691044874,24.904945351172856],[121.55599593557808,24.90495758059152],[121.5560058693759,24.904969209382667],[121.55601666395613,24.904980181489293],[121.55602826728335,24.904990444019926],[121.55604062342344,24.90499994750367],[121.5560536728133,24.90500864612857],[121.55606735254794,24.905016497962585],[121.55608159668371,24.905023465155605],[121.55609633655625,24.90502951412199],[121.55611150111139,24.905034615702426],[121.55612701724779,24.905038745304534],[121.55614281016925,24.905041883021386],[121.55615880374525,24.905044013727498],[121.55620387859125,24.905048028553697],[121.55622269464499,24.905046887860554],[121.55634875855479,24.904977541341278],[121.55672363941675,24.90477355069056],[121.55730015552943,24.904463324214074],[121.55776500592745,24.904217649959257],[121.55820234862425,24.90406244664555],[121.55864698005644,24.903874943420913],[121.55929480733468,24.90360167830497],[121.56004115886222,24.903285171032625],[121.56004115886222,24.903285171032625],[121.56028525330579,24.90321410577476]]}},{"type":"Feature","properties":{"Layer":"PL_USE","SubClasses":"AcDbEntity:AcDbPolyline","EntityHandle":"B7F"},"geometry":{"type":"LineString","coordinates":[[121.53875590958066,24.950651070769183],[121.53894049558353,24.950712589666693],[121.53912008871738,24.950785362929476],[121.53912008871738,24.950785362929476],[121.53931639508028,24.950880213869635],[121.53951792020551,24.95096548433411],[121.53951792020551,24.95096548433411],[121.5396420048712,24.95100579086904],[121.53976862079448,24.951038914363746],[121.5398972682468,24.9510647240862],[121.54002743948043,24.951083118170473],[121.54015862073277,24.951094024018765],[121.54015862073277,24.95109402401876],[121.54022269104696,24.951095931730958],[121.54022269104696,24.951095931730965],[121.54030993564893,24.951094256066295],[121.54039689923147,24.95108766072802],[121.54048324834885,24.951076171004893],[121.54056865191171,24.95105983095227],[121.54065278245658,24.951038703223166],[121.54065278245658,24.951038703223166],[121.54068164737963,24.95103272334859],[121.5407181730656,24.951025975228468],[121.54074881734446,24.951021195916148],[121.5407685934756,24.951015294390764],[121.54077846855178,24.95101230766677],[121.54078833487506,24.951009296996716],[121.54079819237562,24.951006262401922],[121.54080804098368,24.951003203903863],[121.54081788062946,24.95100012152423],[121.54082771124331,24.95099701528481],[121.5408375327556,24.950993885207613],[121.54084734509684,24.950990731314803],[121.54085714819749,24.950987553628725],[121.54086694198817,24.95098435217186],[121.54087672639956,24.95098112696689],[121.54088650136232,24.95097787803664],[121.54089626680727,24.950974605404124],[121.54090602266524,24.9509713090925],[121.5409157688672,24.95096798912514],[121.54092550534408,24.95096464552553],[121.54093523202697,24.950961278317344],[121.54094494884698,24.950957887524424],[121.54095465573535,24.950954473170793],[121.5409643526233,24.950951035280617],[121.54097403944222,24.950947573878246],[121.54098371612345,24.95094408898818],[121.54099338259854,24.95094058063511],[121.54100303879902,24.950937048843855],[121.54101268465651,24.950933493639436],[121.5410223201027,24.950929915047034],[121.54103194506938,24.950926313091976],[121.54104155948842,24.95092268779977],[121.5410511632917,24.95091903919609],[121.54106075641124,24.950915367306767],[121.54107029364107,24.950911689605263],[121.54107982015339,24.95090798888865],[121.54108933588138,24.950904265182885],[121.54110833471745,24.950896748908605],[121.5411178176923,24.95089295639278],[121.54112728961627,24.950889140993276],[121.54113675042295,24.95088530273682],[121.541146200046,24.950881441650345],[121.54115563841911,24.950877557760943],[121.54116506547606,24.950873651095847],[121.5411744811508,24.95086972168246],[121.54118388537724,24.950865769548376],[121.54119327808941,24.950861794721256],[121.54120265922145,24.95085779722903],[121.54121202870753,24.950853777099717],[121.541221386482,24.950849734361505],[121.54123073247915,24.950845669042764],[121.54124006663345,24.950841581172007],[121.54124938887945,24.95083747077791],[121.54125869915173,24.950833337889318],[121.54126799738502,24.950829182535188],[121.54127728351406,24.950825004744676],[121.54128655747378,24.950820804547106],[121.54129581919909,24.95081658197193],[121.54130506862501,24.95081233704873],[121.5413143056867,24.950808069807337],[121.54132353031936,24.950803780277663],[121.54133274245828,24.950799468489762],[121.54134194203885,24.950795134473932],[121.54135112899655,24.950790778260526],[121.54136030326694,24.950786399880133],[121.54136946478566,24.950781999363443],[121.54137861348846,24.950777576741338],[121.54138774931118,24.950773132044826],[121.54139687218974,24.95076866530507],[121.54140598206013,24.950764176553427],[121.54141507885846,24.950759665821387],[121.54142416252095,24.950755133140564],[121.54143323298386,24.950750578542756],[121.54144279218994,24.950745747935546],[121.54145233654725,24.950740892986122],[121.54147926864445,24.950727407476368],[121.5414882422514,24.950722906072887],[121.5414972139768,24.95071840155372],[121.54150618381932,24.950713893919506],[121.54151515177767,24.95070938317091],[121.54152411785056,24.950704869308588],[121.54153308203671,24.950700352333186],[121.54154204433476,24.950695832245355],[121.54155100474345,24.950691309045784],[121.54155996326149,24.95068678273509],[121.54157787462034,24.95067772078302],[121.54159577840096,24.950668646394387],[121.54160472744617,24.950664104538024],[121.54161367459291,24.950659559574483],[121.5416226198399,24.950655011504445],[121.54163156318586,24.95065046032857],[121.54164050462944,24.950645906047523],[121.54164944416938,24.95064134866195],[121.54165838180435,24.950636788172506],[121.5416673175331,24.950632224579884],[121.5416762513543,24.950627657884723],[121.54168518326668,24.950623088087685],[121.54169411326892,24.95061851518944],[121.54170304135974,24.95061393919064],[121.54171196753784,24.950609360091967],[121.54172089180189,24.95060477789406],[121.54172981415067,24.950600192597623],[121.54173873458282,24.950595604203283],[121.54174765309706,24.950591012711726],[121.54175656969214,24.950586418123613],[121.54176548436672,24.950581820439616],[121.54177439711951,24.950577219660378],[121.54178330350145,24.950572618087676],[121.54180112383678,24.9505633987578],[121.54216567297726,24.950350538912463],[121.54220341405541,24.950326520457565],[121.54226965656436,24.950284744949798],[121.54228365800661,24.95027688808718],[121.5422976225149,24.95026897677946],[121.54231154983458,24.950261011170934],[121.54232063450266,24.950255762181573],[121.54232970306657,24.950250490097254],[121.54233875545569,24.950245194959024],[121.54234779159951,24.950239876808148],[121.54235681142767,24.950234535686032],[121.54236581486987,24.950229171634277],[121.54237480185604,24.950223784694682],[121.54238377231613,24.950218374909188],[121.5423927261803,24.95021294231994],[121.54240166337877,24.95020748696925],[121.54241058384198,24.95020200889964],[121.54241948750045,24.950196508153724],[121.54242837428478,24.950190984774387],[121.54243724412581,24.950185438804642],[121.54244609695441,24.95017987028767],[121.54245493270163,24.950174279266882],[121.54246375129868,24.9501686657858],[121.54247255267687,24.95016302988815],[121.5424813367676,24.95015737161783],[121.54249010350252,24.950151691018917],[121.54249837983846,24.950146297292495],[121.54250664052711,24.950140883665533],[121.54251488551094,24.95013545017576],[121.54252311473248,24.950129996861055],[121.54253132813437,24.950124523759406],[121.54253952565936,24.950119030908976],[121.54254770725036,24.950113518348026],[121.54255587285036,24.950107986114997],[121.54256402240242,24.950102434248407],[121.54257215584977,24.950096862786978],[121.5425802731357,24.950091271769537],[121.54258837420369,24.950085661235022],[121.54259645899722,24.95008003122256],[121.54260452746003,24.950074381771373],[121.54261257953584,24.950068712920825],[121.54262061516853,24.950063024710445],[121.54262863430215,24.95005731717987],[121.54263663688077,24.950051590368854],[121.54264462284863,24.950045844317327],[121.54265259215009,24.95004007906533],[121.54266054472964,24.950034294653047],[121.5426684805318,24.950028491120786],[121.54267639950132,24.950022668508968],[121.542684301583,24.950016826858192],[121.54269218672175,24.950010966209195],[121.54270005486265,24.95000508660277],[121.54270790595083,24.949999188079925],[121.54271573993164,24.949993270681748],[121.54272355675042,24.949987334449506],[121.54273135635276,24.949981379424532],[121.54273913868425,24.949975405648345],[121.54274690369071,24.949969413162574],[121.542754651318,24.94996340200899],[121.54276238151212,24.94995737222948],[121.54277009421921,24.94995132386606],[121.54277778938554,24.949945256960877],[121.54278546695745,24.949939171556228],[121.54279312688146,24.949933067694506],[121.5428007691042,24.94992694541826],[121.5428083935724,24.949920804770148],[121.5428160002329,24.949914645792976],[121.54282358903276,24.949908468529653],[121.54283115991905,24.949902273023234],[121.54283871283899,24.949896059316895],[121.54284624774,24.949889827453944],[121.54285376456956,24.94988357747779],[121.54286500650724,24.949874167788288],[121.5428762074834,24.949864717584344],[121.54288736732242,24.94985522701415],[121.54289358774413,24.949847775155167],[121.54289979337098,24.949840313050366],[121.54290598418268,24.949832840724138],[121.54291216015898,24.949825358200943],[121.54291832127964,24.949817865505256],[121.54292446752457,24.949810362661605],[121.54293059887362,24.949802849694517],[121.54293671530675,24.949795326628607],[121.54294281680393,24.949787793488458],[121.5429489033452,24.949780250298723],[121.5429549749107,24.94977269708408],[121.54296103148052,24.949765133869246],[121.54296707303484,24.94975756067896],[121.54297309955395,24.949749977538012],[121.54297911101807,24.949742384471204],[121.54298510740757,24.949734781503373],[121.54299108870283,24.949727168659397],[121.54299705488431,24.94971954596419],[121.54300300593243,24.94971191344268],[121.5430089418278,24.949704271119845],[121.54301486255093,24.949696619020695],[121.54302076808249,24.949688957170256],[121.54302665840316,24.9496812855936],[121.54303253349367,24.949673604315834],[121.5430383933348,24.949665913362058],[121.54304423790734,24.94965821275747],[121.54304423790734,24.94965821275747],[121.54313634801757,24.949558957607383],[121.54313634801757,24.949558957607383],[121.54321519320006,24.94944726300568],[121.54328602342483,24.949331190518887],[121.54334854740519,24.949211217528735],[121.54334854740519,24.949211217528735],[121.54350877019783,24.9488373893868],[121.54364255486689,24.948455017327824],[121.54364255486689,24.948455017327824],[121.54385776670398,24.947658756554514],[121.54385776670398,24.947658756554514],[121.54390573394117,24.947462092623827],[121.54393978393664,24.94726303105079],[121.54395977687415,24.947062389617447],[121.54395977687415,24.947062389617447],[121.54400012325156,24.946428297361017],[121.54399950896273,24.94579313922295],[121.54399950896273,24.94579313922295],[121.54399962707446,24.945522472180418],[121.54398101471782,24.945252337583533],[121.54398101471782,24.945252337583533],[121.54394652165959,24.945067032541882],[121.54390376241336,24.94488316539703],[121.54372770895414,24.9447112956034],[121.543722772998,24.944668741333675],[121.54370835872466,24.94454445322829],[121.5436561085024,24.94405602026556],[121.54359435419937,24.94405527052254],[121.54357961838573,24.94371121495131],[121.54353977039207,24.943193400792072],[121.54353977039207,24.943193400792072],[121.54339026482207,24.942495682409387],[121.54339026482207,24.942495682409387],[121.54334000311555,24.942326128146558],[121.5432787766207,24.94215959759756],[121.54320680189102,24.94199667965047],[121.54312433348517,24.94183795041628],[121.54312433348517,24.94183795041628],[121.54302394856826,24.94164785429094],[121.54291249594681,24.94146295577944],[121.54279029827238,24.94128379007731],[121.54265770929399,24.941110875784144],[121.54265770929402,24.941110875784144],[121.5423544050442,24.940774610787653],[121.54202798465907,24.940456849315773],[121.54202798465907,24.940456849315773],[121.54180651084629,24.940240696690367],[121.54157375787584,24.940034631956458],[121.54133027783423,24.93983914385068],[121.54131258814297,24.939823377252537],[121.54120692349824,24.93973964086419],[121.54108669938668,24.939644365362327],[121.54108669938668,24.939644365362327],[121.54080004748985,24.939439746975413],[121.54050420854422,24.93924630535906],[121.54050420854422,24.93924630535906],[121.54040320308738,24.939188614951846],[121.54029864937637,24.939136443948904],[121.54019090978129,24.939089973166745],[121.54008035771272,24.939049363665674],[121.54008035771272,24.939049363665674],[121.54002247329568,24.939025515515485],[121.53996298861018,24.93900520324753],[121.53990216313146,24.938988515464825],[121.53984026218295,24.938975524960206],[121.53977755577914,24.938966288398866],[121.53971431744769,24.938960846071094],[121.5396508230364,24.93895922171664],[121.53958734951007,24.938961422421077],[121.53952417374242,24.938967438584953],[121.53946157130844,24.938977243965653],[121.53939981528234,24.938990795791828],[121.53933917504656,24.93900803494999],[121.53933917504656,24.93900803494999],[121.53920790810619,24.939062929294067],[121.53908065085581,24.939125180210976],[121.53895789861623,24.93919454540617],[121.53884012917605,24.939270754894235],[121.53872780093222,24.939353512049582],[121.53862135110575,24.939442494760875],[121.53862135110575,24.939442494760875],[121.53852115383152,24.939537720530577],[121.53842754626862,24.939638366828756],[121.53834088042682,24.939744055194556],[121.53826148221536,24.93985438820639],[121.53818965021739,24.939968950976187],[121.5381256545669,24.940087312709455],[121.53802715977429,24.940250054904862],[121.53802715977429,24.940250054904862],[121.53792868569461,24.940437459479067],[121.53784285144303,24.940629961881093],[121.5377699727448,24.94082685416133],[121.5377699727448,24.94082685416133],[121.53772322854013,24.940987195104167],[121.53768789652955,24.941149946116774],[121.53766412319005,24.941314432686195],[121.53765200709564,24.94147997310386],[121.53765697258338,24.94154104673761],[121.53773277126119,24.942237842297935],[121.53778607335252,24.942699622946513],[121.53781295225568,24.942927344817733],[121.53771364575296,24.942932760226977],[121.53771364575296,24.942932760226977],[121.53768004604207,24.943247858535045],[121.53766916402336,24.943564287000406],[121.53766916402336,24.943564287000406],[121.5376679209517,24.94362056400289],[121.53766265697196,24.943676647432476],[121.53765339447018,24.94373229872625],[121.53765339447018,24.94373229872625],[121.53760568475487,24.943995243266478],[121.53754106863065,24.944255168678897],[121.53754106863065,24.944255168678897],[121.53746626077604,24.944480016009326],[121.53737645194548,24.94470025131587],[121.53727198095523,24.94491504353539],[121.53715324195547,24.9451235821401],[121.53715324195547,24.9451235821401],[121.53703652233703,24.945320451926452],[121.53690601353311,24.945509987997326],[121.53676226750963,24.9456913886497],[121.53660589223142,24.94586388658836],[121.53643754909132,24.9460267521719],[121.53643754909132,24.9460267521719],[121.53624673963292,24.946170167950555],[121.53604571617268,24.94630147427724],[121.53583540153564,24.946420068351628],[121.53561676120943,24.946525405730885],[121.53539079891145,24.946617002829573],[121.53539079891145,24.946617002829573],[121.53494930205608,24.9467733417753],[121.53449759580745,24.94690319608274],[121.53403758928839,24.947006016914234],[121.53403758928839,24.947006016914234],[121.53344858285992,24.94710952405847],[121.53285557655526,24.94719189037392],[121.53285557655526,24.94719189037392],[121.5322889842462,24.947236696729757],[121.53172056610663,24.947253584227088],[121.53115197606974,24.947242503721938],[121.53115197606974,24.94724250372194],[121.52987968706108,24.947178899355816],[121.5297070437347,24.947171526896877],[121.5297070437347,24.947171526896877],[121.52928838383664,24.94709060848003],[121.52928838383664,24.94709060848003],[121.52895368749239,24.947011533506217],[121.5286255099796,24.94691231335363],[121.5286255099796,24.94691231335363],[121.52827265976616,24.94681145413982],[121.52827265976616,24.94681145413982],[121.52774796397411,24.946635924708783],[121.52721550839996,24.94648103409225],[121.52656561207976,24.946266452596195],[121.52652993620677,24.94634933318818],[121.52652993620677,24.94634933318818],[121.52596386978999,24.94616705172818],[121.52596386978999,24.94616705172818],[121.52549442401515,24.945962872597413],[121.52503377181162,24.945742674420632],[121.52503377181162,24.945742674420632],[121.52479083552076,24.94555783031064],[121.52456146180579,24.945359104312203],[121.52434660311246,24.94514732166534],[121.52434660311246,24.94514732166534],[121.52421358107247,24.9449674009656],[121.52409269704928,24.94478049641897],[121.52398439067382,24.944587287844353],[121.52388905582309,24.94438847798691],[121.52388905582309,24.94438847798691],[121.5238551433177,24.944241075831382],[121.52382984909976,24.944092241825402],[121.52381324427323,24.943942394535522],[121.52380537550428,24.943791955376504],[121.52381153314195,24.943690242024218],[121.52382699139362,24.94350637691412],[121.52383718826073,24.943385092081492],[121.52384761958902,24.94326102356499],[121.52386247869401,24.943162276942342],[121.52388828004189,24.942990807810816],[121.52391400078922,24.942819871114217],[121.5239191928836,24.942799802635633],[121.52399139919747,24.94260836582233],[121.5240599280676,24.94242119425882],[121.52407492947889,24.942380209889773],[121.52414280090215,24.94219478480158],[121.52416247785777,24.942156610076676],[121.52425439409933,24.94197828979281],[121.52430281380498,24.941884352440447],[121.52434380766898,24.94180482269735],[121.52435153973703,24.941794256440225],[121.52439946215894,24.94172876589317],[121.52441682873818,24.94170503239645],[121.52445594515272,24.941651576384555],[121.52453266556184,24.941546730890636],[121.52454614488168,24.94153199870262],[121.52468664342095,24.941378446922457],[121.52484540816381,24.941204931872278],[121.52490947010152,24.941134754136606],[121.5251291069251,24.94091161510324],[121.52522382996723,24.94080708139484],[121.52534303507977,24.94066452777176],[121.5256165095534,24.940326028771683],[121.52589378988391,24.939946423402834],[121.5261961105892,24.939486050521502],[121.52657267383846,24.938946283596373],[121.52726308582234,24.938009304265858],[121.52746098258848,24.93773097250991],[121.52787271875707,24.937202713509116],[121.52800846913615,24.9370280854351],[121.52813169996612,24.93684526995908],[121.52822251476603,24.936721016419256],[121.52845312262589,24.936290300762316],[121.52855417808445,24.936104660199362],[121.52869080095022,24.935832176451726],[121.5289591628174,24.93518254699379],[121.52906701787082,24.93492803428633],[121.52926998663555,24.93428738028255],[121.52943121805953,24.933673559859656],[121.52947612430522,24.93344258764988],[121.52956838296485,24.932951682200073],[121.5296005849857,24.932574669392242],[121.52960392596262,24.932513648817196],[121.5296332596688,24.932134226736252],[121.52968301049893,24.93155513204736],[121.52973045526646,24.93105282119692],[121.5297643226778,24.930656459143925],[121.52977905838205,24.93050071305849],[121.52981699431425,24.930133745241495],[121.52982515473983,24.929986411430377],[121.529848103631,24.929526199185855],[121.52984929559115,24.92934687768871],[121.52987057415856,24.929041110978062],[121.52987632012187,24.928915260087557],[121.52989107325092,24.92865154739453],[121.52993558854612,24.928141180112558]]}},{"type":"Feature","properties":{"Layer":"PL_USE","SubClasses":"AcDbEntity:AcDbPolyline","EntityHandle":"B80"},"geometry":{"type":"LineString","coordinates":[[121.52740741603742,24.99204515417785],[121.52736090548488,24.991817478648123],[121.52731746192221,24.991604794091057],[121.52730575611915,24.991547452682557],[121.52726684547191,24.991357006416052],[121.52722181392748,24.991136563235283],[121.52721459894623,24.991101048648947],[121.52720895815243,24.991073605632536],[121.52715317498746,24.99080052254254],[121.52714022828171,24.990737142546593],[121.52713038177347,24.99068893937686],[121.52712585861221,24.990666796415866],[121.52708022574134,24.990443401987953],[121.52702513496492,24.990173705494144],[121.52737638999247,24.99007757964289],[121.52736616299248,24.989995849505686],[121.52726879009796,24.98972969742947],[121.52708311625008,24.98977937407974],[121.52708311625008,24.98977937407974],[121.52707528274209,24.989746333059237],[121.52707528274209,24.989746333059237],[121.5270529870702,24.989664361676738],[121.52702481999377,24.989583905509893],[121.5269909036805,24.9895053134852],[121.52695138523087,24.989428926444024],[121.52690643603995,24.98935507566447],[121.52690643603995,24.98935507566447],[121.52684714150321,24.989276315186963],[121.52678220399153,24.98920134262627],[121.52671191390178,24.989130493244268],[121.52663658556477,24.989064083864307],[121.52590132180784,24.988404598489126],[121.52528643166026,24.98786123265494],[121.52528643166026,24.98786123265494],[121.52452506102777,24.98715422093486],[121.52452506102777,24.98715422093486],[121.52368805353886,24.986443340638058],[121.52368805353886,24.986443340638058],[121.52308173382205,24.98592684422548],[121.52298082174296,24.986025813403714],[121.52298082174296,24.986025813403714],[121.52196793449092,24.985188968802646],[121.52196793449092,24.985188968802646],[121.52143081188827,24.984742593271484],[121.5209198340027,24.984271410522343],[121.5209198340027,24.984271410522343],[121.52070650634465,24.9840734215565],[121.52048380397777,24.983884202706527],[121.52048380397777,24.983884202706527],[121.5202291437876,24.983676257777248],[121.51998832268656,24.983455040030353],[121.51976217198018,24.983221313167945],[121.51976217198018,24.983221313167945],[121.51947824779762,24.982918474437167],[121.51921389345411,24.982601260499045],[121.51921389345411,24.982601260499045],[121.51910536385276,24.982458064938744],[121.519007139705,24.98230881673358],[121.51891962587169,24.982154131112193],[121.51884318305954,24.981994645715048],[121.5187781263349,24.981831017965686],[121.5187781263349,24.981831017965686],[121.5184218014397,24.980780799014706],[121.5184218014397,24.980780799014706],[121.51822367574871,24.980184244200252],[121.51768877519488,24.97975037565109],[121.51768877519488,24.97975037565109],[121.51748124219688,24.979619975972813],[121.51726485641696,24.97950213642108],[121.517192515532,24.979382772706025],[121.51684443164892,24.979193690688728],[121.5167869492564,24.97884951969687],[121.51671858591351,24.978383700680407],[121.51671723119543,24.978368308742887],[121.51671644876201,24.97835899215689],[121.51671569309651,24.97834967373531],[121.51671358675853,24.97832170809612],[121.51671231646284,24.978303056330518],[121.51671115335193,24.978284398756806],[121.51670961835099,24.97825638950414],[121.51670917809662,24.97825011721844],[121.51670864154217,24.97823874156135],[121.51670814492628,24.978227364397544],[121.51670768825407,24.978215985843484],[121.51670727153022,24.9782046060157],[121.5167065579441,24.978181843005064],[121.51670626108917,24.9781704600553],[121.51670673030111,24.978169590052183],[121.51671210140204,24.978159948910108],[121.51671210140204,24.978159948910108],[121.51680747128219,24.977967089410736],[121.51683176922073,24.977922372200023],[121.51683176922073,24.977922372200023],[121.5169433909032,24.977777059171316],[121.51706090962531,24.977635661824284],[121.51706090962531,24.977635661824284],[121.51763007318979,24.97694714283377],[121.51763007318979,24.97694714283377],[121.51769229375604,24.976878630396698],[121.51775883140932,24.976813575609807],[121.51782945533667,24.976752204135497],[121.51790392055183,24.97669472885917],[121.5179819687449,24.976641349150743],[121.5179819687449,24.976641349150743],[121.51907907995133,24.97585962327072],[121.51907907995133,24.97585962327072],[121.51926790895413,24.97573267274859],[121.51946499295873,24.975616614399705],[121.5197381876651,24.975462100675813],[121.51985742150023,24.975388898434982],[121.52008473827524,24.9752376056288],[121.5201231190114,24.975214124685603],[121.5203443193935,24.975072954586764],[121.52065738517733,24.974873131884852],[121.52076729826469,24.974802977725346],[121.5207953226351,24.974785175445536],[121.52096510400358,24.97468096507666],[121.52096510400358,24.97468096507666],[121.52140826501865,24.974297319596094],[121.52140826501865,24.974297319596094],[121.52227845882109,24.973538043229947],[121.52227845882109,24.973538043229947],[121.5230035252794,24.972894478637077],[121.5230035252794,24.972894478637077],[121.52388871600414,24.972089607398882],[121.52388871600411,24.972089607398882],[121.52501164528618,24.971095534969287],[121.5252027894576,24.970920775074053],[121.52575515602354,24.970411586754516],[121.52615617847896,24.970044967007407],[121.52635353494313,24.96986312602974],[121.52635353494313,24.96986312602974],[121.52731623662265,24.9690928734256],[121.52758332159371,24.96886069775054],[121.52836585926315,24.96823897145703],[121.52903865155776,24.967694877783437],[121.52946679531955,24.96734933969079],[121.52980209837678,24.967093878735174],[121.53004207025106,24.966877936476664],[121.53047209402934,24.96651877970693],[121.53083701700132,24.966217033368654],[121.53117744665433,24.96594610552825],[121.53117744665433,24.96594610552825],[121.53145193466521,24.9656809019553],[121.531744780398,24.965432551370174],[121.531744780398,24.965432551370174],[121.53182628661473,24.96535648902108],[121.53182628661473,24.96535648902108],[121.53221885869497,24.964971084768326],[121.53221885869497,24.964971084768326],[121.53246760633645,24.964707227487196],[121.53246760633645,24.964707227487196],[121.53310142782571,24.964040573665244],[121.53310142782571,24.964040573665244],[121.53316880859174,24.96391717414361],[121.53324380766138,24.96379748267547],[121.5333261803611,24.96368188970187],[121.5334156579663,24.963570772293227],[121.53351194857815,24.96346449291942],[121.53381930830912,24.962958776471602],[121.53416482470581,24.962233537592986],[121.53425666540159,24.961958436640924],[121.53440357707328,24.961384195162488],[121.53452457983207,24.96079030563408],[121.53463814611447,24.960140416815797],[121.53461798792726,24.96001054428967],[121.53443008704444,24.959221906928065],[121.53421941123754,24.959114927143478],[121.53429454425316,24.95896069286598],[121.53438815443884,24.958770627818062],[121.53448255210868,24.958578963229964],[121.5347147729315,24.95781108434668],[121.53483611738451,24.95742094580871],[121.53483611738451,24.95742094580871],[121.53490624802623,24.957147609888455],[121.53496291476137,24.956871690777557],[121.53496291476137,24.956871690777557],[121.53508306622565,24.956274599606783],[121.53508306622565,24.956274599606783],[121.53510494488361,24.95537482011033],[121.53510494488361,24.95537482011033],[121.53511961645313,24.954945370911624],[121.53511499235664,24.954515734125934],[121.53511499235664,24.954515734125934],[121.53521021584497,24.95354474102358],[121.53521021584497,24.95354474102358],[121.53539514149627,24.952538004237564],[121.53539514149627,24.952538004237564],[121.53545525880062,24.952357799169135],[121.53552582370187,24.952180770762045],[121.53560663563502,24.9520074220682],[121.53560663563502,24.9520074220682],[121.53566188426971,24.951888101110114],[121.53572322448987,24.951771279966334],[121.53579052064303,24.95165721695136],[121.53584467960856,24.951574728101562],[121.53588161518097,24.95151961961986],[121.53605349285095,24.95123555939022],[121.53619363849903,24.950991280489898],[121.53621887730247,24.95094752011504],[121.53639695024994,24.950557675398404],[121.53646826549851,24.950299816019886],[121.53649061591005,24.950171213892123],[121.537056357404,24.95015299820452],[121.53705682961917,24.95025145287385],[121.53705701718114,24.950290232825747],[121.5370476323958,24.950395747263187],[121.53705135867051,24.95047039802684],[121.53706026211246,24.95055470641906],[121.53706026211246,24.95055470641906],[121.53707237699676,24.950601605205428],[121.53708789205656,24.95064766396069],[121.53710673835693,24.950692678030215],[121.53712883216075,24.950736447401013],[121.53712883216075,24.950736447401013],[121.53713831651461,24.950740928979975],[121.5371481029285,24.9507448336287],[121.53715814923603,24.950748144523367],[121.53716841215103,24.950750847398446],[121.53717884745404,24.95075293060814],[121.53718941018283,24.95075438517661],[121.53720005482612,24.95075520483659],[121.53721073551966,24.950755386056453],[121.5372253850197,24.950751347989215],[121.5372357726974,24.950748497943326],[121.53724616817895,24.950745671646487],[121.537256571399,24.950742869116457],[121.53726698229222,24.950740090370836],[121.53727740079316,24.950737335427107],[121.53728782683633,24.95073460430254],[121.5372982603563,24.95073189701432],[121.53730870128742,24.950729213579464],[121.53731914956411,24.950726554014828],[121.53732960512073,24.95072391833713],[121.53734006789158,24.950721306562926],[121.53735053781088,24.950718718708625],[121.5373610148129,24.95071615479049],[121.53737149883177,24.95071361482463],[121.53738198980159,24.950711098827004],[121.53739248765648,24.950708606813418],[121.53740294692265,24.950706149421052],[121.53741341288391,24.950703715836674],[121.53742388547506,24.950701306075413],[121.53743436463085,24.950698920152306],[121.537444850286,24.950696558082193],[121.5374553423752,24.950694219879814],[121.53746584083306,24.950691905559697],[121.53747634559423,24.950689615136294],[121.53748685659323,24.95068734862386],[121.53749737376458,24.95068510603651],[121.53750789704281,24.95068288738821],[121.53751842636234,24.950680692692806],[121.53752896165754,24.950678521963944],[121.53753950286286,24.950676375215156],[121.53755004991255,24.95067425245981],[121.53756060274095,24.95067215371115],[121.53757116128233,24.950670078982228],[121.537581251296,24.950668119807382],[121.53759134640401,24.950666182567776],[121.53760144654902,24.950664267274405],[121.53761155167359,24.950662373938176],[121.53762166172031,24.95066050256983],[121.53763177663176,24.950658653180003],[121.5376418963504,24.950656825779213],[121.53765202081871,24.95065502037785],[121.53766214997925,24.95065323698615],[121.53767228377436,24.95065147561426],[121.53768242214649,24.950649736272197],[121.53769256503804,24.950648018969844],[121.53770271239135,24.950646323716946],[121.53771286414874,24.95064465052314],[121.53772302025256,24.95064299939796],[121.53773318064503,24.950641370350752],[121.53774334526848,24.950639763390797],[121.5377535140651,24.950638178527218],[121.53776368697714,24.95063661576903],[121.53777386394674,24.95063507512511],[121.53778404491611,24.95063355660421],[121.53779422982737,24.950632060214954],[121.53780441862264,24.95063058596587],[121.53781461124402,24.95062913386531],[121.53782480763358,24.95062770392153],[121.53783500773339,24.950626296142662],[121.53784521148549,24.95062491053672],[121.5378554188319,24.950623547111544],[121.53786562971456,24.950622205874918],[121.53787584407549,24.950620886834432],[121.53794295797569,24.95060511415169],[121.53805282220738,24.95059327560009],[121.53805282220738,24.950593275600088],[121.53812967157126,24.95058735401114],[121.53820674516066,24.950584828619075],[121.53820674516066,24.950584828619075],[121.53834556874406,24.9505886153167],[121.53848379259887,24.950600962184314],[121.53862078242402,24.95062181256237],[121.53875590958066,24.950651070769183]]}},{"type":"Feature","properties":{"Layer":"PL_USE","SubClasses":"AcDbEntity:AcDbPolyline","EntityHandle":"B81"},"geometry":{"type":"LineString","coordinates":[[121.53294870079245,24.991596964780292],[121.53273910366099,24.991320213583585],[121.53244720588654,24.99093228382707],[121.53220539327924,24.990609726443708],[121.53182129472839,24.990102997247813],[121.53156018229679,24.989721008552],[121.53096627079006,24.9889485755879],[121.53086574077045,24.98884106471788],[121.53082771484775,24.988816726838973],[121.53037587154122,24.988532762633444],[121.5302165057252,24.98835276689894],[121.52995137455531,24.98818012851463],[121.52995137455531,24.98818012851463],[121.52979051104904,24.98806778567658],[121.52963745151766,24.987946724095572],[121.52949276394564,24.987817393033176],[121.52935698524395,24.987680272437835],[121.52923061925762,24.98753587116351],[121.52923061925762,24.98753587116351],[121.5289727159125,24.98719109603553],[121.52873473245539,24.986834619995197],[121.52873473245539,24.986834619995197],[121.52840733155263,24.986399607225618],[121.52805578853962,24.985980537550315],[121.52805578853962,24.985980537550315],[121.52764096836341,24.985556961593744],[121.52720941789055,24.985147507374254],[121.52720941789055,24.985147507374254],[121.52682253709668,24.984827348525847],[121.52642350447867,24.98451983030649],[121.52642350447867,24.98451983030649],[121.52552615555366,24.983810663243954],[121.52552615555366,24.983810663243954],[121.52479083677181,24.983199671331956],[121.52479083677181,24.983199671331956],[121.52452810840329,24.982974196052915],[121.52425189473304,24.98276253309345],[121.52425189473304,24.98276253309345],[121.52385655029747,24.982468237603037],[121.52347313843829,24.982161107208892],[121.52347313843829,24.982161107208892],[121.52340703828,24.98211052818289],[121.52334400465597,24.982056795423812],[121.52328421845432,24.982000063132354],[121.52322785124315,24.981940494116962],[121.52322785124315,24.981940494116962],[121.52314246519906,24.981832275552378],[121.52306555090725,24.981718902190874],[121.52299748146618,24.981600924022054],[121.52293858706375,24.981478913372552],[121.52293858706375,24.981478913372552],[121.52289323995612,24.981383955612912],[121.52285504894478,24.981286417863018],[121.52282418920346,24.981186747550204],[121.52280080227452,24.9810854018833],[121.52280080227452,24.9810854018833],[121.52277295622103,24.980874533039955],[121.52276082019456,24.980662430479352],[121.52276082019456,24.980662430479352],[121.52277404296667,24.980414230168922],[121.52280456240769,24.980167299345002],[121.52282155522546,24.98008748668363],[121.52282155522546,24.98008748668363],[121.52299690578577,24.979242549250774],[121.52299690578577,24.979242549250774],[121.52319696703904,24.978315565708645],[121.52319696703904,24.978315565708645],[121.52339170601276,24.97759412603696],[121.52339170601276,24.97759412603696],[121.52342357439889,24.97745847554992],[121.52346380121188,24.977324683181244],[121.52351225788028,24.977193176463377],[121.52351225788028,24.977193176463377],[121.52357365304101,24.97707191706706],[121.52364380438748,24.97695467010259],[121.52372239802274,24.976841960158197],[121.52380908228021,24.976734291521108],[121.52390346929704,24.97663214592137],[121.52390346929704,24.97663214592137],[121.52458389884582,24.976006006020565],[121.52458389884582,24.976006006020565],[121.52534035599383,24.975289011202847],[121.52534035599383,24.975289011202847],[121.52615790339974,24.974481074227143],[121.52615790339974,24.974481074227143],[121.5270056527698,24.973647976335485],[121.5270056527698,24.973647976335485],[121.52773926737594,24.9729685799093],[121.52773926737594,24.9729685799093],[121.52810754741455,24.97261098622593],[121.52810754741455,24.97261098622593],[121.52860240096881,24.972219450590995],[121.52912008418569,24.971853264834095],[121.52912008418569,24.971853264834092],[121.52983738650278,24.9714109397049],[121.53001132649133,24.97128987831557],[121.53001132649133,24.97128987831557],[121.53030511584181,24.97120369954885],[121.53030511584181,24.97120369954885],[121.53075532994721,24.97108963016406],[121.5312124223723,24.971001165263342],[121.5312124223723,24.971001165263342],[121.53180965745709,24.970749319565027],[121.53242386203809,24.97053404405102],[121.53242386203809,24.97053404405102],[121.53363723151624,24.970011263808157],[121.53363723151624,24.970011263808157],[121.53459345128162,24.96956804742787],[121.53459345128162,24.969568047427867],[121.53487130204526,24.969406041069053],[121.53513875043308,24.96923008861746],[121.53513875043308,24.96923008861746],[121.53610129533332,24.968578079979928],[121.53610129533332,24.968578079979928],[121.53615737684272,24.96852474676423],[121.53620992430443,24.968468502398224],[121.53625875621125,24.96840954116415],[121.53630370389132,24.968348066728666],[121.53634461209033,24.968284291439343],[121.53638133950814,24.968218435591133],[121.53638133950814,24.968218435591133],[121.53675281662149,24.967263255135943],[121.53675281662149,24.967263255135943],[121.53678645277199,24.967139893124852],[121.5368274474497,24.967018394804157],[121.53687567766573,24.966899124619133],[121.53687567766573,24.966899124619133],[121.53685829262425,24.966584002823854],[121.53685427539759,24.966268504019506],[121.53685427539759,24.966268504019506],[121.53681113539255,24.965207212577994],[121.53681113539255,24.965207212577994],[121.53676905329391,24.96422546800405],[121.53676905329391,24.96422546800405],[121.53674775566131,24.963427548869166],[121.53674934408481,24.96334741931132],[121.53677275312106,24.962946170222875],[121.53678073970187,24.962815930493967],[121.53678331892613,24.962773870209922],[121.53679721180032,24.962547313981425],[121.53680510467099,24.962397954815323],[121.5368291836308,24.962106706593744],[121.53683119713183,24.962081931417163],[121.5368385161043,24.96199187485611],[121.53688520969386,24.961417329158508],[121.53691718539959,24.961424396286528],[121.53699044651813,24.96144058810342],[121.5370955507313,24.961463817655968],[121.53710311950957,24.961465490462295],[121.53713636670327,24.960578334390313],[121.53718474858363,24.95972380338607],[121.53719215610909,24.95962172323602],[121.53719424653507,24.959581097434732],[121.53719424653507,24.959581097434732],[121.53720151440938,24.95941616129199],[121.53719803165905,24.959251122658753],[121.53718381060533,24.959086563375177],[121.53713160493896,24.95817053733124],[121.53708615480997,24.957163240291244],[121.53701561757698,24.95701699422709],[121.53700441006006,24.956860075013818],[121.53700023398518,24.956574932786644],[121.5369973463593,24.956525649343916],[121.53699574538736,24.95649902198975],[121.53699510578207,24.956488551608807],[121.53699372401775,24.956466798680513],[121.53699129086664,24.956430965584264],[121.53698789870285,24.956379517196428],[121.5369841213897,24.95633059808662],[121.53698076526025,24.956287455492248],[121.53697646578618,24.956232308820734],[121.53697321143326,24.95618979783117],[121.53696985648719,24.956146926076745],[121.53696649958579,24.95610360292008],[121.53696262091299,24.956054142482376],[121.53695874263525,24.95600477232457],[121.53695496378172,24.95595549208967],[121.53695121033695,24.95590750279233],[121.53694206779986,24.955790593744876],[121.53693870974564,24.955746999744058],[121.53693514463035,24.95570133000803],[121.53693168676962,24.955657555802638],[121.5369272828343,24.955601145555935],[121.53692381793195,24.955555746302792],[121.53691710890293,24.95547018334372],[121.53691668968683,24.95546485822883],[121.53691523163215,24.955448341915712],[121.53691282985305,24.955419731243442],[121.53691086370448,24.95537739616757],[121.53690900598308,24.95533722746374],[121.5369073682463,24.95530211374744],[121.5369048497957,24.955246599518873],[121.53690288756911,24.955205167245698],[121.53690114258598,24.955168157997434],[121.53689850984416,24.955109123189416],[121.53689819005038,24.95510388799763],[121.53689164232378,24.955009837960922],[121.53688920923933,24.954974004855053],[121.536886252043,24.95493149278459],[121.53688339857537,24.954890063721585],[121.53687737342085,24.954802331524114],[121.53687431133318,24.954758465603316],[121.53687071495753,24.954705573427248],[121.53686722779237,24.954655028184035],[121.53685783642342,24.954476123488615],[121.53685103236835,24.954345781077524],[121.5368540207869,24.954304150392485],[121.5368571027508,24.954261255424665],[121.5368599995763,24.95422134042363],[121.5368704252456,24.954182030260355],[121.53688231479116,24.95413774932045],[121.53689741860381,24.954081088185923],[121.5369149754109,24.954042023161723],[121.5369332989584,24.954001227537866],[121.53694791311565,24.953968583275017],[121.53696390076556,24.953932954773826],[121.53712515260355,24.95357422711077],[121.5371617378342,24.953492751645985],[121.53718205281427,24.953447637900428],[121.53720068777484,24.95340604106273],[121.53721657699519,24.95337068357027],[121.5372221662834,24.953360271484282],[121.53724457405634,24.953318580272633],[121.5372676501438,24.953275604127462],[121.53729164716039,24.953235260938744],[121.53730600126853,24.953211284482766],[121.53731792122932,24.95319688667834],[121.5373493450712,24.95315858411885],[121.5374168230531,24.95307645508459],[121.53746367345622,24.95303313134635],[121.53748335580485,24.95296232679091],[121.53749668168281,24.952928881632378],[121.53751639676598,24.95289227712255],[121.5375334019207,24.95286700836517],[121.53756219636945,24.952833854206848],[121.53760184842871,24.95279950486063],[121.53774256817108,24.952708019234024],[121.53823172153488,24.952391704690626],[121.5382265482311,24.9523862162],[121.53818257497092,24.952339518805037],[121.5383224762285,24.95207763430274],[121.53843402160409,24.95200140754974],[121.5385039200026,24.951988849482632],[121.5385617662982,24.951978465605382],[121.53863995071733,24.951989280262012],[121.5386600130892,24.951993082971644],[121.5386600130892,24.951993082971644],[121.53867632038252,24.95199717556379],[121.53869238926566,24.95200198856275],[121.5387081814736,24.95200751050728],[121.5387081814736,24.95200751050728],[121.53901979245299,24.9521915981053],[121.53934146834766,24.952360685760624],[121.53934146834766,24.952360685760624],[121.53952067883895,24.95244188430777],[121.53970504846086,24.95251283623956],[121.5398938731466,24.952573270604272],[121.54008643181287,24.952622956614565],[121.54008643181287,24.952622956614565],[121.5402407580046,24.952651266465942],[121.54039660477814,24.952671501179953],[121.54055346418514,24.952683594806498],[121.54071082497637,24.952687507929582],[121.54086817426816,24.952683227795735],[121.54086817426816,24.95268322779573],[121.54106609125661,24.952651354611877],[121.54126203412333,24.952610585400503],[121.54145552207586,24.952561020199624],[121.54145552207586,24.95256102019963],[121.54209734753165,24.952381590180973],[121.54209734753165,24.952381590180973],[121.54216062623324,24.952363304050884],[121.54222509471937,24.95234888005456],[121.54229046972507,24.95233838156874],[121.54235646400245,24.95233185472205],[121.54242278758288,24.952329328192352],[121.54248914905091,24.952330813080714],[121.5425552568247,24.952336302862644],[121.54262082043695,24.952345773416795],[121.54268555181127,24.952359183130902],[121.54268555181127,24.952359183130902],[121.5427609824905,24.95238130917931],[121.54283483034436,24.952407499875164],[121.54290683211998,24.952437661854045],[121.54297673114482,24.952471687594713],[121.54332642984501,24.952612019577252],[121.54332642984501,24.952612019577252],[121.54353967633065,24.952675043916106],[121.54375682945417,24.952725784193678],[121.54375682945417,24.952725784193678],[121.54390828137144,24.952753508471183],[121.54406090430017,24.95277524985049],[121.54406090430017,24.95277524985049],[121.54422201511127,24.952793864259842],[121.54438374778013,24.952807267071552],[121.54438374778013,24.952807267071552],[121.5445950246213,24.95281690428429],[121.54480656409775,24.952817665671837],[121.54480656409775,24.952817665671837],[121.54491541574885,24.952810902692324],[121.54491541574885,24.952810902692324],[121.54508386671783,24.952793873221538],[121.54508386671783,24.952793873221538],[121.54511850673948,24.952789376834318],[121.54511850673948,24.952789376834314],[121.5452807812044,24.952763636666617],[121.5454414655944,24.952730631081568],[121.5454414655944,24.95273063108157],[121.5455317514733,24.95270862384699],[121.54557677647442,24.952696704276352],[121.54562264920496,24.952683896829985],[121.54567358248535,24.952668895051424],[121.54569758416055,24.952661539450897],[121.54570200583275,24.95266043084071],[121.5457064274558,24.952659313206695],[121.5457064274558,24.952659313206695],[121.54575720870383,24.952645765452402],[121.54575720870383,24.952645765452402],[121.5457811927195,24.952638897415437],[121.5457811927195,24.95263889741543],[121.5458955808104,24.952601806523106],[121.54598965103106,24.952569141366443],[121.54602201794438,24.95255756945115],[121.54602201794438,24.95255756945115],[121.54612020351618,24.95251036072962],[121.54621645713763,24.952459953584864],[121.54621645713763,24.952459953584864],[121.5463483270402,24.952390697596837],[121.54647568073199,24.952314740866886],[121.54647568073199,24.952314740866886],[121.54653863678658,24.95227161986094],[121.54659946980075,24.95222603634853],[121.54659946980075,24.95222603634853],[121.5466846553617,24.952154726228056],[121.5466846553617,24.952154726228056],[121.54672505246691,24.952117454127837],[121.54672505246691,24.952117454127837],[121.54674256499298,24.952100525231703],[121.54674256499298,24.952100525231703],[121.54679308754855,24.95204881702228],[121.54684114708262,24.95199519284004],[121.54684114708262,24.95199519284004],[121.54689781735328,24.951929476422364],[121.54689781735328,24.951929476422364],[121.54700899149711,24.951791858038014],[121.54700899149711,24.951791858038014],[121.54702089551262,24.95177637612867],[121.54702089551262,24.95177637612867],[121.54707967652502,24.951697579058077],[121.54708446995143,24.951690970888308],[121.54709728249664,24.951674916856856],[121.54708449224836,24.951663989439222],[121.546759116492,24.951386001814527],[121.54674927540623,24.951397711361448],[121.54674927540623,24.951397711361448],[121.54665899065527,24.95150474572466],[121.54656254332275,24.951607214699482],[121.54646021064177,24.951704823727788],[121.54635228676555,24.951797292221183],[121.54635228676555,24.95179729222118],[121.54621961024327,24.951884285433668],[121.5460810822,24.951963334828935],[121.54593727401304,24.952034114350823],[121.54578877884192,24.952096332053422],[121.54563620918174,24.952149731305422],[121.54563620918174,24.952149731305425],[121.54549027697566,24.952194848536635],[121.54534161769953,24.952231832886014],[121.54519077613296,24.95226054881905],[121.54519077613296,24.952260548819048],[121.54504781802152,24.952275342226827],[121.54490422646144,24.95228358724231],[121.54490422646144,24.95228358724231],[121.54475899959107,24.95227964109791],[121.54461433006696,24.95226739920257],[121.54447078746965,24.952246909753498],[121.54432893694226,24.95221825341949],[121.544189336965,24.95218154302318],[121.544189336965,24.95218154302318],[121.54411321382197,24.952155049299435],[121.54411321382197,24.952155049299435],[121.54356144721545,24.951961943443976],[121.54356144721545,24.951961943443976],[121.54355098688214,24.951951916986243],[121.54354131087558,24.951941255987716],[121.54353246538119,24.951930011335556],[121.5435244926201,24.951918236702806],[121.54351743064767,24.951905988292193],[121.5435113131719,24.951893324567884],[121.54350616939242,24.951880305976395],[121.54350202386121,24.951866994658072],[121.54349889636538,24.95185345415049],[121.5434968018328,24.951839749085178],[121.54349575026073,24.951825944879094],[121.54349574666816,24.9518121074224],[121.54349679107189,24.951798302763954],[121.54349887848642,24.951784596796035],[121.5435019989478,24.951771054939837],[121.5435019989478,24.951771054939837],[121.54351685899526,24.951750981824894],[121.5435330095341,24.951731755091075],[121.54355039271707,24.951713443603083],[121.54356894628205,24.951696112947424],[121.543588603775,24.95167982519752],[121.543588603775,24.95167982519752],[121.54360862892496,24.951665274844288],[121.54362947191869,24.951651712699675],[121.54365107414894,24.95163917689816],[121.5436733748737,24.951627702688256],[121.5436733748737,24.951627702688256],[121.54437609557259,24.951204116864695],[121.54441332999737,24.951179028685484],[121.5444689134168,24.951141067940625],[121.54449880137588,24.95113379148831],[121.54498611807531,24.950765362649094],[121.54535964982286,24.950440169443702],[121.54538591671152,24.950405209504215],[121.54539320369173,24.95039846560712],[121.54540048382937,24.95039171557059],[121.54540775711823,24.95038495940038],[121.5454150235521,24.950378197102317],[121.54542228312475,24.95037142868212],[121.54542953583002,24.95036465414561],[121.54543678166168,24.950357873498582],[121.54544402061353,24.95035108674681],[121.54545125267941,24.950344293896112],[121.54545847785313,24.95033749495229],[121.54546569612852,24.950330689921167],[121.54547290749937,24.95032387880854],[121.54548011195956,24.950317061620225],[121.54548730950292,24.950310238362082],[121.54549450012331,24.950303409039922],[121.54550168381454,24.950296573659585],[121.54550886057054,24.950289732226917],[121.54551603038512,24.950282884747775],[121.54552319325218,24.950276031227993],[121.5455303491656,24.95026917167345],[121.54554092813687,24.95025843953249],[121.54555139889023,24.95024761953899],[121.54555632304188,24.95023608943328],[121.54556314962826,24.95022882271402],[121.54556992775201,24.950221518384588],[121.54557665716388,24.950214176713622],[121.5455833376164,24.950206797971127],[121.54558996886387,24.950199382428476],[121.5455965506624,24.95019193035838],[121.54560308276996,24.95018444203491],[121.54560956494637,24.950176917733458],[121.54561599695317,24.950169357730747],[121.54562237855389,24.95016176230482],[121.54562870951379,24.95015413173502],[121.54563498960009,24.950146466301934],[121.5456412185818,24.95013876628751],[121.54564739622987,24.95013103197493],[121.54565352231708,24.950123263648624],[121.5456595966182,24.950115461594304],[121.54566561890981,24.95010762609889],[121.54567158897044,24.95009975745054],[121.54567750658053,24.95009185593868],[121.5456833715225,24.95008392185386],[121.54568918358059,24.950075955487886],[121.54569494254116,24.950067957133722],[121.54569867385318,24.950059192644908],[121.54570236134842,24.95005041275507],[121.54570600495033,24.950041617646256],[121.54570960458345,24.950032807500893],[121.54571316017311,24.950023982501655],[121.54571667164558,24.950015142831557],[121.54572013892805,24.950006288673926],[121.5457235619486,24.94999742021236],[121.54572694063631,24.949988537630773],[121.5457302749211,24.94997964111336],[121.54573356473381,24.949970730844637],[121.54573681000628,24.949961807009363],[121.54574001067117,24.9499528697926],[121.54574316666215,24.949943919379695],[121.54574627791374,24.949934955956227],[121.54574934436145,24.949925979708116],[121.54575236594174,24.94991699082148],[121.5457553425919,24.949907989482732],[121.54575827425026,24.949898975878536],[121.545761160856,24.94988995019583],[121.54576400234927,24.949880912621765],[121.54576679867117,24.949871863343752],[121.54576954976372,24.949862802549482],[121.54577225556986,24.94985373042682],[121.54577491603352,24.94984464716392],[121.54577753109952,24.949835552949146],[121.54578010071364,24.949826447971077],[121.54578262482259,24.949817332418533],[121.54578510337406,24.949808206480544],[121.54578753631667,24.949799070346373],[121.54578992359994,24.94978992420546],[121.5457922651744,24.9497807682475],[121.54579456099148,24.949771602662338],[121.5457968110036,24.94976242764006],[121.54579901516409,24.949753243370917],[121.54580117342731,24.949744050045393],[121.54580328574843,24.949734847854124],[121.54580535208372,24.94972563698793],[121.54580737239031,24.949716417637834],[121.54580934662633,24.949707189995017],[121.54581127475085,24.949697954250812],[121.54581315672385,24.949688710596792],[121.54581499250637,24.949679459224626],[121.54581678206033,24.949670200326146],[121.54581897281392,24.949658513470652],[121.54582108991508,24.949646815336727],[121.54582313329401,24.949635106310172],[121.54582510288334,24.94962338677718],[121.54582699861815,24.949611657124244],[121.54582851152956,24.94960194359777],[121.5458299737935,24.949592223625654],[121.54583138537691,24.949582497427446],[121.54583274624798,24.94957276522273],[121.54583405637592,24.94956302723132],[121.54583531573121,24.94955328367312],[121.5458365242854,24.949543534768154],[121.54583768201122,24.949533780736576],[121.54583878888252,24.949524021798677],[121.54583984487434,24.949514258174837],[121.54584084996281,24.949504490085523],[121.54584187815081,24.94949382741258],[121.54591108957143,24.948657739011676],[121.54594670714297,24.948139341329743],[121.54594221546114,24.947766504458244],[121.54594221546114,24.947766504458244],[121.54595035619568,24.946860965750943],[121.54595035619568,24.946860965750943],[121.54595607059015,24.946073696971307],[121.54595607059015,24.946073696971307],[121.54589887303658,24.94510006294907],[121.54589887303658,24.94510006294907],[121.54589698120334,24.94424788139326],[121.54589698120334,24.94424788139326],[121.54586381367471,24.94372392428251],[121.5458460952863,24.943640904857315],[121.5458460952863,24.943640904857315],[121.54584360856039,24.943490544925663],[121.54583216088315,24.94334053055615],[121.54581178613932,24.943191305361164],[121.54578254461155,24.943043310617842],[121.54578254461155,24.943043310617842],[121.54573642590778,24.94284166177704],[121.54573642590778,24.94284166177704],[121.54566328032129,24.9425086587129],[121.54557696852883,24.942176028299727],[121.54557696852883,24.942176028299727],[121.54547955861887,24.941852995608283],[121.54540847255733,24.941630594660356],[121.54552509127791,24.94160174573305],[121.54544808143478,24.941355974775174],[121.54538677475368,24.941148572993715],[121.54535531308312,24.941042135763663],[121.54519976712957,24.9410689197863],[121.54519976712957,24.9410689197863],[121.5449148189606,24.940661176238404],[121.54460895883457,24.94026622889808],[121.54460895883457,24.94026622889808],[121.54440551307069,24.940012850133076],[121.54418980302303,24.939768050057616],[121.54418980302303,24.939768050057616],[121.54410945609428,24.939705485297182],[121.54402619424809,24.9396461736233],[121.54402619424809,24.9396461736233],[121.54387729533293,24.939531098174434],[121.54373447811847,24.93940978358261],[121.54373447811847,24.93940978358261],[121.54357923301046,24.939285003868672],[121.54343323778822,24.93915126373374],[121.54329711328157,24.939009131920944],[121.54317143833816,24.938859212858006],[121.54317143833816,24.938859212858006],[121.54311339981825,24.938786574710218],[121.54306023505961,24.938710898619462],[121.54301213479121,24.93863245608692],[121.54301213479121,24.93863245608692],[121.542702637997,24.93815375943505],[121.54225070454127,24.938027542596213],[121.5422128001962,24.938016947971374],[121.54213800234054,24.938148715066326],[121.54210744515407,24.938125477454236],[121.54210744515407,24.938125477454236],[121.54189933180231,24.937977775873176],[121.5416813847722,24.937842378339198],[121.5416813847722,24.937842378339198],[121.54128572290486,24.93761056745697],[121.54087839562452,24.93739621199587],[121.54087839562452,24.93739621199587],[121.5403398777592,24.937167582765195],[121.54025260775747,24.937125029600633],[121.54018108690428,24.93710189743736],[121.54013218680196,24.937090871263173],[121.54013218680196,24.93709087126317],[121.54003643523205,24.937067422066164],[121.53994170123289,24.93704075731343],[121.53994170123289,24.937040757313437],[121.53980405515735,24.93687383621306],[121.53965638534751,24.936714196189783],[121.53965638534751,24.936714196189783],[121.53957046101921,24.93665851712405],[121.5394811290015,24.93660749126555],[121.53938869202653,24.93656129153089],[121.53929346334735,24.936520074481752],[121.53919576567658,24.93648397979437],[121.53909593009284,24.936453129786283],[121.53909593009284,24.936453129786283],[121.53884747428876,24.936398699999703],[121.53859665189384,24.93635420040145],[121.53859665189384,24.93635420040145],[121.53806152241276,24.936329591917065],[121.53806152241276,24.936329591917065],[121.53770273104494,24.93634359556613],[121.53734539169766,24.936376163253236],[121.53734539169766,24.936376163253243],[121.53689041268959,24.93643735700543],[121.53643836030261,24.936514505041302],[121.53636882676663,24.936526801476298],[121.53605418394241,24.936586763567345],[121.53604400660568,24.936590409678892],[121.53602707250472,24.936596476452745],[121.53602707250472,24.936596476452745],[121.53584465624367,24.93666601853536],[121.53566724842739,24.936745607543568],[121.53549551388669,24.93683494522497],[121.53533009619633,24.93693369679407],[121.53533009619633,24.93693369679407],[121.53518696166793,24.937040104560616],[121.53505133015048,24.937154391606388],[121.53500831361556,24.937198548205778],[121.53480035520437,24.93752176741676],[121.53480035520437,24.93752176741676],[121.53476858875807,24.937615708870936],[121.5347438520707,24.937711391777842],[121.53472625808416,24.937808379335404],[121.53472625808416,24.937808379335404],[121.53471868727927,24.937911123577663],[121.5347183348322,24.93801409894847],[121.53472520220247,24.93811688427057],[121.5347392613198,24.938219059142977],[121.5347604546987,24.938320205660503],[121.53478869567326,24.938419910123045],[121.53482386875132,24.93851776472767],[121.53482386875132,24.93851776472767],[121.5348764472773,24.93871810215582],[121.53494191647528,24.93891525695424],[121.53502004763888,24.93910854021159],[121.53511056781382,24.939297276541637],[121.53555878526787,24.940211715785736],[121.53555878526787,24.940211715785736],[121.5355908760371,24.940452306502163],[121.53560951189746,24.94069407351709],[121.53560951189746,24.94069407351709],[121.53575347024905,24.941601592704224],[121.53575347024905,24.941601592704224],[121.53580482897921,24.941939745395022],[121.53580482897921,24.941939745395022],[121.53587557793088,24.942309440334814],[121.53593076952392,24.942681331612253],[121.53593076952392,24.942681331612253],[121.53593246363276,24.942799984206328],[121.5359266721968,24.942918529308614],[121.53591341435782,24.943036574667065],[121.53589273396328,24.943153729682145],[121.53586469942161,24.943269606699243],[121.53586469942161,24.943269606699243],[121.53582032915729,24.94343410259667],[121.53576390024878,24.94359549800056],[121.53569566925567,24.943753058976906],[121.53569566925567,24.943753058976906],[121.5356416866177,24.94387118297631],[121.53558065340381,24.943986418284954],[121.53551275470872,24.944098415393203],[121.5352393266232,24.94442742915541],[121.53479035781001,24.94474355315443],[121.53431446204358,24.94507938393204],[121.53431446204358,24.94507938393204],[121.53420145680413,24.945160659627962],[121.53408364348138,24.945236046780973],[121.53396139075362,24.945305309473166],[121.53383508119391,24.94536823095223],[121.5337051100727,24.945424614309786],[121.5337051100727,24.945424614309786],[121.53345800844934,24.945509591715158],[121.53320613906685,24.945582005041505],[121.53295026979883,24.945641633519237],[121.53269118071736,24.945688295355883],[121.53219340098916,24.94571318878069],[121.53219340098916,24.94571318878069],[121.53129317217108,24.94569029660476],[121.52987026014517,24.945631153875503],[121.52929164226467,24.945590866961048],[121.52788715347027,24.945177574061503],[121.52788715347027,24.945177574061503],[121.52765371478029,24.945105870998518],[121.52742458532406,24.94502341952737],[121.52720036003036,24.944930433733035],[121.52720036003036,24.944930433733035],[121.52705488736436,24.94484935797082],[121.52691499026771,24.944760499184373],[121.52678116902528,24.94466417514786],[121.52665390219033,24.944560730331855],[121.52665390219033,24.944560730331855],[121.52656276222083,24.94445790048578],[121.52647966287229,24.944349555793664],[121.52640500422396,24.944236217905114],[121.52633914571243,24.944118432509203],[121.5262824044014,24.94399676670695],[121.52623505345545,24.943871806280736],[121.5261973208253,24.94374415287381],[121.5261973208253,24.94374415287381],[121.52617015951274,24.943638704994846],[121.52615104087948,24.943531800034698],[121.52614005598655,24.943423947292413],[121.52613725714497,24.943315660580986],[121.52614265766701,24.94320745577952],[121.52615623180318,24.943099848375592],[121.52617791486523,24.942993351009452],[121.52617791486523,24.942993351009452],[121.52622301269645,24.94283776153924],[121.5262793454463,24.942685246733863],[121.52634666427844,24.942536480179232],[121.52642467183924,24.942392118904593],[121.52643497036631,24.942372725089157],[121.52676712028045,24.94174733154426],[121.5270882460121,24.941135826195474],[121.52731208853594,24.94072255786488],[121.52747356993146,24.940483998934123],[121.52759317555028,24.940331217939676],[121.5277703149687,24.94017843021745],[121.52812500688314,24.93993924797415],[121.52839999345895,24.93974241399731],[121.52854182456835,24.939630033817856],[121.5287221974307,24.939481610380984],[121.52897457396848,24.93922214324952],[121.52909939316808,24.939037237828344],[121.52868028129056,24.938757398394475],[121.5288268431933,24.938553022073574],[121.5290439986929,24.938250203539624],[121.5293959898711,24.93776303984907],[121.52972678825596,24.937205108195126],[121.52987359145234,24.936996302760377],[121.53010324350431,24.936693084569605],[121.53029707013604,24.936435883590462],[121.53050187637474,24.936161760314775],[121.53061101088217,24.936008500897376],[121.53068639807584,24.93589557947384],[121.5308015274377,24.93569945328388],[121.5309798441376,24.93541187804159],[121.53114298250958,24.935121855111234],[121.5312945685778,24.934836123904255],[121.53141122940039,24.93458888232546],[121.53149321387994,24.934421793310275],[121.53160982078687,24.93409611662156],[121.53169574838124,24.933798382091673],[121.5317510093864,24.93359578670186],[121.53177751699802,24.933361971995097],[121.53178561179169,24.933174152311565],[121.5317813639878,24.93285605701626],[121.53174709056239,24.932490660796493],[121.5316327328735,24.931898241670527],[121.53160087733951,24.93175749268452],[121.5315547555179,24.931587462274056],[121.53153076103456,24.93149616882048],[121.53148343220948,24.931315410968974],[121.53148343220948,24.931315410968974],[121.53143641227497,24.931155257164345],[121.5313908778006,24.930981887840584],[121.53135704295596,24.93085258056355],[121.53132574300349,24.930715222718327],[121.53131103249879,24.930642903824815],[121.53126707347215,24.93042190118211],[121.53125146656018,24.930354702394204],[121.53120085968412,24.92991950568886],[121.53119754105632,24.929767694940388],[121.53118403015262,24.9295815609866],[121.53117917000114,24.929508873496353],[121.53117975752683,24.929397879159804],[121.53118503433508,24.929285122275665],[121.53119343098028,24.92913541678256],[121.53120991422772,24.928951743061585],[121.5312211644266,24.928731935180497],[121.53124816215025,24.92846874491085],[121.53126964273667,24.928380450802372],[121.53131483266995,24.928227961476143],[121.53137615734921,24.928091966738375],[121.5314197955839,24.92801252988185],[121.53149603234687,24.92789421645539],[121.53172638634757,24.92761816322503],[121.53206991975664,24.927588329126795],[121.53219503252487,24.927458929015295],[121.53235639874833,24.927276170032727],[121.53257433169185,24.92700282313807],[121.53279040688585,24.92679984684918],[121.53283489296844,24.92675805975988],[121.53285087921095,24.926743041775882],[121.53298102240039,24.92666195482128],[121.53303774004975,24.926560353084703],[121.53328605369546,24.926405031169082],[121.53353445103217,24.92624114251685],[121.5336334743125,24.926160389948496],[121.53367251372697,24.926125248957593],[121.53383192924784,24.925978193197338],[121.53402122462403,24.925733531192815],[121.5341493429802,24.925514343335124],[121.53423185081513,24.925317310045166],[121.53430015573116,24.925066583213948],[121.5343634016838,24.924675756319836],[121.53437081344003,24.924603781769076],[121.53437701875362,24.924515612001375],[121.53438196153249,24.924350017194776],[121.53438107859625,24.924202306629315],[121.5343833594413,24.924114064039617],[121.53438877668903,24.924036784354733],[121.5343935929207,24.923968078387315],[121.53449624340837,24.923685812207903],[121.53462857868544,24.92303088302792],[121.53449735747623,24.923013029328533],[121.53458678971515,24.922304805165286],[121.53463076238413,24.921985054283702],[121.53468949303011,24.921192863962126],[121.53468949303011,24.921192863962126],[121.53469304879475,24.92115020720511],[121.53492739792397,24.920792955715772],[121.5349972407414,24.920656854692748],[121.53508078142784,24.92036288474913],[121.53511597007368,24.920207550777207],[121.53516108380383,24.91970767548967],[121.53514491605775,24.91954513153395],[121.53513886037346,24.91943117193219],[121.53507601838542,24.919158643694907],[121.53499717735176,24.918862468105573],[121.53487256544486,24.918124308946258],[121.53485639686541,24.918025351983722],[121.53476050217952,24.917519449674444],[121.53475197080104,24.91746281335738],[121.53472918981616,24.917058972130455],[121.53472423396227,24.916963546094625],[121.53472423396227,24.916963546094625],[121.5347283609313,24.9168531850774],[121.53473853080227,24.916743150061937],[121.53475471814194,24.91663371605456],[121.53475471814194,24.91663371605456],[121.53478810810496,24.916567553648687],[121.5348263888437,24.91650363223005],[121.53486938055381,24.916442252024538],[121.53486938055381,24.916442252024538],[121.53489271504083,24.916407154287636],[121.53491864906763,24.916373608254155],[121.53494705905251,24.91634177377606],[121.53497780961582,24.916311802549373],[121.535010754225,24.916283837391322],[121.53504573589288,24.91625801155985],[121.53508258792567,24.916234448118594],[121.53512113471747,24.91621325935052],[121.53516119258686,24.916194546222926],[121.53520257065215,24.916178397906258],[121.5352450717411,24.916164891349307],[121.53528849333028,24.91615409091248],[121.53533262851019,24.916146048061186],[121.53537726697104,24.916140801120555],[121.5354221960051,24.916138375092867],[121.5354221960051,24.916138375092867],[121.53552047332875,24.916135902178144],[121.53561871505663,24.916139356567324],[121.5357164918137,24.916148723162404],[121.53581337625693,24.916163961025518],[121.53590894494282,24.9161850035578],[121.53600278017807,24.916211758790464],[121.53609447184493,24.916244109786724],[121.53651472135907,24.91641921496885],[121.5369533625535,24.91661580190432],[121.53731556855777,24.916820612364724],[121.53740794804081,24.916872122819846],[121.53767804149123,24.917022498279323],[121.53797445442241,24.91719643820748],[121.53801322925433,24.917138744963594],[121.53811040092734,24.917209303610008],[121.53843727247818,24.917463396758787],[121.538932004229,24.91789378246363],[121.53911008175088,24.918042495406976],[121.53954153182757,24.918451645752366],[121.539580308921,24.918485014771644],[121.54063876385122,24.919394437932908],[121.54065198260952,24.919405777114246],[121.54103337449875,24.919744956283505],[121.54129824396685,24.9199717439002],[121.54156797475814,24.920450373468388],[121.54167650493348,24.920593205010423],[121.54179356832536,24.920747266256164],[121.54190168482317,24.920889552513007],[121.54202637595377,24.92099327486615],[121.54221494839197,24.921150138689327],[121.54249223522719,24.921294106957816],[121.54266240072403,24.921341454645688],[121.54275318673957,24.92136429980595],[121.54275318673957,24.92136429980595],[121.54279698578871,24.92136906337999],[121.54284094846248,24.921372342123075],[121.54288333117215,24.921374090598036],[121.54288333117215,24.921374090598036],[121.54296059452255,24.921373728922454],[121.54303766896044,24.921368791664865],[121.54311422898205,24.921359299676613],[121.54318995125634,24.921345293044777],[121.54326451599053,24.921326830922776],[121.54335620825482,24.9212947292058],[121.54358333292893,24.921215487968553],[121.54370459018592,24.921158996363435],[121.54391154415858,24.921052700237592],[121.54392293095276,24.921046489122084],[121.54401273781923,24.92099492850177],[121.54412978938336,24.920916125967445],[121.54431211604968,24.920784987779353],[121.54445811026575,24.92066215105845],[121.54464194540012,24.920512065654226],[121.54499929639235,24.920459326886068],[121.54510544732828,24.920648060162605],[121.54527009479806,24.920933219156208],[121.5454232223758,24.92088601935071],[121.54561037682204,24.92082254065945],[121.5456794559439,24.920692940602574],[121.5457719134683,24.92061903607336],[121.54597299658154,24.92046274974002],[121.5462901918371,24.920211430005683],[121.54640191314388,24.920111079034825],[121.54648649512093,24.920012755683725],[121.54657034169136,24.919843122972654],[121.54664134689182,24.919504277603036],[121.54670354021471,24.91916296888829],[121.5467724346785,24.91879873205089],[121.54682541633889,24.918535524826332],[121.54685731504327,24.918319674547185],[121.5466864464366,24.91783447715243],[121.54693173722792,24.917276062852302],[121.54708026161173,24.916878150607186],[121.54721372849644,24.916428314189318],[121.54729430103042,24.916092186554863],[121.5474521103869,24.915515483053664],[121.54740404056334,24.915483245746444],[121.54747178234518,24.915331206648958],[121.54756720431621,24.91508852998385],[121.54758214743357,24.91505062051024],[121.54778627249786,24.91448927740035],[121.54792132616382,24.91413507007843],[121.54809708568885,24.913693131959757],[121.54832816565502,24.9130711303031],[121.54842151795606,24.91283598377928],[121.54851047056371,24.912884062890868],[121.54866986894825,24.912551278524976],[121.54882842761018,24.91222252640076],[121.54894233709888,24.911962516329773],[121.54908682375272,24.91169783372901],[121.54917932958928,24.91152690460413],[121.54939907054872,24.911181892595465],[121.54948441102897,24.911058596445727],[121.54967792890241,24.910804434937884],[121.55006688991307,24.91032316259703],[121.55032693133421,24.910032464686072],[121.5504762346449,24.90987690709444],[121.55041929271319,24.909836265719637],[121.55040397400587,24.909825332233822],[121.55068270442192,24.90952942916018],[121.55071394653825,24.90950100803902],[121.55079415531978,24.90942804159032],[121.55103840475734,24.90920020335949],[121.5513333945446,24.908951194606292],[121.55161249144352,24.90871537091082],[121.55174980487635,24.908599954831228],[121.5520153885139,24.90838260565781],[121.55217329360141,24.908245940838118],[121.55241700952844,24.908036188607806],[121.55254428826278,24.907927853553332],[121.55271582681065,24.907779950368486],[121.55298220179564,24.907554551228188],[121.55320259964864,24.907364543317815],[121.55357147359234,24.90713894150256],[121.5540915419456,24.90701513594669],[121.55441786087577,24.906938987734833],[121.55452176275061,24.906898680030075],[121.55462976398599,24.90685678191496],[121.55500774124117,24.9067313446643],[121.55543841663666,24.906556735615798],[121.55594801175513,24.906290261864005],[121.55642097554048,24.90605248959492],[121.55697740680066,24.905763884343347],[121.55732636421527,24.905583034823206],[121.55769200907835,24.905385218387686],[121.55803786299455,24.905194824188033],[121.55820682758755,24.90509311608263],[121.55853155735619,24.904941591276696],[121.55872014372514,24.90486299534515],[121.55887956451069,24.90481067596376],[121.55913184192762,24.904726551971393],[121.55943166886914,24.904639875962705],[121.55997628723523,24.90448962819079],[121.56029058562545,24.904395102240148]]}},{"type":"Feature","properties":{"cadgeom_type":"CADLWPolyline","thickness":0,"color":"#FF0000FF"},"geometry":{"type":"LineString","coordinates":[[121.55692859659732,24.97626681758462,0],[121.55667138105481,24.976213744715608,0],[121.55641102619553,24.976175446772842,0],[121.55614855244879,24.976152073862007,0],[121.55588498854652,24.976143717591956,0],[121.55588498854652,24.976143717591956,0],[121.55562743840153,24.97615327573583,0],[121.55519567757295,24.976193174341645,0],[121.55519567757295,24.976193174341645,0],[121.55502119509902,24.97622739547823,0],[121.5548497365893,24.976272564647036,0],[121.5548497365893,24.976272564647036,0],[121.55466442575982,24.97634003086931,0],[121.55448350059696,24.97641675247859,0],[121.55430751697133,24.976502493761227,0],[121.55430751697133,24.976502493761227,0],[121.55420244653675,24.976563655340843,0],[121.5541011134087,24.976629849355152,0],[121.55400380739673,24.976700886495646,0],[121.55391080679455,24.976776563602556,0],[121.55381058151643,24.976898647055332,0],[121.55367603147134,24.977075666539683,0],[121.5536167744232,24.977188435682073,0],[121.55348986292991,24.97741592773277,0],[121.55340862019658,24.977596657690665,0],[121.55333712335708,24.977757318476783,0],[121.55330783995223,24.97786647832579,0],[121.55327188001732,24.978034757957257,0],[121.5532277903607,24.97820491520791,0],[121.5531406979426,24.97854265192201,0],[121.55306827680367,24.97878062750029,0],[121.552849383117,24.97957410191608,0],[121.55278630673448,24.979760240778017,0],[121.5527678733231,24.979984533981114,0],[121.55276842664964,24.980245948245933,0],[121.55276473245918,24.980298854176386,0],[121.55276368483597,24.980565258988673,0],[121.55277735721138,24.98075899054532,0],[121.55281031426433,24.98102144364414,0],[121.55284261194014,24.9812176472122,0],[121.55298895861608,24.982085611530902,0],[121.55315874690133,24.983071735805005,0],[121.55316970715103,24.983153779433593,0],[121.55326196447058,24.983868773749506,0],[121.55326196447058,24.983868773749506,0],[121.55326196447058,24.983868773749506,0],[121.55328037532608,24.98397972999983,0],[121.55329042103023,24.984091573818105,0],[121.5532920545589,24.984203781913944,0],[121.55328526824634,24.984315829291198,0],[121.55327009382135,24.98442719170426,0],[121.55324660225946,24.984537348110983,0],[121.55321490345109,24.984645783110444,0],[121.55317514568786,24.984751989354557,0],[121.55312751496915,24.984855469921882,0],[121.55307223413224,24.984955740642725,0],[121.55302753044296,24.985020553211257,0],[121.55297690132224,24.985086612298247,0],[121.55286171735389,24.985238861772824,0],[121.55266071358841,24.98550064921862,0],[121.55239619771575,24.985833495528787,0],[121.55235949720239,24.98587680156699,0],[121.55227984982058,24.985961523851014,0],[121.55219232500548,24.986047005307118,0],[121.55197858962215,24.986229072211025,0],[121.55197858962215,24.986229072211025,0],[121.55196670090368,24.98623747435593,0],[121.5519542013683,24.986245104644382,0],[121.55194115123,24.98625192631895,0],[121.55192761335515,24.986257906517537,0],[121.55191365295978,24.986263016431696,0],[121.55189933729538,24.9862672314454,0],[121.55188473532482,24.986270531253634,0],[121.55186991739032,24.98627289996018,0],[121.5518549548744,24.986274326154266,0],[121.55183991985612,24.986274802965465,0],[121.55182488476379,24.986274328096815,0],[121.55180992202611,24.98627290383591,0],[121.55179510372318,24.986270537043833,0],[121.55178050123935,24.986267239122167,0],[121.55176618491926,24.98626302595799,0],[121.551752223729,24.986257917847414,0],[121.55173868492385,24.986251939397768,0],[121.55172563372432,24.986245119409077,0],[121.551713133002,24.986237490735284,0],[121.55170124297652,24.98622909012606,0],[121.55169002092565,24.98621995804966,0],[121.55167952090923,24.986210138498084,0],[121.55166979350888,24.986199678775048,0],[121.5516608855842,24.98618862926821,0],[121.55165284004713,24.986177043206332,0],[121.55154741764915,24.985869719970648,0],[121.55154741764915,24.985869719970648,0],[121.55149602879285,24.985695023957895,0],[121.5514345351327,24.985523061348985,0],[121.55136311020502,24.985354317310104,0],[121.55128195556333,24.985189267924845,0],[121.55128195556333,24.985189267924845,0],[121.55114127226508,24.984995025896406,0],[121.55098715594013,24.984809445111008,0],[121.55082024653305,24.98463329609585,0],[121.55064123709606,24.984467310214683,0],[121.55045087091108,24.98431217663168,0],[121.55045087091108,24.98431217663168,0],[121.55035904170238,24.984232247155337,0],[121.5502615927798,24.984158050958442,0],[121.55015895418319,24.98408991546025,0],[121.55005157885154,24.984028141334463,0],[121.54993994062427,24.983973001182413,0],[121.54982453215032,24.983924738330302,0],[121.54953093260768,24.983788763579415,0],[121.54918101859684,24.983625329790364,0],[121.54883746817129,24.983487919098266,0],[121.54835938851953,24.983343294276388,0],[121.54817939101834,24.983295363739575,0],[121.54795618579396,24.983237643110336,0],[121.54730595558124,24.983109562081726,0],[121.54718689979732,24.98309509429834,0],[121.54687426303732,24.983056960804326,0],[121.54633131442067,24.98307401618268,0],[121.54609913130247,24.983101523390243,0],[121.54599619675737,24.983121548697646,0],[121.54590156536891,24.983143432303635,0],[121.5457560917849,24.983188198707428,0],[121.54561428445058,24.98324011479528,0],[121.545517840181,24.98327398373809,0],[121.54541798661688,24.98330969045383,0],[121.54529275292434,24.98335949163084,0],[121.54529275292434,24.98335949163084,0],[121.54513714414944,24.983439728665765,0],[121.54498668016736,24.98352774092978,0],[121.54484182814313,24.98362325516697,0],[121.54484182814313,24.98362325516697,0],[121.54470345160827,24.983726967558958,0],[121.54457184798893,24.983837761650616,0],[121.54444745292648,24.983955270701586,0],[121.5443306782047,24.984079105743106,0],[121.54422191038665,24.984208856865397,0],[121.54422191038665,24.984208856865397,0],[121.5441535969661,24.98431175737365,0],[121.54409238613262,24.984418306677917,0],[121.54403851157852,24.98452809802417,0],[121.54399217899139,24.98464071228075,0],[121.5439535652687,24.984755719538285,0],[121.54392281784204,24.984872680750776,0],[121.54390005411416,24.984991149411705,0],[121.54388536101035,24.98511067325844,0],[121.54389450855685,24.98538100171776,0],[121.54392802058827,24.98560702327838,0],[121.54401763126228,24.986023005441798,0],[121.54411597020302,24.986332103705422,0],[121.54419606804298,24.986594725308287,0],[121.54419606804298,24.986594725308287,0],[121.5442061708906,24.986632524661193,0],[121.54421336410968,24.986670873011505,0],[121.54421761284287,24.986709584542727,0],[121.54421889650015,24.986748471678357,0],[121.54421720885878,24.98678734599088,0],[121.54421255809345,24.986826019114694,0],[121.54420496673667,24.98686430365893,0],[121.54419447156977,24.986902014115355,0],[121.54418112344457,24.98693896775738,0],[121.54416498703715,24.986974985525364,0],[121.54414614053452,24.98700989289434,0],[121.54412467525559,24.987043520719613,0],[121.544100695209,24.98707570605649,0],[121.54407431658903,24.98710629294971,0],[121.5440456672126,24.987135133189238,0],[121.5440456672126,24.987135133189238,0],[121.54397305979963,24.987190692545013,0],[121.54389666083186,24.98724185440262,0],[121.54381679038569,24.987288404414358,0],[121.54373378308281,24.98733014755408,0],[121.5436479866882,24.987366908934273,0],[121.54355976065308,24.987398534538922,0],[121.54346947460883,24.987424891868752,0],[121.54337750681835,24.987445870496447,0],[121.54328424259108,24.987461382529357,0],[121.54319007266857,24.987471362977693,0],[121.54299153710268,24.98749197728931,0],[121.54263446535357,24.987496592253315,0],[121.54240922338779,24.987484999921207,0],[121.5420796014292,24.987476221159096,0],[121.54152739882993,24.987430355897274,0],[121.54083219782666,24.987385574318857,0],[121.54025977086735,24.98738086390944,0],[121.53993909764658,24.987381589293317,0],[121.53993143235438,24.9873814299984,0],[121.5397731527243,24.987377193466887,0],[121.53976864005314,24.98737709814729,0],[121.53936166007944,24.987388971202552,0],[121.53924710720342,24.987401455172126,0],[121.53913471195663,24.98741770942553,0],[121.53902253771203,24.987437960184177,0],[121.53896716868877,24.98744931162241,0],[121.53865175116682,24.98750427963927,0],[121.53841727036814,24.98755372698168,0],[121.53815297219485,24.98762841858472,0],[121.537730988388,24.987775625065705,0],[121.53763145238703,24.98781547007303,0],[121.53743871148549,24.987901991907318,0],[121.53725728869955,24.988005988746988,0],[121.53681814873532,24.988259625577218,0],[121.5366039824938,24.988395109431305,0],[121.53634800302213,24.988570912876295,0],[121.53621118984479,24.988674043706247,0],[121.53615468445952,24.988715700566445,0],[121.53607863355961,24.98876859738933,0],[121.53601547949631,24.988823480976656,0],[121.53576296177692,24.98907410662815,0],[121.53572247169234,24.989119588913024,0],[121.53569912511591,24.989157811876424,0],[121.53556230119449,24.98940872074991,0],[121.53556230119449,24.98940872074991,0],[121.53547663446273,24.98959067847793,0],[121.53543321567606,24.989702726361816,0],[121.5354288172873,24.98972086737181,0],[121.53541055679656,24.989771986206584,0],[121.53536010373944,24.98995383039151,0],[121.53530899296189,24.990357444307605,0],[121.53530899296189,24.990357444307605,0],[121.53530899296189,24.990357444307605,0],[121.53530720417366,24.990509734806125,0],[121.53531593126303,24.99066182619124,0],[121.53533513969325,24.990813115899574,0],[121.53536475340132,24.990963004541708,0],[121.53540465509876,24.99111089827695,0],[121.53545468673569,24.99125621116614,0],[121.53551465012646,24.99139836749315,0],[121.53558430773444,24.991536804045985,0],[121.53566338361242,24.991670972348317,0],[121.53600421847149,24.99215564672271,0],[121.53600421847149,24.99215564672271,0],[121.53603801096521,24.9922183580567,0],[121.53606726694458,24.992282935809634,0],[121.53609186306844,24.99234910774199,0],[121.5361116956396,24.99241659489324,0],[121.53612668104212,24.992485112757855,0],[121.53613675609384,24.992554372484683,0],[121.53614187831303,24.9926240820946,0],[121.53614202609742,24.992693947711444,0],[121.53613719881562,24.99276367480086,0],[121.53611472940322,24.992896499641244,0],[121.53608137478852,24.993088776553982,0],[121.53599466319133,24.99336932665394,0],[121.53592320738703,24.99352059479124,0],[121.53592320738703,24.99352059479124,0],[121.53587809742135,24.99359103856322,0],[121.53582796878007,24.993658605741054,0],[121.53577304144893,24.993722999800397,0],[121.53571355647426,24.993783938141927,0],[121.53555388185781,24.99390989302306,0],[121.53547756467847,24.99395914346966,0],[121.53535049000847,24.99403579903493,0],[121.53507959841562,24.994200395393378,0],[121.53485861954314,24.994324688552126,0],[121.53454508663226,24.993807754364557,0],[121.53437163114205,24.993548447103077,0],[121.53423363349111,24.99335380879081,0],[121.53388844607399,24.992873247093275,0],[121.53378297289927,24.99272814688448,0],[121.5335366245258,24.992370434132756,0],[121.53334320174446,24.992086487688876,0],[121.53310620489526,24.991774234337438,0],[121.53273965246846,24.991294194076712,0],[121.53258973479132,24.991095385682154,0],[121.53245081825354,24.990911209248083,0],[121.532214690485,24.990604224872758,0],[121.5318318615337,24.99009669901253,0],[121.53157170501949,24.989714168931986,0],[121.53097972666848,24.988940504314343,0],[121.53087946576079,24.98883278490481,0],[121.53084150079924,24.988808368102482,0],[121.53039036878386,24.98852346607531,0],[121.53023145349218,24.988343139777093,0],[121.52998774690872,24.98818368603679,0]]}},{"type":"Feature","properties":{"cadgeom_type":"CADLWPolyline","thickness":0,"color":"#FF0000FF"},"geometry":{"type":"LineString","coordinates":[[121.61745336130605,25.064386767398123,0],[121.61776901215107,25.064288876593885,0],[121.61776901215107,25.064288876593885,0],[121.61793475664072,25.064225146011456,0],[121.6179463854754,25.064220460979715,0],[121.61808798206673,25.06416127308145,0],[121.61833422406897,25.06404013036405,0],[121.6184899255755,25.063962490873454,0],[121.61870843862958,25.063850586967806,0],[121.61873199342986,25.06383851652261,0],[121.61875362904316,25.063827436011504,0],[121.61885496426234,25.063771007191008,0],[121.61891031531941,25.0637401873529,0],[121.61900141687933,25.06369049762019,0],[121.6192213457552,25.06356073095282,0],[121.6192213457552,25.06356073095282,0],[121.61939415017143,25.063446439189693,0],[121.61943710314551,25.063416036460588,0],[121.61959459827199,25.063306630083414,0],[121.61962043850248,25.063288151671077,0],[121.6196929264909,25.063236036114958,0],[121.61986359855453,25.063111945616225,0],[121.61992615348287,25.063067434954146,0],[121.62001110231013,25.062999924383067,0],[121.62009473164598,25.062929429586433,0],[121.62030939542264,25.062721378825554,0],[121.62042800918107,25.06259945229995,0],[121.62058211091109,25.062464020835897,0],[121.62069835211115,25.062366781743567,0],[121.6210783859293,25.061990778918062,0],[121.6210783859293,25.061990778918062,0],[121.62128720163166,25.061780352863124,0],[121.62128720163166,25.061780352863124,0],[121.62140000987023,25.061661457497497,0],[121.62148872123716,25.061558230519164,0],[121.62162306542953,25.061394058282712,0],[121.62175504998413,25.06123015378933,0],[121.62176536587411,25.061219017557896,0],[121.62179816948151,25.061183626007125,0],[121.62181597796308,25.061164404675537,0],[121.62198784346711,25.060978936280232,0],[121.62201430342081,25.06095410891365,0],[121.62238433456675,25.060593047872125,0],[121.62239763669263,25.06058006968631,0],[121.62240927972925,25.06056870360499,0],[121.62245619756533,25.06051229635941,0],[121.62257148403857,25.060373694855016,0],[121.62271413288926,25.06018930917228,0],[121.62282348519288,25.06004892929975,0],[121.62287110876092,25.059985207122253,0],[121.6229937521587,25.059821069593347,0],[121.62346911959075,25.05918065341485,0],[121.62379194720249,25.058740930634993,0],[121.62403315924064,25.05841370484946,0],[121.62408327421147,25.05834601129328,0],[121.624118498538,25.05829840596866,0],[121.62415998478954,25.058242358129146,0],[121.62419982645287,25.058186495946686,0],[121.62430511431788,25.058038860152873,0],[121.624415518877,25.05788404020952,0],[121.62459492870313,25.057637886788783,0],[121.62467456105664,25.05752864502098,0],[121.62489849573817,25.057220520506068,0],[121.62498323384861,25.05710391395843,0],[121.62519706248862,25.05678384039931,0],[121.62533794449133,25.05657446844921,0],[121.62537423141255,25.056522408755928,0],[121.62546925883946,25.056374831192805,0],[121.62569993860235,25.05601651630469,0],[121.6257174383544,25.055989341875783,0],[121.62576985868525,25.055907927158007,0],[121.62579153627293,25.05587426667528,0],[121.62591842514992,25.05571582821036,0],[121.62606632101874,25.055543195411484,0],[121.62608774441352,25.055518410127906,0],[121.62610639946692,25.055500684285764,0],[121.62613165136216,25.055476672481714,0],[121.62627131565667,25.05535542501973,0],[121.62630029852886,25.05533525646742,0],[121.6263444351429,25.05530455016515,0],[121.62637312373037,25.055287831184128,0],[121.62638625660112,25.05528017965106,0],[121.6264454335984,25.055245697837634,0],[121.62653522722313,25.05520383486988,0],[121.62670625696856,25.055176903085243,0],[121.62687527089366,25.055141057815884,0],[121.62696623873629,25.055121562114284,0],[121.62705266269458,25.055097327606504,0],[121.62712214745785,25.05510073484807,0],[121.62727304250089,25.055122318223248,0],[121.62735906359988,25.05514195574056,0],[121.62739979269429,25.05515125348399,0],[121.62751322161124,25.05519040478758,0],[121.62751322161124,25.05519040478758,0],[121.62775860299669,25.05530282885111,0],[121.62806414931646,25.055521674747485,0],[121.62806414931646,25.055521674747485,0],[121.62828024141616,25.055769554322474,0],[121.62835807443479,25.05586295955596,0],[121.62845554084232,25.056020026095048,0],[121.62851628059863,25.056118510795514,0],[121.62854761281243,25.05616931194741,0],[121.62859109623683,25.056254290795753,0],[121.62865344506673,25.05640607122231,0],[121.62870146815311,25.05655403261198,0],[121.62884628422557,25.057077260689386,0],[121.62891219999887,25.05735432825742,0],[121.6290122166113,25.057753589921806,0],[121.62902492136458,25.057797786828928,0],[121.62903173268316,25.057824614469602,0],[121.62904430887403,25.057874120193294,0],[121.6290985087638,25.05806951274552,0],[121.62918057862814,25.05830410723341,0],[121.62925956443028,25.058525079198226,0],[121.62942548154278,25.058829854937656,0],[121.62943505714318,25.05886163019274,0],[121.6293253877935,25.05891337973938,0],[121.62943827986801,25.059128963719655,0],[121.62944873256902,25.059148945758754,0],[121.62947850306763,25.059205791257845,0],[121.62947972066574,25.059208017326128,0],[121.62948893243741,25.05922484349179,0],[121.62957658087676,25.05933367732535,0],[121.62960268321716,25.059366088781395,0],[121.62964577197623,25.05944580522094,0],[121.62965691103338,25.059466426067576,0],[121.62971906779,25.059574574628304,0],[121.62978546749588,25.05968817170375,0],[121.62981558216208,25.05974422158768,0],[121.62996193801648,25.059989013500054,0],[121.62998769323593,25.06002451147336,0],[121.6300349361565,25.060007760489196,0],[121.63003933538852,25.06001523981414,0],[121.63009326389373,25.060107046485744,0],[121.63017244598835,25.060243154867937,0],[121.63023163159734,25.060349055563062,0],[121.63028566685227,25.060448020954507,0],[121.63031703289029,25.06049940838162,0],[121.63033510443152,25.060528990115653,0],[121.63035820325554,25.060566997114645,0],[121.63038516767247,25.06061288233165,0],[121.6304501598478,25.060723522352323,0],[121.63055447105988,25.06087610854777,0],[121.63062242326667,25.06097010071852,0],[121.63073470010649,25.061116540753375,0],[121.63089592427346,25.061326834277097,0],[121.63091366196632,25.061354875335084,0],[121.63103343821777,25.06154422609998,0],[121.63105318584081,25.06157139199939,0],[121.63123631871508,25.06181384566279,0],[121.63125868854694,25.06183724764887,0],[121.63148731834278,25.062062169668756,0],[121.63158297856036,25.062154656510828,0],[121.6317472592602,25.062313137245425,0],[121.6320252006236,25.062561546722577,0],[121.63240343380448,25.062871407402113,0],[121.63265707465506,25.063067828560882,0],[121.63278621654726,25.063167828175285,0],[121.6328668303466,25.063220684130425,0],[121.63308759128486,25.063364098432654,0],[121.63332849162238,25.06351718771937,0],[121.63343699529997,25.0635799849619,0],[121.6334543367967,25.0635893912313,0],[121.6337805267592,25.063734825507428,0],[121.63386731052573,25.063770634701086,0],[121.63394164557405,25.063801301332724,0],[121.63399517577886,25.06381888030373,0],[121.63409747262585,25.063852455370316,0],[121.63430724264924,25.06390985676899,0],[121.63451309642038,25.063951372173587,0],[121.63465059483948,25.063970814667947,0],[121.63484675955849,25.063997924784037,0],[121.63499738517706,25.064023626691068,0],[121.63520352264956,25.064064558042144,0],[121.63549426603394,25.064140789449016,0],[121.63558841232289,25.064178515178018,0],[121.63583165336651,25.0642871043369,0],[121.63602224381711,25.064405863841152,0],[121.6362179057948,25.0645546337169,0],[121.63646291579947,25.064800702060957,0],[121.63669505397506,25.06512983162761,0],[121.63678298292568,25.06525669984085,0],[121.63694218896397,25.06549478976648,0],[121.63700699752458,25.065588996517384,0],[121.63705063462695,25.06563168546559,0],[121.63722967990161,25.065863319920727,0],[121.63740870404463,25.0660918666684,0],[121.6376450937855,25.066398980034027,0],[121.63776953670848,25.06655375656991,0],[121.63794920156114,25.066785601595317,0],[121.63798779963246,25.066834806462985,0],[121.63792208343378,25.06688079727539,0],[121.63814880769503,25.067240726798367,0],[121.63818404065725,25.0673142545049,0],[121.63825549449928,25.06746813181249,0],[121.63829484470342,25.067547749157068,0],[121.63844400181871,25.067888459449435,0],[121.63862843411168,25.068282895867238,0],[121.63863321343732,25.068285183334915,0],[121.63865294204598,25.068294625784702,0],[121.63870413277294,25.068214005084553,0],[121.63874013766726,25.068279368949373,0],[121.6387827635161,25.068380899079273,0],[121.63909088084345,25.069114795452887,0],[121.6391081770745,25.06916087247493,0],[121.63918057461835,25.069388991610044,0],[121.63927580738334,25.069859833480276,0],[121.63931450708837,25.069981007972206,0],[121.63937180505044,25.070190103186583,0],[121.63945251955802,25.070484646062063,0],[121.6394907521489,25.070631000774796,0],[121.63952804903688,25.0707737473233,0],[121.63955081198678,25.070900398680504,0],[121.63961633849758,25.07108145915311,0],[121.63967225388232,25.071298087435228,0],[121.63972529275614,25.071477966844373,0],[121.63982914412156,25.071447555552155,0],[121.63982914412156,25.071447555552155,0],[121.6399007293749,25.071719845472302,0],[121.64006500404487,25.07229027974882,0],[121.64027212603536,25.072975973289793,0],[121.64041128853206,25.07347605729797,0],[121.64058816744338,25.074016998793454,0],[121.64073478131422,25.07444435283731,0],[121.64078289176835,25.074511562356776,0],[121.64083832766693,25.074589005289383,0],[121.64094227759131,25.074691087626768,0],[121.64102772903199,25.074757245030018,0],[121.64112715232439,25.07482025366093,0],[121.64120103440624,25.074862265979625,0],[121.64138309033764,25.07494488892498,0],[121.64150805792299,25.074988568980974,0],[121.64160221691102,25.07501421132727,0],[121.64211822571707,25.075137987869567,0],[121.64220244697907,25.075167264054432,0],[121.64234092257593,25.075208435510536,0],[121.64251934425899,25.075234860838176,0],[121.6428378869645,25.075312526729384,0],[121.64296352081634,25.075338743469125,0],[121.64315202460392,25.07538146720231,0],[121.64348980162742,25.075462527092277,0],[121.64410665361133,25.07560650836561,0],[121.6443207155349,25.07566011656831,0],[121.64444757099676,25.075689307274637,0],[121.64469413455976,25.07574753101265,0],[121.64498572808253,25.07581515951085,0],[121.64508700758213,25.075833074842837,0],[121.64511054327014,25.075836672959092,0],[121.64524775786585,25.075857645309306,0],[121.64538096829065,25.075877865839225,0],[121.64564168188625,25.075913217202693,0],[121.6457295826051,25.075926310462084,0],[121.6460076315053,25.07596907467118,0],[121.64630541048906,25.07600275155796,0],[121.64712992013997,25.076068925800236,0],[121.64768523801808,25.076109487991367,0],[121.6482211032777,25.076134975540263,0],[121.6482953291472,25.076137175285492,0],[121.64853457883632,25.076096477846928,0],[121.64862973722327,25.076073356847886,0],[121.6487048180169,25.076055940219952,0],[121.64892397884869,25.0760034703705,0],[121.64913692904257,25.075941883366905,0],[121.64940217991689,25.075848872478392,0],[121.64965695926753,25.075729147481017,0],[121.6496889105935,25.075715481368178,0],[121.6496990476318,25.075695480492453,0],[121.64976647302026,25.075523668006163,0],[121.64981396741882,25.07540914481448,0],[121.64988318515893,25.075277917497257,0],[121.64992608653378,25.075203262272392,0],[121.64996583994589,25.075141424459378,0],[121.65011853174595,25.07493993037312,0],[121.65011853174595,25.07493993037312,0],[121.65011853174595,25.07493993037312,0],[121.65011853174595,25.07493993037312,0],[121.65036452675481,25.0746399401881,0],[121.65036452675481,25.0746399401881,0],[121.65036452675481,25.0746399401881,0],[121.65042124222731,25.07443635648652,0],[121.65042268465155,25.07440221833956,0],[121.65042891257913,25.074243488090488,0],[121.65044754172622,25.073972112746375,0],[121.65044986858024,25.073769474291165,0],[121.65043325584213,25.073463635633598,0],[121.65052932958665,25.073468183231444,0],[121.65052299230675,25.073373767714997,0],[121.65051026178678,25.073229066516156,0],[121.65049073214496,25.07307665571747,0],[121.65045042007287,25.07287374940786,0],[121.65038086739399,25.072587746197705,0],[121.65035416060581,25.072491529060404,0],[121.65025859876633,25.072205376819657,0],[121.6501709605413,25.07196555780622,0],[121.64995399790871,25.071561173678187,0],[121.64973825380177,25.071139251807566,0],[121.6495721753107,25.070785675486512,0],[121.64902206135139,25.06959489007046,0],[121.64896761541958,25.069474229566048,0],[121.64896761541958,25.069474229566048,0],[121.6489603319295,25.069449956980534,0],[121.6489549020629,25.069425284978326,0],[121.64895135163026,25.069400330841173,0],[121.64894969750789,25.069375213192,0],[121.64894994755775,25.069350051430874,0],[121.64895210059,25.069324965167507,0],[121.6489561463688,25.06930007365265,0],[121.64896206566085,25.069275495211233,0],[121.64896206566085,25.069275495211233,0],[121.64897753797446,25.06925014856442,0],[121.64899487038096,25.069225820957495,0],[121.64901398232814,25.069202625451393,0],[121.64903478499348,25.069180669845583,0],[121.64905718169726,25.069160056177193,0],[121.64908106835166,25.069140880246696,0],[121.6491063339446,25.069123231172753,0],[121.64913286105566,25.069107190978027,0],[121.64916052640173,25.069092834208014,0],[121.64918920141004,25.069080227584607,0],[121.64918920141004,25.06908022758461,0],[121.64920960938565,25.069073341331936,0],[121.64923047641788,25.069067710866516,0],[121.64925170947282,25.069063361291338,0],[121.64927321388471,25.069060311998555,0],[121.64929489377798,25.069058576583178,0],[121.64929489377798,25.06905857658318,0],[121.64934907197787,25.069056756915383,0],[121.64940326728752,25.069058088424335,0],[121.64945725899611,25.069062565687382,0],[121.64951082722186,25.069070170470727,0],[121.6495114330677,25.069070227492357,0],[121.6495114330677,25.069070227492357,0],[121.6495114330677,25.069070227492357,0],[121.64963446543173,25.06907530691885,0],[121.64994211192511,25.069086652797868,0],[121.6499991715359,25.069088452100267,0],[121.65006929654037,25.069090655092875,0],[121.6503221490818,25.069098609678036,0],[121.6503666154777,25.069101773213287,0],[121.65046936383142,25.069104845413356,0],[121.65055852146567,25.069107515430282,0],[121.65065593663901,25.06911043176726,0],[121.65067914298326,25.06911112135859,0],[121.65081602741895,25.06910844976645,0],[121.65098125805046,25.06910522456559,0],[121.65115088927043,25.069101913906902,0],[121.65122438125283,25.069100477165623,0],[121.65144440033201,25.069093143744656,0],[121.65169571156815,25.069080318417544,0],[121.65192594390692,25.069068575441435,0],[121.65199304544603,25.069065153120004,0],[121.65243052701871,25.069023118797798,0],[121.65252185723499,25.06901250118573,0],[121.65259623521291,25.069003865923026,0],[121.65271850752318,25.068989662335586,0],[121.65286417097542,25.068966893787486,0],[121.65310462783152,25.06891808625124,0],[121.65322231207728,25.06889596945458,0],[121.65326977802494,25.068887052929306,0],[121.65341775038661,25.068866949208335,0],[121.65345983634518,25.06886140702548,0],[121.65346213261843,25.068861396918248,0],[121.65346213261843,25.068861396918248,0],[121.65359575978961,25.068848002067313,0],[121.65372996976329,25.068840936231794,0],[121.65386440144455,25.068840218422086,0],[121.65386440144455,25.068840218422086,0],[121.65387283912115,25.068840043031273,0],[121.65392654103799,25.068839792492014,0],[121.65392654103799,25.068839792492014,0],[121.65408603421596,25.06885137987515,0],[121.65424437490854,25.06887231173698,0],[121.65440090386741,25.068902500927386,0],[121.65440090386741,25.068902500927386,0],[121.65465730878523,25.06897212489368,0],[121.65483631123412,25.069041932134496,0],[121.65497301433967,25.069099592355283,0],[121.65515655136495,25.069202919473973,0],[121.65557480187955,25.069419230824494,0],[121.65580497712412,25.069564752196992,0],[121.65613831512663,25.069760883150963,0],[121.65638787426981,25.069896636790418,0],[121.65638787426981,25.069896636790418,0],[121.65666436303997,25.07005114948999,0],[121.65666483178009,25.070051411439458,0],[121.65732525821144,25.07044436185701,0],[121.65741189946563,25.070488987553713,0],[121.65761051077118,25.070629267112697,0],[121.6577179425421,25.070711942605932,0],[121.65786829185424,25.070857619716342,0],[121.65803727654868,25.071029362348856,0],[121.6581199314278,25.071132359028145,0],[121.65825243021837,25.07132194451942,0],[121.6583930651674,25.071607738660582,0],[121.65849356940029,25.071882929894386,0],[121.65854185888304,25.07208942909341,0],[121.65859118336466,25.07234007368933,0],[121.65870350392387,25.072830088700258,0],[121.65872457854896,25.072931245383685,0],[121.65875203902833,25.07306301429204,0],[121.65875669998594,25.073085416381907,0],[121.6587788642327,25.073191796890384,0],[121.65878893234813,25.07324008356567,0],[121.65882268827168,25.07340209481013,0],[121.65885287709146,25.07353447837522,0],[121.65887867597051,25.07368079612696,0],[121.65892252472598,25.073908680174764,0],[121.65898034053917,25.073902465996866,0],[121.65902680128256,25.07389747775993,0],[121.65904576118915,25.07398940527074,0],[121.65906577079696,25.074086493537582,0],[121.65916190151637,25.07436217631555,0],[121.65916237329807,25.0743636653099,0],[121.6592654586165,25.07468901284182,0],[121.6594024715396,25.075029915692618,0],[121.65943634585459,25.075090940920813,0],[121.65957508992122,25.075327511538042,0],[121.6596626282969,25.075447588052327,0],[121.65976058451741,25.0755757309784,0],[121.65990910040526,25.075751676784687,0],[121.66001600670481,25.075863136071142,0],[121.66012326167572,25.07597230114718,0],[121.66014486672425,25.075992882426675,0],[121.66015781778948,25.07600521136773,0],[121.66020047094484,25.076045861011817,0],[121.660223667538,25.076067954138498,0],[121.66026837124417,25.07609464953158,0],[121.66034991076954,25.07616503645559,0],[121.66036307645189,25.076176407776146,0],[121.66038276387964,25.076190305193844,0],[121.66041876974035,25.076215726875386,0],[121.6604192678661,25.076216411482697,0],[121.66047062810514,25.076252656164304,0],[121.66052077047291,25.07628383989638,0],[121.66053476900984,25.07629254546325,0],[121.66055143890041,25.07630258808315,0],[121.66069183174864,25.07638718685164,0],[121.66082777933369,25.076456957184767,0],[121.66110148992713,25.076589375364208,0],[121.66164723566746,25.076792570621592,0],[121.66322158289566,25.077378900260765,0],[121.6637595491497,25.077577918378207,0],[121.66441484823669,25.07785624644493,0],[121.6645036869611,25.078155602844166,0],[121.66456252065218,25.07838204878306,0],[121.6645841598329,25.078465354698718,0],[121.6646626018242,25.078767258482532,0],[121.66467182302584,25.078802854126195,0],[121.66469066694337,25.078875398358537,0],[121.66476454933583,25.079164220309263,0],[121.66542994676158,25.07909005938132,0],[121.6657242304641,25.079093181150434,0],[121.66577775213712,25.07909181619561,0],[121.66582645245337,25.079091558551443,0],[121.66594007086715,25.079099123081615,0],[121.66626139169746,25.079133942118585,0],[121.66643467238387,25.079168076161668,0],[121.66655167565736,25.079212190802203,0],[121.66677267891278,25.079317829898166,0],[121.66701110834626,25.079456531136913,0],[121.66746530112938,25.07972110006369,0],[121.66746530112938,25.07972110006369,0],[121.668365737475,25.080299420884906,0],[121.66930352685421,25.080884017412195,0]]}},{"type":"Feature","properties":{"cadgeom_type":"CADLWPolyline","thickness":0,"color":"#FF0000FF"},"geometry":{"type":"LineString","coordinates":[[121.6242924130331,25.05481707292593,0],[121.62423718950663,25.054847265839424,0],[121.62406476047951,25.05494143129587,0],[121.62394175295427,25.055024694180776,0],[121.62384491695582,25.055106775959903,0],[121.62377002747772,25.05519265007791,0],[121.6237035496437,25.055270293454676,0],[121.6236283655723,25.05538846078302,0],[121.62354013797628,25.055547470027008,0],[121.62335206082233,25.055879642147946,0],[121.62322532184442,25.056107017817382,0],[121.62306582625702,25.056396083610064,0],[121.6228949139895,25.056689020723915,0],[121.62282893207572,25.056802655889136,0],[121.62276749825539,25.056906420712036,0],[121.62273751377421,25.056941786181838,0],[121.62266971393228,25.056980270143942,0],[121.62260638355491,25.056998610629368,0],[121.62253304616922,25.057000924078732,0],[121.62246298661577,25.05698417098404,0],[121.62239510173022,25.056960404108146,0],[121.6222619442239,25.056851453796646,0],[121.6219084456564,25.05656506842947,0],[121.62158341111795,25.05628868344194,0],[121.62132831348919,25.056070819370426,0],[121.62158341111795,25.05628868344194,0],[121.6219084456564,25.05656506842947,0],[121.6222619442239,25.056851453796646,0],[121.62239510173022,25.056960404108146,0],[121.62246298661577,25.05698417098404,0],[121.62253304616922,25.057000924078732,0],[121.62260638355491,25.056998610629368,0],[121.62266971393228,25.056980270143942,0],[121.62273751377421,25.056941786181838,0],[121.62276749825539,25.056906420712036,0],[121.62282893207572,25.056802655889136,0],[121.6228949139895,25.056689020723915,0],[121.62306582625702,25.056396083610064,0],[121.62322532184442,25.056107017817382,0],[121.62335206082233,25.055879642147946,0],[121.62354013797628,25.055547470027008,0],[121.6236283655723,25.05538846078302,0],[121.6237035496437,25.055270293454676,0],[121.62377002747772,25.05519265007791,0],[121.62384491695582,25.055106775959903,0],[121.62394175295427,25.055024694180776,0],[121.62406476047951,25.05494143129587,0],[121.62423718950663,25.054847265839424,0],[121.6242924130331,25.05481707292593,0],[121.62510443455129,25.054402590618984,0],[121.62514635292428,25.05447431654958,0],[121.62538852906492,25.054353293054184,0],[121.62546663942722,25.0543183661163,0],[121.62557417361299,25.05428322374689,0],[121.62618441472486,25.05405556239938,0],[121.62628664540387,25.054023120701697,0],[121.62661406738913,25.053918731858364,0],[121.62705915492768,25.053818985622275,0],[121.6272441895501,25.053780717080112,0],[121.62746730361641,25.053743469444743,0],[121.62765635595034,25.053729185850614,0],[121.6277338029175,25.053736880918542,0],[121.6277338029175,25.053736880918542,0],[121.62779955657494,25.053747570509056,0],[121.62786442763124,25.053762059563304,0],[121.62792815178601,25.053780289049314,0],[121.62799046941136,25.05380218469568,0],[121.62799046941136,25.05380218469568,0],[121.62802875214837,25.05381471108083,0],[121.62806611109085,25.053829370316944,0],[121.62810240319303,25.053846106274516,0],[121.62813748949384,25.05386485487237,0],[121.62817123564894,25.05388554432297,0],[121.62820351244522,25.053908095407348,0],[121.62820437238705,25.05390854798165,0],[121.62823093597541,25.053908303033445,0],[121.62841396770297,25.053934319919176,0],[121.62845126024077,25.053950102312445,0],[121.62858369483911,25.054032452153287,0],[121.62860461530839,25.05404546080341,0],[121.62865751257769,25.054078353050183,0],[121.6286524408515,25.05405495812409,0],[121.62906452128037,25.05419163405863,0],[121.62887520341741,25.05420537440026,0],[121.62897511552391,25.05427779725033,0],[121.6290341694413,25.05438968313757,0],[121.62905909077884,25.054431064526856,0],[121.62905909077884,25.054431064526856,0],[121.62911348292407,25.054520852863938,0],[121.62928137597274,25.054796018650727,0],[121.6292933120923,25.05481603833853,0],[121.62934591504383,25.054898562459105,0],[121.62938811352615,25.05498981986959,0],[121.62943267218645,25.055089612794646,0],[121.62950388159949,25.05522955206667,0],[121.62955606401651,25.05531795598589,0],[121.62962455766814,25.055433993067936,0],[121.6296808106967,25.055528826307796,0],[121.62976738419616,25.055695603374332,0],[121.62980625197847,25.055784619440146,0],[121.62983794893621,25.055861795452692,0],[121.62988585703494,25.05599670496654,0],[121.62994490390827,25.056180623910127,0],[121.62996608797222,25.056289994020197,0],[121.62999799589917,25.05645397562364,0],[121.63005127649251,25.056685543971362,0],[121.63016288204544,25.05708623764525,0],[121.63017616559016,25.057120168712913,0],[121.63038080480992,25.05764602101081,0],[121.63055258616507,25.058065017888374,0],[121.63085959145401,25.058571328012,0],[121.63102208590534,25.058835394774878,0],[121.63115861272665,25.059079666687577,0],[121.63146256003863,25.059610128196102,0],[121.63165108267229,25.059938325768755,0],[121.6317742690802,25.060145484393026,0],[121.63190154407121,25.060293933994142,0],[121.63218544379095,25.060623012353677,0],[121.63242115245096,25.060895607099166,0],[121.6325098611797,25.0609962072625,0],[121.63265998310173,25.061140702336438,0],[121.63286680471222,25.06134656404055,0],[121.63286733337193,25.06134709024538,0],[121.63324750310679,25.061734372292104,0],[121.63369266137806,25.062196001299682,0],[121.6337503700116,25.06225548125677,0],[121.63393256696305,25.06241981122546,0],[121.63399290560396,25.062466241964643,0],[121.63416701010908,25.06260024008204,0],[121.63428139784472,25.06268674983353,0],[121.63441977134708,25.06279592233658,0],[121.63448913631474,25.06283300679868,0],[121.63456120423338,25.062863743832974,0],[121.63463897453296,25.062887847058004,0],[121.63470121566594,25.06289827942722,0],[121.63476542134624,25.062907739761815,0],[121.63482083994214,25.06291540756909,0],[121.6348385691673,25.06291458852368,0],[121.6349899274028,25.062887094703438,0],[121.63512992613447,25.062861507810677,0],[121.63530426038282,25.06282288966773,0],[121.63548714932494,25.06279322790842,0],[121.63562740300561,25.06279478105415,0],[121.63580659142676,25.062817854594954,0],[121.63599234759553,25.062850418678405,0],[121.63603889221963,25.062861844065342,0],[121.63612459774826,25.062885055012977,0],[121.63620069819542,25.062913127604364,0],[121.63627232618337,25.062940977626656,0],[121.63636785052584,25.06297920130835,0],[121.6364157995409,25.06300328384955,0],[121.6364656003951,25.063030453786162,0],[121.63651101910189,25.06305726304672,0],[121.63658782208302,25.063107442386208,0],[121.63659516334933,25.06311257833145,0],[121.63665862708356,25.06315966041176,0],[121.63684782605739,25.063307472257566,0],[121.63686048065239,25.063318242914256,0],[121.63722578615804,25.06362915054713,0],[121.63734200249998,25.063728058306385,0],[121.63752234024825,25.063886757513863,0],[121.6375714042523,25.063934221692453,0],[121.6375419256593,25.063956907812493,0],[121.63811166054724,25.064570798704633,0],[121.63815126219812,25.06454163611883,0],[121.63824442898135,25.064641792629544,0],[121.63832708932085,25.064734264092735,0],[121.63839829719944,25.064822376078055,0],[121.63846760362763,25.064916391568964,0],[121.63854815280449,25.06503749446772,0],[121.63861695900249,25.06515021144706,0],[121.63883853689677,25.06552178756918,0],[121.63920506396752,25.06620849032053,0],[121.63934013472164,25.066507928387907,0],[121.63943287618758,25.066723506208607,0],[121.63955309226438,25.067050763379182,0],[121.63956821415859,25.06709193438002,0],[121.63966803880493,25.06736368636632,0],[121.63966803880493,25.06736368636632,0],[121.63966803880493,25.06736368636632,0],[121.63966803880493,25.06736368636632,0],[121.6397059441031,25.067465160128172,0],[121.63963617650201,25.067481921130376,0],[121.63974810059834,25.06788284570588,0],[121.63975362427747,25.067903469644467,0],[121.63977101691964,25.067960389400895,0],[121.64001092645024,25.068598563576703,0],[121.64007760341762,25.068775945362965,0],[121.64030499121391,25.06938085990317,0],[121.6403840783891,25.069361425812094,0],[121.64038646565083,25.069360833910174,0],[121.64052722086402,25.06977140951625,0],[121.6405363983741,25.069774874687337,0],[121.64057554912642,25.069789650998928,0],[121.64058470679203,25.06979310718146,0],[121.64061760744336,25.06989048365618,0],[121.64064180701388,25.06998078279816,0],[121.64067965655043,25.07017935096501,0],[121.6407340446766,25.070464650530152,0],[121.64073333076291,25.07050306558247,0],[121.6408431845778,25.071087628394615,0],[121.64098287357757,25.071867842160387,0],[121.641021918712,25.07207230344956,0],[121.64103686614702,25.072150572269123,0],[121.6410409021819,25.072171706022772,0],[121.64107471448048,25.07234875591385,0],[121.64111505880246,25.072508790007056,0],[121.64113085973187,25.072589880512453,0],[121.64113777340864,25.07274917986888,0],[121.64113777340864,25.07274917986888,0],[121.64116782868336,25.07286369155663,0],[121.64116782868336,25.07286369155663,0],[121.64116782868336,25.07286369155663,0],[121.64116782868336,25.07286369155663,0],[121.64121655855035,25.073009676298774,0],[121.64127615501064,25.073152277479274,0],[121.64127615501064,25.073152277479274,0],[121.64132213877885,25.07324597822062,0],[121.64137290224076,25.07333760925934,0],[121.64137349428349,25.073338620040058,0],[121.64137349428349,25.073338620040058,0],[121.64141411007941,25.073384673544968,0],[121.6415740604356,25.073567361803864,0],[121.64164469743898,25.073610345609445,0],[121.64198070537778,25.07381478809923,0],[121.64198070537778,25.07381478809923,0],[121.64199514301646,25.07382357275408,0],[121.64230858870002,25.073979975921795,0],[121.6425506050859,25.074082005674217,0],[121.6431210097393,25.07432247093731,0],[121.64321352424368,25.074349171980543,0],[121.64333597315826,25.07438451242636,0],[121.6435018372707,25.07443238290225,0],[121.6435018372707,25.07443238290225,0],[121.6435018372707,25.07443238290225,0],[121.64388317832973,25.074542445667426,0],[121.64388317832973,25.074542445667426,0],[121.6440765352741,25.074598252808876,0],[121.64412323609848,25.07456535384195,0],[121.6441017207215,25.074429781078592,0],[121.6440994687919,25.074415591193567,0],[121.64407052019759,25.074233179654104,0],[121.64402506073625,25.074091648884774,0],[121.64405663468226,25.07405094640847,0],[121.64421900284556,25.074094408066234,0],[121.64430559649124,25.07414749439946,0],[121.64437910545442,25.074320762594844,0],[121.64438526535386,25.074335282087446,0],[121.64439262788373,25.074348974911306,0],[121.64443529830157,25.074428333231946,0],[121.6445632618289,25.074666318723917,0],[121.64461915069477,25.074709242677443,0],[121.64469501577796,25.07475795318886,0],[121.64508931168358,25.07480287341245,0],[121.64513551986217,25.07480536435139,0],[121.64517966601633,25.07480776043538,0],[121.64535859331531,25.074814829822447,0],[121.64535859331531,25.074814829822447,0],[121.64535859331531,25.074814829822447,0],[121.64555694301602,25.074814745435802,0],[121.6455621520482,25.074896496905662,0],[121.6460661696244,25.07492976586205,0],[121.64638066650862,25.074945995773348,0],[121.64663329869671,25.074946590139835,0],[121.64663329869671,25.074946590139835,0],[121.64710808691093,25.074934856406347,0],[121.64744250065705,25.074906803291647,0],[121.64767820444857,25.074891405902225,0],[121.64810326287724,25.074897495785535,0],[121.64810326287724,25.074897495785535,0],[121.64831788584341,25.074874211867865,0],[121.6484943031751,25.074838415924468,0],[121.64861720937402,25.07479007632807,0],[121.64870017120087,25.07474433401185,0],[121.64882327424517,25.074666951383666,0],[121.64894389594076,25.074578303598496,0],[121.64901214084624,25.07451865725744,0],[121.64913700022713,25.074405136550716,0],[121.64913700022713,25.074405136550716,0],[121.64920408202943,25.074325287316714,0],[121.64920408202943,25.074325287316714,0],[121.64920408202943,25.074325287316714,0],[121.64923708240107,25.074270660910912,0],[121.64926631427795,25.074214282025807,0],[121.64929166598861,25.07415636604997,0],[121.64931304068568,25.074097134243928,0],[121.64933035671581,25.07403681289489,0],[121.64934354793155,25.073975632452115,0],[121.64935256394399,25.073913826646606,0],[121.64935737031516,25.07385163159811,0],[121.64936247153508,25.07376850578833,0],[121.64936591959227,25.0735548887999,0],[121.6493442124294,25.073427167056288,0],[121.64933109763841,25.073338579030587,0],[121.64928328379764,25.073121968142466,0],[121.64923792518985,25.072978012257458,0],[121.64923003132385,25.072954105785254,0],[121.64919774014484,25.0728206207564,0],[121.64911790467718,25.072588890197544,0],[121.64911790467718,25.072588890197544,0],[121.64899277053898,25.072298809834876,0],[121.64893006707135,25.072168372086338,0],[121.6488401599901,25.072264616236478,0],[121.6486395186343,25.07223498375911,0],[121.64840426200638,25.07224217907165,0],[121.64820208702687,25.07223235644496,0],[121.64820872041439,25.0721278356196,0],[121.64821077269073,25.071951201355215,0],[121.64819558318827,25.071817983565822,0],[121.6481991891215,25.071790856038724,0],[121.6482387742813,25.071492182570037,0],[121.64820159433535,25.07137195876848,0],[121.64819595932178,25.071230883915277,0],[121.64823046423764,25.07108826784627,0],[121.648255978902,25.07107357793817,0],[121.64818675939317,25.07096694786855,0],[121.6481132107302,25.070853664671407,0],[121.64789464473668,25.07047902600135,0],[121.64779466075504,25.070527543251593,0],[121.64769264610149,25.07036932716761,0],[121.64765469991391,25.070303620217636,0],[121.64765469991391,25.070303620217636,0],[121.64749453057436,25.07003233448785,0],[121.64749453057436,25.07003233448785,0],[121.64743449333153,25.069925680114338,0],[121.64738180053436,25.06981585309576,0],[121.64733665321877,25.06970327249001,0],[121.6472992236286,25.069588367860526,0],[121.64726965455841,25.069471577637103,0],[121.6472480588093,25.069353347443013,0],[121.6472345187585,25.069234128394637,0],[121.6472345187585,25.069234128394637,0],[121.64722868848953,25.069142910718394,0],[121.64722921562154,25.069051539865193,0],[121.64723609802198,25.06896038302804,0],[121.64724930801846,25.068869806539038,0],[121.6472687925101,25.068780174397286,0],[121.64729447318133,25.068691846806054,0],[121.64732624681652,25.06860517872525,0],[121.64736398571522,25.068520518445,0],[121.64740753820551,25.068438206186052,0],[121.64740753820551,25.068438206186052,0],[121.64748004326717,25.068328389740888,0],[121.64755867209185,25.068222126568514,0],[121.64764321524125,25.06811969969372,0],[121.64764321524125,25.06811969969372,0],[121.64771590241355,25.068044559349435,0],[121.64779381982562,25.06797390097887,0],[121.64787663509233,25.067908025992875,0],[121.6479639949374,25.067847215397126,0],[121.64810879040314,25.067762463942334,0],[121.64829901195324,25.06768702634172,0],[121.64848884560918,25.06762898080894,0],[121.64858638979025,25.06761645370714,0],[121.64892276691621,25.067623950858174,0],[121.64902968201697,25.06762633476359,0],[121.64919287616826,25.067629971675547,0],[121.65028960712958,25.067654408538854,0],[121.65096426483245,25.0676694443242,0],[121.6510149766802,25.06767057840727,0],[121.65157895259179,25.0676831379148,0],[121.65171881656137,25.06768625061196,0],[121.65218618630492,25.067696664888405,0],[121.6523646461076,25.067693963031545,0],[121.65259646632377,25.06767890741849,0],[121.65297362683945,25.06762857799797,0],[121.6530267395988,25.067617116391677,0],[121.65317750728487,25.067590537428107,0],[121.65346169094468,25.06754872298725,0],[121.65353230932588,25.067542071048706,0],[121.65378050216674,25.067536450855357,0],[121.65403507802469,25.06757191928526,0],[121.6541466737598,25.067601579384394,0],[121.65431206998657,25.067642143783843,0],[121.65442958568856,25.06767467026116,0],[121.65442958568856,25.06767467026116,0],[121.65456609883846,25.06771130754222,0],[121.65463993184493,25.06773029029898,0],[121.65466616888011,25.067740992332514,0],[121.65482043037645,25.067781909133096,0],[121.65482043037645,25.067781909133096,0],[121.65482043037645,25.067781909133096,0],[121.65490413428479,25.067816763480085,0],[121.65504330808835,25.067874715367882,0],[121.65505524290415,25.06787895639045,0],[121.65518849587521,25.067916296205187,0],[121.65536336224837,25.06797074835181,0],[121.65560977693642,25.068054129648733,0],[121.65569729489425,25.068104300336987,0],[121.65568362577929,25.068126115071497,0],[121.6558781156309,25.06826568388968,0],[121.65594853674997,25.068316172528657,0],[121.65601379240624,25.06836442836963,0],[121.65602958178465,25.068375370887722,0],[121.65605367538329,25.06839294833623,0],[121.65609910668248,25.068431621218867,0],[121.65611126623607,25.0684417864307,0],[121.6561618668956,25.06848042605673,0],[121.65619281026353,25.06850558055842,0],[121.65623279442556,25.068538505833274,0],[121.65627407854376,25.068571978883636,0],[121.65631513188498,25.068604405209655,0],[121.65633828730972,25.068623230552877,0],[121.65635899515924,25.068634956466763,0],[121.6564062355722,25.068660787612785,0],[121.65644327071998,25.06868271811067,0],[121.65647161209229,25.068700309444452,0],[121.65650541605845,25.06872029354464,0],[121.65655057200051,25.06874500083514,0],[121.65659138089337,25.068767614370273,0],[121.65663157604801,25.068790518160657,0],[121.65665771429511,25.068804192432253,0],[121.65667039389193,25.06880991319937,0],[121.65671019109193,25.068828592832304,0],[121.6567635924708,25.06885280308999,0],[121.65681113214004,25.068871943804925,0],[121.65685741143277,25.068890500522606,0],[121.65690806960089,25.06890824392252,0],[121.65694004719671,25.06891989932562,0],[121.65695253495238,25.0689231032671,0],[121.65698561472038,25.06893181311198,0],[121.65703572728412,25.068946903380613,0],[121.65708353033493,25.06895959766768,0],[121.6571347452803,25.068973474174,0],[121.65718052150194,25.06898639117193,0],[121.65722445361646,25.068998308556644,0],[121.65727521081335,25.06901232311047,0],[121.65732194980916,25.06902490222055,0],[121.65737417620691,25.06903973497235,0],[121.65743009134314,25.0690551191413,0],[121.65756010200816,25.06908658682411,0],[121.65761401445249,25.069105433086563,0],[121.65766457344873,25.069119429895466,0],[121.65772218624892,25.06913548269609,0],[121.65778278955624,25.069152392041584,0],[121.65779752579546,25.069156521374477,0],[121.65779752579546,25.069156521374477,0],[121.6578651345868,25.069175474892532,0],[121.6578651345868,25.069175474892532,0],[121.65803767804175,25.06922538057739,0],[121.65807058671658,25.06924038296344,0],[121.65811592052468,25.06926105392424,0],[121.65817007698301,25.06928574946874,0],[121.65818273035711,25.06929151683734,0],[121.65826545855799,25.06932919320642,0],[121.65840558750725,25.069447367744704,0],[121.65853634303654,25.069555713913893,0],[121.65867068266276,25.06968071725785,0],[121.65879774419258,25.06981191193599,0],[121.65895041951326,25.069987158661593,0],[121.65902997634257,25.070086646291013,0],[121.65917854439854,25.070257100712748,0],[121.65923406524729,25.070309223540022,0],[121.65932471899008,25.070406443062538,0],[121.65936708137674,25.070462368596317,0],[121.6594474717775,25.070602319734988,0],[121.65948912870331,25.070680881277084,0],[121.65950993067695,25.07072384270791,0],[121.65955211130417,25.07081797339118,0],[121.65963010526913,25.070997688913085,0],[121.65971617122698,25.071244696222923,0],[121.65977196045536,25.07138968406972,0],[121.65978526256848,25.071428260677873,0],[121.65980879098575,25.071503488324996,0],[121.65981457481902,25.07152199688447,0],[121.6598263035906,25.07156379722495,0],[121.6598263035906,25.07156379722495,0],[121.65982919091626,25.071578175975585,0],[121.65990534954473,25.071885265112005,0],[121.65996566913998,25.07213024542718,0],[121.66002914459573,25.072393735743326,0],[121.66006509558042,25.072618688695933,0],[121.6601374936133,25.072988560470744,0],[121.66025875063977,25.073359867850005,0],[121.66029760639297,25.073478849532847,0],[121.66032211236339,25.073553890069583,0],[121.66051904838822,25.074007837930644,0],[121.66060739108786,25.074169852282076,0],[121.66070644986931,25.074356845081446,0],[121.66070644986931,25.074356845081446,0],[121.66091336431273,25.07470564950021,0],[121.6611528648299,25.075092797865125,0],[121.66136729728525,25.0753190200658,0],[121.66143250878751,25.075386920583345,0],[121.66152698477967,25.075465095174064,0],[121.66162126076384,25.075529023023996,0],[121.66181072012228,25.075655430778852,0],[121.66198652800924,25.075763004426168,0],[121.66200351066576,25.075769058951373,0],[121.66227837623953,25.075861764261706,0],[121.66243448756822,25.075899714686635,0],[121.66259554095001,25.07594137232774,0],[121.66265153973887,25.07595645585446,0],[121.6627527812014,25.075983957124812,0],[121.6629900377283,25.076047333168333,0],[121.6631141523464,25.076081255973552,0],[121.66325607661406,25.076120046461693,0],[121.6633134042031,25.076135715121595,0],[121.66345430328832,25.07617340070068,0],[121.66352454186902,25.07619218701536,0],[121.66362880914218,25.076220074709564,0],[121.66379373009498,25.076264852639945,0],[121.663936470333,25.07630337262146,0],[121.66406507636495,25.076343132955433,0],[121.66429234904828,25.076429416924892,0],[121.66439921275015,25.07646998737622,0],[121.66446978359382,25.076497045623977,0],[121.66459762581647,25.076551810065624,0],[121.6646261560265,25.07656374488434,0],[121.6646975352617,25.076592227020214,0],[121.66486635600704,25.076659589612266,0],[121.66499501944627,25.07671265766864,0],[121.66504627410417,25.076733908430025,0],[121.66507783834479,25.07674709698303,0],[121.66513471064198,25.07677085971609,0],[121.66519437265683,25.076795787532692,0],[121.66526775709438,25.07682919304508,0],[121.66528893464864,25.076838833154124,0],[121.66548871705916,25.07692837763633,0],[121.66551245375692,25.076940155237573,0],[121.66558870574666,25.076986084051704,0],[121.66564208742697,25.077020820103648,0],[121.66566779683907,25.077038218507894,0],[121.66571328821931,25.077069710308606,0],[121.66588556431964,25.077178221004544,0],[121.66611578442951,25.077326256413198,0],[121.6661337177966,25.0773378737771,0],[121.66629675618238,25.0774376436055,0],[121.66636240433444,25.077479935205982,0],[121.66639632099958,25.07750659708093,0],[121.66643140947099,25.077534180196995,0],[121.66654300641775,25.07761977511641,0],[121.66679641268475,25.07778251945492,0],[121.66713555836323,25.078010521139905,0],[121.66724010543207,25.078087015631123,0],[121.66730279204674,25.078132881652607,0],[121.66737617459287,25.07818651528915,0],[121.66750790421644,25.078282792816598,0],[121.66775403403526,25.078460352476082,0],[121.66778047878695,25.078474504003225,0],[121.66778047878695,25.078474504003225,0],[121.66778047878695,25.078474504003225,0],[121.66784396453393,25.078525220897504,0],[121.66807502456311,25.078691874736567,0],[121.66824196847566,25.078812269156995,0],[121.66824196847566,25.078812269156995,0],[121.66831843266854,25.078867404358604,0],[121.66841787512075,25.078939107640995,0],[121.66841787512075,25.078939107640995,0],[121.66843576632596,25.07895200807634,0],[121.66848737332032,25.07898921912308,0],[121.66852999984428,25.079019954693223,0],[121.66857130264484,25.079049735681313,0],[121.66857130264484,25.079049735681313,0],[121.668884919034,25.079275814213158,0],[121.66890589056884,25.079290931678585,0],[121.66895215905853,25.07932582889854,0],[121.66899918151904,25.079361500293647,0],[121.6690344028255,25.07938785954964,0],[121.66906886255634,25.07941384996947,0],[121.66907742450913,25.079420307605144,0],[121.66914601343342,25.079470631392425,0],[121.669217575532,25.079523136297432,0],[121.66929591218567,25.079580611326374,0],[121.66934575773583,25.079617182457163,0],[121.66940736602608,25.079662300741,0],[121.66964354462313,25.079835262177514,0],[121.66975962354368,25.079921767020046,0],[121.66986918383998,25.08000341358041,0],[121.67002632303817,25.080127488696963,0],[121.67004352910398,25.080141074389143,0],[121.66998989701318,25.080210241313516,0],[121.66998989701318,25.080210241313516,0],[121.67007530242778,25.080277246192544,0],[121.67019582533592,25.08037572731341,0],[121.67024462512788,25.080414013578707,0],[121.67028070870911,25.080446355619358,0],[121.67047400291143,25.08061647494739,0],[121.67055499655616,25.08068709226426,0],[121.67075212911033,25.080877477322822,0]]}},{"type":"Feature","properties":{"cadgeom_type":"CADLWPolyline","thickness":0,"color":"#FF0000FF"},"geometry":{"type":"LineString","coordinates":[[121.70455865198197,25.093852218833803,0],[121.70462734588892,25.093697933539072,0],[121.70469490704814,25.09368846408104,0],[121.7046529292874,25.093607311433374,0],[121.7047700472979,25.09339750908364,0],[121.70487880530625,25.093291216752547,0],[121.70498035074573,25.09321238542072,0],[121.70501450934825,25.093190535303933,0],[121.70524588400748,25.09303902424041,0],[121.70524719986489,25.093038162316134,0],[121.70572329839376,25.092726234977544,0],[121.70588890979424,25.09260001023758,0],[121.70591460305718,25.092585283861464,0],[121.70595319786295,25.092560930441437,0],[121.7060027406833,25.092531569985706,0],[121.70614426517702,25.09244838272712,0],[121.70630942304336,25.092350301778126,0],[121.70636449536084,25.09231386814546,0],[121.70647038144305,25.092242427362898,0],[121.70663809059405,25.09213226215814,0],[121.70663809059405,25.09213226215814,0],[121.70668478723998,25.092106075136407,0],[121.70673327540214,25.092082743807378,0],[121.70673327540214,25.092082743807378,0],[121.7067805217008,25.09206338135836,0],[121.70682900471768,25.092046746202826,0],[121.70687853482153,25.092032903405514,0],[121.70692891828578,25.092021907109455,0],[121.7069799580464,25.092013800324185,0],[121.70703145447246,25.09200861475752,0],[121.70703145447246,25.09200861475752,0],[121.70706946419837,25.09201120015582,0],[121.70710726071475,25.092015682035637,0],[121.70714473000139,25.092022046876497,0],[121.70718175902522,25.092030275477654,0],[121.70731563573686,25.09210439721398,0],[121.70765216044674,25.09230319124354,0],[121.70770747716016,25.092594086638254,0],[121.70791411419859,25.092707065230435,0],[121.70800142107184,25.092754802446454,0],[121.70801771042929,25.0927637085211,0],[121.70812299354604,25.092762789215104,0],[121.7081759761796,25.092686251902244,0],[121.70824528095035,25.092719568716266,0],[121.70839131319008,25.092867193394262,0],[121.70866215202396,25.093249258000505,0],[121.70894881462705,25.093650913667503,0],[121.70907388183403,25.093830706194666,0]]}},{"type":"Feature","properties":{"cadgeom_type":"CADLWPolyline","thickness":0,"color":"#FF0000FF"},"geometry":{"type":"LineString","coordinates":[[121.710227760949,25.093825186534698,0],[121.71023237336408,25.093799101463546,0],[121.71024648630531,25.09373212944165,0],[121.71026157509047,25.093660535382547,0],[121.71029413875303,25.093549156577268,0],[121.71033501654068,25.09350760005105,0],[121.71034153250105,25.09336844942894,0],[121.71032499483292,25.093351590828732,0],[121.71029938308064,25.09322185775012,0],[121.71028154678578,25.093175202978916,0],[121.71025700515078,25.09311100884444,0],[121.71022868052336,25.093036919355175,0],[121.71022758748508,25.09303170146562,0],[121.71021655033415,25.092978985697275,0],[121.71020983504982,25.09294691231348,0],[121.71020191503132,25.092909093207943,0],[121.71019519875802,25.092877018020058,0],[121.71018768639621,25.092841152355263,0],[121.71013683601603,25.092789592017095,0],[121.7101232478771,25.092775814154063,0],[121.7100683859009,25.092720192798716,0],[121.70989110850212,25.092665629675523,0],[121.70978796351869,25.09265436602161,0],[121.7097101816309,25.092547686358746,0],[121.70958220129589,25.092392887179052,0],[121.70944244676846,25.092252498110994,0],[121.70930987009129,25.092142561650206,0],[121.70920738581887,25.09207255039594,0],[121.70895687480615,25.091897478472454,0],[121.70875197157507,25.09177735948093,0],[121.70860227902351,25.091680974263877,0],[121.70858653589252,25.091662271836736,0],[121.70850135748576,25.09156239874642,0],[121.70826341553126,25.091405135403193,0],[121.70814818209219,25.091328811981146,0],[121.7080298280307,25.09125043035094,0],[121.70800993138144,25.091229350577812,0],[121.70784980052144,25.09105969741195,0],[121.70741215255666,25.090878066580753,0],[121.70737851839965,25.090906569324236,0],[121.70731012125202,25.090865175328616,0],[121.70728703519576,25.09089496610719,0],[121.70723527376383,25.090895108113155,0],[121.7071861736607,25.090822615940798,0],[121.70712926417058,25.090822771221905,0],[121.70712776062867,25.090851499577916,0],[121.70709809300033,25.09085366078899,0],[121.70706967094137,25.0908422834809,0],[121.70696942789995,25.090859861415588,0],[121.70688961133449,25.090859792336236,0],[121.70687824638661,25.09086329196675,0],[121.70682499207165,25.090879693039145,0],[121.70676321097328,25.090884928940774,0],[121.70670610086192,25.09088115751048,0],[121.70664926474021,25.090861587704307,0],[121.70649470498392,25.090824697663855,0],[121.70648515551913,25.090842629744,0],[121.70641493214247,25.090867023398147,0],[121.70637666075751,25.09092757283135,0],[121.70630890142176,25.09095756991708,0],[121.70623822661607,25.090983474092447,0],[121.70621170258991,25.091040788331572,0],[121.70618011018495,25.091070525954166,0],[121.70618011018495,25.09107052595416,0],[121.70617398704405,25.0910705173455,0],[121.7061678767173,25.091070156691558,0],[121.70616180358816,25.09106944543154,0],[121.70615579189158,25.091068386403755,0],[121.70614986561745,25.091066983834274,0],[121.70614986561745,25.09106698383428,0],[121.70603064616384,25.091179443810326,0],[121.70603064616384,25.091179443810326,0],[121.70600365650968,25.09119039836244,0],[121.70597717982393,25.09120234600677,0],[121.70591082798039,25.091197260185243,0],[121.70584593901975,25.091244372585354,0],[121.70579778222995,25.091322110893376,0],[121.70566643874322,25.091421463749192,0],[121.70547511647088,25.091553761449262,0],[121.70508206173429,25.09185750502948,0],[121.70469907435202,25.092180109758203,0],[121.70425297687346,25.09253716520007,0],[121.70393912721597,25.092816728922415,0],[121.70377098377843,25.092997142155667,0],[121.7037639561074,25.093009807076204,0],[121.70374643202376,25.0930091050478,0],[121.70374073724028,25.09302792804569,0],[121.70371711209351,25.093071351559406,0],[121.70368967138822,25.093070916332383,0],[121.70368725671581,25.093085135800493,0],[121.70365232189442,25.093081720755468,0],[121.70360442766383,25.093181903379545,0],[121.7035930966618,25.09327670566573,0],[121.7035689494145,25.093318351125742,0],[121.70353974084007,25.09333775254874,0],[121.7035048997916,25.0933993767072,0],[121.70345787121111,25.09347016363635,0],[121.70332705098201,25.093586221680578,0],[121.70332728674144,25.09359611367851,0],[121.7032908062818,25.09362964674437,0],[121.70330158834807,25.09363664272472,0],[121.70347930964135,25.09358582822331,0],[121.703401100957,25.093857711809438,0]]}},{"type":"Feature","properties":{"cadgeom_type":"CADLWPolyline","thickness":0,"color":"#FF0000FF"},"geometry":{"type":"LineString","coordinates":[[121.70187545063641,25.09746030662548,0],[121.70210806193808,25.097441175920874,0],[121.70222443675598,25.097425470507215,0],[121.70249019104811,25.097387756068134,0],[121.70270012314978,25.09733803095522,0],[121.70293113006845,25.097254966870032,0],[121.70312163569552,25.09714981793087,0],[121.70316012011885,25.097128221361977,0],[121.70325454214769,25.097078115391824,0],[121.70329836280577,25.097046779708975,0],[121.70340358560671,25.0969703434912,0],[121.70351106066931,25.096857943723364,0],[121.70364036977233,25.09671789019635,0],[121.70372423564275,25.09659351987973,0],[121.70381770532596,25.096458101491326,0],[121.70387899364363,25.096335109074474,0],[121.7039341522419,25.096212210114274,0],[121.70400694749851,25.095944591253247,0],[121.70402648671858,25.09573074959692,0],[121.70409667557352,25.09517812425732,0],[121.70432977209673,25.09518395159955,0],[121.70436100845488,25.095076203046563,0],[121.70442617723799,25.095056192731267,0],[121.70442101901405,25.094949591070904,0],[121.70440244883012,25.094927371835595,0],[121.70427179499069,25.09485814673014,0],[121.70423896335078,25.094850877006525,0],[121.70417363037548,25.094844397559545,0],[121.70417399107025,25.094769667839095,0],[121.70419905658308,25.09466148804889,0],[121.70425638540767,25.09460053094473,0],[121.70426612504843,25.09448210531233,0],[121.70421077447635,25.09445407898919,0],[121.70424906887699,25.09432923088835,0],[121.70429524090225,25.09427930812562,0],[121.70437234905037,25.094260737809602,0],[121.70449391590626,25.093997614535777,0],[121.70455865198197,25.093852218833803,0]]}},{"type":"Feature","properties":{"cadgeom_type":"CADLWPolyline","thickness":0,"color":"#FF0000FF"},"geometry":{"type":"LineString","coordinates":[[121.71090204844971,25.099824425833358,0],[121.71073372821176,25.09978089632418,0],[121.71061670721728,25.0997504621019,0],[121.71029456420382,25.099595664478805,0],[121.7101034356114,25.099505161810335,0],[121.70990925480434,25.09942172171402,0],[121.70913315825766,25.099055636715203,0],[121.70862877311102,25.098787373178563,0],[121.70844072240331,25.09866472686848,0],[121.708194851262,25.098476327752614,0],[121.70796986538056,25.098303753669647,0],[121.70779580792502,25.098156735732235,0],[121.70774418221471,25.09810863089544,0],[121.70770310344807,25.098043665440944,0],[121.70767566019165,25.097979727091214,0],[121.70765902821925,25.09791245172203,0],[121.70765344352361,25.097847213166215,0],[121.70765921227184,25.097787598015657,0],[121.7076714737923,25.097724018702955,0],[121.70769548622879,25.097662298938495,0],[121.70773214298245,25.09760216185835,0],[121.70778960031903,25.097533480103493,0],[121.7078754086997,25.097469609914256,0],[121.70797396651717,25.097420889790687,0],[121.70812326022939,25.097355089467893,0],[121.70814273707893,25.097358476330314,0],[121.70813396419325,25.09741271783724,0],[121.70823203723347,25.097439831031895,0],[121.708376296483,25.097448322878737,0],[121.7086147394752,25.097518398277533,0],[121.70866783784119,25.097511835353018,0],[121.70882041594483,25.0975838630971,0],[121.7088928787227,25.09761782762613,0],[121.70888692310959,25.097642442766233,0],[121.70894606894281,25.09769370199039,0],[121.70895630455293,25.09768429196502,0],[121.7089585767543,25.097672866882814,0],[121.70897857752577,25.097667799994895,0],[121.70899939814227,25.09763868019559,0],[121.70898991842762,25.097607112291456,0],[121.70894410824943,25.097591004910818,0],[121.70892662637924,25.097568458446435,0],[121.70910318711137,25.0970359736397,0],[121.70927223440948,25.096841327668216,0],[121.70950899018611,25.096630962386346,0],[121.70966921862232,25.09649158988645,0],[121.70977654819757,25.09638513711324,0],[121.7098951734783,25.096206922442327,0],[121.70994486236442,25.09615969914713,0],[121.71006212345155,25.096091898657534,0],[121.71007724823103,25.096030064418454,0],[121.71007903781648,25.095916863739617,0],[121.71008091863348,25.095914697598765,0],[121.71011220046763,25.095832126072967,0],[121.71013595227785,25.095758071963388,0],[121.71018635882896,25.095531617869884,0],[121.71019285575427,25.095365445159093,0],[121.71019238906574,25.095132894100395,0],[121.71019381488858,25.09496609369873,0],[121.71017464687277,25.094673981354894,0],[121.71016802110623,25.094385124387266,0],[121.71016628073339,25.09415133378069,0],[121.71016475772642,25.09392924639251,0],[121.71021114720567,25.09391970457293,0],[121.71022104109622,25.09386318999888,0],[121.710227760949,25.093825186534698,0]]}},{"type":"Feature","properties":{"cadgeom_type":"CADLWPolyline","thickness":0,"color":"#FF0000FF"},"geometry":{"type":"LineString","coordinates":[[121.70907388183403,25.093830706194666,0],[121.70907388183403,25.093830706194666,0],[121.70920862850349,25.093962177934646,0],[121.70922732003936,25.09406492092834,0],[121.709229238772,25.094408703809115,0],[121.70910126539592,25.094517789129284,0],[121.70910756745583,25.09453670029513,0],[121.70911307642831,25.094550874864527,0],[121.70915092572992,25.09464385511708,0],[121.70913716049427,25.09470653344861,0],[121.7091064803417,25.09473480772266,0],[121.708988325012,25.09484191472747,0],[121.70890737340609,25.094958181117214,0],[121.7088878370171,25.094979377537882,0],[121.7088540363764,25.09501605205018,0],[121.70874406910912,25.095058155059814,0],[121.70864742892427,25.095160683928462,0],[121.70861110808939,25.0952575356824,0],[121.70840666870389,25.095437832891776,0],[121.70832119725345,25.09553092928305,0],[121.70828073149974,25.095575011063197,0],[121.70820633283442,25.095682068945607,0],[121.70811318468279,25.09586045388646,0],[121.70810035067514,25.09595133686513,0],[121.7081202493023,25.096104214179313,0],[121.70796745733401,25.096127016239926,0],[121.70799355882647,25.096347054664783,0],[121.70800959704322,25.096483498880396,0],[121.70800758169462,25.09649211746567,0]]}},{"type":"Feature","properties":{"cadgeom_type":"CADLWPolyline","thickness":0,"color":"#FF0000FF"},"geometry":{"type":"LineString","coordinates":[[121.703401100957,25.093857711809438,0],[121.70340078825322,25.093858785123118,0],[121.7033856861404,25.09393198615159,0],[121.70332223740347,25.094156315236592,0],[121.70330120741338,25.09415095333842,0],[121.70328085087856,25.09417651514984,0],[121.70328333282751,25.094203009735335,0],[121.70324470970698,25.094315192556955,0],[121.70320861014861,25.09443108472754,0],[121.7032207795643,25.09452402171519,0],[121.7031505103106,25.094760861294485,0],[121.703040087065,25.095121441213177,0],[121.70299573577644,25.095277650772193,0],[121.70298394426915,25.09529855988941,0],[121.70291439956902,25.09558721028932,0],[121.70282971317219,25.095949820298262,0],[121.7027726041154,25.09605283917453,0],[121.70270163279184,25.09616477791003,0],[121.70263724591065,25.096226428738543,0],[121.70256123267474,25.096281712440017,0],[121.70241119700137,25.096344657246572,0],[121.70234978572907,25.096195268542782,0],[121.70230470052799,25.096212677672476,0],[121.70186852851687,25.096247227830286,0]]}},{"type":"Feature","properties":{"cadgeom_type":"CADLWPolyline","thickness":0,"color":"#FF0000FF"},"geometry":{"type":"LineString","coordinates":[[121.70907388183403,25.093830706194666,0],[121.70907388183403,25.093830706194666,0]]}},{"type":"Feature","properties":{"cadgeom_type":"CADLWPolyline","thickness":0,"color":"#FF0000FF"},"geometry":{"type":"LineString","coordinates":[[121.72665004503983,25.110068991660615,0],[121.72664912707971,25.110069320738678,0]]}},{"type":"Feature","properties":{"cadgeom_type":"CADLWPolyline","thickness":0,"color":"#FF0000FF"},"geometry":{"type":"LineString","coordinates":[[121.71068346254057,25.100388682671287,0],[121.71090572345533,25.100460180207,0],[121.71137344733852,25.100633675706348,0],[121.71158720255441,25.100718827081426,0],[121.71190556090959,25.100842969806315,0],[121.71230929886778,25.100978782339332,0],[121.71255854623584,25.10103918192834,0],[121.71269568006397,25.10107103657382,0],[121.71286018877358,25.101109533934505,0],[121.71302643024522,25.101141283945253,0],[121.71317541408158,25.101153800120937,0],[121.71362524768642,25.10123896041089,0],[121.71399705202246,25.101318743694193,0],[121.71424085107034,25.10137328730155,0],[121.71464117110725,25.10143980905257,0],[121.71486768487578,25.101487674133228,0],[121.71494183407627,25.10150818216684,0],[121.71494183407627,25.10150818216683,0],[121.71529759615939,25.1015065411123,0],[121.71547733213859,25.10149230959584,0],[121.71594953646904,25.101427367007645,0],[121.71610248259708,25.10139683961969,0],[121.71654020511743,25.101298987524917,0],[121.71698020229674,25.10119498128094,0],[121.7178933150314,25.100978087602872,0],[121.7178933150314,25.100978087602872,0],[121.71811739180161,25.10093137549678,0],[121.718343958065,25.100895994582835,0],[121.71840148322842,25.100888864777108,0],[121.71840638107884,25.100888292014936,0],[121.71840638107884,25.100888292014936,0],[121.71861381915572,25.100868943805065,0],[121.71882206082957,25.100859075702154,0],[121.71902641909233,25.100847982760687,0],[121.71910876251228,25.10085130206557,0],[121.71943224551056,25.100893502083764,0],[121.7196269678787,25.10093026463164,0],[121.71992196650042,25.100971817385215,0],[121.72027011950541,25.101089469473088,0],[121.72038885997786,25.101132937710826,0],[121.72059886124666,25.10120410826105,0],[121.72114884570532,25.101467827036377,0],[121.72155920307019,25.10166653230043,0],[121.72209100612436,25.101924319612422,0],[121.72220593034059,25.101982219162075,0],[121.72230254092284,25.10203598181509,0],[121.7223768077445,25.10208706930436,0],[121.72251511770489,25.1021838812231,0],[121.7227749505034,25.102380728636334,0],[121.72299685922252,25.10257845168027,0],[121.72314709529368,25.102734107682025,0],[121.7231788344994,25.10276699145112,0],[121.72333675347721,25.102930606286087,0],[121.72353431359848,25.103173169810507,0],[121.72368324823948,25.10338061375825,0],[121.7238103302726,25.103579178860134,0],[121.72390663117247,25.1037465399986,0],[121.72407120449705,25.10407936731708,0],[121.72415539874815,25.10426393627418,0],[121.72440779870375,25.104869613109752,0],[121.72452321660165,25.105236716687127,0],[121.72459522523832,25.10546787470121,0],[121.72436573201162,25.105480691271758,0],[121.72428872673707,25.105481779380472,0],[121.7244175024869,25.10569238389968,0],[121.72449236968235,25.10582516843011,0],[121.72455190609422,25.105931133100007,0],[121.72460660903465,25.106025923822703,0],[121.72465712712125,25.106126483514053,0],[121.72471869826931,25.106238795309807,0],[121.72476949319726,25.106329201912672,0],[121.72479575883601,25.106380839080664,0],[121.72483511731102,25.106451483729344,0],[121.724874201864,25.10654596845705,0],[121.72498323490419,25.106819299076133,0],[121.7250007409118,25.10688508152844,0],[121.72504200777053,25.106987068165814,0],[121.7251587715866,25.107303100007883,0],[121.72529235373821,25.107640965816955,0],[121.72566808174807,25.10857944215363,0],[121.72581262839829,25.108939173283233,0],[121.72590599232082,25.109159729993035,0],[121.72600733241639,25.109420438670192,0],[121.72613923569573,25.109355616412834,0],[121.7262079120412,25.109506448297076,0],[121.72637737236816,25.109742221772184,0],[121.72664912707971,25.110069320738678,0],[121.72692604675639,25.110353567438466,0],[121.7271921972761,25.110601810438293,0],[121.72738391397375,25.110738962950407,0],[121.72817654393424,25.111183626452938,0],[121.72827690371321,25.111235041774233,0],[121.72844355843831,25.111310249780928,0],[121.72851289746093,25.111349583740335,0],[121.72869414787908,25.111413030341183,0],[121.7289137128193,25.11148520959873,0],[121.72899748419078,25.11150575515145,0]]}},{"type":"Feature","properties":{"cadgeom_type":"CADLWPolyline","thickness":0,"color":"#FF0000FF"},"geometry":{"type":"LineString","coordinates":[[121.70186852851687,25.096247227830286,0],[121.70129238047872,25.09628022355942,0],[121.7006575602601,25.096317209910847,0],[121.70034183850134,25.09633693474785,0],[121.70021240979388,25.096364194095287,0],[121.70011210905356,25.096367337687052,0],[121.70001198792296,25.0963611460668,0],[121.699860632027,25.09631317760023,0],[121.69972007432254,25.0962430726385,0],[121.69957860819248,25.096154661574534,0],[121.69950219326178,25.09610422590183,0],[121.69932202622589,25.095954545677586,0],[121.69927634417868,25.09591196288525,0],[121.6991364276252,25.09575061680268,0],[121.69907734815858,25.09566882154807,0],[121.69902904776826,25.09558134760829,0],[121.69889340614976,25.095283025976915,0],[121.69881496294614,25.095048791011322,0],[121.69879381515906,25.094985642154615,0],[121.69853599199591,25.093880699660605,0],[121.69848182868049,25.093644257574685,0],[121.69841199564739,25.093260420643407,0],[121.69838405751243,25.092959286081538,0],[121.69837120394544,25.092769576954435,0],[121.69835684685724,25.09263878474462,0],[121.69829937528444,25.09193778747118,0],[121.69833932136982,25.091670086320846,0],[121.69836000841508,25.091407188560744,0],[121.69836779349144,25.091344414518506,0],[121.69838984309413,25.09122988422377,0],[121.69841563534058,25.091080201787964,0],[121.69845236644112,25.090930002901835,0],[121.69856326161592,25.090583798551616,0],[121.69866029993018,25.090312747230875,0],[121.69872853391549,25.090123659178396,0],[121.69898325289087,25.089411075988064,0],[121.69926314862022,25.088653394720243,0],[121.69938554634807,25.088309222039744,0],[121.69951326266234,25.087960418984963,0],[121.6996296109498,25.087653884599042,0],[121.6997571726557,25.0873762186356,0],[121.69978991950194,25.087309095987088,0],[121.69994817154712,25.086989262783515,0],[121.70007619131587,25.08672649043017,0],[121.70013349135239,25.086608560622444,0],[121.70028308852847,25.0862990369224,0],[121.7003595366889,25.086141449419138,0],[121.70052994249002,25.08579192191827,0],[121.70059017374244,25.085668378200992,0],[121.70070521065168,25.08543857753632,0],[121.70091026613795,25.08503383770695,0],[121.70109301653393,25.084662111439847,0],[121.70128594836935,25.08427165740232,0],[121.70146270515886,25.083919998847524,0],[121.70155943844117,25.083725620171826,0],[121.7017625818176,25.083177666605902,0]]}},{"type":"Feature","properties":{"cadgeom_type":"CADLWPolyline","thickness":0,"color":"#FF0000FF"},"geometry":{"type":"LineString","coordinates":[[121.70187221686723,25.08320972913313,0],[121.70187221686723,25.08320972913313,0],[121.70218743121704,25.082308029969422,0],[121.70227228801294,25.08204672329527,0],[121.70227228801294,25.08204672329527,0],[121.70235633202306,25.0817918214015,0],[121.70240110709157,25.081418976293346,0],[121.7023981232611,25.081415733915374,0],[121.70235250648675,25.081409982289845,0],[121.70217730758365,25.08139491763049,0],[121.70217730758365,25.08139491763049,0],[121.70212612355213,25.08127127239496,0],[121.70207787422757,25.081148229746486,0],[121.70199927803867,25.080951559165214,0],[121.70196395297162,25.080881514984917,0],[121.70185132942858,25.080735035078636,0],[121.701850010617,25.08073366794234,0],[121.70177962815494,25.080660706418936,0],[121.70177909675051,25.080660155541505,0],[121.70177909675051,25.080660155541505,0],[121.70146348733226,25.080508897218724,0],[121.70088963586531,25.08024378107489,0],[121.70065287013281,25.0801232915089,0],[121.70028914292261,25.079948915533382,0],[121.69992899477985,25.079833164191143,0],[121.6991329808552,25.079678133259566,0],[121.69862763438454,25.07959273501778,0],[121.6981180234138,25.079510586532564,0],[121.69771326101326,25.0794202568415,0],[121.69717668152485,25.079279988729628,0],[121.69648244294801,25.079084773524873,0],[121.69577948275531,25.07890791321515,0],[121.69538709587223,25.078807639057136,0],[121.69478582783809,25.07864690021582,0],[121.69436254892346,25.078536836679245,0],[121.69408093202516,25.07846959566363,0],[121.69385497798264,25.078428381611687,0],[121.69373758366284,25.07832123768622,0],[121.69353473868674,25.07831582694996,0],[121.69323619554218,25.07830725029808,0],[121.69307514394445,25.07832381844755,0],[121.69275508565731,25.07838111899728,0],[121.69274890210511,25.07838222604128,0],[121.69210348704789,25.078550630997455,0],[121.69191043138396,25.07859315440172,0],[121.69160690776127,25.078670676532244,0],[121.69117305717725,25.078770914569535,0],[121.691003164857,25.07882033368631,0],[121.69083961712585,25.078883212637322,0],[121.69071286862163,25.078955169567386,0],[121.69060454100376,25.079033038938974,0],[121.69050523905092,25.079119513135577,0],[121.69045359768266,25.07918902621127,0],[121.69031003595217,25.079373853179906,0],[121.69025667160207,25.079470027671476,0],[121.69025667160207,25.079470027671476,0],[121.69018622484222,25.0796953663486,0],[121.69017513064846,25.079758337849384,0],[121.69017513064846,25.079758337849384,0],[121.69016442137136,25.079993528901404,0],[121.69019168445395,25.080101072688173,0],[121.6902245646691,25.080230756760578,0],[121.69025764669897,25.08032832851762,0],[121.69031731602617,25.080456240133838,0],[121.69052337807867,25.080786801426477,0],[121.69052379258127,25.080787374888338,0],[121.69072943434398,25.081049321277472,0],[121.69083527592821,25.08119297121422,0],[121.69094692196386,25.081335035868776,0],[121.69109828081739,25.08144443891797,0],[121.69117554217863,25.081494405910075,0],[121.69160536229121,25.081772344151382,0],[121.69178875849866,25.08189093854955,0],[121.69211117767625,25.08209696462078,0],[121.69229321636972,25.08221211313351,0],[121.69229321636972,25.08221211313351,0],[121.6924783640232,25.082329221741677,0],[121.69248338950673,25.082332405081992,0],[121.69248338950673,25.082332405081992,0],[121.69253682376744,25.08237224107438,0],[121.6925870840919,25.082415367344844,0],[121.69263392672221,25.082461574737717,0],[121.69267712447491,25.08251063915417,0],[121.69271646784304,25.08256232263898,0],[121.69276484109677,25.082664134888248,0],[121.69276484109677,25.082664134888248,0],[121.69277933299504,25.082689438191114,0],[121.69277933299504,25.082689438191114,0],[121.69280062971094,25.082731874140062,0],[121.6928188728864,25.08277547398692,0],[121.6928339863609,25.082820055721474,0],[121.6928459070389,25.082865433234367,0],[121.69285458515313,25.082911417094024,0],[121.69285998447256,25.082957815337412,0],[121.69285998447256,25.082957815337412,0],[121.6928611217964,25.083021810152214,0],[121.69285810801216,25.083085754471085,0],[121.69285095362982,25.08314942516483,0],[121.69278329502663,25.08339332580907,0],[121.69277606601159,25.083419375479394,0],[121.69277574404433,25.083420535684326,0],[121.69274460027249,25.083550414444495,0],[121.69271520496073,25.08367297545126,0],[121.69269835715478,25.083742523064174,0],[121.6925975113393,25.084149068660956,0],[121.69248663556553,25.08461936614033,0],[121.69247269690189,25.08475469094575,0],[121.6924566645121,25.084866187641353,0],[121.69240707650322,25.08521928764867,0],[121.69237202869556,25.085386406538067,0],[121.6923493541295,25.08549453431039,0],[121.69230139540646,25.085723254647416,0],[121.69230139540646,25.085723254647416,0],[121.69228653206385,25.085789455037315,0],[121.69226675951711,25.085854581648263,0],[121.69224216930994,25.08591833292902,0],[121.6922128752934,25.08598041369593,0],[121.69217901309892,25.08604053649979,0],[121.69214073951042,25.086098422956816,0],[121.69209823173833,25.0861538050377,0],[121.6920516865993,25.086206426308653,0],[121.69200131960487,25.08625604311886,0],[121.69194736396368,25.086302425728654,0],[121.69194736396368,25.086302425728654,0],[121.69190265072424,25.086336485416574,0],[121.69185595017055,25.0863682564779,0],[121.69180740337767,25.08639764293619,0],[121.69175715699822,25.086424556018482,0],[121.69175715699822,25.086424556018482,0],[121.69171062577503,25.08644520994478,0],[121.69166306872431,25.08646382552212,0],[121.69166306872431,25.08646382552212,0],[121.69162283075273,25.08647802967416,0],[121.6915818093536,25.086490234690856,0],[121.6915818093536,25.086490234690856,0],[121.69151989641652,25.0865060601393,0],[121.69145706690274,25.08651853505063,0],[121.69139353924724,25.08652761605401,0],[121.69139353924724,25.086527616054006,0],[121.69132917507096,25.086533297412,0],[121.69126455417089,25.08653549197694,0],[121.69119990410954,25.08653419202051,0],[121.69113545255196,25.08652940212042,0],[121.69113545255196,25.086529402120426,0],[121.69108158361963,25.086522692502058,0],[121.69108158361963,25.086522692502058,0],[121.6910329542994,25.086514471278807,0],[121.6910329542994,25.08651447127881,0],[121.69095046752605,25.086498389433267,0],[121.69080744915071,25.086458651135512,0],[121.69080744915073,25.08645865113553,0],[121.69080744915071,25.086458651135512,0],[121.69080744915071,25.086458651135512,0],[121.69061547857008,25.086388799792715,0],[121.6904989228554,25.086346387779642,0],[121.69015363735943,25.08618507428316,0],[121.68972923734596,25.086030535183745,0],[121.68870656580776,25.085667097154406,0],[121.68862477750496,25.085628077439644,0],[121.68842133931489,25.085508720037303,0],[121.68805936961495,25.08527260762752,0],[121.68723409709088,25.084732142131525,0],[121.68682577670947,25.08444749619653,0],[121.68670465836898,25.084367070203616,0],[121.68618609471704,25.08401783782131,0],[121.68570485663528,25.083712591725916,0],[121.68498485039122,25.08326328297774,0],[121.68455895695251,25.08297469731634,0],[121.68453907730307,25.08301025293078,0],[121.68451323050508,25.08305647549489,0],[121.68450384634644,25.083075141555746,0],[121.68429259007615,25.08294254866286,0],[121.68378205103804,25.08264782176761,0],[121.68376718374634,25.08263975230341,0],[121.68361223992203,25.082555653870912,0],[121.68344996491987,25.082467566115504,0],[121.68343884477835,25.082461535434735,0],[121.68342158865745,25.08245216129415,0],[121.6833958080563,25.082439621010007,0],[121.6833433732958,25.08241411823955,0],[121.68333553090564,25.082410300440635,0],[121.68330099162864,25.082395858451637,0],[121.68325804646963,25.08237812362845,0],[121.68321495320984,25.082360587762707,0],[121.68319329767468,25.08235186522784,0],[121.68296184703068,25.082262509101234,0],[121.68291715110301,25.082246051334376,0],[121.682881198437,25.082233002946523,0],[121.68282994034395,25.082216606177706,0],[121.68275439275676,25.082192450110558,0],[121.68264739184848,25.08215823189767,0],[121.68257140774375,25.082133932347293,0],[121.68240046842313,25.08207926718191,0],[121.68220812710621,25.082017747274147,0],[121.68218097014578,25.082009064964918,0],[121.68218097014578,25.082009064964918,0],[121.68210347571977,25.081992115520492,0],[121.68202490917632,25.081979928951434,0],[121.6819456230463,25.08197255993949,0],[121.68186597308916,25.081970041549873,0],[121.68178631669674,25.081972385082892,0],[121.68170701128979,25.08197958002319,0],[121.68162841271436,25.08199159408706,0],[121.68162841271436,25.08199159408706,0],[121.68156074429486,25.082005965847543,0],[121.68149410724506,25.082023894445935,0],[121.68141607910358,25.08204996525635,0],[121.68139531581767,25.082055977138122,0],[121.68124751258235,25.08211948474206,0],[121.6812365718409,25.082127061908263,0],[121.6812365718409,25.082127061908263,0],[121.6811732842828,25.082164438502957,0],[121.68111257672287,25.082205210299094,0],[121.68105466848016,25.0822492300017,0],[121.68099976876148,25.082296338582005,0],[121.68094807590546,25.082346365851915,0],[121.68089977666601,25.082399131078837,0],[121.68089977666601,25.082399131078837,0],[121.68085366368871,25.082457086240638,0],[121.68081185332944,25.08251768788295,0],[121.68077452808558,25.082580671496103,0],[121.68074185087897,25.082645762173392,0],[121.68071396434475,25.082712675810843,0],[121.68069099020855,25.082781120347263,0],[121.68067302875517,25.082850797039022,0],[121.68066015839071,25.082921401763862,0],[121.68065243530017,25.082992626348382,0],[121.68065445924218,25.083191404338596,0],[121.6807549075932,25.0840905502176,0],[121.6808246810929,25.08459145539912,0],[121.6808246810929,25.08459145539912,0],[121.6808246810929,25.08459145539912,0],[121.68092794149771,25.08514569973826,0],[121.68098515186811,25.08548866235513,0],[121.68098666428713,25.085500530523777,0],[121.68098869520244,25.085519192364448,0],[121.6810185301251,25.085919322361743,0],[121.68102909838989,25.085991196408273,0],[121.68106494400801,25.086250533387062,0],[121.68109243122734,25.086438361249915,0],[121.68110431506415,25.086519552547617,0],[121.68110318946707,25.086648011340273,0],[121.68106603677938,25.086796247291034,0],[121.68105980632272,25.08681806054808,0],[121.68105345334749,25.08684010177801,0],[121.68103372554079,25.086908550250193,0],[121.68099307885831,25.087046582835807,0],[121.6809856612904,25.08707177678455,0],[121.6809856612904,25.08707177678455,0],[121.68094571506323,25.08712216491112,0],[121.6809023795338,25.087170174019853,0],[121.68085582509141,25.087215615341197,0],[121.68080623478261,25.08725831020182,0],[121.68075380359146,25.087298090727135,0],[121.68069873767287,25.087334800501488,0],[121.68064125354196,25.087368295183094,0],[121.68058157722288,25.08739844307177,0],[121.68058157722288,25.08739844307177,0],[121.6805811811504,25.087398628527374,0],[121.68048072782223,25.087431114437337,0],[121.68032742598477,25.08745648276692,0],[121.68027636947095,25.087460684741192,0],[121.68014122143832,25.08745720125802,0],[121.68002720568903,25.08745668064309,0],[121.68001178171613,25.087453313981563,0],[121.67990198413321,25.08742522955742,0],[121.67981971290564,25.087401935593807,0],[121.67959368142591,25.087256787921305,0],[121.67925841428242,25.086968636894927,0],[121.67874004511532,25.086485671794712,0],[121.67823428874722,25.086020253855466,0],[121.67783424820738,25.085658641446663,0],[121.6777245741465,25.08551468264547,0],[121.67748983886395,25.085238557146173,0],[121.67745317367788,25.08520257128053,0],[121.67743873119882,25.08518054372842,0],[121.67743455947551,25.08517418108627,0],[121.6774156535093,25.08514534623061,0],[121.67740937727096,25.08513577396049,0],[121.67730868977631,25.08503909993995,0],[121.67727615443268,25.085008310387128,0],[121.6772648227553,25.08499758691553,0],[121.67724107229624,25.08497511149695,0],[121.67719597456872,25.084930178337792,0],[121.67710953419531,25.084838100575535,0],[121.67709448486087,25.08482333336185,0],[121.6770013149594,25.084731913582065,0],[121.6769321733648,25.08466384898918,0],[121.67692056957578,25.084655432424203,0],[121.67691717629421,25.08465297119198,0],[121.67681034310655,25.084534506300074,0],[121.67674075028924,25.08445856077085,0],[121.67669790680078,25.084414634288127,0],[121.67661595279856,25.08433061239131,0],[121.67653116118039,25.08424251927111,0],[121.67643436381633,25.084141707130716,0],[121.67632452891867,25.084024410792225,0],[121.67623180125615,25.08392539093315,0],[121.67618977368785,25.083880513645074,0],[121.6760859967621,25.083770294355944,0],[121.67592233020004,25.083627532825133,0],[121.67579267729906,25.083519550441387,0],[121.67524827725873,25.083043432891873,0],[121.67500175237446,25.082868423763834,0],[121.67475560105119,25.082694073458796,0],[121.67457730965359,25.08258463586963,0],[121.67444559525899,25.082531017601656,0],[121.67441148683221,25.08251052849707,0],[121.67431111072787,25.082459375254654,0],[121.67414256738822,25.0823706580092,0],[121.67407162870369,25.082354954748702,0],[121.67390336078739,25.082317868186816,0],[121.67382395385262,25.082299296710364,0],[121.6736803979158,25.082294796443904,0],[121.6735481828103,25.082291958996205,0],[121.67344435995308,25.082304487544956,0],[121.67309399281557,25.08235966737026,0],[121.67286368688963,25.082393413889918,0],[121.67264469378173,25.08242538031692,0],[121.67254016740338,25.082435931133915,0],[121.67244007669338,25.082441535932144,0],[121.67231724576199,25.082421405005245,0],[121.67221896891515,25.082399443435637,0],[121.6720941832629,25.082350039345403,0],[121.67200721580325,25.082314248034518,0],[121.67198262168125,25.082297131419672,0],[121.67191591841548,25.08225739211576,0],[121.67187808398643,25.082229998185923,0],[121.67180807037424,25.0821682954055,0],[121.67172670245648,25.082091138120873,0],[121.67168317059961,25.082043097258524,0],[121.67163206210682,25.081981307936516,0],[121.67155635558946,25.081888616497817,0],[121.6714863331253,25.081799341517364,0],[121.67137049456436,25.081647123856623,0],[121.67132319233387,25.081580135754937,0],[121.67128914218712,25.081533763071825,0],[121.67125124697266,25.081490181792848,0],[121.67114718244405,25.081342831927696,0],[121.67109613536965,25.08127411911252,0],[121.67101246778387,25.08115281148603,0],[121.67084871711458,25.08096936186009,0],[121.67075212911033,25.080877477322822,0]]}},{"type":"Feature","properties":{"cadgeom_type":"CADLWPolyline","thickness":0,"color":"#FF0000FF"},"geometry":{"type":"LineString","coordinates":[[121.70187221686723,25.08320972913313,0],[121.7017625818176,25.083177666605902,0]]}},{"type":"Feature","properties":{"cadgeom_type":"CADLWPolyline","thickness":0,"color":"#FF0000FF"},"geometry":{"type":"LineString","coordinates":[[121.72899136068082,25.110473224695873,0],[121.72896494376812,25.110464505239065,0],[121.72854616905433,25.110325506899564,0],[121.72843882088021,25.11024518300177,0],[121.72839886341718,25.110213426031745,0],[121.72826650751195,25.110111945681965,0],[121.72812051834872,25.11001333279249,0],[121.72792861767182,25.10983708046297,0],[121.72782272139102,25.109726565935542,0],[121.72775584931432,25.10962371637889,0],[121.72772920579963,25.109645659461208,0],[121.72770225033014,25.10966785984635,0],[121.72767934903979,25.109686717952957,0],[121.72760196933487,25.109628709387493,0],[121.72759524600517,25.109618772645565,0],[121.72751265184664,25.10949843035251,0],[121.72739172735037,25.109321353651026,0],[121.72732655301671,25.109235373268795,0],[121.72722923869492,25.109077244989514,0],[121.72712779691054,25.108918546781624,0],[121.72707995631335,25.10884860775832,0],[121.72689447554696,25.108544434150588,0],[121.72686876487386,25.10849984701995,0],[121.72680504241315,25.108388290875634,0],[121.7266618269899,25.10808280713867,0],[121.72644921591294,25.107636083841758,0],[121.72639238897875,25.107504778999985,0],[121.72628197230028,25.107273770250387,0],[121.72622260685024,25.107147404509462,0],[121.72617405070646,25.10704781375626,0],[121.72610714511119,25.106895460445593,0],[121.72609980016549,25.10687973845447,0],[121.72597932984277,25.10647528314276,0],[121.72573943852743,25.105759386062452,0],[121.72551641102852,25.105108019482124,0],[121.72536747750974,25.104646964061786,0],[121.7251468981489,25.10403727814421,0],[121.72505034797558,25.103775431130305,0],[121.72488407141316,25.10337670292631,0],[121.72473149907485,25.103078088894762,0],[121.72457591744015,25.102822155828576,0],[121.72444322383008,25.10264416496015,0],[121.7242879330232,25.102448369623474,0],[121.72408177663786,25.10223729646003,0],[121.72386253557454,25.10203949780868,0],[121.72345576178103,25.101746980178966,0],[121.72313087707653,25.101548549645468,0],[121.72273198618858,25.101300234550383,0],[121.72237885114843,25.101086536432167,0],[121.7219758006651,25.1008718121763,0],[121.72172150640213,25.100759835597362,0],[121.72149545093092,25.100678375038083,0],[121.72130047210553,25.1006147233863,0],[121.7209543207344,25.10053043069955,0],[121.720668887879,25.10046926909512,0],[121.72029964876377,25.10039597736727,0],[121.72001645379171,25.100343670555812,0],[121.72001620489753,25.100343624584177,0],[121.7199269045385,25.10032790818848,0],[121.71991808041787,25.100326153613917,0],[121.71927251911022,25.100197789628147,0],[121.71871058850385,25.100138080500763,0],[121.71843213901818,25.10014409983591,0],[121.71821587862127,25.100168111238833,0],[121.71821264678573,25.100168323139332,0],[121.71818097465258,25.10017039976992,0],[121.71816021802874,25.10017176070518,0],[121.71814173386794,25.100172972640955,0],[121.71813503329258,25.10017353127698,0],[121.71809850855662,25.10017759347633,0],[121.71806784280157,25.100181004045815,0],[121.71801119931936,25.1001875188345,0],[121.7179416485517,25.100197052540906,0],[121.71789639518782,25.10020325565024,0],[121.7178496342255,25.10020966539866,0],[121.71780514378139,25.100217285033597,0],[121.71766771487704,25.10024082164018,0],[121.71761334981299,25.100250781071786,0],[121.71753882642332,25.100265539018235,0],[121.71746136219403,25.10028424895011,0],[121.71742303973024,25.100293664651876,0],[121.71735020087972,25.10031156238282,0],[121.71727798773539,25.100329192099185,0],[121.71724658434661,25.100337023976547,0],[121.71720500213948,25.100348957080893,0],[121.71717546335199,25.100357434552603,0],[121.71656178288384,25.10053481813627,0],[121.7163493592459,25.100586978048067,0],[121.71580527099711,25.100718226002012,0],[121.71568980101797,25.10074634691904,0],[121.71565923666557,25.100753712220047,0],[121.71548873945508,25.100781823055186,0],[121.71530815933,25.100778342324542,0],[121.71515402272561,25.100776156996222,0],[121.71490476201835,25.10074082406474,0],[121.71480290967949,25.100727527203205,0],[121.71380389849821,25.100584993273333,0],[121.71345806726481,25.100534766417347,0],[121.71320463189623,25.100469875116918,0],[121.71306905495936,25.10043525510539,0],[121.71307178292155,25.100424817822784,0],[121.71307378307925,25.10041932190767,0],[121.71302728526302,25.1004066562907,0],[121.71292269595973,25.100377936612116,0],[121.71287023713866,25.100363531659667,0],[121.7126059704495,25.100290981617807,0],[121.71258773928025,25.100351862763624,0],[121.71228633070615,25.100267729531623,0],[121.71214525007976,25.100228349349543,0],[121.71209174114395,25.100213622544167,0],[121.71195642673831,25.100180773331193,0],[121.7119420577692,25.100177284742752,0],[121.71180845148822,25.100139021156124,0],[121.71174214450711,25.100118792295003,0],[121.71157075858846,25.100058784082794,0],[121.71115095941153,25.099910732559163,0],[121.71103434994056,25.099869851664838,0],[121.7109248764241,25.099832211339063,0],[121.71090204844971,25.099824425833358,0]]}},{"type":"Feature","properties":{"cadgeom_type":"CADLWPolyline","thickness":0,"color":"#FF0000FF"},"geometry":{"type":"LineString","coordinates":[[121.71090204844971,25.099824425833358,0],[121.71090204844971,25.099824425833358,0]]}},{"type":"Feature","properties":{"cadgeom_type":"CADLWPolyline","thickness":0,"color":"#FF0000FF"},"geometry":{"type":"LineString","coordinates":[[121.66930352685421,25.080884017412195,0],[121.66954478260318,25.08106358033205,0],[121.6696781769607,25.081190369190573,0],[121.66968842523129,25.08120055699998,0],[121.66972630054852,25.081242590795977,0],[121.66975460997458,25.08127400133156,0],[121.66980946986627,25.081340953543233,0],[121.66992814163127,25.081490917790564,0],[121.66998968210554,25.08157622088721,0],[121.67003697908824,25.08166025185841,0],[121.67032505620915,25.08218359661049,0],[121.67041959966083,25.082357961641424,0],[121.67047011674087,25.082477163876323,0],[121.670494060111,25.082491362692846,0],[121.6706075676561,25.08255867454888,0],[121.67061167061935,25.082561054208195,0],[121.67076269835324,25.082872190506908,0],[121.6708128123412,25.082930512476732,0],[121.67090725794365,25.083005472516607,0],[121.67108224691526,25.08310617562124,0],[121.67146751484734,25.08331001842001,0],[121.67190503985051,25.08351944515954,0],[121.6720296246435,25.08357728583553,0],[121.67212645237831,25.08361906776613,0],[121.67216291479677,25.083624944485535,0],[121.67221515258224,25.08363336336063,0],[121.67236555737567,25.08365884491385,0],[121.67245808690453,25.08367451913731,0],[121.67257497575422,25.083677680008396,0],[121.6726907956375,25.083680275234727,0],[121.67271201733102,25.08368075051703,0],[121.67281881429237,25.083678446793332,0],[121.67286513145089,25.083669069001974,0],[121.67297184306587,25.08364291062676,0],[121.67315697894122,25.08357419927017,0],[121.67320679423618,25.083557045515906,0],[121.6732797451209,25.083532651207417,0],[121.67338874678057,25.083496100494195,0],[121.67344937723874,25.083493339209745,0],[121.67349762240814,25.083491843480495,0],[121.67361679659065,25.083489389283542,0],[121.67378943261608,25.083499663659275,0],[121.67396303367809,25.083551368819915,0],[121.67398408677272,25.083559097332135,0],[121.67406484104639,25.083591735542242,0],[121.67412045778248,25.08363506848169,0],[121.67423047910847,25.083717421211848,0],[121.67423978908671,25.08372438879637,0],[121.67434091252676,25.083795441680017,0],[121.67443199163013,25.083870206833407,0],[121.67450897438188,25.083945037419042,0],[121.67467512368651,25.08410378599596,0],[121.67469538383868,25.084122024163896,0],[121.67476374479824,25.084179495955212,0],[121.67476374479824,25.084179495955212,0],[121.67536139966649,25.084786963068662,0],[121.67551014390256,25.084928221920574,0],[121.67570771968313,25.085124379165453,0],[121.67584534408074,25.08526007388825,0],[121.67603071052115,25.08544495921169,0],[121.67619920885362,25.085612683357606,0],[121.67619920885362,25.085612683357606,0],[121.67650647462267,25.085930950509756,0],[121.67650647462267,25.085930950509756,0],[121.6767093976359,25.086153694555605,0],[121.67692766265957,25.086364065609196,0],[121.67716036221687,25.086561188944998,0],[121.67752621767958,25.086933445848995,0],[121.67752621767958,25.086933445848995,0],[121.67761713022279,25.087021514117875,0],[121.67771360810804,25.08710452698472,0],[121.67781531296559,25.08718219329582,0],[121.67810991859126,25.08740975935556,0],[121.67820740130223,25.087485058875416,0],[121.67847547988144,25.087670034476027,0],[121.67863005462416,25.08777528295414,0],[121.67895564829051,25.08799772466359,0],[121.67911661381284,25.08810473115143,0],[121.67926822770936,25.08820636035322,0],[121.67951617448728,25.088372562211834,0],[121.67963531970388,25.088452426335163,0],[121.6796525582694,25.088463981963027,0],[121.67980203257704,25.088564175306566,0],[121.67986195234316,25.08860673901476,0],[121.67992734237755,25.088641998109054,0],[121.67995435264426,25.08864902050379,0],[121.68003062446508,25.088668848533384,0],[121.68008907011551,25.088684042484996,0],[121.68014181250645,25.08869775381355,0],[121.6801904419323,25.08871039587245,0],[121.6802555040279,25.088721958707644,0],[121.6803745916596,25.08873442625046,0],[121.68041121470445,25.088736049314576,0],[121.68041121470445,25.08873604931458,0],[121.68048834249147,25.088736507333877,0],[121.68056533044158,25.088732255067107,0],[121.68064183206776,25.088723311651915,0],[121.68071750307182,25.088709717338627,0],[121.6807920028942,25.08869153330908,0],[121.68086499624667,25.088668841401226,0],[121.68091727021003,25.088648528541416,0],[121.6809683110195,25.08862576306825,0],[121.68104023334358,25.088588306254415,0],[121.68110882514203,25.0885459847327,0],[121.68115277190842,25.088514989580702,0],[121.68119492719461,25.088481995361178,0],[121.68124024825148,25.088442434098848,0],[121.68140423634009,25.088309575009674,0],[121.6814254121149,25.088292418576707,0],[121.6815679814764,25.088149093106033,0],[121.68166326316711,25.088038597336546,0],[121.68183456806608,25.08783047340856,0],[121.68191983206783,25.087683160539758,0],[121.68205604554656,25.087391672734363,0],[121.68209003185021,25.087271498210146,0],[121.68211194072092,25.08718968783046,0],[121.68214592090365,25.087007454010827,0],[121.68216038094356,25.086820521364604,0],[121.68217411857822,25.08668083003843,0],[121.68215232326115,25.086434536344814,0],[121.68210824619366,25.08606113916033,0],[121.68208660549682,25.08575799759703,0],[121.6820544475785,25.085450319241836,0],[121.68204808434416,25.085418066658267,0],[121.68202937298585,25.085349380320437,0],[121.68201120874966,25.085269536543297,0],[121.68190071375761,25.084746325589744,0],[121.6818159623205,25.084346195505706,0],[121.68172597769845,25.083884821536646,0],[121.68169976019662,25.083761387650725,0],[121.68169725557375,25.08374947597824,0],[121.68168822910357,25.083706552413094,0],[121.68156947201366,25.08314142078679,0],[121.6815810542345,25.083093673583406,0],[121.68159054808251,25.08305441813408,0],[121.68159054808251,25.08305441813408,0],[121.68159593857595,25.08303852424899,0],[121.68160253261577,25.083023011264324,0],[121.68161029811586,25.08300795466414,0],[121.68161919728993,25.082993427711756,0],[121.68162918683547,25.08297950109328,0],[121.68164021814438,25.082966242573637,0],[121.68165223753961,25.082953716666893,0],[121.68166518653621,25.082941984322254,0],[121.68167900212602,25.082931102627597,0],[121.6816936170842,25.08292112453162,0],[121.68170896029638,25.082912098586235,0],[121.68172495710463,25.082904068710327,0],[121.68174152967083,25.082897073976046,0],[121.68175859735526,25.082891148418685,0],[121.68177607710918,25.082886320871097,0],[121.68179388387874,25.082882614823365,0],[121.68181193101894,25.082880048308535,0],[121.68183013071517,25.082878633814875,0],[121.68184839441058,25.082878378225054,0],[121.68186663323685,25.082879282782734,0],[121.6818847584467,25.082881343086473,0],[121.68190268184568,25.08288454911114,0],[121.68192031622131,25.082888885256693,0],[121.6819375757674,25.082894330424125,0],[121.68199882076247,25.08291361237856,0],[121.68265096726847,25.083177524750212,0],[121.68325538416259,25.083438739648642,0],[121.68345114252378,25.083517631407425,0],[121.68353430742266,25.08355116749501,0],[121.68364496163368,25.083621375178048,0],[121.68377308030956,25.0837011261793,0],[121.6837742134879,25.083701831556414,0],[121.68398313586152,25.083813279131466,0],[121.6843025965571,25.083993575032853,0],[121.68434582168844,25.08401197948629,0],[121.6845284942311,25.08412878383204,0],[121.68476135699044,25.084276804321888,0],[121.68506280356874,25.08446711603311,0],[121.68533003220846,25.084622136975717,0],[121.68566479886665,25.08483084587906,0],[121.68581951556526,25.084933491775587,0],[121.68623493887486,25.085182418943493,0],[121.68637539368565,25.085272116027316,0],[121.68661197815624,25.085445775600103,0],[121.6867541315208,25.085541854778747,0],[121.68685472415173,25.08560531495692,0],[121.68695831993428,25.085677923703276,0],[121.68712532408964,25.085818885300274,0],[121.68719684822055,25.085874966195846,0],[121.68743190480171,25.086045912084483,0],[121.68770955658457,25.086249365090083,0],[121.68795341250645,25.08640889016947,0],[121.68820322616604,25.086555085340905,0],[121.68843100292956,25.08667178844839,0],[121.68893040510537,25.086887039790867,0],[121.68948191465923,25.087078753236113,0],[121.68961448517824,25.08710507759976,0],[121.68991709294806,25.08717861465318,0],[121.69005372683958,25.08721805953184,0],[121.69046512766718,25.087352780566484,0],[121.69045460061218,25.087383493898518,0],[121.69084749533002,25.087478737349528,0],[121.69100733775404,25.087493961783174,0],[121.69113829682998,25.087495259439425,0],[121.69135512523368,25.087480085000212,0],[121.69139095397233,25.08747516869702,0],[121.69143740486204,25.087469573645276,0],[121.69150065631207,25.087461889705047,0],[121.69181811203013,25.087402698610454,0],[121.69184692025603,25.087397317489035,0],[121.69193521477361,25.087372555484155,0],[121.69202263187692,25.087345524770807,0],[121.69213809336942,25.087312617796318,0],[121.6922159776654,25.0872788749954,0],[121.6923472406829,25.087230439725907,0],[121.69248874385637,25.087154378982707,0],[121.69257879524567,25.08708932486979,0],[121.69280326132595,25.086940099106275,0],[121.6928052475682,25.086938778643002,0],[121.6928052475682,25.086938778643002,0],[121.69285870824082,25.086899922491295,0],[121.69290968765495,25.086858392834884,0],[121.69295802481619,25.086814320827738,0],[121.69300356707517,25.0867678456526,0],[121.69300356707517,25.0867678456526,0],[121.69310668448252,25.086653306770554,0],[121.69320237535092,25.086533541976106,0],[121.69329032106096,25.086408950075203,0],[121.69337022878656,25.08627994594633,0],[121.69344183246986,25.08614695915888,0],[121.69344183246986,25.08614695915888,0],[121.69351787344601,25.08579805831482,0],[121.69351787344601,25.08579805831482,0],[121.69368366387562,25.08503735102569,0],[121.69372888672763,25.08482345379525,0],[121.69373898762132,25.084776942627318,0],[121.69379182314451,25.08453365252234,0],[121.69383709978908,25.08432516781355,0],[121.69397918116383,25.08367092333718,0],[121.6939987785026,25.083580682617036,0],[121.69407320873745,25.08323794930571,0],[121.69415146765137,25.08287758386052,0],[121.69415707942966,25.08284416381513,0],[121.69416316374631,25.082803455836075,0],[121.69416912959367,25.082756800217748,0],[121.69417470609908,25.0827027412186,0],[121.69417860676872,25.082652563231505,0],[121.6941789490029,25.0826472367214,0],[121.69418303689055,25.082522699174664,0],[121.69418303689055,25.082522699174664,0],[121.69418037591353,25.08239828683951,0],[121.6941687843251,25.082274299493573,0],[121.69415499262718,25.08217706299623,0],[121.69403417224328,25.08190732810919,0],[121.69401431862576,25.081887110883603,0],[121.69395535581818,25.081826553521452,0],[121.69394983287683,25.08182091715363,0],[121.69393671067755,25.081813166569756,0],[121.69383067464078,25.08169371665688,0],[121.69376340863366,25.081631757102933,0],[121.69368399259575,25.081560116462718,0],[121.69357353889913,25.081485080617924,0],[121.6935347335931,25.081460200110946,0],[121.69345757944761,25.08141074219635,0],[121.69344084104908,25.081400890668178,0],[121.69343388084853,25.081396827413567,0],[121.69336990322789,25.081356826410424,0],[121.69329548885051,25.081313927670305,0],[121.69319732433708,25.08125395879082,0],[121.69299956972911,25.081133170025055,0],[121.69289717262733,25.081073257615376,0],[121.6927698170078,25.080998735851452,0],[121.69269422051427,25.080954500691117,0],[121.6925099517402,25.080842497988918,0],[121.69240413506398,25.08077803860719,0],[121.69240216467756,25.08077682584596,0],[121.69240413506398,25.08077803860719,0],[121.69225963054775,25.080690011871404,0],[121.69202479891223,25.080545367306375,0],[121.69197071718652,25.080506915697526,0],[121.69196232529808,25.080499337456985,0],[121.69191993048595,25.080461030296295,0],[121.6918818381864,25.08041722285054,0],[121.69187126981421,25.080402021810922,0],[121.69186321258907,25.080390408675743,0],[121.69184915439673,25.080370182801303,0],[121.69184018975415,25.080356130766326,0],[121.69184018975415,25.080356130766326,0],[121.69182307226846,25.080324984144607,0],[121.69180822517664,25.080292885790545,0],[121.691795711887,25.0802599727922,0],[121.69178558584031,25.080226385716728,0],[121.69177789028163,25.080192268010094,0],[121.69177265807562,25.080157765384403,0],[121.69176991156621,25.080123025195565,0],[121.6917696624813,25.08008819581399,0],[121.69177191188255,25.080053425990855,0],[121.69177665016099,25.080018864222886,0],[121.69178385707808,25.07998465811809,0],[121.69179350185215,25.079950953765387,0],[121.69180554328989,25.079917895110665,0],[121.6918199299624,25.079885623342005,0],[121.691857122404,25.079826693557447,0],[121.691857122404,25.079826693557447,0],[121.69187416502793,25.079798937721435,0],[121.69189324137321,25.079772302023294,0],[121.69191426305973,25.079746909863527,0],[121.69193713269505,25.079722878881384,0],[121.69196174432547,25.07970032040983,0],[121.69198798392709,25.079679338959814,0],[121.6920157299339,25.079660031736026,0],[121.69204485380114,25.079642488186632,0],[121.69207522060073,25.079626789588843,0],[121.69210668964641,25.079613008672396,0],[121.69213911514547,25.079601209282593,0],[121.69223253481596,25.079565295016515,0],[121.69237086959583,25.07951564482407,0],[121.69252211621924,25.079461359723282,0],[121.69253844735921,25.07945549792906,0],[121.69259074090739,25.079436734991848,0],[121.69276074452995,25.079386688803687,0],[121.6927993711628,25.07937531774431,0],[121.69279937061282,25.07937508031352,0],[121.69287101863286,25.079357351000397,0],[121.69294084304063,25.079342316587848,0],[121.69313677869476,25.07933021402297,0],[121.69316985150006,25.079328713872496,0],[121.69340825178246,25.079314449317273,0],[121.6935326720294,25.07930885647643,0],[121.69360187412035,25.079305751626933,0],[121.69364412844118,25.07930649722346,0],[121.69387662245073,25.079310554601967,0],[121.69402090718728,25.079320218940243,0],[121.69424305881621,25.079335292701245,0],[121.69449931360602,25.07936073662015,0],[121.6945965325812,25.079383641901057,0],[121.69490241861675,25.07945986666246,0],[121.69511633050283,25.079537495502677,0],[121.69600647178154,25.079802785776913,0],[121.69682514172479,25.080035396992095,0],[121.69707600338185,25.080125369894784,0],[121.69751247856439,25.08024602192238,0],[121.69821955718068,25.08045126971731,0],[121.69847748243694,25.080526039146385,0],[121.69858101097205,25.0805626493847,0],[121.69867633970942,25.080591962285574,0],[121.69923753543178,25.08074599982062,0],[121.70008262666327,25.08099583957026,0],[121.70031501453113,25.081125149543983,0],[121.70056697853957,25.081339429698836,0],[121.70063597672781,25.0814299966765,0],[121.70066341173394,25.081488400937243,0],[121.700708616815,25.081600786815827,0],[121.70072963972206,25.081685471198575,0],[121.70074187619126,25.081756182011535,0],[121.70075636008362,25.0818605172687,0],[121.7007587518113,25.08200215340059,0],[121.70075712600732,25.08203039516385,0],[121.70074957233267,25.08208570500435,0],[121.70074878427378,25.08208956589846,0],[121.70073160800845,25.08217480552829,0],[121.70072043906991,25.082218518373132,0],[121.7006731242971,25.082350895726687,0],[121.70066543790591,25.082372406416646,0],[121.70075580455283,25.08239880852563,0],[121.7007708965225,25.082403217887396,0],[121.70062921321396,25.082680115311927,0],[121.70056521644115,25.0828093198308,0],[121.7004805208784,25.08297465229798,0],[121.70047053130487,25.08299414094587,0],[121.7004173115003,25.083107381453555,0],[121.70035534890292,25.08323411712022,0],[121.70034095491822,25.08326355949999,0],[121.70027785089745,25.08339266050731,0],[121.70026580620478,25.08341771709554,0],[121.7002416930123,25.083467831136456,0],[121.70023426491736,25.083479576885853,0],[121.70020581901383,25.08353835740951,0],[121.70019312893533,25.083564528858165,0],[121.70017491425078,25.083589095061555,0],[121.700150055616,25.083635854172186,0],[121.70012111968451,25.083702491691852,0],[121.70010064924159,25.083743880418748,0],[121.7000709148652,25.083804675792024,0],[121.69997482730572,25.084001196261834,0],[121.69993964128872,25.08407319772878,0],[121.69993051917814,25.08408924626288,0],[121.6998273904592,25.08429869197464,0],[121.69982401636223,25.084305678918398,0],[121.69971499961125,25.08453125193875,0],[121.69967743770484,25.0846089878254,0],[121.69960465130167,25.084751785414024,0],[121.69947275011447,25.085019267822773,0],[121.69938455162769,25.085161621456006,0],[121.6992300176364,25.08545254021188,0],[121.69915146532621,25.085600988099486,0],[121.69893077879368,25.086053399325955,0],[121.69879587873696,25.08633360688728,0],[121.6987036171286,25.086540903873466,0],[121.69861247507589,25.08671982469138,0],[121.69852766277056,25.086944383235465,0],[121.69835231050729,25.087315869074494,0],[121.69835220732543,25.087316087665773,0],[121.69808441406514,25.08796228131282,0],[121.69803704287725,25.088100840716617,0],[121.69791592269696,25.088455096344596,0],[121.69721102883437,25.090273626840162,0],[121.69710260724639,25.090532170786776,0],[121.69700809130282,25.090756772869533,0],[121.6969634938424,25.090883463380123,0],[121.6968002259428,25.091303232355006,0],[121.6967455175171,25.091462557329617,0],[121.69669759635342,25.09159292894578,0],[121.69664581251209,25.091741965318597,0],[121.69660487290344,25.09196152703019,0],[121.69659183572934,25.092118020218283,0],[121.69659096021067,25.092299659063336,0],[121.69661342016576,25.092451269820916,0],[121.69674549725738,25.09288697206097,0],[121.69677442767104,25.092976192733744,0],[121.69682402730638,25.09312986134335,0],[121.69686007502294,25.09324429171644,0],[121.69690089753253,25.09337160319081,0],[121.69697437648954,25.09360279732722,0],[121.69700715338998,25.093702466041417,0],[121.69703595912532,25.093782397741048,0],[121.6970621425275,25.093859697501102,0],[121.69707866160272,25.09389472656646,0],[121.69706677886836,25.09389473480339,0],[121.69716335414985,25.0941343335529,0],[121.69724045350796,25.09442172592977,0],[121.69729936389705,25.094609095076894,0],[121.69735369865055,25.094774776450574,0],[121.69740244391619,25.09492298858271,0],[121.69743394905547,25.095040177238,0],[121.69744039181008,25.09505545540889,0],[121.69752301577307,25.095285146917874,0],[121.69754453297307,25.09534706762324,0],[121.69756246035632,25.09539358681045,0],[121.69766307879141,25.09557322433585,0],[121.69777911308564,25.095780257939843,0],[121.69787786512504,25.09595702285014,0],[121.69803565884244,25.096163115727624,0],[121.69817606112169,25.096322112217955,0],[121.69828402616426,25.09642291987737,0],[121.69852855248068,25.096650024247605,0],[121.69863382613083,25.096727276573276,0],[121.69880243505098,25.096852506455757,0],[121.6989070506028,25.09691938402374,0],[121.69907627465655,25.0970364871497,0],[121.69940475951977,25.09719414012268,0],[121.69979651529155,25.09733415772141,0],[121.70000911142778,25.097400689315826,0],[121.70031758945588,25.097465773572317,0],[121.70077546893009,25.097540974498845,0],[121.7011628950374,25.097540729273934,0],[121.70147234573473,25.0975111451717,0],[121.70187235885989,25.097460560900668,0],[121.70187545063641,25.09746030662548,0]]}},{"type":"Feature","properties":{"cadgeom_type":"CADLWPolyline","thickness":0,"color":"#FF0000FF"},"geometry":{"type":"LineString","coordinates":[[121.70800758169462,25.09649211746567,0],[121.70791763768719,25.096528977931285,0],[121.70791763768719,25.096528977931285,0],[121.70781624025442,25.0965675327351,0],[121.70770941332418,25.096608150830967,0],[121.70712595804649,25.096829995577295,0],[121.70698222660769,25.096884645623273,0],[121.70688341128027,25.096928655651585,0],[121.70679324428619,25.096980401110624,0],[121.70669772223377,25.097053864739323,0],[121.70663402578059,25.09711370481142,0],[121.70657959757281,25.09718115842524,0],[121.70651816972148,25.097273541253013,0],[121.70648239740682,25.097349913142374,0],[121.7064560379844,25.097422871821443,0],[121.70644604837186,25.097456507091007,0],[121.70644604837186,25.097456507091007,0],[121.70643221784911,25.097491006151994,0],[121.7064209233604,25.09752626262369,0],[121.70641221436773,25.097562122113988,0],[121.70640612901113,25.097598427590015,0],[121.70640269394141,25.09763502006572,0],[121.70640192420358,25.097671739298075,0],[121.70640382317075,25.09770842448887,0],[121.70640838252952,25.09774491498879,0],[121.70641558231618,25.09778105100099,0],[121.70642539100416,25.09781667428082,0],[121.70646519794839,25.097909494469057,0],[121.70651897020674,25.098023968078383,0],[121.70659800907417,25.098157720694477,0],[121.70679511987329,25.098363317274945,0],[121.70695125078268,25.098494964795208,0],[121.7072077029917,25.098674988332515,0],[121.70748603062131,25.098856751566892,0],[121.70804320355396,25.09918167858689,0],[121.70812624576506,25.099242478424358,0],[121.70840012424883,25.099422608601863,0],[121.70854991462726,25.099521141533984,0],[121.70855899744473,25.099527127854238,0],[121.70871237308164,25.099628276671776,0],[121.70882594653577,25.099702864082264,0],[121.70920620253533,25.099889876903873,0],[121.70947996859515,25.100011233789594,0],[121.70966581556507,25.100072913611655,0],[121.70986931403839,25.100129275988238,0],[121.71043213913946,25.10032089094758,0],[121.71068346254057,25.100388682671287,0]]}},{"type":"Feature","properties":{"cadgeom_type":"CADLWPolyline","thickness":0,"color":"#FF0000FF"},"geometry":{"type":"LineString","coordinates":[[121.71090204844971,25.099824425833358,0],[121.71090204844971,25.099824425833358,0]]}},{"type":"Feature","properties":{"cadgeom_type":"CADLWPolyline","thickness":0,"color":"#FF0000FF"},"geometry":{"type":"LineString","coordinates":[[121.8304114842292,25.1048339081477,0],[121.83050809932865,25.104820689402853,0],[121.83052022492073,25.10468332312252,0],[121.83051380407613,25.104538290121152,0],[121.8304631967068,25.104389285378705,0],[121.83034440002398,25.104389950563405,0],[121.83034966905012,25.104746886757948,0]]}},{"type":"Feature","properties":{"cadgeom_type":"CADLWPolyline","thickness":0,"color":"#FF0000FF"},"geometry":{"type":"LineString","coordinates":[[121.72932346426552,25.111585703672905,0],[121.72899748419078,25.11150575515145,0],[121.72932346426552,25.111585703672905,0],[121.72963326156743,25.111647434865375,0],[121.72963326156743,25.111647434865375,0],[121.72978149489724,25.111680575411473,0],[121.7302918568381,25.111790206297307,0],[121.73103464020627,25.111859990825298,0],[121.73168624826965,25.111903317054022,0],[121.73192619480787,25.111893583101267,0],[121.73237671909074,25.11162695398994,0],[121.73260154023475,25.111425449566163,0],[121.73276501868548,25.111266625579763,0],[121.73311572721619,25.11076591447476,0],[121.73330786871078,25.110472825315142,0],[121.73340525207567,25.110302230984868,0],[121.73351832778194,25.110123581984045,0],[121.73380398078238,25.109623783806317,0],[121.73386959061948,25.10950753536307,0],[121.73394296283276,25.109352042303154,0],[121.73396751867895,25.109306712023834,0],[121.73403694503365,25.109190969283258,0],[121.73413401792521,25.109052640054404,0],[121.734220585128,25.108921427968905,0],[121.73433679889412,25.108746984929656,0],[121.73439381873229,25.108787799677906,0],[121.73440557709742,25.10877018445449,0],[121.73473777251616,25.10833468579907,0],[121.73476215490109,25.108299603447055,0],[121.73476215490109,25.108299603447055,0],[121.73476215490109,25.108299603447055,0],[121.73476215490109,25.108299603447055,0],[121.73479937016538,25.108242345485678,0],[121.7349289650666,25.107991761220106,0],[121.73507359209722,25.10775140384831,0],[121.73507359209722,25.10775140384831,0],[121.73518793361326,25.107553975852042,0],[121.7353046088993,25.107351864945727,0],[121.73541829372849,25.10714509495066,0],[121.73557649347919,25.10683296993245,0],[121.73560834307384,25.106770053218103,0],[121.73573398554844,25.106545970751746,0],[121.73589660645223,25.106294314053045,0],[121.73608324367814,25.1060289043594,0],[121.73626806470565,25.105780904866233,0],[121.73640168177839,25.105614468470577,0],[121.73651635816944,25.105491327336576,0],[121.73655629437765,25.10546763573702,0],[121.73664556978329,25.105377173281457,0],[121.73681553879052,25.10521533860927,0],[121.73700867623374,25.10505003567521,0],[121.73737453170222,25.104697765490478,0],[121.73776104213374,25.10440870269194,0],[121.73794397533845,25.10434936692961,0],[121.73794397533845,25.10434936692961,0],[121.7382040514883,25.10425660455762,0],[121.7382040514883,25.10425660455762,0],[121.73849052534148,25.104128130717285,0],[121.73869162184347,25.10403931125494,0],[121.7391592018587,25.10387668911908,0],[121.7391592018587,25.10387668911908,0],[121.73954946167741,25.103784985355052,0],[121.73982275334228,25.103718536298693,0],[121.73990966679227,25.10370086847548,0],[121.74015708911283,25.103636764634572,0],[121.74040989390504,25.103604455107945,0],[121.74040989390504,25.103604455107945,0],[121.74083814586888,25.10355247857811,0],[121.74208659739693,25.103400950312963,0],[121.74215693148594,25.103392292790293,0],[121.74282573701531,25.103296289220932,0],[121.74299640791814,25.103273625424187,0],[121.74325073611234,25.103240162229085,0],[121.74355355469679,25.103209876169625,0],[121.74367245562443,25.103226150977616,0],[121.74395636181426,25.10325013535692,0],[121.74419690743798,25.103245862758005,0],[121.74432641449611,25.103252677950337,0],[121.74452938657798,25.10327352697099,0],[121.74473625028953,25.10327652423202,0],[121.74512854248236,25.103285256038788,0],[121.74523413867664,25.10329866867661,0],[121.74561813008029,25.10340297373859,0],[121.74581108723214,25.103475178122046,0],[121.74597174130285,25.10346902386643,0],[121.74611033184027,25.103424330025646,0],[121.74621462875277,25.103384375504028,0],[121.74628125528864,25.10328568073342,0],[121.74650451687815,25.10294886716684,0],[121.74654252132895,25.102891884937396,0],[121.74656251740483,25.10286139815579,0],[121.74659704361501,25.102807106738457,0],[121.74667634359069,25.102687923029638,0],[121.74671207479729,25.102635027295754,0],[121.74671345135353,25.10263247135599,0],[121.74673366777239,25.102601608678835,0],[121.74689564664763,25.10238925136121,0],[121.74695217615621,25.102307366799916,0],[121.74696885198809,25.102286962152018,0],[121.74700938231895,25.10223909183561,0],[121.74700938231895,25.10223909183561,0],[121.74717630177572,25.101945149499315,0],[121.74717630177572,25.101945149499315,0],[121.74717630177572,25.101945149499315,0],[121.7472881366936,25.101752899668792,0],[121.7472881366936,25.101752899668792,0],[121.74738739316425,25.101651431911524,0],[121.747529110398,25.101403011426225,0],[121.7475664219155,25.101321284745367,0],[121.74759946362249,25.10123055505749,0],[121.74760433162768,25.101196506638228,0],[121.74766383847732,25.101013664315282,0],[121.74773499935624,25.100801121536605,0],[121.74777853365705,25.100662171789473,0],[121.74779944311614,25.100610262141988,0],[121.74795158375962,25.100372099964943,0],[121.74795158375962,25.100372099964943,0],[121.74795158375962,25.100372099964943,0],[121.74815661255334,25.10020439853679,0],[121.74815661255334,25.10020439853679,0],[121.74815661255334,25.10020439853679,0],[121.74815661255334,25.10020439853679,0],[121.74815661255334,25.10020439853679,0],[121.74818914750082,25.10018547430087,0],[121.74818914750082,25.10018547430088,0],[121.74824789087155,25.10016503974853,0],[121.74830773792758,25.100147460031742,0],[121.74836852147094,25.100132784263675,0],[121.74843007168771,25.100121053444592,0],[121.74843007168771,25.10012105344459,0],[121.74847779440002,25.100114059467067,0],[121.74852578972377,25.100108836442473,0],[121.74878563108943,25.10009832173258,0],[121.74880048848384,25.10009772014228,0],[121.74901799414711,25.10012773504138,0],[121.7492743860305,25.100198756177413,0],[121.74977852178849,25.10033943960151,0],[121.74998358928123,25.100404558389215,0],[121.75008860159953,25.100437904349615,0],[121.75008860159953,25.100437904349615,0],[121.7503639536775,25.100488198257157,0],[121.75042066688236,25.100500592440376,0],[121.75050117707815,25.100513748609522,0],[121.7505572898653,25.100530243030047,0],[121.75072268793643,25.100592337257826,0],[121.75085305389683,25.100667557982117,0],[121.75094106200463,25.100690536876144,0],[121.75125002225563,25.10077146447386,0],[121.75159146544426,25.10086458816655,0],[121.75166599037328,25.100887041417643,0],[121.75215806934987,25.10100385475098,0],[121.75241126605663,25.10107610206825,0],[121.75252102840584,25.101096159905648,0],[121.75286736953514,25.10120492458097,0],[121.75306165902691,25.101263881122804,0],[121.75344567549217,25.10147179439287,0],[121.75344567549217,25.10147179439287,0],[121.75344567549217,25.10147179439287,0],[121.75344567549217,25.10147179439287,0],[121.75376929625091,25.101627614796616,0],[121.7540203653001,25.101756088092213,0],[121.75418002442757,25.101864248325196,0],[121.75431824502452,25.102000473153296,0],[121.75475782204073,25.1023163889782,0],[121.75476550303136,25.102312232701543,0],[121.75480583045382,25.102290412013655,0],[121.75488215894379,25.102287964832033,0],[121.7549211705935,25.102281821002386,0],[121.75495806509765,25.10226600279572,0],[121.75498782583198,25.10224328049308,0],[121.75490470353276,25.102182327137722,0],[121.75490160522413,25.102144522358415,0],[121.75483342718239,25.102102564691783,0],[121.75502537945442,25.10214998958691,0],[121.7552928465312,25.10221591753057,0],[121.75561107184983,25.10226555368661,0],[121.75591558353928,25.102313050137838,0],[121.75591558353928,25.102313050137838,0],[121.75598269775038,25.10231182359636,0],[121.75598282361356,25.102311821194554,0],[121.75615028215633,25.102345380992077,0],[121.75631690850147,25.102368880420677,0],[121.75659229022575,25.10239325194743,0],[121.75671117712658,25.10238858724816,0],[121.7568929597592,25.102348728550947,0],[121.75709176317407,25.10229292473456,0],[121.75731743923471,25.102222261822803,0],[121.75786899002632,25.101990661660405,0],[121.75804640697214,25.101919639274623,0],[121.75821139407226,25.101854174392148,0],[121.75844062174096,25.101779957181,0],[121.75869657114191,25.101693116867352,0],[121.75899664215001,25.101587963427146,0],[121.75944424679483,25.101418812841363,0],[121.75942780852019,25.101357241516567,0],[121.75975189783401,25.101249596208987,0],[121.76002106530069,25.10115389058054,0],[121.7606151863265,25.100953830156822,0],[121.76134028472192,25.10068924568738,0],[121.76191549480843,25.100467589164747,0],[121.76251776532602,25.100216389921794,0],[121.76271152338357,25.100130268151347,0],[121.76272581298646,25.100123916680023,0],[121.76314564197585,25.100001678111763,0],[121.76346177255719,25.099864708337762,0],[121.76355859425621,25.099813608156225,0],[121.76361645367241,25.09978365669201,0],[121.76397935909897,25.09962685695845,0],[121.76421400378462,25.099533435162957,0],[121.76455271357253,25.09942805034574,0],[121.76486028992827,25.099473813725858,0],[121.76497881314279,25.099562400657003,0],[121.76497881314279,25.099562400657003,0],[121.76514380809543,25.09970150436784,0],[121.76531027210339,25.099881707163323,0],[121.76537702002217,25.099965056628736,0],[121.76544055933458,25.100115754403564,0],[121.7654407627651,25.1001162086978,0],[121.76559829718587,25.10046800815168,0],[121.76570005268549,25.10079884505904,0],[121.76576112093231,25.101049033123143,0],[121.76580157707109,25.101185232056523,0],[121.76587659341327,25.101389786536583,0],[121.7659228571164,25.101495680543284,0],[121.76602188356577,25.10171402347044,0],[121.76611338592058,25.101912848334315,0],[121.76612715520861,25.101950019397503,0],[121.7661826369086,25.102054825132125,0],[121.76628081049613,25.102217160043537,0],[121.766298435111,25.102247772643878,0],[121.7664020232792,25.1024019241646,0],[121.7664966781813,25.1025506584257,0],[121.76654076404584,25.10263322592022,0],[121.76659876711248,25.10273624979455,0],[121.76663189620295,25.102785706935354,0],[121.76675173264607,25.103019809132476,0],[121.76685065951027,25.103216691120647,0],[121.76693971074774,25.103408264731588,0],[121.76700022023871,25.103527903287596,0],[121.76710913959262,25.103761717301218,0],[121.7671605489057,25.103871204057548,0],[121.76727467639151,25.104119314835668,0],[121.76732350807517,25.104228488542564,0],[121.76739358182716,25.104392833581475,0],[121.76748665030165,25.10459175426728,0],[121.76758853352744,25.10481341449446,0],[121.7676963684762,25.105048626865663,0],[121.7678362550263,25.10531909021767,0],[121.76788132098359,25.105376551737724,0],[121.76802299318456,25.105558909041243,0],[121.76806306512736,25.10560765549279,0],[121.76818155750405,25.105744274966654,0],[121.7682807943767,25.105866110243664,0],[121.76842313231344,25.106029875646687,0],[121.76851583969739,25.10613599179903,0],[121.76862965570184,25.106271417608873,0],[121.76873535510867,25.10640035356073,0],[121.76882331934543,25.10650374154735,0],[121.76898305789432,25.106660271974082,0],[121.76898593175112,25.1066634884815,0],[121.76906426289693,25.10675115897978,0],[121.76923497951917,25.10696349594436,0],[121.7694277533115,25.107207980746107,0],[121.76947430767771,25.107303366669957,0],[121.76970574486928,25.107708387994048,0],[121.76978647252669,25.10770223662556,0],[121.76982335699472,25.107695090438433,0],[121.76991864903859,25.10788354180702,0],[121.77000688940232,25.10805662418476,0],[121.77002341209796,25.10817194753747,0],[121.77002933891204,25.108183876733563,0],[121.77002958661765,25.108183685712362,0],[121.7700509930828,25.10835930815899,0],[121.77008935942806,25.10859724347298,0],[121.77011487779961,25.10864929072324,0],[121.77014983230117,25.1087774845529,0],[121.77026730267922,25.109006096000627,0],[121.77030890650325,25.10910391798594,0],[121.7703720490851,25.109206853363172,0],[121.77041571195899,25.109285914961266,0],[121.77045990369753,25.10934893069148,0],[121.77046357771988,25.109374828157364,0],[121.77052455675754,25.109414227709507,0],[121.77057911579767,25.109451881818217,0],[121.77072981734969,25.109561804886695,0],[121.77081048013405,25.109591610408952,0],[121.77097744155657,25.109653796368956,0],[121.77118594900637,25.109701923675253,0],[121.77127231501585,25.10972079923545,0],[121.77188073034986,25.109760057344655,0],[121.77197725803936,25.109756260562097,0],[121.77214045546896,25.109746754038618,0],[121.77215979917804,25.10981659034427,0],[121.7721856518777,25.10985293899395,0],[121.77228012221892,25.10984118825174,0],[121.77237948225438,25.109826982022497,0],[121.77245440186631,25.109814778233105,0],[121.77256244354668,25.109800601623316,0],[121.77264769985698,25.10978762243699,0],[121.77270411778424,25.109777391522123,0],[121.77280303981749,25.109761084955455,0],[121.77290245673147,25.109747080189287,0],[121.77319632734591,25.109700410343873,0],[121.7732259368369,25.109696030384203,0],[121.77344466295705,25.109660344452198,0],[121.77357604503531,25.109638397522268,0],[121.77372212610733,25.109618615646273,0],[121.77384274078099,25.109598285203813,0],[121.77392123346026,25.109586936769485,0],[121.77405466261968,25.10956553491368,0],[121.77405478855465,25.109565517474557,0],[121.77431377954478,25.109529652902026,0],[121.77444746827277,25.109508651978217,0],[121.774633119251,25.109491877404288,0],[121.7749265985151,25.10944017883953,0],[121.77503064983037,25.109428432004336,0],[121.7751480250189,25.10941032808593,0],[121.77522376796485,25.109392692434707,0],[121.7752998997308,25.109363873578612,0],[121.77541340548488,25.109319398377068,0],[121.77553562684652,25.109268234329914,0],[121.77562349300781,25.109222773446092,0],[121.77569792122802,25.10918977100476,0],[121.77573903892709,25.10915892745931,0],[121.77582554658595,25.109108656200807,0],[121.77596358326001,25.109017064141508,0],[121.77603710253781,25.108951808954124,0],[121.77616472960993,25.108835933548814,0],[121.77631589317289,25.108660563950643,0],[121.77643782602372,25.108523222980303,0],[121.77657285328301,25.108368573261032,0],[121.77668670260876,25.10824390810627,0],[121.77680241433394,25.10810417434274,0],[121.77686753094387,25.10801021854245,0],[121.77690087126238,25.107972027350932,0],[121.77696712893693,25.10783955434551,0],[121.77700938201195,25.107728907494003,0],[121.77703666998592,25.107639255685676,0],[121.77705179859474,25.107514780801445,0],[121.777046013567,25.107363114340252,0],[121.7770191303977,25.107189473212184,0],[121.7769865186544,25.107013954172587,0],[121.77696471938556,25.10689319363884,0],[121.77695248787654,25.106773328665216,0],[121.77692770084909,25.10662209372406,0],[121.7768393683261,25.10613200498677,0],[121.77678132129279,25.10580686055956,0],[121.77671084371678,25.10538700981414,0],[121.77665871302717,25.10511524377343,0],[121.77663075510189,25.10493071736613,0],[121.77657377813847,25.104633659995812,0],[121.7765355679075,25.1044657194948,0],[121.77648295088997,25.104215174421103,0],[121.77642032601484,25.10393262884432,0],[121.7763071020276,25.10353799916923,0],[121.77627864231295,25.103462290069142,0],[121.7762418469367,25.103316333604287,0],[121.77623343659293,25.103246775399743,0],[121.77621865723113,25.103149402431708,0],[121.77620398090605,25.1030561945891,0],[121.77620160053056,25.102962901572308,0],[121.77619876445829,25.102878656543144,0],[121.77621717727062,25.102731600357064,0],[121.77624015151045,25.10263411813979,0],[121.77628011701717,25.102445707810322,0],[121.77633359881584,25.10225283935706,0],[121.77636419140171,25.102076004119013,0],[121.77637439441743,25.102018376838206,0],[121.7764473338038,25.101860433725964,0],[121.77648991062902,25.101785311598576,0],[121.7765398218348,25.10171611737388,0],[121.77661542210076,25.10164269796082,0],[121.77668297637565,25.101579536647872,0],[121.77675574477408,25.101527553332886,0],[121.77680803553726,25.101504716482395,0],[121.77691885090293,25.101452496335856,0],[121.77707863999241,25.101407042552378,0],[121.77729722643113,25.101347369640003,0],[121.77748369115072,25.10129505852453,0],[121.7776166090383,25.10126213290894,0],[121.7777416067491,25.10123124298754,0],[121.77780234765329,25.101221468241803,0],[121.77786241798964,25.101210983511837,0],[121.77795325934972,25.101195734702813,0],[121.77805696993723,25.10118978075619,0],[121.77812887349722,25.101191992401606,0],[121.77820930830225,25.101198273893168,0],[121.77830277784985,25.10120679980449,0],[121.77838186153778,25.101221970574287,0],[121.77849318325384,25.101239811927158,0],[121.77855840148644,25.101252197884847,0],[121.77863260821994,25.101269160685916,0],[121.77869530365236,25.101281392210577,0],[121.77878213839507,25.10129878819949,0],[121.77890694680079,25.101321724717767,0],[121.77897703115745,25.101337827628665,0],[121.77908390706838,25.10136163437099,0],[121.77918031138127,25.10137812382449,0],[121.77926498269666,25.101395522054016,0],[121.77933518720121,25.10141119962892,0],[121.77938339821756,25.101418595803924,0],[121.77945560330514,25.10143263655117,0],[121.77954256660574,25.101448997432712,0],[121.77964126150115,25.10146937854147,0],[121.77970748939123,25.101483344551998,0],[121.7797684377798,25.101495568567977,0],[121.77983392053049,25.10151118461403,0],[121.77991120567783,25.10152581651657,0],[121.77996469164313,25.10153762719463,0],[121.78002785975183,25.101549692436702,0],[121.78018552669703,25.101580207578717,0],[121.78040795791217,25.101619795959085,0],[121.78058764734436,25.101654891142253,0],[121.7808678781271,25.101717015899805,0],[121.78116395883752,25.101778652169866,0],[121.78125035972619,25.101789941986397,0],[121.78143370462372,25.101834603412144,0],[121.78153528472427,25.101853356503877,0],[121.78166948580144,25.10187807249248,0],[121.78176235641018,25.101892061457864,0],[121.78181639660356,25.10189196916975,0],[121.78189623775616,25.101882875364247,0],[121.78195076466194,25.101875648942205,0],[121.78199342210429,25.101871847228463,0],[121.78205433575003,25.101864342781635,0],[121.78227066769855,25.101793170568957,0],[121.78258772124073,25.101653119055797,0],[121.78284052381142,25.101539916176378,0],[121.78301434918093,25.10141106266085,0],[121.78301657947004,25.101410877911373,0],[121.78309139559477,25.101400602996794,0],[121.78309139559477,25.101400602996794,0],[121.78324819213483,25.101408915957013,0],[121.78327281382941,25.101408782570566,0],[121.78336368322292,25.101427660978974,0],[121.78339535451778,25.101439213865792,0],[121.78349694494935,25.10152120578601,0],[121.7835357759907,25.101597668043464,0],[121.7835619724783,25.101689172631733,0],[121.78357817164031,25.101923084953256,0],[121.78357277870951,25.10211241136975,0],[121.78355888074445,25.102461860004937,0],[121.78353968962803,25.102897085369023,0],[121.78352245069851,25.10304380993265,0],[121.78342020481163,25.1037304910662,0],[121.78340895546198,25.10380021147945,0],[121.78340107310301,25.10397429253351,0],[121.78340608997631,25.104109554485046,0],[121.78342821669122,25.104279974216603,0],[121.78345361212978,25.104423870387023,0],[121.78348133607794,25.10454984677312,0],[121.78352122371122,25.104659331337075,0],[121.78357116325188,25.10474760627208,0],[121.7836318491696,25.104855591269605,0],[121.78367127396514,25.104922033857374,0],[121.78376612517339,25.10505068869965,0],[121.78384334580402,25.105153956290152,0],[121.78393690167404,25.10527298218301,0],[121.78406730619334,25.105435149630182,0],[121.78416215672212,25.105548866113164,0],[121.78425851649766,25.105685042827343,0],[121.78439164224635,25.10587683368835,0],[121.7844661365619,25.105985913717955,0],[121.78453018517361,25.106078159318603,0],[121.78457685403818,25.10614286044735,0],[121.78474744540969,25.10640620235144,0],[121.7848638188835,25.106580303560982,0],[121.78486382526458,25.10658031310744,0],[121.78499631148169,25.10682123878799,0],[121.7850676628911,25.106999504163923,0],[121.78515531267416,25.107284350148362,0],[121.78529323523463,25.107868488432057,0],[121.78533037434832,25.108043247436715,0],[121.78544022436704,25.108390201324443,0],[121.78556242301836,25.108619728894187,0],[121.78569339850294,25.10887017010352,0],[121.78574552612181,25.108953211981067,0],[121.78579656741879,25.10902948723804,0],[121.7858720806991,25.1091377433415,0],[121.78610101045679,25.10953973427825,0],[121.78611924821843,25.109561477144318,0],[121.78616998778598,25.109644346297085,0],[121.78619812906672,25.10968944647857,0],[121.78622682439712,25.10973662913368,0],[121.78624070556117,25.109758989662097,0],[121.78624803841294,25.10977268784913,0],[121.78625413952432,25.109783717843683,0],[121.78627580853505,25.109823844913134,0],[121.78636165655523,25.109953431730723,0],[121.78636165655523,25.109953431730723,0],[121.78636165655523,25.109953431730723,0],[121.78636165655523,25.109953431730723,0],[121.78638887256027,25.109996285036807,0],[121.78639538177961,25.11000615584516,0],[121.786396082742,25.11000750301563,0],[121.78640197110627,25.110016650034932,0],[121.78641954186634,25.110051452059697,0],[121.78645335423349,25.110098753303,0],[121.78656540460092,25.11025266450581,0],[121.78665962656764,25.110382045806336,0],[121.78681822807974,25.110543581259044,0],[121.78693665649138,25.11064837390296,0],[121.78709916861499,25.110777987624065,0],[121.78736349158416,25.110986589289286,0],[121.78736118540505,25.110993205770946,0],[121.7874820966425,25.111101177003903,0],[121.7876116979724,25.11120527279984,0],[121.78771228994349,25.11128465519223,0],[121.78802124195364,25.111515327521722,0],[121.78839148492511,25.11179331436449,0],[121.78867923696687,25.11201050683705,0],[121.78903240789407,25.112273981242,0],[121.78920513014363,25.11244075381416,0],[121.78937142987677,25.11259380555786,0],[121.78963832735465,25.112769261320665,0],[121.79038814501695,25.11311270244849,0],[121.79039891755433,25.11311649561547,0],[121.79075889045517,25.113243246714767,0],[121.79092242969116,25.11328437677471,0],[121.79123233613325,25.113372279705665,0],[121.79145018504715,25.11342119728845,0],[121.79145729307837,25.11334903989117,0],[121.7918541307593,25.11339292411606,0],[121.79210702782437,25.113414031634512,0],[121.79238245393887,25.113436789370432,0],[121.79265970340958,25.11346100305202,0],[121.79278522206603,25.113457001330335,0],[121.79294360941871,25.113448754302038,0],[121.79301742264317,25.113442727694434,0],[121.79309792268839,25.11344205316451,0],[121.7932430481702,25.113432319187382,0],[121.79331603916442,25.113423268524755,0],[121.79343952012762,25.11341123441664,0],[121.79349463796042,25.113405144412518,0],[121.79349463796042,25.113405144412518,0],[121.79373738953242,25.11337454155189,0],[121.7939214679297,25.113346511576523,0],[121.79404315193402,25.11332679117101,0],[121.7941708587886,25.113306251831197,0],[121.79429357947461,25.113285096662022,0],[121.79440598282567,25.11326817422366,0],[121.79451897544128,25.113250587117324,0],[121.794668851444,25.1132265083473,0],[121.79485721796617,25.11318904200879,0],[121.79504505752169,25.11315181420119,0],[121.79513565234512,25.113143224217435,0],[121.7952527795561,25.11313813191653,0],[121.79558383388513,25.113095324861764,0],[121.79564946616289,25.113083280559486,0],[121.7961010801596,25.11296074468953,0],[121.79611155357384,25.112961505708288,0],[121.7964860739993,25.112866829952875,0],[121.79668116508569,25.11283572087602,0],[121.7968818174346,25.112822342000868,0],[121.79766448768886,25.11273822994414,0],[121.7978807593159,25.11259616826329,0],[121.7980413100793,25.112307490075086,0],[121.7980413100793,25.112307490075086,0],[121.79811246932023,25.11215601023659,0],[121.79836236443688,25.11171524075146,0],[121.7986470589008,25.11149002342356,0],[121.79886610989696,25.11083247651936,0],[121.79919442497506,25.11034196352073,0],[121.79943247413195,25.10988280789237,0],[121.79957875584573,25.10948627846535,0],[121.79961985601233,25.109372997302327,0],[121.79969939709827,25.109230652662895,0],[121.7998778892222,25.109031534604167,0],[121.79998162422714,25.108915811950133,0],[121.80002232850681,25.10894743160274,0],[121.80010898296631,25.108900958857348,0],[121.80025404291737,25.108831374196246,0],[121.80042989699415,25.108780475659774,0],[121.8006139107851,25.108727215139915,0],[121.80074918841623,25.10868806052585,0],[121.80103033394091,25.10857690869748,0],[121.80108932462612,25.10855219528518,0],[121.80108932462612,25.10855219528518,0],[121.80113800438494,25.108533510539438,0],[121.80144896686745,25.108432211573604,0],[121.80144896686745,25.108432211573604,0],[121.80175553916804,25.108305277158795,0],[121.80185830123328,25.108270984296343,0],[121.80223791545865,25.108155169995,0],[121.80263951451231,25.10803590696483,0],[121.8034264748493,25.107809125605918,0],[121.80360211905145,25.107753346316475,0],[121.8044591151889,25.10747524719224,0],[121.80449301038816,25.107464240927992,0],[121.80455283656518,25.1074440868204,0],[121.80461828597046,25.107421801985335,0],[121.80462392989627,25.10741988787605,0],[121.80466137763544,25.107407136748854,0],[121.8047035187213,25.107392790550982,0],[121.8047595913142,25.107373704772556,0],[121.80479438540097,25.10736185595761,0],[121.80491364153947,25.107315567617253,0],[121.80508737812178,25.10724580472621,0],[121.80522747550621,25.107180565693778,0],[121.80558658551212,25.106997674233536,0],[121.80579598627662,25.106892299250223,0],[121.8060696881562,25.106759967026814,0],[121.80640962020033,25.10656721368244,0],[121.806563878795,25.106463866620444,0],[121.80657419807191,25.106456953107624,0],[121.80657419807191,25.106456953107624,0],[121.806641400886,25.106395786766218,0],[121.80671288888469,25.10633879031118,0],[121.80678835061448,25.106286212055558,0],[121.80686745731106,25.106238281063536,0],[121.80694986433154,25.106195206152613,0],[121.80703521265599,25.106157174983846,0],[121.8071231304515,25.10612435324445,0],[121.8071231304515,25.106124353244446,0],[121.80714682017836,25.10612345549157,0],[121.80717052569972,25.10612388599348,0],[121.80719415727192,25.106125643120365,0],[121.80721762543114,25.10612872022012,0],[121.80724084133229,25.10613310564353,0],[121.80726371708518,25.106138782788353,0],[121.80728616608741,25.106145730162186,0],[121.80746823391361,25.106223002469726,0],[121.80766148363547,25.106339966520142,0],[121.80784415356555,25.106456897796726,0],[121.80788235618195,25.106481352123577,0],[121.8080301936754,25.106608845424816,0],[121.80813906646266,25.10671196789906,0],[121.80834967498977,25.106928879342366,0],[121.80849420555813,25.10710048933117,0],[121.80862806790122,25.107224809437728,0],[121.80887308874841,25.107384853594027,0],[121.80913303469781,25.10758620264797,0],[121.80938943597279,25.107723517549015,0],[121.80944870609547,25.10775604332459,0],[121.80955501650568,25.10780817719305,0],[121.80965142988528,25.10785619343059,0],[121.80982745884484,25.10793893728926,0],[121.80996661725256,25.108037957265612,0],[121.81009971746387,25.108093298505153,0],[121.81009991437612,25.10809333490952,0],[121.81038991984383,25.108146949678144,0],[121.81063112233765,25.10817735684,0],[121.81087091033127,25.108204131812094,0],[121.81112712908643,25.10823164523322,0],[121.81124871124474,25.108245011960125,0],[121.81154392452206,25.10826116823241,0],[121.81162579976042,25.108264967846768,0],[121.81168006929063,25.108271717726915,0],[121.81203857085035,25.10829361748945,0],[121.8121564023817,25.108298814922055,0],[121.81230902009388,25.10830638437528,0],[121.81238836145661,25.10831196428124,0],[121.812592193707,25.10832266178966,0],[121.81270967261669,25.1083287642433,0],[121.81298124143106,25.108342412762156,0],[121.81304455223412,25.108349982712735,0],[121.81308178795159,25.108358732769304,0],[121.81321662788338,25.108389311657525,0],[121.81343814860357,25.108495940399187,0],[121.81364606292036,25.10859334232033,0],[121.81388495906924,25.1087128856226,0],[121.8139137960598,25.108723791507924,0],[121.81395681809477,25.10873364134389,0],[121.81412106325573,25.108807101954046,0],[121.81424125741232,25.108840551922803,0],[121.81436635563898,25.10890367862654,0],[121.8144603073592,25.10897045566065,0],[121.81446373392856,25.10897134421638,0],[121.8148632759412,25.109110113913722,0],[121.81509412729075,25.109166002802063,0],[121.81539901392365,25.109183925300254,0],[121.815702484771,25.109164163432972,0],[121.81598619018759,25.109115660880402,0],[121.81603286131867,25.10910689252986,0],[121.81620960516209,25.109067248168753,0],[121.81633031563955,25.109028326980287,0],[121.81639840102503,25.10900404571514,0],[121.81663282086879,25.108915782554167,0],[121.8168201434449,25.108826340006967,0],[121.81693841759478,25.10877657948036,0],[121.81707153705571,25.10869476451629,0],[121.817201780023,25.108626849373373,0],[121.81723685393612,25.10861723800967,0],[121.81726735294458,25.108601255385366,0],[121.81745394731179,25.10846357628194,0],[121.8177478554054,25.108219347727786,0],[121.81785351350334,25.108089937217603,0],[121.81795325504433,25.107946396215596,0],[121.81811726689229,25.107718896426302,0],[121.81825023775812,25.1075215191506,0],[121.81839082800046,25.107312291144424,0],[121.81848095624837,25.10720978298985,0],[121.8185507533919,25.1072271457621,0],[121.81885984209045,25.106615353416235,0],[121.81898390860886,25.106395795110824,0],[121.81898399395584,25.1063956440735,0],[121.81909952471013,25.105998558749263,0],[121.81912795774512,25.105957442409704,0],[121.81917229323804,25.10588899743927,0],[121.81922611151737,25.10581550431216,0],[121.81938793932802,25.105664930609816,0],[121.8195226361589,25.105542878480804,0],[121.81962155639248,25.105462248363143,0],[121.81975159452705,25.105360545425416,0],[121.8198091186586,25.105314409780036,0],[121.8201375440434,25.105067565600823,0],[121.82026250946446,25.1049721110004,0],[121.82044003029726,25.10483630950242,0],[121.82071698542465,25.10462665818351,0],[121.82096057013726,25.10443609864402,0],[121.82114005565536,25.104293112861555,0],[121.82126254818154,25.104213326447127,0],[121.82132375916257,25.10417162260974,0],[121.82140879597834,25.10411645849804,0],[121.82153745355427,25.10407048723885,0],[121.8217791449955,25.104015944075275,0],[121.8219114493344,25.10402366859821,0],[121.82202703872356,25.10404546607304,0],[121.8222646980615,25.104093704984418,0],[121.82235787079476,25.104152297946644,0],[121.82245555216522,25.104229067193092,0],[121.82257130301724,25.104334981619033,0],[121.82264496294191,25.104440402334212,0],[121.82278415610892,25.10464552780465,0],[121.82300646271244,25.105002777060403,0],[121.8231051569819,25.10515603888119,0],[121.8233294016134,25.10549267265746,0],[121.82348294379203,25.105713573111593,0],[121.82361181191334,25.105887389676063,0],[121.8236807335006,25.105967617688833,0],[121.82377049660114,25.10606640539672,0],[121.82392426196003,25.106216518176637,0],[121.82402769299559,25.1063057739201,0],[121.82410912555501,25.106367401708077,0],[121.82415454141315,25.106405795142805,0],[121.8241974446972,25.10643399936954,0],[121.82441601503874,25.10661661719863,0],[121.8246341797016,25.10676527289588,0],[121.82484824742198,25.106856042959937,0],[121.82501813339127,25.106926875406632,0],[121.82511625092104,25.106954265827564,0],[121.8255570716443,25.107080991135007,0],[121.82591246585065,25.107181239247698,0],[121.82597877675802,25.107211140612403,0],[121.82605755555721,25.107226933011674,0],[121.82610441993825,25.107238737805034,0],[121.82617425855463,25.107247278167687,0],[121.82625621555398,25.107272300164514,0],[121.82627104037756,25.10727867180061,0],[121.82640220569681,25.107285283683257,0],[121.82655960653629,25.107293584914512,0],[121.82661830171244,25.107298812875086,0],[121.82663472307618,25.10754085259957,0],[121.82754038420316,25.107353640284956,0],[121.8277203664825,25.107336653306415,0],[121.82771821669144,25.107424355424975,0],[121.82804176028212,25.10768414769326,0],[121.82804176028212,25.10768414769326,0],[121.82839781012166,25.107761583422036,0],[121.82837325462522,25.1078351507265,0],[121.8291439615119,25.108038608691064,0],[121.82913000378984,25.108074793439286,0],[121.82932471048174,25.108122192006547,0],[121.82928088008298,25.108266386617473,0],[121.83004029759479,25.108433785786474,0],[121.83039441586405,25.10824957489484,0],[121.83056224338061,25.108033688135368,0],[121.83076799842851,25.10770102116835,0],[121.83101663575802,25.107050993991447,0],[121.83091601107961,25.10625068009684,0],[121.830886505268,25.106099425534598,0],[121.83081517182816,25.10471386953985,0],[121.83088353834823,25.10469749839918,0],[121.8307842420612,25.10433226932747,0],[121.8306940232893,25.104352605141756,0],[121.83058561846657,25.103953869495484,0],[121.83038076595088,25.103909851512324,0],[121.83038559329675,25.10387335898632,0],[121.83043756868834,25.1036480764138,0],[121.83046100806766,25.103579548873952,0],[121.8305116899996,25.10349843998257,0],[121.83060306597065,25.103376685211316,0],[121.83075561507017,25.103207960795483,0],[121.83075561507017,25.103207960795483,0],[121.83075561507017,25.103207960795483,0],[121.83087625286912,25.10309339953265,0],[121.83094518290159,25.103030912724257,0],[121.8310774741939,25.102921498084445,0],[121.83129756285598,25.102763556105597,0],[121.83133318146612,25.102740599251902,0],[121.8313522824855,25.10272994378095,0],[121.83142516864679,25.102689284321503,0],[121.83154611366977,25.10262399488156,0],[121.83174713848335,25.102514563071846,0],[121.83197619219268,25.10239446164762,0],[121.83213986931733,25.102321096368005,0],[121.83235177518281,25.102225394024313,0],[121.83243501577714,25.10218918739475,0],[121.83251890973995,25.102140177177255,0],[121.83261000283234,25.102086479995332,0],[121.83265071982115,25.102062478279123,0],[121.83272296107378,25.10200983260881,0],[121.83291123107777,25.10187894514,0],[121.83297620377131,25.101836393220477,0],[121.83308643289588,25.101742941284463,0],[121.8331646815689,25.10167950721701,0],[121.83324509246981,25.101611005378217,0],[121.83327165974639,25.10158827317299,0],[121.83336087622821,25.10150525476782,0],[121.83339641784333,25.10147259396238,0],[121.83344971626506,25.101420933332054,0],[121.83350351361636,25.101359798568264,0],[121.83359497521691,25.10125563063766,0],[121.83365454069597,25.10118236257428,0],[121.8337068712149,25.1011186556335,0],[121.83377167234384,25.10101009575841,0],[121.8338110044634,25.10094195350166,0],[121.83389552773174,25.10080395731105,0],[121.83396240424032,25.10064908731293,0],[121.83402763281903,25.100496096138343,0],[121.83406552672405,25.100407370385216,0],[121.83409961112568,25.10029205649621,0],[121.83413929380555,25.100157802301634,0],[121.83414920368641,25.100125329525508,0],[121.83414920368641,25.100125329525508,0],[121.83414920368641,25.100125329525508,0],[121.83414920368641,25.100125329525508,0],[121.83429178860439,25.099744914551007,0],[121.83430361983308,25.099704681721654,0],[121.83440299653535,25.099706865559334,0],[121.83446868806162,25.099497163301677,0],[121.83449059484168,25.099232479217044,0],[121.83447996983112,25.099015076546642,0],[121.83446348838572,25.09892884563985,0],[121.83438268401711,25.098738767142716,0],[121.83427444082173,25.098552956847957,0],[121.83415362118835,25.09834421334999,0],[121.83401397106142,25.09806030006762,0],[121.83387532222783,25.097792284441628,0],[121.83360983657916,25.097356541757424,0],[121.83350185310792,25.097110355243377,0],[121.83337128373115,25.09675518446617,0],[121.83323590309412,25.096485422921116,0],[121.8331582587897,25.096325513052097,0],[121.83293026144558,25.095948636324398,0],[121.83278152497648,25.095705180631885,0],[121.8326594701632,25.095438123127863,0],[121.83261114422433,25.095270611663146,0],[121.83257515291194,25.095144368810924,0],[121.83251405766157,25.094813573587714,0],[121.83250974688698,25.09470648845104,0],[121.83250164120682,25.094445933376488,0],[121.83254369084952,25.093914029714153,0],[121.8325561305199,25.093838509572127,0],[121.83256875530778,25.093800930361052,0],[121.83257384978907,25.093352262530132,0],[121.83257182393876,25.09318902129927,0],[121.83257381432655,25.092978166885068,0],[121.83250324256643,25.09265688594852,0],[121.8324411238701,25.0924207090956,0],[121.83223024653448,25.091772505698202,0],[121.83209349033966,25.09181818043482,0],[121.83177848332133,25.091311696627315,0],[121.8316383541142,25.09108993820153,0],[121.83160582067472,25.091040128285254,0],[121.83136813973522,25.090736797461417,0],[121.83130918930301,25.090660236514875,0],[121.83106043419014,25.090386943961565,0],[121.83097455402816,25.090310402947797,0],[121.83077829485694,25.09013999335693,0],[121.83058444272616,25.089996244907944,0],[121.83037594630449,25.089877552684545,0],[121.82998969611816,25.08968603072135,0],[121.8297689483079,25.089543604111558,0],[121.82964014143778,25.08945294426725,0],[121.8295257960992,25.089377764397415,0],[121.8294466582311,25.089325217550204,0],[121.8294036997325,25.089272689528375,0],[121.8292330942165,25.08909130136096,0],[121.8291587133955,25.088986761993144,0],[121.82906550380574,25.088858084215936,0],[121.82849167580545,25.089133989445,0],[121.82859468558054,25.089281206576867,0],[121.82870189329302,25.08938850613509,0],[121.82886158473771,25.089573435420853,0],[121.82898267807273,25.08967871658685,0],[121.82915298492574,25.08981103393177,0],[121.82944416778079,25.089983306729334,0],[121.82961313546748,25.09008407128914,0],[121.82980319705919,25.09019468572109,0],[121.8301251449547,25.090438674820813,0],[121.8302897133763,25.090559967907794,0],[121.83061067219906,25.090826117104776,0],[121.83075395894475,25.090923823890332,0],[121.83069412595704,25.090954599805592,0],[121.83073413878417,25.091027765857156,0],[121.83087663053516,25.091269772303438,0],[121.83097813378632,25.091438984010978,0],[121.83110798647631,25.091655490900305,0],[121.83127696017606,25.091980401254638,0],[121.83142604972282,25.09235959604281,0],[121.83149363407938,25.09261884794781,0],[121.83152018319677,25.093009797308593,0],[121.83152402047504,25.093193860810853,0],[121.83152397127748,25.093194898307168,0],[121.83150219805039,25.09365405916279,0],[121.8315212237183,25.094092103338262,0],[121.83152916966098,25.094202115641348,0],[121.83155313241004,25.094312662233264,0],[121.83157515822012,25.094403166627238,0],[121.83161700307879,25.094527540236733,0],[121.83164811754769,25.0946438856653,0],[121.83171574451809,25.094884635684203,0],[121.83174307018903,25.094956225425516,0],[121.83184905196485,25.095307727452777,0],[121.83195897852374,25.09566426620949,0],[121.83199284302479,25.095738256570634,0],[121.83200570484023,25.09576848376951,0],[121.83203137283559,25.095821623766405,0],[121.83206922456384,25.095966647142056,0],[121.83214213501205,25.09618492481768,0],[121.83220315539774,25.09635593213659,0],[121.83222304196728,25.096390578610293,0],[121.83231945585192,25.09667457928034,0],[121.83241107712966,25.096936609573397,0],[121.8324722154386,25.097123249716777,0],[121.83249336582224,25.09718193938833,0],[121.83253670610678,25.097279125980403,0],[121.83254622781509,25.09732397821839,0],[121.83258598151495,25.09741877779659,0],[121.83263515462072,25.097542097667528,0],[121.83266882057475,25.097592014473157,0],[121.83270133945835,25.09764297751188,0],[121.83277198983637,25.09772815717912,0],[121.83281358993318,25.097765485686622,0],[121.83288403556281,25.097823509443145,0],[121.83293401479494,25.097885009898256,0],[121.83297397178515,25.098020782825298,0],[121.8330689619267,25.09832539121626,0],[121.83315679030106,25.098605527641567,0],[121.83319082681699,25.09872778442528,0],[121.83324837335681,25.09893965318898,0],[121.83328885840818,25.099167311734135,0],[121.83329659077127,25.099300931918744,0],[121.83329836575162,25.099403745176787,0],[121.83328789634389,25.099556335631338,0],[121.8332205470061,25.099750936220453,0],[121.8332205470061,25.099750936220453,0],[121.83318880092574,25.09988201825725,0],[121.8331577138701,25.100013838005225,0],[121.83313504758833,25.10010071964436,0],[121.833102716039,25.100192745514665,0],[121.83304152460214,25.100324227821037,0],[121.83300369323771,25.10040536169516,0],[121.83296622952514,25.100475448384195,0],[121.83291349905721,25.100574095798454,0],[121.8328684547255,25.100636943672555,0],[121.83278150557132,25.100758258820154,0],[121.83270762363593,25.100842926620093,0],[121.83260289249867,25.100950866401195,0],[121.83249288708325,25.101064241768725,0],[121.83245761101473,25.101095634705356,0],[121.83235607831615,25.101186004574974,0],[121.83235036335633,25.101191091819917,0],[121.83225474542883,25.10126544952977,0],[121.83216877488297,25.101329997964523,0],[121.83206793587533,25.101393164559727,0],[121.83192580225628,25.10147580620545,0],[121.83187557139262,25.101502522549357,0],[121.83178301588181,25.101551750074975,0],[121.83169747083797,25.10159305852027,0],[121.83158831439218,25.10164576845385,0],[121.8315388323131,25.101670542328005,0],[121.83148009243871,25.101699946430372,0],[121.83139239192847,25.101743859539447,0],[121.8313094900741,25.101791665770932,0],[121.83123522531548,25.101835204660702,0],[121.83119149449878,25.101862355159486,0],[121.83116421465124,25.101879293233456,0],[121.83108230048126,25.10192620470101,0],[121.83095628972127,25.10202805621472,0],[121.83091674763428,25.102062085745786,0],[121.83087096254445,25.10211429805735,0],[121.83082941362917,25.102148134712355,0],[121.83077425936442,25.102194696847207,0],[121.83068074600172,25.102277751889883,0],[121.83063822459127,25.102316753870316,0],[121.83063531242769,25.10231942513456,0],[121.83056114164731,25.102438548753998,0],[121.8304975150881,25.10254273300863,0],[121.83044795323902,25.102624276028607,0],[121.83038486061082,25.10270074867554,0],[121.83034464442021,25.102750520778642,0],[121.83029421214124,25.102826368754485,0],[121.83018060291707,25.102922686004664,0],[121.83008055060414,25.10305439717765,0],[121.8299657978373,25.10321678073803,0],[121.82987579348948,25.10336283192098,0],[121.82986651832191,25.103376947093594,0],[121.82980302617405,25.103540301804717,0],[121.82977349621673,25.103620732776477,0],[121.82973814354638,25.103717022975744,0],[121.82971612547253,25.103784788053893,0],[121.829704547205,25.103820422485374,0],[121.82912448406701,25.103695775958034,0],[121.82913110053148,25.1038046914629,0],[121.82915215926026,25.104151343566325,0],[121.82917287935553,25.104492418940975,0],[121.82919404358968,25.10484080285511,0],[121.82957956777261,25.104802108036555,0],[121.82955961820723,25.105027136535714,0],[121.82948857424344,25.105227545349212,0],[121.82936571492782,25.105411749562514,0],[121.82932885771396,25.105444856001554,0],[121.82926705294199,25.105500371150363,0],[121.82914182540131,25.105584327081868,0],[121.82904605183118,25.105648536127458,0],[121.82836825180831,25.10596277514837,0],[121.82811378079279,25.106080750811095,0],[121.82811378079279,25.106080750811095,0],[121.82777297399907,25.106238751695066,0],[121.8274278025368,25.106348921948257,0],[121.82725433422857,25.106435157117712,0],[121.82725433422857,25.106435157117712,0],[121.82725433422857,25.106435157117712,0],[121.8269300974209,25.106481830543736,0],[121.82692137371387,25.10648164936829,0],[121.8267541145906,25.106486163433257,0],[121.82662096271426,25.10649010947879,0],[121.8264850164912,25.10648085461469,0],[121.82644344227542,25.106475078751714,0],[121.82642352309006,25.10647464057006,0],[121.82640973469923,25.106474032819843,0],[121.82639641010591,25.106473925564966,0],[121.8263687091083,25.106472141673528,0],[121.82631470535378,25.10646533568857,0],[121.82617872871623,25.106442260364044,0],[121.82604186168689,25.10640940522375,0],[121.82583949786623,25.10635777554919,0],[121.82569642032608,25.10630413425667,0],[121.82553049178496,25.10623879968436,0],[121.8254036661226,25.106173113999606,0],[121.8253128153544,25.10613505967344,0],[121.82517722786167,25.10604914639467,0],[121.82504955714442,25.105979970572417,0],[121.82491092918951,25.10588876899267,0],[121.82457299220516,25.1056310160358,0],[121.82443235209315,25.10550839815683,0],[121.82429394762124,25.105391182769914,0],[121.82411740625079,25.105209563917338,0],[121.8240502535716,25.105148835310725,0],[121.82394136386283,25.10503110903264,0],[121.82371927775715,25.10476819189765,0],[121.82371927775715,25.10476819189765,0],[121.82359342899379,25.104589058279,0],[121.82327112176684,25.104029167253092,0],[121.82319028868525,25.10391773233371,0],[121.82305100934967,25.103754753353268,0],[121.82291435879515,25.103651453979648,0],[121.8228007065919,25.103560019631654,0],[121.82271846285809,25.103514430597905,0],[121.82256817918228,25.10343733849123,0],[121.82241267929574,25.103380329012563,0],[121.82236274739965,25.10337472117844,0],[121.82218580035851,25.1033305020957,0],[121.82210041657056,25.103318566758514,0],[121.82204881852692,25.10331025099589,0],[121.82195123271066,25.103298181060172,0],[121.8218515664147,25.103292087963872,0],[121.82175206996811,25.103289994864266,0],[121.82170836411576,25.103295592286912,0],[121.82147432328209,25.10334029117281,0],[121.82135929908296,25.103382593286607,0],[121.82135929908296,25.103382593286607,0],[121.82101383446327,25.103517787412105,0],[121.82085213505245,25.103610322351717,0],[121.82076748195982,25.103672726252572,0],[121.82038201699932,25.10390979509979,0],[121.82022661825881,25.104000715067265,0],[121.82017920976419,25.104041357558447,0],[121.82000066792916,25.104166173972363,0],[121.81991119753037,25.10423575475569,0],[121.81982614825121,25.10428581508051,0],[121.81966464873913,25.104382950088063,0],[121.8195066090554,25.10450327750744,0],[121.81957603805007,25.10457038831515,0],[121.81946158206117,25.104658988490037,0],[121.81920927700668,25.104883785008152,0],[121.819094018407,25.105019570874305,0],[121.81909301006928,25.105020681685257,0],[121.8189979892417,25.105125358970337,0],[121.81886439418395,25.10529576688876,0],[121.81872186766431,25.10544760883773,0],[121.81857775365289,25.105629074413134,0],[121.81851201407635,25.105691150007207,0],[121.81846472120051,25.10574126759541,0],[121.81824902735723,25.10597167653579,0],[121.81802462420063,25.1063035303657,0],[121.81796439245834,25.106401422048403,0],[121.81796432348324,25.106401534150105,0],[121.81789015370421,25.106533229708102,0],[121.81774550002507,25.106784561569896,0],[121.81764314941475,25.10696218691704,0],[121.81753229228492,25.1071155106494,0],[121.81733891241703,25.107364933751985,0],[121.81710872724183,25.107706463473125,0],[121.81703031900533,25.10779589501913,0],[121.8168958369994,25.107945437697193,0],[121.81674709857337,25.10808841411694,0],[121.81656141826181,25.1082210383855,0],[121.81646399188492,25.10827518358998,0],[121.81633101848854,25.108345540839068,0],[121.81604163775106,25.10843985878712,0],[121.81580206544845,25.108491663980335,0],[121.81555388026918,25.10851692034621,0],[121.8152147349405,25.108534679053605,0],[121.81503151567516,25.108514193856582,0],[121.8147476631912,25.108482294699666,0],[121.81463832008197,25.108444143631875,0],[121.81439061987885,25.108350859086205,0],[121.81424849784722,25.108261690213393,0],[121.81408711811362,25.1081459223673,0],[121.81408711811362,25.1081459223673,0],[121.8137770358776,25.108059832354122,0],[121.81343688350883,25.107967206992416,0],[121.81323377219397,25.107911402443023,0],[121.81286957364804,25.10780944078683,0],[121.8126583251015,25.107745180376106,0],[121.81243710698246,25.107709508187202,0],[121.81203076703802,25.107717249067203,0],[121.8113987839599,25.107736229717997,0],[121.81121301442325,25.107704213054284,0],[121.81074849849344,25.107618692222275,0],[121.81049764039001,25.10755788614988,0],[121.81022122949052,25.10749287809144,0],[121.810095697521,25.107453399916977,0],[121.81008928864864,25.107451384406268,0],[121.80998260864548,25.10742496103236,0],[121.80975708195054,25.10729141880852,0],[121.80961597949151,25.107169689118354,0],[121.80930384153889,25.10690958195818,0],[121.80893896986723,25.10645092969786,0],[121.80881002794897,25.1063338265424,0],[121.8084989980043,25.106056519619578,0],[121.80818478357688,25.10579317586389,0],[121.80818478357688,25.10579317586389,0],[121.80809794639782,25.10574684326743,0],[121.80800795131941,25.1057058098704,0],[121.80791518784926,25.105670253268503,0],[121.80791518784926,25.1056702532685,0],[121.80782054056417,25.10564045524199,0],[121.80772395950385,25.105616344321163,0],[121.80762585636135,25.10559802328305,0],[121.80752664931725,25.105585570224314,0],[121.80742676125716,25.10557903822846,0],[121.80732661796951,25.1055784551395,0],[121.80722664633046,25.10558382344331,0],[121.8071272724848,25.105595120257007,0],[121.80702892002931,25.105612297426482,0],[121.80693200820747,25.105635281731647,0],[121.80671114986654,25.10573294779995,0],[121.80644705388906,25.10584965341871,0],[121.80630715177453,25.105913645393684,0],[121.8059988393049,25.106085465241996,0],[121.8057842441379,25.106197513157685,0],[121.80558605777541,25.106288516764142,0],[121.80517389630177,25.10646713917773,0],[121.80516330741835,25.10647147758597,0],[121.8048710500841,25.10659121893855,0],[121.8048710500841,25.10659121893855,0],[121.80463978858366,25.106688209829255,0],[121.80440264820668,25.106772615762505,0],[121.80413275858388,25.10685210364753,0],[121.80381915269794,25.106944604191664,0],[121.80377470162126,25.10695755828921,0],[121.80355302885825,25.10704293196846,0],[121.80353294388266,25.107056228850634,0],[121.80348255025666,25.10707555211992,0],[121.8032649403081,25.10717041637758,0],[121.80304499177568,25.107242782601986,0],[121.80271376787238,25.107352282297892,0],[121.80231345892246,25.10745852249053,0],[121.80202524255584,25.107533298180517,0],[121.80158606831561,25.10765727617269,0],[121.80139871085814,25.107701402478494,0],[121.80123338157692,25.107731538902293,0],[121.80108761428556,25.10775645503238,0],[121.80108414555373,25.10775740932466,0],[121.80047914856526,25.107869721138943,0],[121.80012780853002,25.107983695387258,0],[121.79992183111594,25.108045458651098,0],[121.79971705742813,25.10809955765633,0],[121.79937132966342,25.108174154682555,0],[121.7992225371025,25.108298110831438,0],[121.79916852554824,25.108387306433336,0],[121.79913235800686,25.108452135586898,0],[121.7990820371346,25.10853543922003,0],[121.79907419991358,25.10868967891307,0],[121.79904869504128,25.10876812016166,0],[121.79901490007133,25.108823188507316,0],[121.79893696539902,25.10891450876586,0],[121.79889210051535,25.108988841343262,0],[121.79884657480184,25.109053832478747,0],[121.79880884381946,25.109085929176302,0],[121.79879226943315,25.109091922475205,0],[121.7986797974255,25.109139993794077,0],[121.79863165073789,25.109176275788943,0],[121.79863165073789,25.109176275788943,0],[121.79848467295196,25.109390599866853,0],[121.79830549822812,25.10974200402282,0],[121.79820230155016,25.109938107557763,0],[121.79810176205574,25.11012185125982,0],[121.79790213957509,25.11050855785402,0],[121.79768474926918,25.110902510323967,0],[121.79768474926918,25.110902510323967,0],[121.79736455534534,25.11128538637269,0],[121.79729301447095,25.1113171594275,0],[121.79694717057866,25.111548850954712,0],[121.79687219589817,25.11159904342825,0],[121.79665507709325,25.11170946923312,0],[121.79661389971393,25.111731107264198,0],[121.7965036606466,25.111790336602393,0],[121.79635548645317,25.111870852454647,0],[121.79622118890126,25.11192119982719,0],[121.79604867834496,25.111985917012113,0],[121.79582612138624,25.11206650655467,0],[121.79582612138624,25.11206650655467,0],[121.79557039378487,25.112143108166038,0],[121.79540165391595,25.11219344073879,0],[121.79530947164027,25.11221446377443,0],[121.79530947164027,25.11221446377443,0],[121.79516554784948,25.112246137670205,0],[121.79504559942892,25.112267963553496,0],[121.79497402127662,25.112280982927523,0],[121.79469422173646,25.11232566853539,0],[121.79469422173646,25.11232566853539,0],[121.79403433550245,25.112419156612408,0],[121.79336973501908,25.11247885995156,0],[121.79270250536233,25.112504591230028,0],[121.79261638798138,25.112503922799725,0],[121.79230025363701,25.112500462386215,0],[121.79210106779334,25.112489227283053,0],[121.7920976385168,25.112489033851908,0],[121.7920976385168,25.112489033851908,0],[121.79192127586956,25.112472366404322,0],[121.79174659742115,25.112444655312988,0],[121.79157443638599,25.112406032758436,0],[121.7914056139685,25.11235668296868,0],[121.79124093544549,25.112296841340395,0],[121.79124093544549,25.112296841340395,0],[121.79117452070427,25.112267738980282,0],[121.79060134937097,25.111979071014154,0],[121.79060134937097,25.111979071014154,0],[121.79026271083181,25.111786649439857,0],[121.79016925395138,25.111731088903483,0],[121.79005050166,25.11165590825838,0],[121.78925804702735,25.111153572481747,0],[121.78858304857185,25.11071661102615,0],[121.78832522119919,25.110556449225175,0],[121.78776065474909,25.110181479501087,0],[121.78776065474909,25.110181479501087,0],[121.78763791050467,25.110048702127873,0],[121.7873807584926,25.109719772003597,0],[121.7871180083036,25.1093010685817,0],[121.78707659275369,25.109214307577783,0],[121.78694265989868,25.10893042692098,0],[121.78693307166878,25.10890467258298,0],[121.78682365354462,25.108668209411487,0],[121.78680975487602,25.108636289572026,0],[121.78680975487602,25.108636289572026,0],[121.78677678145453,25.108566903639993,0],[121.78674917375959,25.108495602225137,0],[121.78672706479068,25.108422728844744,0],[121.78671056105493,25.108348634589014,0],[121.78669974205395,25.108273676429402,0],[121.78667020603228,25.108134447424742,0],[121.78660410847698,25.10790636307418,0],[121.78656703507627,25.10779017738433,0],[121.78649744550052,25.107582696719405,0],[121.78637027716336,25.107201368601437,0],[121.78627519167009,25.10696933458902,0],[121.7860857605566,25.10657383130589,0],[121.78607499441246,25.106551353151342,0],[121.78607499441246,25.106551353151342,0],[121.78582511457579,25.106057015640456,0],[121.78582511457579,25.106057015640456,0],[121.78582511457579,25.106057015640456,0],[121.78558160295184,25.105681765450573,0],[121.78548580478564,25.105522518064987,0],[121.78523985998956,25.105136924295753,0],[121.78500104340672,25.10476511751296,0],[121.7848000379896,25.104445026256847,0],[121.78467580193592,25.104257482754768,0],[121.78462709911345,25.104169874295874,0],[121.7846037006185,25.10412431749653,0],[121.78456436846953,25.104003301576423,0],[121.78453268488104,25.10388219606362,0],[121.78452143414218,25.10382279838886,0],[121.78452200605045,25.103776906626415,0],[121.78455456885496,25.103388533110376,0],[121.78457317157678,25.10314311096573,0],[121.78459422067195,25.1029777939659,0],[121.78462877484115,25.10260281313081,0],[121.78467761734322,25.102092237490982,0],[121.78470926482387,25.101772419687133,0],[121.78471478840787,25.101730675505323,0],[121.78472014806746,25.101658665043914,0],[121.7847330215372,25.101506621270325,0],[121.78473413572755,25.101376819426086,0],[121.7847211017745,25.101265695927566,0],[121.78469314028713,25.101163397847515,0],[121.78464570160968,25.101028305872905,0],[121.78462259077389,25.10097531102196,0],[121.78457059515057,25.100874526892547,0],[121.7845126173402,25.1007867933697,0],[121.78446415046172,25.100729706232258,0],[121.78438114097791,25.10064877193912,0],[121.78432216524702,25.100601834157757,0],[121.7842221005608,25.100551226638043,0],[121.78401280380206,25.100466783503,0],[121.78390090576455,25.100431760886025,0],[121.78383191902581,25.10041337278265,0],[121.78374570970081,25.10039823195358,0],[121.78362043634843,25.100387534060516,0],[121.78350315662487,25.100379919484528,0],[121.78333305322697,25.100397630003908,0],[121.78316956795167,25.100422393052657,0],[121.78301093275412,25.100450443570214,0],[121.78301046530805,25.100450616425217,0],[121.78288706048812,25.100496249728813,0],[121.78275627814008,25.10056306797715,0],[121.78267247900682,25.100603884176397,0],[121.78260959918654,25.100629715312987,0],[121.78247743686735,25.100690254719932,0],[121.78236591492258,25.100730760550075,0],[121.78226432163358,25.100775076926023,0],[121.7821559324093,25.10082037169118,0],[121.78207501190629,25.100847731987194,0],[121.78197451453495,25.100870092822124,0],[121.78185907027536,25.10089869414995,0],[121.78176604448652,25.100917855694412,0],[121.78168947924631,25.100919434357294,0],[121.78164291526296,25.100913779796006,0],[121.7815824989443,25.100902205589048,0],[121.78154531244523,25.100891919201295,0],[121.78151305059541,25.100887863435087,0],[121.78148834168708,25.100884167435556,0],[121.78123371401632,25.100846079551914,0],[121.78115670558394,25.10083297969904,0],[121.78106072667468,25.100818315069066,0],[121.78097950193607,25.10080157702685,0],[121.78093082993422,25.10079596092598,0],[121.78074432186773,25.100767304484176,0],[121.78057258340768,25.100740195694613,0],[121.78039020074269,25.1007086801275,0],[121.78031483656743,25.100695445460563,0],[121.7802052237009,25.10067300944538,0],[121.77991325455223,25.100617076018356,0],[121.7796664558667,25.100563576603705,0],[121.77942812145801,25.100518785647925,0],[121.77925168655277,25.10048875404178,0],[121.77892656691272,25.100427350421484,0],[121.7787224069665,25.100394201162572,0],[121.77860146157448,25.10036813716468,0],[121.77847992245592,25.100347159408553,0],[121.7783673384791,25.100330554888,0],[121.77826125041784,25.100318536624293,0],[121.77813201086218,25.10031183094518,0],[121.77803343034715,25.10030687753699,0],[121.77793549822601,25.100307052433624,0],[121.77787029804394,25.100312659114728,0],[121.77776428630885,25.100324722925187,0],[121.77765223556047,25.10033670789803,0],[121.7775438712702,25.10034503140982,0],[121.77742442718348,25.100356303462682,0],[121.77737249503178,25.100363108377426,0],[121.77728935501784,25.10037642639903,0],[121.77719820119606,25.10039353390428,0],[121.77709167204581,25.10041132150795,0],[121.77696135243778,25.10043498431824,0],[121.77687306455212,25.100448756627905,0],[121.77673919379853,25.100474649842862,0],[121.77660070858066,25.100523666405977,0],[121.77664271556662,25.10059747387928,0],[121.77646091451597,25.100706518501735,0],[121.77636092099812,25.100778688602354,0],[121.7762148886397,25.100883415419077,0],[121.77619267571265,25.100904169740193,0],[121.77607445634565,25.10101538040795,0],[121.77594790750402,25.1011471749574,0],[121.77579655037235,25.101327238923812,0],[121.77568504641698,25.101461357164617,0],[121.77562482820426,25.101536312234053,0],[121.77555599891156,25.10164618960913,0],[121.77544310016641,25.101809910526438,0],[121.77544272422436,25.10181045884423,0],[121.775379593502,25.101958387044277,0],[121.77533610709241,25.102072861088562,0],[121.7752828105664,25.10221462712522,0],[121.77523975403592,25.10237695424005,0],[121.77522276962337,25.102483723372654,0],[121.7751817020502,25.102626382958157,0],[121.77518170202075,25.102626383216613,0],[121.77516099919522,25.102737820589876,0],[121.77515152645405,25.10281842483443,0],[121.77513049239207,25.103098476899707,0],[121.77511686373147,25.103303147744118,0],[121.77510705854066,25.103714236216028,0],[121.77514530175276,25.103892371990003,0],[121.775215412329,25.104199457773678,0],[121.77527093513585,25.104431390363438,0],[121.77533312652832,25.104732207630448,0],[121.77538746503838,25.105013530194398,0],[121.77544189736447,25.105292738906567,0],[121.77553434797865,25.105700813997004,0],[121.77565256706663,25.106233320279102,0],[121.77573915136598,25.10662831584459,0],[121.7758084389496,25.10694533337435,0],[121.77588534284435,25.107289093005523,0],[121.77587746825644,25.10737363807472,0],[121.77585848921811,25.10753800625379,0],[121.7758282494732,25.107632139701956,0],[121.77573492493501,25.107777511789735,0],[121.77562265552977,25.107913482444957,0],[121.7755606739786,25.107966687939655,0],[121.77547056105087,25.10805124186453,0],[121.77540242536074,25.108112126534664,0],[121.77533826150304,25.108156705363673,0],[121.77524906979056,25.108220520891443,0],[121.7750850672421,25.10833116841223,0],[121.77499505731942,25.10838260085911,0],[121.77483770683433,25.108437522057745,0],[121.77462253738692,25.108494272226604,0],[121.77434296530146,25.10854857440075,0],[121.77404876329192,25.10860861605196,0],[121.77404744940716,25.108608884192158,0],[121.77392488907961,25.10862220801559,0],[121.7737510195251,25.108638423783134,0],[121.77333927361141,25.10868186554188,0],[121.77324732734846,25.108696603031984,0],[121.77303636683239,25.108721755950885,0],[121.77233720932261,25.10879888219606,0],[121.77203814491223,25.108833088249938,0],[121.7717791257745,25.108838568778477,0],[121.77155276907801,25.108815620065574,0],[121.7714471623848,25.108795987050502,0],[121.7714471623848,25.108795987050502,0],[121.77140898878173,25.10877759317473,0],[121.7713722753512,25.108756881187045,0],[121.77133719163285,25.108733946734095,0],[121.77130389964024,25.108708895725734,0],[121.77127255311251,25.108681843845826,0],[121.77124329680454,25.10865291601807,0],[121.77121626581845,25.108622245829107,0],[121.77119158497962,25.108589974911567,0],[121.77116936826042,25.10855625228999,0],[121.77114971825385,25.108521233692713,0],[121.77113272569976,25.108485080832626,0],[121.77111846906591,25.1084479606604,0],[121.77103683243557,25.10798659361779,0],[121.77103683243557,25.10798659361779,0],[121.77092864700536,25.107613442430914,0],[121.77083520727281,25.10735464092134,0],[121.770703085537,25.107051443912876,0],[121.77062095880163,25.106888644142515,0],[121.77053687942234,25.10675227852961,0],[121.77047685756342,25.106655749780316,0],[121.7704765264658,25.106655217299842,0],[121.77021630470996,25.106290555956313,0],[121.77002377857625,25.10601159641016,0],[121.76997059031093,25.10597090760732,0],[121.76986187137956,25.105887334492092,0],[121.76970984484349,25.10577040220731,0],[121.76967071348132,25.105735556504722,0],[121.76954755385839,25.10560416954163,0],[121.7695135707935,25.105575171906526,0],[121.76942133385454,25.105430455612638,0],[121.76933461685489,25.10523071308608,0],[121.76919043832767,25.10501950324626,0],[121.7690899896492,25.104863649024328,0],[121.76893773799138,25.104589304491174,0],[121.76877193092612,25.104260088967806,0],[121.76862581113029,25.103960025608725,0],[121.76853838217635,25.103789062484818,0],[121.76847347498493,25.103656115121108,0],[121.7683675696226,25.103447941666843,0],[121.76832526507619,25.103350678581382,0],[121.76829110582845,25.10329977546241,0],[121.76823583874807,25.103183665755935,0],[121.76819752007,25.1030996585843,0],[121.76819358897083,25.10308569083573,0],[121.76810787946543,25.102946016091696,0],[121.76802039561282,25.102798785099427,0],[121.76781424927826,25.102509892295053,0],[121.76757998267443,25.102170302270796,0],[121.76749001413322,25.10204386703652,0],[121.76727404224219,25.101739030803458,0],[121.767199152174,25.101620559472263,0],[121.76713536239087,25.101507509611235,0],[121.76711405947187,25.10147295892577,0],[121.76697035713063,25.101223264487036,0],[121.76682656946453,25.100889518580992,0],[121.76674370708619,25.10067308193892,0],[121.76672809835918,25.100625793159097,0],[121.76663484140025,25.100283327715985,0],[121.76657860477691,25.100113802733432,0],[121.7665772440433,25.100110339397386,0],[121.766477969155,25.099857664593287,0],[121.76638740680035,25.099695438644552,0],[121.76630549147109,25.099572820963033,0],[121.76618011454583,25.09940363864237,0],[121.76609834426695,25.099324533275453,0],[121.76593829880515,25.0991872005037,0],[121.76565896256832,25.099003067067173,0],[121.76554344555998,25.098939930753243,0],[121.76544842763992,25.098900136695555,0],[121.76518199802344,25.098852270235657,0],[121.76497424579178,25.09882810040852,0],[121.7647816513008,25.09877487830878,0],[121.7646300055983,25.098779840198436,0],[121.76420044682305,25.09880517559992,0],[121.76372642859116,25.098858639365464,0],[121.76338377189502,25.09896516911203,0],[121.76319703944407,25.09904303187462,0],[121.76282169607055,25.099179477079662,0],[121.7625579239301,25.099264970115275,0],[121.76231092199676,25.099357899443728,0],[121.76174446781451,25.09955868196689,0],[121.76150333703605,25.09963975645956,0],[121.76111829506463,25.099785078457522,0],[121.76094139596131,25.099840203351103,0],[121.76064848115394,25.099836913936368,0],[121.7604314762395,25.099920264679703,0],[121.76008022094817,25.10004581382361,0],[121.7597599325337,25.100145416506592,0],[121.75975508883208,25.10014692278522,0],[121.75937757057913,25.100293550355154,0],[121.75911199882252,25.100368761156513,0],[121.75872373326794,25.100511331548685,0],[121.75809124414448,25.100737592146043,0],[121.7578021103161,25.100844242563145,0],[121.75705879767882,25.101117212515458,0],[121.75689231569925,25.10119638367967,0],[121.75660395663438,25.101361748804464,0],[121.75656131932205,25.101384469867313,0],[121.75646653405565,25.10141681105175,0],[121.75646653405565,25.10141681105175,0],[121.75646653405565,25.10141681105175,0],[121.75646653405565,25.10141681105175,0],[121.75597776926774,25.10151013241747,0],[121.75559013561774,25.101475404969097,0],[121.75548189451169,25.10144951664748,0],[121.75548189451169,25.10144951664748,0],[121.75548189451169,25.10144951664748,0],[121.7550432456693,25.101317072097977,0],[121.75492890870483,25.101269330774105,0],[121.75492890870483,25.101269330774105,0],[121.75438104195689,25.100967534709277,0],[121.7534357754259,25.1005809156094,0],[121.75328229548822,25.100519021791712,0],[121.75318814699352,25.100515530097923,0],[121.75247684095504,25.100215884985783,0],[121.75251118694689,25.100140007409223,0],[121.75235104674738,25.100073232568842,0],[121.75208308138329,25.099999889139422,0],[121.75100473740835,25.099699312062178,0],[121.75096528485629,25.099665133041523,0],[121.75086179387228,25.099649091244782,0],[121.75069326630158,25.099596421368666,0],[121.75071974178736,25.09951542601224,0],[121.75075479924435,25.099462091923815,0],[121.75106503217933,25.09926959943173,0],[121.75102007731854,25.099211401066054,0],[121.7504907256073,25.09951558413357,0],[121.75037939805877,25.09949258240513,0],[121.75015563080085,25.099455788938407,0],[121.75015563080085,25.099455788938407,0],[121.74949575035274,25.099294465632248,0],[121.74930154216747,25.09924680838356,0],[121.74910590793914,25.09918843950456,0],[121.7486164809539,25.099109999366863,0],[121.74858606657548,25.09908774306294,0],[121.74858606657548,25.09908774306294,0],[121.74854813808655,25.099059992381846,0],[121.7484016578983,25.099020401501583,0],[121.74835722861702,25.098981998687364,0],[121.74828505639024,25.09897427010853,0],[121.74827090433891,25.09897009472152,0],[121.74815302347854,25.098935296615707,0],[121.74813445514822,25.098929824848753,0],[121.74812026338807,25.098925631505487,0],[121.74807677511367,25.09891279227878,0],[121.74804999842151,25.09891610084342,0],[121.74801057659373,25.09892096224954,0],[121.74790558056534,25.098933919561063,0],[121.74785037219253,25.098940739968512,0],[121.74781533056652,25.098945065184317,0],[121.74771531353359,25.09894426799755,0],[121.74770869441247,25.098945298030888,0],[121.74755262959303,25.098969532286848,0],[121.7474413030421,25.098998242607728,0],[121.74741962201529,25.098998620553772,0],[121.7473713329068,25.09899946274034,0],[121.74729646409291,25.099017632754737,0],[121.7469508194691,25.09924168694362,0],[121.7469508194691,25.09924168694362,0],[121.7467366428143,25.09937864126806,0],[121.74669215708745,25.099413028246197,0],[121.74663144339665,25.099470942495582,0],[121.74658907424418,25.099584550271754,0],[121.74657619499493,25.0995872411522,0],[121.74656251841499,25.09959159539822,0],[121.74654714233712,25.099617792434707,0],[121.74653357004325,25.099640932970257,0],[121.74652931496081,25.09966344207211,0],[121.74650239258202,25.099806020702534,0],[121.74650257017083,25.09984323226749,0],[121.746507191393,25.09987815618298,0],[121.7466028321926,25.100170095620353,0],[121.74661654122428,25.100212158796296,0],[121.74670026296396,25.100469008182177,0],[121.74671508136024,25.10051407717144,0],[121.74672683772927,25.100573978336563,0],[121.74673343280868,25.100635058801103,0],[121.74673371998098,25.100727122185205,0],[121.74671978877328,25.100810189449675,0],[121.74669644026523,25.100902334010726,0],[121.74665315178231,25.10107091577485,0],[121.74661097035394,25.10121829825397,0],[121.74657102537428,25.10135852943466,0],[121.74650039489752,25.101518653129904,0],[121.74629293011274,25.10189701833956,0],[121.7461926748045,25.102068167343166,0],[121.74607554472914,25.102162819369042,0],[121.74606982210203,25.10215647116987,0],[121.74608441151365,25.102074359026687,0],[121.74620242837535,25.101868291017574,0],[121.746038318882,25.101831934894726,0],[121.74585317702778,25.10203971967419,0],[121.74570690798791,25.102192324743545,0],[121.74548815447922,25.102385516763533,0],[121.74543755078818,25.102443212187072,0],[121.74526949688885,25.10254618149333,0],[121.7452321284401,25.102569073632672,0],[121.74518931272114,25.10258206887102,0],[121.74511918126252,25.102603347929303,0],[121.7449745508488,25.102621299899436,0],[121.74474281446332,25.10265007250222,0],[121.74463441058262,25.102663531899235,0],[121.74459733881565,25.102663095531042,0],[121.74381986262266,25.102653872568357,0],[121.74381997485398,25.102643201539035,0],[121.7440273601271,25.102482047273202,0],[121.74402434866902,25.102459603988315,0],[121.74368590491974,25.102496349200646,0],[121.74368616842355,25.102491741811765,0],[121.74269663803538,25.10258899645693,0],[121.74269663803538,25.10258899645693,0],[121.7425496969144,25.102604163418967,0],[121.74195442292111,25.102663609666546,0],[121.74188369630834,25.102670719946897,0],[121.74156473612278,25.10270278319039,0],[121.74144475958317,25.1027152429059,0],[121.74126927442735,25.10273885450401,0],[121.7410437158695,25.1027633463173,0],[121.74092204127273,25.102784886125303,0],[121.74077413120978,25.102808778069782,0],[121.740459874035,25.10286518239148,0],[121.7402360697127,25.102887031177225,0],[121.74007547866582,25.102910186305156,0],[121.73984668658113,25.1029487053589,0],[121.73965914260184,25.10298246729749,0],[121.73949455526031,25.103014203630543,0],[121.73925458674327,25.103063980285956,0],[121.7392036252438,25.103074036039338,0],[121.73889947902683,25.10316488039796,0],[121.73857684152365,25.10321780883834,0],[121.73833767509619,25.103262488310047,0],[121.73813250893555,25.103308191729237,0],[121.73796247120339,25.103352650910853,0],[121.7378441889553,25.10338615754672,0],[121.73778265804549,25.10341856978111,0],[121.7377319901235,25.10344601587524,0],[121.7376955413662,25.10345503752402,0],[121.73762441763324,25.10342958076403,0],[121.737559516087,25.10338289091193,0],[121.73744967917541,25.103252554362264,0],[121.73753512537607,25.103206019789262,0],[121.73744500105384,25.103091557389078,0],[121.73729207353406,25.102884670009534,0],[121.73707109903467,25.10276204040521,0],[121.73693610607339,25.10268712405277,0],[121.73688642881352,25.102659907599634,0],[121.73686805420247,25.102644317026122,0],[121.73684749813077,25.102619922534693,0],[121.73682579828038,25.10257300562693,0],[121.73678334794832,25.102438005260776,0],[121.7367511581308,25.1023060578743,0],[121.73670402980781,25.102111116154965,0],[121.73664518356419,25.101942644635685,0],[121.7365935280292,25.101809253123218,0],[121.73657291127248,25.101699649187164,0],[121.7364853986965,25.101610649781247,0],[121.73619428981183,25.10130283454276,0],[121.73607263611666,25.101131404427775,0],[121.73600947649187,25.101087329137858,0],[121.73594153768461,25.101003832641254,0],[121.73593107796538,25.101516018850763,0],[121.73591586091675,25.102005551974983,0],[121.7359490908024,25.10208404282689,0],[121.73600354896288,25.102292538897327,0],[121.73608486346703,25.10262874892112,0],[121.73610887812465,25.102745816993576,0],[121.73612955144175,25.102907998419294,0],[121.73628042518851,25.103043165435313,0],[121.73634736277938,25.103123149652948,0],[121.73646189196634,25.103266235356966,0],[121.73653185121748,25.103317669358294,0],[121.73665704213357,25.103368640859816,0],[121.73675527360987,25.10335568825448,0],[121.73683933088924,25.103370549832476,0],[121.73690047659433,25.103351607374165,0],[121.73713207808306,25.103632987126627,0],[121.73715337604382,25.103674893604882,0],[121.73716905975832,25.10375283510229,0],[121.73715544282877,25.103857695013836,0],[121.73710806746895,25.103940086822522,0],[121.73694478130426,25.104059943071462,0],[121.73680890426682,25.104181432142887,0],[121.73668250944924,25.104297806712218,0],[121.7365755750735,25.104393016971017,0],[121.73646766828287,25.104506168005305,0],[121.73626283156263,25.104720548825917,0],[121.73608471381151,25.104952752716862,0],[121.73595069261965,25.10514626972952,0],[121.73585234462931,25.105295580289628,0],[121.73569304542333,25.10554345834765,0],[121.7355434143762,25.105799296448804,0],[121.73545354575874,25.105956597593188,0],[121.73536123458042,25.106113470763756,0],[121.73523134728401,25.106338755088352,0],[121.73492585635938,25.106836195805627,0],[121.7345905357427,25.10739131121891,0],[121.7344072658439,25.107680856154776,0],[121.73430520636249,25.107875527390433,0],[121.73427240134468,25.10794046731183,0],[121.73426942806633,25.1079453138831,0],[121.73426465507434,25.107952875915224,0],[121.73403047695633,25.108330242971505,0],[121.73395021211576,25.108436301884822,0],[121.73391432313939,25.108483571553972,0],[121.73387091597003,25.1085357029265,0],[121.73380144729312,25.108627938786938,0],[121.7337555821612,25.108706994417293,0],[121.73372476481265,25.108759382453364,0],[121.73368468469717,25.10881859656514,0],[121.73364113613158,25.108871940960054,0],[121.73354554443179,25.108989661009833,0],[121.73351596696317,25.10902581477707,0],[121.73336024915503,25.109196864614542,0],[121.7333426554757,25.10921557273927,0],[121.73351405116297,25.10894310417114,0],[121.73338135722315,25.109049411945893,0],[121.73328571075575,25.109211073325998,0],[121.73307345001429,25.109267685846156,0],[121.73300315238933,25.109291487483418,0],[121.73300315238933,25.109291487483418,0],[121.73299033877502,25.109308323403553,0],[121.73295410908403,25.109355891052083,0],[121.73300095947714,25.109395104251682,0],[121.73303469436271,25.10941709274915,0],[121.73305314667677,25.109429111771114,0],[121.7331179624079,25.109435369385746,0],[121.73314429679888,25.109427640223714,0],[121.73303805833999,25.109540420410248,0],[121.73272477507956,25.1098729927384,0],[121.73255270469397,25.110043930594347,0],[121.73242470632132,25.109976105563415,0],[121.73219689383993,25.110277447568848,0],[121.73205911483267,25.110539489662397,0],[121.7320505521622,25.110555774977524,0],[121.7320505521622,25.110555774977524,0],[121.73202667859638,25.110598814655432,0],[121.73199994991744,25.11064043970185,0],[121.73197046682094,25.110680493297288,0],[121.73193834037983,25.11071882454246,0],[121.73190369162602,25.110755289026784,0],[121.73186665109444,25.110789749372422,0],[121.73182735833124,25.110822075751926,0],[121.73169147195573,25.11087744369947,0],[121.73160666032673,25.110926432389284,0],[121.73160666032673,25.110926432389284,0],[121.73153560714162,25.11097822825481,0],[121.73141509643995,25.1110722276301,0],[121.73133947737318,25.111121434288954,0],[121.73133947737318,25.111121434288954,0],[121.73130178617356,25.111132254852524,0],[121.73126336771628,25.111140692802586,0],[121.73122440345497,25.111146708285894,0],[121.73118507742127,25.111150272890743,0],[121.73114557535564,25.111151369781123,0],[121.73110608382986,25.111149993776266,0],[121.73106678936607,25.111146151375113,0],[121.73102787755558,25.111139860725636,0],[121.73098953218232,25.111131151539063,0],[121.73095193435486,25.111120064949617,0],[121.73070048780839,25.11103713264339,0],[121.72998534791637,25.110801261582232,0],[121.72988940320452,25.11076961184919,0],[121.7298525082877,25.110757444394714,0],[121.72980574695644,25.110742026931806,0],[121.7296331041189,25.11068503894054,0],[121.72953854915448,25.110653827524384,0],[121.72929992864323,25.1105750735876,0],[121.72899136068082,25.110473224695873,0]]}},{"type":"Feature","properties":{"cadgeom_type":"CADLWPolyline","thickness":0,"color":"#FF0000FF"},"geometry":{"type":"LineString","coordinates":[[121.82824704578125,25.107064458532836,0],[121.82817819356403,25.10708567117339,0],[121.82827407918695,25.107238251113806,0],[121.82830232686172,25.10728302463545,0],[121.82845096024677,25.10745462621278,0],[121.82856658694543,25.107530785229386,0],[121.82872101277637,25.10761735115301,0],[121.82889113104972,25.10765621499084,0],[121.82907536106292,25.107675247729674,0],[121.82913601325714,25.10766069667455,0],[121.82927006532971,25.107589126151776,0],[121.82935618289457,25.107514935671595,0],[121.8295376068577,25.107202579907938,0],[121.82950879043966,25.10715506878311,0],[121.82951263764352,25.10707885106243,0],[121.82945709240475,25.10691720942507,0],[121.8294671056172,25.106912242493312,0],[121.82940996582383,25.106734782212776,0],[121.82933721712118,25.106756845354045,0],[121.82933721712118,25.106756845354045,0],[121.82933721712118,25.106756845354045,0],[121.82933721712118,25.106756845354045,0],[121.82927842747199,25.106602629684396,0],[121.82924449464991,25.10658802991411,0],[121.82924449464991,25.10658802991411,0],[121.82919230757136,25.106622263134785,0],[121.82910474490394,25.106672808768526,0],[121.82905956277668,25.106698550581424,0],[121.82902403995536,25.106719883799,0],[121.82899120265768,25.106738331253887,0],[121.82896122793126,25.10675200705596,0],[121.82892687299001,25.106767842242384,0],[121.82871253895135,25.106868836412108,0],[121.82863606870558,25.10690333886361,0],[121.82858679203696,25.106924143442946,0],[121.82854776065088,25.106940622706105,0],[121.8285156691819,25.106954172110726,0],[121.82844496947257,25.10698383920988,0],[121.82824704578125,25.107064458532836,0]]}},{"type":"Feature","properties":{"cadgeom_type":"CADLWPolyline","thickness":0,"color":"#FF0000FF"},"geometry":{"type":"LineString","coordinates":[[121.72656411332868,25.109966993743782,0],[121.72664912707971,25.110069320738678,0],[121.72692604675639,25.110353567438466,0],[121.7271921972761,25.110601810438293,0],[121.72738391397375,25.110738962950407,0],[121.72817654393424,25.111183626452938,0],[121.72817654393424,25.111183626452938,0],[121.72827690371321,25.111235041774233,0],[121.72844355843831,25.111310249780928,0],[121.72844355843831,25.111310249780928,0],[121.72844355843831,25.111310249780928,0],[121.72851289746093,25.111349583740335,0],[121.72869414787908,25.111413030341183,0],[121.7289137128193,25.11148520959873,0],[121.7289137128193,25.11148520959873,0],[121.7289137128193,25.11148520959873,0],[121.72899748419078,25.11150575515145,0]]}},{"type":"Feature","properties":{"cadgeom_type":"CADLWPolyline","thickness":0,"color":"#FF0000FF"},"geometry":{"type":"LineString","coordinates":[[121.72899136068082,25.110473224695873,0],[121.72896494376812,25.110464505239065,0],[121.72854616905433,25.110325506899564,0],[121.72843882088021,25.11024518300177,0],[121.72839886341718,25.110213426031745,0],[121.72826650751195,25.110111945681965,0],[121.72812051834872,25.11001333279249,0],[121.72792861767182,25.10983708046297,0],[121.72782272139102,25.109726565935542,0],[121.72775584931432,25.10962371637889,0],[121.72772920579963,25.109645659461208,0],[121.72770225033014,25.10966785984635,0],[121.72767934903979,25.109686717952957,0],[121.72767934903979,25.109686717952957,0],[121.72760196933487,25.109628709387493,0],[121.72759524600517,25.109618772645565,0],[121.72751265184664,25.10949843035251,0],[121.72739172735037,25.109321353651026,0],[121.72732655301671,25.109235373268795,0],[121.72722923869492,25.109077244989514,0],[121.72722923869492,25.109077244989514,0],[121.72712779691054,25.108918546781624,0],[121.72707995631335,25.10884860775832,0],[121.72689447554696,25.108544434150588,0],[121.72686876487386,25.10849984701995,0],[121.72680504241315,25.108388290875634,0],[121.7266618269899,25.10808280713867,0],[121.72655160870792,25.10785122477181,0]]}},{"type":"Feature","properties":{"cadgeom_type":"CADLWPolyline","thickness":0,"color":"#FF0000FF"},"geometry":{"type":"LineString","coordinates":[[121.60370972018595,25.21780125519372,0],[121.60370972018595,25.21780125519372,0],[121.60326816504185,25.217481237634466,0],[121.60321480281863,25.217446746842057,0],[121.60309907216951,25.217380989970863,0],[121.60296246397708,25.217330618823173,0],[121.6027724350755,25.217265379101313,0],[121.60249634997815,25.2171747030922,0],[121.6023150566343,25.217117345250653,0],[121.60223736915697,25.21709119847851,0],[121.60210185696596,25.217047001764836,0],[121.60182990139097,25.216959631435262,0],[121.60170526032844,25.21692102302001,0],[121.60141648632388,25.2168267199915,0],[121.60114924263503,25.216737334139427,0],[121.60098451153725,25.21667520758638,0],[121.6008074369497,25.21659966439853,0],[121.60069573135641,25.216542411585525,0],[121.60061395583449,25.21649170298591,0],[121.60061395583449,25.21649170298591,0],[121.60049486794122,25.216400616879355,0],[121.60038287216568,25.216302367678253,0],[121.60027848804724,25.21619741116731,0],[121.60018219981056,25.216086234245793,0],[121.6000944541194,25.21596935266858,0],[121.59995083828132,25.21576550442297,0],[121.59977773097083,25.215549193482165,0],[121.59956100183173,25.215282582680473,0],[121.59942800166989,25.21511042444366,0],[121.59931238800749,25.214969553972598,0],[121.5991176045302,25.214687232912564,0],[121.5989952115651,25.214520416814818,0],[121.5988305348135,25.214276273060662,0],[121.5987371656719,25.214144196121392,0],[121.59866434990545,25.21403210063843,0],[121.59863627927402,25.213985645409615,0],[121.59857269092413,25.213868528612856,0],[121.59850443153253,25.213721633118872,0],[121.59834550861773,25.213356336465974,0],[121.59825609740028,25.21315482342182,0],[121.59825609740028,25.21315482342182,0],[121.59823410187083,25.21312399618243,0],[121.59820992525451,25.213094551734354,0],[121.59818367224665,25.213066617583156,0],[121.59815545653397,25.21304031469417,0],[121.59812540030211,25.213015756968694,0],[121.59809363370668,25.212993050750754,0],[121.5980602943095,25.212972294366637,0],[121.59802552648307,25.212953577699025,0],[121.5979894807852,25.212936981797924,0],[121.59792521131489,25.212923657444712,0],[121.59766011928225,25.21286660432204,0],[121.59734628044814,25.212797208709404,0],[121.59707782740156,25.212737505378144,0],[121.59694231184778,25.21270530504781,0],[121.59669954176402,25.21264198487281,0],[121.59662717011216,25.212616691172013,0],[121.59655566334939,25.2125840379275,0],[121.59644192468996,25.212510660426197,0]]}},{"type":"Feature","properties":{"cadgeom_type":"CADLWPolyline","thickness":0,"color":"#FF0000FF"},"geometry":{"type":"LineString","coordinates":[[121.5986306603473,25.212501814423913,0],[121.5986910379585,25.212560691477353,0],[121.5987474992007,25.21262270120383,0],[121.59879984806328,25.21268762833708,0],[121.59884790281089,25.21275524748279,0],[121.59889149661431,25.212825323900947,0],[121.59893047812969,25.21289761432074,0],[121.59893047812969,25.21289761432074,0],[121.59900893548344,25.213072169149278,0],[121.59911328669637,25.213306534712927,0],[121.59926171476958,25.2136173540625,0],[121.59934251097299,25.213778996546594,0],[121.59934251097299,25.213778996546594,0],[121.59937485561638,25.213831767719157,0],[121.59941092511527,25.21388250136156,0],[121.59945056500491,25.21393098020472,0],[121.59949360552947,25.213976996635626,0],[121.59953986236921,25.214020353586417,0],[121.59958913742963,25.214060865378446,0],[121.59980048404813,25.21421333260387,0],[121.60004551592377,25.214408123773605,0],[121.60037559965618,25.214684931592807,0],[121.60058835977013,25.214909781782215,0],[121.6006737963257,25.215006540474175,0],[121.60076442844228,25.215115183050678,0],[121.60077928671028,25.21513594032234,0],[121.60086094044328,25.215255868692076,0],[121.60093295025278,25.215359470101003,0],[121.60101173275402,25.215524169854515,0],[121.60105619394831,25.21561022797988,0],[121.6011488490135,25.215806813427267,0],[121.60119080558916,25.21587449916533,0],[121.60125006463271,25.21596313177186,0],[121.60125006463271,25.21596313177186,0],[121.60126644150388,25.21598603059836,0],[121.60128442342203,25.216007910245064,0],[121.60130393399284,25.216028677757514,0],[121.60132489032739,25.216048244906045,0],[121.60134720339441,25.216066528560635,0],[121.6013707783985,25.21608345104412,0],[121.60139551518287,25.21609894046211,0],[121.6014213086548,25.216112931008574,0],[121.60144804923223,25.2161253632453,0],[121.60154664053961,25.216160159019548,0],[121.60167105619618,25.216200590393136,0],[121.60189238449587,25.216275316601838,0],[121.6021404007361,25.21635620900149,0],[121.60237542406065,25.216435020154833,0],[121.60251855808411,25.21648128463993,0],[121.60274353788202,25.21655133515715,0],[121.60289714470672,25.21660896902595,0],[121.603023327015,25.216656539685175,0],[121.60317952704786,25.216731587621023,0],[121.60329495574413,25.216788583492203,0],[121.60353373260608,25.2169297231685,0],[121.60370590880385,25.217028948609137,0]]}},{"type":"Feature","properties":{"cadgeom_type":"CADLWPolyline","thickness":0,"color":"#FF0000FF"},"geometry":{"type":"LineString","coordinates":[[121.6037059088023,25.217028948608206,0],[121.60388580412858,25.217136978574704,0],[121.60428223155013,25.217374081936484,0],[121.60439654713964,25.217435990966226,0],[121.60439654713964,25.217435990966226,0],[121.60462572694598,25.217514132911756,0],[121.604860217357,25.217577917901014,0],[121.604860217357,25.217577917901014,0],[121.60493441686025,25.21759625015642,0],[121.60500978959382,25.217610065204,0],[121.60508600362228,25.21761930220351,0],[121.60516272330487,25.217623920476075,0],[121.60523961077389,25.217623899683346,0],[121.60531632742268,25.21761923991705,0],[121.60531632742268,25.21761923991705,0],[121.60591037488784,25.217562541367396,0],[121.60591037488784,25.2175625413674,0],[121.60605894625158,25.217538310231962,0],[121.60620602574687,25.2175074534712,0],[121.60635125653836,25.217470045948552,0],[121.60649084727925,25.217436245085818,0],[121.60664672067419,25.21739993688037,0],[121.60675896809016,25.217379675209177,0],[121.60675896809016,25.217379675209177,0],[121.6069185868241,25.217357885359647,0],[121.60707923066153,25.217343633719626,0],[121.60724046970755,25.21733695842704,0],[121.60738139366582,25.217331683158342,0],[121.60759455195368,25.217330345079617,0],[121.60776209778577,25.21734437420704,0],[121.60792159663293,25.217360808594016,0],[121.60802435675976,25.217375025472883,0],[121.60824824869236,25.21742289202768,0],[121.60846903493383,25.217481422297062,0],[121.60875478322389,25.21755512431008,0],[121.60891439978496,25.217601673547446,0],[121.60907695578197,25.217661440416876,0],[121.60926123632198,25.21774995650454,0],[121.60943765192248,25.21783190857991,0],[121.60960986489357,25.217916900802365,0],[121.60981990989373,25.218013922004367,0],[121.60992595594838,25.218064772294014,0],[121.61024249046535,25.218187021920333,0],[121.61046340258125,25.218269969301147,0],[121.6107252178338,25.21836231085471,0],[121.61090359582407,25.21842466657009,0],[121.61093472610641,25.218336975751853,0],[121.6113609289955,25.218448566095223,0],[121.61179483412607,25.218548440550013,0],[121.61227270144943,25.218647965480717,0],[121.61273629889682,25.218736239015016,0]]}},{"type":"Feature","properties":{"cadgeom_type":"CADLWPolyline","thickness":0,"color":"#FF0000FF"},"geometry":{"type":"LineString","coordinates":[[121.60921582191106,25.219024236956272,0],[121.60901491881545,25.21886567010427,0],[121.60895631917181,25.21880016897482,0],[121.60889452410902,25.218730801229146,0],[121.608848722226,25.218684569445053,0],[121.60878912785299,25.218647107583983,0],[121.60869760136313,25.21858815469867,0],[121.60854437179164,25.218500813777297,0],[121.60838617724536,25.218412269186963,0],[121.60816380805858,25.218296248780455,0],[121.60794565852808,25.218185085910545,0],[121.60778226573804,25.218147436893755,0],[121.60771949554592,25.218147855305762,0],[121.60761638042521,25.2181689189165,0],[121.60714989999565,25.21828350597846,0],[121.6071728354213,25.218382456238047,0],[121.60686746343517,25.218420558886425,0],[121.6064638452525,25.218465870174974,0],[121.60608850044122,25.218512462878305,0],[121.60567507550259,25.218566407189968,0],[121.60551336678222,25.218584666794563,0],[121.60551336678222,25.218584666794563,0],[121.60544361672981,25.21859082525409,0],[121.60537357939813,25.21859299218157,0],[121.60530353054781,25.21859115904496,0],[121.60523374598485,25.2185853330618,0],[121.60516450047466,25.21857553717084,0],[121.60509606666001,25.218561809941644,0],[121.60502871398758,25.218544205422806,0],[121.6050366349706,25.218463154236968,0],[121.60483875809594,25.218383989270677,0],[121.60469183315749,25.21831767780615,0],[121.60445571585139,25.218201811279034,0],[121.60422256578123,25.218085923807173,0],[121.60407099598827,25.21800226489647,0],[121.60392730841248,25.21792485913199,0],[121.60370972018595,25.21780125519372,0]]}},{"type":"Feature","properties":{"cadgeom_type":"CADLWPolyline","thickness":0,"color":"#FF0000FF"},"geometry":{"type":"LineString","coordinates":[[121.61274476820375,25.220426921114054,0],[121.61253333922525,25.220440596796006,0],[121.61248368394853,25.21996373226734,0],[121.61223843114206,25.219948859145084,0],[121.61205571588927,25.21992532647617,0],[121.61205571588927,25.219925326476176,0],[121.61189497384463,25.21990286238155,0],[121.61173609078249,25.219871298033937,0],[121.61157968868444,25.219830756998196,0],[121.61142637981813,25.219781397980306,0],[121.61113731250734,25.21967782931532,0],[121.61091764673048,25.21959527629477,0],[121.61073429621203,25.219526757128975,0],[121.61056919142784,25.219461321528858,0],[121.61060894158042,25.219379087477613,0],[121.6105543972685,25.219360250305215,0],[121.61037691739004,25.21937099804371,0],[121.61025737284741,25.219376362345145,0],[121.61012979899266,25.219380667097287,0],[121.60997117556725,25.219376464575735,0],[121.60986588617546,25.219365858890544,0],[121.60986588617546,25.21936585889054,0],[121.6098139923134,25.21936014618004,0],[121.60976263232156,25.21935130025553,0],[121.60971203454983,25.219339360446497,0],[121.60966242395904,25.21932437983806,0],[121.60961402112076,25.21930642503489,0],[121.60956704123659,25.219285575865122,0],[121.60952169318121,25.21926192502535,0],[121.60939970939496,25.21916837229298,0],[121.60921582191106,25.219024236956265,0]]}},{"type":"Feature","properties":{"cadgeom_type":"CADLWPolyline","thickness":0,"color":"#FF0000FF"},"geometry":{"type":"LineString","coordinates":[[121.61273629889682,25.218736239015016,0],[121.61287881900911,25.218743594629082,0],[121.61302427577243,25.218755378817537,0],[121.61318553195031,25.21876193131824,0],[121.61335915016284,25.218753376746495,0],[121.61365320805702,25.218721467002673,0],[121.61418100378621,25.218654232940892,0],[121.61460103381201,25.21859663572635,0],[121.61496018279222,25.21855530961471,0],[121.61497150932904,25.21863074052152,0],[121.61509171708865,25.218614848850656,0],[121.61535120379109,25.218577786611398,0],[121.6156214154937,25.21854597974954,0],[121.6160216200063,25.21849662767872,0],[121.61630279771605,25.218459069815584,0],[121.61651756159686,25.218431398473065,0],[121.61684977591423,25.218363896447425,0],[121.61723989495187,25.218279109463843,0],[121.617467366181,25.21823077578802,0],[121.61755432455053,25.218217320100308,0],[121.61761394447046,25.21820963253131,0],[121.61770336187037,25.21819964359342,0],[121.61779194143509,25.218201030749082,0],[121.61796055343122,25.218198524181133,0],[121.61808800193509,25.218194588991654,0],[121.61821982068466,25.218184390329956,0],[121.618405343011,25.21817302951227,0],[121.61857710730641,25.218165697944695,0],[121.61874219258699,25.21815694876641,0],[121.61883632296113,25.218158380544853,0],[121.61890851578775,25.218165746681034,0],[121.61899734617633,25.21819269250052,0],[121.61917997082452,25.218241323771906,0],[121.61933438667633,25.218288537509274,0],[121.61943520617653,25.21832400234182,0],[121.61956810700786,25.218392432313372,0],[121.61971848724428,25.218483511740782,0],[121.61990437445118,25.21859631866844,0],[121.62000407797017,25.218656592537915,0],[121.62014700839335,25.21874933072003,0],[121.62030494760522,25.21884986334762,0],[121.62047534200163,25.218977403368736,0]]}},{"type":"Feature","properties":{"cadgeom_type":"CADLWPolyline","thickness":0,"color":"#FF0000FF"},"geometry":{"type":"LineString","coordinates":[[121.62047534200163,25.218977403368736,0],[121.62047534200163,25.218977403368736,0],[121.62065383430627,25.219111004161096,0],[121.62077579617109,25.21919744785436,0],[121.62080799142016,25.21921454879111,0],[121.62085762426041,25.219133103034324,0],[121.62101068789703,25.219225243706052,0],[121.62117145657027,25.219323040861216,0],[121.6213268066284,25.21941371997802,0],[121.62158080932545,25.21955729016966,0],[121.62176296745528,25.219663635960448,0]]}},{"type":"Feature","properties":{"cadgeom_type":"CADLWPolyline","thickness":0,"color":"#FF0000FF"},"geometry":{"type":"LineString","coordinates":[[121.62176982844143,25.22101332765619,0],[121.62149091089795,25.220867244466124,0],[121.62118687857256,25.2207097368349,0],[121.62104397972178,25.220628020500218,0],[121.62078939996441,25.22048134879375,0],[121.62052464078472,25.220311676984398,0],[121.62032483876021,25.22017928212521,0],[121.62033209712659,25.220130572548605,0],[121.62025969349791,25.220087021393894,0],[121.62007489020708,25.219970770304823,0],[121.61984129992068,25.219824493228337,0],[121.61958471803213,25.21967066410174,0],[121.61936866974666,25.219533630934148,0],[121.61916461714156,25.219403473578865,0],[121.61916461714156,25.219403473578865,0],[121.61908380973763,25.219350585328595,0],[121.61899957612115,25.219302323163287,0],[121.61891223589181,25.219258870197663,0],[121.61882212043521,25.21922039129943,0],[121.61882212043521,25.21922039129943,0],[121.6187344163799,25.219195180494225,0],[121.61864506515671,25.21917532480666,0],[121.61855446142762,25.219160911938875,0],[121.61846300538625,25.21915200555225,0],[121.61837110099064,25.219148644986213,0],[121.61827915417905,25.219150845084506,0],[121.61827915417905,25.219150845084506,0],[121.61814816380694,25.219149159085873,0],[121.61801731584154,25.219154964203483,0],[121.61788712746691,25.219168237492717,0],[121.61775811326058,25.219188926490524,0],[121.6176307831597,25.219216949422783,0],[121.61738962741313,25.219288575610104,0],[121.61714248121218,25.219364494396764,0],[121.61693542251477,25.219442705131197,0],[121.61663926407797,25.219559516171408,0],[121.61644719363727,25.219634406026763,0],[121.61620511606213,25.219716596454557,0],[121.61597177737669,25.219797974715135,0],[121.61583122639748,25.219839746537314,0],[121.615707936476,25.219878724205977,0],[121.61549823444365,25.21993830025558,0],[121.61523675757127,25.220015624505983,0],[121.61516277704213,25.220033999786747,0],[121.61492091659692,25.220094091232916,0],[121.61459431129103,25.220170440273705,0],[121.61432918700007,25.220222472036525,0],[121.61401353052945,25.220274641385064,0],[121.6137199832318,25.220323591947725,0],[121.61334010886455,25.220392055948885,0],[121.61326820970811,25.220401932818355,0],[121.61299245791102,25.220416801186154,0],[121.61274476819652,25.22042692111453,0]]}},{"type":"Feature","properties":{"cadgeom_type":"CADLWPolyline","thickness":0,"color":"#FF0000FF"},"geometry":{"type":"LineString","coordinates":[[121.62836611868514,25.225509710765856,0],[121.62831944315336,25.22532209383317,0],[121.6281981925211,25.22482298389933,0],[121.62813922965822,25.224523577039548,0],[121.62813125873267,25.224146785931698,0],[121.62811203566828,25.223777422547496,0],[121.62808868899444,25.223550394045713,0],[121.62805253916562,25.223203234257415,0],[121.62803246943083,25.22305551726691,0],[121.62803246943083,25.22305551726691,0],[121.62801052965538,25.22295443828753,0],[121.62798190713089,25.22285475194881,0],[121.62794670674272,25.222756823489046,0],[121.62790505747593,25.22266101170508,0],[121.6278571119423,25.222567667637712,0],[121.62780304582108,25.22247713328564,0],[121.62766766971596,25.22228257209852,0],[121.6274051844962,25.221899998730485,0],[121.6274051844962,25.221899998730485,0],[121.62738181176475,25.221869433486358,0],[121.62735626822713,25.221840341105068,0],[121.62732866570745,25.221812848945063,0],[121.62729912504315,25.22178707735937,0],[121.62726777555602,25.221763139168786,0],[121.62723475448621,25.221741139167914,0],[121.62720020639132,25.221721173666502,0],[121.62716428251363,25.221703330067786,0],[121.62701329702321,25.221652613211223,0],[121.6268653041478,25.221606353019638,0],[121.62667432930185,25.221563712809395,0],[121.62646307190282,25.221525337471896,0],[121.62601476224569,25.22145253154578,0],[121.62601476224569,25.22145253154578,0],[121.62594218396575,25.22143966928293,0],[121.62586889635269,25.221430735070822,0],[121.6257951560895,25.221425760200823,0],[121.62572122144435,25.221424762097076,0],[121.62564735136631,25.22142774425549,0],[121.62553905298856,25.221435808754457,0],[121.62540913157171,25.22145192086638,0],[121.62527339607297,25.221468040035433,0],[121.62509643885205,25.22149220592093,0],[121.62489603658105,25.221517266310016,0],[121.62476805531922,25.221533348972084,0],[121.62476805531922,25.221533348972084,0],[121.62436917234227,25.22157509604874,0],[121.62396829473964,25.22159566046286,0],[121.6235667808622,25.22159497252926,0],[121.62354639826015,25.221274043450133,0],[121.62329885127491,25.221260473168247,0],[121.62272733684136,25.22121741512586,0],[121.62244532907985,25.221188908744637,0],[121.62237586130277,25.221174877314102,0],[121.62219319287175,25.221123225323602,0],[121.6221719849614,25.221173718450324,0],[121.6217698284487,25.22101332765909,0]]}},{"type":"Feature","properties":{"cadgeom_type":"CADLWPolyline","thickness":0,"color":"#FF0000FF"},"geometry":{"type":"LineString","coordinates":[[121.63082869019304,25.228137580877036,0],[121.63066517297867,25.228023443995895,0],[121.63059463999197,25.22797667924475,0],[121.63047881732346,25.227890488416218,0],[121.63036783854713,25.227802383743935,0],[121.63029513049082,25.227742125621152,0],[121.63019370952442,25.227645386613588,0],[121.63012928263996,25.227571009670406,0],[121.62996202163538,25.227360800431914,0],[121.62986007834515,25.227237318234547,0],[121.62990814400598,25.227224082134484,0],[121.62977258940498,25.227074955150297,0],[121.62954893869521,25.22683436579846,0],[121.62949337071451,25.226769779131434,0],[121.62924897334263,25.22654760887505,0],[121.62907641649066,25.226397543280285,0],[121.62895528996599,25.226287993203346,0],[121.62881049451737,25.226151781928028,0],[121.62868925180938,25.226031219377653,0],[121.62868925180938,25.226031219377653,0],[121.62861879085324,25.225949468273726,0],[121.62855404121545,25.22586389845753,0],[121.62849525232663,25.225774839579483,0],[121.62844265065257,25.225682634730674,0],[121.62839643882195,25.225587639120953,0],[121.62836611868514,25.225509710765856,0]]}},{"type":"Feature","properties":{"cadgeom_type":"CADLWPolyline","thickness":0,"color":"#FF0000FF"},"geometry":{"type":"LineString","coordinates":[[121.63015270930283,25.22550210385396,0],[121.6302329382312,25.225591360152738,0],[121.63028996403706,25.22566657587036,0],[121.63035310956349,25.22575872449152,0],[121.63047485786356,25.225938279014024,0],[121.63057524332447,25.226088950840538,0],[121.63073730957274,25.226331094884074,0],[121.63081999955777,25.22645304292828,0]]}},{"type":"Feature","properties":{"cadgeom_type":"CADLWPolyline","thickness":0,"color":"#FF0000FF"},"geometry":{"type":"LineString","coordinates":[[121.63081999955777,25.22645304292828,0],[121.63097587406448,25.226735240375888,0],[121.63099349912997,25.22672419507173,0],[121.6310150644998,25.226710674187586,0],[121.63114739417743,25.226876951755624,0],[121.63121264428199,25.226936012333304,0],[121.63135354173001,25.22705550567841,0],[121.63160705760055,25.22722665416353,0],[121.63182438790595,25.227371707617625,0],[121.6320067917251,25.227490415747155,0],[121.63215228636527,25.227579431436865,0],[121.6323805679538,25.227719833842627,0],[121.6324943088291,25.22778456715557,0],[121.63264230660846,25.227857255105445,0],[121.63274173968719,25.227903233886313,0],[121.63294799650873,25.227989626683158,0],[121.63319672889422,25.228092212802622,0],[121.6333737954285,25.228164030027084,0],[121.63363889843532,25.228272964291765,0],[121.6339682965296,25.228406747228203,0],[121.63425293574252,25.22852193297058,0],[121.6344932159673,25.228616749322438,0],[121.63491907014594,25.228782362987694,0],[121.6350304680158,25.228835899101842,0],[121.6351615445694,25.228909852560598,0],[121.63524055160894,25.22895624925351,0],[121.63524055160894,25.22895624925351,0],[121.63528618255509,25.228989137328007,0],[121.63532951855353,25.229024500512,0],[121.63537039759642,25.22906220660487,0],[121.63540866686039,25.229102114647194,0],[121.63544418327808,25.229144075447707,0],[121.63547681407292,25.229187932141034,0],[121.63550643725536,25.22923352077408,0],[121.63559097448397,25.229361664367044,0],[121.63566727013767,25.229487026883334,0],[121.63570905847922,25.22956192990594,0],[121.63574925782169,25.229638411003066,0],[121.63577890470205,25.229706243961274,0],[121.6358323321723,25.229832485717875,0],[121.63584849367182,25.22987586845954,0],[121.63590830182166,25.230084776033404,0],[121.63591993415316,25.230129181007765,0],[121.63591993415316,25.230129181007765,0],[121.63592139806997,25.230133655313374,0],[121.63592319223156,25.230138029007993,0],[121.63592530837573,25.230142281950528,0],[121.6359277367576,25.230146394555963,0],[121.63593046619437,25.230150347885544,0],[121.63593348411682,25.230154123733985,0],[121.63593677662733,25.230157704713278,0],[121.63594032856373,25.230161074332862,0],[121.63594412356919,25.230164217075426,0],[121.6359481441675,25.23016711846848,0],[121.6359523718436,25.23016976515097,0],[121.63595678712885,25.230172144934755,0],[121.6359613696906,25.23017424686081,0],[121.63596609842592,25.23017606124964,0],[121.63597095155875,25.230177579745916,0],[121.63597590674009,25.230178795356846,0],[121.63598094115112,25.23017970248449,0],[121.63598603160804,25.23018029695147,0],[121.63599115466907,25.23018057602024,0],[121.63599628674218,25.230180538405666,0],[121.6360014041939,25.230180184280957,0],[121.63602905823294,25.230176685857177,0],[121.63613011302496,25.230138456929517,0],[121.63621966735904,25.230102501376162,0],[121.63644197911788,25.230018899335583,0],[121.63670588481341,25.229917035913118,0],[121.63698681235894,25.229806139732375,0],[121.63721278606033,25.2297153368367,0],[121.63755610561805,25.229581056031968,0],[121.63781409273986,25.229476523927126,0],[121.63804839724874,25.22946858359,0],[121.63863855221844,25.22943707496649,0],[121.63863584291693,25.229574206379933,0],[121.63869842093635,25.22956597089761,0],[121.63885299422178,25.2295385721744,0],[121.63896349211885,25.229515565581277,0],[121.6391434446193,25.2294318087356,0],[121.63925788055722,25.22937191801298,0],[121.63936419286041,25.229321281979026,0],[121.63957609575787,25.22921450992453,0],[121.63985625609554,25.229081099331125,0]]}},{"type":"Feature","properties":{"cadgeom_type":"CADLWPolyline","thickness":0,"color":"#FF0000FF"},"geometry":{"type":"LineString","coordinates":[[121.63986260618759,25.23029444773974,0],[121.63964009982016,25.230417339037224,0],[121.63964009982016,25.230417339037224,0],[121.63958374606443,25.23044564404525,0],[121.63952953349163,25.230477220058177,0],[121.6394776912557,25.23051193360679,0],[121.63942843849198,25.23054963795961,0],[121.63938198339085,25.230590173743114,0],[121.63933852231776,25.230633369615365,0],[121.63929823898317,25.230679042990204,0],[121.6392613036661,25.230727000809004,0],[121.6391380265103,25.230936974363985,0],[121.63881004614022,25.231494646009985,0],[121.63820659883714,25.23116515283035,0],[121.63835927554615,25.230921419780802,0],[121.63853503482262,25.23063554984118,0],[121.6382021101646,25.230597296840983,0],[121.63791144254623,25.23056392035823,0],[121.63774595070622,25.23062878281867,0],[121.63697629803646,25.230929283348612,0],[121.6365406893233,25.231101763925047,0],[121.63615051533533,25.23125580362308,0],[121.63591333379442,25.23135250357092,0],[121.63566868206429,25.231555588104538,0],[121.63551810060345,25.23167510198548,0],[121.63522475366054,25.231921186322328,0],[121.63506536220117,25.231752904989772,0],[121.6347027011537,25.23137600066264,0],[121.63453381344493,25.23119900732802,0],[121.63452422869642,25.23102616946662,0],[121.63465504706417,25.231023973214583,0],[121.63474945654312,25.230989075812847,0],[121.635035310307,25.230884903183895,0],[121.63492562772491,25.230757314464327,0],[121.63492562772491,25.230757314464327,0],[121.63489090825364,25.230712702447367,0],[121.63485940524627,25.23066615721469,0],[121.63483124836536,25.230617870346222,0],[121.63480655350034,25.230568040590246,0],[121.63478542229072,25.2305168730453,0],[121.63476794170772,25.23046457831601,0],[121.6347509682569,25.230398663133258,0],[121.6347002769151,25.23023942286584,0],[121.63461856057529,25.23005575411215,0],[121.63456964004965,25.22994802580032,0],[121.63451923560702,25.22987128659807,0],[121.63445429695228,25.229815024043717,0],[121.63414647722564,25.22969314398581,0],[121.63364640703726,25.22951175922798,0],[121.633358087778,25.22940628099475,0],[121.63300134763682,25.229275608236826,0],[121.6328153861856,25.229202780661566,0],[121.63243061226042,25.229040579365254,0],[121.63243061226042,25.229040579365254,0],[121.6321454141287,25.2289181511966,0],[121.63186977328043,25.22877878358663,0],[121.6316049040702,25.228623090542698,0],[121.6313739686303,25.228485477820392,0],[121.63106058063251,25.228290214376166,0],[121.63082869019095,25.22813758087558,0]]}},{"type":"Feature","properties":{"cadgeom_type":"CADLWPolyline","thickness":0,"color":"#FF0000FF"},"geometry":{"type":"LineString","coordinates":[[121.63985625609554,25.229081099331125,0],[121.64007265317845,25.22898104769508,0],[121.64041613857496,25.228820768115508,0],[121.64041613857496,25.228820768115508,0],[121.64059754474758,25.228735372274958,0],[121.64078462222821,25.2286607842572,0],[121.6409765937629,25.228597313949606,0],[121.64117266176876,25.228545225048688,0],[121.64137201164696,25.2285047339647,0],[121.64166468796446,25.228460800513542,0],[121.64213698910163,25.228387957353647,0],[121.64270799037048,25.22830222505716,0],[121.64301444297394,25.228251549132885,0],[121.64325917599795,25.228210808963535,0],[121.64347267186453,25.228171126603097,0],[121.64359654281269,25.2281402196635,0],[121.64373876009365,25.2280971197703,0],[121.64394757357182,25.22802642956308,0],[121.64423112933139,25.22792376394348,0],[121.64444703242073,25.228186949907258,0],[121.64478817793753,25.228607049234277,0],[121.64497983583172,25.228841987326497,0],[121.64445509021384,25.2290170815839,0],[121.64408637049723,25.229140020961665,0],[121.64390508645229,25.229194177478853,0],[121.64390508645229,25.229194177478853,0],[121.6436868484635,25.22925278396857,0],[121.64346555677541,25.229300994654686,0],[121.64324180950089,25.22933867923044,0],[121.64272316604625,25.22941276787662,0],[121.64214985738835,25.22949620189801,0],[121.64182768764702,25.22955171016576,0],[121.64154017020496,25.229604715930403,0],[121.64154017020496,25.229604715930403,0],[121.64140537094609,25.22963169852111,0],[121.64127275398607,25.229666496557147,0],[121.64114286639305,25.229708966491522,0],[121.64101624397772,25.229758933129215,0],[121.64093136443628,25.229792837190697,0],[121.64062704384614,25.229941227230903,0],[121.64009890808424,25.230188430894007,0],[121.63986260618759,25.23029444773974,0]]}},{"type":"Feature","properties":{"cadgeom_type":"CADLWPolyline","thickness":0,"color":"#FF0000FF"},"geometry":{"type":"LineString","coordinates":[[121.59465208750726,25.210450553367227,0],[121.59455365993291,25.21031273637085,0],[121.59447686110619,25.21014511984118,0],[121.59433470282366,25.209780463367082,0],[121.5942143891336,25.209531464109443,0],[121.59399873623997,25.209080700409963,0],[121.59389165611368,25.208863081167962,0],[121.59380113429583,25.208674565974825,0],[121.59363624724247,25.20834466640413,0],[121.59344652768759,25.207941239958423,0],[121.59353366933996,25.20789422429137,0],[121.59391815002836,25.20770032248015,0],[121.59410466276097,25.207611165210967,0],[121.59428268453351,25.20798122158795,0],[121.59447261677342,25.208379179728706,0],[121.59464395204995,25.20877634275294,0]]}},{"type":"Feature","properties":{"cadgeom_type":"CADLWPolyline","thickness":0,"color":"#FF0000FF"},"geometry":{"type":"LineString","coordinates":[[121.59464395204995,25.20877634275294,0],[121.59464395204995,25.20877634275294,0],[121.59475415782336,25.20900634138405,0],[121.59488654864558,25.20928538988811,0],[121.59498120778117,25.20948225501206,0],[121.59504069100468,25.209605813264965,0],[121.59519504386634,25.209914884960014,0],[121.5953223339819,25.21015229884177,0],[121.5953223339819,25.21015229884177,0],[121.59537248782586,25.210230492040452,0],[121.59542789738119,25.210305691776657,0],[121.59548834752289,25.210377606078353,0],[121.59555360355401,25.21044595572916,0],[121.5956234121168,25.210510475352475,0],[121.59569750217646,25.21057091444192,0],[121.5957506653782,25.210616815541666,0],[121.5958364777291,25.21068612269463,0],[121.59601817428032,25.210812386579402,0],[121.59601817428032,25.210812386579402,0],[121.596102041231,25.2108668941066,0],[121.59618199650426,25.21092606700674,0],[121.59625772700164,25.210989673567504,0],[121.59632893616707,25.21105746471471,0],[121.59639534514783,25.2111291749875,0],[121.59645669388678,25.21120452357787,0],[121.59645669388678,25.21120452357787,0],[121.59651703306615,25.211296964425863,0],[121.59657108954724,25.2113925684695,0],[121.59661866373915,25.211490982739235,0],[121.59665957998223,25.211591843889362,0],[121.59669368719685,25.211694779539414,0],[121.59669368719685,25.211694779539414,0],[121.59670830604792,25.211736598489036,0],[121.59672550225602,25.211777598021115,0],[121.59674522073472,25.211817646791467,0],[121.59676739831721,25.21185661650163,0],[121.59679196395855,25.21189438230983,0],[121.59679196395855,25.21189438230983,0],[121.59680221854751,25.211907795336433,0],[121.59681341540724,25.211920569560483,0],[121.59682550659927,25.211932650289793,0],[121.59683844035592,25.21194398580133,0],[121.59685216130225,25.21195452756267,0],[121.5968666106928,25.21196423043976,0],[121.59688172666338,25.211973052890198,0],[121.59689744449578,25.21198095714106,0],[121.5969136968949,25.211987909350658,0],[121.59693041427688,25.21199387975345,0],[121.59718538970803,25.21205234220195,0],[121.59742484715484,25.212110974476285,0],[121.59774051388804,25.21217867140325,0],[121.59781176855273,25.21219652696144,0],[121.59797029899106,25.212234766953234,0],[121.59815270021794,25.212276985392332,0],[121.59815270021794,25.212276985392332,0],[121.59823659132375,25.212302568432786,0],[121.59831858766165,25.21233281119971,0],[121.59839837683207,25.21236759847085,0],[121.59847565484377,25.212406797709715,0],[121.59863066034406,25.21250181442193,0]]}},{"type":"Feature","properties":{"cadgeom_type":"CADLWPolyline","thickness":0,"color":"#FF0000FF"},"geometry":{"type":"LineString","coordinates":[[121.59644192468687,25.21251066042422,0],[121.59632570221535,25.21241567551417,0],[121.59632570221535,25.21241567551417,0],[121.59627275082613,25.21236582197231,0],[121.59622336737668,25.212313024703104,0],[121.5961777491666,25.212257494650046,0],[121.59613607845117,25.212199453674785,0],[121.59609852171344,25.21213913367064,0],[121.59606522899902,25.2120767756361,0],[121.5960363333167,25.21201262871193,0],[121.5960363333167,25.21201262871193,0],[121.59600351020285,25.21190652838597,0],[121.59596518086603,25.211801967224545,0],[121.59592143195837,25.211699181573938,0],[121.59592143195837,25.211699181573938,0],[121.59587358067537,25.211626946704516,0],[121.59582071477348,25.211557665524673,0],[121.5957630537828,25.211491625719678,0],[121.59566315287717,25.21141604340991,0],[121.59549122701794,25.21129946139947,0],[121.59535637593815,25.21120638848097,0],[121.59526526792995,25.211137314337307,0],[121.59512326816989,25.211017488533386,0],[121.59512326816989,25.211017488533386,0],[121.5949864584386,25.21087834531947,0],[121.59485873610802,25.210732227795894,0],[121.59474052987352,25.210579626437553,0],[121.59465208750726,25.210450553367227,0]]}},{"type":"Feature","properties":{"cadgeom_type":"CADLWPolyline","thickness":0,"color":"#FF0000FF"},"geometry":{"type":"LineString","coordinates":[[121.62176296746256,25.21966363596469,0],[121.62193048609294,25.219725378592567,0],[121.62209014457011,25.219770217139242,0],[121.62227771357566,25.219812461917602,0],[121.62260731477687,25.21988015302603,0],[121.62285868128545,25.219929064540654,0],[121.62317954016349,25.21998707620207,0],[121.62363047372074,25.220064386484292,0],[121.62388815686852,25.220112195295194,0],[121.62409656049353,25.22014286052795,0],[121.62423852730862,25.220165680403294,0],[121.62443743658683,25.220213189935894,0],[121.62462440294573,25.2202623385816,0],[121.62482578118441,25.220321940308654,0],[121.62482578118441,25.220321940308658,0],[121.62505753372294,25.220387183771596,0],[121.62529297413354,25.220440391148315,0],[121.62553134763954,25.22048139186691,0],[121.62569439904401,25.22050802606281,0],[121.62606268289804,25.22056676993796,0],[121.62640495934296,25.220625267387287,0],[121.62684810859133,25.220702099548348,0],[121.62706051350533,25.22073871525985,0],[121.6272577560193,25.220789170591328,0],[121.62745579488963,25.220851399523745,0],[121.62745579488963,25.220851399523745,0],[121.6275731703093,25.22089342190947,0],[121.6276878326149,25.220941242690756,0],[121.62779943595524,25.220994717628678,0],[121.6279076437044,25.221053685429883,0],[121.62796693320209,25.221085305140953,0],[121.62807170043664,25.22114815913547,0],[121.62807170043664,25.22114815913547,0],[121.62824572643001,25.22126096804801,0],[121.62841283492997,25.221382123223524,0],[121.62857254273369,25.22151127434952,0],[121.62862963497473,25.22158228291919,0],[121.62866597953466,25.221633306319998,0],[121.62870582114874,25.221689006302864,0],[121.62873519291398,25.221738889647035,0],[121.6287634373128,25.221789084016027,0],[121.62877790718171,25.221815765787397,0],[121.62881029477543,25.221885630102374,0],[121.62881029477543,25.221885630102374,0],[121.62884906737023,25.221968971814945,0],[121.62888455744789,25.22205351501929,0],[121.62902695535321,25.222485558403584,0],[121.62909380941724,25.22267750616565,0],[121.62916761135386,25.222934693743,0],[121.62921724901128,25.22315446105758,0],[121.62924277147107,25.223333697452578,0],[121.62928520636524,25.22361930697536,0],[121.62941137262905,25.224105436060896,0],[121.62948555119266,25.22441788049339,0],[121.62955139981709,25.224660300630703,0],[121.62959272551034,25.22478813594334,0],[121.62966713770204,25.225016887944445,0],[121.62968326780575,25.225047191832008,0],[121.62971551610829,25.22510624227584,0],[121.62975639769225,25.22515059580744,0],[121.62984294446078,25.225233887296415,0],[121.62991170355643,25.225291939128475,0],[121.63004599296796,25.22540416680218,0],[121.63015270930283,25.22550210385396,0]]}},{"type":"Feature","properties":{"cadgeom_type":"CADLWPolyline","thickness":0,"color":"#FF0000FF"},"geometry":{"type":"LineString","coordinates":[[121.62892018922894,25.22244477243842,0],[121.62898704310271,25.222636720253508,0],[121.62906084478944,25.22289390789038,0],[121.62911048223756,25.223113675246044,0],[121.62913600453139,25.223292911663645,0],[121.62917843916055,25.223578521223732,0],[121.62930460495619,25.22406465041208,0],[121.62937878322106,25.224377094905623,0],[121.6294446316111,25.224619515096347,0],[121.62948595717866,25.224747350441955,0],[121.62956036914525,25.22497610250241,0],[121.62957649921718,25.2250064064024,0],[121.6296087474575,25.225065456871068,0],[121.62964962898943,25.22510981043345,0],[121.62973617565717,25.22519310198736,0],[121.62980493467991,25.22525115387085,0],[121.62993922395006,25.225363381644957,0],[121.63004594016486,25.225461318776702,0]]}}]}