{"type":"FeatureCollection","name":"entities","crs":{"type":"name","properties":{"name":"urn:ogc:def:crs:OGC:1.3:CRS84"}},"features":[{"type":"Feature","properties":{"Layer":"PL_PLAN","SubClasses":"AcDbEntity:AcDb2dPolyline","EntityHandle":"33D"},"geometry":{"type":"LineString","coordinates":[[121.4526072459038,25.10062704776405,0],[121.45264728328006,25.100680452681132,0],[121.45268389200183,25.100724470206814,0],[121.45275746833926,25.100823789232017,0],[121.4529601838785,25.101100485792088,0],[121.45312567648153,25.101314315905718,0],[121.4531654000128,25.10136672892931,0],[121.45317373951492,25.1013777989571,0],[121.45336321175817,25.10162789353228,0],[121.45354832070444,25.101872196137816,0],[121.45363223049299,25.10197440819658,0],[121.4537393947758,25.102112625259487,0],[121.45376904983783,25.102150145501348,0],[121.4538202778953,25.102216724303933,0],[121.45388809206882,25.102304369001068,0],[121.45391701252863,25.102341620617125,0],[121.45392922539817,25.102359801897144,0],[121.45405185394287,25.10251044819094,0],[121.45414226551023,25.102625198091403,0],[121.4542769966408,25.102796210579093,0],[121.45441699788692,25.102973914649144,0],[121.45443955111804,25.10300253676908,0],[121.45464949400849,25.10326899796208,0],[121.45468572675736,25.103320870538873,0],[121.4547354391288,25.103387534903362,0],[121.4547354391288,25.103387534903362,0],[121.4548205451184,25.103501650608354,0],[121.45507855362104,25.1038554186943,0],[121.45515431352042,25.103959668102814,0],[121.45520557759194,25.104030209607608,0]]}},{"type":"Feature","properties":{"Layer":"PL_PLAN","SubClasses":"AcDbEntity:AcDb2dPolyline","EntityHandle":"35D"},"geometry":{"type":"LineString","coordinates":[[121.48598532478893,25.04767558414167,0],[121.48596171454281,25.047706319042693,0],[121.48593856127914,25.047737341110082,0],[121.48592149874803,25.047760792713678,0],[121.4859102687126,25.04777651390952,0],[121.48589364240888,25.04780022411082,0],[121.48588270477194,25.047816115458065,0],[121.48584013746667,25.047880341628076,0],[121.48582466713265,25.047904692476948,0],[121.48582466713265,25.047904692476948,0],[121.48567762028132,25.048202803161086,0],[121.48567397261193,25.048215228744333,0],[121.48499360515969,25.04955269162497,0],[121.4848089661237,25.049917037036185,0],[121.48475786891416,25.05001586301608,0],[121.48464473155403,25.050230993788777,0]]}},{"type":"Feature","properties":{"Layer":"PL_PLAN","SubClasses":"AcDbEntity:AcDb2dPolyline","EntityHandle":"36F"},"geometry":{"type":"LineString","coordinates":[[121.4594632424951,25.096091930809965,0],[121.46025598629157,25.09732654529918,0],[121.46033873987861,25.09745033428875,0],[121.4606765338974,25.09795512873253,0],[121.46069334264189,25.0979957931512,0],[121.46135344630824,25.09897193345714,0],[121.46161171825548,25.099367101232392,0],[121.46169344790128,25.099481503401623,0],[121.46177473873733,25.09958462178858,0],[121.46181336079933,25.09962539871705,0],[121.4619501770256,25.099755699179628,0],[121.46198887495332,25.099790246123693,0],[121.46208673040962,25.09986857602913,0],[121.46209750625695,25.099877435113576,0],[121.46210836604057,25.099886203645983,0],[121.46211930976054,25.099894881644396,0],[121.46213033741681,25.09990346909978,0],[121.46214144917897,25.099912011151943,0],[121.46215263975057,25.09992041753663,0],[121.46216390947073,25.09992877853352,0],[121.46217526294768,25.09993700384749,0],[121.46218669062584,25.099945183789032,0],[121.46219819711334,25.099953228063036,0],[121.46220978274943,25.09996122694915,0],[121.46220978274943,25.09996122694915,0],[121.46222144223754,25.09996909018315,0],[121.46223317574724,25.099976862895826,0],[121.46224498839565,25.099984590229607,0],[121.46225686994865,25.099992181926634,0],[121.46226882552321,25.099999683111303,0],[121.46228085016207,25.100007093799046,0],[121.46229294882252,25.100014413974407,0],[121.46230511636765,25.100021598512985,0],[121.46231734819926,25.10002873770985,0],[121.46232965388276,25.100035741254445,0],[121.46234202384284,25.1000426994573,0],[121.46235445773021,25.100049522038784,0],[121.46236696069167,25.10005625412319,0],[121.46237952263296,25.10006285059259,0],[121.46239215380811,25.10006940171376,0],[121.46240484395315,25.100075817228962,0],[121.46241759325761,25.10008214227792,0],[121.46243040666884,25.100088376845218,0],[121.4624432742623,25.100094520961758,0],[121.46245620580267,25.10010052945675,0],[121.46248223145975,25.100112275094286,0],[121.462495330354,25.10011796708156,0],[121.46250848345024,25.100123568617946,0],[121.46252168578117,25.100129079718926,0],[121.4625349421244,25.100134455229234,0],[121.46254825266952,25.10013974028863,0],[121.46256160749195,25.10014493492804,0],[121.46257501649637,25.10015003911656,0],[121.46258552090649,25.100153933562712,0],[121.46262426664698,25.100174757848734,0],[121.46326907791438,25.1003477996289,0],[121.46355555600412,25.100358640881808,0],[121.46360593616951,25.100362184949635,0],[121.46374172002699,25.10034948235655,0],[121.46374172002699,25.10034948235655,0],[121.46387015341885,25.100333191396572,0],[121.46387015341885,25.100333191396572,0],[121.46406881728646,25.100299707874814,0],[121.46406881728646,25.100299707874814,0],[121.46406881728646,25.100299707874814,0],[121.46406881728646,25.100299707874814,0],[121.46543591828409,25.09998531394646,0]]}},{"type":"Feature","properties":{"Layer":"PL_PLAN","SubClasses":"AcDbEntity:AcDb2dPolyline","EntityHandle":"1D0D"},"geometry":{"type":"LineString","coordinates":[[121.48598532478893,25.04767558414167,0],[121.48596171454281,25.047706319042693,0],[121.48593856127914,25.047737341110082,0],[121.48592149874803,25.047760792713678,0],[121.4859102687126,25.04777651390952,0],[121.48589364240888,25.04780022411082,0],[121.48588270477194,25.047816115458065,0],[121.48584013746667,25.047880341628076,0],[121.48582466713265,25.047904692476948,0],[121.48582466713265,25.047904692476948,0],[121.48567762028132,25.048202803161086,0],[121.48567397261193,25.048215228744333,0],[121.48499360515969,25.04955269162497,0],[121.4848089661237,25.049917037036185,0],[121.48475786891416,25.05001586301608,0],[121.48433883519445,25.05081265179633,0],[121.48432731448531,25.05083422140931,0],[121.48406783642143,25.05132498678102,0],[121.48394123110164,25.051560951791444,0],[121.4839073585033,25.05162469227923,0],[121.48390161331265,25.05163557181459,0],[121.48351614785025,25.052372022335774,0],[121.48351089617394,25.0523798758319,0],[121.48294401657363,25.0534754396295,0],[121.48286777968394,25.053624199912992,0],[121.48285004335114,25.05365564831287,0],[121.48264978336779,25.05404053557819,0],[121.48264218920978,25.054055122597447,0],[121.48200865945468,25.055276678951873,0],[121.48198650624781,25.055321801110587,0],[121.48178199737512,25.05569613808444,0],[121.48175680618264,25.055747580711174,0],[121.48173400425107,25.055794131376935,0],[121.48144146227021,25.056391549056567,0],[121.48142699216453,25.05642712156938,0],[121.48093640381377,25.057357920039372,0],[121.48093150566602,25.057367568892033,0],[121.48079568123076,25.057636685153675,0],[121.48075403530866,25.057720844568966,0],[121.48003485724799,25.059128955531445,0],[121.47995913403022,25.059276502864453,0],[121.47950314770905,25.060169952760276,0],[121.47947083843837,25.060234183715092,0],[121.4785710371577,25.061878332545415,0],[121.47851363880301,25.061985473470315,0],[121.47847697931256,25.062044343603215,0],[121.47843961931599,25.06210284724917,0],[121.47840704228032,25.062152696275824,0],[121.47837395666006,25.062202266638188,0],[121.47832338095446,25.062276090249906,0],[121.47826003541628,25.062365433441315,0],[121.47823068996948,25.06240571537569,0],[121.4781950234261,25.062453777893648,0],[121.47816492674045,25.062493597323062,0],[121.47814060552201,25.06252529884799,0],[121.47812222296467,25.062548984333535,0],[121.4781099007047,25.06256473120347,0],[121.47808509537724,25.062596119982693,0],[121.47806007642862,25.06262736778556,0],[121.47804117262261,25.06265071040874,0],[121.47800940157403,25.06268943567334,0],[121.47797730132422,25.06272793505139,0],[121.4779448738067,25.062766206207232,0],[121.47793181159648,25.062781450258534,0],[121.47790381921038,25.062814213059852,0],[121.47784478465321,25.06288139490734,0],[121.47780578596303,25.062926441771523,0],[121.47777994658091,25.062956587226807,0],[121.47777350675815,25.062964137801195,0],[121.47775189320244,25.06299057549914,0],[121.4776315734784,25.0631499688074,0],[121.47757771634622,25.06321680366531,0],[121.4775225106994,25.063282719391886,0],[121.47744042691323,25.06337626264654,0],[121.47732899867108,25.06349551290141,0],[121.4772681736713,25.063557189088925,0],[121.4771991339505,25.063624502573145,0],[121.47713191923451,25.063687735841416,0],[121.47713191923451,25.063687735841416,0],[121.47710909158546,25.063710550984194,0],[121.4770896993715,25.063729788984578,0],[121.47708619363739,25.063733131618665,0],[121.47705527413005,25.06376263549243,0],[121.47699943926564,25.063815918171763,0],[121.47693383555415,25.06387797141201,0],[121.47688445189863,25.063925807437016,0],[121.47683231935254,25.06397279460357,0],[121.4766980486395,25.064086618705844,0],[121.47661876374885,25.06414800250981,0],[121.47661876374885,25.06414800250981,0],[121.47661876374885,25.06414800250981,0],[121.47625061041198,25.064430255728567,0],[121.47621805600451,25.064454871441548,0],[121.47618490859132,25.064479931426277,0],[121.4761613279252,25.064497774354763,0],[121.47611393898676,25.064533560239575,0],[121.47607171783484,25.064565185640927,0],[121.47602733223913,25.064598433999983,0],[121.47598243187252,25.06463185553003,0],[121.47598243187252,25.06463185553003,0],[121.47576526665252,25.06479183435356,0],[121.47560420229313,25.064905662073315,0],[121.47560420229313,25.064905662073315,0],[121.47547780401901,25.0649924206972,0],[121.47546532636474,25.065000486637462,0],[121.47541102536398,25.06503547287644,0],[121.47536574993886,25.0650642549777,0],[121.47527090553959,25.065123963514882,0],[121.4751566064572,25.065194897175722,0],[121.47501475583287,25.065280607925676,0],[121.47493440434813,25.065328042572684,0],[121.47485365526298,25.06537491376743,0],[121.47479057859225,25.065410977833572,0],[121.47470913443253,25.065456840549167,0],[121.47465462452587,25.065487098622746,0],[121.47454509800208,25.06554685020505,0],[121.47442569305105,25.065610424641843,0],[121.47437956303631,25.0656345544935,0],[121.47421840059393,25.065710652594355,0],[121.47410573566519,25.065770931911707,0],[121.47400041277159,25.06582538263521,0],[121.47384062285364,25.065907976182306,0],[121.4735325274594,25.066067257871165,0],[121.47331168152148,25.066181418226602,0],[121.47314531232377,25.066267426572352,0],[121.47305294347018,25.066314116319994,0],[121.4727862066639,25.066452184074475,0],[121.4725965901505,25.06655034543812,0],[121.47244866018032,25.06662703148204,0],[121.47240908034054,25.06664739843004,0],[121.47228376373133,25.06671227582391,0],[121.47221572392924,25.06674750322525,0],[121.47210796603812,25.066803269437735,0],[121.47194629448073,25.06688695934795,0],[121.47180801825552,25.066958531250283,0],[121.47170928196199,25.06700964611808,0],[121.47161940917955,25.067056164545587,0],[121.47152727098981,25.067103863767365,0],[121.47070896848099,25.06751279726311,0],[121.47051894340863,25.067608664153603,0],[121.46976683299354,25.067993097115462,0],[121.46972190979936,25.06801610743859,0],[121.46923057466047,25.068258170239467,0],[121.46840275601876,25.068700196116225,0],[121.4678313460816,25.068991020728497,0],[121.46740583698619,25.06920359708646,0],[121.46706737298291,25.06936857676336,0],[121.46696220109186,25.069421969692733,0],[121.46666672277388,25.06957364624982,0],[121.46616676677833,25.069827464262563,0],[121.46606937633933,25.069878227766207,0],[121.4657246367779,25.070053091981794,0],[121.46546681030166,25.070185331778337,0],[121.46530148713981,25.07026890699242,0],[121.46513676173481,25.070353453895464,0],[121.46508513070714,25.070379016552643,0],[121.46490061716004,25.070473857343266,0],[121.4648198730206,25.07051583762745,0],[121.46424596419624,25.07080921633757,0],[121.4640961299082,25.070888961472132,0],[121.46398880628686,25.070944978273822,0],[121.46387371357721,25.071006805134772,0],[121.46364880091176,25.0711338271125,0],[121.46336444049241,25.07130109771856,0],[121.46328661343891,25.071348971603378,0],[121.46326355624683,25.071360675856333,0],[121.46323445165143,25.071380653932916,0],[121.4632036126131,25.071398341703862,0],[121.46290684340202,25.071567233859536,0],[121.46269964874928,25.07170178354741,0],[121.46239229971391,25.07192707825055,0],[121.46223698522715,25.072034791452946,0],[121.46208117668445,25.072145449447518,0],[121.46192014903302,25.07226765053955,0],[121.46175357246794,25.072397765046876,0],[121.46160822892345,25.072517729699054,0],[121.46142645196164,25.072670797392526,0],[121.46126998420311,25.072801493395087,0],[121.46118659516054,25.07287215455379,0],[121.46103430288164,25.07300904226813,0],[121.46101312555032,25.07302819375722,0],[121.46023250533618,25.073720866826484,0],[121.46014836303712,25.073796695241473,0],[121.45993100060576,25.073993113354305,0],[121.45989914296882,25.074020483393603,0],[121.45971380205316,25.07418774174979,0],[121.459526954897,25.074353603683644,0],[121.4595042803225,25.074375880230154,0],[121.45939413860133,25.07447819108737,0],[121.45938642898787,25.07448535185501,0],[121.45936570218669,25.074504501949832,0],[121.45936570218669,25.074504501949832,0],[121.45923180687373,25.074632817701772,0],[121.45921258808069,25.07465292244495,0],[121.45886122660735,25.075022626533038,0],[121.45874554352507,25.0751496625934,0],[121.45860941953737,25.07531033472011,0],[121.45859744252589,25.075325241013516,0],[121.45843721473422,25.075508046684867,0],[121.45828363564468,25.07569469058296,0],[121.45813135825212,25.075882218634387,0],[121.45791965536493,25.076187142011523,0],[121.45788004226317,25.076239891180766,0],[121.45781214066899,25.076339576208465,0],[121.4577713517641,25.076397918650365,0],[121.45768340179046,25.0765223636912,0],[121.45758820173172,25.076669976735698,0],[121.45752557694108,25.0767683151689,0],[121.45752557694108,25.0767683151689,0],[121.45739856883161,25.076979126451345,0],[121.45736402488892,25.07703724195398,0],[121.45728711126787,25.077159578504336,0],[121.45713878208487,25.077422296781894,0],[121.45708912837492,25.077511838185654,0],[121.45694954788932,25.07778093142504,0],[121.45692411853905,25.0778359568908,0],[121.45688895992495,25.07790730907767,0],[121.45688026855831,25.07792800809154,0],[121.45685850895879,25.07797305325433,0],[121.45677430402105,25.078152152080573,0],[121.45670989960965,25.078303021165837,0],[121.45663974074714,25.078464257885436,0],[121.45661125877986,25.078535177144516,0],[121.4565991976677,25.078566112030973,0],[121.45659238461592,25.078580839421576,0],[121.4565474442934,25.078691203260053,0],[121.45653801382836,25.078716754991113,0],[121.45652707504703,25.078740881541215,0],[121.4564684413199,25.07889266793586,0],[121.4564125289846,25.079050526676266,0],[121.45631144855696,25.0793421406195,0],[121.45625715333934,25.079528052523585,0],[121.45622442208997,25.079642732087,0],[121.45617614684234,25.079823017181557,0],[121.4561733741543,25.0798330275933,0],[121.45616227656996,25.079873098131838,0],[121.45616051534874,25.079879459440825,0],[121.45614895124662,25.07992122307189,0],[121.45613328507342,25.079978303704383,0],[121.45592438470806,25.080637445633112,0],[121.45577165186461,25.081195052755866,0],[121.45570359356134,25.0814404081131,0],[121.45558574585002,25.08183405848423,0],[121.45537346351976,25.082594958891956,0],[121.45520849477629,25.083204858295385,0],[121.45517457530677,25.08333012985156,0],[121.4550163070182,25.083910016308913,0],[121.45498470920185,25.08402865063264,0],[121.4549761104968,25.084066608256265,0],[121.45492201344014,25.084284318808702,0],[121.45486895779516,25.08452948218443,0],[121.45485284965733,25.08461051062259,0],[121.45476650365838,25.085128228995163,0],[121.45473127482859,25.085459143504536,0],[121.4547247200441,25.085560181126098,0],[121.4547159972318,25.085661081256088,0],[121.45470199998628,25.08597888912349,0],[121.45470089237998,25.08601972590427,0],[121.45470296624622,25.086239783528217,0],[121.45470297696708,25.086318085016615,0],[121.45470433775554,25.086387808891562,0],[121.45470330341183,25.08645753730651,0],[121.45470657504961,25.086525781280685,0],[121.45473357511537,25.086967295946323,0],[121.45482722913653,25.087437582351313,0],[121.4550397173552,25.088493307945452,0],[121.45514258211405,25.088857637056353,0],[121.45523615593582,25.089202584173847,0],[121.45523615593582,25.089202584173847,0],[121.45564414811136,25.09014973265926,0],[121.45625446545408,25.0911701075451,0],[121.45630365799911,25.091255452248145,0],[121.45731983323245,25.092799556803556,0],[121.4573388814349,25.09282974216946,0],[121.45789080619983,25.093683450679737,0],[121.45791634755716,25.093726706644347,0],[121.45915458089064,25.095625547573654,0],[121.45932754737161,25.095880597055103,0],[121.46025598629157,25.09732654529918,0],[121.46033873987861,25.09745033428875,0],[121.4606765338974,25.09795512873253,0],[121.46069334264189,25.0979957931512,0],[121.46135344630824,25.09897193345714,0],[121.46161171825548,25.099367101232392,0],[121.46169344790128,25.099481503401623,0],[121.46177473873733,25.09958462178858,0],[121.46181336079933,25.09962539871705,0],[121.4619501770256,25.099755699179628,0],[121.46198887495332,25.099790246123693,0],[121.46208673040962,25.09986857602913,0],[121.46209750625695,25.099877435113576,0],[121.46210836604057,25.099886203645983,0],[121.46211930976054,25.099894881644396,0],[121.46213033741681,25.09990346909978,0],[121.46214144917897,25.099912011151943,0],[121.46215263975057,25.09992041753663,0],[121.46216390947073,25.09992877853352,0],[121.46217526294768,25.09993700384749,0],[121.46218669062584,25.099945183789032,0],[121.46219819711334,25.099953228063036,0],[121.46220978274943,25.09996122694915,0],[121.46220978274943,25.09996122694915,0],[121.46222144223754,25.09996909018315,0],[121.46223317574724,25.099976862895826,0],[121.46224498839565,25.099984590229607,0],[121.46225686994865,25.099992181926634,0],[121.46226882552321,25.099999683111303,0],[121.46228085016207,25.100007093799046,0],[121.46229294882252,25.100014413974407,0],[121.46230511636765,25.100021598512985,0],[121.46231734819926,25.10002873770985,0],[121.46232965388276,25.100035741254445,0],[121.46234202384284,25.1000426994573,0],[121.46235445773021,25.100049522038784,0],[121.46236696069167,25.10005625412319,0],[121.46237952263296,25.10006285059259,0],[121.46239215380811,25.10006940171376,0],[121.46240484395315,25.100075817228962,0],[121.46241759325761,25.10008214227792,0],[121.46243040666884,25.100088376845218,0],[121.4624432742623,25.100094520961758,0],[121.46245620580267,25.10010052945675,0],[121.46248223145975,25.100112275094286,0],[121.462495330354,25.10011796708156,0],[121.46250848345024,25.100123568617946,0],[121.46252168578117,25.100129079718926,0],[121.4625349421244,25.100134455229234,0],[121.46254825266952,25.10013974028863,0],[121.46256160749195,25.10014493492804,0],[121.46257501649637,25.10015003911656,0],[121.46258552090649,25.100153933562712,0],[121.46262426664698,25.100174757848734,0],[121.46326907791438,25.1003477996289,0],[121.46355555600412,25.100358640881808,0],[121.46360593616951,25.100362184949635,0],[121.46374172002699,25.10034948235655,0],[121.46374172002699,25.10034948235655,0],[121.46387015341885,25.100333191396572,0],[121.46387015341885,25.100333191396572,0],[121.46406881728646,25.100299707874814,0],[121.46406881728646,25.100299707874814,0],[121.46406881728646,25.100299707874814,0],[121.46406881728646,25.100299707874814,0],[121.46543591828409,25.09998531394646,0]]}},{"type":"Feature","properties":{"Layer":"PL_PLAN","SubClasses":"AcDbEntity:AcDb2dPolyline","EntityHandle":"1E67"},"geometry":{"type":"LineString","coordinates":[[121.47734457822541,25.045248290742265,0],[121.47740446918468,25.045274626542362,0],[121.47747601540988,25.045306831681785,0],[121.47758265915083,25.04535636429787,0],[121.47766503009596,25.045395899537642,0],[121.47772355196244,25.045424676678927,0],[121.47781663033018,25.045471646459912,0],[121.47788598085921,25.045507617626914,0],[121.47794346725479,25.045538077702282,0],[121.47801207804585,25.045575207520223,0],[121.47808027550104,25.045612964041187,0],[121.47824891561275,25.04571007190532,0],[121.47845652744076,25.045846366833928,0],[121.47860311298885,25.045950844956543,0],[121.4787105067522,25.046032084268404,0],[121.47889297787258,25.046180028738128,0],[121.47894379465924,25.046223616846067,0],[121.47900232168804,25.04627519409692,0],[121.47905182802366,25.04632001629285,0],[121.47909261226711,25.046357795133144,0],[121.4791249281735,25.046388294777763,0],[121.47914473502595,25.046409476244865,0],[121.4791902712056,25.046459419742266,0],[121.47921586041524,25.046488281234044,0],[121.47925364911299,25.04653200543741,0],[121.4793210481913,25.046613483063158,0],[121.47935677088954,25.046658625559747,0],[121.47942032279167,25.04674262969345,0],[121.47944280265479,25.046773565494135,0],[121.47947588518825,25.04682034797955,0],[121.47951350613842,25.04687548953526,0],[121.47951988938735,25.04688592349612,0],[121.47953528249553,25.04691159661546,0],[121.4795853525618,25.046997779494827,0],[121.47963157793286,25.04708071851479,0],[121.47968324051214,25.047180440546246,0],[121.47972350697047,25.047264694563093,0],[121.4797720140526,25.047375679173214,0],[121.4798030234335,25.047453409241285,0],[121.47983498308946,25.047540567927715,0],[121.47985864394231,25.04761085216639,0],[121.47988581749469,25.047699347952612,0],[121.47989633826622,25.047734163783186,0],[121.47990915753668,25.047778542536445,0],[121.47992130535673,25.047824707278515,0],[121.47993642262924,25.047886487401986,0],[121.47995677460193,25.04797960254439,0],[121.47997697608939,25.048088828613526,0],[121.47999124041463,25.048182878119114,0],[121.48000430736778,25.04829300214827,0],[121.48001127688188,25.048371866865388,0],[121.48001832052093,25.04849829163594,0],[121.48002028084517,25.048593217770076,0],[121.48001973765734,25.04867233607357,0],[121.48001721581055,25.048751422572,0],[121.48000624238306,25.048909335929785,0],[121.47998266840517,25.04909798566437,0],[121.47996067778021,25.04922297803324,0],[121.47994091051011,25.049316197671693,0],[121.47987153390032,25.0495549085715,0],[121.47986167945125,25.049597345475426,0],[121.47985581158683,25.049622607048434,0],[121.47984860520319,25.049652811325455,0],[121.47972279531812,25.050161040266325,0],[121.47971803348797,25.05018020428148,0],[121.47961068434624,25.050596250579048,0],[121.47960820695157,25.050611606376773,0],[121.47946089944196,25.051137852359307,0],[121.47942303937982,25.05126755511431,0],[121.4792702669401,25.051765109110345,0],[121.47926709333453,25.05177475234984,0],[121.47926709333453,25.05177475234984,0],[121.47886290372482,25.05290557250414,0],[121.4788402992303,25.052962278742463,0],[121.47883662826897,25.05297147216961,0],[121.47851614150619,25.053709767925856,0],[121.4784933233962,25.053754927839147,0],[121.47817147949955,25.054438236954674,0],[121.47806188765121,25.054651400431087,0],[121.47801315103727,25.054747462941332,0],[121.47801315103727,25.054747462941332,0],[121.47761563637845,25.055531975732695,0],[121.47758986261097,25.05558186671163,0],[121.4769381760652,25.056823665160742,0],[121.47691171766193,25.056876059005216,0],[121.47685245908512,25.056991475073126,0],[121.47685245908512,25.056991475073126,0],[121.47631737750059,25.058036598070885,0],[121.4763097529997,25.058051284176635,0],[121.47603044090353,25.05855123564059,0],[121.47601573534304,25.058576770938547,0],[121.47597164085322,25.05864996595947,0],[121.47589173553374,25.058779322687183,0],[121.47583568211078,25.05886767495031,0],[121.47578914629861,25.0589396050553,0],[121.47576303208693,25.058979425277066,0],[121.47574727433565,25.05900326868375,0],[121.47566891944408,25.059119991325165,0],[121.4756195981314,25.05919375331802,0],[121.47557495431231,25.059258868747005,0],[121.47554667061601,25.059299347066723,0],[121.47552692847681,25.059331140379967,0],[121.47550567792871,25.059358611491845,0],[121.47545147001031,25.05943701214473,0],[121.47539600696955,25.05951468102286,0],[121.47535074083137,25.059576278045714,0],[121.47531048513866,25.059629775862582,0],[121.47529304872042,25.059652587850834,0],[121.47526962925872,25.059682894828867,0],[121.47525193692324,25.05970554274195,0],[121.47521622526288,25.059750625001005,0],[121.4751861341452,25.059787973943564,0],[121.47516822470874,25.059811251547846,0],[121.47513485061675,25.05985460938704,0],[121.4750674266753,25.059940889901217,0],[121.4749991068089,25.060026583696974,0],[121.47491827615643,25.060125807959594,0],[121.47484803632268,25.060210204149264,0],[121.47478883355961,25.060280067915087,0],[121.4746442866627,25.060445983774336,0],[121.47454601255875,25.06055519314504,0],[121.47444622916738,25.06066326111865,0],[121.4743065920047,25.06080995914259,0],[121.47424219865674,25.060875903845513,0],[121.47415109032598,25.060967442763868,0],[121.47409853060789,25.06101933638763,0],[121.47405887483939,25.06105805727023,0],[121.47400568753311,25.0611094176515,0],[121.47396556351241,25.061147736239942,0],[121.47395214453212,25.061160470505172,0],[121.47393098757833,25.06118218743493,0],[121.4738818690011,25.061228890167705,0],[121.47383952098856,25.061268704924867,0],[121.47377557518257,25.061328050509722,0],[121.47371112425495,25.06138694102786,0],[121.47365341365062,25.061438903235786,0],[121.47356611126484,25.06151616167115,0],[121.47352213118496,25.0615544804307,0],[121.47350005944561,25.061573561742787,0],[121.47350005944561,25.061573561742787,0],[121.47347881900038,25.061591555935564,0],[121.47340094577973,25.061663305050057,0],[121.47330725546031,25.06174657837247,0],[121.47324135812727,25.061803248140752,0],[121.47318208310956,25.06185293783942,0],[121.47314470580893,25.06188366392525,0],[121.47310707685176,25.061914134116357,0],[121.47305397754957,25.06195635922976,0],[121.47303107242614,25.06197429999756,0],[121.47299270123658,25.062003992306174,0],[121.47296182913277,25.0620275571226,0],[121.47293080253002,25.06205095299422,0],[121.47288397539523,25.062085728208558,0],[121.47283680695608,25.06212011860663,0],[121.47280517359553,25.06214283038346,0],[121.4727733913601,25.062165369071245,0],[121.47274945767884,25.062182159016647,0],[121.4727334559726,25.062193297804466,0],[121.4727143125171,25.062207740524727,0],[121.4727143125171,25.062207740524727,0],[121.4727143125171,25.062207740524727,0],[121.47257230036219,25.06231162758469,0],[121.47208277882903,25.062639000094304,0],[121.47205815141292,25.062655338011957,0],[121.47155295600365,25.062969577579782,0],[121.47153812934431,25.062977677736757,0],[121.47093177253464,25.063312793425894,0],[121.47088684221464,25.063333438752057,0],[121.47066910737219,25.06344148232269,0],[121.47052423720115,25.0635141573009,0],[121.47050671854393,25.06352334023116,0],[121.47050671854393,25.06352334023116,0],[121.46806988684739,25.064774203533506,0],[121.46769845037825,25.064964982339323,0],[121.46764101092013,25.064993674026926,0],[121.46748939053738,25.065077697607247,0],[121.46746530018576,25.065089582221205,0],[121.46588409321589,25.065898721890733,0],[121.46520693928228,25.066258620079825,0],[121.46452924781428,25.066597941826096,0],[121.4608224798943,25.068486708287573,0],[121.46001882476358,25.068933160105523,0],[121.45996692753121,25.068961535572775,0],[121.45992376527245,25.068985310989216,0],[121.45988068110671,25.069009203616076,0],[121.4598119098257,25.069047675116668,0],[121.45976903048596,25.069071871513962,0],[121.45969204817828,25.06911571834708,0],[121.45964939229746,25.069140240258044,0],[121.4595813105544,25.069179716170353,0],[121.45955583336797,25.069194595901624,0],[121.45953038548221,25.069209517166474,0],[121.45941201833706,25.06927969742115,0],[121.45934170043247,25.069321999812992,0],[121.45929294700916,25.069351599868778,0],[121.45926374912595,25.069369433737705,0],[121.45926374912595,25.069369433737705,0],[121.45801552408159,25.070027693984084,0],[121.4577409889415,25.070165402526083,0],[121.4574034909216,25.07032951654579,0],[121.4568327757546,25.07061363949687,0],[121.45651912584997,25.0707642823769,0],[121.45576978200943,25.071130112428495,0],[121.45540924757044,25.07130965733306,0],[121.45521503295028,25.071409221315776,0],[121.45484806276318,25.071585641964816,0],[121.45411649160364,25.071955289301876,0],[121.45387997351804,25.07207353873082,0],[121.45369016894891,25.0721688805794,0],[121.45352637660167,25.0722509875683,0],[121.453373153598,25.072328137317665,0],[121.45317946432992,25.072425608296633,0],[121.4530385535688,25.072497104287486,0],[121.45278886865702,25.07262200125849,0],[121.45268995849334,25.072671843917664,0],[121.45262125980524,25.072650734783135,0],[121.45247168663104,25.072605259099724,0],[121.45217236306067,25.0725139796081,0],[121.45201785117794,25.07246672059344,0],[121.45185792890766,25.072418814092906,0],[121.4518405887262,25.072414492779192,0],[121.45183115934606,25.07241214269596,0],[121.4518235692195,25.072410251009163,0],[121.45181817062739,25.072408905518092,0],[121.45170115417135,25.072850877627186,0],[121.45166922774136,25.07297136260987,0],[121.4516272005258,25.07313009447949,0],[121.45151180031066,25.07356594454663,0],[121.4514652992788,25.073740266686634,0],[121.45139925904498,25.073987606766597,0],[121.45139925904498,25.073987606766597,0],[121.45132507471706,25.07427370145088,0],[121.4512519113999,25.074547825548223,0],[121.45122684679194,25.074645973213332,0],[121.45121489083122,25.074688640244318,0],[121.4511333397994,25.07500068058923,0],[121.45102592548766,25.075410099931652,0],[121.45091021678583,25.07584609165596,0],[121.45090094201271,25.075883453846554,0],[121.45086337256484,25.076030564134022,0],[121.45086337256484,25.076030564134022,0],[121.45082994350086,25.076159174775526,0],[121.45079997627445,25.076282683735485,0],[121.45074997065362,25.076473692607728,0],[121.45071057241431,25.076632237997938,0],[121.45070174180616,25.076665082747773,0],[121.45061686803197,25.07699424829718,0],[121.4505991926661,25.077065972322323,0],[121.450544486445,25.07721690827582,0],[121.45049785811702,25.077393064518972,0],[121.4503893573161,25.077796872455863,0],[121.4503839309655,25.07781845643223,0],[121.4503393837682,25.077986924065815,0],[121.45033469241142,25.078001035388063,0],[121.45019999491936,25.078264217162296,0],[121.450104086849,25.078451300852656,0],[121.4500405266706,25.078577408119994,0],[121.4499788532429,25.078704289595645,0],[121.44990165074049,25.078855259340834,0],[121.44982878812391,25.078997373901363,0],[121.44970547113999,25.079243224349916,0],[121.44967302789492,25.079306249366464,0],[121.44964436067991,25.0793632907286,0],[121.44962494988557,25.079397630499187,0],[121.4495769598331,25.0794841750334,0],[121.44955897145972,25.079517218294487,0],[121.44952702285569,25.079575829067334,0],[121.44951163477444,25.07960382431543,0],[121.44951163477444,25.07960382431543,0],[121.44949669723786,25.07963832356064,0],[121.44944641597169,25.07975445137487,0],[121.44942120591746,25.07980386634515,0],[121.44940715800527,25.079831402681467,0],[121.44939475126156,25.079855721819715,0],[121.44933215556271,25.07997939148088,0],[121.44927826589739,25.08008722978753,0],[121.44927826589739,25.08008722978753,0],[121.4492273688514,25.080190651187536,0],[121.44920098930884,25.080245800628877,0],[121.44915990236574,25.080333343382144,0],[121.44910249075458,25.080454011957794,0],[121.44904830998516,25.080568106444428,0],[121.44899797640373,25.08067353901012,0],[121.44896867024222,25.080736396630055,0],[121.44895160755775,25.080780150696988,0],[121.44890361411146,25.080891527811797,0],[121.4488594960379,25.08099603405937,0],[121.44881922722594,25.081089208753365,0],[121.44880757295326,25.081117350963353,0],[121.44878571194069,25.08117288298853,0],[121.44875707289967,25.08124379655596,0],[121.44872730532214,25.081315753350797,0],[121.44870317301988,25.08137457807259,0],[121.44867985672184,25.081432799060487,0],[121.44865815004364,25.08148609487019,0],[121.44863594427076,25.081540738492443,0],[121.44861534026009,25.081590151829214,0],[121.44861534026009,25.081590151829214,0],[121.44859148105256,25.08165426474038,0],[121.44854680784151,25.081771295001047,0],[121.44851276480654,25.08186473321686,0],[121.44847938975249,25.08195342542554,0],[121.44842424404898,25.08213343937716,0],[121.44838260748405,25.08228180974158,0],[121.44835858552742,25.082352501156286,0],[121.44834767464863,25.08238351254005,0],[121.44833627480493,25.082414748297996,0],[121.44833286617227,25.082428109596115,0],[121.4483121308649,25.082488075431005,0],[121.4483064151634,25.082504607360242,0],[121.44829977183751,25.08252531214336,0],[121.44828265826203,25.0825786565575,0],[121.44825912124182,25.08265471379091,0],[121.44823780137223,25.08272008005629,0],[121.44823583868104,25.082730985177626,0],[121.4482135439334,25.08280122844837,0],[121.44818928585184,25.08287750165904,0],[121.44818070908238,25.082905167007024,0],[121.44816626309755,25.082951760842313,0],[121.44814592857848,25.083026247230514,0],[121.44812511048903,25.08310050384838,0],[121.44810598007308,25.083168730385555,0],[121.44808468920924,25.083245671470802,0],[121.44808468920924,25.083245671470802,0],[121.44806509837589,25.083321708598415,0],[121.44804745059638,25.083393061009886,0],[121.44802834967234,25.083468871960502,0],[121.44801046349842,25.083541565715407,0],[121.44799405124674,25.083611565862935,0],[121.44797691826135,25.083681559003445,0],[121.44797368987142,25.08369548214269,0],[121.44796172117096,25.08374709767644,0],[121.4479541071363,25.08378071164106,0],[121.44794556025307,25.08381844140485,0],[121.44792986809739,25.083887104280567,0],[121.44792986809739,25.083887104280567,0],[121.44791344961361,25.08395910235651,0],[121.44789790539737,25.084032836795117,0],[121.4478909480758,25.084062776284153,0],[121.44785204428261,25.084259149649004,0],[121.4478390335887,25.08431928699508,0],[121.44783480209287,25.084343247670407,0],[121.44783075124808,25.084373153736713,0],[121.44781194404302,25.08448703340849,0],[121.44781194404302,25.08448703340849,0],[121.44777706764032,25.08470479657373,0],[121.44775932769619,25.08488202736228,0],[121.44775494432514,25.084920433961965,0],[121.44774069927298,25.08504731904376,0],[121.44773928347352,25.085051380068567,0],[121.44771362910343,25.08525565243478,0],[121.44771456006755,25.085260629136453,0],[121.44771279050863,25.08528700764903,0],[121.44770889262097,25.085318500867416,0],[121.44770203388808,25.085384317040354,0],[121.44769412505521,25.08545226885045,0],[121.44767878599565,25.0855947726787,0],[121.44766527192934,25.085814983748595,0],[121.44766050140453,25.085869512826353,0],[121.4476583992523,25.085921568097973,0],[121.44765307303969,25.085990811432268,0],[121.44764960433325,25.086061796084213,0],[121.4476468536342,25.08610822278766,0],[121.44763280705219,25.086336200694472,0],[121.4476333892349,25.086363752143832,0],[121.44762991777108,25.08641565462952,0],[121.4476275895634,25.086459683414393,0],[121.44762177084364,25.08654934466128,0],[121.44762044427623,25.086556339309666,0],[121.44760428276146,25.08687908531052,0],[121.4475881745946,25.08718678082354,0],[121.44758485628559,25.087279397142332,0],[121.44758458094421,25.0873342195132,0],[121.44758088078657,25.08751052769552,0],[121.44757833625147,25.087625378364432,0],[121.44757590678334,25.08775017474465,0],[121.44757579795034,25.087760141756473,0],[121.44757727156404,25.08776516370766,0],[121.44757949011395,25.087816869674068,0],[121.44758358419318,25.08797099563963,0],[121.44758463804585,25.088009729169165,0],[121.44758595871915,25.08801713737497,0],[121.44758840581464,25.08812038519531,0],[121.44759208904527,25.088176983160338,0],[121.44760360655074,25.088400776652787,0],[121.44760360655074,25.088400776652787,0],[121.44760368701556,25.088482422316513,0],[121.44760402884333,25.08855638062416,0],[121.4476061670541,25.088713489337305,0],[121.44762815632546,25.08892345265236,0],[121.44764576034765,25.0890916020155,0],[121.44767878460819,25.089356260338867,0],[121.44773789885085,25.089764350529737,0],[121.44777993282669,25.089998642581772,0],[121.44780199365748,25.090121606490037,0],[121.44789016270215,25.090539539780217,0],[121.44790008035538,25.090581049098315,0],[121.4479051588402,25.09060230459044,0],[121.44793844575226,25.090741623338925,0],[121.44797475840376,25.090893492645122,0],[121.44800823668939,25.09101839455173,0],[121.44804950424316,25.09117236144435,0],[121.44810124107164,25.091356260944934,0],[121.4481499124106,25.091506892128525,0],[121.44824154606016,25.091826079018407,0],[121.44831553502787,25.09206515722385,0],[121.44833152298808,25.092101585042617,0],[121.44837429453652,25.092210856843188,0],[121.44844487419347,25.09240974907079,0],[121.44845107865001,25.0924283011023,0],[121.44846185374985,25.09246051687708,0],[121.44857632644337,25.092815191489397,0],[121.44859508458728,25.092861575274465,0],[121.44864438891376,25.09299514124608,0],[121.4486997211107,25.09314500272759,0],[121.44881878696293,25.09346748709959,0],[121.44888271094159,25.09364063303525,0],[121.4489641882074,25.093861312879895,0],[121.44910584543233,25.094244993220435,0],[121.4491238993788,25.09429389789391,0],[121.4491719011283,25.09442066944444,0],[121.44953788678994,25.095275387552103,0],[121.4495714447813,25.09532908423385,0],[121.4496497493116,25.095473124779513,0],[121.45001256206554,25.09625550908846,0],[121.45013728813129,25.096524465562815,0],[121.45031697881586,25.09688232616342,0],[121.45048962907117,25.097207101912225,0],[121.4507238774565,25.097647755334513,0],[121.45080548438848,25.09778854407827,0],[121.45125661590482,25.098566864718222,0],[121.45141138596613,25.098818945377054,0],[121.45155956361947,25.099060275426492,0],[121.45171541658317,25.099304516066816,0],[121.45176134792486,25.099376501525377,0],[121.45191449922272,25.099616497939696,0],[121.4521119521648,25.099913714549608,0],[121.45224971239726,25.10011466591223,0],[121.45230878398573,25.100200839375457,0],[121.45248002822822,25.100450638645416,0],[121.45248871058288,25.100463305638552,0],[121.45250727146596,25.100490378393243,0],[121.45253266116258,25.100527559816207,0],[121.45254794544354,25.100547952755406,0],[121.45257028398652,25.100577749483826,0],[121.45258938433042,25.1006032226115,0],[121.45264728328006,25.100680452681132,0],[121.45268389200183,25.100724470206814,0],[121.45275746833926,25.100823789232017,0],[121.4529601838785,25.101100485792088,0],[121.45312567648153,25.101314315905718,0],[121.4531654000128,25.10136672892931,0],[121.45317373951492,25.1013777989571,0],[121.45336321175817,25.10162789353228,0],[121.45354832070444,25.101872196137816,0],[121.45363223049299,25.10197440819658,0],[121.4537393947758,25.102112625259487,0],[121.45376904983783,25.102150145501348,0],[121.4538202778953,25.102216724303933,0],[121.45388809206882,25.102304369001068,0],[121.45391701252863,25.102341620617125,0],[121.45392922539817,25.102359801897144,0],[121.45405185394287,25.10251044819094,0],[121.45414226551023,25.102625198091403,0],[121.4542769966408,25.102796210579093,0],[121.45441699788692,25.102973914649144,0],[121.45443955111804,25.10300253676908,0],[121.45464949400849,25.10326899796208,0],[121.45468572675736,25.103320870538873,0],[121.4547354391288,25.103387534903362,0],[121.4547354391288,25.103387534903362,0],[121.4548205451184,25.103501650608354,0],[121.45507855362104,25.1038554186943,0],[121.45515431352042,25.103959668102814,0],[121.45520557759194,25.104030209607608,0]]}},{"type":"Feature","properties":{"cadgeom_type":"CADLWPolyline","thickness":0,"color":"#FFBF00FF"},"geometry":{"type":"LineString","coordinates":[[121.41094877025827,24.970011417074293,0],[121.41081285722414,24.96997732137906,0],[121.41037947846087,24.969890881195994,0],[121.41018878505568,24.969850747184996,0],[121.41008265971955,24.96982867159743,0],[121.40887951847321,24.969588712483077,0],[121.40786831049002,24.969427657537178,0],[121.40786831049002,24.969427657537178,0],[121.40786831049002,24.969427657537178,0],[121.40736024664945,24.96935898190027,0],[121.40682337844477,24.96929767278768,0],[121.40658646901075,24.969275028250507,0],[121.40632142690721,24.969249050333826,0],[121.40621941195897,24.969236945786733,0],[121.40547297849936,24.969181518604426,0],[121.40446167699932,24.969132247220152,0],[121.40445382492935,24.969131967504985,0],[121.40404412889846,24.969117432908362,0],[121.40374475337838,24.96911751874884,0],[121.40374419670853,24.969024180694106,0],[121.40323372645659,24.96902522804057,0],[121.40252406000116,24.969026679374743,0],[121.40202994821907,24.96902867798466,0],[121.40104225755535,24.969034410032094,0],[121.39956164679948,24.96901606073686,0],[121.39855143931865,24.96898201103191,0],[121.39853242403314,24.968981169412853,0],[121.39733711183513,24.96891339487611,0],[121.39731230555284,24.968908477559307,0],[121.39665887782877,24.968665597953983,0],[121.39620517970442,24.968493376683437,0],[121.39589265770937,24.96837018645754,0],[121.39584995428841,24.968354017723403,0],[121.39574470996568,24.96876956476242,0],[121.39571499896678,24.96892082211839,0],[121.39544978880168,24.968895953989698,0],[121.39531775606044,24.96888528524029,0],[121.39522896807277,24.968878105778554,0],[121.39475174606626,24.96883954068662,0]]}},{"type":"Feature","properties":{"cadgeom_type":"CADLWPolyline","thickness":0,"color":"#FFBF00FF"},"geometry":{"type":"LineString","coordinates":[[121.4097621364912,24.96317854149054,0],[121.40959461448892,24.963274152686342,0],[121.40942148618188,24.963361069163327,0],[121.40924329403721,24.96343901857806,0],[121.40924329403721,24.96343901857806,0],[121.40916060955541,24.963475833172986,0],[121.40916060955541,24.963475833172986,0],[121.40892482808692,24.963570037251852,0],[121.40868445802481,24.963654054105852,0],[121.40868445802481,24.963654054105852,0],[121.40827485747418,24.963779662392515,0],[121.40785795258313,24.963883396950255,0],[121.40743514777517,24.963964908323195,0],[121.40743514777517,24.9639649083232,0],[121.40694394929746,24.964021237857967,0],[121.40644998641953,24.9640514046654,0],[121.40644998641953,24.964051404665398,0],[121.40512628474144,24.96405269359658,0],[121.40373330674934,24.964053239885356,0],[121.40349468152866,24.964053078129137,0],[121.40316716849892,24.964058354916023,0],[121.40292323293855,24.964061535220292,0],[121.40169058874807,24.9640667954252,0],[121.40169058874807,24.9640667954252,0],[121.40169058874807,24.9640667954252,0],[121.40131731943433,24.964065716271712,0],[121.40112375977675,24.964066021085085,0],[121.40094698536817,24.964065783899937,0],[121.4003669612224,24.96407931592086,0]]}},{"type":"Feature","properties":{"cadgeom_type":"CADLWPolyline","thickness":0,"color":"#FFBF00FF"},"geometry":{"type":"LineString","coordinates":[[121.40491804830386,24.96405277608969,0],[121.40443427471304,24.964052966613124,0],[121.4041030294528,24.964053096160235,0],[121.40373330674934,24.964053239885356,0],[121.40316690691817,24.964059040408316,0],[121.40292323293855,24.964061535220292,0],[121.40260041040204,24.964062913824332,0],[121.40210059665807,24.964065046883547,0],[121.40169058874807,24.9640667954252,0],[121.40169058874807,24.9640667954252,0],[121.40169058874807,24.9640667954252,0],[121.40131731943433,24.964065716271712,0],[121.40112375977675,24.964066021085085,0],[121.40094698536817,24.964065783899937,0],[121.4003669612224,24.964079315920863,0],[121.39976246253944,24.964098364469322,0],[121.39972503254666,24.964100387967296,0],[121.3997170316225,24.96410081571576,0],[121.39955867984375,24.964110259923267,0],[121.3993650671211,24.964109497256178,0],[121.39931422422141,24.96410749389276,0],[121.39908674414194,24.964104835449994,0],[121.39877808927864,24.964101283574237,0],[121.39858515802898,24.964099931229562,0],[121.3984087836716,24.96410400548104,0],[121.39837471534815,24.964104286215488,0],[121.39835996891128,24.96410440691769,0],[121.39827620442063,24.964105100436026,0],[121.39824805433543,24.964107134857187,0],[121.39822033301323,24.96410699230982,0],[121.39791191103822,24.964105026993916,0],[121.39760337922293,24.96410278145553,0],[121.39745045093957,24.96408951183267,0],[121.39736944118829,24.96408757928593,0],[121.39734702184893,24.964085418148862,0],[121.39716929270925,24.964083969236462,0],[121.39704822722739,24.964071345508998,0],[121.39690680812558,24.964064508893262,0],[121.39651877030981,24.964050510509555,0],[121.39550459737447,24.96397625032039,0],[121.39502504245512,24.96393863833023,0],[121.39492698458349,24.963926222691196,0],[121.39474014304044,24.96390579952528,0],[121.39462060857097,24.963885558914985,0],[121.39452407285219,24.96386595245914,0],[121.3941286368222,24.963801923636538,0],[121.3937132203187,24.96373325187466,0],[121.39341239689952,24.96368189045757,0],[121.39334064526588,24.96366990082892,0],[121.39332442410632,24.96366719004445,0],[121.39314746788382,24.963637629220454,0],[121.39307026842849,24.963622277262846,0],[121.39285625171699,24.96358318072149,0],[121.39285165360873,24.96358231710723,0],[121.39279987549828,24.96357263993747,0],[121.39254305522309,24.9635212148549,0],[121.39219930544968,24.9634528825951,0],[121.39206756534534,24.963427941246167,0],[121.39175348363544,24.96337709887461,0],[121.39131887829552,24.96328088042329,0],[121.39100662236882,24.963190135672985,0],[121.39082395781382,24.963137050306397,0],[121.39068878638436,24.963104180867532,0],[121.39039836919918,24.96303414699593,0],[121.39038605531444,24.963031177495264,0],[121.39032454561598,24.963016297589025,0],[121.38998553128313,24.962913035372246,0],[121.38981466621414,24.962860992224805,0],[121.38951060757472,24.962767684705884,0],[121.38932281662626,24.962625497101666,0],[121.38891628896491,24.96231892224799,0],[121.38882174196091,24.96231524987449,0],[121.38871229191165,24.962365810404332,0],[121.38859317614848,24.96237545166503,0],[121.38834424522688,24.96228944298759,0],[121.38825780904232,24.96225035532491,0],[121.38814946385715,24.96222748924851,0],[121.38805440541479,24.962200764669245,0],[121.38789911782389,24.962168452202157,0],[121.38768393708915,24.96207658119971,0],[121.38766671031227,24.962091404938583,0],[121.38762424300903,24.96207507351527,0],[121.38759462477239,24.9620612444946,0],[121.38748589578734,24.962011370256047,0],[121.38717498533563,24.96183085225684,0],[121.38665781270372,24.961614648134322,0],[121.38591097447353,24.961301987104296,0],[121.38574175509778,24.961220638146873,0],[121.38539526768957,24.96102369808495,0],[121.38504490225012,24.960824564322717,0],[121.38494669294414,24.960768734407733,0],[121.3841147215323,24.960258643781824,0],[121.38321488692367,24.959679582210033,0],[121.38231048167097,24.959109636663044,0],[121.38139898803126,24.958517525293264,0],[121.38056331122755,24.9579571617087,0],[121.38008413774685,24.95762685368686,0],[121.37993086446184,24.957544360976875,0],[121.37950210703244,24.957255866955776,0],[121.37901803694865,24.956936403696357,0],[121.37848140160956,24.95659502914471,0],[121.37809929326747,24.956342815697276,0],[121.37751620556439,24.955997799062658,0],[121.37741782088011,24.955943155590457,0],[121.3773327735458,24.955895432291605,0],[121.37708218079224,24.955755401632157,0],[121.3770682245583,24.955748033747955,0],[121.3769065123507,24.955652724880647,0],[121.37661107863372,24.95549258764366,0],[121.37642184428985,24.955386874982633,0],[121.37623391964107,24.955281872005266,0],[121.37582866561728,24.955051219543964,0],[121.37564180788851,24.954945021376535,0],[121.37540564695738,24.954810787927016,0],[121.37498486689887,24.954586329563515,0],[121.37476457316495,24.954468802654528,0],[121.37466693842059,24.95441966338638,0],[121.37437777865885,24.954269184211203,0],[121.37427922986778,24.954215686306654,0],[121.37416113723381,24.95415392235017,0],[121.37397763091387,24.954058023973026,0],[121.37367834357931,24.953908065399887,0],[121.37354995913282,24.95385182501107,0],[121.3735120147034,24.95383346628337,0],[121.37295779426465,24.953555130625666,0],[121.37249988396806,24.953356127647876,0],[121.37244555525676,24.953332807926753,0],[121.37241938721198,24.953321497672167,0],[121.37239121614682,24.953309316673547,0],[121.37125943206424,24.952860238285066,0],[121.37112069420024,24.95280166518639,0],[121.37037638830864,24.952503948980915,0],[121.37032579503096,24.952477739156254,0],[121.37030700974043,24.952467999156845,0],[121.37023124380977,24.952428733725,0],[121.37011612213553,24.952369071755825,0],[121.36998940611944,24.952303407576085,0],[121.36987872805487,24.95224604563354,0],[121.36903105253998,24.951779009344875,0],[121.36872987993893,24.951604009817636,0],[121.36871994998215,24.95159823821373,0],[121.36844266560084,24.951437109665697,0],[121.36819909779044,24.951288184808046,0],[121.36811270681635,24.951235365945045,0],[121.36778228624954,24.951044492717436,0],[121.36755848506026,24.950895247141197,0],[121.36688600702898,24.950434717860897,0],[121.3666712577253,24.950288337691372,0],[121.36623592763989,24.949992132888866,0],[121.36571691154492,24.949622081920072,0],[121.36566546814565,24.949585544186274,0],[121.36562998148167,24.94956033389588,0],[121.36538222862636,24.949383453880003,0],[121.36531980508917,24.949340794662888,0],[121.36500122803886,24.949119848853915,0],[121.36497121071928,24.949098949571024,0],[121.36457669579731,24.94881773586889,0],[121.36425840743519,24.94859085541621,0],[121.36410300591761,24.948475184841538,0],[121.36393889061924,24.948353027891233,0],[121.36383202835958,24.9482734862183,0],[121.3637772506283,24.948234166205204,0],[121.36368870238498,24.948175989350638,0],[121.36350116476547,24.948039528103678,0],[121.36321228793486,24.947843032281746,0],[121.36311634502829,24.947763892303584,0],[121.36290260129606,24.947601439050285,0],[121.36269497063951,24.947444687222568,0],[121.36255562885076,24.947332629251548,0],[121.36241739233348,24.94721946586872,0],[121.36235944429451,24.947168799905143,0],[121.36224735362255,24.94706803904145,0],[121.36201059403375,24.94687815283361,0],[121.36176970561489,24.946691580632393,0],[121.36173091501323,24.94665678934368,0],[121.3615554019331,24.946520562534744,0],[121.36135509939933,24.94636939054947,0],[121.36115654600361,24.94620663069838,0],[121.3610771467449,24.946141584409336,0],[121.36097742098657,24.946060616203997,0],[121.36055342370297,24.94571194842132,0],[121.3604487556516,24.945616790243403,0],[121.36000626898101,24.945266513397822,0],[121.35995039847663,24.945228566866664,0],[121.35992040975623,24.94520661920324,0],[121.35982480121002,24.94512438531925,0],[121.3597493947058,24.945062994162356,0],[121.3596595275418,24.94498682237557,0],[121.35958242620605,24.944921435670494,0],[121.3595691531923,24.944909866291685,0],[121.35952858960914,24.94487450990434,0],[121.35945021112394,24.944805749613202,0],[121.35939649455472,24.944759202698215,0],[121.35924225896927,24.944627101879878,0],[121.358587270339,24.944049069476424,0],[121.35836268530625,24.94384317686946,0],[121.3582508855604,24.9437359001624,0],[121.35789838660637,24.943390167440494,0],[121.35783116525677,24.94331299214451,0],[121.35756582123864,24.94304391654681,0],[121.35753607758134,24.943013914523394,0],[121.35730923778566,24.942811212681715,0],[121.35693968629455,24.942463288491375,0],[121.35689265876641,24.942410955510727,0],[121.35680484992797,24.942322733208865,0],[121.3566665397941,24.942158649232894,0],[121.35664009483509,24.942132385888723,0],[121.35660120691139,24.94209374737841,0],[121.35654582450125,24.942038743831418,0],[121.3564386790941,24.941923590890465,0],[121.35640786716299,24.941890359042205,0],[121.35628327982697,24.941759687697193,0],[121.3561510803424,24.941866954294934,0],[121.35606322996554,24.94194179622192,0],[121.35584067699325,24.9416980610509,0],[121.3557063805285,24.94157351127644,0],[121.35564177121447,24.941476869595878,0],[121.35545301446068,24.941269175258096,0],[121.35486429223258,24.940637970118953,0],[121.35403949933614,24.939780717362126,0],[121.35339923798189,24.93913737913746,0],[121.35270407677935,24.938408493411835,0],[121.3523183076238,24.93799393974982,0],[121.35212326672969,24.93774265188598,0],[121.3518874213689,24.93743049070318,0],[121.35171149911045,24.937164686160536,0],[121.35154324752321,24.93686100497291,0],[121.3514258525687,24.936606391581353,0],[121.3513176317118,24.936293529280974,0],[121.35125579299883,24.936067846881013,0],[121.35116657277753,24.935724611332116,0],[121.3509969272522,24.935220642709012,0],[121.35095440792864,24.935048662692626,0],[121.35094037677399,24.93495845455405,0],[121.35112881538396,24.934980856869934,0],[121.35110084878929,24.93473233762726,0],[121.35107771303257,24.934527131601865,0],[121.35100233724688,24.93447559399937,0],[121.35099713247476,24.93447123365017,0],[121.35098978633962,24.93446622857326,0],[121.35098286958169,24.934461515853673,0],[121.35096813322882,24.934451769535148,0],[121.35095183955741,24.93444099208771,0],[121.35094365494808,24.934435844599953,0],[121.35087845740983,24.93439199996726,0],[121.35080838803131,24.934344898517246,0],[121.3507817362281,24.934326984617428,0],[121.35076086780519,24.934312958925496,0],[121.35071474061662,24.93428241956914,0],[121.35068870723387,24.934264779084966,0],[121.3506393919977,24.934231787747134,0],[121.35060739460148,24.934210712192648,0],[121.35055815254093,24.934167150735487,0],[121.35054819082109,24.934158467673484,0],[121.35053471782479,24.934146723802883,0],[121.35052608129666,24.934138637760217,0],[121.35051358807199,24.934128232838862,0],[121.35047636477324,24.934096107712822,0],[121.35042949488232,24.93405498115645,0],[121.350391142575,24.93402084330742,0],[121.35038281153516,24.93401374087087,0],[121.35035892736043,24.933992960248307,0],[121.35033240011884,24.93396997885638,0],[121.35030190744433,24.93394309907408,0],[121.350288116208,24.933931096619055,0],[121.3502666607761,24.933912250485854,0],[121.35024413274343,24.93389282241749,0],[121.35015751803283,24.933816910600267,0],[121.35006160391117,24.933733157670087,0],[121.35005459483051,24.933726778654762,0],[121.35002344105504,24.933699758294495,0],[121.35000837438314,24.93368737073052,0],[121.34990282775377,24.933562408532815,0],[121.34984517499657,24.933494206719928,0],[121.34981431844129,24.933457178576553,0],[121.3497655233299,24.93340463497378,0],[121.34970879079366,24.933344344238073,0],[121.34964829320441,24.93327948965361,0],[121.34959895887548,24.933251517037647,0],[121.34956609001821,24.933232848659987,0],[121.34952951919408,24.933212257015565,0],[121.34950356150108,24.933197846397793,0],[121.34944335363612,24.93316301874866,0],[121.34943825946479,24.933159958412308,0],[121.34940063059909,24.933139952469986,0],[121.34926886593709,24.933068861996116,0],[121.3492438230899,24.93305560784354,0],[121.34926551405883,24.933023929215828,0],[121.34921901372348,24.93299102338054,0],[121.34919451246331,24.932973013238364,0],[121.34917336475509,24.93295826357547,0],[121.34904367342713,24.932845106662803,0],[121.34903184581576,24.932834128737156,0],[121.34898163182159,24.93279032307521,0],[121.34894549057691,24.93275848650395,0],[121.34893553961028,24.9327497500535,0],[121.34890688785003,24.9327246485211,0],[121.34884082628544,24.932682644839026,0],[121.34882070220442,24.93266985062693,0],[121.34880060375701,24.932657217908346,0],[121.34878343097274,24.932651477090396,0],[121.34874753501305,24.932639300897122,0],[121.34874174077247,24.932637142026586,0],[121.34873573413896,24.932635439150747,0],[121.34869743746985,24.93262224447858,0],[121.34864437801227,24.93260457386873,0],[121.34862536766236,24.932598314022112,0],[121.34861194139252,24.932593619913057,0],[121.34860487530823,24.932590823918297,0],[121.34859894296166,24.932589307594572,0],[121.34858325639945,24.932584109914607,0],[121.34856898425618,24.93257954690582,0],[121.348559516295,24.932576248879236,0],[121.34854850367039,24.932575140902888,0],[121.34848629171819,24.932566517368752,0],[121.34840078718598,24.932554409596584,0],[121.34836664115016,24.932538440670072,0],[121.34835080216342,24.932531057831962,0],[121.3483371722169,24.93252477016641,0],[121.34833392006576,24.93252285627185,0],[121.34830464549486,24.932509238157166,0],[121.34827983350506,24.932497982632878,0],[121.3482271827952,24.93247495518885,0],[121.34818644674462,24.932449561094124,0],[121.34815172652321,24.93243451561137,0],[121.34812707505189,24.932423275591905,0],[121.34801688581967,24.932374197183663,0],[121.34799934384138,24.93236627301684,0],[121.34799401952071,24.93236330304662,0],[121.34798388806232,24.932359433744736,0],[121.34797333414359,24.932354712235544,0],[121.34792282261806,24.932332293535858,0],[121.34789823037035,24.932318816833817,0],[121.34788390379366,24.93231059020684,0],[121.34785404892153,24.932294197417505,0],[121.34782610567521,24.932278832521867,0],[121.34777079712732,24.93224840799508,0],[121.34776125593642,24.932243096873375,0],[121.34770593690321,24.932212558609162,0],[121.34767107494706,24.932193255772386,0],[121.34760322083199,24.93215562941005,0],[121.34756211680156,24.932132637491993,0],[121.34751266729184,24.932105535277667,0],[121.34749242112184,24.93209392417516,0],[121.34743937992488,24.93206473078041,0],[121.34741783076113,24.932052028540923,0],[121.34736573226243,24.932023390662405,0],[121.34734780276172,24.93201355048642,0],[121.34731423316401,24.93199481417981,0],[121.34731000920094,24.931992075798068,0],[121.3472842771037,24.93197780868814,0],[121.34726734203763,24.931967658876257,0],[121.3472603461968,24.93196337549534,0],[121.34725189664071,24.931957779558726,0],[121.34723856630046,24.93194992940673,0],[121.3472238375046,24.931940914518705,0],[121.3472083911243,24.931931035201007,0],[121.34716918959074,24.931907359303388,0],[121.34715619360996,24.931898900021263,0],[121.34714299337789,24.93189075494551,0],[121.34713212020336,24.93188356097735,0],[121.34711541943781,24.931873338771524,0],[121.34710497089837,24.931866667457644,0],[121.3470646680648,24.93184129006904,0],[121.34704391908943,24.931828233878047,0],[121.34703222784348,24.931820816952985,0],[121.34701786561635,24.93181183561224,0],[121.34701339671265,24.931808842811353,0],[121.34695290458933,24.931770627884728,0],[121.34694911188451,24.931767803593523,0],[121.34689376336047,24.931733565244304,0],[121.34685116605529,24.93170683657235,0],[121.34684068902153,24.931700567139053,0],[121.34680524119823,24.931678154571777,0],[121.34679140148464,24.93166911398692,0],[121.34678237009092,24.931663579316634,0],[121.3467237124356,24.931627300829465,0],[121.34670570211377,24.93161641001073,0],[121.34658121224099,24.93153627168611,0],[121.3465368851528,24.931496220986947,0],[121.34649234523596,24.931450719495512,0],[121.3464420084208,24.931400237457403,0],[121.34636114681975,24.93135436640304,0],[121.3462946628999,24.931317234356523,0],[121.34625277457424,24.93127528851347,0],[121.34619557806113,24.931218812833617,0],[121.34615099781942,24.931203991731135,0],[121.34615097546357,24.931203982417912,0],[121.34600225327652,24.931332181937414,0],[121.34580592384748,24.931490854126935,0],[121.34564666275072,24.931382980070193,0],[121.34520713445144,24.9310852024867,0],[121.34490184715692,24.930878806366618,0],[121.34454314455907,24.93063607570491,0],[121.34435509169072,24.930509762777167,0],[121.34393105604438,24.930202815388345,0],[121.34380392863017,24.930110792683895,0],[121.34374190001647,24.930062047015195,0],[121.34363964473367,24.92995403079777,0],[121.34373949470061,24.929892286794153,0],[121.34387334509151,24.929810133730598,0],[121.34364517797736,24.92961129917553,0],[121.34335853133072,24.929216809298403,0],[121.3431514590582,24.92891855463507,0],[121.34308518957886,24.92883891411079,0],[121.3429809614268,24.928694522466554,0],[121.34275587504911,24.92838400617049,0],[121.34265842897611,24.92845674671666,0],[121.34265842897611,24.92845674671666,0],[121.34255717803416,24.928346646642133,0],[121.34244913956014,24.928242048223865,0],[121.34233467241503,24.92814329888074,0],[121.34221415680963,24.928050726603455,0],[121.34221415680963,24.928050726603455,0],[121.34204097061318,24.927953966649746,0],[121.34202247079686,24.927896327065977,0],[121.34200438273349,24.92783722187113,0],[121.34192087249866,24.927777255801743,0],[121.3417404946778,24.92772198905109,0],[121.34171214102643,24.927705436368335,0],[121.34162478575313,24.927652108630195,0],[121.34156863100561,24.92761776846199,0],[121.3414725826428,24.92755942557057,0],[121.34141391849089,24.92757125090081,0],[121.34136261005087,24.927536078041324,0],[121.34130084799395,24.927493098174597,0],[121.34113985848589,24.927455616288203,0],[121.34102902963758,24.92742993258999,0],[121.34097646623573,24.927404491481894,0],[121.34089906827887,24.92736685532035,0],[121.34082028589367,24.927313646316957,0],[121.34063844715186,24.92716429320279,0],[121.34043773707727,24.927018127910454,0],[121.34031017406467,24.926892881417146,0],[121.3400785051983,24.926709103084793,0],[121.3398775685092,24.926588337036637,0],[121.33984527626886,24.92654113659895,0],[121.33963538634087,24.926395669625954,0],[121.33954437721589,24.926352025404285,0],[121.33950327564789,24.92633639125662,0],[121.33937878644353,24.926282382370594,0],[121.33925784696052,24.926199861209913,0],[121.33913941717891,24.92611789028438,0],[121.339125088791,24.926106312278602,0],[121.33906198799825,24.926083532258716,0],[121.33890463940445,24.926038331600346,0],[121.33864142877819,24.92594360357678,0],[121.33863570038768,24.92592105710771,0],[121.33849465945518,24.925879728387017,0],[121.33819972873185,24.92576507595624,0],[121.33796263588337,24.925663816804242,0],[121.33773385376202,24.925623776990218,0],[121.33746045613474,24.925554800910284,0],[121.33726322724725,24.925517642208987,0],[121.33713594645124,24.92545881473565,0],[121.33680570844594,24.925361230467452,0],[121.33654646959049,24.92526002791878,0],[121.3361799834694,24.925121264118005,0],[121.33580562052498,24.924975350370527,0],[121.33564165316355,24.92481553695136,0],[121.33552739649099,24.924704375153745,0],[121.33546009368855,24.924638931800853,0],[121.3353984760337,24.92470539916719,0],[121.33529795990317,24.92476276074582,0],[121.33524639315911,24.924741576311618,0],[121.33517519883596,24.92468945353027,0],[121.33497015183661,24.924499456438863,0],[121.3347432635972,24.924269438084394,0],[121.3340460966036,24.92382041850654,0],[121.33391969291759,24.923786450399874,0],[121.33331241227395,24.92352269666173,0],[121.33332168694099,24.9234506079448,0],[121.33304459152873,24.92333012483786,0],[121.33304459123097,24.92333012462727,0],[121.33304459123097,24.92333012462727,0],[121.33267655153551,24.923157848095467,0],[121.33208489246147,24.922886305404578,0],[121.33193246400651,24.922814101077563,0],[121.3319261297517,24.922808011328463,0],[121.33188641138096,24.92276982599488,0],[121.33171278662044,24.92256834491938,0],[121.33159961400946,24.92246599632703,0],[121.33149223807798,24.922374285104542,0],[121.33144610341243,24.92233492026639,0],[121.33122983413664,24.922151590847132,0],[121.33096950371821,24.92208999825542,0],[121.3309779125913,24.922054073766393,0],[121.33095436095715,24.922028702013648,0],[121.33089999987358,24.922048314671873,0],[121.33081357295684,24.922057525381963,0],[121.33051944019832,24.92204723217261,0],[121.32996101399014,24.921832175065653,0],[121.32984309857167,24.9217761163514,0],[121.32929507334353,24.921657791438843,0],[121.32884131694459,24.92144692182236,0],[121.32846919068666,24.921223942332333,0],[121.3280665242522,24.92105345914876,0],[121.32742908582777,24.920881476117682,0],[121.32677885758787,24.92077718604389,0],[121.32609286184358,24.9207680269771,0],[121.32591202846594,24.920691183131442,0],[121.32560125448666,24.920562701648926,0],[121.32546991450477,24.92050557915235,0],[121.32533732088127,24.920447365786433,0],[121.32533732088127,24.920447365786433,0],[121.325055926068,24.920322177687492,0],[121.32470984668974,24.920161689992998,0],[121.32440889126103,24.92001907229203,0],[121.32440063318839,24.9200149209056,0],[121.32430754463283,24.919968159593576,0],[121.32411557735668,24.919861009064082,0],[121.3237478348424,24.91964455282876,0],[121.3237719169801,24.919486900907806,0],[121.32377286019586,24.919480709565967,0],[121.32379144022804,24.919355710227205,0],[121.32371399976381,24.919311768494296,0],[121.3236135012718,24.919254467467205,0],[121.32352388152704,24.91920424695303,0],[121.32346301204775,24.919170133067357,0],[121.32344201459425,24.91915798021165,0],[121.32343827739906,24.919156496566284,0],[121.32304786690769,24.919001394523665,0],[121.3230369235554,24.918888535986863,0],[121.32289571208776,24.918827254654836,0],[121.32269903466832,24.918742273835903,0],[121.3225752692545,24.91868829664361,0],[121.32256573325247,24.91868448853456,0],[121.32253064230062,24.91872181026712,0],[121.3224348297292,24.918654904533796,0],[121.32232324518482,24.918575949304827,0],[121.32225658509148,24.91860057120001,0],[121.32212088659654,24.918532675438797,0],[121.32204379176645,24.918475372021835,0],[121.32204164438618,24.918475937651888,0],[121.32190917041893,24.918461888095013,0],[121.32185344509169,24.91841952230094,0],[121.32165296713968,24.918265970542052,0],[121.32148654997387,24.918137157635254,0],[121.32134664112449,24.918028013087092,0],[121.32133462660155,24.91801900398596,0],[121.3212454595415,24.91795213984283,0],[121.32123860887646,24.917947002936604,0],[121.32118755661931,24.917905866772536,0],[121.32108405567179,24.917822927004185,0],[121.32107902069343,24.91781852334579,0],[121.3210612411203,24.917802973997,0],[121.32105732170358,24.917799275075538,0],[121.32100443996426,24.917749371091826,0],[121.32084873662703,24.91760081799143,0],[121.32080370217824,24.917556894259327,0],[121.32064594172353,24.917405858999405,0],[121.32063542335501,24.917396493850905,0],[121.3206250850337,24.917387288618816,0],[121.32049357775743,24.917260870669168,0],[121.32036923107147,24.917139002227575,0],[121.32004242828886,24.91685281997408,0],[121.31970471820964,24.916460838848398,0],[121.31940292661167,24.91611612747342,0],[121.31915230797162,24.915774830798146,0],[121.31890796029896,24.915454527731594,0],[121.31882837422634,24.915341173277906,0],[121.31844553524931,24.914809076664675,0],[121.31816630999562,24.91437846636976,0],[121.3181136551944,24.914208305927826,0],[121.31809822564547,24.914040175927088,0],[121.31805044452835,24.913860937761054,0],[121.31812060861662,24.913831650061926,0],[121.31811487309453,24.913802633370207,0],[121.31808949632466,24.913782460905985,0],[121.31807658884355,24.913721456472054,0],[121.31812784214753,24.913613470397358,0],[121.31811393522592,24.91351748082653,0],[121.31808991389993,24.91350134281823,0],[121.31807670960748,24.913455840772883,0],[121.31805366116647,24.913435919112324,0],[121.31806000444415,24.913396325091046,0],[121.3180899211635,24.913360618761647,0],[121.31808167245305,24.913306737329307,0],[121.3180089507554,24.913156847375856,0],[121.31800433386799,24.91300485511617,0],[121.31797662555893,24.912986044842036,0],[121.31792424210487,24.912567509694227,0],[121.31795611859917,24.91254402207607,0],[121.3179893588782,24.91241147751834,0],[121.3179937869229,24.912354661393593,0],[121.31793257954996,24.912201282017573,0],[121.3179150905071,24.912152556915306,0],[121.31788795894727,24.912108039656516,0],[121.31785740334992,24.91207090965815,0],[121.31784622499958,24.912054853901957,0],[121.31780112815358,24.911983923584724,0],[121.3176170952596,24.91172612143875,0],[121.31735099193294,24.91156399611228,0],[121.31713717040927,24.91131700955126,0],[121.31708379051946,24.911285713237834,0],[121.31705187020944,24.91122227532589,0],[121.31694733254437,24.9111187972966,0],[121.31686679810181,24.91111854407602,0],[121.31660411729686,24.910892380694314,0],[121.3164710414841,24.91086336595141,0],[121.31632306715403,24.910776266866804,0],[121.3162264881482,24.91066826626718,0],[121.31607669309916,24.91053470160853,0],[121.31605970357106,24.91045628982613,0],[121.31603898439937,24.910413828012135,0],[121.31594042566907,24.910383439557894,0],[121.31585638042168,24.91032996176504,0],[121.3158212239476,24.91030546089864,0],[121.31565733507112,24.91034010672803,0],[121.3155542546122,24.91033395079013,0],[121.31528807347962,24.910092236502546,0],[121.31518154147143,24.910001608834346,0],[121.31500339995279,24.909955380540875,0],[121.31441797631334,24.909453935491502,0],[121.31424458483202,24.909379795285826,0],[121.31420045877586,24.909327460298833,0],[121.31414835058074,24.90929733392791,0],[121.31413258841377,24.909265216975783,0],[121.31413558094727,24.909248545531966,0],[121.31401145163301,24.909164984832877,0],[121.31393886099417,24.909128325913343,0],[121.3138483679208,24.908903126197117,0],[121.3137366612347,24.908671836770424,0],[121.31360467839625,24.90853747370223,0],[121.31349457586575,24.90846276034831,0],[121.31329737185719,24.908397339543203,0],[121.31295175760756,24.908403382789764,0],[121.3129715459488,24.90833640466772,0],[121.31281220334104,24.908371308679307,0],[121.31281928649726,24.90832226957849,0],[121.31278166044146,24.90831118034265,0],[121.31278196785514,24.908276050168585,0],[121.31256782299957,24.908224928796894,0],[121.31255334777543,24.908255475142884,0],[121.31249992572,24.908261482621672,0],[121.31242680995169,24.908238495975613,0],[121.31238564351875,24.908334978491744,0],[121.3122857826772,24.90828182067966,0],[121.31222238057059,24.908248970004912,0],[121.31223852721126,24.90819865801762,0],[121.31216751033453,24.90813032781448,0],[121.31189362787323,24.9080441397456,0],[121.31181113926603,24.908039687650188,0],[121.31170471880814,24.908046916115296,0],[121.3114383936587,24.907955852128158,0],[121.31140965638606,24.907928537993257,0],[121.3114012471804,24.90787718954703,0],[121.31140092995393,24.907875252492047,0],[121.31137892223946,24.907858947987723,0],[121.30815415265707,24.906259750219075,0],[121.30824474187824,24.906182625049972,0],[121.30812803461424,24.90609703305376,0],[121.3079964119186,24.905992548209145,0],[121.30797749811344,24.90598206915904,0],[121.30785012272791,24.905913607805587,0],[121.3077920973429,24.905879329290837,0],[121.30772565206266,24.905854782693893,0],[121.30760036614814,24.905758554445697,0],[121.30750198437295,24.90570139074472,0],[121.3073431292623,24.905612661853457,0],[121.30733742213259,24.905578600382054,0],[121.30719331469093,24.90548088475776,0],[121.30716523825771,24.905455988038508,0],[121.30703830170958,24.905336442314326,0],[121.30700073627322,24.905261258774523,0],[121.30696826741628,24.90515743563787,0],[121.306930844328,24.90508373244485,0],[121.30689488593241,24.90500985468831,0],[121.30691352220326,24.904972258147072,0],[121.30688483000844,24.904934470064063,0],[121.30689909944667,24.904904358034134,0],[121.30686726319615,24.904844113721666,0],[121.30681736491343,24.90481748322249,0],[121.30672519159752,24.90472450856278,0],[121.30652569077728,24.90466719996693,0],[121.30640457652184,24.90464794740106,0],[121.30634826390943,24.904649444399826,0],[121.30629416758916,24.904682572390968,0],[121.30612599223016,24.90469922290847,0],[121.3059729018667,24.904602941973135,0],[121.3058803035207,24.904529983650114,0],[121.30582878922549,24.90444598958187,0],[121.30576515127106,24.90438720059334,0],[121.30564463392545,24.904316746041065,0],[121.30562856593122,24.904344189228965,0],[121.3055542899025,24.904371182858608,0],[121.3055133561962,24.904362825125627,0],[121.30547060111843,24.90441883468281,0],[121.30544775063345,24.90442957111445,0],[121.30527877048152,24.90438859394888,0],[121.30522654151072,24.904331794717255,0],[121.30515042698768,24.904259298769656,0],[121.30502818743417,24.904168614557808,0],[121.3049933775907,24.90417885172453,0],[121.30494131381384,24.904189187351665,0],[121.30485338517315,24.904239682420737,0],[121.30479226710057,24.90421917737326,0],[121.30469224773073,24.904155234793958,0],[121.30444695543895,24.904053542940165,0],[121.30442806232466,24.904014939874177,0],[121.30442792625908,24.90386666647098,0],[121.30441858885575,24.90372438865276,0],[121.30445981667289,24.903634859996075,0],[121.30447881546594,24.903555172529554,0],[121.30451525373809,24.90341389371757,0],[121.30452663753958,24.903398123145877,0],[121.30434475366415,24.90324491368049,0],[121.30426666222893,24.903217527268293,0],[121.30414259718683,24.903164891779678,0],[121.30410068359096,24.903148301735012,0],[121.30310845389572,24.90303909990768,0],[121.30305444395202,24.903095510847074,0],[121.30280327561964,24.903184725061426,0],[121.30226319715709,24.903210522032925,0],[121.30195365103351,24.90293759607967,0],[121.30205740738417,24.902846399833813,0],[121.30152635758186,24.902345370040035,0],[121.30155545377234,24.90233415720748,0],[121.30169522308628,24.901664606873464,0],[121.30186972322022,24.901128191418326,0],[121.30180293278772,24.900907265647444,0],[121.30175544648611,24.900951522582652,0],[121.30173955738243,24.900939454620463,0],[121.30179247548017,24.900885221338825,0],[121.3016737147468,24.900549586175817,0],[121.30166450299112,24.90046980257995,0],[121.30158182458591,24.90040322260046,0],[121.30150341015543,24.900241889693774,0],[121.30146260939243,24.90003084247878,0],[121.30122479637531,24.89969212729511,0],[121.30094212896793,24.899816565254984,0],[121.30094212809561,24.89981656572176,0],[121.30091627180987,24.899847499037122,0],[121.30087486849675,24.89988464157713,0],[121.30082620831442,24.899916927371105,0],[121.30075538807871,24.899936603625743,0],[121.30074807902793,24.899937337212144,0],[121.30069466319172,24.899826825123405,0],[121.30075803512814,24.899806111070703,0],[121.30075803512811,24.899806111070703,0],[121.30076543586974,24.899803404478636,0],[121.30077261911079,24.89980024783743,0],[121.30077955199711,24.899796655584698,0],[121.30078620281964,24.899792644150406,0],[121.30079254115935,24.899788231881754,0],[121.30079853802648,24.89978343895924,0],[121.30080416599309,24.899778287304375,0],[121.30080939931837,24.899772800479393,0],[121.30081421406669,24.899767003579502,0],[121.30081858821673,24.899760923118134,0],[121.30082250176245,24.89975458690561,0],[121.30082593680446,24.899748023921987,0],[121.30082887763189,24.899741264184517,0],[121.30083131079431,24.899734338610344,0],[121.30083322516322,24.89972727887511,0],[121.30083461198292,24.899720117268018,0],[121.30083546491059,24.899712886544247,0],[121.30083578004523,24.899705619775073,0],[121.30083578004523,24.899705619775073,0],[121.30084576857986,24.899669671109315,0],[121.30085321338687,24.89963321295626,0],[121.30085808392562,24.89959639488866,0],[121.30086036021655,24.899559367955735,0],[121.30086003292338,24.899522284063405,0],[121.30085710339112,24.899485295351226,0],[121.30085158364076,24.89944855356806,0],[121.30084349631971,24.89941220944963,0],[121.3008028600056,24.899245276511685,0],[121.30076292556467,24.899080384937207,0],[121.30071647130782,24.89886567177994,0],[121.30068592546536,24.898733583761125,0],[121.30062271379403,24.898462864555686,0],[121.30060876604868,24.89841006617886,0],[121.30060876604868,24.89841006617886,0],[121.30059443814118,24.898363305127695,0],[121.30057666146472,24.89831753956512,0],[121.30055551811026,24.89827298082238,0],[121.30053110571474,24.898229834657794,0],[121.30050353701019,24.89818830030665,0],[121.30047293930298,24.898148569561148,0],[121.30037431532054,24.89801364984997,0],[121.30037431532054,24.89801364984997,0],[121.3002991274063,24.897897240339297,0],[121.30023188583176,24.897776854655834,0],[121.30023188583176,24.897776854655834,0],[121.30017019163165,24.89764810635472,0],[121.30011694207367,24.897516259395136,0],[121.30009932930695,24.89746172859206,0],[121.3000404415824,24.89726288998079,0],[121.30003143449159,24.897265584042525,0],[121.29999403295433,24.897152587169856,0],[121.29999647229731,24.89715153222632,0],[121.29995000432913,24.89708283403935,0],[121.29991729864761,24.897041111293984,0],[121.29982566121681,24.896905526546192,0],[121.29975630872649,24.896796441756784,0],[121.29969906167146,24.89670486060559,0],[121.29969172445954,24.896690425376757,0],[121.29968438724933,24.896675990147532,0],[121.2996757511429,24.89666069810989,0],[121.29966574661174,24.896646979149722,0],[121.29965346397783,24.896633649806862,0],[121.29963964933916,24.89662174483297,0],[121.29962548697992,24.89661200059499,0],[121.29960319306994,24.896599984277568,0],[121.29956147533838,24.89662323950568,0],[121.29949926551537,24.896681841348514,0],[121.29906753152683,24.896606199481074,0],[121.29856659470029,24.896590599145654,0],[121.29818130720537,24.896524133994102,0],[121.29816608720743,24.896511032942552,0],[121.29812411798707,24.896518594674728,0],[121.29786457661542,24.8964798384142,0],[121.29718156536694,24.896569611494172,0],[121.29717577867969,24.896566684177618,0],[121.29712842886711,24.896645972655385,0],[121.29711560120718,24.89666745295114,0],[121.29659110981515,24.896695890273463,0],[121.29624890446728,24.896577804343504,0],[121.29544573821421,24.89638851981005,0],[121.29531832749535,24.89631764239344,0],[121.29530861517325,24.89631219940536,0],[121.29521430066785,24.89625973093014,0],[121.29482070776596,24.896087165059303,0],[121.29441667344591,24.895910594147356,0],[121.2941943212473,24.895670667065293,0],[121.29364315266079,24.89506320755347,0],[121.29342322115835,24.895239273579154,0],[121.29339505893373,24.895267966969566,0],[121.29332737595952,24.895197121933386,0],[121.29297380186057,24.894831730912067,0],[121.29271477683191,24.894564277197976,0],[121.2924347552526,24.894274497746345,0],[121.29221003112531,24.894042690780072,0],[121.2919551285952,24.893779653453624,0],[121.29172516637773,24.89354287671821,0],[121.29151160310376,24.893321663002826,0],[121.29094437232897,24.89273515058046,0],[121.29061978034862,24.892399519910857,0],[121.29069372210299,24.892396956961136,0],[121.29047126930267,24.89214892256495,0],[121.29034127704747,24.892029716420897,0],[121.29002053369403,24.891744821487023,0],[121.28972652948889,24.89149799655122,0],[121.28927543866281,24.891145644067823,0],[121.28884660338687,24.890781393204996,0],[121.2885537807696,24.890529651160907,0],[121.28783071369391,24.889966503263913,0],[121.28740683338997,24.889655623845997,0],[121.28722131972192,24.88951416295555,0],[121.2869576933002,24.889302629888906,0],[121.28675917677508,24.889117823945973,0],[121.28650753499224,24.88890933745527,0],[121.28628654684921,24.888726627503743,0],[121.28610193313794,24.8886278741517,0],[121.28583050025348,24.888402193213235,0],[121.2854653725367,24.88807494762252,0],[121.28522001581531,24.887877074593217,0],[121.28509994243717,24.88776769135641,0],[121.28502824761809,24.88770193496251,0],[121.28483433705986,24.887486394140407,0],[121.2847331508271,24.887356550357154,0],[121.28462589219771,24.887205543046484,0],[121.28452050045381,24.887033025919646,0],[121.28445538737991,24.886900209803766,0],[121.284412263036,24.886825402790887,0],[121.28438214320953,24.88673214698138,0],[121.28436225422462,24.88664193382618,0],[121.28435709345705,24.88660208589521,0],[121.2843370488699,24.88645493775224,0],[121.28433860026055,24.88613495868838,0],[121.28435353537986,24.886123066974235,0],[121.28435787753617,24.885830017947296,0],[121.28435777962933,24.88539675333834,0],[121.2843662702056,24.884788250651418,0],[121.28436841866156,24.884465315088427,0],[121.28436842503608,24.88405061973684,0],[121.28437193961679,24.883701065044313,0],[121.28437258701355,24.883477823461945,0],[121.28437254412036,24.88343100943013,0],[121.2843719072721,24.88277925087711,0],[121.28436102457508,24.88241765928296,0],[121.28436729818922,24.882204322845265,0],[121.28433948271999,24.881863631899243,0],[121.28431060712667,24.881588063815407,0],[121.28426116229494,24.881253053033472,0],[121.28419820904074,24.880999766862786,0],[121.28411494901884,24.8807115896329,0],[121.28403637467206,24.880454851600632,0],[121.2839258433936,24.880160124102687,0],[121.28374927826961,24.879750942625325,0],[121.2836838578011,24.879629819757575,0],[121.28353411780589,24.879384557295065,0],[121.28346443023268,24.879263823702416,0],[121.28333076307344,24.879029160450283,0],[121.28324561205876,24.878888131864727,0],[121.28323106781014,24.878867015226987,0],[121.28310906187414,24.87869657920304,0],[121.28304435188669,24.878605769962054,0],[121.28293490506721,24.87846364984921,0],[121.28273137688298,24.87822633276686,0],[121.28257859132965,24.878049889022975,0],[121.28230586254543,24.877737967107315,0],[121.28204878624189,24.877443644217223,0],[121.28197836606599,24.87736120967628,0],[121.28188657781092,24.877239985588925,0],[121.28175226043226,24.877036767174452,0],[121.28159880031961,24.876779806053136,0],[121.28146934072318,24.8764895642008,0],[121.28133983733586,24.87616352900445,0],[121.28125096709765,24.875905472584947,0],[121.28116016374541,24.875513689114033,0],[121.28105909409084,24.875136820437586,0],[121.2810000911576,24.87492160088395,0],[121.2809376966717,24.87467961960864,0],[121.2808742649992,24.874441398248514,0],[121.28081338146094,24.87420934783843,0],[121.28063471450436,24.87353469231423,0],[121.28063334795904,24.87352995493824,0],[121.28084940632951,24.87337125873454,0],[121.28080432305093,24.87318208342708,0],[121.2805849097376,24.87332664366645,0],[121.28047415375822,24.872935377462813,0],[121.2805724404792,24.872906085038565,0],[121.28057122687783,24.8728858003553,0],[121.28050674744333,24.872824513211235,0],[121.28049247280869,24.872820388324406,0],[121.2804835948453,24.87281535169558,0],[121.2804736188162,24.87280721563917,0],[121.28045374282497,24.872796598754018,0],[121.28044218346456,24.872789468755112,0],[121.28042469831736,24.872777129608295,0],[121.28040405214418,24.872759217664665,0],[121.28036881983027,24.872737295691245,0],[121.28034633755907,24.87271736175559,0],[121.28031584652403,24.872695781780262,0],[121.28029027068723,24.8726727267166,0],[121.28026419992166,24.872653042711157,0],[121.28021756230741,24.872606407281324,0],[121.28017655579508,24.87255311721212,0],[121.28016830637178,24.87253856964632,0],[121.28015881372586,24.872524281185772,0],[121.28014447384302,24.872495185280393,0],[121.28012525487543,24.87246485417702,0],[121.28011019079864,24.872433545887887,0],[121.28010049978664,24.872407270923066,0],[121.28009292876392,24.872385232288707,0],[121.28008434247377,24.872366989051955,0],[121.28007718195184,24.872345183160697,0],[121.28006946175212,24.8723219190687,0],[121.28006250482275,24.872296734785646,0],[121.2800560488148,24.872269537914136,0],[121.28005434450303,24.872259047172935,0],[121.2800496514306,24.872224632235163,0],[121.28004812028348,24.872208665641914,0],[121.28004726365938,24.87219460315659,0],[121.28004635670787,24.87217970963474,0],[121.28003896690652,24.872160098218703,0],[121.28003155727204,24.872135969845413,0],[121.28002527494446,24.87210234177259,0],[121.2800335777873,24.87209275276159,0],[121.28004386078662,24.87208658602616,0],[121.280070057461,24.87207070719727,0],[121.28009069016804,24.87204324208418,0],[121.2801135064617,24.872020526800753,0],[121.28013967867972,24.872001534638283,0],[121.2801713886094,24.871983368101663,0],[121.28018678319474,24.871975519278248,0],[121.28019385811427,24.871972956617714,0],[121.28023082783396,24.871961906727396,0],[121.28026855979742,24.871955523779143,0],[121.28027882018888,24.871953384502287,0],[121.28031175896304,24.871947639193987,0],[121.28033144234251,24.87194385024239,0],[121.28036083648233,24.871936158503857,0],[121.2803817310413,24.8719298382354,0],[121.28039519517367,24.871921522547243,0],[121.28041437759445,24.871909152993982,0],[121.28042396133704,24.871901813376063,0],[121.2804319480034,24.87189623897971,0],[121.28044937241881,24.87187751619497,0],[121.28046538422329,24.87186307225408,0],[121.2804781871265,24.871850915745092,0],[121.28048686113078,24.871843429978792,0],[121.28047234264346,24.871782093527653,0],[121.28020349697552,24.870796283226202,0],[121.27999172767593,24.86995083021595,0],[121.2798890351273,24.869565200072195,0],[121.27980583508733,24.869255712630306,0],[121.27961443329784,24.86852753671757,0],[121.27949663712295,24.86808768284921,0],[121.27947610538091,24.86805403847524,0],[121.27940450304001,24.86794707671105,0],[121.27936355163479,24.867880703761745,0],[121.27934404456141,24.867849176709754,0],[121.27926332176911,24.867730621316422,0],[121.27923552056107,24.86768977431742,0],[121.27919346329189,24.867611223975224,0],[121.27915976263624,24.8675609622637,0],[121.27917640002306,24.86750890909961,0],[121.27917957523152,24.867389284918605,0],[121.27916455727656,24.867320777848786,0],[121.27912833116618,24.867234361810915,0],[121.27914110876263,24.867226266473192,0],[121.27896192576861,24.86703991952142,0],[121.27894751384558,24.866954753758566,0],[121.27885661828441,24.8662889651577,0],[121.27881771412027,24.865758380122646,0],[121.27873094791197,24.865494711954625,0],[121.27874387135061,24.86543697781621,0],[121.27870043218047,24.865368352178653,0],[121.27862666625451,24.865337079742662,0],[121.2786142682528,24.865245129782444,0],[121.27864387115984,24.86510557556562,0],[121.27867353073242,24.865000157905556,0],[121.27869822019802,24.864964044802516,0],[121.2787350997313,24.864910101328906,0],[121.27874308623825,24.864764646689952,0],[121.27878042193119,24.86472408428625,0],[121.27882048636093,24.864598558809956,0],[121.27884081797455,24.864495018390933,0],[121.27879778533485,24.864435447574955,0],[121.27883275929028,24.864339093575463,0],[121.27881465391536,24.864314506717,0],[121.27883937131612,24.864066222581915,0],[121.27884350688583,24.864034922157177,0],[121.27887268841219,24.86400333120127,0],[121.27887697798445,24.863965692496425,0],[121.27889985021567,24.863931621455514,0],[121.2788997021274,24.863892076998823,0],[121.2789393404892,24.86380176333931,0],[121.27898515651464,24.86361121299355,0],[121.278944609256,24.863508102246282,0],[121.27893914063148,24.86347010256528,0],[121.2789265586857,24.863446146423417,0],[121.2788885982097,24.863523341457093,0],[121.27887581819732,24.863540551129013,0],[121.2788560251151,24.863538887743932,0],[121.27886519035056,24.86346632718293,0],[121.27889838244809,24.863373310512557,0],[121.2789304789134,24.863327703521254,0],[121.27892749975425,24.863305426799545,0],[121.27890723989496,24.863154111215387,0],[121.27890175366191,24.863121483508845,0],[121.2787612381259,24.862426697370655,0],[121.27874401815156,24.862342268078564,0],[121.27864419205511,24.86216246256079,0],[121.27863884625069,24.862152703717786,0],[121.27852478667062,24.86194475580583,0],[121.27825146766554,24.861605252624123,0],[121.278042678978,24.861318337087127,0],[121.27780428439297,24.861018610718414,0],[121.27766865119068,24.86089329478086,0],[121.27751333970242,24.860787480684877,0],[121.27731091547442,24.86017697140195,0],[121.27719330485269,24.859879486780972,0],[121.2770214527385,24.85946204886331,0],[121.27694351403213,24.859284998882828,0],[121.27667182089061,24.858607736397968,0],[121.27644815495024,24.85801452501656,0],[121.27623050180549,24.857440498321115,0],[121.27607704220264,24.85705959085842,0],[121.27566785149979,24.85594058204779,0],[121.27554091259333,24.85560336044968,0],[121.27539945029505,24.855231712699084,0],[121.27512195958697,24.85451623100326,0],[121.27474835211538,24.853510187659644,0],[121.27469101211165,24.853374456623534,0],[121.27456242843299,24.853051125481546,0],[121.27446465576733,24.852823872480762,0],[121.27435548172723,24.852595378788482,0],[121.27416763402543,24.852293425438106,0],[121.27399095909773,24.852032035577274,0],[121.2738774406931,24.851886541222306,0],[121.2737841526655,24.851752585907587,0],[121.27363937484638,24.851588664518328,0],[121.2733717370089,24.851290473783283,0],[121.27322948810752,24.85113807951469,0],[121.27291974078925,24.85080413725098,0],[121.27269882504855,24.85056282231678,0],[121.27254170929187,24.850405334480218,0],[121.27230979654183,24.850146917450587,0],[121.27209398242204,24.849927737809242,0],[121.27172660609993,24.84955502829948,0],[121.27157324171735,24.849413869666087,0],[121.27137619645082,24.849218272889132,0],[121.27132292485031,24.849164909538928,0],[121.2712166106577,24.849053726975047,0],[121.27111030655006,24.848942544314305,0],[121.27096722924408,24.848792921711173,0],[121.27087648583857,24.848698016130268,0],[121.27086356360242,24.848684505833017,0],[121.27078422524761,24.84860153325395,0],[121.27077601373043,24.84859294397341,0],[121.2705314936388,24.848337230247648,0],[121.27034306732895,24.848144533716738,0],[121.2700741809878,24.84786616229713,0],[121.2700573934233,24.847910579265356,0],[121.27004549644292,24.847954506368634,0],[121.27004106475701,24.847977816939736,0],[121.2700371644051,24.848013432397916,0],[121.27003842495283,24.848047151572697,0],[121.27004449862592,24.848087416741198,0],[121.27004727598617,24.848099690483796,0],[121.27006259419426,24.848136733826305,0],[121.27005898409365,24.848160196397057,0],[121.27007793185412,24.848182733405043,0],[121.27005643230075,24.84821081478661,0],[121.27004663466886,24.848223616850863,0],[121.270040715549,24.848225429152226,0],[121.26972526162986,24.847850672877208,0],[121.26948984898745,24.84755311943027,0],[121.26909083641205,24.84707445041095,0],[121.26882307527248,24.846757808971805,0],[121.26863051666379,24.8465163538954,0],[121.26839476243137,24.84618876793906,0],[121.26811043196321,24.845788393243627,0],[121.26643393351995,24.843368709179074,0],[121.26599787942173,24.842771875065672,0],[121.26575012387656,24.842433647692737,0],[121.26572837644278,24.842402797796964,0],[121.2656895776175,24.84238650063516,0],[121.26551792738262,24.84225696709142,0],[121.26535600602055,24.842041173353138,0],[121.26524573627357,24.841800841509937,0],[121.26431806502501,24.839978376415853,0],[121.26410348822665,24.839581327742636,0],[121.26384875617666,24.839102953821023,0],[121.26351466812227,24.838455227129167,0],[121.26326919014444,24.837947993671037,0],[121.26326413024628,24.837919144155126,0],[121.26328189976647,24.837816999686165,0],[121.26329298757281,24.837801166663436,0],[121.26333554563107,24.837828529433036,0],[121.26333846008737,24.83782526654635,0],[121.26333520996221,24.83778616711553,0],[121.2633315048663,24.837699492706957,0],[121.26330798374174,24.83766156149208,0],[121.26325821920062,24.837545289418568,0],[121.26308906323386,24.837277444364602,0],[121.26303290629421,24.837198260286996,0],[121.26281170119105,24.83696176544114,0],[121.26274409143635,24.836933653653556,0],[121.26272618332544,24.836846197602757,0],[121.26273930527975,24.83675377668123,0],[121.26276216770441,24.83672466466466,0],[121.2627939369952,24.836696728750443,0],[121.26272399836425,24.836551618939616,0],[121.26261060975827,24.8363142327113,0],[121.26226693404077,24.835611342867985,0],[121.26224414870363,24.83555490042076,0],[121.26219325490767,24.835484106784065,0],[121.2619299721814,24.83490943351693,0],[121.26188167830074,24.83484212924732,0],[121.26181732020356,24.834752715163102,0],[121.26172939504004,24.83464420184787,0],[121.26168876673187,24.83459939219518,0],[121.26155205824124,24.834515268942475,0],[121.2613598603214,24.834338582866785,0],[121.26118418459636,24.834194614120694,0],[121.26117770278276,24.834189172217872,0],[121.26103194148924,24.834079437274553,0],[121.26093736482754,24.834008235991963,0],[121.2608668219816,24.83394521336007,0],[121.26050538609418,24.833622306773492,0],[121.26048044531305,24.833599047614346,0],[121.26001378884973,24.833291797741413,0],[121.25932865622963,24.832903425040072,0],[121.25925202389973,24.83285619733695,0],[121.25913886422802,24.83267736388603,0],[121.25889948358659,24.83230990556541,0],[121.25889071601597,24.832296446964342,0],[121.25876504789856,24.8320908683162,0],[121.25865207360918,24.83192030011669,0],[121.25832560803973,24.831432197376863,0],[121.25808782357632,24.831065970569984,0],[121.25807714717382,24.83104928963073,0],[121.2580483151842,24.83100426602889,0],[121.2579909944248,24.830914766311697,0],[121.25798121390552,24.8308994909752,0],[121.2578942775202,24.830763687986245,0],[121.257872468284,24.830720262526178,0],[121.25776616077786,24.83050858784936,0],[121.25772047189193,24.830417613966535,0],[121.25764067059912,24.83022514385867,0],[121.25759566190378,24.83011826753978,0],[121.25756531875761,24.830046263127024,0],[121.25752658214299,24.829929624775176,0],[121.25748393474936,24.829801215542197,0],[121.25743812362316,24.82958322835837,0],[121.25738042211661,24.829301197294697,0],[121.2573667750786,24.829234506074496,0],[121.25731792276643,24.828985584080016,0],[121.25712432362474,24.828770044979294,0],[121.25708381589004,24.82855668016644,0],[121.25705907461698,24.828418396580883,0],[121.25703263189911,24.828270581784164,0],[121.25703093502504,24.828260802423287,0],[121.25699607438989,24.82805989455968,0],[121.25693314107106,24.82769719724801,0],[121.25687917733362,24.827408424410596,0],[121.25685982764779,24.827304879281822,0],[121.25685440803724,24.827275877524013,0],[121.25673292932082,24.82666351210719,0],[121.256670647513,24.82634955939209,0],[121.25665537318623,24.826272553939365,0],[121.25659114768007,24.825948793122055,0],[121.25655706532271,24.825777005306094,0],[121.25653485792422,24.825665059850067,0],[121.25653315557352,24.82565647844786,0],[121.25651016307539,24.825540519277002,0],[121.25648933154669,24.825435534307488,0],[121.25644729074243,24.82522360379536,0],[121.25637664138667,24.824721094940518,0],[121.25637585280661,24.824716698762685,0],[121.25628234310722,24.82473210467159,0],[121.25622652990255,24.8244010290825,0],[121.25618096685585,24.824168430785267,0],[121.25614167108253,24.823975680606114,0],[121.2561100364451,24.823863725304957,0],[121.25606314384585,24.823741721350864,0],[121.25597960641183,24.823554511481404,0],[121.2558593384881,24.823308835659127,0],[121.25565213396649,24.823009213450135,0],[121.25556169651551,24.822882903475847,0],[121.25538108808368,24.8226480051848,0],[121.25527134754785,24.822509769328658,0],[121.25505796257504,24.822262899827376,0],[121.25479118411697,24.822021135327976,0],[121.25467253295683,24.82191715261263,0],[121.25439295506278,24.82166717842222,0],[121.25166673109628,24.824251441541037,0],[121.25184015545365,24.824453509923917,0],[121.25193887892793,24.82459490920722,0],[121.25198951132579,24.824677048802865,0],[121.25203184112672,24.82475182050288,0],[121.25213552069215,24.824939142821815,0],[121.25216625326973,24.825028310804203,0],[121.25223529154371,24.8251787071688,0],[121.25226392033925,24.825243968793163,0],[121.25229012178676,24.825303697017894,0],[121.25236289505172,24.825513488881626,0],[121.25242695386666,24.82577164100525,0],[121.2525373985677,24.826170444271778,0],[121.25266041272872,24.826591570279202,0],[121.25274089291788,24.826856707623413,0],[121.25281207166694,24.827097363803343,0],[121.25291357388748,24.82743901948541,0],[121.25314764700046,24.828245787022823,0],[121.25338117914657,24.82906414656538,0],[121.25358294812077,24.82973854846607,0],[121.25381515089236,24.83053155172229,0],[121.25395092069678,24.831019699982285,0],[121.25419027602958,24.831858235296746,0],[121.25430432322017,24.832243472165604,0],[121.2543069615287,24.832251032604866,0],[121.25432993191956,24.832313059571806,0],[121.25436122649722,24.832382203270686,0],[121.25449127821736,24.832674354633728,0],[121.25458213307536,24.83287845815067,0],[121.25465156478708,24.833024130807054,0],[121.2546833735777,24.83309087151367,0],[121.25480862643232,24.8333536652589,0],[121.25482028003034,24.83337810985459,0],[121.25485741106813,24.833455560131323,0],[121.25485745740293,24.83345565749414,0],[121.25485923191276,24.83345920182995,0],[121.25488320914751,24.833507096018444,0],[121.2548832835118,24.833507248932555,0],[121.25488337125819,24.83350742328751,0],[121.25488347911154,24.83350763724292,0],[121.25488360218856,24.833507879244948,0],[121.25488364365512,24.833507968360237,0],[121.25488378014427,24.833508238415718,0],[121.25488385692144,24.833508390769655,0],[121.25488394893978,24.833508575027587,0],[121.25488403729253,24.833508749931294,0],[121.25491776714112,24.83357441206121,0],[121.25491877962028,24.833576366707966,0],[121.25491979203694,24.83357830757842,0],[121.2549232960867,24.833585065781435,0],[121.25492341244906,24.833585291828015,0],[121.25492630666544,24.833590865899914,0],[121.25492641632299,24.833591078195298,0],[121.25492760909121,24.833593373818854,0],[121.25492891944707,24.833595899341773,0],[121.25493030775296,24.833598569499316,0],[121.25493043264169,24.83359881149445,0],[121.2549313523814,24.833600555986063,0],[121.2549432673946,24.833622715433844,0],[121.25495268488434,24.83364022288926,0],[121.2549588223513,24.833651636977685,0],[121.25497089952175,24.833673998600922,0],[121.25504944622043,24.833812628761923,0],[121.25505735772037,24.83382547992226,0],[121.25518128606376,24.834021097884712,0],[121.25519845179223,24.83404673174212,0],[121.25519860075588,24.834046956012042,0],[121.25519873451321,24.834047156092744,0],[121.25519886157319,24.834047344075422,0],[121.25519899958499,24.83404755020171,0],[121.2551996859909,24.834048574234263,0],[121.25522734611951,24.8340898857887,0],[121.25522750420353,24.834090123800642,0],[121.25522824289366,24.834091225335044,0],[121.25526779646,24.834149383602625,0],[121.25527914193431,24.834165910021223,0],[121.25529048499872,24.834182436999086,0],[121.25532485812039,24.83423182099998,0],[121.25533640536922,24.83424822982604,0],[121.25534530247373,24.834260958214127,0],[121.25536345658138,24.83428667923929,0],[121.25537068411064,24.834296901650344,0],[121.25537205080032,24.834298797092927,0],[121.25541282303774,24.834355347674133,0],[121.25542412969314,24.83437103000191,0],[121.25545362030913,24.834411285919792,0],[121.25550011123683,24.834474228650855,0],[121.25552617157872,24.834509612920243,0],[121.25569508227399,24.834738944490514,0],[121.25622718251225,24.8354609768647,0],[121.25641747904582,24.835736300263292,0],[121.25618053957275,24.835799663412395,0],[121.25635700737561,24.8360586339212,0],[121.25646844991961,24.836223411302026,0],[121.25646844991961,24.836223411302026,0],[121.25656830977786,24.836223752623855,0],[121.25676519374453,24.836249017396984,0],[121.25682400498803,24.83633623293522,0],[121.25735049184517,24.8371169799662,0],[121.25783753054348,24.837836995870518,0],[121.25836125642142,24.838604836021457,0],[121.25836125642142,24.838604836021457,0],[121.25836125713599,24.838604837090188,0],[121.25840941395936,24.838676863195733,0],[121.25854440330338,24.838878611786495,0],[121.25851850682557,24.838988097531843,0],[121.25853266680646,24.83911188931308,0],[121.2585421801096,24.83935954512702,0],[121.25854997294284,24.83946999533558,0],[121.25857140347742,24.839651567039606,0],[121.25857904898517,24.83969875437785,0],[121.25859287232477,24.83975837595335,0],[121.25859441719437,24.839764601325854,0],[121.25862016705999,24.839854531077187,0],[121.25862294426138,24.83986281810832,0],[121.25863676249246,24.839904006228675,0],[121.25865542485263,24.839954123894792,0],[121.25867575020294,24.840003697614083,0],[121.25870054689935,24.840058683406756,0],[121.25878921955118,24.840232602946514,0],[121.25889313917284,24.84040045791266,0],[121.25896454887085,24.840493035780295,0],[121.25908101469497,24.8406348267022,0],[121.25908956301599,24.840645233466677,0],[121.25926813580143,24.840849602659407,0],[121.2592842650753,24.840864560734225,0],[121.2592997657539,24.84087997097909,0],[121.2593146691872,24.8408958625918,0],[121.25932895938847,24.84091221634773,0],[121.259342618007,24.840929015834888,0],[121.25935562789793,24.84094623808924,0],[121.25936797481131,24.840963860493822,0],[121.25937964221539,24.840981866079474,0],[121.25939061714561,24.841000230143052,0],[121.25940088480004,24.841018930138553,0],[121.25941043527621,24.84103794519832,0],[121.25941925735846,24.84105725155927,0],[121.25942733628527,24.841076826208543,0],[121.25943468360597,24.8410966915422,0],[121.2595242660069,24.841296061153045,0],[121.2595457589972,24.841341655776027,0],[121.25956565283605,24.841387823836833,0],[121.25958393781639,24.841434542873607,0],[121.25960059882357,24.841481763749144,0],[121.2596156078366,24.841529422569746,0],[121.25965931448222,24.84172544893294,0],[121.25968540070438,24.841919698573555,0],[121.25968654533655,24.84194227954017,0],[121.25969066251014,24.841988690979058,0],[121.2596845924274,24.842041277646135,0],[121.25969325980313,24.842085876507973,0],[121.25970497899121,24.842128740737834,0],[121.25971932623112,24.842169126500796,0],[121.25974989467929,24.842235401852594,0],[121.25981452100828,24.842361193870094,0],[121.25988487737783,24.842478606836192,0],[121.25991648860257,24.842543581016553,0],[121.26022612994366,24.84277356577428,0],[121.26055292512393,24.84295895792053,0],[121.26075159422027,24.843059218658453,0],[121.261009298885,24.843179576131885,0],[121.261245329244,24.84327842418668,0],[121.26171443855156,24.843468612996467,0],[121.26202941396191,24.843908442964924,0],[121.26251357304614,24.84456457575334,0],[121.26280975897937,24.84499090329312,0],[121.26328340166616,24.845683358003605,0],[121.26362637757067,24.846156839475825,0],[121.26389320587151,24.84651399169382,0],[121.26419005384167,24.846928777750207,0],[121.26459953951239,24.84750249891286,0],[121.26486972986127,24.84789129305079,0],[121.26509940117944,24.848220557422977,0],[121.26529218091903,24.84849253645909,0],[121.26553132970727,24.84881216969166,0],[121.26578876019636,24.849124298398262,0],[121.26614833750608,24.849533991406915,0],[121.26632261956313,24.849726572810614,0],[121.26657680199388,24.849992596305693,0],[121.26683302097783,24.850262756687158,0],[121.26703338436086,24.850464183514468,0],[121.267361291811,24.850803860799648,0],[121.26768958563227,24.851147616313465,0],[121.26805199350342,24.85159464898166,0],[121.26811316145947,24.851667060452606,0],[121.2681902092262,24.851747771076823,0],[121.26837230168007,24.851947877002555,0],[121.26855021934378,24.852131771312145,0],[121.26873676680363,24.85232349799393,0],[121.2688880598177,24.852466147043113,0],[121.26918668824644,24.852752753502376,0],[121.26950371726572,24.85304548425779,0],[121.26967358743092,24.853214061827053,0],[121.26984248422863,24.853392943478315,0],[121.26999109129528,24.853558551366287,0],[121.27018743601701,24.8538046151817,0],[121.27036350759585,24.854046466753605,0],[121.27063764198019,24.8545064517788,0],[121.27074406088076,24.85470838205635,0],[121.2708867846776,24.854981351326966,0],[121.27099680691582,24.85523070772071,0],[121.27108426873863,24.855450194331464,0],[121.27120481450775,24.85579677442694,0],[121.27134361108972,24.85617947266934,0],[121.27159583298814,24.856849643654254,0],[121.27187877279047,24.857596273243445,0],[121.2722745826124,24.85865461449362,0],[121.27247295061488,24.859181971706803,0],[121.27239932489395,24.859669072930224,0],[121.27237642979209,24.85987884605207,0],[121.27246432856543,24.86004693044853,0],[121.27252212296482,24.860386104836643,0],[121.27254839365726,24.860538972380493,0],[121.2725575062196,24.860641288856254,0],[121.27255862646098,24.860653261445332,0],[121.2725904578041,24.860777914478277,0],[121.27264319720396,24.860849762665257,0],[121.27264869843874,24.860955280150808,0],[121.27263816027524,24.861040440739963,0],[121.27262956766022,24.861102217999864,0],[121.27262522836727,24.861133401875207,0],[121.27262522836727,24.861133401875207,0],[121.27262777440343,24.861239473157283,0],[121.27265197886081,24.861324953280246,0],[121.2726705147833,24.86141373365404,0],[121.27269214086847,24.86151731708823,0],[121.2727002197845,24.861591502643012,0],[121.2727056087118,24.861717970339143,0],[121.27270962387693,24.861812219589943,0],[121.27271275543603,24.861885040588508,0],[121.27271420318267,24.861919667215705,0],[121.27268117590725,24.86209319206094,0],[121.27264596846996,24.862278167562597,0],[121.27260035495748,24.862366221604734,0],[121.27256360436482,24.862437172607308,0],[121.27250493259005,24.862550448525077,0],[121.27243825966193,24.862667775643715,0],[121.27239151155165,24.86275004275845,0],[121.27229733922024,24.862916274357648,0],[121.27209584460915,24.863384920440325,0],[121.2720728172442,24.86344839650171,0],[121.27207180221636,24.863509123919194,0],[121.27207235128151,24.863529400889025,0],[121.27203237631603,24.86367616847121,0],[121.2719453761548,24.863872849857515,0],[121.27193954158192,24.863992316316885,0],[121.27192533581461,24.86406689937857,0],[121.27189204666972,24.86411251769765,0],[121.27183814211907,24.864378928919336,0],[121.27162478890673,24.864593571959134,0],[121.27145469836333,24.86471216332065,0],[121.27131623832494,24.864817831100467,0],[121.27115648927,24.864929046594426,0],[121.27105025302477,24.86498758356796,0],[121.27086927286038,24.865023771489945,0],[121.27072391167933,24.86506170514597,0],[121.27061949886915,24.865118561014597,0],[121.27054641348481,24.86515902725082,0],[121.27049560695421,24.86525098748953,0],[121.27049822018489,24.865344612102394,0],[121.27052712371076,24.865549120680342,0],[121.27064521072238,24.865775107192157,0],[121.27071101720372,24.865837744051646,0],[121.27084343856845,24.86595372179501,0],[121.27104084044575,24.86612759632776,0],[121.2711224513228,24.86647759685561,0],[121.2711471699512,24.86666337506704,0],[121.27112439797156,24.867343531298584,0],[121.27109021909945,24.867378514490174,0],[121.27109457110114,24.867406671830594,0],[121.27112100589669,24.867543712244203,0],[121.27114752316541,24.86759150600308,0],[121.27113486732166,24.867628455452547,0],[121.27115483612135,24.867750123069595,0],[121.2711699339247,24.86777557401863,0],[121.27121613064529,24.86785317114518,0],[121.27135259567646,24.86808244518741,0],[121.27139977783555,24.8681126951311,0],[121.27142017291506,24.86812577644171,0],[121.27159059606095,24.86820256076759,0],[121.27188251638748,24.868537392335952,0],[121.27199017267836,24.86867957536178,0],[121.27200795828531,24.868703071175,0],[121.27208614028324,24.868846018799122,0],[121.27208170243142,24.869071528855677,0],[121.27207865797291,24.86925997875614,0],[121.27210041944215,24.869537012427212,0],[121.27211184955829,24.869861844478315,0],[121.2721126370654,24.87012937412025,0],[121.27209342121726,24.87055511202361,0],[121.27214575194938,24.871181024530834,0],[121.2721045200846,24.871527414114524,0],[121.27210440074835,24.871846090318037,0],[121.27217935900272,24.872078106389452,0],[121.27242304221612,24.872415713968543,0],[121.27257812264173,24.87258985706283,0],[121.27277669139251,24.87276751016759,0],[121.2732082598205,24.87316408724059,0],[121.27352333217041,24.873352215522182,0],[121.2736615783561,24.873430438870788,0],[121.2742571239453,24.874001713111348,0],[121.27458769394444,24.87442164146372,0],[121.27480067313158,24.874575862308095,0],[121.27499988208224,24.874700947597344,0],[121.27521481497561,24.874811271203665,0],[121.27555623968449,24.874889118918322,0],[121.27581883670915,24.874988062932555,0],[121.275999172682,24.87506590308423,0],[121.27626999241534,24.875303677541325,0],[121.27641179680508,24.87574900818193,0],[121.27647223939557,24.876030747945066,0],[121.27651993826645,24.876100729018027,0],[121.27656801040322,24.87613792720999,0],[121.27668413370105,24.87617671852208,0],[121.27710108902228,24.876294499557304,0],[121.27718066619326,24.876401383290798,0],[121.27726462913171,24.87664374256696,0],[121.27737362401362,24.876926523899844,0],[121.27748037282151,24.877190471460356,0],[121.27757202727001,24.877407678049654,0],[121.27771067602475,24.8777085069063,0],[121.27785153867613,24.87797714987585,0],[121.27796370079358,24.878190046018204,0],[121.27819514593723,24.878659605019617,0],[121.27829404815478,24.878841937589478,0],[121.27841343672415,24.879020027520777,0],[121.27856189892533,24.87922377020862,0],[121.27871441228339,24.879429662268603,0],[121.27891917023341,24.8797141481215,0],[121.27900219159787,24.879808129699303,0],[121.27923126338642,24.88004989514553,0],[121.27946302612371,24.880317260394015,0],[121.27959890701801,24.88051526284137,0],[121.27969553941922,24.880671072021702,0],[121.27980964081665,24.88085630325626,0],[121.27994741250255,24.88107299891198,0],[121.28005064019473,24.88126176422468,0],[121.28014995631021,24.881437478579944,0],[121.28024000995318,24.881612879171005,0],[121.2803063999293,24.88175906515139,0],[121.28033460142423,24.881836892631505,0],[121.28039033776547,24.88202188359582,0],[121.28046055643152,24.882288430603033,0],[121.2805009902351,24.882500494996588,0],[121.28054008798874,24.882713875101704,0],[121.28055292274053,24.88295654794388,0],[121.28056734250188,24.88326255444166,0],[121.28056988627581,24.8838914932409,0],[121.2805751483048,24.884148981765033,0],[121.28058198313448,24.884446809499494,0],[121.2805833380761,24.884636351054308,0],[121.28058957202292,24.884934102047797,0],[121.28058020818597,24.885487929523194,0],[121.28057698926143,24.88588510903851,0],[121.28058000682488,24.886253030065458,0],[121.28058157321162,24.886705082221592,0],[121.28058625416966,24.887393297403623,0],[121.28058510640517,24.887697513997388,0],[121.28059951766373,24.88790801974879,0],[121.28064724683863,24.888196406954332,0],[121.28072015346218,24.88842831053232,0],[121.28083997637273,24.88872867207199,0],[121.28095472555823,24.888944431051886,0],[121.28101169097921,24.889054095061063,0],[121.28116985911728,24.88928765989583,0],[121.28130230686493,24.889461350560552,0],[121.28144415282898,24.889621289422728,0],[121.28162576906644,24.889795306482867,0],[121.281944038489,24.890064311249283,0],[121.28229650445708,24.890397581798233,0],[121.28267989268646,24.890760380138847,0],[121.2841378074029,24.89213199598759,0],[121.2845357363478,24.892506103002454,0],[121.2850463755437,24.89297698327659,0],[121.28573970098233,24.893595966063977,0],[121.28616403864092,24.893961299198825,0],[121.28600733455355,24.89410722862424,0],[121.28605479539857,24.89415025383651,0],[121.28627977969482,24.894354217187857,0],[121.28633180530959,24.89440138124048,0],[121.28694118282337,24.894946715468777,0],[121.28749727348914,24.895443990227317,0],[121.28770531228761,24.895636519952404,0],[121.28794805419375,24.89585511767713,0],[121.2883265316797,24.896195932519596,0],[121.28836234332668,24.89622258842201,0],[121.28858798534331,24.896432603020813,0],[121.28864019784483,24.89647975365368,0],[121.28886352831219,24.896688817284016,0],[121.28931863505936,24.89710729441624,0],[121.28957428492131,24.897336746493693,0],[121.29002515900584,24.897744404044012,0],[121.29040850124208,24.898083675374693,0],[121.2908561123927,24.898470913510856,0],[121.29111816381501,24.89869022302469,0],[121.2920593840981,24.89952034430721,0],[121.29253728903478,24.899954506622525,0],[121.29228655356076,24.900194566383025,0],[121.29225979450904,24.90027557903844,0],[121.29233912244462,24.90028187835104,0],[121.29239582996858,24.90029468940129,0],[121.29240010230149,24.900244134602822,0],[121.29262851090054,24.90028438245292,0],[121.29298939579652,24.90037090229759,0],[121.29328440119333,24.900440951482555,0],[121.29346537934659,24.900521903926126,0],[121.2937137831283,24.90072623449793,0],[121.29387310210119,24.900865423898857,0],[121.29408188906586,24.901055706526368,0],[121.29435306740434,24.90129174494943,0],[121.29445773445413,24.901394153875664,0],[121.29451000754082,24.901450704275398,0],[121.2946294430138,24.901541307456394,0],[121.29476095985255,24.901657589828186,0],[121.29492612488575,24.901804724505215,0],[121.29509916963463,24.901961712599345,0],[121.29522869541438,24.90207362781918,0],[121.29535152789167,24.902184285426934,0],[121.29550812374703,24.90232064733641,0],[121.29559385129438,24.902404674225725,0],[121.29585843938042,24.902637320901203,0],[121.29608505706783,24.90283046248631,0],[121.29611615614287,24.90286462572312,0],[121.2964918534057,24.903201075201846,0],[121.29678335538507,24.903459590414144,0],[121.29693307479405,24.903593610906356,0],[121.29718583599816,24.903819757577345,0],[121.29733411911607,24.903950715878082,0],[121.29760024992001,24.904189851906356,0],[121.29775356776317,24.904328033895872,0],[121.29795985095036,24.904499950422895,0],[121.29814160391498,24.904651861849693,0],[121.29827456912143,24.904760402670327,0],[121.2980929627986,24.904938061471345,0],[121.29809951084177,24.904943779923823,0],[121.29844910291877,24.905239428006837,0],[121.29868808544175,24.905466674024723,0],[121.2988514405958,24.905617659805078,0],[121.29910664757978,24.90584286492942,0],[121.29939160387686,24.9060937956505,0],[121.29955847657838,24.906221000701684,0],[121.2998635304503,24.906450102243458,0],[121.30003580054661,24.906570830815188,0],[121.30042698384389,24.906821552484693,0],[121.3007396760525,24.906993021769445,0],[121.30087593717141,24.907060513703833,0],[121.30097449161238,24.907161922195968,0],[121.30127154673964,24.90753090066212,0],[121.30130466559608,24.90756137900231,0],[121.30134300985505,24.907523676948042,0],[121.3019943527438,24.908108227311832,0],[121.30230511914395,24.908382835520843,0],[121.30241469221296,24.908475223465405,0],[121.30251192962824,24.908548852435427,0],[121.30261786511586,24.90862211017302,0],[121.3027230701285,24.908684840580953,0],[121.30284824386364,24.90875547322068,0],[121.30295396718732,24.908808906360417,0],[121.30295396718732,24.908808906360417,0],[121.30315106295427,24.908901562117702,0],[121.30343210774637,24.909027185910965,0],[121.30381715192904,24.909201696802338,0],[121.30422794831523,24.909386081817573,0],[121.30430940834361,24.909426586487207,0],[121.30426130856834,24.909501180947903,0],[121.30440734664393,24.909560332645267,0],[121.30454618328261,24.909602834870498,0],[121.30463337175955,24.909628288480604,0],[121.30472767270439,24.90966768542956,0],[121.30487305764422,24.90974020245851,0],[121.3049641031326,24.909800280966692,0],[121.30502602359795,24.90986415674289,0],[121.30508417809266,24.909934378138217,0],[121.30545687851486,24.91053386906891,0],[121.30555384786747,24.910659481311733,0],[121.30556457401352,24.910661445587582,0],[121.3056518515832,24.91066642198084,0],[121.30561608231442,24.910597346702872,0],[121.30568261751915,24.910227632484002,0],[121.3060283101073,24.910102053196525,0],[121.30622978013939,24.910238783984248,0],[121.30663414610461,24.91042106766485,0],[121.30709119497641,24.910491662453644,0],[121.30724409411435,24.910509862425087,0],[121.30732964329347,24.91053637145363,0],[121.30742333375771,24.91057597675115,0],[121.30755395147258,24.910618293981813,0],[121.30758679049818,24.91064799370125,0],[121.30772865808594,24.91070695630912,0],[121.3078564870166,24.910783032712708,0],[121.30788856361926,24.910820192318628,0],[121.30791517995146,24.910856855782658,0],[121.30803933766688,24.9109203177467,0],[121.3083142084815,24.910984172217827,0],[121.30850882564506,24.911002792230672,0],[121.30854821383438,24.91100344429079,0],[121.30873001691263,24.91102135638256,0],[121.30881950286646,24.91106814003767,0],[121.30918334008538,24.911256165969192,0],[121.30974830813517,24.911541845726557,0],[121.3101391143074,24.911734886571413,0],[121.3105439562137,24.911952392305842,0],[121.31066779184371,24.91202446267621,0],[121.31083577346938,24.91206912985879,0],[121.31129670705984,24.912344431232253,0],[121.31135288061688,24.912376888452204,0],[121.31149266670424,24.912464144989112,0],[121.31202733278667,24.912819240655807,0],[121.31217077219526,24.91295995739583,0],[121.3123495070445,24.913138282320137,0],[121.3123570399606,24.91314580525844,0],[121.31253539631682,24.913349282910307,0],[121.3125594808893,24.913400884874125,0],[121.31256877044093,24.913414055898453,0],[121.31271765201096,24.91362517990342,0],[121.31274094405177,24.91365383544824,0],[121.3129109050798,24.91391626449359,0],[121.31300844254088,24.914074453957674,0],[121.31310596956922,24.914239733751746,0],[121.313216934478,24.914416927072182,0],[121.3134152962717,24.914721635772484,0],[121.31351074834866,24.914884698182508,0],[121.31365945277328,24.915135092930818,0],[121.31373915677372,24.91529504876757,0],[121.31388851010743,24.91555006659203,0],[121.31413306117076,24.915970323713122,0],[121.31450877977893,24.916539669171964,0],[121.31470337370557,24.916827456925095,0],[121.31502766975858,24.91728642719215,0],[121.31509738437968,24.91738152495017,0],[121.3152956245454,24.917637309718327,0],[121.31558615324754,24.918025707142554,0],[121.31587438945509,24.918386094506946,0],[121.31612568469534,24.918673657069437,0],[121.31646796459894,24.919074494642395,0],[121.31682448542715,24.919442348038395,0],[121.31695774484307,24.919579085279057,0],[121.31716600168343,24.91977506745089,0],[121.31742720703342,24.92000590860268,0],[121.31769719541859,24.92026004079095,0],[121.31806414279896,24.920564681331552,0],[121.3183044921664,24.920782828962878,0],[121.31844565556078,24.920890313482452,0],[121.31882744878813,24.921195250547456,0],[121.31906889931982,24.921385353940575,0],[121.31944946553506,24.921663093412842,0],[121.32002061854031,24.922078717617733,0],[121.32036887993462,24.922307464343252,0],[121.32055037518622,24.922422067527258,0],[121.32055506149784,24.922449214280014,0],[121.32031713822914,24.9226086275001,0],[121.32052857309671,24.923180000596407,0],[121.32035143760736,24.923592208828772,0],[121.32020836850175,24.92389984898659,0],[121.32014448720777,24.9240231100157,0],[121.32013103571322,24.924051325511474,0],[121.32012657667944,24.924068065666308,0],[121.32017133358222,24.92415954947887,0],[121.32026862250076,24.924180387319524,0],[121.32033068916698,24.924121906465885,0],[121.32058529309815,24.92417759849455,0],[121.32088110842392,24.924265082065414,0],[121.32096191814489,24.924233502248114,0],[121.321078249071,24.92427409720505,0],[121.32165625654913,24.924383997524163,0],[121.32220993497806,24.925107131222344,0],[121.32233963098665,24.925297529704352,0],[121.32245322496073,24.925465036430815,0],[121.32247872562853,24.926090318622983,0],[121.32260405762901,24.926142439157406,0],[121.32278157336351,24.926257726521683,0],[121.32295679318804,24.9263733075519,0],[121.32311238767035,24.926472887478617,0],[121.32314939518415,24.92649810788693,0],[121.32343349000249,24.926691716221235,0],[121.32351269673732,24.926744631225695,0],[121.3233985230461,24.926829510957184,0],[121.32327645226033,24.926915002236463,0],[121.32227408285009,24.927769091565924,0],[121.32284287228786,24.9282317930635,0],[121.32302367537278,24.928368713980884,0],[121.32309959791746,24.928426213688937,0],[121.32361879653192,24.928747680392526,0],[121.32419875142787,24.92909961029646,0],[121.32429553241721,24.92916686883296,0],[121.32459254160966,24.929373243040985,0],[121.32536318592938,24.93016931009382,0],[121.3258868326307,24.930373733248263,0],[121.32606924044893,24.93039932704448,0],[121.32623433800867,24.930514050476333,0],[121.32676309711796,24.930820064622072,0],[121.32693101953744,24.931096876445505,0],[121.32693101953744,24.931096876445505,0],[121.32695405263759,24.93126307434529,0],[121.3269750598326,24.931366908698234,0],[121.32703029998719,24.931577392310924,0],[121.32704766268496,24.93163209322567,0],[121.32732085724966,24.931916230300438,0],[121.32759415283516,24.932429145501416,0],[121.32766295689098,24.932623691041098,0],[121.32769220244914,24.93269740657693,0],[121.32774005798426,24.932818028703462,0],[121.32784044215231,24.932804509161866,0],[121.32812366532832,24.932753570865117,0],[121.32875919707207,24.93265700246596,0],[121.32879070442947,24.932623853030286,0],[121.32906922155199,24.932542299098948,0],[121.32926390936366,24.9325300510327,0],[121.32935128325416,24.93251673075402,0],[121.32952709735149,24.932395876669233,0],[121.32971795870242,24.932315038933442,0],[121.32972420431521,24.932306791246624,0],[121.32978026986704,24.932297169373715,0],[121.33034850402267,24.93221010551344,0],[121.33035191146712,24.93222548229991,0],[121.33037524733012,24.932206308497676,0],[121.33065877640148,24.932155897394818,0],[121.33070867569636,24.932147182660504,0],[121.33074981312961,24.932153618895253,0],[121.33077758734724,24.93214656027935,0],[121.33083464963201,24.93213205145232,0],[121.33098022914605,24.93209503698544,0],[121.3309956813927,24.932082516441668,0],[121.3313727682008,24.932002716521957,0],[121.33160047706252,24.931946523163916,0],[121.33175490919199,24.93186930298756,0],[121.33201032126368,24.931742797622135,0],[121.33203497324685,24.93172716877843,0],[121.33209555405581,24.93169564218951,0],[121.33238385753003,24.93152853456441,0],[121.33248290240383,24.93147771870842,0],[121.33299947896964,24.931203872794057,0],[121.33316019482514,24.931122312543245,0],[121.33319098525435,24.931106660761206,0],[121.333456438221,24.930981674336532,0],[121.33350990045416,24.93095425294992,0],[121.33356241348669,24.930927330228442,0],[121.3336131163063,24.93090105255398,0],[121.33384416737714,24.930767168234198,0],[121.33395111279553,24.93071289390529,0],[121.3342384460747,24.930565972312735,0],[121.33431881927842,24.930523810169756,0],[121.33447345213246,24.930437874365932,0],[121.33453354145834,24.93040446999335,0],[121.33467205084008,24.930331706441937,0],[121.33482763349394,24.930242021367683,0],[121.33493010904157,24.930127808021254,0],[121.33495635821792,24.930095264976092,0],[121.33501589558124,24.930029928314994,0],[121.3351376455739,24.929903708920264,0],[121.33519113655052,24.929854275709122,0],[121.33528086252727,24.929745110560912,0],[121.33536503033169,24.929689550252732,0],[121.33545504162932,24.929631033499813,0],[121.33589154833516,24.92952338945047,0],[121.33598121201148,24.929515748015213,0],[121.33604949837515,24.92950782066885,0],[121.33606399022689,24.92950656916963,0],[121.33611633497375,24.929494696220544,0],[121.33668931189888,24.92940683922014,0],[121.33678649052071,24.92941382433951,0],[121.3368179947835,24.9294097806792,0],[121.33695744571509,24.929414756155275,0],[121.33713445565637,24.929457628902323,0],[121.33771748857635,24.929623189514654,0],[121.33788633169081,24.929666450027725,0],[121.33795187531013,24.92969117459859,0],[121.33813810969426,24.929750673539907,0],[121.3382459838239,24.929791020339707,0],[121.33831986449016,24.929815798056715,0],[121.33840185991932,24.929842660924855,0],[121.33848253140299,24.929863288153186,0],[121.33879977264856,24.92999313569183,0],[121.33909133769097,24.930121840183997,0],[121.33938191851364,24.930230783249584,0],[121.33971852665911,24.93030943903395,0],[121.33981251002696,24.930331588077586,0],[121.33989238462371,24.930361100263728,0],[121.3401063542318,24.930460312452645,0],[121.34014331618306,24.930478636950237,0],[121.34015592390288,24.93049073327354,0],[121.34018446201748,24.930545885621424,0],[121.34025040109925,24.930602523533565,0],[121.34032536787964,24.93066915326011,0],[121.34041160487813,24.930740316534404,0],[121.34046629446132,24.93078183947228,0],[121.34061197639926,24.930873821673654,0],[121.34064460331793,24.93094673240331,0],[121.34077596500336,24.93101587832133,0],[121.34098055741035,24.931200537033213,0],[121.34093021103398,24.931245624502356,0],[121.34099032137078,24.931326974967938,0],[121.34110937894003,24.931371871464126,0],[121.3411235983837,24.931390301924516,0],[121.34123874038323,24.931491038666383,0],[121.34130895114433,24.931494922626587,0],[121.3414085299021,24.931574577530657,0],[121.34141479099306,24.93159381165716,0],[121.34144553887795,24.93163134435399,0],[121.34147782212305,24.931651141824933,0],[121.34148276101892,24.93165765801591,0],[121.34166822807641,24.93186094895901,0],[121.34199825497939,24.932175435394843,0],[121.34214662357589,24.932314267081658,0],[121.34215991835617,24.932327625622662,0],[121.34230674626896,24.932496425807578,0],[121.34240120106939,24.93258809951119,0],[121.34250062955886,24.93274178655458,0],[121.34258238315138,24.932866397691722,0],[121.34273012214253,24.933038391382347,0],[121.34288885940877,24.933234492421676,0],[121.3429793509392,24.93336418424809,0],[121.34304606386856,24.933506218339726,0],[121.34317840281182,24.93379450516713,0],[121.34319655472274,24.93383832313518,0],[121.34324390991785,24.93381203185316,0],[121.34330849071388,24.933773964016613,0],[121.34339653077382,24.93400609656309,0],[121.34341182850034,24.93402756744124,0],[121.34340626907296,24.93403177318194,0],[121.3434227268366,24.93407516674197,0],[121.34347437614902,24.93414418688969,0],[121.34362807849104,24.93436255359326,0],[121.34382846002501,24.934485599405686,0],[121.34382846002501,24.934485599405686,0],[121.34384462426866,24.934494527274964,0],[121.34403936952668,24.93468791669598,0],[121.34419986621572,24.934842192854646,0],[121.34442700336183,24.935072207208673,0],[121.34443832105916,24.93508296993935,0],[121.34447574812164,24.935118283624448,0],[121.34462196535156,24.93525742467587,0],[121.3447906304316,24.935432374276502,0],[121.34484058563633,24.935486347578674,0],[121.34520602098192,24.93586918863439,0],[121.34533228183419,24.936006072951223,0],[121.34575051704114,24.936399958343692,0],[121.34582791552504,24.93647913124121,0],[121.3459476466133,24.936601131108638,0],[121.34595833874852,24.936618260160117,0],[121.34602081040609,24.936718230536954,0],[121.3460983999435,24.936845801566022,0],[121.34618091604432,24.93701778060053,0],[121.34621403064072,24.937231567280612,0],[121.346257451149,24.937568675340685,0],[121.34637678967265,24.937852926517674,0],[121.34640152849207,24.937950041159944,0],[121.34644687548885,24.93810824788238,0],[121.3464811206842,24.9381984698333,0],[121.3464042791989,24.9381937009237,0],[121.34637820104733,24.938209019448696,0],[121.34637088429622,24.9382163494179,0],[121.34636612015913,24.938219403044442,0],[121.34635450190054,24.938260680579564,0],[121.34635466174241,24.93829306490131,0],[121.34645506954116,24.93826449883417,0],[121.34669589130839,24.93853673850191,0],[121.3469005465308,24.938801355271607,0],[121.34715777737473,24.939140062063267,0],[121.34765006452797,24.93984215770472,0],[121.34784011177743,24.940096257018954,0],[121.34821676120539,24.94059253256605,0],[121.34847638104698,24.940922552774772,0],[121.34870008944036,24.941191856352344,0],[121.3491867793634,24.94176652661347,0],[121.3495616955395,24.942202272772334,0],[121.34977423414061,24.94244929257257,0],[121.35056978456545,24.94336604104375,0],[121.35077923502303,24.9436046123955,0],[121.35086367431798,24.94370746166434,0],[121.35096022933345,24.943823465052546,0],[121.35108955032656,24.94397448775067,0],[121.35139947607264,24.944266041152083,0],[121.35177184041841,24.944639845335036,0],[121.35198533103586,24.94486824641901,0],[121.35251143806748,24.94541087849881,0],[121.3526673499737,24.945585698966468,0],[121.35345647615772,24.94638266520936,0],[121.35345647615772,24.94638266520936,0],[121.35423394267188,24.947157820264685,0],[121.35432128133036,24.947245553895375,0],[121.35432128133036,24.947245553895375,0],[121.35498210440441,24.947878615807678,0],[121.3556128239367,24.948536710684785,0],[121.35579427134559,24.948711006837808,0],[121.35605841411063,24.948953420861326,0],[121.3565236897731,24.949356943382792,0],[121.35715686083726,24.949852539186367,0],[121.35719124534086,24.949900908361407,0],[121.35719124534086,24.949900908361407,0],[121.35719778249918,24.94991130022072,0],[121.35720350999277,24.94992208190636,0],[121.3572084000099,24.949933201064724,0],[121.35721242880547,24.949944603703443,0],[121.35721557681617,24.94995623445365,0],[121.35721782875568,24.949968036838783,0],[121.3572191736888,24.94997995354886,0],[121.35721960508452,24.949991926718702,0],[121.3572191208478,24.950003898209008,0],[121.35721772332975,24.950015809888587,0],[121.3572154193162,24.950027603916652,0],[121.35721221999466,24.950039223023726,0],[121.35720814090027,24.95005061078966,0],[121.35720320183998,24.950061711917655,0],[121.35719742679674,24.950072472502775,0],[121.35719084381287,24.95008284029364,0],[121.35718348485388,24.950092764946227,0],[121.3571753856533,24.95010219826828,0],[121.3571665855392,24.950111094453348,0],[121.35715712724311,24.9501194103032,0],[121.3571470566927,24.9501271054376,0],[121.3571364227886,24.950134142490388,0],[121.35712527716696,24.95014048729092,0],[121.35711367394889,24.95014610902999,0],[121.35710166947742,24.950150980409454,0],[121.35708932204406,24.950155077774774,0],[121.35707669160571,24.950158381229873,0],[121.35706383949346,24.950160874733754,0],[121.35705082811491,24.950162546178415,0],[121.35703772065096,24.950163387447624,0],[121.3570245807491,24.950163394456325,0],[121.35701147221438,24.950162567170462,0],[121.3569984586995,24.950160909607195,0],[121.35698560339571,24.95015842981537,0],[121.35697296872614,24.95015513983638,0],[121.35696061604243,24.950151055645794,0],[121.35694860532693,24.950146197075686,0],[121.35624040969712,24.95018703330069,0],[121.35556389269831,24.95023831011911,0],[121.35501717923725,24.95030266573272,0],[121.354594823313,24.950335038649126,0],[121.35400483905879,24.950347145405427,0],[121.35391986324998,24.950305523192966,0],[121.35391986324998,24.950305523192966,0],[121.35370096471618,24.950378847562586,0],[121.35375565284897,24.95042176271417,0],[121.35370058614247,24.950440415287122,0],[121.35359250776936,24.950476966948617,0],[121.35338252929941,24.95058721516375,0],[121.35340492388984,24.950620951540206,0],[121.3534926045345,24.950811011884117,0],[121.35349919349788,24.950825294378724,0],[121.35358178086383,24.951004313672108,0],[121.35368270505629,24.951223079735886,0],[121.35410447037083,24.951105401001655,0],[121.35460938969875,24.951006869948213,0],[121.35461738320396,24.951047208873096,0],[121.35476366713013,24.951023114750054,0],[121.35493862962326,24.95099355145732,0],[121.35508481353035,24.950975705864927,0],[121.35554292828411,24.950924793021564,0],[121.35629447849436,24.95083392680305,0],[121.35657427805549,24.95080125823523,0],[121.35675186732374,24.95079997480142,0],[121.35702232078506,24.950813557645734,0],[121.35728599135071,24.950810944619885,0],[121.3574991751243,24.950825381592235,0],[121.35765489920476,24.95083862802485,0],[121.35798557715646,24.950873342768638,0],[121.35812877952206,24.950897075505598,0],[121.35830462944858,24.95093700629179,0],[121.35847258452122,24.950979289229934,0],[121.35856079391529,24.950997336511662,0],[121.35893319675411,24.951123568525684,0],[121.35920398071865,24.951229010824644,0],[121.35922740679032,24.95123805845189,0],[121.35933031146763,24.951283071252583,0],[121.35943144290226,24.95133131342448,0],[121.35950990751189,24.95137491847018,0],[121.3596827214387,24.951490384659163,0],[121.35984161025597,24.951597119913412,0],[121.35996330248331,24.95167394646356,0],[121.36161205327213,24.952822215732994,0],[121.36274120178946,24.953607295374184,0],[121.36352670478179,24.954137794173317,0],[121.36547874859819,24.955449773099637,0],[121.36619742905523,24.955851692244774,0],[121.36612920048735,24.956179741441794,0],[121.3664950843265,24.956367016044098,0],[121.36653342046917,24.956383432707195,0],[121.36667855981425,24.95644527531739,0],[121.36669728977499,24.956460052230884,0],[121.36671422246266,24.95646741180074,0],[121.3668220520288,24.95651427924276,0],[121.36736869610905,24.956749005019464,0],[121.3680445957913,24.957012126987074,0],[121.3680445957913,24.957012126987074,0],[121.3680445957913,24.957012126987074,0],[121.3684803974151,24.9571816641538,0],[121.36867511689644,24.95726313843178,0],[121.36883787630362,24.9573282942789,0],[121.36902962664786,24.957402509501946,0],[121.36922973219093,24.957481855117376,0],[121.3694753236782,24.95757719118575,0],[121.36964027144542,24.957642742693135,0],[121.36986408083065,24.957750738364908,0],[121.37046950563781,24.957989475241323,0],[121.37052082980007,24.95800901265552,0],[121.37164762984746,24.958468897275925,0],[121.37177518834912,24.958516987955196,0],[121.37187261131933,24.958566502760778,0],[121.3719723029349,24.95861667257087,0],[121.3720127732901,24.958637039866073,0],[121.37211831487254,24.958688966966577,0],[121.37218346033045,24.958722136202578,0],[121.37218346033045,24.958722136202578,0],[121.37235154026025,24.958808186801008,0],[121.37243115322778,24.958847674966396,0],[121.3725365632678,24.958903531581434,0],[121.3726749772769,24.958972858075036,0],[121.37282474943484,24.959048383087744,0],[121.37327989374421,24.95927808608352,0],[121.37331710589895,24.95929659898384,0],[121.37341876936932,24.95934332345854,0],[121.37346801358947,24.959365970634405,0],[121.37352221225166,24.95939016162447,0],[121.37420611390904,24.95981855593228,0],[121.37443159975506,24.959991675591024,0],[121.37443159975506,24.959991675591024,0],[121.37489796187221,24.960279159817624,0],[121.37545369200585,24.960665016094833,0],[121.37592541795992,24.96102844924396,0],[121.37596201029622,24.961055246176866,0],[121.37638878585398,24.961376914852316,0],[121.37648169904446,24.961445465853938,0],[121.37669169227307,24.961600828973967,0],[121.37671993240093,24.961620096734578,0],[121.37672613811026,24.961624200634265,0],[121.37677677464204,24.961661230958455,0],[121.37681456275065,24.96169000672407,0],[121.37685864062448,24.96172178450872,0],[121.37719807444986,24.96196359275615,0],[121.37792033556823,24.96244770475519,0],[121.37880476373739,24.96306524015184,0],[121.38013107631144,24.964062734880912,0],[121.38044295039849,24.96428942869151,0],[121.38044295039849,24.96428942869151,0],[121.38063281089126,24.96444496109519,0],[121.38083285948406,24.96458949245991,0],[121.38104233038399,24.964722469491598,0],[121.38104233038399,24.964722469491598,0],[121.38134551918444,24.964941885144228,0],[121.38165807731737,24.96515009029161,0],[121.38170839016128,24.965185235332743,0],[121.38180321972736,24.965250987402598,0],[121.3819522398576,24.965347982172194,0],[121.38210440447573,24.965440831505166,0],[121.38225957448543,24.965529449021858,0],[121.38241973356408,24.96561696456939,0],[121.38249739376252,24.965770403393428,0],[121.38282581397331,24.965971462960876,0],[121.3830046744091,24.966049979724755,0],[121.38299531247036,24.96606997542935,0],[121.38304084580037,24.966088589657094,0],[121.38313287184289,24.966196101884282,0],[121.38355330046281,24.966439497892328,0],[121.38380920923066,24.96659182380057,0],[121.38497747811287,24.967307011418736,0],[121.38509857422376,24.967403398247203,0],[121.38511158211615,24.96741194988535,0],[121.3855605772045,24.967689021801924,0],[121.38558900972588,24.967666045060856,0],[121.3855908707555,24.967643494949854,0],[121.38565234046345,24.96764815686587,0],[121.38571739951283,24.96770494782946,0],[121.38573784522703,24.96771796036983,0],[121.38578419685021,24.967747460534813,0],[121.38582085413942,24.967783054384086,0],[121.38596626353586,24.967858190153414,0],[121.38599344836722,24.96788609835319,0],[121.38600651029564,24.967920489358143,0],[121.38599995864708,24.967960158586525,0],[121.38597980472139,24.96798271835419,0],[121.38592423823627,24.96804490478196,0],[121.38605947861707,24.968130268776004,0],[121.3861204648852,24.96807519154517,0],[121.38612966102933,24.968081407870354,0],[121.38617337706525,24.968109975205714,0],[121.38620894883896,24.96811852381641,0],[121.38645428088263,24.96818963037514,0],[121.38679842999132,24.968133861890557,0],[121.38714451085369,24.96808911955034,0],[121.38749209583888,24.96805545215029,0],[121.38784076393073,24.968032901846986,0],[121.38819008196971,24.96802150093802,0],[121.388539625724,24.968021256335557,0],[121.3888429038188,24.96803162667537,0],[121.38914568535995,24.968050533870194,0],[121.38944768376717,24.96807795885817,0],[121.38974860697927,24.968113875441457,0],[121.39004817075568,24.968158250775765,0],[121.39034608596037,24.968211041571823,0],[121.39044188722765,24.968227856486138,0],[121.39092987986858,24.968330675380482,0],[121.39090740784711,24.968533557832643,0],[121.39092078560309,24.968536471359986,0],[121.39092684645067,24.968537791332203,0],[121.39114054862623,24.968587833355425,0],[121.39126360199135,24.968595193128508,0],[121.39126360199135,24.968595193128508,0],[121.39256018004589,24.968672700945024,0],[121.39285308362298,24.96869021073315,0],[121.39310822508132,24.968705463243875,0],[121.39355607989447,24.968732231751193,0],[121.39390171060305,24.968767494117788,0],[121.39397862688871,24.96877374584266,0],[121.39474796423993,24.96883621031062,0],[121.39522516870464,24.968874953718895,0],[121.39524618102118,24.968876658458573,0],[121.39544598349917,24.968893057426982,0],[121.39572416500623,24.968919287924436,0],[121.39575314929016,24.96877449065244,0],[121.39585847099032,24.96835876729791,0],[121.39590117364544,24.968374943033407,0],[121.39621368918392,24.968498184733384,0],[121.39666737909508,24.968670480410236,0],[121.39732079589474,24.968913466927702,0],[121.39734560251651,24.96891838809502,0],[121.39854096072236,24.96898633998681,0],[121.39872605591061,24.968990486099457,0],[121.39872605591061,24.968990486099457,0],[121.39924289544007,24.969008118076502,0],[121.39924289544007,24.969008118076502,0],[121.39959571161818,24.969022120560908,0],[121.39994885477232,24.96902418675223,0],[121.39994885477232,24.96902418675223,0],[121.40129337079719,24.96903847130295,0],[121.40129337079719,24.969038471302948,0],[121.40271235657997,24.9690298856788,0],[121.40271235657997,24.969029885678804,0],[121.40367260781166,24.969029531736716,0]]}},{"type":"Feature","properties":{"cadgeom_type":"CADLWPolyline","thickness":0,"color":"#FFFF00FF"},"geometry":{"type":"LineString","coordinates":[[121.38112172097253,24.876921757365544,0],[121.38087336984054,24.877274761769673,0],[121.38073062506606,24.8775732768475,0],[121.38072457897394,24.877616530243444,0],[121.38072645083294,24.87768413789414,0],[121.38072371169068,24.87770094673622,0],[121.38068403560774,24.87796782942293,0],[121.38065930768026,24.878136980251277,0],[121.38066368588271,24.87819317013712,0],[121.38069343338421,24.878266634069224,0],[121.38071047772752,24.878288332450513,0],[121.38072235624406,24.878424027968702,0],[121.38078207704321,24.87907561418344,0],[121.38074048398201,24.87925448635624,0],[121.38074683042034,24.879379014572713,0],[121.38071878415649,24.87962429061851,0],[121.3807094909468,24.879771065461394,0],[121.38065889183557,24.879911062481938,0],[121.38063231646274,24.879972907814913,0],[121.38056490927252,24.880032903996547,0],[121.3804893858763,24.88037418725111,0],[121.38052017082302,24.880374108785322,0],[121.3804852429606,24.8805279389881,0],[121.38046721399142,24.88062852533964,0],[121.3804307532729,24.880679090490986,0],[121.38035870382654,24.880776898714064,0],[121.38031897368732,24.880832009995267,0],[121.38024697245494,24.880930431980016,0],[121.38021563292011,24.880972866884708,0],[121.38021977915038,24.881023908522522,0],[121.38020637560268,24.881089843469937,0],[121.38005181091374,24.88119406455128,0],[121.3798876737105,24.881332149945433,0],[121.37979293089782,24.881459176513097,0],[121.37964674717489,24.881595408908808,0],[121.37962964008074,24.881635603994514,0],[121.37963407298206,24.88181540536297,0],[121.37960471278716,24.881938722803863,0],[121.37952885176213,24.88220072487137,0],[121.37939767445745,24.882359935766438,0],[121.37938410733193,24.882359970247613,0],[121.37933488357444,24.882516652403844,0],[121.37934288161517,24.882521738825968,0],[121.37928911869331,24.88273305772131,0],[121.37922616004482,24.882833334076025,0],[121.37921908030806,24.88298426208351,0],[121.37914184462947,24.883123619289986,0],[121.37904863832031,24.883192204639354,0],[121.37901006994801,24.883232224469374,0],[121.37899905937932,24.883342871336335,0],[121.37895813161379,24.883393554560516,0],[121.37880417242337,24.88348156382269,0],[121.3787452420138,24.883568117818978,0],[121.3787069211091,24.883667373714413,0],[121.3786935706863,24.883680690767203,0],[121.378506380349,24.8837652752469,0],[121.37846364293469,24.883814399230413,0],[121.37841477083948,24.88395682103322,0],[121.37832612430992,24.88402464759013,0],[121.37826723482976,24.884111258663456,0],[121.37815247805925,24.88421657321179,0],[121.37813512364819,24.88421310654953,0],[121.37808011588808,24.884324047540915,0],[121.3779884116648,24.88449163326751,0],[121.3779916223401,24.884496142580915,0],[121.37786858894242,24.884660078714795,0],[121.37781477105717,24.88471365041014,0],[121.37755092678479,24.884833543356688,0],[121.37742216420229,24.884918336052504,0],[121.37724832400187,24.885121819395103,0],[121.37722585363171,24.88520084570493,0],[121.3772254795706,24.88538068993045,0],[121.37727109528451,24.885505465807064,0],[121.37725155313254,24.885832469788042,0],[121.37719138049708,24.88594730604438,0],[121.37711725384315,24.886062788291692,0],[121.377051758101,24.88623261576209,0],[121.37701404428252,24.886401536814112,0],[121.37689944056619,24.886572862274793,0],[121.37679957275839,24.88675564645216,0],[121.3767022799254,24.8871488309969,0],[121.37670829802428,24.887275291742764,0],[121.3768073591987,24.887503406275904,0],[121.37678393282074,24.887702978229783,0],[121.37670826410073,24.887772859738437,0],[121.37671118493606,24.88781683033813,0],[121.37671964843997,24.887950152251143,0],[121.37673017076786,24.888091691450647,0],[121.3767910360659,24.888978224709152,0],[121.37662187717439,24.889375193539344,0],[121.37656108643358,24.889741586637776,0],[121.3764407479873,24.889826714600993,0],[121.37641134243654,24.890104653442574,0],[121.37628863833011,24.890752855551305,0],[121.37624701253746,24.890792919285218,0],[121.37620370211361,24.89086722091471,0],[121.37617346411861,24.89092304659439,0],[121.37581855844046,24.89147272978887,0],[121.37580191741338,24.89149981706926,0],[121.37549839851698,24.89200913404199,0],[121.3752955867412,24.89238946457944,0],[121.37530939904889,24.89240445457692,0],[121.37531596294335,24.892411698000537,0],[121.37512483796351,24.89278593372438,0],[121.37500695071205,24.89303602283486,0],[121.37488644098298,24.893350816705535,0],[121.37485918369684,24.893440919879367,0],[121.37479989030835,24.893645065784984,0],[121.37472978209952,24.89388490826671,0],[121.37470898042186,24.893956648830418,0],[121.3746913129489,24.8940529353774,0],[121.37466149029677,24.894217059233615,0],[121.3746494898757,24.8943474178896,0],[121.37464425237984,24.894404307179048,0],[121.37463731293963,24.89453892229931,0],[121.37462873215485,24.894692132561996,0],[121.37462527636218,24.894751205566756,0],[121.37462007866611,24.89484003698207,0],[121.37461767759467,24.894931870279667,0],[121.37461663594681,24.894971699912137,0],[121.37461127968513,24.89514052976279,0],[121.37460627012891,24.895242416749557,0],[121.37460258255994,24.895285042851313,0],[121.37459902616673,24.89532615618459,0],[121.37459849920505,24.895357229875465,0],[121.37459471859074,24.895489534280763,0],[121.37459288180352,24.895550014286457,0],[121.37459249492474,24.89556275306141,0],[121.37459059079065,24.895625458341208,0],[121.37458563237784,24.895797627214343,0],[121.37458062928397,24.895961117480585,0],[121.37458062928397,24.895961117480585,0],[121.37458062909832,24.895961123596393,0],[121.37457769941244,24.896058435487213,0],[121.37457186985243,24.89613721794841,0],[121.37456145779724,24.896277151677157,0],[121.37455899636367,24.896318249873513,0],[121.374537576,24.89660094025717,0],[121.37451917271761,24.896714360996885,0],[121.37449940726235,24.896810051859894,0],[121.37448372538825,24.89688026456738,0],[121.37445344094577,24.896990268245958,0],[121.37439239318309,24.897163088423397,0],[121.37432526438374,24.89731036093259,0],[121.37427963885358,24.89741031324278,0],[121.3742197366957,24.897515086990186,0],[121.37416304067494,24.89759913064917,0],[121.37412724869415,24.89764059076382,0],[121.3740993665726,24.897674497680814,0],[121.37405369015563,24.897710238963786,0],[121.3739966162624,24.897749401755096,0],[121.37391261714667,24.89778367456918,0],[121.37383079390251,24.89780696887056,0],[121.3737513449921,24.897824481911826,0],[121.37367078140917,24.897832533677022,0],[121.37362360279216,24.897832417995225,0],[121.37356069813431,24.897825834330007,0],[121.3735051121691,24.897813721600148,0],[121.37344535043079,24.89779350267518,0],[121.37339540348526,24.897770523055538,0],[121.37334090604973,24.897744931267496,0],[121.37329808336104,24.897725956231888,0],[121.37315521538278,24.8976567095446,0],[121.3730901621998,24.897629309385863,0],[121.37299399116701,24.897600739206364,0],[121.37291213934768,24.897588418546842,0],[121.37280484220213,24.897586860087866,0],[121.37276033230238,24.89758751267085,0],[121.37273629222844,24.897588901804774,0],[121.37266729711926,24.89760162670181,0],[121.37253089320177,24.897626783731834,0],[121.3724455921145,24.897662215275655,0],[121.37243419535754,24.897666868533253,0],[121.37235684676457,24.897698386461958,0],[121.37232196172452,24.897716818129453,0],[121.37228005260265,24.897738762297404,0],[121.37224747991505,24.897756526728934,0],[121.37221678863942,24.89777533582597,0],[121.37219200820496,24.897796538205274,0],[121.3721723051907,24.897818291093643,0],[121.37214478232026,24.897850337006542,0],[121.37212098322077,24.89788642009562,0],[121.3720986245883,24.897936789381582,0],[121.372077947217,24.89800635015211,0],[121.37207146614986,24.89802746393559,0],[121.37203885263877,24.8981896495237,0],[121.37203292662903,24.898222355823744,0],[121.37202712011111,24.898304060063055,0],[121.37202712011111,24.898304060063055,0],[121.37202711974301,24.898304065258213,0],[121.37202284474809,24.898364579567353,0],[121.37201992662762,24.89840589139986,0],[121.37201278667222,24.898500088127367,0],[121.37198040574863,24.898680315703224,0],[121.37197343356502,24.89872898449127,0],[121.37192604421716,24.899044897919087,0],[121.37186859136523,24.89930431045233,0],[121.37183125339759,24.899423227359502,0],[121.37179610923374,24.89952083851387,0],[121.37174588477218,24.899644062868465,0],[121.37170498273186,24.89972034181524,0],[121.37165263789113,24.89980247178255,0],[121.37159823235612,24.899872308052974,0],[121.37156590367452,24.89991497220415,0],[121.37152603503775,24.899958547127646,0],[121.3714967637792,24.89998908040422,0],[121.3714704352577,24.90001571818766,0],[121.3713825493253,24.90008444425091,0],[121.37137287638011,24.90009127954483,0],[121.37132552008016,24.900122017858806,0],[121.37126588667996,24.90015922617025,0],[121.37120519320685,24.900196424077333,0],[121.37114118034347,24.900233675202017,0],[121.37108945910046,24.90026367267612,0],[121.37102184602993,24.900296591915122,0],[121.37098012967685,24.900313533782093,0],[121.37094696335251,24.900325518029437,0],[121.37090192664753,24.900339571442792,0],[121.37085798133418,24.900350665884265,0],[121.37081803124738,24.90035884777421,0],[121.37074709435878,24.90037271170217,0],[121.37074709435878,24.90037271170217,0],[121.37074708224837,24.900372714073857,0],[121.37066890117005,24.900388055993197,0],[121.37061455743576,24.900398630288983,0],[121.37058670670704,24.90040246086713,0],[121.37055230643169,24.900405764420995,0],[121.37047029973002,24.90041329564373,0],[121.37033857054878,24.900420136197216,0],[121.37026433260503,24.90042464382835,0],[121.3702138479335,24.900427317717675,0],[121.37014776853371,24.9004270419862,0],[121.37007592985778,24.900420948304696,0],[121.3700049831694,24.900415166283103,0],[121.36975589909702,24.900391795368932,0],[121.36944296126144,24.900351517206474,0],[121.36918543250421,24.9003454842145,0],[121.36914351095265,24.900346806398062,0],[121.3691178013915,24.900351690426305,0],[121.36908440100967,24.900361082788685,0],[121.36904269280426,24.900374536364286,0],[121.3690032959979,24.900396209648076,0],[121.36897915873654,24.90041438210219,0],[121.3689583899438,24.900439130567836,0],[121.36893982420447,24.900468303626212,0],[121.3689183880318,24.900510875752374,0],[121.36890871933316,24.90055686497575,0],[121.36890063295029,24.90060204617097,0],[121.36889482061312,24.90073296579473,0],[121.36889400503014,24.900799513928398,0],[121.36890318005952,24.90087921925192,0],[121.36891502269481,24.900926010517473,0],[121.36892828843911,24.90096133317792,0],[121.36894615674287,24.900995815096106,0],[121.36896844126407,24.901025095369114,0],[121.36899807595144,24.901054330659516,0],[121.36907631188498,24.901105502072607,0],[121.36915251409305,24.90114721575063,0],[121.36923005842159,24.90118248320207,0],[121.36941684009975,24.901247736159284,0],[121.3697098458154,24.901344180330266,0],[121.37000912977159,24.901428217571503,0],[121.37015033632993,24.901471573807292,0],[121.37015033632993,24.901471573807292,0],[121.37015034707507,24.90147157710231,0],[121.37031291154643,24.90152136489846,0],[121.37050935205289,24.901582941772997,0],[121.37062164100138,24.90161796931746,0],[121.37079318965644,24.90166928405849,0],[121.37096532096393,24.901722723716777,0],[121.3710147004046,24.901737946420496,0],[121.37108458795736,24.90177605472985,0],[121.3711455199517,24.90182951896992,0],[121.3711974000665,24.901886158553058,0],[121.37129494612607,24.901998678540558,0],[121.37132617506066,24.902068444559507,0],[121.37134745430195,24.90214834018063,0],[121.37137319527282,24.902243953464517,0],[121.37139206914006,24.90231187583472,0],[121.37139978403674,24.90233963958616,0],[121.37141174621077,24.902389365280975,0],[121.37141916085179,24.902453582828223,0],[121.37142273309165,24.902722596232135,0],[121.37142184167027,24.90285057014535,0],[121.37142609415497,24.90316292668057,0],[121.37142569254303,24.903230896599077,0],[121.37142355476368,24.90332393447097,0],[121.37141826631287,24.903647097460638,0],[121.371411365718,24.90382084718583,0],[121.37140543959575,24.903887006574717,0],[121.37139563565042,24.903955183482697,0],[121.37138196955512,24.904023511581645,0],[121.37136134057353,24.90410217668375,0],[121.37133631882148,24.904186496204044,0],[121.37130216190005,24.9042871685968,0],[121.37128512245512,24.90433162437926,0],[121.37126871250446,24.904374090490013,0],[121.37124845568634,24.90441697827456,0],[121.37121824593183,24.904479479219656,0],[121.37119619564847,24.904521628410972,0],[121.37115280114138,24.90459768519623,0],[121.371049896971,24.904749635061144,0],[121.37094264154311,24.904884321053395,0],[121.37081747800414,24.905022754069183,0],[121.37064759610978,24.905172474498688,0],[121.37041611715621,24.90532088999325,0],[121.37026921003948,24.905409134051503,0],[121.37013294474485,24.905473970670702,0],[121.3700039547361,24.90552818487767,0],[121.36998114517147,24.905537771530355,0],[121.36985604208293,24.90558571682696,0],[121.3697220854729,24.905634239150448,0],[121.36949055240227,24.905723836917154,0],[121.3693003368581,24.905810814658018,0],[121.36918840903954,24.905866327653666,0],[121.36908778542806,24.90591952311872,0],[121.36894771654349,24.905993179600898,0],[121.36879727077816,24.906089902922837,0],[121.36868765789593,24.90616666821748,0],[121.36862958159224,24.906210184581816,0],[121.36847755932612,24.906335088975695,0],[121.36829380732459,24.906502151889324,0],[121.3681990046051,24.906596661976693,0],[121.36810527404964,24.90670242228697,0],[121.36800520710528,24.906830536182678,0],[121.36794905687746,24.90692690126842,0],[121.36788159096848,24.90704299331198,0],[121.36788121747341,24.907046590067687,0],[121.36785724296273,24.907095936182362,0],[121.3678051352266,24.907202065823558,0],[121.36779347086915,24.907233694644606,0],[121.36775855098347,24.907325595257618,0],[121.36773698840908,24.907387039005524,0],[121.36769678749371,24.907502803507285,0],[121.36768465413515,24.90753764100067,0],[121.36768465413515,24.90753764100067,0],[121.36768465107313,24.907537649802766,0],[121.36766393997671,24.90759725662702,0],[121.36765543040657,24.907639116343322,0],[121.36765168778376,24.907663733901586,0],[121.36765113556703,24.907667408381258,0],[121.36764714388379,24.907693697515594,0],[121.36763507727343,24.907799318782313,0],[121.3676347626381,24.907804737864772,0],[121.3676347626381,24.907804737864772,0],[121.36763476258953,24.907804738702175,0],[121.36762571427404,24.9079607640233,0],[121.36762558404547,24.907989612289178,0],[121.36762558404547,24.907989612289178,0],[121.36762558404358,24.90798961270603,0],[121.36762540926686,24.90802862094087,0],[121.36762953870655,24.908092029082898,0],[121.36763420146714,24.90817289286383,0],[121.36763644641672,24.908177794646228,0],[121.36766574197368,24.908416078390832,0],[121.36767842301359,24.908488297008766,0],[121.36769465960373,24.90855624474829,0],[121.3677200013588,24.908640155513435,0],[121.36773934119927,24.90869669584129,0],[121.36775850704758,24.908755214237296,0],[121.36778202034661,24.908841983185372,0],[121.36782306650026,24.908950049817136,0],[121.36788259227521,24.909095205495376,0],[121.36794319520628,24.90922167264065,0],[121.36800049048475,24.9093298031744,0],[121.36806545807151,24.909458290118582,0],[121.36806961862293,24.909468344953392,0],[121.36808488598693,24.909529279143534,0],[121.36808692606826,24.90953691578675,0],[121.3681051958617,24.90960529839963,0],[121.36812358060644,24.909666558040342,0],[121.36814288178718,24.90973766927433,0],[121.36816305127606,24.909817081360977,0],[121.3681763545476,24.909874386819908,0],[121.36818818846514,24.909929582355108,0],[121.36821340530955,24.910039256740852,0],[121.36822202026092,24.91008793113601,0],[121.36823695377917,24.91017439834842,0],[121.36825508653814,24.91036775330482,0],[121.36825624306591,24.910483959081912,0],[121.36825241083726,24.910628807846475,0],[121.36823764822286,24.910740096259904,0],[121.368219698102,24.91084720969971,0],[121.3681902880186,24.910952027315062,0],[121.36813849038825,24.91109823618124,0],[121.36809795313907,24.911180981758967,0],[121.3680556323151,24.91126140339642,0],[121.3680115520511,24.91134843163266,0],[121.36797713377369,24.91144406902994,0],[121.36793158088999,24.911580086199944,0],[121.36787145328984,24.9118815265588,0],[121.36785294987386,24.91199482767957,0],[121.36783758941922,24.912101519306066,0],[121.3678283038796,24.912283260882894,0],[121.3678210752165,24.912449045286454,0],[121.36780547155614,24.91272440276317,0],[121.36780493077322,24.91294389049162,0],[121.36779976439445,24.913158560617727,0],[121.3678062014824,24.913352238663954,0],[121.36781465811599,24.913639150935456,0],[121.36783963293533,24.913923112648146,0],[121.36785862834925,24.91412206576005,0],[121.36787815092059,24.914275052165777,0],[121.36789809345223,24.914485735267565,0],[121.36793276407141,24.914712408084796,0],[121.36797549908879,24.915040822754623,0],[121.36801776441098,24.91540641709375,0],[121.3680450872127,24.915789680921186,0],[121.36804964323036,24.915858384418005,0],[121.36804964323036,24.915858384418005,0],[121.36804964399904,24.915858395928133,0],[121.36807064111875,24.916170613298306,0],[121.36808637419678,24.916614484908646,0],[121.36811699819674,24.916949307404103,0],[121.36815130613014,24.91722917702618,0],[121.36815592479188,24.91726356188914,0],[121.36818861134628,24.917486436667257,0],[121.36825440446017,24.917826337232583,0],[121.36827014518666,24.917896595507205,0],[121.36829540965788,24.917972906779873,0],[121.36832825031962,24.918056255550955,0],[121.36844092128318,24.91839426731066,0],[121.36847851696183,24.91849212725618,0],[121.36851407522883,24.918566641509152,0],[121.36857909092352,24.918730859700364,0],[121.36862156422906,24.91886798265769,0],[121.36865977066599,24.919020696162487,0],[121.36869574939641,24.91917503455492,0],[121.36873285415894,24.919345769448064,0],[121.36880850695321,24.919777296437616,0],[121.36882888909778,24.919895955573637,0],[121.36886757424483,24.920135857911923,0],[121.3688723673846,24.92016999031568,0],[121.36887359110192,24.920180448965294,0],[121.36887491621451,24.920191988109593,0],[121.3688949763045,24.920323388372235,0],[121.36892851585935,24.920546697068357,0],[121.36895115900275,24.920756903225598,0],[121.3689608105747,24.920875560416384,0],[121.3689723028235,24.920975023916803,0],[121.3690154557871,24.921279743670407,0],[121.36906036362527,24.921642715393986,0],[121.36910329402058,24.922054790415373,0],[121.36915284974316,24.922456037000178,0],[121.3692043174939,24.92287277371098,0],[121.36926829632495,24.923367871414058,0],[121.36927348333987,24.923474120940444,0],[121.36927007300602,24.923798917599044,0],[121.36929900529086,24.92391902385087,0],[121.36935231486463,24.9241427728023,0],[121.36935258117023,24.924143884441726,0],[121.36942716662927,24.924455256131285,0],[121.369428793332,24.92446204810249,0],[121.3694314780638,24.92447397184424,0],[121.36947548972645,24.924661263094116,0],[121.3695218855798,24.924868585038208,0],[121.36954724561177,24.92507565280133,0],[121.36956635623062,24.925286060324304,0],[121.3695668756196,24.92528992439386,0],[121.36956945882675,24.92530532812642,0],[121.36959541315511,24.925460687885877,0],[121.36961253926108,24.92556813572505,0],[121.36962107498839,24.925621795323483,0],[121.36962110298059,24.925621978486326,0],[121.36963303413557,24.925700105274593,0],[121.36963912190703,24.925740004040318,0],[121.3696540515374,24.92577898533862,0],[121.3696658884919,24.92580989845358,0],[121.36974083498656,24.926017185114425,0],[121.36974342286331,24.926023313664025,0],[121.36978766121129,24.926128105669235,0],[121.36978766121129,24.926128105669235,0],[121.36978766245169,24.926128108607447,0],[121.36980142058916,24.9261606973143,0],[121.36985307176111,24.92628427120719,0],[121.36986987465971,24.926325081092966,0],[121.36988665780042,24.92636584939676,0],[121.36990370181627,24.92640725772478,0],[121.3699197697013,24.926446300121015,0],[121.36994052576777,24.92649693401866,0],[121.36996092557033,24.92654670758156,0],[121.36997111376678,24.926571568990862,0],[121.37002293315778,24.926697506665267,0],[121.37004342259596,24.92674699820533,0],[121.37006393203644,24.926796545857858,0],[121.3700801076418,24.926835629043275,0],[121.37008515638271,24.926847828662535,0],[121.37008515638271,24.926847828662535,0],[121.37008519205139,24.926847914788684,0],[121.37010588142324,24.92689783544767,0],[121.37012805761802,24.926951351827242,0],[121.37012879550325,24.92695303579881,0],[121.37019360339158,24.927098858414702,0],[121.37025660691609,24.927231269689383,0],[121.37027740855498,24.927275420563557,0],[121.37035642917967,24.92742574298258,0],[121.37055067433842,24.9277954888195,0],[121.3705588483879,24.927811055025657,0],[121.37063330564646,24.92794171283579,0],[121.37069845791717,24.92805310836123,0],[121.3707013306905,24.92805717922614,0],[121.3707031868206,24.92806754422924,0],[121.37071601427729,24.928139188465313,0],[121.37071601427729,24.928139188465313,0],[121.37071603903998,24.928139326454055,0],[121.37072275516178,24.928176666263198,0],[121.37074135515286,24.928280097168308,0],[121.37074810766126,24.928307431694353,0],[121.37076532332865,24.92837799356559,0],[121.3707769403988,24.928431289093417,0],[121.37078638780207,24.928474338520598,0],[121.37079193586173,24.928511913606897,0],[121.37079794479156,24.9285584421958,0],[121.37080489577825,24.928612273367087,0],[121.37081619937653,24.92871226762509,0],[121.370818056192,24.928743193138068,0],[121.37082875008616,24.928906733806535,0],[121.37083846251193,24.92906495326423,0],[121.37084082719558,24.929147502917644,0],[121.37084564151998,24.929231937401184,0],[121.37085315722098,24.929385013723948,0],[121.37086399745272,24.92954692243485,0],[121.37086561955263,24.92958520512615,0],[121.37086719423864,24.929622370313147,0],[121.37086761062471,24.92962807995115,0],[121.37087184818225,24.929686188428388,0],[121.37087130215149,24.929701882344713,0],[121.3708825617895,24.929892337441213,0],[121.37088672256205,24.92997480983041,0],[121.37089108763237,24.930011170256464,0],[121.37089715340588,24.930120961027388,0],[121.37089962057988,24.9301632685611,0],[121.37101490635747,24.930896435839013,0],[121.37105023711874,24.93111764737873,0],[121.37109068261911,24.93138559903885,0],[121.3710991527353,24.931446031611095,0],[121.37114906070592,24.931700439527518,0],[121.37116839568759,24.93177924764203,0],[121.37118086705128,24.931830781095474,0],[121.37119545039563,24.931883872422187,0],[121.37124378902878,24.93204972484324,0],[121.37127997717006,24.93217752397498,0],[121.37131344904421,24.93228146317648,0],[121.37133476211112,24.93233779956526,0],[121.37135138820045,24.932378477745964,0],[121.3713675044335,24.932408314993733,0],[121.3713927159039,24.932447438685607,0],[121.37141742354707,24.93248286927504,0],[121.37144022170243,24.932511628737213,0],[121.37145019972361,24.93252421582575,0],[121.3714880826741,24.932568922185116,0],[121.37153436121363,24.93262574593827,0],[121.37156425565229,24.932657944988566,0],[121.3716427656278,24.932729855974127,0],[121.37165746891105,24.93274160822554,0],[121.37174116883361,24.932831310162832,0],[121.37174739046361,24.93283695430252,0],[121.37175437968403,24.93284329478415,0],[121.37176136890518,24.932849635265438,0],[121.37176835812704,24.932855975746385,0],[121.3717753473496,24.93286231622698,0],[121.37178233657289,24.932868656707242,0],[121.37178934678458,24.932875016226763,0],[121.37179640702013,24.932881370257448,0],[121.37180347577008,24.932887675556223,0],[121.37181052089126,24.932893959777243,0],[121.37181756601315,24.93290024399792,0],[121.37182030307987,24.932902685450255,0],[121.37193305864186,24.933002085903055,0],[121.37198630882916,24.93305046658716,0],[121.3720479983104,24.93310337578677,0],[121.37210635548229,24.933154104411127,0],[121.37215463488037,24.933196234452403,0],[121.37218931910773,24.93322639949956,0],[121.37222521339199,24.933255085786875,0],[121.37226078649755,24.933282746954145,0],[121.37230101727692,24.933313412445813,0],[121.37233528674497,24.933338089949967,0],[121.37237707475172,24.933368374556164,0],[121.37248780251238,24.93344347147488,0],[121.37254029771529,24.933477027991938,0],[121.37261178509067,24.933522068347802,0],[121.37265905970506,24.933550075219884,0],[121.37272859777951,24.933591075813407,0],[121.3727826486589,24.933621026907666,0],[121.37284137372987,24.93365183789864,0],[121.37289345185992,24.933678594595914,0],[121.37295641809266,24.933709257533838,0],[121.37300725506162,24.933733193650124,0],[121.37304751666818,24.933751192869988,0],[121.37304935606251,24.933752015183114,0],[121.3732147612311,24.93382244723182,0],[121.37337671317313,24.933890726947432,0],[121.37352849008931,24.93395535566135,0],[121.37378090751591,24.934060144338467,0],[121.37393064413601,24.93412312214628,0],[121.37393151113034,24.934123486795272,0],[121.37392589644328,24.93413710011799,0],[121.37404523030523,24.934177829072024,0],[121.37415447633431,24.934207450207214,0],[121.37428958461699,24.93423713750852,0],[121.37447436039544,24.93427572124789,0],[121.37463688189892,24.934302120150896,0],[121.37478381299572,24.93432695821518,0],[121.3747969503151,24.93433040794011,0],[121.37486260846288,24.934350703265935,0],[121.37494351966394,24.9343581585232,0],[121.37520429273363,24.934342321978377,0],[121.37535537885506,24.93436643898933,0],[121.37547584756777,24.934385718236513,0],[121.37559234847323,24.934402278824933,0],[121.375679066751,24.93441491127877,0],[121.375679066751,24.93441491127877,0],[121.37571873789938,24.9344199493738,0],[121.3757585985324,24.93442353449756,0],[121.37581307087486,24.934427430950247,0],[121.37585280645477,24.934429733463492,0],[121.37585280645477,24.934429733463492,0],[121.37587961301176,24.934430638813136,0],[121.37590643457708,24.934430250891438,0],[121.37593319615753,24.93442857078307,0],[121.3759598229277,24.934425603185606,0],[121.37599634461606,24.9344206359805,0],[121.37619357970476,24.93439269582042,0],[121.37652304811353,24.934340541729373,0],[121.37670455367905,24.934306899890338,0],[121.37681295733279,24.934285405302926,0],[121.37686798903016,24.934270926334243,0],[121.37705836807736,24.93420373008245,0],[121.37727086725022,24.934110330695173,0],[121.37746459120626,24.934014978677403,0],[121.37751179913793,24.933993647113052,0],[121.37760722113532,24.933950529280704,0],[121.37782713064445,24.93384684293827,0],[121.37788576112278,24.93381452010361,0],[121.37801022253748,24.933745904707962,0],[121.37823089025339,24.933620514410634,0],[121.37848134376222,24.933484098016923,0],[121.3787712574038,24.933329781252503,0],[121.37904547273172,24.933184085449255,0],[121.37962553387781,24.932814724974367,0],[121.38002493089225,24.932594513876463,0],[121.38042035285872,24.93239050558019,0],[121.38084826867356,24.9321626409999,0],[121.38108901346048,24.932035161122684,0],[121.38124988962677,24.931954838552677,0],[121.38140390046705,24.931883461873475,0],[121.38157278685878,24.931811104482275,0],[121.38165439442642,24.931778296214578,0],[121.38193831884006,24.931674651615012,0],[121.38224918570904,24.931586735465213,0],[121.38239607653075,24.931551083403306,0],[121.38253007465002,24.931526624631132,0],[121.38267486747361,24.93150042201529,0],[121.3828087243997,24.93147675471793,0],[121.38309101686757,24.931429634567223,0],[121.38327050770162,24.93140697032438,0],[121.38340879809398,24.93138956238483,0],[121.38351691204825,24.931385476068353,0],[121.3835965759841,24.931388368802164,0],[121.38376006055066,24.931404425575636,0],[121.38399052459815,24.931450357422765,0],[121.38411217718209,24.931494269061343,0],[121.38415944215566,24.931511715669316,0],[121.38436683893019,24.93160169895914,0],[121.38461177496767,24.931726458703448,0],[121.38480620303687,24.931861792380293,0],[121.38485524047746,24.931901181582525,0],[121.3848894473201,24.931927075218045,0],[121.38491873003342,24.93194963955422,0],[121.38507114032642,24.932069550897694,0],[121.3851955549462,24.932167613221807,0],[121.38529013681384,24.932241998000432,0],[121.38549659574439,24.932406723527425,0],[121.38573028565965,24.932562135441003,0],[121.38573516198328,24.93256648784994,0],[121.38608712949107,24.93285368903492,0],[121.38611218189644,24.932877799768615,0],[121.38625026964245,24.932984878801694,0],[121.38638147446291,24.933087328074883,0],[121.38638988440452,24.93309315559709,0],[121.38667314735225,24.93329989219868,0],[121.38667314735223,24.93329989219868,0],[121.38667314808254,24.933299892731647,0],[121.38685442780327,24.933432180173334,0],[121.3868622034077,24.933446645482647,0],[121.38692295710793,24.933563341678195,0],[121.38696256050405,24.933658074112948,0],[121.38700029526188,24.933758882664115,0],[121.38712095201194,24.933993094067066,0],[121.38721980479585,24.93419042844639,0],[121.38730748002538,24.934338073885193,0],[121.38736026527823,24.934426741892906,0],[121.38736833729025,24.934437982767577,0],[121.3874856895246,24.934633394827593,0],[121.38768692748462,24.934944245960875,0],[121.38789656339894,24.935238463977644,0],[121.38797980015931,24.935349065052456,0],[121.38804435940119,24.935435104441808,0],[121.38813221394747,24.935535911838095,0],[121.38813221394747,24.935535911838095,0],[121.38813234419362,24.93553606113511,0],[121.38832165774093,24.93575284431658,0],[121.38844449299779,24.935879103815918,0],[121.38861392208032,24.93605325542586,0],[121.38867307333275,24.936112612457528,0],[121.38869539904891,24.93613632693336,0],[121.38893761677242,24.936373254527936,0],[121.3891872336632,24.936610595134017,0],[121.38944430788202,24.936850520916323,0],[121.38955332157033,24.93691877873098,0],[121.39005582856579,24.937207673961595,0],[121.39092513121795,24.93774177020616,0],[121.3910194253152,24.93780508864038,0],[121.39143583763496,24.938093160779083,0],[121.39155974895858,24.93816879912842,0],[121.39172762099042,24.93827435303882,0],[121.39188270582787,24.938374347421718,0],[121.39223748061768,24.938599519220052,0],[121.39267286453818,24.938885156149254,0],[121.39308495730519,24.93917234070887,0],[121.39313797726552,24.93920827807502,0],[121.3931806858766,24.93920768726799,0],[121.39321122177599,24.939206285098685,0],[121.39323436417003,24.939204285503592,0],[121.39325264184887,24.93920307690048,0],[121.39329533657872,24.939197364542437,0],[121.3933323807704,24.939189660238743,0],[121.39338305189062,24.939177617809438,0],[121.3934338834258,24.939162843633177,0],[121.39343630763177,24.939160801205837,0],[121.39343630763177,24.939160801205837,0],[121.39343630897407,24.93916080007479,0],[121.39351367014481,24.939095606060587,0],[121.39351367014481,24.939095606060587,0],[121.3935377711424,24.939073896444977,0],[121.39356023570986,24.93905077379774,0],[121.39358096442866,24.93902634045062,0],[121.39359986556288,24.939000704535943,0],[121.39361685546471,24.93897397950809,0],[121.39363185894491,24.938946283641307,0],[121.3936572143421,24.938895271941295,0],[121.39371000889295,24.938804717820457,0],[121.39381819014037,24.938620809041787,0],[121.39390472875486,24.938474417346765,0],[121.3939543510887,24.938390612268556,0],[121.39401778322002,24.938288410532994,0],[121.39409250209268,24.93816646856446,0],[121.39412919635866,24.938106320619767,0],[121.39416081655244,24.938055382719487,0],[121.39417398537347,24.93802527048244,0],[121.39418043977186,24.937961844061075,0],[121.39418509475617,24.937870046968335,0],[121.3941902272578,24.937818557936723,0],[121.39421257887756,24.93773051759289,0],[121.39425824981697,24.937542772938123,0],[121.39426768601382,24.937504935139906,0],[121.39432169878997,24.937288351194972,0],[121.39435856108759,24.93713681306944,0],[121.39438670163337,24.937028154887933,0],[121.39443739121442,24.936829912315137,0],[121.39449001040059,24.936641950779414,0],[121.39453913837391,24.93648516249255,0]]}},{"type":"Feature","properties":{"cadgeom_type":"CADLWPolyline","thickness":0,"color":"#FFFF00FF"},"geometry":{"type":"LineString","coordinates":[[121.36930721308201,24.905822819489142,0],[121.36930721320252,24.905822819647412,0]]}},{"type":"Feature","properties":{"cadgeom_type":"CADLWPolyline","thickness":0,"color":"#FFFF00FF"},"geometry":{"type":"LineString","coordinates":[[121.40804663290686,24.964069043847918,0],[121.40842727230104,24.963958221430982,0],[121.40880232599329,24.96383256670943,0],[121.40880232599329,24.96383256670943,0],[121.40915320442406,24.9637090692509,0],[121.40949700547915,24.963570011481334,0],[121.40983289935514,24.963415729044005,0],[121.40983289935514,24.963415729044005,0],[121.40993517995754,24.96336215951865,0]]}},{"type":"Feature","properties":{"cadgeom_type":"CADLWPolyline","thickness":0,"color":"#FFFF00FF"},"geometry":{"type":"LineString","coordinates":[[121.38067770252273,24.87693692707589,0],[121.38067184851928,24.87694638709992,0],[121.38065874321276,24.87696468732186,0],[121.38063583920274,24.876985697423297,0],[121.38059894226839,24.87701711518538,0],[121.38046106579412,24.877097746416243,0],[121.38025298053569,24.877225290991998,0],[121.38027180550179,24.877325690303064,0],[121.38027482310233,24.877517176018916,0],[121.38022536965013,24.877510383854556,0],[121.38021300516617,24.87757903546283,0],[121.38010584585204,24.87789199698678,0],[121.38009659259818,24.877912758396842,0],[121.38009847952515,24.877982782412932,0],[121.38014824364477,24.878167419123255,0],[121.38016378802297,24.878299143412406,0],[121.38022705380172,24.878607975253733,0],[121.38025107851979,24.878668695761633,0],[121.3802436098736,24.878691127125638,0],[121.3801982656364,24.878872375258563,0],[121.38020206681436,24.878886715805788,0],[121.38019816119468,24.8789456356495,0],[121.38037175498508,24.879181326715376,0],[121.380407100422,24.879337714230232,0],[121.38039215082698,24.87943078284714,0],[121.38039688627397,24.879552998513525,0],[121.38036265311109,24.879654340959704,0],[121.38024829574395,24.879770361342214,0],[121.38014814391515,24.879865460628565,0],[121.38018670904671,24.879933482117384,0],[121.38015538397374,24.879981850714262,0],[121.37993972230196,24.88030710416713,0],[121.37990197384647,24.88034301819978,0],[121.37982258266952,24.880528806876505,0],[121.37976805009909,24.880622780622616,0],[121.379741193089,24.880660369821545,0],[121.37961856425088,24.880734056520268,0],[121.37956742167162,24.880819019374627,0],[121.3794468149925,24.881034698462038,0],[121.37925369044243,24.881226062666506,0],[121.37922390994676,24.881259285722578,0],[121.37920094055853,24.881303359167337,0],[121.37912942635315,24.881512427177903,0],[121.37908471644101,24.88158983561077,0],[121.3790508028999,24.88170545866658,0],[121.37901431609839,24.881751823096284,0],[121.37894112415269,24.881882441452227,0],[121.37889990020138,24.881993252748178,0],[121.37891112869349,24.88206487035823,0],[121.3789415507758,24.882170278983878,0],[121.37892315823215,24.88224261290166,0],[121.37882849705373,24.882386652324545,0],[121.37881030175053,24.882441870554725,0],[121.37876070349054,24.882503685125325,0],[121.37870758587655,24.882552053526876,0],[121.37867451172245,24.88260305496948,0],[121.37858888755429,24.882803887421062,0],[121.37854532070956,24.88288696265608,0],[121.37851536612224,24.882995474350615,0],[121.3784848493785,24.883052437224247,0],[121.37845632253978,24.883089644496366,0],[121.37837248680128,24.883150823373885,0],[121.37832087190533,24.883234294862508,0],[121.37830926784648,24.8833204490954,0],[121.37826201005748,24.883371630177944,0],[121.37818976890173,24.88341586787832,0],[121.37807965984334,24.883498272402004,0],[121.37794177065066,24.883625395550954,0],[121.37784843928104,24.88374223577149,0],[121.37777042266454,24.88376386689162,0],[121.3776650410213,24.883825954057603,0],[121.37762191473439,24.88386636819647,0],[121.3775956455917,24.88391999879737,0],[121.37759063110344,24.88402091226837,0],[121.37757584603634,24.884069745392633,0],[121.377530935848,24.884124709342608,0],[121.37747605744975,24.884154404398597,0],[121.37741956728615,24.88415910241897,0],[121.37729862093906,24.88409279347427,0],[121.3772194600214,24.884049023521282,0],[121.37720073751962,24.884046411765706,0],[121.37715759789417,24.88404627117637,0],[121.3771385093175,24.884048853239555,0],[121.3771212055722,24.884080976477012,0],[121.37709401599226,24.884144792536176,0],[121.37709611943008,24.884197060832765,0],[121.37712140973595,24.884262871481273,0],[121.37712660401269,24.88427638323427,0],[121.37711342706856,24.884327068611924,0],[121.37706170219285,24.884390938483648,0],[121.37697747361553,24.88443951131707,0],[121.37693983651202,24.884465643306868,0],[121.37693983651202,24.884465643306868,0],[121.3769398296203,24.884465648089016,0],[121.3769081186028,24.884487638860914,0],[121.37686281155693,24.884524399628308,0],[121.37682094789552,24.88456610695063,0],[121.37677521110501,24.884630232959424,0],[121.37675730630585,24.884677885747312,0],[121.37674020681465,24.88477998812295,0],[121.3766854273053,24.88484571554845,0],[121.37663068560684,24.884898110269773,0],[121.37658851761095,24.884957906149648,0],[121.37650790296816,24.8853144099863,0],[121.3764895992774,24.885473676329227,0],[121.37633368652399,24.88615664111863,0],[121.37628485825115,24.886196591382568,0],[121.37623204957222,24.8863325398877,0],[121.37619973101906,24.886448163375487,0],[121.37625563953887,24.886512759755764,0],[121.3762739290001,24.88659443609289,0],[121.3762981027354,24.88670359613902,0],[121.37631954042286,24.886832255304782,0],[121.37627869489835,24.88688976822453,0],[121.37625908523022,24.886921225855566,0],[121.37613556425387,24.886975146792,0],[121.37609461256545,24.886995901149433,0],[121.37608748117678,24.887138836746878,0],[121.37608032577774,24.887320151311524,0],[121.3760478859158,24.887407789536137,0],[121.37605199749652,24.887411440627673,0],[121.37606436510426,24.88753805560448,0],[121.37617101502437,24.887610729589284,0],[121.37616285865681,24.88766945454645,0],[121.3760924399117,24.887810374478235,0],[121.37601842261219,24.887895640494285,0],[121.37603867321647,24.887955643401835,0],[121.37614647114555,24.888162688644687,0],[121.37613590925503,24.888223396968527,0],[121.37607237172956,24.8884273898893,0],[121.37606669816218,24.88843404913597,0],[121.37603676978333,24.888552832838684,0],[121.37597794198746,24.88873415525348,0],[121.376025466092,24.8889472844409,0],[121.37597449114287,24.88918496696836,0],[121.37597051061674,24.889620147303162,0],[121.3759169276178,24.889832884310724,0],[121.37583891660567,24.8899373204348,0],[121.37584763654601,24.88998696395993,0],[121.37587002837193,24.889999817693102,0],[121.37585467617198,24.890090352896898,0],[121.37581875472928,24.890319466459214,0],[121.37579334796511,24.890338599910123,0],[121.3756715547674,24.890542735798295,0],[121.37558696405068,24.89062099282182,0],[121.37553375740833,24.89065840449867,0],[121.37553792332632,24.89066330294927,0],[121.37543914694245,24.890883446169866,0],[121.37537467814597,24.890910475981844,0],[121.3751927008032,24.891231740025344,0],[121.37513181157739,24.891345178520243,0],[121.3750532812617,24.891489352325078,0],[121.37493104459826,24.89173002292624,0],[121.37480057221406,24.89200493334424,0],[121.37471034970136,24.892190429579188,0],[121.37465265944446,24.89231320926957,0],[121.37451247925938,24.892566577032863,0],[121.37435273961862,24.89286673141725,0],[121.37418299903007,24.893219854246762,0],[121.37407073428186,24.893520625424145,0],[121.37398525201179,24.893835195395674,0],[121.37392800412982,24.894110704193707,0],[121.37387285040936,24.894443380095083,0],[121.37385090756061,24.89468244736256,0],[121.37384473645321,24.894884145755622,0],[121.37384679963571,24.89501399268237,0],[121.37385934135347,24.895145812586627,0],[121.37386967104604,24.895346243251115,0],[121.37388235229182,24.89550545536514,0],[121.37389476598972,24.895637145146903,0],[121.37390065215686,24.895756717893395,0],[121.37390151749437,24.895871158974252,0],[121.37389945963206,24.895948681893106,0],[121.37388620893351,24.89610958602565,0],[121.37385889275926,24.8963127814554,0],[121.37383285188989,24.89646158491763,0],[121.37380352414394,24.896590505501834,0],[121.37377322475827,24.89669693914473,0],[121.37373688732083,24.896788234045864,0],[121.37369598575293,24.89686899306717,0],[121.37366248079489,24.8969246747797,0],[121.37362135747667,24.896984209453954,0],[121.37359138365233,24.897011848796552,0],[121.37355704248766,24.897034232432905,0],[121.37352544151186,24.897049257668908,0],[121.3734958947351,24.897060152131644,0],[121.37346504850444,24.897067254974765,0],[121.37343395610822,24.897070493433407,0],[121.37336098059293,24.897071853902684,0],[121.37328633806648,24.897058683793876,0],[121.37323605319756,24.89704470168294,0],[121.37317844248541,24.897019686644477,0],[121.37313831383665,24.89699663434348,0],[121.37297449062409,24.89690140481747,0],[121.37290567854357,24.89686592254568,0],[121.37281737198875,24.89684150668771,0],[121.37272673746722,24.896821328565665,0],[121.37262448926063,24.89680587218529,0],[121.37252800273959,24.89679814396717,0],[121.37245042464075,24.896799211903645,0],[121.37237832592352,24.896808179841393,0],[121.37229710185727,24.896824782288256,0],[121.37224312570766,24.896839553057617,0],[121.37219119488627,24.89685707552324,0],[121.3721445259496,24.896875527968156,0],[121.37210662808633,24.8968926893053,0],[121.37203762462494,24.896931228914287,0],[121.37198664948407,24.896968766802054,0],[121.37186135006799,24.897077484999105,0],[121.37179368313718,24.897149594989106,0],[121.37172678223403,24.89723392063737,0],[121.37167356880613,24.897301201186405,0],[121.37162661536263,24.89736577948196,0],[121.37159201864723,24.897418300033863,0],[121.3715472845817,24.897494224326604,0],[121.37149077964438,24.89760862072489,0],[121.37145216523157,24.89769948819082,0],[121.37141124758604,24.897806845764432,0],[121.37136977389213,24.89793184541428,0],[121.37132668537913,24.89808496344144,0],[121.37130940051824,24.8981433034973,0],[121.37122793919352,24.8984877286692,0],[121.37116686329084,24.89884508267715,0],[121.37114248679445,24.898905371440218,0],[121.37111509700172,24.898987291312306,0],[121.37103163670373,24.899213757680787,0],[121.37092980085343,24.89934220138063,0],[121.37090117624184,24.89938075042114,0],[121.37083539104128,24.89947288835301,0],[121.37075021222762,24.899529915666914,0],[121.37068031125914,24.899584694390484,0],[121.37054142702576,24.899637534498982,0],[121.37049686846105,24.899663324378,0],[121.37040630170087,24.899702112406406,0],[121.3702911662413,24.899741119601345,0],[121.37015250272674,24.89978049581805,0],[121.36997772584127,24.89982097678169,0],[121.3697942636042,24.89985768122033,0],[121.36960537186742,24.89989840988716,0],[121.36949750806104,24.899916968011357,0],[121.36934968676901,24.899944365417284,0],[121.36922799316181,24.89995879169103,0],[121.36909740578105,24.899975093890525,0],[121.36893861517045,24.899987658399844,0],[121.36877760422782,24.90000157484498,0],[121.3685964794447,24.900001397542542,0],[121.36838586402263,24.899998756862473,0],[121.36818220292277,24.899993077972557,0],[121.36804333570348,24.899992853783072,0],[121.36797165790621,24.900004746026767,0],[121.36790918180876,24.900022645147907,0],[121.36786207181864,24.900040379494264,0],[121.3678097374795,24.900064057762847,0],[121.36775778116585,24.900088514806875,0],[121.36772265781158,24.900109247127002,0],[121.36766879048659,24.900143729748763,0],[121.36763918547999,24.9001706834432,0],[121.3676035112166,24.900206673526494,0],[121.36756551495603,24.90025379998632,0],[121.36754209709729,24.900290161962594,0],[121.3675216927442,24.90033242979194,0],[121.36750231868484,24.900388242952097,0],[121.36748705016007,24.9004469282129,0],[121.36747382943054,24.900522247191876,0],[121.36747873841547,24.900571029060906,0],[121.36748946198695,24.90061458331852,0],[121.36751118064868,24.90066988226854,0],[121.36753851419861,24.90071431678857,0],[121.36757568965918,24.90077399599815,0],[121.36762415608611,24.90081913938437,0],[121.36766862519332,24.900859165517147,0],[121.367719193982,24.90089743342704,0],[121.36778036497,24.900938445831255,0],[121.36784192266909,24.900974836815955,0],[121.36792894710085,24.90102276619837,0],[121.36840048177947,24.901263571602385,0],[121.36846033036245,24.901320369003802,0],[121.36848093051191,24.901362450456336,0],[121.368510504996,24.901431181567684,0],[121.36851985089861,24.901487696301817,0],[121.3685474982182,24.90167938293831,0],[121.36854779234672,24.901681753401352,0],[121.36858842639002,24.901719713068093,0],[121.36859146083697,24.901721734219436,0],[121.36873586062207,24.90185624863949,0],[121.36883824664025,24.90195066532198,0],[121.36901733096605,24.902122106227825,0],[121.36934037316409,24.902460212152803,0],[121.36949344026428,24.90262208116988,0],[121.36958601007699,24.902721332569,0],[121.36964566247516,24.902783859528636,0],[121.36965335490197,24.902792062344183,0],[121.36978353646008,24.90293088025638,0],[121.36987349888368,24.903031216112332,0],[121.36995583656723,24.903123792143347,0],[121.37007739028304,24.90326075235851,0],[121.37016110847331,24.90337128808345,0],[121.3702132472074,24.903451910416692,0],[121.37026359113433,24.903548061780604,0],[121.3702928979108,24.903624345945733,0],[121.37030563320872,24.903676764904663,0],[121.37031458889848,24.903728766678107,0],[121.37031915240014,24.903780602346988,0],[121.37031779548516,24.903825572483765,0],[121.37031353007407,24.903873811340198,0],[121.3703019426538,24.903923437218992,0],[121.37028936819684,24.90396603198035,0],[121.37025819932992,24.904047248697445,0],[121.3702216443363,24.904116398740978,0],[121.37016442000697,24.904187578202606,0],[121.37011298850138,24.904239306175228,0],[121.37005645656994,24.90428149493153,0],[121.37000081285309,24.90431780498717,0],[121.36992751750299,24.904359439436455,0],[121.36984169584207,24.904403922478743,0],[121.36978178211514,24.904429458718123,0],[121.36970368165946,24.904457977005436,0],[121.36916999839067,24.90466759859004,0],[121.36903656981974,24.904725247834804,0],[121.36878941049099,24.904847472922693,0],[121.36876641886245,24.90485932595268,0],[121.36848898024601,24.90500649723402,0],[121.3683379596756,24.905106267375974,0],[121.36812139189628,24.905272789896102,0],[121.36798739963162,24.905374958777266,0],[121.36759265135653,24.90568283589098,0],[121.36730591818063,24.90591380670149,0],[121.3672206533591,24.9060124702461,0],[121.36711710509614,24.90616889106145,0],[121.36706400806902,24.906260903958003,0],[121.36700787129769,24.906365483368116,0],[121.366953779906,24.906504577821593,0],[121.3668849810127,24.906666193058992,0],[121.36686774781359,24.906712284561962,0],[121.36685913716107,24.90673424375255,0],[121.36684928438115,24.90676264711603,0],[121.36682735558506,24.90684020188423,0],[121.36675131636716,24.907112740604116,0],[121.36673563045024,24.90716371124469,0],[121.36671168795294,24.90725422487762,0],[121.36669717063273,24.90732027505478,0],[121.36668991122787,24.90737615306333,0],[121.36668461865519,24.907417935322858,0],[121.36667247974962,24.907542552447744,0],[121.36666760349372,24.907699063648725,0],[121.36666524807158,24.907734872208994,0],[121.36668095373923,24.907953498399415,0],[121.36673384599787,24.908245927418662,0],[121.36678991244959,24.908493177239524,0],[121.36678991244959,24.908493177239524,0],[121.36684255405969,24.90863227144323,0],[121.36690362831652,24.908768468382704,0],[121.36697294473714,24.908901343216012,0],[121.36705028712653,24.909030481462622,0],[121.36705028712653,24.909030481462622,0],[121.36705029133344,24.9090304880474,0],[121.36708645881029,24.909087134928132,0],[121.36708645881029,24.909087134928132,0],[121.36711703123679,24.90913880179333,0],[121.36714386739098,24.909192167247006,0],[121.36716685440526,24.90924700685411,0],[121.36718589559953,24.90930308997953,0],[121.36720091088824,24.909360180758107,0],[121.3672894165555,24.90975235568127,0],[121.3672894165555,24.90975235568127,0],[121.36734866749657,24.910022967777486,0],[121.36739115053469,24.910296188839723,0],[121.36741673129768,24.910571155393562,0],[121.36742532882839,24.910846998442537,0],[121.36742579675837,24.91120541012906,0],[121.36742579675837,24.91120541012906,0],[121.3674233287397,24.91135020984749,0],[121.36741207044108,24.911494662620438,0],[121.36739205639627,24.91163832495914,0],[121.36736357444295,24.91183500024581,0],[121.367310904246,24.91214316969493,0],[121.36730628072732,24.912181797594975,0],[121.36724329353974,24.912827228351066,0],[121.36721947240397,24.913050787627643,0],[121.3672121281183,24.91315189656174,0],[121.36718873931895,24.91343667911456,0],[121.3671815230898,24.913590207897638,0],[121.36717757285163,24.913729649663548,0],[121.36716308469597,24.914051629467654,0],[121.36715253984814,24.91414297286973,0],[121.3671507143172,24.914196144279767,0],[121.36714897111536,24.91427112548526,0],[121.36715323421159,24.91461148572845,0],[121.36715399008486,24.914662879188082,0],[121.36715347962756,24.914678479928828,0],[121.36715854441742,24.91497287054911,0],[121.36716615466236,24.915187668610578,0],[121.3671820050607,24.915548138154524,0],[121.36718297561424,24.915614196237758,0],[121.36718618001149,24.915730921501435,0],[121.36719198682934,24.91597562899221,0],[121.3672037243399,24.916133926192916,0],[121.36721344780503,24.916265060758686,0],[121.36727095596615,24.916733024025085,0],[121.36733153157556,24.91720455972142,0],[121.36734152199121,24.91726818191563,0],[121.3673494383695,24.9173327873581,0],[121.3673661300565,24.917459288419643,0],[121.36737413218185,24.917518191622698,0],[121.36742320187318,24.917723725319846,0],[121.36748525192944,24.917935560226727,0],[121.3675079697619,24.91801014474438,0],[121.36753263342234,24.91815988807463,0],[121.3675767158497,24.918433086073765,0],[121.36760670406464,24.91855367890245,0],[121.36769302419098,24.91902318816166,0],[121.3677673428376,24.919461177214888,0],[121.36777199469293,24.919472156580103,0],[121.36777479444939,24.919502132799913,0],[121.36777916558904,24.919527978988427,0],[121.36779020350089,24.919589786170643,0],[121.3678041846884,24.919667529516875,0],[121.36781313451583,24.91971552243202,0],[121.36782064764917,24.91974897800455,0],[121.36783277622398,24.91980864471035,0],[121.36784258481184,24.919853548582,0],[121.36787124854965,24.92005065458252,0],[121.3679671281873,24.920572465052388,0],[121.36800989210694,24.92077447046627,0],[121.3681423057942,24.921544558886417,0],[121.3682170342111,24.92199389273119,0],[121.36830565254049,24.922922840559128,0],[121.3683790994767,24.923893462139937,0],[121.36838510050293,24.92403875960879,0],[121.36839320857634,24.924399038179192,0],[121.36841312117615,24.92456317925834,0],[121.36845942694946,24.924772953571537,0],[121.36848541004652,24.924890665387764,0],[121.36850878296747,24.92499654353282,0],[121.36850878296747,24.92499654353282,0],[121.36850878488872,24.92499655223801,0],[121.36852837217596,24.92508532074952,0],[121.36852837217596,24.92508532074952,0],[121.36852837462152,24.925085331828488,0],[121.36854400759857,24.925156125612727,0],[121.36854400759857,24.925156125612727,0],[121.36854400947215,24.925156134099076,0],[121.36855953514899,24.925226472195202,0],[121.36857527150273,24.92529776631572,0],[121.36857527150273,24.92529776631572,0],[121.36857527366999,24.925297776136983,0],[121.36859076697952,24.9253680040826,0],[121.36859076697952,24.9253680040826,0],[121.3685907689353,24.92536801294511,0],[121.36860673375787,24.925440334007643,0],[121.36861506862536,24.92547808650994,0],[121.36861604664168,24.925482516405914,0],[121.36861604664168,24.925482516405914,0],[121.36861604840693,24.925482524403236,0],[121.36862386634725,24.925517949906283,0],[121.36862484429768,24.925522381186866,0],[121.3686286704117,24.925539718047435,0],[121.3686286704117,24.925539718047435,0],[121.36862867311736,24.925539730302233,0],[121.36863490720954,24.925567954393177,0],[121.36863490720954,24.925567954393177,0],[121.36863491150407,24.92556797382314,0],[121.36863701394822,24.925577479693942,0],[121.36863701394822,24.925577479693942,0],[121.3686370267972,24.925577537874354,0],[121.36864507068314,24.925614014604374,0],[121.36864507068314,24.925614014604374,0],[121.36864507500648,24.92561403419635,0],[121.36865462422134,24.925657278861447,0],[121.36866453025199,24.92570214572499,0],[121.36866453025199,24.92570214572499,0],[121.36866454226396,24.925702200205475,0],[121.36866666908871,24.925711859834653,0],[121.36866666908871,24.925711859834653,0],[121.36866667838282,24.925711901985533,0],[121.36867414325901,24.92574570785492,0],[121.36868176131777,24.925787696168726,0],[121.36879426733297,24.92617584459934,0],[121.36886363365502,24.926418965942062,0],[121.36893422558585,24.92666892605928,0],[121.3689446286705,24.92670957629962,0],[121.369007401889,24.92694220637776,0],[121.36903562062348,24.927056017528436,0],[121.3690417780094,24.927084849793047,0],[121.36904594457586,24.92712303539627,0],[121.36905906288979,24.927208050621672,0],[121.36906198507202,24.927225628868467,0],[121.36908686847786,24.927302417430884,0],[121.36914076800178,24.927415026478307,0],[121.3692226975628,24.927583224035477,0],[121.36929173151107,24.92772452289149,0],[121.36937986824805,24.927907505331664,0],[121.36947743049139,24.928118794904506,0],[121.36950202689304,24.92817847293133,0],[121.36953675094072,24.928264172539944,0],[121.36955323135913,24.928308338273485,0],[121.36957027768618,24.92835741335226,0],[121.36958976732176,24.928416453503107,0],[121.36959401005605,24.928429306053186,0],[121.36962764552307,24.928543382593944,0],[121.36965001918851,24.928624766549465,0],[121.36967833422229,24.92873358907589,0],[121.36971928827018,24.928909349740746,0],[121.36975658567656,24.929099891709992,0],[121.36978439175601,24.929278692261477,0],[121.36979003062685,24.92932104306392,0],[121.3698010207557,24.929403584460267,0],[121.36981276305916,24.92949412183691,0],[121.36982847403925,24.929599763487325,0],[121.36984262952664,24.929693429197005,0],[121.36985681331743,24.929801635414222,0],[121.36987594685047,24.929972814270002,0],[121.3698810591112,24.930012206777505,0],[121.36988760348798,24.930094445852145,0],[121.3698957792436,24.93022993045132,0],[121.36991597030128,24.93063456755285,0],[121.36992328289024,24.930777453993485,0],[121.36993090758114,24.930943762599775,0],[121.36993715918453,24.931078553325605,0],[121.36994828892956,24.93130546720134,0],[121.36994828892956,24.93130546720134,0],[121.36994828942471,24.931305477382445,0],[121.36995350211504,24.931413576124253,0],[121.3699557470717,24.931460126169018,0],[121.36996152105857,24.93157985183536,0],[121.36996883599889,24.93172592625425,0],[121.36997515275337,24.931849213622094,0],[121.36998846937273,24.932105134228635,0],[121.36999459337898,24.932229706850904,0],[121.36999931596242,24.932325793844154,0],[121.37000673448944,24.93248825905762,0],[121.3700069612531,24.932531824251907,0],[121.3700044734576,24.93262172915514,0],[121.37000391459134,24.932697940744898,0],[121.37001037872271,24.93275210034701,0],[121.37001085037856,24.932756258900984,0],[121.37001513046553,24.9327801530877,0],[121.37007216229,24.93289461509075,0],[121.37012037231514,24.932959212779263,0],[121.37013977841913,24.932979797247633,0],[121.37016327439957,24.933002343055076,0],[121.3701696694483,24.93300845479611,0],[121.37019700854816,24.9330345827337,0],[121.37020833144096,24.933045404000953,0],[121.37033452770288,24.93316874861375,0],[121.37042554045777,24.933257291369188,0],[121.3704932530008,24.933326805543846,0],[121.37050838825431,24.933341705589612,0],[121.3705941093758,24.93341741838879,0],[121.3706542380418,24.933468971889116,0],[121.37067443157618,24.933485196771144,0],[121.37068728195747,24.933495637616566,0],[121.37070246956364,24.93350765576685,0],[121.37071701570201,24.933518797173015,0],[121.37073114069926,24.933529207383067,0],[121.37074507085171,24.933539021270082,0],[121.37075911583919,24.933548373554693,0],[121.37077486100878,24.933558181403868,0],[121.37077831877733,24.93356121422791,0],[121.37080349875698,24.93357678557208,0],[121.37086596829086,24.93360317650783,0],[121.37096904028446,24.933647265155127,0],[121.37104391520884,24.933681905215924,0],[121.3711608124623,24.93373362746339,0],[121.37132058553117,24.93380160604261,0],[121.37136495142681,24.933820545269814,0],[121.37147111424423,24.933865864726165,0],[121.37158173781037,24.933911795287628,0],[121.37166504327692,24.933947341007496,0],[121.37173759551226,24.933978761985983,0],[121.37180813860545,24.934010161777742,0],[121.37189998805012,24.934053224840728,0],[121.3720132167232,24.934106016990544,0],[121.37214652018399,24.93416785127202,0],[121.3723174792638,24.934247455826526,0],[121.37232852029022,24.934252377273456,0],[121.37251216590533,24.934343816970852,0],[121.37259492519337,24.934384937583317,0],[121.3727140327686,24.934444464658213,0],[121.37280290757641,24.934489031007892,0],[121.3728414616677,24.934508016709394,0],[121.37285041346883,24.93451264880814,0],[121.37296055808372,24.934566036408693,0],[121.37303415096505,24.93460162655392,0],[121.37310440220581,24.934635789223858,0],[121.37319991895414,24.934682122143915,0],[121.37326584559841,24.934714284904928,0],[121.37329877476375,24.93473088507184,0],[121.3733198237127,24.934741496208158,0],[121.37339195362195,24.934776220094218,0],[121.37350512659992,24.934834105655113,0],[121.37356358751535,24.934865086028132,0],[121.37361716197742,24.934891430212975,0],[121.37363424603754,24.934899648788885,0],[121.37368283931997,24.934918184415206,0],[121.37370593070084,24.93492714279885,0],[121.37377440263947,24.934951577390077,0],[121.37382113460484,24.934966871412165,0],[121.37405625626432,24.935047746165555,0],[121.37422202275566,24.93510666867949,0],[121.37443541777648,24.93517832858973,0],[121.37455446620352,24.935218074627887,0],[121.37479823374372,24.935362768064735,0],[121.37483679285833,24.935364871003678,0],[121.3749525401921,24.935364994554615,0],[121.3749525401921,24.935364994554615,0],[121.3749525477272,24.935364994564402,0],[121.37506207458624,24.93536516205932,0],[121.37531429929145,24.935363952364153,0],[121.37554722736888,24.935352469732848,0],[121.3758033252618,24.935333577846247,0],[121.37602539362615,24.93530617846585,0],[121.37611417906058,24.935292162086903,0],[121.37626057797169,24.935264537080876,0],[121.37628148844492,24.935260591328777,0],[121.37643041072822,24.935229846336604,0],[121.37674184865466,24.93515264615486,0],[121.37686145117648,24.935117235598934,0],[121.37698274073949,24.93507593381266,0],[121.37717990665604,24.935002632734857,0],[121.37724716365453,24.934977245687882,0],[121.37736223715886,24.93493380957174,0],[121.37745234370765,24.934893469095744,0],[121.3775304297562,24.93485813952197,0],[121.37761991700478,24.934813507740778,0],[121.37787510986048,24.934677046767032,0],[121.37787510986048,24.934677046767032,0],[121.37787511481993,24.934677044116203,0],[121.37807233010534,24.93457167889098,0],[121.37825329819931,24.93447415922503,0],[121.37852323667558,24.934332617734306,0],[121.37876162216641,24.93420353222439,0],[121.37901826522513,24.934065110026506,0],[121.3792531516904,24.93393968927653,0],[121.37951523798375,24.933801127210824,0],[121.37951610764136,24.93380065771153,0],[121.37992100944474,24.933582063726348,0],[121.38002406493047,24.93352674273671,0],[121.38020277885256,24.933430807422248,0],[121.38021083626894,24.933426394534195,0],[121.38045798215188,24.93329103724458,0],[121.38072391595773,24.933148936739762,0],[121.38102582635946,24.932986369710363,0],[121.38138842695766,24.932797948910164,0],[121.3816012576932,24.932710739139267,0],[121.3816307147311,24.932699651035513,0],[121.3816307147311,24.932699651035517,0],[121.38168782884811,24.932679981600483,0],[121.38174614735438,24.932663510556587,0],[121.38180545504979,24.93265029868318,0],[121.38186553308435,24.932640394733017,0],[121.38192615976556,24.932633835252332,0],[121.38220407521622,24.932611546838007,0],[121.38220407521622,24.932611546838007,0],[121.38228712104724,24.93260792293435,0],[121.3823702617808,24.932608062412232,0],[121.38245329242439,24.93261196492768,0],[121.38245329242439,24.932611964927688,0],[121.3827541307916,24.932632855534127,0],[121.38305322122892,24.93266902618288,0],[121.38334963106176,24.932720364079145,0],[121.38364243597174,24.93278670913091,0],[121.38393072287828,24.932867854448002,0],[121.38393072287828,24.932867854448002,0],[121.38402643185427,24.932897929555086,0],[121.38411999055995,24.932933184173926,0],[121.38421106221227,24.932973491399064,0],[121.38429931897987,24.933018706137144,0],[121.38438444316309,24.93306866562918,0],[121.38446612833748,24.933123190036355,0],[121.38454408045688,24.93318208308736,0],[121.38454408045688,24.93318208308736,0],[121.38462869590995,24.933256855358625,0],[121.3847095923629,24.93333497496723,0],[121.3847095923629,24.93333497496723,0],[121.38490645194734,24.933551611237984,0],[121.38509061268222,24.933777341651535,0],[121.385261570119,24.934011547977352,0],[121.385261570119,24.934011547977352,0],[121.3858644839714,24.93496400401325,0],[121.38589837673408,24.935035261035036,0],[121.38598180839666,24.93520181118467,0],[121.38602954433425,24.935293886295813,0],[121.38614021069219,24.93549242126769,0],[121.38617479899342,24.93555256103341,0],[121.386334689032,24.935803258703732,0],[121.38645361067344,24.93599833486754,0],[121.38653520039811,24.936113898579034,0],[121.38653600116378,24.936115029154262,0],[121.38656145902037,24.936150973231495,0],[121.38659137989856,24.936193221631132,0],[121.3866602993357,24.936282979136976,0],[121.38675249836179,24.93640352225836,0],[121.38684603950468,24.93652075907952,0],[121.38693037546942,24.936622402988778,0],[121.38695790909694,24.936654977516522,0],[121.38709851981841,24.936818721183574,0],[121.38724089368252,24.936977817205605,0],[121.38726312283022,24.937001467190417,0],[121.38730978230625,24.93704776660428,0],[121.38763690059896,24.93737188868849,0],[121.38791108403511,24.93760285755406,0],[121.38811610758171,24.937771635005976,0],[121.38823026131422,24.937864529214934,0],[121.3883460509658,24.937956406929555,0],[121.38857996118313,24.93814157303137,0],[121.38895397842052,24.93839284550645,0],[121.38899939786754,24.938420037278817,0],[121.3890334339805,24.938440635456747,0],[121.3890334339805,24.938440635456747,0],[121.38903351373078,24.938440683743835,0],[121.3891543542058,24.93851388536335,0],[121.38927812912549,24.938587059641392,0],[121.39012933822907,24.939139096081473,0],[121.39111608637327,24.93973848032897,0],[121.39127168123153,24.939840329325726,0],[121.39200074853821,24.94031580638012,0],[121.39230240754831,24.94051965658705,0],[121.39239542160955,24.940585074085853,0],[121.392413433379,24.94059774235355,0],[121.392413433379,24.94059774235355,0],[121.39241344097584,24.940597747700224,0],[121.39272701630831,24.940818589537542,0],[121.39275299168142,24.940837761629727,0],[121.39275299168145,24.940837761629727,0],[121.39275300309157,24.94083777005993,0],[121.39287762963251,24.94092994130467,0],[121.39327662005238,24.94122579467613,0],[121.39328754314151,24.94123079831268,0],[121.3935460427113,24.9414259788294,0],[121.39359034966701,24.941461208331745,0],[121.39366611589081,24.941518020740947,0],[121.3937528026881,24.941584624339544,0],[121.39404579954187,24.94177998641707,0],[121.3940457995419,24.941779986417064,0],[121.39436740481524,24.941988597111358,0],[121.39467484782992,24.942214261874405,0],[121.39496704219872,24.94245618334723,0],[121.3952429553957,24.942713506725347,0],[121.39527162663434,24.94274278699653,0],[121.39527162663434,24.94274278699653,0],[121.39562143142885,24.943140808326795,0],[121.39562143142885,24.943140808326795,0],[121.39601977002093,24.943530692002298,0],[121.39644379277762,24.94389736896316,0],[121.39689187658266,24.94423943542546,0],[121.39736230616114,24.94455558181362,0],[121.39736230616114,24.944555581813624,0],[121.39771022803387,24.944749339772645,0],[121.39806947367174,24.944925083395713,0],[121.39843892217421,24.945082264317648,0],[121.39881742079136,24.94522039209207,0],[121.39949094150764,24.94550499571848,0],[121.39949094150764,24.945504995718473,0],[121.3996423891579,24.945569685817397,0],[121.39978951060422,24.945642201596634,0],[121.39993181989185,24.945722303533632,0],[121.40006884695805,24.945809727047987,0],[121.40006884695805,24.94580972704799,0],[121.40036218114633,24.945992974337177,0],[121.40064098637224,24.946194194662386,0],[121.40090394022971,24.94641243366146,0],[121.4011497954743,24.946646656250017,0],[121.40137738593869,24.946895751529613,0],[121.40276374253261,24.948523972568438,0],[121.40276383546488,24.948524099803866,0],[121.40294152958343,24.948731405803525,0],[121.40303560042183,24.94885923660136,0],[121.40311553914664,24.94895864342919,0],[121.4031875272185,24.949049957757577,0],[121.40329591270485,24.949179794709305,0],[121.40342092810481,24.949341430100556,0],[121.4035449033397,24.949484518239217,0],[121.40376926201027,24.949677626997584,0],[121.40406583126725,24.94994772059132,0],[121.40413414446641,24.95001112091387,0],[121.40428922074692,24.950154081321532,0],[121.4043012328116,24.950164831526624,0],[121.40439039205106,24.950230570219755,0],[121.40448779519873,24.95030174529171,0],[121.40474132120335,24.950479897172112,0],[121.4048774972797,24.95057373978815,0],[121.40499290219518,24.95065903784012,0],[121.40501054323342,24.95067172163681,0],[121.40533966832037,24.95091773619263,0],[121.40550605314594,24.951017343677275,0],[121.40571333369789,24.9511419591271,0],[121.40577108224983,24.95116820468335,0],[121.40577108224983,24.95116820468335,0],[121.4057710855444,24.95116820618113,0],[121.40601070816004,24.951277177089818,0],[121.40627808172735,24.951396906094914,0],[121.40640895407687,24.951465065073016,0],[121.4065055403289,24.951520749853643,0],[121.4065434965783,24.951541169441942,0],[121.40661366579624,24.951583339739344,0],[121.40665975051895,24.95161089469089,0],[121.40677409295566,24.951687247117263,0],[121.40678738458686,24.95169452605487,0],[121.4068961186372,24.95176250259306,0],[121.40701759791393,24.951841788088522,0],[121.40715684525725,24.951933507427558,0],[121.40725588096255,24.952000475988086,0],[121.407365271892,24.95209001553511,0],[121.40746108830936,24.952170579321237,0],[121.40753949319723,24.952236651920913,0],[121.407621292387,24.952311345706775,0],[121.40781892731937,24.952495930437156,0],[121.40798754499775,24.952692766945784,0],[121.40821206350095,24.95298049142534,0],[121.40832338126094,24.953116578115683,0],[121.40836035586268,24.953177002034405,0],[121.40836964018952,24.95319291296577,0],[121.40844898586626,24.953324498363983,0],[121.40852377759852,24.95343669786933,0],[121.40860434943478,24.95359234388305,0],[121.40863877057231,24.95364039355325,0],[121.40878335763314,24.95392873998303,0],[121.40879264749566,24.953947266476074,0],[121.40905905353569,24.95452059446147,0],[121.40918493548705,24.95487943398747,0],[121.40922327134044,24.954990869920405,0],[121.40925495454314,24.95509448394898,0],[121.40926969018183,24.95515057661596,0],[121.40927086178247,24.95515503586391,0],[121.40931721861816,24.955326400205916,0],[121.40933165174464,24.9553797376482,0],[121.40937495175231,24.9555483971429,0],[121.4093867637645,24.95560396377524,0],[121.4094119216408,24.955715318651954,0],[121.40943048572923,24.95582586009526,0],[121.40944424327365,24.955904225174073,0],[121.40946780970803,24.956038433323453,0],[121.40949742973487,24.95624345823244,0],[121.40951506010927,24.956412915542327,0],[121.40951896884808,24.956450470125965,0],[121.40953666439037,24.956642924588383,0],[121.40955170169762,24.956829620791822,0],[121.40955218024617,24.956835557717163,0],[121.40956534822497,24.957021470116903,0],[121.40956637330821,24.95703592083672,0],[121.40956768673229,24.957355812042877,0],[121.40955544599369,24.95768681406051,0],[121.40952770399456,24.957925773714614,0],[121.40952090620964,24.95797579931168,0],[121.40948493429478,24.95825500111061,0],[121.4094192492181,24.958838716524806,0],[121.4093985790806,24.95899752387695,0],[121.40936603021727,24.959281630158532,0],[121.40936283975753,24.959322802513686,0],[121.40935472328518,24.959387898575443,0],[121.4093376384826,24.959524955397914,0],[121.40932881988208,24.959698642747103,0],[121.40931201010682,24.959833154497318,0],[121.40931073727843,24.95988109799658,0],[121.40930492458615,24.960036411608385,0],[121.40930413399784,24.960100261809934,0],[121.40930452287063,24.960264841050343,0],[121.40930924946385,24.960348470423543,0],[121.40931950913489,24.960607921408602,0],[121.4093252326398,24.960879381218138,0],[121.40933294311178,24.96113008859244,0],[121.40933473200494,24.96119390823149,0],[121.40933710362373,24.961215260034198,0],[121.40938277169788,24.96161813368484,0],[121.40939305176109,24.961629711187964,0],[121.40946459775971,24.96170882158405,0],[121.40947296567154,24.961860380624294,0],[121.40947499998782,24.9618951637758,0],[121.40948486782403,24.962004346381,0],[121.40949294072294,24.962128665217143,0],[121.40949414819241,24.962142108714165,0],[121.40949496672846,24.962157560276626,0],[121.40949746770032,24.962204771270837,0],[121.40949895667292,24.96223287867517,0],[121.4095152738313,24.962320220841278,0],[121.40956870953593,24.962486241093945,0],[121.4095720324603,24.962499441599554,0],[121.4095987032583,24.962572337436526,0],[121.4095987032583,24.962572337436526,0],[121.40959873620326,24.962572427618174,0],[121.40964288524377,24.962693463356086,0],[121.40967601549293,24.9627696060251,0],[121.40973932488717,24.962916189981943,0],[121.40975194352136,24.962943929344174,0],[121.40985048461931,24.96314816518578,0],[121.4099414708332,24.963345162192105,0]]}},{"type":"Feature","properties":{"cadgeom_type":"CADLWPolyline","thickness":0,"color":"#FFFF00FF"},"geometry":{"type":"LineString","coordinates":[[121.39495823283802,24.936476265721552,0],[121.39494355431293,24.93652178705728,0],[121.39494355431293,24.93652178705728,0],[121.39487747363138,24.9367371804558,0],[121.39482714721434,24.93691654964792,0],[121.39477716981321,24.93711153301516,0],[121.39474946285875,24.93721826052403,0],[121.39471290059025,24.937368184099135,0],[121.39470313799559,24.937407233774227,0],[121.39470313799559,24.937407233774227,0],[121.39468266771692,24.937500413902384,0],[121.39466762589589,24.93759445008666,0],[121.39464029758088,24.937798744500853,0],[121.39463334995659,24.937899908052273,0],[121.3946296809484,24.937977216099636,0],[121.39463089705463,24.93813043295198,0],[121.39460461580956,24.93829196596787,0],[121.39452085167538,24.938850907761374,0],[121.39452085167538,24.938850907761374,0],[121.39451045118851,24.938940131768888,0],[121.39450526488956,24.93902973360481,0],[121.39450530744217,24.939119460126005,0],[121.39451057873747,24.939209057836543,0],[121.3945185470348,24.939281399332213,0],[121.39455568967308,24.93961914803661,0],[121.39458548107928,24.939805184064948,0],[121.39462537684778,24.940005414309724,0],[121.39467962056622,24.940213935483655,0],[121.39479314206864,24.940400614213118,0],[121.39510670780528,24.940625218046378,0],[121.395336498112,24.940793990264055,0],[121.395336498112,24.940793990264055,0],[121.39533649985138,24.940793991541362,0],[121.39567570296794,24.94104304511744,0],[121.39571051093529,24.94106827744981,0],[121.39580450546251,24.941134297302458,0],[121.39590262573056,24.941198625799874,0],[121.39616241310459,24.941368424660748,0],[121.39647126892281,24.941553980119313,0],[121.39670609100331,24.941686969672215,0],[121.3969389127959,24.941811901264273,0],[121.39716012605906,24.94191928077617,0],[121.39716012605906,24.94191928077617,0],[121.39716013139517,24.941919283365102,0],[121.39716027262251,24.941919351851105,0],[121.39716027262251,24.941919351851105,0],[121.39716027795923,24.94191935443779,0],[121.39741422471943,24.942042380782578,0],[121.39776488482687,24.942209699993686,0],[121.39799833130891,24.942326662254057,0],[121.39856424285708,24.94260373499209,0],[121.398856131248,24.942743273447245,0],[121.3989552000721,24.94279773008976,0],[121.39906071061561,24.94285340224023,0],[121.39936623490671,24.943014890065715,0],[121.39966537562661,24.94317210702231,0],[121.39970930917953,24.94319584713393,0],[121.39972783193046,24.943203402916378,0],[121.39973139021387,24.943205270628837,0],[121.39986365190839,24.943292537444552,0],[121.39987250779103,24.94329762445393,0],[121.40003163812668,24.94341833088533,0],[121.40014711784869,24.943505475037295,0],[121.40015319757732,24.9435084955883,0],[121.40018158598782,24.943530564412345,0],[121.4004345323665,24.94372810686283,0],[121.40044976472929,24.943737262376594,0],[121.40064745416282,24.943897910688136,0],[121.40071086687816,24.943950653064352,0],[121.4007988784935,24.944024939373474,0],[121.40082899763418,24.944050287876664,0],[121.40094202487603,24.944154307528265,0],[121.40105045671817,24.944254173584007,0],[121.40106616254425,24.944266645941376,0],[121.40116385048887,24.944344227577375,0],[121.40116403610831,24.944344375056012,0],[121.401267188939,24.944443651006843,0],[121.40147730622746,24.944671354616858,0],[121.40157578831737,24.944770654279495,0],[121.40163030983436,24.944823805704548,0],[121.40163030983436,24.944823805704548,0],[121.40163031341027,24.944823809189376,0],[121.4016895115409,24.944881478883666,0],[121.40184150186512,24.94502689788898,0],[121.40196943858177,24.94514758094624,0],[121.40208810436778,24.945263597208417,0],[121.4022055135467,24.945382503776425,0],[121.40232230237358,24.94550439743288,0],[121.40244012033273,24.945628456343577,0],[121.40258653117517,24.945783988557256,0],[121.40270759305602,24.945913752860704,0],[121.40285447261331,24.94607262230721,0],[121.40285447261331,24.94607262230721,0],[121.40285447419909,24.946072624022136,0],[121.40285451649693,24.94607266975732,0],[121.40285451649693,24.94607266975732,0],[121.4028545180837,24.946072671472773,0],[121.40305135350157,24.946285430740158,0],[121.40334927461697,24.946606173832425,0],[121.40359672016557,24.946889255624807,0],[121.40373197680536,24.947037051559878,0],[121.40379561897619,24.947105344061697,0],[121.40389779704341,24.947214262164138,0],[121.403974757326,24.9472965344138,0],[121.40401469247426,24.947339236519717,0],[121.40410440682396,24.947440137757983,0],[121.40448195215447,24.947866581243794,0],[121.40455827934444,24.947945274790932,0],[121.40482069462185,24.948199215852938,0],[121.40486025879943,24.948241043867704,0],[121.405105278526,24.948506858348452,0],[121.405105278526,24.948506858348452,0],[121.40510528053643,24.948506860529033,0],[121.40510533396927,24.94850691847176,0],[121.40510533396925,24.94850691847176,0],[121.40510533598045,24.94850692065222,0],[121.40518835675446,24.94859691012368,0],[121.40542843203558,24.948816167974975,0],[121.40543221442879,24.948819174313922,0],[121.40564162910977,24.949036825060908,0],[121.40579768586124,24.949190858300476,0],[121.40595613045171,24.949349613616945,0],[121.4061166938037,24.949487555558147,0],[121.40627037818987,24.949621279040503,0],[121.40630095237604,24.949647892505475,0],[121.40654770139224,24.949814500870012,0],[121.40676107562386,24.949947128707688,0],[121.40699802679319,24.950088682683216,0],[121.40714062167653,24.950162630416823,0],[121.40744322709155,24.950296247000583,0],[121.40779251246738,24.950442630074193,0],[121.4080361794274,24.950536919876296,0],[121.40824710836118,24.95061976268662,0],[121.40828557190123,24.95063230645053,0],[121.40834141753857,24.95065034028225,0],[121.40837967129244,24.95066269245528,0],[121.40838352326615,24.950663936560034,0],[121.4085285257678,24.95071289232217,0],[121.40858282488487,24.950732345036013,0],[121.40876575598014,24.950832042997376,0],[121.40895919692477,24.950949337878043,0],[121.40896866782872,24.950961249118787,0],[121.40918851232932,24.951091622663306,0],[121.40945634740132,24.951250461435574,0],[121.409464904528,24.951260105249002,0],[121.40948434069647,24.951281949910616,0],[121.40960069908648,24.951412857172382,0],[121.40974422858696,24.95148440119142,0],[121.40982626180705,24.951544668872952,0],[121.40984663622785,24.951559657062397,0],[121.40991743280208,24.95150910257236,0],[121.41069235154957,24.952508414025385,0],[121.41082821423534,24.952716110103637,0],[121.41092106452959,24.952936682473485,0],[121.41105491485715,24.953340609869098,0],[121.41113530406794,24.953588489808055,0],[121.41119450858272,24.953776208259697,0],[121.41123507966697,24.953913001342315,0],[121.41128445960666,24.954128730488367,0],[121.41133208070099,24.95433058768119,0],[121.41138127293766,24.954455669440772,0],[121.41145700734397,24.954624056628447,0],[121.41153469390636,24.954793043332046,0],[121.41161720490756,24.954977778924782,0],[121.41173510420754,24.955228281852666,0],[121.41179305165447,24.955346681956573,0],[121.41186155087429,24.955487528276688,0],[121.41195004664372,24.955678163895104,0],[121.41203248909183,24.955921605407802,0],[121.41208694738137,24.956090102957383,0],[121.41211401626944,24.956205661563605,0],[121.41213454817076,24.956311423654242,0],[121.41215127951907,24.956439359747993,0],[121.41216752242558,24.95657615878587,0],[121.41217422721671,24.95670064318986,0],[121.41217307895405,24.956811112179366,0],[121.41217124995666,24.956901791898236,0],[121.41216548496357,24.956981862592972,0],[121.41214855128933,24.957142672161773,0],[121.4121276511187,24.957319596951884,0],[121.4120887991659,24.95751233596099,0],[121.4120472642614,24.957652088345178,0],[121.41197987128244,24.95783845075161,0],[121.41193221506991,24.957949427632865,0],[121.41188414018546,24.958085420927798,0],[121.41182725781273,24.95828753335345,0],[121.41179323132508,24.95848476609354,0],[121.41176314817932,24.958671913347587,0],[121.41170199615803,24.95901232130764,0],[121.4116959282438,24.959053322504545,0],[121.4116959282438,24.959053322504545,0],[121.41169592629674,24.959053335664194,0],[121.4116689379748,24.95923579097244,0],[121.41164930213235,24.959439927749134,0],[121.41163785643838,24.959737772257945,0],[121.41164799218569,24.960354039630527,0],[121.41168017602376,24.960575866703422,0],[121.41173452248363,24.960819313252948,0],[121.41180329899711,24.961064993718036,0],[121.41191525374595,24.96138720358937,0],[121.41201771057843,24.961623514818484,0],[121.41215193016752,24.961891673470248,0],[121.41227946259129,24.96210924875714,0],[121.41238124792325,24.962265422003018,0],[121.41248106996517,24.962412040902247,0]]}},{"type":"Feature","properties":{"cadgeom_type":"CADLWPolyline","thickness":0,"color":"#FFFF00FF"},"geometry":{"type":"LineString","coordinates":[[121.41249369201826,24.962404899523424,0],[121.41259413266764,24.96260935579127,0],[121.41265359791231,24.962729917838384,0],[121.41270579123149,24.962827950033947,0],[121.41278105683645,24.96292141563157,0],[121.41287416664579,24.963032978690734,0],[121.41299184968244,24.963156931233513,0],[121.41309814980981,24.963264091144726,0],[121.41322575928179,24.963383963528404,0],[121.41335320447837,24.963492329748473,0],[121.41346942259717,24.963587121599602,0],[121.41355678745109,24.963659516974296,0],[121.41363864454244,24.963719335841624,0],[121.41374071299697,24.963792038368794,0],[121.41381246380035,24.96384081298566,0],[121.41409184166397,24.964025193004833,0],[121.41409184166397,24.964025193004833,0],[121.41417691901859,24.964075234115477,0],[121.41430212577554,24.964143726889766,0],[121.4144734921168,24.964220822008873,0],[121.41465259797168,24.964290897843636,0],[121.41506600802593,24.964428049823447,0],[121.41550365652762,24.964576920176377,0],[121.41596778562503,24.964741023825876,0]]}},{"type":"Feature","properties":{"cadgeom_type":"CADLWPolyline","thickness":0,"color":"#FFFF00FF"},"geometry":{"type":"LineString","coordinates":[[121.38064387587818,24.8776799246079,0],[121.38072592549523,24.877700390169693,0],[121.3807248909127,24.877706681596933,0],[121.38068454843402,24.87797339725891,0],[121.38065962741094,24.878141110099662,0],[121.38066360917533,24.87819401457775,0],[121.38069175843707,24.878264017180083,0],[121.3807099316533,24.87828730237626,0],[121.38072179758781,24.878426785398073,0],[121.38075893723907,24.878843937825863,0]]}},{"type":"Feature","properties":{"cadgeom_type":"CADLWPolyline","thickness":0,"color":"#FFFF00FF"},"geometry":{"type":"LineString","coordinates":[[121.38066107178446,24.87757246657383,0],[121.38064387587818,24.8776799246079,0]]}},{"type":"Feature","properties":{"cadgeom_type":"CADLWPolyline","thickness":0,"color":"#FFFF00FF"},"geometry":{"type":"LineString","coordinates":[[121.38020250778335,24.878848658013922,0],[121.38023169830346,24.878738853761348,0],[121.38020559018342,24.878675070520043,0],[121.38014438517061,24.878364267675565,0],[121.38013952355622,24.878237165930614,0],[121.38011272687741,24.87815186398884,0],[121.38009084172042,24.878066589895887,0],[121.3800877794867,24.877990534022555,0],[121.3800877791532,24.877990533933545,0],[121.38009787724005,24.8779676537376,0],[121.38022704593988,24.877577065060958,0],[121.38022594629126,24.877510123020283,0],[121.38027482310233,24.877517176018916,0],[121.38028132113246,24.877298440607255,0],[121.38049798773106,24.877164596836018,0],[121.38063518182732,24.877083724990406,0],[121.38067093727128,24.877053057878072,0],[121.38069259677185,24.877033045244808,0],[121.38070459720608,24.87701615486307,0],[121.38074637779846,24.87694806405432,0],[121.3807629662641,24.876905595062148,0],[121.38077194844044,24.876882703749196,0],[121.38077500012918,24.876866153281334,0],[121.38077539899068,24.87678989479704,0],[121.38076591785477,24.876754291405838,0],[121.38075806663754,24.876714576477745,0],[121.38067944740145,24.876560218206937,0],[121.38064700450279,24.87651354082261,0],[121.38065347847974,24.876472042896005,0],[121.38066021676441,24.876428850739153,0],[121.38074000785379,24.87625154044766,0],[121.38075038895764,24.87623322266022,0],[121.38074560165263,24.876183909753042,0],[121.38078570328922,24.87615804905776,0],[121.3809197125218,24.876064186113513,0],[121.38112087789101,24.876263800898194,0],[121.3819462660313,24.87569726317915,0],[121.38208276816759,24.875592543990038,0],[121.38231785596547,24.875411244936277,0],[121.38262257355159,24.875206104792966,0],[121.38281979732716,24.875018002897523,0],[121.3833890582429,24.874831254860815,0],[121.38375106079364,24.87472326911516,0],[121.38409308168251,24.874655836925253,0],[121.38487603244982,24.874652319716063,0],[121.38505652294204,24.874591076030253,0],[121.38514045583374,24.8745625889696,0],[121.38558508453139,24.87426778774336,0],[121.3858339786225,24.873582911200355,0],[121.3858339786225,24.873582911200355,0],[121.38583997432195,24.873568455642605,0],[121.38584704045765,24.873554408333018,0],[121.38585514389135,24.8735408351489,0],[121.38586424662027,24.873527799744057,0],[121.3858743059553,24.87351536325028,0],[121.38588527472115,24.873503583990622,0],[121.3858971014777,24.873492517205907,0],[121.38590973076118,24.87348221479569,0],[121.38592310334425,24.873472725074837,0],[121.38593715651382,24.873464092546968,0],[121.3859518243651,24.873456357695744,0],[121.38596703811064,24.873449556794995,0],[121.38598272640309,24.873443721738685,0],[121.38604314375411,24.873423422170145,0],[121.38604314375411,24.873423422170145,0],[121.38605434116862,24.873419639451612,0],[121.38606524189382,24.87341519362759,0],[121.38607579880481,24.873410103917834,0],[121.3860859662629,24.873404392325742,0],[121.38609570031316,24.87339808354312,0],[121.38610495887431,24.87339120484352,0],[121.38611370192072,24.87338378596429,0],[121.38620359362181,24.87323345950845,0],[121.38625670080285,24.873069047016266,0],[121.38625670080285,24.873069047016266,0],[121.38626022420101,24.87276582600861,0],[121.38638720223419,24.872588458418523,0],[121.38641191384673,24.872530252653466,0],[121.38643776864068,24.872479485907423,0],[121.3864517793728,24.872448625314526,0],[121.38646512835919,24.872429393409565,0],[121.3864963515967,24.87239432025069,0],[121.38651939538877,24.872368188957203,0],[121.3865754482186,24.872320410555997,0],[121.38665895032972,24.87225833615826,0],[121.38672234946212,24.87221485274796,0],[121.38678129757662,24.8721775522513,0],[121.38685165282921,24.872131006965294,0],[121.38692188352681,24.872098421401503,0],[121.3870317358944,24.87205053939506,0],[121.38711318648647,24.872014463357218,0],[121.38720169184253,24.87197129715866,0],[121.38729132690037,24.871926962895653,0],[121.38735632984539,24.87189714561917,0],[121.38748240603076,24.871880911517717,0],[121.38748240603076,24.87188091151771,0],[121.3875112236851,24.871878981321665,0],[121.38754011570565,24.871878589064256,0],[121.38756898355822,24.871879736083255,0],[121.387597728791,24.871882418466814,0],[121.38791352646368,24.871920416439348,0],[121.38791352646368,24.871920416439348,0],[121.38794246043308,24.871924696788938,0],[121.38797106579926,24.871930532669207,0],[121.38799924217159,24.871937903599072,0],[121.38802689066483,24.87194678371024,0],[121.38805391424647,24.871957141837903,0],[121.38808021807692,24.871968941630147,0],[121.38830096188147,24.872076361102508,0],[121.38857502235741,24.872138654489216,0],[121.38860111603012,24.872183566500752,0],[121.38907790783315,24.87245924239105,0],[121.38912656375344,24.872517188255603,0],[121.3895277514954,24.872992249931286,0],[121.38966985254852,24.873163873378097,0],[121.3898271702879,24.873458356409504,0],[121.38996095287214,24.8736679533888,0],[121.3902219418118,24.873687653502408,0],[121.39076698375331,24.873486626967676,0],[121.39113566150343,24.873353197702688,0],[121.39150392128568,24.873198445184563,0],[121.39197660295544,24.872996525579083,0],[121.39252863794485,24.87295629815768,0],[121.39252863794485,24.87295629815768,0],[121.39308669436579,24.87291458150934,0],[121.393824479773,24.87300743980252,0],[121.39394868013062,24.87303561923672,0],[121.39398668550683,24.873054930959743,0],[121.39402688805298,24.873056951811463,0],[121.39409641030096,24.873061366693225,0],[121.39414242660342,24.873060917977114,0],[121.39435793396177,24.873123417947774,0],[121.39461566091683,24.873124349520793,0],[121.39485187762422,24.873093196407222,0],[121.39487152122172,24.873097813123415,0],[121.39495510690878,24.873093565763785,0],[121.39515038324207,24.873104033876874,0],[121.39520804783606,24.873071866147725,0],[121.3952561280009,24.873060411378706,0],[121.39541017223978,24.87302661287873,0],[121.3955535867313,24.873046518238542,0],[121.39565362995383,24.872853148263935,0],[121.39565362995383,24.872853148263935,0],[121.39565362995383,24.872853148263935,0],[121.39603502378498,24.87249485390802,0],[121.39603502378498,24.87249485390802,0],[121.39622768590236,24.872347980839358,0],[121.39653716848632,24.872089673287093,0],[121.39650758004932,24.87208999066069,0],[121.39663688373331,24.871970214886307,0],[121.39694380379261,24.871933575507974,0],[121.39726050615995,24.87189544293228,0],[121.39735628247952,24.87190255596451,0],[121.39767379323737,24.87192353587695,0],[121.39781928092957,24.871923873978698,0],[121.39795228728961,24.87195185696355,0],[121.39803066813778,24.871951616270444,0],[121.39828712546176,24.8720214508908,0],[121.39835265259178,24.87207026548728,0],[121.39837234521512,24.872070050936106,0],[121.39840216865841,24.872102045097645,0],[121.39852316901263,24.872136595457356,0],[121.39872494951801,24.87219235441178,0],[121.39883760200372,24.872223554467563,0],[121.39890420254703,24.872242149348317,0],[121.39896167036146,24.872258078058824,0],[121.39910943433097,24.87232536160866,0],[121.39914706727318,24.87232774631133,0],[121.39930253653168,24.87240319754262,0],[121.39942133958488,24.872445332213253,0],[121.39943625343173,24.872432816335362,0],[121.39942626451722,24.872414357287113,0],[121.39944570264234,24.872408673340075,0],[121.39948434702347,24.87242272343296,0],[121.39948682213675,24.87244194240461,0],[121.399508134539,24.87245479641774,0],[121.39956052127721,24.872486587047337,0],[121.39968407574199,24.872547920850295,0],[121.3997135804301,24.872558627689926,0],[121.39979079179587,24.872588795950737,0],[121.39985056445767,24.8726074582566,0],[121.40005709696199,24.872672790092256,0],[121.40010388411191,24.87267989897978,0],[121.40022245293869,24.872699354770933,0],[121.40027070312533,24.872704383443605,0],[121.40030389017821,24.872707501353233,0],[121.40038375036472,24.872706713962824,0],[121.40053264032204,24.872681893071434,0],[121.40058394408264,24.872685522940642,0],[121.4006135199981,24.872703099872126,0],[121.40065772513854,24.872680679705937,0],[121.40079603343318,24.8726566449585,0],[121.40082162830997,24.87265295730493,0],[121.40098760823169,24.87260597654998,0],[121.4010843029697,24.872567917436328,0],[121.40114462901502,24.872515779941413,0],[121.40123236104976,24.872481933162856,0],[121.40128676367792,24.87243122810774,0],[121.40134269061689,24.87244167971017,0],[121.40138087313522,24.872420683649363,0],[121.40139402542071,24.872391001050346,0],[121.40143791767979,24.872347961705742,0],[121.40159693612534,24.872230941005228,0],[121.40162532868861,24.872210724535773,0],[121.40161527538518,24.87218608146407,0],[121.4016564123631,24.872163687481066,0],[121.40171670945534,24.8721087962597,0],[121.40176172718581,24.872088427341634,0],[121.4018215990019,24.871992513062583,0],[121.40186567098903,24.871919099273104,0],[121.40188558027798,24.871892048930988,0],[121.40192356999992,24.871862025636304,0],[121.4019392748172,24.87184946658846,0],[121.40194629111616,24.871819809785183,0],[121.401990960017,24.871784898469215,0],[121.4020420657228,24.87172171673111,0],[121.40207029436631,24.87169525368113,0],[121.40210176877441,24.871685935329076,0],[121.40214323449882,24.871637996019135,0],[121.40213755165648,24.87155760785451,0],[121.40213846030885,24.871521150918724,0],[121.40216747645175,24.87144654873713,0],[121.40216673383019,24.871441742807395,0],[121.40231372344,24.871381676187873,0],[121.4023156264873,24.87137907160803,0],[121.40232185964001,24.871371050815807,0],[121.40232834323608,24.87136319699583,0],[121.4023350718929,24.871355516647057,0],[121.40234204003892,24.8713480161252,0],[121.40234924190345,24.871340701660856,0],[121.40235667151663,24.871333579296348,0],[121.40236432272933,24.871326654939747,0],[121.40237218920305,24.87131993432876,0],[121.40238026441985,24.871313423021753,0],[121.40238854169232,24.871307126424657,0],[121.40239701415334,24.871301049736946,0],[121.40240567479604,24.87129519800551,0],[121.40241293589804,24.871287958124935,0],[121.40242036934617,24.87128086530875,0],[121.4024279715647,24.87127392296566,0],[121.40243573889826,24.8712671344416,0],[121.40244366760176,24.87126050300191,0],[121.40245175385037,24.871254031831164,0],[121.40245999376928,24.871247724060087,0],[121.4024683833839,24.87124158270269,0],[121.40247691865994,24.871235610737255,0],[121.40248559549292,24.871229811025152,0],[121.4024944096888,24.871224186356102,0],[121.40250335702322,24.871218739447805,0],[121.40251243319187,24.871213472910146,0],[121.40252163380086,24.87120838929037,0],[121.40253095445541,24.871203491018374,0],[121.40254039064155,24.871198780470667,0],[121.40254993783455,24.871194259906463,0],[121.40255959143964,24.871189931495124,0],[121.40256934679222,24.871185797325243,0],[121.40257919921704,24.87118185939517,0],[121.40258914396874,24.871178119586368,0],[121.40259868652932,24.87117375847756,0],[121.40260831026427,24.87116954845319,0],[121.40261801229356,24.871165490750645,0],[121.40262778973711,24.871161586598326,0],[121.40263763966476,24.871157837152754,0],[121.40264755912627,24.871154243534413,0],[121.40265754518099,24.87115080681861,0],[121.40266759483829,24.871147528017776,0],[121.40267770508763,24.871144408135454,0],[121.40268787292773,24.87114144808483,0],[121.40269809530767,24.87113864876138,0],[121.40270836917597,24.87113601098833,0],[121.4027186914809,24.871133535561828,0],[121.40272905912082,24.871131223215176,0],[121.4027394690136,24.871129074645395,0],[121.40274991804694,24.871127090495573,0],[121.40276040309821,24.871125271345644,0],[121.40276330866638,24.87112481454428,0],[121.40278904879227,24.871107875086466,0],[121.40282678983029,24.87108523487494,0],[121.40286587259592,24.871063848311902,0],[121.40290605139796,24.871044051317288,0],[121.40294710058423,24.871025458155223,0],[121.40298894719358,24.871008598846256,0],[121.40302867067707,24.87098866417042,0],[121.40306841048397,24.870969213090824,0],[121.40310825105291,24.87095006368359,0],[121.40314720125579,24.870928654442622,0],[121.40318389900324,24.870903851047274,0],[121.40321905431951,24.870877177283614,0],[121.40325062780059,24.870847552761695,0],[121.40328220126662,24.870817928233173,0],[121.40331377471763,24.870788303698035,0],[121.40334534815356,24.870758679156303,0],[121.4033782754437,24.870729977578772,0],[121.4034117651692,24.870701715203893,0],[121.40344742237404,24.870675448145988,0],[121.40348307956376,24.87064918107966,0],[121.40351954722288,24.870624196693317,0],[121.40353472347091,24.87061387380214,0],[121.40354291920617,24.87060371643941,0],[121.40354665149285,24.870590067311074,0],[121.40354874981067,24.870578953939315,0],[121.40355032611974,24.870570871056632,0],[121.4035530143881,24.870563282906375,0],[121.40355847998333,24.870556679400725,0],[121.4035650627713,24.87055107495899,0],[121.40380551159917,24.87045809205977,0],[121.40399251581998,24.870373559238807,0],[121.40415795414961,24.87029782593875,0],[121.40439410502034,24.87016932115835,0],[121.40459148404977,24.870095856148552,0],[121.40478135425566,24.870051091940187,0],[121.40478135425566,24.870051091940187,0],[121.40478135425566,24.870051091940187,0],[121.40486002079112,24.86998670760769,0],[121.40506151768328,24.869913965587557,0],[121.40511753456119,24.869893864902245,0],[121.40525129520981,24.86984837777378,0],[121.40533962276297,24.86981562865799,0],[121.40549368908195,24.869743973834357,0],[121.40570017578412,24.86965148473313,0],[121.4059928827626,24.869526856456513,0],[121.40624429798241,24.86941793150993,0],[121.40626868103536,24.869408157557423,0],[121.40628639308865,24.869399020917935,0],[121.40629646518522,24.869389081049935,0],[121.4063335650597,24.869344369307008,0],[121.40634744955294,24.86933410663999,0],[121.40643105753699,24.86929007868864,0],[121.406629950304,24.869176053379213,0],[121.4068128315447,24.869078295531178,0],[121.4070075892999,24.868989633142416,0],[121.40710075439591,24.8689440115695,0],[121.40712102338524,24.86893510373648,0],[121.40715009019827,24.8689275750723,0],[121.4071891600684,24.868922142826744,0],[121.40732532261319,24.868910045003698,0],[121.40742365059711,24.868907370949305,0],[121.40756068289839,24.868906905407805,0],[121.40768775967123,24.86890362654893,0],[121.4079116131758,24.868902799349105,0],[121.40867116211714,24.868898500313573,0],[121.40867116211714,24.868898500313573,0],[121.40899359818518,24.86888934771604,0],[121.4094051783116,24.86926481271668,0],[121.40941473308239,24.869473815049382,0],[121.40967965651616,24.86964141392772,0],[121.40982698956283,24.869733555812942,0],[121.40997986024625,24.869796775515095,0],[121.41005411135744,24.869827713558966,0],[121.41038539987974,24.869870026268668,0],[121.41079378133072,24.869665508622948,0],[121.41091393911539,24.86949596118848,0],[121.41109166175309,24.869236321726625,0],[121.41118488088668,24.868958871592476,0],[121.41124186311195,24.868792716838662,0],[121.4112420290775,24.868792498706423,0],[121.41126117447605,24.868734232294127,0],[121.4113524012222,24.868461195445608,0],[121.41139782995921,24.8683252291668,0],[121.41181397486723,24.86844960455897,0],[121.41175356500041,24.86853426801909,0],[121.41160873474932,24.868871351520518,0],[121.41162925488608,24.86888409331878,0],[121.41149728134837,24.8691824760361,0],[121.41148772772596,24.86919637307,0],[121.41143805969139,24.869273467880845,0],[121.41141590507317,24.869284445841753,0],[121.41138807208564,24.86935906073333,0],[121.41124894244314,24.869667081518127,0],[121.41124946333947,24.869667681918916,0],[121.41129741747055,24.869692771486573,0],[121.41153708585307,24.869705630791664,0],[121.41151715787738,24.869743382252015,0],[121.41150200579122,24.86976680910051,0],[121.41146311190613,24.86978660726639,0],[121.41142207184654,24.869808560705742,0],[121.41138555491942,24.869827702982498,0],[121.41134382937291,24.869850357562303,0],[121.41100763678394,24.86999246583655,0],[121.41093138474595,24.87006379631699,0],[121.4107606059158,24.87022872731367,0],[121.41071073176767,24.870257700391193,0],[121.41038572026773,24.870361825490114,0],[121.41034817610397,24.87036791183937,0],[121.41028874944601,24.87037297830197,0],[121.41004820320371,24.870358209947604,0],[121.40992052459575,24.870338227058912,0],[121.40986075664611,24.870329545534478,0],[121.40974226198443,24.870279164222516,0],[121.40970907913676,24.87023844357949,0],[121.40966380265836,24.870195841562772,0],[121.40965693207971,24.870191829217383,0],[121.40963770576813,24.870132325016385,0],[121.40958076475819,24.870072037536975,0],[121.40952357270837,24.87003512768507,0],[121.4094980879932,24.87000184309194,0],[121.40949241096662,24.869941444828076,0],[121.40945046763323,24.869876792672944,0],[121.40933824102402,24.86976307409265,0],[121.40926692213225,24.869738078253103,0],[121.40920263720281,24.869723278028275,0],[121.40907192769966,24.869706778725668,0],[121.40905205740016,24.86968990477951,0],[121.40892037387398,24.869579930038306,0],[121.40890125323783,24.869570141364033,0],[121.40876021208877,24.869519590006618,0],[121.40869933649543,24.869492507884782,0],[121.40860585755934,24.86946920693506,0],[121.40848148351526,24.869444676028607,0],[121.40838500420442,24.869438757773903,0],[121.40838500420442,24.869438757773903,0],[121.40836059414949,24.86943986951666,0],[121.4079638830206,24.86942156820766,0],[121.40770401130526,24.86942608959585,0],[121.40764710512325,24.869427079619896,0],[121.40739657120247,24.869443847500527,0],[121.40713065706615,24.86949737821877,0],[121.40688166381773,24.869609317610795,0],[121.40651635065099,24.86984467321741,0],[121.40646180347804,24.869871653855686,0],[121.40633812979465,24.869941658990584,0],[121.40623509614018,24.870026464090447,0],[121.40610540034288,24.870097929650413,0],[121.40610208831794,24.870122047041736,0],[121.40604701869123,24.870155911963852,0],[121.40602969948876,24.870193991657516,0],[121.40597077071827,24.87022791704319,0],[121.40560188421838,24.87039595581187,0],[121.40560188421838,24.87039595581187,0],[121.40560188421838,24.87039595581187,0],[121.40560188421838,24.87039595581187,0],[121.40560188421838,24.87039595581187,0],[121.40560188421838,24.87039595581187,0],[121.40560188421838,24.87039595581187,0],[121.40560188421838,24.87039595581187,0],[121.40560188421838,24.87039595581187,0],[121.40560188421838,24.87039595581187,0],[121.40560188421838,24.87039595581187,0],[121.40557554169679,24.87039430571737,0],[121.40551239744143,24.870403546649147,0],[121.40550616968038,24.870394716223494,0],[121.40547020847443,24.870400778616165,0],[121.40541767769119,24.87045041266119,0],[121.40536639229305,24.870448472667775,0],[121.40531426522081,24.870441727599196,0],[121.40527609953172,24.870454697963613,0],[121.40523855220897,24.87049860450717,0],[121.40523855220897,24.87049860450717,0],[121.40520882699165,24.870523817082386,0],[121.40518839715779,24.870557824514478,0],[121.40515392017683,24.870563864966375,0],[121.40515392017683,24.870563864966375,0],[121.40515392017683,24.870563864966375,0],[121.40515392017683,24.870563864966375,0],[121.40515392017683,24.870563864966375,0],[121.40486260875052,24.87065437822812,0],[121.40486260875052,24.87065437822812,0],[121.40471056684937,24.870699382877394,0],[121.40446202305051,24.870857963610817,0],[121.40431408324297,24.871002591832298,0],[121.40421145149502,24.871031007465877,0],[121.4039977737277,24.87112579589216,0],[121.4039977737277,24.87112579589216,0],[121.40388748719826,24.871227202729404,0],[121.40368767017479,24.871332082476414,0],[121.40366282609952,24.871331791472606,0],[121.40358949810705,24.871361127287166,0],[121.40356461832879,24.87135739661871,0],[121.40353185979735,24.871376468408705,0],[121.40349119754627,24.87137779472532,0],[121.40344270646527,24.871406735376464,0],[121.40350253525324,24.871459416079563,0],[121.40350440998395,24.87147794495584,0],[121.40348444483901,24.87149956972173,0],[121.40338999040523,24.871553973113812,0],[121.40328417650348,24.871571454689644,0],[121.40325999284728,24.87152989648436,0],[121.40321661434422,24.871507897814713,0],[121.40318723260927,24.871509045363304,0],[121.40316866608488,24.871522396696882,0],[121.40316866608488,24.871522396696882,0],[121.40316866608488,24.871522396696882,0],[121.40316866608488,24.871522396696882,0],[121.40316866608488,24.871522396696882,0],[121.40316866608488,24.871522396696882,0],[121.40313198779914,24.87149754123277,0],[121.40304913963459,24.871534588275175,0],[121.40292893803537,24.871567560767144,0],[121.40281983187406,24.87163976664196,0],[121.40275521641846,24.87171716816328,0],[121.40272947123374,24.87170633919393,0],[121.40270060617885,24.87174776851257,0],[121.40262474437971,24.87182866188157,0],[121.40260255874787,24.871865230221747,0],[121.40254251168736,24.871886920910576,0],[121.40243088641051,24.871935754730988,0],[121.40240343418853,24.871970282857106,0],[121.40234516683556,24.872039539668755,0],[121.40227574226583,24.872159065517035,0],[121.40196784725549,24.872426715987626,0],[121.40192246862657,24.872479633108227,0],[121.40187186635325,24.87254765340653,0],[121.40184572271828,24.872574078187746,0],[121.40176565373275,24.872642322510575,0],[121.40171476580124,24.87268549941957,0],[121.40167805943287,24.872713384997866,0],[121.40161734857008,24.87275663674131,0],[121.40155203313907,24.872793712040423,0],[121.4015361957441,24.872801943915217,0],[121.40150606520372,24.872828135793398,0],[121.4015023403382,24.872831607871603,0],[121.40112704379406,24.873003194025554,0],[121.40029780402556,24.87313966860507,0],[121.39961790380104,24.87312269106294,0],[121.39906999866368,24.872940061379744,0],[121.39860999001472,24.87272967741352,0],[121.39830522470936,24.8725919202654,0],[121.3976174567836,24.872656097573998,0],[121.3974267400732,24.87277082235305,0],[121.39720952945405,24.87286931518604,0],[121.39689812868467,24.873085674915618,0],[121.39669797537894,24.873225949982892,0],[121.39639304232122,24.873302000379155,0],[121.395929080862,24.873370079962584,0],[121.39547390143507,24.87354121823376,0],[121.39500761298254,24.873604520668696,0],[121.39500761298254,24.873604520668696,0],[121.39438553384718,24.873685960307327,0],[121.39407687663856,24.87359290219776,0],[121.3936666334046,24.87347643586253,0],[121.39322192524332,24.873376849530324,0],[121.39271055012522,24.87330019710585,0],[121.39173597917815,24.87344321385816,0],[121.39173597917815,24.87344321385816,0],[121.39173597917815,24.87344321385816,0],[121.39145490263451,24.873654842536247,0],[121.3905538217245,24.87412142740906,0],[121.39006790432285,24.8741241819196,0],[121.38983620524205,24.87414259443168,0],[121.38957400831767,24.874014956132772,0],[121.38947859628027,24.87381205539009,0],[121.38943361605098,24.87365314526186,0],[121.38945287926238,24.873505017394546,0],[121.38854225934216,24.872597159820202,0],[121.38819402998563,24.87243783615491,0],[121.38797593912778,24.872374473483237,0],[121.38774781075347,24.872380130864798,0],[121.38749942777032,24.872388680037464,0],[121.38725270534208,24.87246491607211,0],[121.38674216811732,24.872840588622836,0],[121.38664732090398,24.87305221594136,0],[121.38654608665493,24.87341546592585,0],[121.38637177530084,24.873694387224912,0],[121.3862825179219,24.873763971375286,0],[121.38614255858954,24.87393347842852,0],[121.38575828384982,24.874448655824462,0],[121.3854788566485,24.87466793367285,0],[121.38534254723956,24.87475242087691,0],[121.38513926461869,24.874849558675507,0],[121.38459429894115,24.87498209896554,0],[121.38416348121399,24.874934120303504,0],[121.38385217626791,24.874997965351774,0],[121.38351137684084,24.875119862656646,0],[121.38324681678577,24.875186757941307,0],[121.38285828482908,24.875354456150944,0],[121.38254034460645,24.875573161952776,0],[121.38230464578545,24.875733384401965,0],[121.38172113796836,24.876201985028278,0],[121.38132516667896,24.876523836211874,0],[121.38080105681986,24.877276054965765,0],[121.380661061526,24.87757236573674,0],[121.38066107178446,24.87757246657383,0]]}},{"type":"Feature","properties":{"cadgeom_type":"CADLWPolyline","thickness":0,"color":"#FFBF00FF"},"geometry":{"type":"LineString","coordinates":[[121.53032464032826,24.98863812428075,0],[121.53026918592722,24.988560478058588,0],[121.5302104727659,24.98848484812706,0],[121.5302104727659,24.98848484812706,0],[121.53012628309325,24.988405042240494,0],[121.52995200194152,24.988288775219946,0],[121.52995200194152,24.988288775219946,0],[121.52980312873494,24.988194375513004,0],[121.52966156831965,24.988091053050905,0],[121.52952796334715,24.987979276906447,0],[121.52940292034708,24.987859554530008,0],[121.52940292034708,24.987859554530008,0],[121.52932374269274,24.987788054078916,0],[121.52924996710941,24.98771190507903,0],[121.52918192136269,24.987631445850607,0],[121.52911990775947,24.987547033863024,0],[121.52906420180489,24.987459044146565,0],[121.52906420180489,24.987459044146565,0],[121.5288173942142,24.987133061210397,0],[121.52859147627382,24.98679473037099,0],[121.52859147627382,24.98679473037099,0],[121.52828486866434,24.98638739351207,0],[121.52794784999347,24.98600053018924,0],[121.52794784999347,24.98600053018924,0],[121.52769673201502,24.985736664701555,0],[121.5274341871554,24.98548220667944,0],[121.5274341871554,24.98548220667944,0],[121.52717240032571,24.98523522876464,0],[121.5268950777738,24.985002763164914,0],[121.5268950777738,24.985002763164914,0],[121.52583288148016,24.984165779506757,0],[121.52583288148016,24.984165779506757,0],[121.52462558397409,24.983200595638774,0],[121.52462558397409,24.983200595638774,0],[121.52417628699567,24.982834303445692,0],[121.52417628699567,24.982834303445692,0],[121.52341316604338,24.982233039402722,0],[121.52341316604338,24.982233039402722,0],[121.52334193727283,24.982178679055078,0],[121.52327402752769,24.9821208976491,0],[121.52320963433297,24.982059863253856,0],[121.52314894498411,24.98199575340019,0],[121.52314894498411,24.98199575340019,0],[121.52306648483933,24.98189109456639,0],[121.52299148954687,24.9817818703755,0],[121.52292426234744,24.981668522500236,0],[121.52286507506746,24.981551509287208,0],[121.52286507506746,24.981551509287208,0],[121.52282164686264,24.981464829315954,0],[121.52278362105346,24.981376065630723,0],[121.5227511173492,24.98128549769619,0],[121.52272423807254,24.98119341065689,0],[121.52270306783757,24.981100094439544,0],[121.52270306783757,24.981100094439544,0],[121.52267423921379,24.980881937879637,0],[121.5226617556218,24.98066249935485,0],[121.5226617556218,24.98066249935485,0],[121.52267234125787,24.98044261123254,0],[121.52269619903231,24.980223588386842,0],[121.52273325643522,24.98000609583809,0],[121.52273325643522,24.98000609583809,0],[121.52288648384294,24.979282214417754,0],[121.52288648384294,24.979282214417754,0],[121.52303913560918,24.978544744137647,0],[121.52303913560918,24.978544744137647,0],[121.52323775290678,24.977802139892315,0],[121.52323775290678,24.977802139892315,0],[121.52344766084009,24.97712762328893,0],[121.52344766084009,24.97712762328893,0],[121.52349923574013,24.97702143656034,0],[121.52355811981914,24.976918456771397,0],[121.52362407434201,24.976819101403883,0],[121.52369683191182,24.976723773245098,0],[121.52377609755406,24.976632858755096,0],[121.52377609755406,24.976632858755096,0],[121.524235866619,24.976217812147176,0],[121.524235866619,24.976217812147176,0],[121.52509006591883,24.975394419690687,0],[121.52509006591883,24.975394419690687,0],[121.52554416287724,24.974963628298646,0],[121.52598114324415,24.97451837285477,0],[121.52598114324415,24.97451837285477,0],[121.52677885860965,24.973721293903786,0],[121.52677885860962,24.973721293903786,0],[121.52773052921138,24.97283510887004,0],[121.52773052921138,24.97283510887004,0],[121.5279719513182,24.9726031118779,0],[121.52822677481926,24.972383346788117,0],[121.52849425487949,24.972176455900808,0],[121.52877360968499,24.971983043885746,0],[121.52877360968499,24.971983043885746,0],[121.5291019914806,24.97175362829496,0],[121.52944699014122,24.971545460454564,0],[121.52944699014122,24.971545460454564,0],[121.52983662410344,24.971298546922483,0],[121.52983662410344,24.971298546922483,0],[121.5304744052507,24.97089372069953,0],[121.5304744052507,24.97089372069953,0],[121.53099641273228,24.97055427543837,0],[121.531532887901,24.970234123383467,0],[121.531532887901,24.970234123383467,0],[121.53190348342288,24.970021069713304,0],[121.53190348342288,24.970021069713304,0],[121.53281355555262,24.96949251791564,0],[121.53281355555262,24.96949251791564,0],[121.53400496797106,24.968694758339126,0],[121.53400496797103,24.968694758339126,0],[121.53422613595326,24.968510386366624,0],[121.53443406459337,24.968313629010854,0],[121.53462792087888,24.968105274592183,0],[121.5348069281907,24.967886157891037,0],[121.5348069281907,24.967886157891037,0],[121.53499919076147,24.96763111434757,0],[121.53517586308575,24.967366867176985,0],[121.53533641639108,24.967094207412657,0],[121.53533641639108,24.967094207412657,0],[121.53552631684866,24.966645735173614,0],[121.53574519861122,24.96620837652359,0],[121.53574519861122,24.96620837652359,0],[121.53596811468071,24.96567758888546,0],[121.53615710280921,24.96513597254824,0],[121.53615710280921,24.96513597254824,0],[121.53634457768091,24.964574724513547,0],[121.53648891915321,24.96400297919329,0],[121.53648891915321,24.96400297919329,0],[121.53655629343764,24.963716779248635,0],[121.53661089568895,24.963428326449105,0],[121.53668954967497,24.963057707196164,0],[121.53672364043355,24.96244628087317,0],[121.53677248905042,24.961599375898363,0],[121.53677248905042,24.961599375898363,0],[121.53685218890926,24.96057850691989,0],[121.53685218890926,24.96057850691989,0],[121.53689085869549,24.959459145711097,0],[121.53689085869549,24.959459145711097,0],[121.53691074324067,24.958979767710876,0],[121.53689531721162,24.95850025323501,0],[121.53689531721162,24.95850025323501,0],[121.53684182438201,24.957589815304086,0],[121.53684182438201,24.957589815304086,0],[121.53680026346692,24.9568612350701,0],[121.53680026346692,24.9568612350701,0],[121.53672245777756,24.95564093220244,0],[121.53672245777756,24.95564093220244,0],[121.53666023420772,24.954489117822494,0],[121.53666023420772,24.954489117822494,0],[121.53668059141938,24.954394600206935,0],[121.5366950917868,24.954299189199453,0],[121.53670368951855,24.954203186192498,0],[121.53670635746926,24.954106894447804,0],[121.53670635746926,24.954106894447804,0],[121.53677036432057,24.954007740213534,0],[121.53682853688483,24.953905642126255,0],[121.53688071275694,24.953800885247436,0],[121.5369267462759,24.953693762061196,0],[121.5369267462759,24.953693762061196,0],[121.53708743679245,24.953346661060035,0],[121.53708743679245,24.953346661060035,0],[121.53731731889239,24.95292710772422,0],[121.53731731889239,24.95292710772422,0],[121.53738674952515,24.9528155509216,0],[121.53746344816992,24.952708023411382,0],[121.53754713442842,24.95260491827101,0],[121.53763750236092,24.952506612410474,0],[121.53773422160448,24.95241346519471,0],[121.53773422160448,24.95241346519471,0],[121.53788436760581,24.952284768002187,0],[121.53804383485927,24.95216575456169,0],[121.53821187348919,24.95205698449983,0],[121.538387693322,24.951958969275104,0],[121.538387693322,24.951958969275104,0],[121.53841391635822,24.951945136222665,0],[121.53844106553923,24.951932877830753,0],[121.53846902725532,24.95192224539629,0],[121.53849768449662,24.95191328341214,0],[121.5385269173429,24.95190602938092,0],[121.53855660346531,24.9519005136581,0],[121.53858661863819,24.95189675932493,0],[121.53861683725903,24.951894782091905,0],[121.538647132874,24.951894590233,0],[121.53867737870705,24.951896184551053,0],[121.53870744819045,24.951899558374393,0],[121.53870744819045,24.951899558374393,0],[121.53877252816748,24.951936044402466,0],[121.53883617012914,24.951974581204936,0],[121.53883617012914,24.951974581204936,0],[121.53911680310503,24.95213703329779,0],[121.53940462878505,24.952288665772077,0],[121.53940462878505,24.952288665772077,0],[121.5395508465273,24.95235660539495,0],[121.53970108397102,24.95241681622858,0],[121.53985485008947,24.952469101482187,0],[121.54001164232086,24.952513290268467,0],[121.54017094821121,24.952549238162316,0],[121.54017094821121,24.952549238162316,0],[121.54032147514225,24.952572329294746,0],[121.54047337286147,24.95258606388909,0],[121.54062594244598,24.952590378749345,0],[121.540778481881,24.95258525402225,0],[121.540778481881,24.95258525402225,0],[121.54113070202739,24.952529348574185,0],[121.54148052412836,24.952462083488573,0],[121.54148052412836,24.952462083488573,0],[121.54177009631066,24.95238224990926,0],[121.54205485688283,24.952289136052602,0],[121.54233407357437,24.952182981368804,0],[121.54233407357437,24.952182981368804,0],[121.54247784876895,24.952120446151348,0],[121.54247784876895,24.952120446151348,0],[121.5427218348061,24.952008147799308,0],[121.54296106919803,24.95188765188846,0],[121.54296106919803,24.95188765188846,0],[121.54348898777688,24.951607834178212,0],[121.54348898777688,24.951607834178212,0],[121.5442412943698,24.95116442838153,0],[121.5442412943698,24.95116442838153,0],[121.54426229557073,24.951151272674775,0],[121.54426229557073,24.951151272674775,0],[121.54437151848545,24.951088019264287,0],[121.54437151848545,24.951088019264287,0],[121.54498841632501,24.950623251452022,0],[121.54498841632501,24.950623251452022,0],[121.5451298317195,24.95051592588005,0],[121.54526529254109,24.95040239564831,0],[121.54539447162853,24.95028293496629,0],[121.54542698728903,24.95024427311712,0]]}},{"type":"Feature","properties":{"cadgeom_type":"CADLWPolyline","thickness":0,"color":"#FFBF00FF"},"geometry":{"type":"LineString","coordinates":[[121.5454271789545,24.950244045222487,0],[121.5456049649799,24.950032653104635,0],[121.5456049649799,24.950032653104635,0],[121.54565770610981,24.949862864874852,0],[121.54569956161038,24.949690574539744,0],[121.54573039072729,24.949516361676764,0],[121.54573039072729,24.949516361676764,0],[121.54579734245961,24.948707761781172,0],[121.54579734245961,24.948707761781172,0],[121.54582171081066,24.94788965394982,0],[121.54582171081066,24.94788965394982,0],[121.5458305290842,24.946870881571844,0],[121.5458305290842,24.946870881571844,0],[121.54583241952201,24.945953870362594,0],[121.54583241952201,24.945953870362594,0],[121.54577935975458,24.94507838421449,0],[121.54577360463227,24.944104306521453,0],[121.54577360463227,24.944104306521453,0],[121.54575999555287,24.943904572342376,0],[121.54575643205831,24.9437044794964,0],[121.54575643205831,24.9437044794964,0],[121.54572124987646,24.94345377900794,0],[121.545697947209,24.94320192927082,0],[121.545697947209,24.94320192927082,0],[121.54565798898142,24.942976801519805,0],[121.54560635675101,24.942753656585552,0],[121.54554316695167,24.94253299740388,0],[121.54554316695167,24.94253299740388,0],[121.54537856691852,24.94198083398488,0],[121.54537856691852,24.94198083398488,0],[121.54529386234375,24.94165060140279,0],[121.54519244573382,24.941324307405083,0],[121.54519244573382,24.941324307405083,0],[121.54507276381584,24.941102780920964,0],[121.5449394904798,24.940887802189653,0],[121.54479305511002,24.9406800637264,0],[121.5446339294827,24.94048023471998,0],[121.5446339294827,24.94048023471998,0],[121.54438787699537,24.940185601113527,0],[121.5441304186134,24.93989918461581,0],[121.5441304186134,24.93989918461581,0],[121.54402358335535,24.939807888396636,0],[121.54391141781521,24.93972207150567,0],[121.54391141781521,24.93972207150567,0],[121.54386283987324,24.939686980810297,0],[121.54381273364224,24.939653724602575,0],[121.54381273364224,24.939653724602575,0],[121.54359777606608,24.93947259899834,0],[121.5433916005817,24.939283176109576,0],[121.54298709518018,24.938875262428276,0],[121.54298709518018,24.938875262428276,0],[121.54277375572006,24.938678084156837,0],[121.5425504313167,24.938490322571102,0],[121.54231762142182,24.938312397553812,0],[121.54213800234054,24.93814871506632,0],[121.54212070614976,24.9381355619537,0],[121.54212070614976,24.9381355619537,0],[121.54190630423871,24.93798241885755,0],[121.5416813847722,24.9378423783392,0],[121.5416813847722,24.9378423783392,0],[121.54128572290486,24.937610567456968,0],[121.54087839562452,24.937396211995868,0],[121.54087839562452,24.937396211995868,0],[121.5403398777592,24.937167582765202,0],[121.54025260775747,24.937125029600626,0],[121.54018108690428,24.937101897437355,0],[121.54013218680196,24.937090871263173,0],[121.54013218680196,24.937090871263173,0],[121.54003643473759,24.937067358125997,0],[121.53994165226148,24.937040778950582,0],[121.53994165226148,24.937040778950582,0],[121.53982537846878,24.93700333930064,0],[121.53971073937512,24.936961920201355,0],[121.53971073937512,24.936961920201355,0],[121.53934682415317,24.93682371196528,0],[121.53897494006559,24.936704436919317,0],[121.53859627080679,24.936604474709263,0],[121.53859627080679,24.936604474709263,0],[121.53840409588082,24.936573639099038,0],[121.53821007111232,24.936554747839722,0],[121.53801508839081,24.93654788777128,0],[121.53801508839081,24.93654788777128,0],[121.53787264302056,24.936545210078595,0],[121.53773030191836,24.936550854383615,0],[121.53758864927485,24.936564797521704,0],[121.53744826645571,24.93658698226838,0],[121.53744826645571,24.93658698226838,0],[121.53720230591821,24.936634669431854,0],[121.53696038187331,24.9366972104709,0],[121.53672357200988,24.93677432678953,0],[121.53649293124066,24.936865674863583,0],[121.5362694870038,24.936970847770596,0],[121.5362694870038,24.936970847770596,0],[121.53615095907315,24.9370375036194,0],[121.53604587975558,24.937118965267956,0],[121.53587351397617,24.937320093113865,0],[121.53587351397617,24.937320093113865,0],[121.53581663856362,24.937392277727486,0],[121.5357648303848,24.93746756701389,0],[121.5357182926571,24.937545665665006,0],[121.53567720792653,24.937626267353007,0],[121.53564173735167,24.937709055931712,0],[121.53561202007144,24.93779370667662,0],[121.53558817265915,24.93787988755848,0],[121.53558817265915,24.93787988755848,0],[121.53554148851956,24.938113720609234,0],[121.53551254415476,24.938349926609792,0],[121.53550147660644,24.938587388036566,0],[121.5355083383399,24.938824981420034,0],[121.53553078593733,24.939149222088002,0],[121.53556339288988,24.939415050252858,0],[121.5356209083241,24.939838676429996,0],[121.53567717126157,24.940292200895183,0],[121.53578898542048,24.94100144638559,0],[121.53586099634366,24.941418150318064,0],[121.53597716478839,24.942175383962848,0],[121.53602623845383,24.942549189333832,0],[121.53602623845383,24.942549189333832,0],[121.53603880220145,24.94267171880152,0],[121.53604299937055,24.942794723045218,0],[121.53603881374696,24.942917727614063,0],[121.5360262614505,24.94304025805453,0],[121.53600539087333,24.943161841740515,0],[121.53600539087333,24.943161841740515,0],[121.53597504451461,24.943309246643544,0],[121.53593563762016,24.943454858566643,0],[121.53588729534518,24.94359821493271,0],[121.53583017123215,24.94373886032838,0],[121.53583017123215,24.94373886032838,0],[121.53577949877265,24.94385110212026,0],[121.53572137851239,24.943960302238743,0],[121.53565602883587,24.944066050332232,0],[121.53558369529605,24.94416794902004,0],[121.53550464969189,24.94426561538584,0],[121.53550464969189,24.94426561538584,0],[121.53544671016834,24.94433606913446,0],[121.53538521196549,24.944403969128494,0],[121.5353202902908,24.94446916607931,0],[121.53457294905796,24.945015068138446,0],[121.53410983093582,24.94532670354025,0],[121.53383340564795,24.94547237333133,0],[121.53383340564795,24.94547237333133,0],[121.5336086460741,24.945555282245458,0],[121.533379866273,24.945628482576524,0],[121.53314757043523,24.94569181300097,0],[121.53314757043523,24.94569181300097,0],[121.53297621676995,24.945729451207445,0],[121.53280284356171,24.94575839835813,0],[121.53262798069348,24.945778565980707,0],[121.53245216260217,24.945789892435855,0],[121.53245216260217,24.94578989243585,0],[121.53228871167595,24.945799224201775,0],[121.53212494387886,24.94580017039633,0],[121.53196137635373,24.945792728031083,0],[121.53196137635373,24.945792728031087,0],[121.53084687755766,24.94575623576942,0],[121.53084687755766,24.945756235769416,0],[121.52972566228489,24.945694418857286,0],[121.52928493898955,24.94567105791321,0],[121.52928493898955,24.94567105791321,0],[121.52902352959462,24.945577083789438,0],[121.52875754535047,24.945494467521474,0],[121.52848757952319,24.945423393380327,0],[121.52848757952319,24.945423393380327,0],[121.52767868308405,24.945199837722253,0],[121.52767868308405,24.945199837722253,0],[121.5275509325147,24.945168684358357,0],[121.5274255048386,24.945130482326,0],[121.52730286744257,24.94508537397938,0],[121.52718347731437,24.94503352740794,0],[121.52706777933982,24.944975135809923,0],[121.52695620464469,24.944910416772434,0],[121.52695620464469,24.944910416772434,0],[121.52685025645019,24.94483956591684,0],[121.52674935130632,24.944762839211236,0],[121.52665388061436,24.944680534277882,0],[121.52656421469317,24.94459297037642,0],[121.52648070134282,24.944500487165293,0],[121.52640366449548,24.944403443384136,0],[121.52640366449548,24.944403443384136,0],[121.52631276706114,24.944252785688835,0],[121.52623255994547,24.94409716350736,0],[121.52616336768456,24.943937206600346,0],[121.52610547023696,24.943773562267484,0],[121.52610547023696,24.943773562267484,0],[121.52607191755021,24.94367037802932,0],[121.5260459614202,24.943565388613738,0],[121.52602771662916,24.943459058379545,0],[121.5260172638522,24.9433518576147,0],[121.52601464930048,24.94324426045623,0],[121.52601988451748,24.943136742793154,0],[121.52603294632813,24.943029780161677,0],[121.52605377694171,24.942923845641946,0],[121.5260822842079,24.942819407765764,0],[121.5261183420245,24.9427169284443,0],[121.52616670282578,24.94260412316826,0],[121.52634245010915,24.94228941229007,0],[121.52677939347173,24.94150160368073,0],[121.52703009119467,24.941036175796878,0],[121.52724365282457,24.940671493434884,0],[121.52740415840232,24.94044596220054,0],[121.52778515047437,24.939902074560813,0],[121.52810690260087,24.939449827456126,0],[121.52844448271627,24.938961422470136,0],[121.52863087165257,24.938637679929183,0],[121.52889225232065,24.938275659456608,0],[121.5293047799622,24.93769915321809,0],[121.52958987969973,24.937309549855083,0],[121.53022493840382,24.936356806427035,0],[121.5305375386116,24.93593455919358,0],[121.53064116173343,24.935780462834533,0],[121.53079262385249,24.935556563111724,0],[121.53096500323001,24.93527475464975,0],[121.53107507633698,24.935071531767157,0],[121.53123338065465,24.93475075181975,0],[121.53123338065465,24.93475075181975,0],[121.53137627110371,24.934447240552142,0],[121.53149566019265,24.934135401233853,0],[121.53159096967924,24.93381674468022,0],[121.53166173799467,24.93349281472326,0],[121.53166173799467,24.93349281472326,0],[121.53168943370444,24.933317255007694,0],[121.53170398274906,24.9331403850896,0],[121.53170531793394,24.932963022526646,0],[121.53169343314404,24.932785987150204,0],[121.53166838337117,24.932610097275855,0],[121.53163028445864,24.932436165920905,0],[121.5314378781767,24.931644162770763,0],[121.53127937687191,24.931045069012807,0],[121.53119187906275,24.930667609817625,0],[121.53115127580477,24.930428454380547,0],[121.5311134777643,24.930223701804103,0],[121.5310964052945,24.930043738378874,0],[121.53108439749268,24.92991028862162,0],[121.53108251098794,24.92981599441061,0],[121.53108068770543,24.929391650966604,0],[121.53109220554313,24.929023666693553,0],[121.53112300168739,24.928660853411245,0],[121.53114157771194,24.92843472882441,0],[121.53121248785394,24.92820685174994,0],[121.5313321236233,24.927966691071845,0],[121.53137927487074,24.927885322381535,0],[121.53149118565803,24.927746689792126,0],[121.53155899399252,24.927667992081208,0],[121.53180842213823,24.927426376052132,0],[121.5322648377351,24.927039984598515,0],[121.53293629829066,24.92648665353855,0],[121.53322441374314,24.926260504269884,0],[121.53322441374314,24.926260504269884,0],[121.53346888184903,24.926030602905684,0],[121.53369820295943,24.925788070707675,0],[121.53369820295943,24.925788070707675,0],[121.53377915744792,24.925689168296195,0],[121.53385276973681,24.925585605047914,0],[121.53391871821438,24.92547783345681,0],[121.5339767147563,24.925366324402944,0],[121.53402650598436,24.925251565094943,0],[121.53406787437302,24.92513405694116,0],[121.53410063919961,24.92501431335881,0],[121.53412465733349,24.92489285753063,0],[121.5341811303799,24.924630436868625,0],[121.53425608147055,24.924268885979732,0],[121.534292907574,24.924073580576867,0],[121.53437612033507,24.923699862417507,0],[121.53442724840407,24.923457432305145,0],[121.53447850916001,24.923152198199162,0],[121.53449735747623,24.92301302932853,0],[121.53458678971515,24.922304805165286,0],[121.53463076238413,24.92198505428371,0],[121.53468949303011,24.921192863962126,0],[121.53468949303011,24.921192863962126,0],[121.53469304879475,24.921150207205113,0],[121.5347629121884,24.920617774930548,0],[121.53484696580624,24.919974265221818,0],[121.53487721804643,24.91959284992124,0],[121.53489124546842,24.919279123879498,0],[121.53489528906442,24.918927186804982,0],[121.53489148406864,24.918829477678635,0],[121.53486726025085,24.91857243961667,0],[121.53480828067228,24.918276650993146,0],[121.5347776886097,24.918064703019304,0],[121.53469799427035,24.91769232902132,0],[121.53465758471351,24.917449896051973,0],[121.5346137017363,24.91715020434646,0],[121.53460154088782,24.916982482854667,0],[121.53460009389872,24.916867300863057,0],[121.53460009389872,24.916867300863057,0],[121.53460194579722,24.91680915594675,0],[121.53460810062477,24.916751257941165,0],[121.53461853025568,24.916693871366085,0],[121.53463318703405,24.91663725840441,0],[121.5346520039916,24.916581677704194,0],[121.53467489515366,24.916527383197103,0],[121.53470175593222,24.91647462293822,0],[121.53473246360363,24.91642363797281,0],[121.53476687786967,24.916374661235064,0],[121.53480484149819,24.916327916483937,0],[121.53484618104189,24.916283617280914,0],[121.53489070763051,24.916241966014336,0],[121.53489070763051,24.916241966014336,0],[121.53494458894265,24.91620480862018,0],[121.53500095923934,24.916170860841422,0],[121.53505958897932,24.916140260913018,0],[121.53512023942146,24.916113133437417,0],[121.53518266359688,24.916089588877195,0],[121.53524660731466,24.916069723105274,0],[121.53531181019659,24.91605361701459,0],[121.53537800673763,24.916041336188677,0],[121.53544492738686,24.91603293063467,0],[121.53544492738686,24.91603293063467,0],[121.53554665548661,24.91603281423329,0],[121.53564815517241,24.916039028685166,0],[121.53574895326418,24.916051545018963,0],[121.53584857985228,24.916070304884656,0],[121.53594657048805,24.916095220825543,0],[121.53604246834875,24.916126176685893,0],[121.53651188076171,24.916330172330465,0],[121.53662380192094,24.91637627573795,0],[121.5368799270355,24.916488179993248,0],[121.53726938238115,24.916696785463788,0],[121.53768334578962,24.916927676150983,0],[121.53792359361573,24.917073534032895,0],[121.53811040092734,24.91720930361001,0],[121.53843727247818,24.917463396758787,0],[121.538932004229,24.917893782463633,0],[121.53911008175088,24.91804249540697,0],[121.53954153182757,24.918451645752366,0],[121.539580308921,24.918485014771644,0],[121.54063876385122,24.919394437932905,0],[121.54065198260952,24.919405777114243,0],[121.54103337449875,24.919744956283505,0],[121.54129824396685,24.9199717439002,0],[121.54145679815353,24.920093598653505,0],[121.54158399527194,24.920192492640936,0],[121.54181551795963,24.920384039784167,0],[121.54181551795963,24.920384039784167,0],[121.54194535355674,24.920490575127573,0],[121.54208222909119,24.92058951131215,0],[121.54222561062443,24.920680462386496,0],[121.54237493883404,24.92076307354846,0],[121.54252963119596,24.920837022529575,0],[121.54252963119596,24.920837022529575,0],[121.5426181472244,24.92086659085091,0],[121.54270860079922,24.920890796705972,0],[121.54280060172682,24.920909535676905,0],[121.54289375313832,24.920922726928623,0],[121.54298765320128,24.920930313557502,0],[121.54308189685366,24.920932262836885,0],[121.5431760775511,24.920928566358274,0],[121.54326978902078,24.920919240067605,0],[121.54336262701433,24.920904324196417,0],[121.54345419105177,24.92088388308833,0],[121.5439387882775,24.92071942710868,0],[121.54422611193496,24.92060603518103,0],[121.54444191022971,24.920513295580708,0],[121.54444191022971,24.920513295580708,0],[121.54459938067943,24.920437568355624,0],[121.54475115195034,24.920352714267494,0],[121.54489658881951,24.92025908847167,0],[121.54503508258054,24.920157082836422,0],[121.54516605359142,24.920047124302457,0],[121.54516605359142,24.920047124302457,0],[121.54537404698183,24.9198106734099,0],[121.54556501421193,24.91956256494089,0],[121.54573817192284,24.919303816788265,0],[121.54587952461073,24.919088339542046,0],[121.5459923277843,24.91888704854451,0],[121.54620960595545,24.91848397401101,0],[121.54656178074819,24.917748889953224,0],[121.54664929467732,24.917604963102296,0],[121.54675994704756,24.917329508502018,0],[121.54679539028588,24.917244058466412,0],[121.54713371839233,24.916311528880943,0],[121.54721633211811,24.91602201459726,0],[121.54736081406627,24.915570449455497,0],[121.54740404056334,24.915483245746444,0],[121.54747178234518,24.915331206648958,0],[121.54756720431621,24.915088529983855,0],[121.54758214743357,24.915050620510236,0],[121.54778627249786,24.91448927740035,0],[121.54792132616382,24.91413507007843,0],[121.54809708568885,24.91369313195976,0],[121.54832816565502,24.913071130303102,0],[121.54842151795606,24.91283598377928,0],[121.54858161809153,24.912494663517872,0],[121.54877004068797,24.912083896409577,0],[121.54885391749954,24.911923079097,0],[121.54898878678294,24.91165924136395,0],[121.54908267087265,24.911481013410338,0],[121.54927324133891,24.911183239122103,0],[121.54940413784057,24.911008957113815,0],[121.5495556136478,24.910807222746755,0],[121.54989772525519,24.910380862378982,0],[121.5500834886523,24.910167498273132,0],[121.55040397400587,24.909825332233822,0],[121.55068270442192,24.90952942916018,0],[121.55071394653825,24.909501008039022,0],[121.55079415531978,24.90942804159032,0],[121.55103840475734,24.909200203359486,0],[121.5513333945446,24.908951194606285,0],[121.55161249144352,24.908715370910826,0],[121.55174980487635,24.908599954831228,0],[121.55201538851391,24.908382605657813,0],[121.55217329360141,24.908245940838114,0],[121.55241700952844,24.908036188607806,0],[121.55254428826278,24.90792785355334,0],[121.55271582681065,24.907779950368486,0],[121.55298220179564,24.907554551228177,0],[121.55320259964864,24.90736454331782,0],[121.55357147359234,24.907138941502563,0],[121.5540915419456,24.907015135946693,0],[121.55441786087577,24.906938987734833,0],[121.55452176275061,24.906898680030068,0],[121.55462976398599,24.906856781914957,0],[121.55500774124117,24.9067313446643,0],[121.55543841663666,24.90655673561579,0],[121.55594801175513,24.906290261864,0],[121.55642097554048,24.90605248959492,0],[121.55697740680066,24.905763884343347,0],[121.55732636421527,24.905583034823216,0],[121.55769200907835,24.905385218387682,0],[121.55803786299455,24.905194824188033,0],[121.55820682758755,24.90509311608263,0],[121.55853155735619,24.904941591276692,0],[121.55872014372514,24.904862995345148,0],[121.55887956451069,24.904810675963763,0],[121.55913184192762,24.904726551971397,0],[121.55943166886914,24.9046398759627,0],[121.55997628723523,24.904489628190788,0],[121.56029058562545,24.904395102240144,0]]}},{"type":"Feature","properties":{"cadgeom_type":"CADLWPolyline","thickness":0,"color":"#FFBF00FF"},"geometry":{"type":"LineString","coordinates":[[121.56028525330582,24.903214105774754,0],[121.56004115886222,24.903285171032625,0],[121.56004115886222,24.903285171032625,0],[121.55929480733468,24.90360167830497,0],[121.55864698005644,24.903874943420913,0],[121.55820234862425,24.904062446645547,0],[121.55776500592745,24.904217649959254,0],[121.55730015552943,24.904463324214078,0],[121.55672363941675,24.90477355069056,0],[121.55634875855479,24.904977541341285,0],[121.55622269464499,24.905046887860546,0],[121.55620387859125,24.905048028553697,0],[121.55615880374525,24.9050440137275,0],[121.55615880374525,24.9050440137275,0],[121.55614281016925,24.905041883021394,0],[121.55612701724779,24.905038745304545,0],[121.55611150111139,24.905034615702434,0],[121.55609633655625,24.90502951412199,0],[121.55608159668371,24.90502346515561,0],[121.55606735254794,24.905016497962592,0],[121.5560536728133,24.90500864612858,0],[121.55604062342344,24.904999947503665,0],[121.55602826728335,24.904990444019937,0],[121.55601666395613,24.904980181489293,0],[121.55600586937587,24.904969209382674,0],[121.55599593557808,24.904957580591528,0],[121.55598691044874,24.904945351172856,0],[121.55597883749353,24.904932580079016,0],[121.55597175562811,24.904919328873493,0],[121.55596569899049,24.904905661434142,0],[121.55596069677661,24.904891643645286,0],[121.55595677309937,24.90487734308007,0],[121.5559539468726,24.90486282867478,0],[121.55595223171984,24.904848170396466,0],[121.55595163590861,24.904833438905737,0],[121.55595216231065,24.90481870521605,0],[121.55595380838803,24.904804040351493,0],[121.55595656620535,24.904789515004317,0],[121.55596042246819,24.90477519919422,0],[121.55596535858697,24.904761161930768,0],[121.55597135076668,24.90474747088082,0],[121.55597837012162,24.904734192042238,0],[121.55630396213498,24.904422511847628,0],[121.55634491716019,24.904383882791493,0],[121.55650877425965,24.904221671197813,0],[121.55697919448927,24.903728931290058,0],[121.55724952772283,24.903446349925698,0],[121.55733122141747,24.90336097131112,0],[121.55807635875503,24.90258166056974,0],[121.55832042162974,24.9022610484515,0],[121.55884670076412,24.90156975259433,0],[121.55918885809677,24.901016347934195,0],[121.5593740048603,24.900739832236336,0],[121.55975257346893,24.90021705025334,0],[121.55975257346893,24.90021705025334,0],[121.55978927442584,24.90016394667748,0],[121.55982183975293,24.900108644889585,0],[121.55985011193862,24.900051412382307,0],[121.5598739542377,24.899992525986725,0],[121.55989325133258,24.8999322705333,0],[121.55990790989105,24.899870937474134,0],[121.55991785901759,24.89980882347322,0],[121.55992305059611,24.89974622897145,0],[121.55992345952254,24.89968345673345,0],[121.55991908382622,24.899620810383045,0],[121.55990994467918,24.89955859293473,0],[121.55989608629366,24.89949710532798,0],[121.55987757570804,24.899436644971704,0],[121.55985450246261,24.899377504305654,0],[121.5598269781662,24.899319969386003,0],[121.55979513595626,24.899264318501757,0],[121.55979513595626,24.899264318501757,0],[121.55964048372368,24.8990533125438,0],[121.55947070320457,24.898852214472434,0],[121.55928655497007,24.898661925071018,0],[121.5590888639374,24.898483296703656,0],[121.55887851567459,24.898317129497872,0],[121.55865645243334,24.898164167761326,0],[121.55842366892865,24.898025096648492,0],[121.55827580491953,24.89794712654685,0],[121.55827580491953,24.89794712654685,0],[121.55826302058712,24.897940729972888,0],[121.55771868348171,24.89775376726104,0],[121.5572483087025,24.8976381569628,0],[121.5572483087025,24.8976381569628,0],[121.55700317015955,24.897611801689422,0],[121.5567567499036,24.897598745907352,0],[121.55650991446522,24.897599035528387,0],[121.55631724438268,24.897605647607968,0],[121.55616258629257,24.897607084939448,0],[121.55540390629271,24.897614727873925,0],[121.55348626831427,24.89761432798676,0],[121.55348626831427,24.89761432798676,0],[121.55344150386733,24.897616609641098,0],[121.55339701421603,24.897621670276322,0],[121.5533530064935,24.897629486331372,0],[121.5532845495206,24.897652581599722,0],[121.55325652319088,24.89766204313977,0],[121.55325652319088,24.897662043139768,0],[121.55319164152571,24.89769628705739,0],[121.55312951339059,24.897734543921157,0],[121.5530704366406,24.89777663032152,0],[121.55301469450288,24.897822344489274,0],[121.55296255421868,24.897871467262856,0],[121.55291426576231,24.897923763138987,0],[121.55287006064259,24.897978981401636,0],[121.55283015079289,24.89803685732395,0],[121.5527947275551,24.898097113437387,0],[121.55276396076209,24.898159460861855,0],[121.55270252464389,24.89834388523965,0],[121.55263814603619,24.898535956367414,0],[121.5525576812669,24.898862376251856,0],[121.55246499636628,24.899214590978353,0],[121.55246499636628,24.899214590978353,0],[121.55245971213849,24.899237700448,0],[121.55245274886384,24.89926043677442,0],[121.55244413758567,24.89928269859277,0],[121.55243391669454,24.899304386653668,0],[121.55242213175723,24.899325404265607,0],[121.55240883531356,24.899345657726126,0],[121.55239408664215,24.899365056739494,0],[121.55237795149614,24.899383514819313,0],[121.55236050181013,24.8994009496741,0],[121.55234181537934,24.899417283574195,0],[121.55232197551288,24.899432443698224,0],[121.55230107066237,24.8994463624579,0],[121.55227919402748,24.899458977799235,0],[121.55225644314054,24.899470233479246,0],[121.55225644314054,24.899470233479246,0],[121.55222097516267,24.899487180538348,0],[121.55218436795889,24.89950197571015,0],[121.55214677826442,24.899514555648366,0],[121.55210836702116,24.89952486649131,0],[121.55206929868872,24.899532864092514,0],[121.55202974054015,24.899538514209823,0],[121.55198986194581,24.89954179265187,0],[121.55194983364805,24.899542685381835,0],[121.55190982703029,24.899541188577356,0],[121.55187001338305,24.89953730864709,0],[121.55183056317072,24.89953106220311,0],[121.5516924630208,24.89950209089659,0],[121.55148759305447,24.899415335875954,0],[121.55110285002682,24.899191568818754,0],[121.55052406346485,24.89884621574899,0],[121.5499195332469,24.8984848001449,0],[121.54978217729982,24.89840337498975,0],[121.54975504179602,24.89838838858822,0],[121.54954408472621,24.89826741592982,0],[121.54937195715809,24.898187985916277,0],[121.54887543102183,24.897949428350618,0],[121.54849704991976,24.897826151063757,0],[121.54814940483526,24.89775736059902,0],[121.54764428465778,24.89771420539379,0],[121.54733962089466,24.89767642520692,0],[121.54733962089466,24.897676425206924,0],[121.54724604112627,24.897664255697396,0],[121.54715360160677,24.897646240416606,0],[121.54706274076344,24.897622464808283,0],[121.54697388953554,24.89759304163651,0],[121.54688746933016,24.897558110450927,0],[121.54688746933016,24.897558110450923,0],[121.5467531152368,24.897507289409912,0],[121.5466228300445,24.897448310080954,0],[121.54649720841888,24.897381441667694,0],[121.54637682373664,24.897306989382148,0],[121.54626222546825,24.897225293051463,0],[121.54615393666997,24.89713672556658,0],[121.54615393666997,24.89713672556658,0],[121.54605476125892,24.89704067483504,0],[121.54596231404024,24.896939194285203,0],[121.54587695155958,24.89683267531982,0],[121.5457990030346,24.896721528773455,0],[121.54572876908563,24.896606183327812,0],[121.54566652057615,24.89648708385819,0],[121.54561249756857,24.896364689717515,0],[121.54561249756857,24.896364689717515,0],[121.54553976878489,24.896160026564818,0],[121.54548162090472,24.895951521002267,0],[121.54543829459038,24.89574003625589,0],[121.54540996913879,24.895526447881394,0],[121.54539676174052,24.895311640139184,0],[121.54539872699576,24.895096502333367,0],[121.54541585668966,24.894881925129976,0],[121.54543448575282,24.894724320339492,0],[121.54546091302265,24.894575447300515,0],[121.54546091302265,24.894575447300515,0],[121.54553932175821,24.894372056016213,0],[121.5456324718947,24.89417390464069,0],[121.54573994603766,24.893981880917462,0],[121.54586126262572,24.893796845133277,0],[121.545995878089,24.893619626264332,0],[121.54614318928515,24.89345101826284,0],[121.54664259029825,24.892967622726832,0],[121.54692532781661,24.892751102353348,0],[121.54716761974677,24.892630403228488,0],[121.54726952546348,24.892581580058177,0],[121.54762102657058,24.8924350823034,0],[121.54779061691332,24.892379332603305,0],[121.54800822511692,24.8923196798324,0],[121.54891053095955,24.89211365170303,0],[121.54914942955305,24.89205029182269,0],[121.54914942955305,24.89205029182269,0],[121.54934428915882,24.89199796820459,0],[121.54953332967077,24.891945031835725,0],[121.54963872189404,24.891913560837676,0],[121.5498016104245,24.891844482713903,0],[121.5498016104245,24.891844482713903,0],[121.54986809511544,24.891808300642346,0],[121.54993221123794,24.89176872154237,0],[121.54999375040951,24.891725874050774,0],[121.55005251262354,24.89167989742684,0],[121.55020190048653,24.89153943403037,0],[121.55021224687127,24.891529705723947,0],[121.55033773035564,24.891413094674405,0],[121.55034595767334,24.891405767781123,0],[121.5503540456697,24.891398312947615,0],[121.55036199195376,24.891390732377655,0],[121.55036979417648,24.891383028312212,0],[121.55037745003138,24.89137520302877,0],[121.55038495725529,24.891367258840596,0],[121.55039231362899,24.891359198096172,0],[121.5503995169778,24.89135102317838,0],[121.55040656517232,24.89134273650388,0],[121.55046016947385,24.891288549895755,0],[121.5505404027964,24.8911749404465,0],[121.55056264208095,24.891138944049857,0],[121.55070429121243,24.890969484916337,0],[121.55072431484638,24.890944379785527,0],[121.55087158631284,24.890735559608803,0],[121.55109084886051,24.890313722457947,0],[121.55125916270148,24.889898605683403,0],[121.55131160126899,24.88976924991164,0],[121.55147878558842,24.889266731258974,0],[121.55160175532292,24.888771539739526,0],[121.55160175532292,24.888771539739526,0],[121.55167684039286,24.88828788873731,0],[121.5517193783027,24.887800955910155,0],[121.5517193783027,24.887800955910155,0],[121.55173391004911,24.887664184462956,0],[121.5517389451464,24.887526848963176,0],[121.55173446353143,24.8873894975059,0],[121.5517204831214,24.887252678248075,0],[121.55169705974185,24.88711693722096,0],[121.55166428690342,24.88698281615095,0],[121.55162229542803,24.886850850297698,0],[121.55157125292659,24.88672156631802,0],[121.55151136312942,24.886595480164203,0],[121.55151136312939,24.886595480164203,0],[121.55142750061647,24.88646268824921,0],[121.55133412465358,24.88633528848915,0],[121.55123165028103,24.886213847116313,0],[121.55112053297326,24.8860989038792,0],[121.55100126661425,24.88599096964393,0],[121.55087438130239,24.88589052412383,0],[121.55074044099418,24.885798013747657,0],[121.55074044099418,24.88579801374765,0],[121.55063344099464,24.885726781481402,0],[121.55052128164625,24.88566249162999,0],[121.55040450334587,24.8856054539457,0],[121.55040450334587,24.885605453945704,0],[121.55028455562326,24.885555836157316,0],[121.55016125665097,24.885513603167748,0],[121.55016125665097,24.885513603167748,0],[121.54975519628964,24.885391711321557,0],[121.54934136079254,24.885293971523996,0],[121.54934136079254,24.885293971524003,0],[121.54910164967755,24.88524277313705,0],[121.54885930172567,24.885203231030463,0],[121.54861499760582,24.885175456264943,0],[121.54836942347947,24.88515952685095,0],[121.54836942347947,24.88515952685094,0],[121.54810802902108,24.88515792990617,0],[121.54784684491108,24.885167626463193,0],[121.54758645719932,24.885188594765868,0],[121.54722994923344,24.885202445414976,0],[121.54623069073715,24.885262303569895,0],[121.5460324665013,24.88528571281855,0],[121.5460324665013,24.88528571281855,0],[121.54591930053638,24.88530225893174,0],[121.54580740856058,24.885324894127358,0],[121.5456971839636,24.885353538824994,0],[121.54558901427376,24.885388092316,0],[121.54548327979569,24.885428433117507,0],[121.54538035227336,24.885474419399465,0],[121.54497432063502,24.885725436692788,0],[121.54430092642978,24.886155142459057,0],[121.54375254536032,24.88649399449992,0],[121.54339963975295,24.88675304554355,0],[121.54282162914515,24.887255801660878,0],[121.54282162914515,24.887255801660878,0],[121.54277119124582,24.887300656885973,0],[121.54271772045261,24.887342487221282,0],[121.54266143438451,24.887381122420564,0],[121.5426025621191,24.88741640524136,0],[121.54254134326021,24.887448192085017,0],[121.54254134326021,24.887448192085017,0],[121.54248853013202,24.887470544832347,0],[121.54243414291732,24.887489498568115,0],[121.54237844415765,24.88750496179729,0],[121.54232170272617,24.887516859874463,0],[121.54226419252953,24.887525135364204,0],[121.54220619118557,24.88752974831828,0],[121.54214797868333,24.88753067646857,0],[121.5420898360311,24.887527915334562,0],[121.5420320439001,24.887521478244906,0],[121.54197488126928,24.887511396273208,0],[121.54197488126928,24.887511396273208,0],[121.54188017942535,24.88749579811458,0],[121.54178685731723,24.88747437025139,0],[121.54169534573408,24.88744721159784,0],[121.54160606710677,24.88741444752234,0],[121.54151943355747,24.887376229268693,0],[121.54143584499737,24.88733273325792,0],[121.54108243168781,24.88713230031029,0],[121.54086356189144,24.886962010055015,0],[121.54066872915567,24.886855307131253,0],[121.54066872915567,24.886855307131253,0],[121.54061422605699,24.886823674609012,0],[121.54055760341329,24.886795308505835,0],[121.54049909616631,24.886770326519354,0],[121.54043894707705,24.886748832305653,0],[121.54037740571839,24.886730915049203,0],[121.54031472743976,24.886716649092836,0],[121.54025117230766,24.88670609362931,0],[121.53974747097533,24.88673949925085,0],[121.53974747097533,24.88673949925085,0],[121.53970944581944,24.88674342866454,0],[121.53967122476116,24.886745164192238,0],[121.5396329597749,24.886744698933125,0],[121.53959480300972,24.886742034737114,0],[121.53955690618433,24.886737182197546,0],[121.53951941998388,24.88673016060903,0],[121.53948249346072,24.886720997890723,0],[121.53944627344174,24.886709730475328,0],[121.53944627344174,24.886709730475328,0],[121.53941662046002,24.886699823549385,0],[121.5393877704272,24.886688108901186,0],[121.53935985561336,24.886674640239452,0],[121.53933300400071,24.886659479314638,0],[121.53930733869676,24.88664269563578,0],[121.53928297737006,24.886624366151803,0],[121.53926003171046,24.886604574898737,0],[121.53923860691735,24.88658341261439,0],[121.53921880121705,24.886560976322393,0],[121.53920070541272,24.88653736888728,0],[121.53918440246785,24.886512698542944,0],[121.53916996712607,24.88648707839637,0],[121.5391574655684,24.88646062590906,0],[121.53914695510984,24.886433462358507,0],[121.53913848393671,24.886405712282162,0],[121.53913209088557,24.886377502906424,0],[121.53912780526538,24.88634896356344,0],[121.53912564672305,24.886320225098004,0],[121.53912562515339,24.886291419267764,0],[121.5391277406538,24.886262678139158,0],[121.53913198352386,24.886234133481842,0],[121.53913833430983,24.88620591616466,0],[121.53914676389377,24.8861781555556,0],[121.53915723362724,24.88615097892868,0],[121.53931468908077,24.885865225378808,0],[121.53951637000483,24.885633261072297,0],[121.53970155214202,24.88544827343994,0],[121.54006935581836,24.88514727367934,0],[121.54030706446554,24.884914990243942,0],[121.54035089778846,24.884877418933925,0],[121.54042346053932,24.88481576525337,0],[121.54049996827816,24.88479539843605,0],[121.54058307128963,24.88477327586592,0],[121.54083197199,24.884774797089896,0],[121.54083197199,24.8847747970899,0],[121.54092117847505,24.88477200783949,0],[121.54101004402831,24.884764372693795,0],[121.54109825256735,24.884751918810124,0],[121.54118549034688,24.884734690485377,0],[121.54118549034688,24.884734690485377,0],[121.54122421667172,24.884725118276766,0],[121.54126221169464,24.884713357649318,0],[121.54129932695079,24.884699454557566,0],[121.54133541741311,24.884683463327683,0],[121.54137034205908,24.884665446445176,0],[121.54140396442179,24.88464547431074,0],[121.54143615312313,24.884623624965155,0],[121.54146678238716,24.884599983784284,0],[121.5414957325317,24.88457464314554,0],[121.54170262421789,24.88429940386023,0],[121.54179803724865,24.884104041733455,0],[121.54191773158436,24.883834581438986,0],[121.54202971312138,24.883521436370888,0],[121.54202971312138,24.883521436370888,0],[121.5420467756052,24.883329820384052,0],[121.5420511135521,24.883137614039818,0],[121.54204271116684,24.88294551981262,0],[121.54202159921721,24.882754239763933,0],[121.5420033039981,24.882619234365386,0],[121.54198932423218,24.882516037917647,0],[121.54195259700238,24.88226453553207,0],[121.54189821018873,24.88201002762602,0],[121.54184429817833,24.88175767572009,0],[121.54178330906382,24.881482426707187,0],[121.54171954565919,24.881195053736334,0],[121.54171954565919,24.881195053736334,0],[121.54170325337326,24.881010853045026,0],[121.54169887614054,24.880826096899337,0],[121.54170642908954,24.880641426090076,0],[121.54178277890122,24.880169511321373,0],[121.54183364253392,24.87976039820863,0],[121.5418979119542,24.879467397723204,0],[121.54198059217933,24.87915439108964,0],[121.54211281909438,24.878851645533302,0],[121.54232623884417,24.878366926514023,0],[121.5424854070491,24.878035067617134,0],[121.54265655398679,24.877607114177245,0],[121.54282816433133,24.877080815829014,0],[121.54288356076265,24.87694448205021,0],[121.5431159727153,24.876293754731407,0],[121.54338940255363,24.87573250750765,0],[121.5434719354249,24.87556865196098,0],[121.54362681044098,24.87530302101899,0],[121.54362681044098,24.87530302101899,0],[121.54364966950877,24.87527258559923,0],[121.54367468455264,24.875243595650282,0],[121.5437017460832,24.875216178057816,0],[121.54373073565397,24.875190452825375,0],[121.54376152637995,24.875166532549166,0],[121.54379398349293,24.875144521925275,0],[121.5438279649314,24.875124517291386,0],[121.54386332196226,24.875106606205204,0],[121.54389989983181,24.87509086706119,0],[121.54393753844315,24.875077368747462,0],[121.5439760730568,24.875066170344304,0],[121.54401533501174,24.87505732086558,0],[121.54405515246366,24.875050859044208,0],[121.54405515246366,24.875050859044208,0],[121.54409478422683,24.875046243419874,0],[121.54413466256118,24.87504400995707,0],[121.54417461560159,24.875044168281384,0],[121.544214471161,24.87504671771045,0],[121.54425405747239,24.875051647256864,0],[121.54427154863862,24.87505527429496,0],[121.54444571209278,24.875098916227294,0],[121.54464576899035,24.875140769304863,0],[121.54464576899035,24.875140769304856,0],[121.54485755668433,24.87517812893028,0],[121.54507160012803,24.875202549365174,0],[121.5452869504802,24.875213922356448,0],[121.54550265310522,24.8752121974895,0],[121.54571775180558,24.8751973824117,0],[121.54593129306177,24.875169542798538,0],[121.54604118355721,24.875134496908508,0],[121.54604118355721,24.875134496908508,0],[121.54612000417558,24.87510091780304,0],[121.5461963092577,24.875062808688032,0],[121.54626978636622,24.875020325605682,0],[121.54634013464423,24.874973642507697,0],[121.54640706604701,24.874922950542995,0],[121.54647030652168,24.874868457274935,0],[121.54652959712921,24.874810385831417,0],[121.5465846951047,24.87474897399117,0],[121.5465846951047,24.87474897399117,0],[121.54665478414695,24.874668580150324,0],[121.54671930592755,24.874584396756262,0],[121.5467780149126,24.87449674417935,0],[121.54683068769089,24.874405955991612,0],[121.54683068769089,24.874405955991612,0],[121.54688488872793,24.87431124331081,0],[121.54693257586607,24.874213658325864,0],[121.54697356714263,24.87411357342963,0],[121.54700770614812,24.87401137055394,0],[121.54703486262287,24.873907439711996,0],[121.54705493295386,24.873802177510107,0],[121.54706784056982,24.873695985634097,0],[121.54707353623323,24.873589269316447,0],[121.5470773491522,24.87333397287449,0],[121.54699680067186,24.872663810422335,0],[121.54683941571805,24.871235029734663,0],[121.54684285642956,24.871157834444553,0],[121.54684519717921,24.871030825180878,0],[121.54685894498546,24.870923458738016,0],[121.54698864668855,24.870611356898984,0],[121.54714433558219,24.870206382442912,0],[121.54722061344556,24.86999623424711,0],[121.54727654666307,24.869763623667964,0],[121.54727654666307,24.869763623667964,0],[121.54732023762882,24.869694017065648,0],[121.54736837380955,24.869626895211795,0],[121.54742078596135,24.86956249409284,0],[121.54747728980779,24.869501040129336,0],[121.54747728980779,24.869501040129336,0],[121.54752824332984,24.86944856479021,0],[121.5475829323997,24.86939931838278,0],[121.5476411117492,24.869353521762157,0],[121.54770252045817,24.86931138031197,0],[121.54776688312474,24.86927308302331,0],[121.5478339111002,24.869238801647246,0],[121.54843119527871,24.86889941214259,0],[121.54901940399462,24.86859157983442,0],[121.54946559059469,24.868363721495534,0],[121.5497749608411,24.868277383206305,0],[121.55000980081441,24.86821817756518,0],[121.55014765522988,24.86817333109986,0],[121.55024465711593,24.86813015615578,0],[121.55041900814456,24.868008351159222,0],[121.55041900814456,24.868008351159222,0],[121.55061474238002,24.86785861656102,0],[121.55080086630633,24.867699008341653,0],[121.55080086630633,24.867699008341653,0],[121.55084221570544,24.86765067871171,0],[121.55087994918027,24.867599946473938,0],[121.55091389954235,24.86754703641763,0],[121.55094391636626,24.867492182981408,0],[121.5509698666563,24.867435629214512,0],[121.55099163543554,24.867377625699785,0],[121.55100912625521,24.86731842944337,0],[121.5510222616221,24.86725830273596,0],[121.55103098334155,24.867197511990497,0],[121.55103525277546,24.867136326561898,0],[121.55103596830948,24.866811089449108,0],[121.55103600704773,24.8667774138506,0],[121.55103623286642,24.86673683091526,0],[121.55103973169173,24.866146513441873,0],[121.55106142094607,24.865724132329753,0],[121.55107864333809,24.865495386061845,0],[121.55107864333809,24.865495386061845,0],[121.55108014814583,24.86544750427157,0],[121.55108496252375,24.865399804603875,0],[121.55109306726949,24.865352477273056,0],[121.55110443005972,24.865305711008467,0],[121.55111900557887,24.865259692301795,0],[121.5511367357001,24.865214604663503,0],[121.55115754971702,24.865170627890997,0],[121.55121780435648,24.8650566041217,0],[121.55126952976067,24.864994136171383,0],[121.55167062491914,24.86464826260003,0],[121.55170753665685,24.86460378840712,0],[121.55179102247467,24.864551450043653,0],[121.55179398298779,24.864549597346958,0],[121.55181950238048,24.864533595233542,0]]}},{"type":"Feature","properties":{"cadgeom_type":"CADLWPolyline","thickness":0,"color":"#FFBF00FF"},"geometry":{"type":"LineString","coordinates":[[121.5182633170483,24.978633375786696,0],[121.51827031250396,24.978517998867414,0],[121.51832473978752,24.978293594613643,0],[121.51839624852116,24.978069130850137,0],[121.5185849910419,24.97763894217676,0],[121.5185849910419,24.97763894217676,0],[121.51873012278648,24.97735518805725,0],[121.51894435327308,24.977002415398573,0],[121.51905741667748,24.976839285128055,0],[121.51934409841171,24.976533213300023,0],[121.5193441670219,24.976533145425556,0],[121.51997153738012,24.97590832979498,0],[121.52078162854117,24.975110371065103,0],[121.52106999766248,24.97484221595203,0],[121.52163793186892,24.97432894758536,0],[121.52204061780957,24.973981397254725,0],[121.52261985776279,24.97347370074201,0],[121.52294493110413,24.973176773363598,0],[121.52362794992756,24.972558682245353,0],[121.52399400920457,24.972239918585206,0],[121.52467657062847,24.97163580409495,0],[121.52512360579875,24.971232657685015,0],[121.52597421504224,24.970472671182353,0],[121.52636800687092,24.970123074120412,0],[121.52683934529446,24.96972781685408,0],[121.52732788624249,24.969322958524586,0],[121.52823552191026,24.968571103297915,0],[121.5290782193674,24.967881452245134,0],[121.52972978750918,24.967350966961366,0],[121.53048230772416,24.966732216744848,0],[121.53108591382312,24.96623637974124,0],[121.53132618791203,24.966025795649212,0],[121.53188472592373,24.965478670494598,0],[121.53224866359038,24.9651116443706,0],[121.53308712472061,24.96426114173483,0],[121.53318050520781,24.964132391258918,0],[121.53324663490483,24.964017463646297,0],[121.53343016500614,24.963773253286387,0],[121.53355556731957,24.963641304422687,0],[121.53368555824517,24.96345577486822,0],[121.53382390854702,24.963251360607476,0],[121.53391412785015,24.963118802603166,0],[121.5340093323802,24.962942854440374,0],[121.53408843831161,24.962770464478133,0],[121.53418496835982,24.962551375296975,0],[121.53424105924786,24.962410020262027,0],[121.53434092867037,24.962127474229135,0],[121.53436779087646,24.96203985185921,0],[121.53446477369867,24.961616431472958,0],[121.53453253877149,24.961294704806487,0],[121.53458228768932,24.96101133858263,0],[121.53462916299526,24.960756397027154,0],[121.53466046205979,24.960537517299297,0],[121.53469190292324,24.960232355748282,0],[121.53473130160381,24.95981459902775,0],[121.53475844796381,24.95949710713006,0],[121.53483160308463,24.959502738213327,0],[121.53483160308463,24.959502738213327,0],[121.53488257235871,24.95856867956958,0],[121.53488257235871,24.95856867956958,0],[121.53500218812758,24.957596598288443,0],[121.53500218812758,24.957596598288443,0],[121.53513101887543,24.956967788606008,0],[121.53513101887543,24.956967788606008,0],[121.53517905170185,24.95671847215746,0],[121.53517905170185,24.95671847215746,0],[121.5351862894734,24.95645411819273,0],[121.53520907339377,24.956190498910015,0],[121.5352473377411,24.955928373591863,0],[121.5352473377411,24.955928373591863,0],[121.53525181198026,24.95497786800332,0],[121.53525181198026,24.95497786800332,0],[121.53531756191606,24.953977271763122,0],[121.53531756191606,24.953977271763122,0],[121.5354033039233,24.95350756234956,0],[121.53545724462595,24.953033939122587,0],[121.53545724462595,24.953033939122587,0],[121.53548060648095,24.95286759780199,0],[121.53551545700077,24.952702935812223,0],[121.53556165669801,24.95254061198878,0],[121.5356190206776,24.952381275809234,0],[121.53568731937727,24.952225564794773,0],[121.53573404132761,24.952143994310447,0],[121.53573404132761,24.952143994310447,0],[121.53583077004114,24.95197736389203,0],[121.5359394112587,24.95181695116408,0],[121.5359394112587,24.95181695116408,0],[121.53631796987834,24.9514379476265,0],[121.53631796987834,24.9514379476265,0],[121.5363962695317,24.951360293161873,0],[121.53648014945198,24.95128764339129,0],[121.53656922566987,24.951220330868466,0],[121.53666309043209,24.951158663715344,0],[121.5367613140679,24.95110292421181,0],[121.5368634469558,24.95105336750365,0],[121.5368634469558,24.95105336750365,0],[121.53700561013103,24.950996244627724,0],[121.53700561013103,24.950996244627724,0],[121.53726692948523,24.95091924233956,0],[121.5375321477309,24.950854258227466,0],[121.5375321477309,24.950854258227466,0],[121.53780154187085,24.950795944842778,0],[121.53807369696959,24.95074949475364,0],[121.53807369696959,24.95074949475364,0],[121.53822413379295,24.950741547726665,0],[121.53837481590011,24.950742875284796,0],[121.53852505616902,24.95075347137369,0],[121.53867416949218,24.950773287673762,0],[121.53882147590046,24.95080223382049,0],[121.53882147590046,24.95080223382049,0],[121.5389581495866,24.950852895336467,0],[121.53909094819095,24.950911500345025,0],[121.53909094819095,24.950911500345025,0],[121.5392157489923,24.950978139910887,0],[121.53934463831577,24.951037962376606,0],[121.53947716865689,24.95109076003629,0],[121.53961287986762,24.951136349574227,0],[121.53975130075405,24.95117457270153,0],[121.53989195071283,24.951205296705762,0],[121.53989195071283,24.951205296705766,0],[121.53999381577846,24.951224629977798,0],[121.54009677496049,24.951238323366905,0],[121.54020045292572,24.951246326954678,0],[121.54030447172036,24.951248611564615,0],[121.54040845214804,24.951245168868503,0],[121.54051201515236,24.95123601141679,0],[121.54061478319872,24.951221172592827,0],[121.54061478319872,24.951221172592824,0],[121.54079431625365,24.951183680901668,0],[121.5409710020584,24.9511362612136,0],[121.54114418074514,24.951079090628312,0],[121.54131320554673,24.951012382662007,0],[121.54147744521252,24.950936386449825,0],[121.54147744521252,24.95093638644983,0],[121.54185037471596,24.950748005338212,0],[121.54221218887527,24.950542395736598,0],[121.54256193098618,24.950320101350105,0],[121.54256193098618,24.950320101350105,0],[121.542750337607,24.950191070161896,0],[121.54292995960031,24.950052015394473,0],[121.54292995960031,24.950052015394473,0],[121.54302430772614,24.949973585377442,0],[121.54311331161621,24.949890124441062,0],[121.54319664910086,24.949801934701604,0],[121.54327401852403,24.949709335392246,0],[121.54334513983481,24.949612661707363,0],[121.54340975560142,24.949512263589053,0],[121.54340975560142,24.949512263589053,0],[121.54352727527261,24.94931164505594,0],[121.5436294039625,24.94910414146701,0],[121.54371565941504,24.9488907328235,0],[121.54371565941504,24.9488907328235,0],[121.54384855675036,24.948495021414946,0],[121.54396030770094,24.94809391334076,0],[121.54412942367888,24.947369576134502,0],[121.54412942367888,24.947369576134502,0],[121.54419653803184,24.946755653458865,0],[121.54419653803184,24.946755653458865,0],[121.54421325152947,24.94600417625485,0],[121.54421325152947,24.94600417625485,0],[121.54420003949757,24.945541992480404,0],[121.54420003949757,24.945541992480404,0],[121.54419758908031,24.945443586552333,0],[121.54418816210632,24.945345531230693,0],[121.54417179807791,24.945248237230192,0],[121.54417179807791,24.945248237230192,0],[121.5440407115744,24.944464953392895,0],[121.5440407115744,24.944464953392895,0],[121.54391832042585,24.9437280242444,0],[121.54391832042585,24.9437280242444,0],[121.5438646794834,24.943414412393192,0],[121.54379167124156,24.943104068448093,0],[121.5436995295485,24.942797985841356,0],[121.54358854949365,24.942497144357304,0],[121.54358854949365,24.942497144357304,0],[121.5434247534799,24.942140679633493,0],[121.54327686778035,24.9417784788672,0],[121.54327686778035,24.9417784788672,0],[121.54310210338181,24.94147180175787,0],[121.54290895206324,24.941174434925262,0],[121.54290895206324,24.941174434925262,0],[121.54274580739403,24.940968730710946,0],[121.54256960318311,24.94077218565244,0],[121.54238095656339,24.940585488058705,0],[121.54238095656339,24.940585488058705,0],[121.54203281216293,24.940255247137436,0],[121.54166862118174,24.939939722175737,0],[121.54166862118174,24.939939722175737,0],[121.54132525461655,24.939643537646198,0],[121.5409606901113,24.93936922175551,0],[121.5409606901113,24.93936922175551,0],[121.54071527995828,24.939215972777603,0],[121.5404606161107,24.939075836896134,0],[121.54019754041063,24.938949277344364,0],[121.54019754041063,24.938949277344364,0],[121.54012096597587,24.938922603927068,0],[121.54004259192155,24.938900703022863,0],[121.5399627755793,24.938883674484696,0],[121.53988188085603,24.938871595950936,0],[121.53980027657498,24.938864522491407,0],[121.53971833479422,24.93886248635626,0],[121.5396364291105,24.938865496829024,0],[121.5396364291105,24.938865496829024,0],[121.53955433559841,24.938877549212844,0],[121.53947323117814,24.93889426613956,0],[121.53939343432867,24.938915581965734,0],[121.53931525839486,24.938941412989106,0],[121.53923901035722,24.938971657777138,0],[121.53916498962639,24.939006197565362,0],[121.5390934868676,24.939044896723654,0],[121.5390247828594,24.939087603288826,0],[121.53895914739098,24.939134149561262,0],[121.53895914739098,24.939134149561262,0],[121.53868378979573,24.939318741502767,0],[121.53868378979573,24.939318741502763,0],[121.5385681459207,24.93941850896042,0],[121.53845881757785,24.93952403027473,0],[121.53835614860064,24.939634973601436,0],[121.53826046188273,24.9397509900442,0],[121.53826046188276,24.9397509900442,0],[121.53811323441639,24.93998102339813,0],[121.53798142782064,24.940218705088093,0],[121.53786551822674,24.940463176688652,0],[121.53786551822674,24.940463176688652,0],[121.53779754386368,24.940607295743035,0],[121.53773914648217,24.940754864125484,0],[121.53769053526842,24.94090535331657,0],[121.53765188436134,24.941058224333975,0],[121.53762333222821,24.941212929662793,0],[121.53762333222821,24.941212929662793,0],[121.53761018964735,24.9414167664531,0],[121.53761210776324,24.94162094766466,0],[121.53762907796978,24.941824549276635,0],[121.53766102354187,24.942026649886696,0],[121.53766102354187,24.942026649886696,0],[121.53777313433133,24.942954245231704,0],[121.53777313433133,24.942954245231704,0],[121.53773935322816,24.943271046028674,0],[121.53772841256529,24.943589184160533,0],[121.53772841256529,24.943589184160533,0],[121.53772716280434,24.943645765227995,0],[121.53772187040944,24.943702151678316,0],[121.53771255788742,24.943758103659594,0],[121.53771255788742,24.943758103659594,0],[121.53766459051333,24.944022468907534,0],[121.53759962537862,24.944283798721962,0],[121.53759962537862,24.944283798721962,0],[121.53759962537862,24.944283798721962,0],[121.53752441342698,24.944509860931515,0],[121.53743411944168,24.944731286204124,0],[121.53732908406896,24.944947238986156,0],[121.53720970358793,24.945156904370204,0],[121.53720970358796,24.945156904370204,0],[121.53709235339207,24.945354837888047,0],[121.53696113949843,24.945545398071083,0],[121.5368166168548,24.945727778884308,0],[121.53665939671055,24.94590120888637,0],[121.53649014403179,24.946064954493163,0],[121.53649014403179,24.946064954493163,0],[121.53629830363137,24.946209145214787,0],[121.53609619403208,24.94634116105935,0],[121.53588474304523,24.946460395969073,0],[121.53566492137521,24.946566302558946,0],[121.535437738163,24.946658394630212,0],[121.535437738163,24.946658394630212,0],[121.53499385580835,24.946815578413524,0],[121.53453970888008,24.94694613445808,0],[121.53407721681786,24.947049510959804,0],[121.53407721681786,24.947049510959797,0],[121.53348502780908,24.947153577507546,0],[121.53288881729985,24.947236388991005,0],[121.53288881729985,24.94723638899101,0],[121.53231916349675,24.947281437560168,0],[121.5317476739887,24.947298416413926,0],[121.53117601164777,24.947287276142365,0],[121.53117601164777,24.947287276142365,0],[121.52989684798254,24.947223328306332,0],[121.52972327179987,24.94721591603448,0],[121.52972327179987,24.94721591603448,0],[121.52930234971907,24.947134560460515,0],[121.52930234971907,24.947134560460515,0],[121.52896584488046,24.94705505827603,0],[121.52863589409729,24.9469553020637,0],[121.52863589409729,24.9469553020637,0],[121.52828113730072,24.946853897931856,0],[121.52828113730072,24.946853897931856,0],[121.52775360638333,24.94667742014292,0],[121.52721827376364,24.946521692670036,0],[121.52656486583358,24.946305951797417,0],[121.52656486583358,24.946305951797417,0],[121.52617591152352,24.94618110251316,0],[121.52617591152352,24.94618110251316,0],[121.52579016486789,24.946029739824013,0],[121.52541265242003,24.945862005995792,0],[121.52504420947537,24.945678272172987,0],[121.52504420947537,24.945678272172987,0],[121.52471189148808,24.94539907842532,0],[121.52439901643834,24.94510179665762,0],[121.52439901643834,24.94510179665762,0],[121.52427219054461,24.944920840572394,0],[121.52415688725834,24.944733586018064,0],[121.52405348166356,24.944540642222258,0],[121.52396231013061,24.944342636919647,0],[121.52396231013061,24.944342636919647,0],[121.52392650717222,24.944168891250147,0],[121.5238997498564,24.94399379706385,0],[121.52388209793476,24.94381774561389,0],[121.52388209793476,24.94381774561389,0],[121.52389373447431,24.943538961035888,0],[121.5239250592733,24.94326144037756,0],[121.52397594187286,24.942986338264372,0],[121.52404617044745,24.94271479925185,0],[121.52413545268818,24.94244795306391,0],[121.52413545268818,24.94244795306391,0],[121.52421429640772,24.942268186708837,0],[121.52430450997574,24.942092921095806,0],[121.52440578594795,24.94192275343009,0],[121.52451777918989,24.941758263543647,0],[121.52464010805333,24.941600011919533,0],[121.52487638024385,24.941325397023533,0],[121.52514595889517,24.94103128522499,0],[121.52514595889517,24.94103128522499,0],[121.52583538250425,24.94019120022019,0],[121.52646067920011,24.93931039016666,0],[121.52670372495811,24.938955855129628,0],[121.52695573777937,24.938597777282954,0],[121.52742314593655,24.937958699225526,0],[121.52770193102583,24.93757748293059,0],[121.52797449111961,24.937213651447646,0],[121.52818339868551,24.936930199747653,0],[121.52829797959421,24.936755379830934,0],[121.52842929639196,24.936529630362063,0],[121.52870046993566,24.9360335823422,0],[121.52883044488199,24.93575717734467,0],[121.5289840424271,24.935401941611417,0],[121.5290611801825,24.935210339994804,0],[121.52916268747501,24.934931713564147,0],[121.52923083244175,24.934728469916518,0],[121.5293256540159,24.934427524266592,0],[121.52948106794909,24.933845386608006,0],[121.52953383536527,24.933635638529207,0],[121.52966402134895,24.932897179115784,0],[121.52970760614483,24.932430837707873,0],[121.52977688946744,24.93168723651887,0],[121.52981118680252,24.931188997287226,0],[121.52986453285129,24.930634371952717,0],[121.52990822922891,24.930083154926233,0],[121.5299276679585,24.929787422602192,0],[121.52994423606476,24.929423451492706,0],[121.52997155446499,24.929037796373148,0],[121.52999997107936,24.928562127317804,0],[121.52999997107936,24.928562127317804,0],[121.53002286315977,24.92834515412092,0],[121.53006131600428,24.928130017774425,0],[121.53011516385868,24.92791764518981,0],[121.53018417464293,24.927708951366274,0],[121.53026805095207,24.927504835448595,0],[121.53026805095207,24.927504835448595,0],[121.5303337861552,24.927388339054307,0],[121.53040754713011,24.927275909166703,0],[121.53048903262882,24.927168004928966,0],[121.5305779098604,24.927065067001184,0],[121.53068083691832,24.926943014687442,0],[121.53077970718341,24.926835086370797,0],[121.53088453655106,24.926725322768586,0],[121.53103106016857,24.926578964798416,0],[121.53124297302364,24.92636946743438,0],[121.531370792052,24.926254009829396,0],[121.5315272027177,24.926106293265963,0],[121.5315272027177,24.926106293265963,0],[121.53158396446982,24.926056632620302,0],[121.53163705413536,24.926003702473285,0],[121.53168624573006,24.925947728135018,0],[121.53173132986369,24.92588894787365,0],[121.53177211463114,24.925827611901013,0],[121.53180842642938,24.92576398130758,0],[121.53184011069635,24.925698326950933,0],[121.53189689193134,24.925538735035897,0],[121.53195931726579,24.925361943131712,0],[121.53203963690078,24.9250652221621,0],[121.53218090040072,24.92446315254143,0],[121.53228617208738,24.9239922133886,0],[121.53244332039414,24.9233399379217,0],[121.53255272447785,24.922853547363086,0],[121.53266324966339,24.922373789634193,0],[121.5327538011266,24.921952726472135,0],[121.53290249071274,24.921277484688737,0],[121.53311995498423,24.92040099648447,0],[121.53328816447264,24.919721019478732,0],[121.53334417122055,24.91938528966086,0],[121.5333890108941,24.919145431829882,0],[121.53340999223339,24.919019667247902,0],[121.5334141272298,24.918820878722784,0],[121.53342234569845,24.91860996231614,0],[121.53342132569627,24.918355700983938,0],[121.53340892056856,24.91816529596714,0],[121.53340317900474,24.918113231254562,0],[121.5333226673302,24.91771374605106,0],[121.53325424438857,24.91738660551127,0],[121.53304756731379,24.91619144058793,0],[121.53295503243372,24.9157839847787,0],[121.53293110527301,24.915589099994218,0],[121.53293110527301,24.915589099994218,0],[121.53291528819568,24.91540334008932,0],[121.53291165570128,24.915217050431814,0],[121.53292022068428,24.915030895116185,0],[121.53294095255711,24.91484553775508,0],[121.53294095255711,24.91484553775508,0],[121.53295608090986,24.91477174942429,0],[121.5329767981192,24.914699098870138,0],[121.53300300390946,24.914627937702623,0],[121.53303457144216,24.91455861032289,0],[121.53307134793019,24.914491452256467,0],[121.5331131553774,24.91442678852947,0],[121.53315979144004,24.914364932095598,0],[121.53321103040633,24.91430618232161,0],[121.53321103040633,24.91430618232161,0],[121.53324463219059,24.914246617927233,0],[121.53328249467259,24.914189218635457,0],[121.53332445088776,24.914134237554677,0],[121.53337031582052,24.914081917129582,0],[121.53341988722016,24.914032488072145,0],[121.53347294649274,24.91398616834425,0],[121.53352925966502,24.913943162196684,0],[121.53358857841621,24.913903659268513,0],[121.53365064117295,24.913867833750874,0],[121.53371517426272,24.913835843618912,0],[121.53371517426272,24.913835843618912,0],[121.53377867436168,24.91380141978947,0],[121.53384436861988,24.913770610106443,0],[121.5339120100121,24.913743530420383,0],[121.53398134419206,24.913720282556202,0],[121.5340521104487,24.91370095393037,0],[121.53412404268653,24.913685617222196,0],[121.53419687042611,24.913674330100548,0],[121.53419687042611,24.913674330100548,0],[121.5344479291514,24.91362822033427,0],[121.53470164390423,24.913596423628505,0],[121.53495703455584,24.913579062815973,0],[121.53521311450515,24.913576204961892,0],[121.53521311450515,24.913576204961892,0],[121.53540609411233,24.913584199616796,0],[121.535598260815,24.913602208272035,0],[121.53578899033843,24.913630172423698,0],[121.53597766307587,24.913668001226302,0],[121.53616366610083,24.913715571787854,0],[121.5365394116427,24.91381620957731,0],[121.53688426846911,24.913925493069797,0],[121.53753419938181,24.914161819309047,0],[121.53792741608234,24.91430976562879,0],[121.53828437706693,24.914466665218544,0],[121.53851072990214,24.914586157141464,0],[121.53876587709536,24.914757144061415,0],[121.53916029874073,24.915041070234764,0],[121.53938398741514,24.915213295005092,0],[121.53973228323186,24.91550892315274,0],[121.54001508101207,24.915728888710873,0],[121.54019498105708,24.915903164412498,0],[121.54049173302033,24.91621313342521,0],[121.54067908239227,24.916422100845214,0],[121.54083664237855,24.91660743629665,0],[121.54096550507955,24.916789854536855,0],[121.54126630635562,24.917206002137096,0],[121.54133968560708,24.917350733137617,0],[121.54146278630733,24.917601654948562,0],[121.54164037169186,24.91794985040072,0],[121.54164037169186,24.91794985040072,0],[121.54170733812488,24.918023388884787,0],[121.54177962177812,24.918092614263916,0],[121.54185688949411,24.918157207468447,0],[121.54193878514137,24.918216870778625,0],[121.54202493125597,24.918271329196966,0],[121.54211493078125,24.918320331715826,0],[121.54220836889809,24.918363652474454,0],[121.54220836889809,24.918363652474454,0],[121.54226391722398,24.918383143096474,0],[121.54232065004157,24.918399552907193,0],[121.54237836209705,24.91841282253748,0],[121.54243684459351,24.918422903979057,0],[121.5424958859465,24.918429760758254,0],[121.54255527254959,24.91843336806791,0],[121.54255527254959,24.91843336806791,0],[121.54263279046015,24.918424449128494,0],[121.54270958423102,24.918411316149758,0],[121.54278537864765,24.918394016198008,0],[121.54285990207732,24.918372611273206,0],[121.54293288744263,24.918347178086698,0],[121.54300407317885,24.91831780778634,0],[121.54307320417124,24.918284605629758,0],[121.54342356849473,24.918060230191173,0],[121.54386468927987,24.91766716741057,0],[121.5440414886967,24.91749753329686,0],[121.54421032791043,24.91729984943281,0],[121.54436266040246,24.917112399577043,0],[121.54453787767422,24.916880193379487,0],[121.54470185404588,24.91664355808856,0],[121.5447735356813,24.916508302765074,0],[121.54489751379924,24.916257190110827,0],[121.54578762818763,24.914547539287547,0],[121.54656025093657,24.91306312550654,0],[121.54665056534945,24.912893616900707,0],[121.54703930176949,24.91214184649687,0],[121.54729257576793,24.9116298206717,0],[121.5475136201571,24.911127356742067,0],[121.54767069821983,24.91090997502291,0],[121.54782545254476,24.9106808932694,0],[121.5481275247975,24.910308812190863,0],[121.54851117362945,24.909881036168926,0],[121.54855695870306,24.909819195690112,0],[121.54890990368521,24.909384413014404,0],[121.54905428078135,24.909222970654266,0],[121.54935252229113,24.90885757921115,0],[121.5496226570569,24.90853922545239,0],[121.54974875689443,24.908379966846034,0],[121.55015844692433,24.907984357782794,0],[121.55047887937637,24.907710714774925,0],[121.5509300603548,24.90734056200321,0],[121.55149547968738,24.90695576249594,0],[121.55183300209085,24.906755813882157,0],[121.55252002383885,24.906349655450345,0],[121.55279227898005,24.906233276126176,0],[121.55318674914342,24.90602081849755,0],[121.55351017001867,24.905834238087508,0],[121.55361993932108,24.905715476515642,0],[121.55378334092123,24.905510101368645,0],[121.55397331080079,24.905166553062287,0],[121.55410463644837,24.904909106971797,0],[121.5542977220617,24.904537728567288,0],[121.55435051598444,24.904414928865975,0],[121.55451109137934,24.904158093722522,0],[121.55456632787627,24.904058077752502,0],[121.55481601152384,24.903685418972845,0],[121.55493515002262,24.90349576668875,0],[121.55514392128268,24.903119494867912,0],[121.5552748401085,24.902944296667,0],[121.55541251039753,24.902756597814008,0],[121.55573463241718,24.902429725176987,0],[121.55596294251518,24.902218876593803,0],[121.55624601668273,24.902030567535085,0],[121.55638509643636,24.901937500044767,0],[121.5566471153845,24.901719099573246,0],[121.55709958848124,24.90140949159504,0],[121.5578240433265,24.900906720525956,0],[121.55819337708428,24.90064409769992,0],[121.55854120988134,24.900415145021743,0],[121.55877260239568,24.900080343725723,0],[121.55877260239568,24.900080343725723,0],[121.55879852576706,24.900040655856273,0],[121.55882148505233,24.899999477471667,0],[121.5588413777276,24.89995699245802,0],[121.55885811496344,24.899913390536156,0],[121.55887162202163,24.899868866414323,0],[121.55888183858876,24.899823618918738,0],[121.55888871904561,24.899777850105693,0],[121.55889223267067,24.899731764359228,0],[121.55889236377736,24.899685567478457,0],[121.55888911178401,24.89963946575854,0],[121.5588824912163,24.89959366506946,0],[121.55887253164248,24.89954836993673,0],[121.55885927754112,24.899503782628038,0],[121.5588427881025,24.899460102250025,0],[121.5588231369642,24.899417523859213,0],[121.5588004118823,24.89937623759097,0],[121.55877471433934,24.899336427810447,0],[121.55874615909117,24.89929827228934,0],[121.55871487365438,24.89926194141204,0],[121.55855491806284,24.89909836735778,0],[121.55827085387222,24.89886399186011,0],[121.55789629170128,24.8986229140398,0],[121.55758907410703,24.898476435255848,0],[121.5571636652529,24.898301249342406,0],[121.55651916119479,24.89817422668587,0],[121.55586682261197,24.898123474162794,0],[121.55572221268581,24.898129531888856,0],[121.55537060817308,24.89813504976369,0],[121.55498161725286,24.898154162348327,0],[121.55481046322205,24.898170914918122,0],[121.55430071807541,24.898224697182798,0],[121.55422982580654,24.898241493246903,0],[121.55422982580654,24.898241493246903,0],[121.55416679549215,24.898267612460327,0],[121.55410570818263,24.898297325035443,0],[121.55404680982214,24.898330511346995,0],[121.55400515056985,24.898359082825795,0],[121.55397821969225,24.8983768590348,0],[121.55397821969225,24.8983768590348,0],[121.55395559842812,24.898395059644837,0],[121.55393377209545,24.89841405058144,0],[121.55393377209545,24.89841405058144,0],[121.55390658144722,24.89843984610324,0],[121.55388103109027,24.89846700079523,0],[121.5538572025505,24.89849542801366,0],[121.55383517186,24.898525037054416,0],[121.5536689373516,24.899048651914583,0],[121.55351688544916,24.89953342410579,0],[121.55349901474047,24.899590399284314,0],[121.55346494229586,24.899710328394647,0],[121.55340600159133,24.89991921101993,0],[121.55340600159133,24.89991921101993,0],[121.55339441048046,24.899971969675068,0],[121.55337896084795,24.900023899241535,0],[121.55335972244686,24.90007476524801,0],[121.55333678213749,24.900124338025062,0],[121.55331024349533,24.90017239374214,0],[121.5532802263434,24.900218715418266,0],[121.55324686621135,24.90026309390175,0],[121.55321031372353,24.90030532881458,0],[121.55317073391888,24.900345229457187,0],[121.55312830550594,24.900382615669592,0],[121.55308322005575,24.90041731864477,0],[121.55303568113709,24.900449181691005,0],[121.55298590339714,24.900478060939378,0],[121.55298590339714,24.90047806093938,0],[121.55294187801444,24.9005052914978,0],[121.55289596084526,24.900529785567393,0],[121.55284835604135,24.900551434244782,0],[121.55279927525815,24.900570141277477,0],[121.55274893671388,24.90058582349181,0],[121.55269756421916,24.90059841116277,0],[121.55264538618188,24.90060784832402,0],[121.55259263459172,24.900614093016756,0],[121.55253954398854,24.900617117476248,0],[121.55248635041963,24.90061690825531,0],[121.55243329039008,24.900613466284103,0],[121.55238059981123,24.900606806865973,0],[121.55232851295173,24.90059695960942,0],[121.55227726139589,24.900583968296438,0],[121.55222707301398,24.900567890687903,0],[121.55217817094905,24.900548798266673,0],[121.55213077262472,24.900526775919772,0],[121.55154555756427,24.90020965987442,0],[121.55107078751878,24.89990602715662,0],[121.5504945333109,24.899534866606285,0],[121.55035497039422,24.899430391541053,0],[121.55005942069762,24.899221695994388,0],[121.54981703203207,24.899055236536434,0],[121.54967576865461,24.89896979969533,0],[121.54943468657784,24.89884519585007,0],[121.54938846495317,24.898822694592127,0],[121.54910336333684,24.898704256051857,0],[121.54890413779405,24.898635567605307,0],[121.54847717938682,24.89852175534887,0],[121.54825456738736,24.898458140824648,0],[121.54747369264938,24.898264632252793,0],[121.54686202587153,24.898083239166773,0],[121.54657203999899,24.897967008171126,0],[121.54595740760105,24.897679291261902,0],[121.54576044455666,24.897581649677946,0],[121.54558599381234,24.897478398825108,0],[121.54558599381234,24.897478398825108,0],[121.54548400625472,24.8974117368715,0],[121.54538725304533,24.897338872418523,0],[121.5452961867626,24.897260146307808,0],[121.54521123338054,24.89717592679979,0],[121.5451327902762,24.897086607850852,0],[121.54506122437084,24.896992607270427,0],[121.54499687041383,24.89689436476641,0],[121.54494002941686,24.896792339888187,0],[121.54489096724622,24.89668700987691,0],[121.54489096724622,24.89668700987691,0],[121.54479536207823,24.896473636371052,0],[121.54471534456032,24.89625499129552,0],[121.54465126087666,24.89603202081188,0],[121.54460338825471,24.895805689794425,0],[121.54457193376689,24.895576977654542,0],[121.54455703343598,24.895346874102277,0],[121.54455875164813,24.89511637486334,0],[121.54457708087568,24.894886477370253,0],[121.54457708087568,24.894886477370253,0],[121.54462288148977,24.894671959185583,0],[121.54468336813505,24.894460489513605,0],[121.54475830173348,24.894252903943272,0],[121.5448473861263,24.894050022711998,0],[121.54495026924536,24.89385264746484,0],[121.54506654450503,24.89366155808725,0],[121.54506654450503,24.89366155808725,0],[121.54521252590642,24.893459008317677,0],[121.54537326207468,24.89326597660674,0],[121.54554800962046,24.89308335562609,0],[121.54573596036988,24.892911989899147,0],[121.54573596036988,24.892911989899147,0],[121.54614656593598,24.8925372051993,0],[121.54657841239569,24.892182839734375,0],[121.54657841239569,24.892182839734375,0],[121.54678228779582,24.892031930335957,0],[121.54699600463731,24.891892810470598,0],[121.54721874471761,24.891766012729093,0],[121.54744965529878,24.89165202252786,0],[121.54748308324065,24.89163834669528,0],[121.54855718113808,24.89130439468081,0],[121.54922510581123,24.891166625681894,0],[121.54922510581123,24.891166625681894,0],[121.54929496924514,24.89115129605395,0],[121.54936356953495,24.891131789324035,0],[121.54943060685488,24.89110819074894,0],[121.54949578821078,24.89108060346934,0],[121.54955882872072,24.891049148058947,0],[121.5496194528603,24.89101396199752,0],[121.54967739566678,24.890975199069942,0],[121.5498237543736,24.890861091153635,0],[121.55010028510353,24.890608449349468,0],[121.55010028510353,24.890608449349468,0],[121.55019226083277,24.89049906357038,0],[121.550276061077,24.890384342708053,0],[121.55035131512395,24.890264794292154,0],[121.55041769007309,24.890140947208124,0],[121.5504748923078,24.890013349357183,0],[121.55052266879429,24.889882565232284,0],[121.55056080820016,24.889749173420633,0],[121.55056080820016,24.889749173420633,0],[121.55070791543658,24.889316604697907,0],[121.55083747270541,24.888879391417397,0],[121.5509227867431,24.88824741149001,0],[121.55095432173876,24.888048117736517,0],[121.55093590925466,24.887569428501724,0],[121.55090549252432,24.88727589317985,0],[121.55090549252432,24.88727589317985,0],[121.55086092843916,24.887144264419668,0],[121.5508078816331,24.88701527921766,0],[121.55074653901264,24.886889391980983,0],[121.55067711670812,24.88676704620155,0],[121.55059985931186,24.88664867289374,0],[121.55051503901619,24.88653468907609,0],[121.55051503901619,24.88653468907609,0],[121.55036674441658,24.886403539569454,0],[121.55020949984377,24.88628137237673,0],[121.55004395794711,24.886168694539034,0],[121.54987080580726,24.886065973711855,0],[121.54987080580726,24.886065973711855,0],[121.54974341674907,24.886007463295233,0],[121.54961187417257,24.885957178242265,0],[121.54947681542744,24.885915362192886,0],[121.54933889489783,24.885882217753124,0],[121.54919878083187,24.885857905513507,0],[121.54919878083187,24.885857905513507,0],[121.54872978830352,24.885783961629087,0],[121.54825633404067,24.885739591254943,0],[121.54825633404067,24.885739591254943,0],[121.54736072705956,24.885735297573973,0],[121.54680132832323,24.885777436771868,0],[121.5465335952012,24.885812839634287,0],[121.5465335952012,24.885812839634287,0],[121.54635839369911,24.88584116671046,0],[121.5461857463424,24.88588043115832,0],[121.54601647269433,24.885930446589377,0],[121.5458513763059,24.88599097557969,0],[121.54562938697734,24.886092493761865,0],[121.54485192637057,24.886541173234672,0],[121.54485192637057,24.886541173234672,0],[121.54457469082296,24.886722674244098,0],[121.54430910620725,24.886918135358755,0],[121.54405601633424,24.887126935606336,0],[121.54357349647316,24.887514738606054,0],[121.54357349647316,24.887514738606054,0],[121.54349511344518,24.88758348125327,0],[121.54341210379432,24.887647545794348,0],[121.54332480246299,24.887706673724605,0],[121.5432335617123,24.887760626458505,0],[121.54313874970074,24.887809186292507,0],[121.54304074899858,24.887852157283533,0],[121.54293995504398,24.887889366039754,0],[121.54293995504398,24.887889366039754,0],[121.54288309208248,24.887902925530884,0],[121.54282538099666,24.88791307482892,0],[121.54276706731359,24.887919770754408,0],[121.54270839912424,24.88792298481998,0],[121.54264962602788,24.887922703351578,0],[121.54259099807012,24.887918927546565,0],[121.54253276467914,24.88791167346876,0],[121.5424751736043,24.887900971979967,0],[121.54241846986217,24.887886868608742,0],[121.542362894694,24.887869423356673,0],[121.542362894694,24.887869423356673,0],[121.54198789020059,24.887802745904093,0],[121.54161771521431,24.887716489573872,0],[121.54125359726132,24.88761094039685,0],[121.54089674377379,24.887486448380052,0],[121.54089674377379,24.887486448380052,0],[121.54081967002848,24.88744721441298,0],[121.5407455326726,24.88740352524878,0],[121.54067464077902,24.8873555630258,0],[121.54060728988937,24.887303527696453,0],[121.54054376078197,24.887247636193493,0],[121.54054376078197,24.887247636193493,0],[121.5405014931853,24.887218769790405,0],[121.54045718725152,24.887192569797058,0],[121.54041104479892,24.887169155556613,0],[121.54036327601094,24.887148633722852,0],[121.54031409847875,24.88713109777435,0],[121.54026373621016,24.88711662758876,0],[121.54021241860929,24.88710528907887,0],[121.54016037943164,24.88709713389251,0],[121.54010785571947,24.88709219917717,0],[121.54010785571947,24.887092199177175,0],[121.53957697143733,24.887204981179583,0],[121.53957697143733,24.887204981179583,0],[121.53950010208452,24.887218943422447,0],[121.53942238921555,24.88722824137046,0],[121.53934417259957,24.887232834371837,0],[121.53926579420842,24.88723270234531,0],[121.53918759672126,24.88722784586795,0],[121.53910992202633,24.887218286172693,0],[121.53903310972599,24.887204065055407,0],[121.53895749565183,24.88718524469224,0],[121.5388834103963,24.887161907367695,0],[121.53881117786716,24.88713415511491,0],[121.53881117786716,24.88713415511491,0],[121.53876912157232,24.887109412134663,0],[121.53872894640143,24.887082192236594,0],[121.5386908273952,24.887052614016863,0],[121.53865493063527,24.88702080634669,0],[121.53862141252075,24.886986907810797,0],[121.5385904190867,24.88695106610366,0],[121.53856208536789,24.886913437385918,0],[121.5385365348105,24.886874185604007,0],[121.53851387873435,24.886833481775838,0],[121.53849421584775,24.886791503245615,0],[121.53847763181767,24.886748432911194,0],[121.53846419889642,24.886704458427168,0],[121.53845397560691,24.88665977138724,0],[121.53844700648781,24.88661456648948,0],[121.53844332189944,24.88656904068802,0],[121.53844293789163,24.88652339233492,0],[121.53844585613383,24.886477820315974,0],[121.53845206390791,24.88643252318419,0],[121.53845206390791,24.88643252318419,0],[121.53845693859225,24.88632157479666,0],[121.53846975332038,24.886211154338618,0],[121.53849045325936,24.886101734106337,0],[121.53851894984977,24.88599378211664,0],[121.5385551211849,24.885887760105103,0],[121.53859881253246,24.88578412155119,0],[121.53864983699681,24.885683309738642,0],[121.53870797631843,24.885585755859584,0],[121.53870797631843,24.885585755859584,0],[121.53885364531729,24.88536459065077,0],[121.53901416301738,24.88515215015744,0],[121.53918890342591,24.884949262763254,0],[121.53937718510038,24.884756719596712,0],[121.53937718510038,24.88475671959672,0],[121.53956873702403,24.88456514764495,0],[121.53977447068408,24.88438622989155,0],[121.53977447068408,24.88438622989155,0],[121.53981672290871,24.884355335680418,0],[121.53992353128288,24.88430688578172,0],[121.5406507824449,24.884084881905334,0],[121.54081932346338,24.883984337194796,0],[121.54081932346338,24.883984337194796,0],[121.540905662409,24.883938246361726,0],[121.54098828243436,24.88388679537718,0],[121.54106678429734,24.883830232869283,0],[121.54114078865774,24.883768832166336,0],[121.54120993791025,24.883702889975847,0],[121.54127389791256,24.88363272495078,0],[121.54127389791256,24.88363272495078,0],[121.54130434913694,24.883587515012962,0],[121.54133130871992,24.883540496513188,0],[121.54135464820807,24.883491893486145,0],[121.54137425639738,24.883441937516245,0],[121.54139003986312,24.883390866634162,0],[121.54140192340499,24.883338924182553,0],[121.54140985040526,24.883286357656694,0],[121.54141378309845,24.88323341752508,0],[121.54141370275129,24.883180356036082,0],[121.5414096097517,24.88312742601599,0],[121.54140152360702,24.883074879664317,0],[121.54131104448251,24.882760906497552,0],[121.54123453330504,24.882492154062287,0],[121.5411973354901,24.88231466578113,0],[121.54115104444776,24.882018843718072,0],[121.54104920158099,24.88141517670912,0],[121.54103073007772,24.881216764896344,0],[121.54103073007772,24.881216764896344,0],[121.54100288228209,24.880932983563746,0],[121.5409950074247,24.880648158058424,0],[121.54100713767627,24.880363456926883,0],[121.54103922313337,24.880080048197463,0],[121.54111516810265,24.879427244218597,0],[121.54121364810626,24.878899782631102,0],[121.54148234420984,24.87777857600386,0],[121.54163685864587,24.877300306460043,0],[121.54176832312685,24.876922046009874,0],[121.54187214126685,24.876621031149135,0],[121.54222284414364,24.875709681825857,0],[121.54240661650566,24.875256020398687,0],[121.54240661650566,24.875256020398687,0],[121.54269882739975,24.87477321434073,0],[121.54269882739975,24.87477321434073,0],[121.54276209353928,24.87469979211014,0],[121.54283040984431,24.87463023783652,0],[121.54290349286848,24.8745648400941,0],[121.54298103939026,24.874503870211523,0],[121.54306272767093,24.87444758114631,0],[121.54314821878947,24.874396206435392,0],[121.54323715804873,24.87434995922631,0],[121.5433291764469,24.87430903139294,0],[121.54342389220845,24.874273592739534,0],[121.54352091236794,24.87424379029624,0],[121.54361983440018,24.87421974770923,0],[121.54372024789029,24.874201564727702,0],[121.54408466911991,24.874158121311886,0],[121.54439367847439,24.87413625499303,0],[121.54456197969813,24.87413988830319,0],[121.54470627144401,24.87415194546348,0],[121.5449624968571,24.874189967562206,0],[121.54526609527024,24.87424116607626,0],[121.54526609527024,24.87424116607626,0],[121.5453410970737,24.874250284815048,0],[121.54541661018665,24.874254655597813,0],[121.54549227388223,24.874254257545434,0],[121.54556772671415,24.874249092559552,0],[121.54564260824364,24.874239185313492,0],[121.54571656076118,24.874224583134396,0],[121.54578923099548,24.874205355777068,0],[121.54586027180119,24.874181595090803,0],[121.54592934381733,24.87415341458054,0],[121.54599611708845,24.874120948864615,0],[121.5460602726409,24.874084353031694,0],[121.5460602726409,24.874084353031694,0],[121.54609469932845,24.874051509170293,0],[121.54612671134899,24.874016692056763,0],[121.54615617312537,24.87398004915061,0],[121.54618295988175,24.87394173564393,0],[121.54620695817205,24.873901913804087,0],[121.54622806636029,24.873860752286454,0],[121.54624619505104,24.873818425420104,0],[121.54626126746811,24.87377511246946,0],[121.54627321977948,24.873730996875047,0],[121.54628200136769,24.873686265476604,0],[121.5462875750442,24.873641107721703,0],[121.54628991720679,24.873595714863463,0],[121.5462754153549,24.873355727574552,0],[121.54625287854448,24.87318046927921,0],[121.54619712007555,24.87290353848279,0],[121.54612282518502,24.872627417401898,0],[121.54595556680978,24.872112913447534,0],[121.54595556680978,24.872112913447534,0],[121.54592870673824,24.872042917084986,0],[121.54590658264206,24.87197155488072,0],[121.54588927710763,24.871899093246885,0],[121.54587685473214,24.871825802699615,0],[121.54586936188244,24.871751956849103,0],[121.5458668265222,24.87167783137812,0],[121.54586925810766,24.871603703012873,0],[121.54587664755226,24.871529848489843,0],[121.54597506350049,24.87113194233084,0],[121.54599806740873,24.871033003655967,0],[121.54625025229694,24.870285858260765,0],[121.54635407647532,24.869974654459742,0],[121.54639494086318,24.86986023035253,0],[121.54657093322706,24.869464439045164,0],[121.5467704090763,24.869008489361985,0],[121.54699896478625,24.868730857904996,0],[121.54731481901905,24.86837851245838,0],[121.54755708411443,24.86818595108982,0],[121.54763140359482,24.868119678526813,0],[121.54823089494785,24.86776750018329,0],[121.54841239941632,24.867671113137657,0],[121.54857937062904,24.86759003185036,0],[121.54876277041916,24.867506723635827,0],[121.54901610810751,24.867408672579,0],[121.54912028892171,24.867362675332632,0],[121.54924775348658,24.867305895308554,0],[121.54945980035416,24.86719848869698,0],[121.54957284774876,24.867140419244606,0],[121.54971220150316,24.86705710753931,0],[121.54971220150316,24.867057107539313,0],[121.54981216101214,24.866993885589345,0],[121.54990715779809,24.866924586997843,0],[121.5499967488483,24.86684953494185,0],[121.55008051636209,24.866769079429314,0],[121.55015806969938,24.86668359566662,0],[121.55015806969938,24.86668359566662,0],[121.55018159694106,24.86664595884829,0],[121.55020223028549,24.866606934513165,0],[121.55021987196092,24.86656670758451,0],[121.5502344383724,24.866525468684117,0],[121.55024586049777,24.866483413228973,0],[121.55025408421484,24.866440740505244,0],[121.55025907055759,24.866397652723897,0],[121.55026079590091,24.866354354062512,0],[121.55025925207245,24.866311049697725,0],[121.55025444639126,24.866267944833016,0],[121.55024640163302,24.866225243726284,0],[121.5502351559221,24.866183148721962,0],[121.55022076255086,24.86614185929218,0],[121.55020174755533,24.866071333998967,0],[121.55018735794995,24.86601449203704,0],[121.55016807061828,24.865952570563753,0],[121.55016587198425,24.865944672251153,0],[121.55013716571388,24.86580626809823,0],[121.55013716571388,24.86580626809823,0],[121.5501113279287,24.865670457440334,0],[121.55009468409611,24.865533455151343,0],[121.55008729706094,24.86539577878314,0],[121.55008919469826,24.865257948432433,0],[121.55010217511803,24.86503104411962,0],[121.55011414680085,24.864787478502176,0],[121.55015095567398,24.864451295935908,0],[121.55018051170079,24.864209603653553,0],[121.55020733468206,24.863834661362826,0],[121.55023901273795,24.863387753436655,0],[121.55026279242564,24.863115737105808,0],[121.55027756194411,24.863000416982626,0],[121.55031706312958,24.862821396403866,0],[121.55037600409821,24.862647254963516,0],[121.55048934299069,24.862441730081773,0],[121.55064332863626,24.86217501405393,0],[121.55070007674642,24.86210080210001,0],[121.5507535691168,24.86203217640523,0],[121.55083245734957,24.861930970029025,0],[121.55100924405947,24.861697766494277,0],[121.55116592509692,24.861467908227713,0]]}},{"type":"Feature","properties":{"cadgeom_type":"CADLWPolyline","thickness":0,"color":"#FFFF00FF"},"geometry":{"type":"LineString","coordinates":[[121.53539558304466,24.994093999794877,0],[121.53545450209968,24.994081839699152,0],[121.535512367951,24.994066027397597,0],[121.53556890837777,24.99404663727689,0],[121.53562385739477,24.994023760555027,0],[121.53567695650368,24.993997504852093,0],[121.53572795590924,24.99396799368401,0],[121.53577661569453,24.993935365881438,0],[121.53582270694943,24.993899774936583,0],[121.53586601284765,24.993861388281154,0],[121.5359063296667,24.993820386498644,0],[121.53594346774628,24.993776962474765,0],[121.53597725238045,24.99373132049002,0],[121.53597725238045,24.99373132049002,0],[121.53602557588701,24.993664212546303,0],[121.53606889378851,24.993594323438117,0],[121.53610701417118,24.99352196281321,0],[121.53613976815004,24.993447451268977,0],[121.5361670106171,24.993371118931968,0],[121.53618862088403,24.993293303995245,0],[121.53620450321675,24.993214351219873,0],[121.53621458725937,24.993134610407527,0],[121.53621882834568,24.993054434850606,0],[121.53621720769696,24.992974179766968,0],[121.53620973250489,24.992894200726134,0],[121.53619643589944,24.992814852073952,0],[121.53617737680204,24.992736485362666,0],[121.53617737680204,24.992736485362666,0],[121.53613516711813,24.99255345881117,0],[121.53610202089094,24.992455627641117,0],[121.53606780316514,24.992385593505926,0],[121.53586138690561,24.99202132854624,0],[121.53566323134919,24.991670887257566,0],[121.5356234946509,24.991603797217884,0],[121.5356234946509,24.991603797217884,0],[121.5355443966024,24.991458952409584,0],[121.5354761673487,24.99130958684505,0],[121.5354191158717,24.991156377025327,0],[121.53537350052437,24.991000016860273,0],[121.53533952786115,24.990841214525517,0],[121.53531735170317,24.990680689254983,0],[121.53530707244242,24.99051916808316,0],[121.53530873658794,24.990357382552336,0],[121.53530873658794,24.990357382552336,0],[121.53535981537483,24.989953765272272,0],[121.53541025401886,24.989771917766124,0],[121.53541025401886,24.989771917766124,0],[121.53543321567606,24.989702726361816,0],[121.53547665766092,24.989590744308828,0],[121.53556235504507,24.98940889835182,0],[121.53556235504507,24.98940889835182,0],[121.53569921257638,24.98915814960577,0],[121.53572256311365,24.989119951839488,0],[121.53576305202533,24.989074503617527,0],[121.53601554966563,24.988824075105647,0],[121.5360786956936,24.988769237211418,0],[121.53615473181767,24.98871638930204,0],[121.53621122713473,24.988674769874873,0],[121.53634801681166,24.98857173073042,0],[121.53660394568332,24.98839609088534,0],[121.53681806510602,24.988260738534425,0],[121.53725709972984,24.9880073601545,0],[121.5374384786918,24.987903469723854,0],[121.53763116377398,24.9878170498394,0],[121.53773066907914,24.987777255241372,0],[121.53815251435788,24.987630252413968,0],[121.53841671900176,24.9875556802562,0],[121.53860943843725,24.9875092344795,0],[121.5389699003822,24.987440491912903,0],[121.53916138692237,24.987411125332134,0],[121.53936123629563,24.987383112316195,0],[121.539761132831,24.98737684189967,0],[121.53977315144687,24.98737715929122,0],[121.54079473674491,24.987404720553087,0],[121.541142658546,24.987420078744602,0],[121.54177874311762,24.98745292037962,0],[121.54202624939973,24.98747501010128,0],[121.54257129355936,24.987504870724834,0],[121.54274457858257,24.987518056391963,0],[121.54288865520454,24.987528952740856,0],[121.54305655803203,24.987541644198835,0],[121.54318548697803,24.98755139041945,0],[121.54326980497824,24.987557767025738,0],[121.54331146205199,24.987560057807208,0],[121.54335880158041,24.98756059721463,0],[121.5433619811656,24.987560556098913,0],[121.54336504187833,24.987560506141076,0],[121.5433756941307,24.987560023685425,0],[121.54340298889323,24.98755925556957,0],[121.54346159626992,24.98755614118804,0],[121.54346159626992,24.98755614118804,0],[121.54351213129115,24.9875505100851,0],[121.54356214199626,24.987541820965966,0],[121.54361140587064,24.98753011249154,0],[121.5436597037227,24.987515436756894,0],[121.54370682065931,24.98749785905939,0],[121.54370682065931,24.98749785905939,0],[121.54378840118142,24.98746344694249,0],[121.54386718423866,24.987423990066944,0],[121.54394279485022,24.987379676235744,0],[121.54401487313625,24.98733071636932,0],[121.54408307603094,24.98727734350153,0],[121.5441470789154,24.987219811670393,0],[121.54420657716265,24.98715839470891,0],[121.54426128758772,24.98709338494158,0],[121.54426128758772,24.98709338494158,0],[121.54428937353751,24.987035299316815,0],[121.54431373084977,24.98697583189678,0],[121.54433427817274,24.986915181312025,0],[121.54433811350194,24.986902484379257,0],[121.54434889150886,24.98684235664714,0],[121.5443435859599,24.986644948217265,0],[121.54434673430976,24.98661240077432,0],[121.54434700653043,24.98655895936041,0],[121.54434126590125,24.986506019671744,0],[121.54432422803607,24.986436283995907,0],[121.54430720461649,24.98639157267858,0],[121.54427275748367,24.986326525550673,0],[121.54425836015605,24.98630483625925,0],[121.54421523844056,24.98622016372668,0],[121.54421523844056,24.98622016372668,0],[121.54421523844056,24.98622016372668,0],[121.54421523844056,24.98622016372668,0],[121.54421523844056,24.98622016372668,0],[121.54415163666634,24.986077999977518,0],[121.5440965645159,24.985930382389718,0],[121.54404948521459,24.985773234267935,0],[121.54402249924378,24.985659475655222,0],[121.54399457231676,24.985501646203804,0],[121.54398300368447,24.985317286522143,0],[121.5439930043534,24.985053904774762,0],[121.54400855708182,24.984930123718666,0],[121.54403739467257,24.98477800781515,0],[121.54404232429752,24.98474828711083,0],[121.54406167701613,24.984643231593477,0],[121.54408649477347,24.984550614144727,0],[121.54412043064713,24.98445431366009,0],[121.54415224393796,24.984380881881012,0],[121.54421042342928,24.984270825326334,0],[121.54428391232487,24.98415921041982,0],[121.54442970897966,24.983928351247275,0],[121.54451457996474,24.98383246109104,0],[121.54451457996474,24.98383246109104,0],[121.5446984505145,24.983644047247278,0],[121.5448050337172,24.983559936084614,0],[121.54498432675341,24.98341756214352,0],[121.54511241398093,24.983332966845833,0],[121.54557944108693,24.983170744621624,0],[121.5458086794231,24.98313374384317,0],[121.54609913130247,24.983101523390243,0],[121.54633131442067,24.98307401618268,0],[121.54687426303732,24.983056960804326,0],[121.54738416751567,24.98309407320779,0],[121.54749903303976,24.98310251120508,0],[121.54761914954696,24.98311093609722,0],[121.5478160834993,24.98314142045106,0],[121.54795340101899,24.9831614149937,0],[121.54795340101899,24.9831614149937,0],[121.548032248555,24.98318331885638,0],[121.54846732697004,24.983308110256743,0],[121.54909133731455,24.98348710027214,0],[121.54920076324458,24.98354341997061,0],[121.54959052488854,24.983735042803012,0],[121.54984807880359,24.983875073169266,0],[121.55029371415019,24.98414693799635,0],[121.55029371415019,24.98414693799635,0],[121.55069146219967,24.984510193948402,0],[121.55082222610895,24.984644349372427,0],[121.55090663998733,24.984738902203738,0],[121.55096075148971,24.984803386024517,0],[121.55105884516061,24.98492915080626,0],[121.55105884516061,24.98492915080626,0],[121.55105884516061,24.98492915080626,0],[121.5511885220673,24.98511212227829,0],[121.55130481442347,24.98530242064709,0],[121.55140722583891,24.98549923373098,0],[121.55161527120129,24.985959209023903,0],[121.55161527120129,24.985959209023903,0],[121.55162522660977,24.98598303471256,0],[121.55163695452583,24.986006180690378,0],[121.55165039952384,24.986028537568647,0],[121.5516654980631,24.98604999968789,0],[121.55168217878814,24.98607046561724,0],[121.55170036286587,24.986089838633827,0],[121.55171996435814,24.986108027179906,0],[121.55174089062798,24.986124945295536,0],[121.55176304277728,24.986140513024885,0],[121.55178631611427,24.98615465679405,0],[121.55181060064824,24.98616730975885,0],[121.5518357816094,24.986178412120687,0],[121.55186173999137,24.98618791140921,0],[121.55188835311345,24.98619576273024,0],[121.55188835311345,24.98619576273024,0],[121.55191755700491,24.986201542091866,0],[121.55194713074047,24.98620545908244,0],[121.55197693152736,24.98620749478936,0],[121.5520068154765,24.986207639383494,0],[121.55203663829731,24.986205892166723,0],[121.55206625599432,24.986202261575258,0],[121.55209552556252,24.986196765138946,0],[121.55212430567786,24.986189429396592,0],[121.55215245737959,24.98618028976785,0],[121.55217984474126,24.98616939038217,0],[121.55220633552706,24.986156783865734,0],[121.55223180183022,24.986142531087324,0],[121.55225612069076,24.986126700864478,0],[121.55227917468899,24.986109369631144,0],[121.55227917468899,24.986109369631144,0],[121.55229955256083,24.986091821135137,0],[121.5523186327121,24.986073099859144,0],[121.55233633406645,24.98605328535522,0],[121.5523525814065,24.986032461820777,0],[121.55236730569354,24.98601071774085,0],[121.55238044436074,24.9859881455121,0],[121.55239257829025,24.985996582462466,0],[121.55241986179205,24.9859593038972,0],[121.55240811734598,24.985951804793455,0],[121.55249208807386,24.985843310057877,0],[121.55309322166819,24.985058725485633,0],[121.55309322166819,24.985058725485633,0],[121.5531369032042,24.984994848679527,0],[121.55317664504194,24.98492886935629,0],[121.55321232572936,24.98486098916103,0],[121.55324383622663,24.98479141554792,0],[121.55324383622663,24.98479141554792,0],[121.55327537284151,24.98471736507618,0],[121.55330172869377,24.984641650958483,0],[121.55332279909751,24.984564573960412,0],[121.55333075500138,24.984565791747798,0],[121.55333532734984,24.98454714207284,0],[121.55332647105973,24.98454540772104,0],[121.5533420294877,24.984464472931496,0],[121.5533420294877,24.984464472931496,0],[121.55335526942604,24.984368583653183,0],[121.55336208947924,24.984272138139513,0],[121.55336246443674,24.984175493117554,0],[121.55335639292677,24.984079006051488,0],[121.5533438974212,24.983983033820405,0],[121.55332502415223,24.983887931398403,0],[121.55327537798584,24.98362107651544,0],[121.55320504391621,24.983283310102983,0],[121.55320112361636,24.983263886728395,0],[121.55316719692611,24.983072398655356,0],[121.55298895861603,24.982085611530902,0],[121.55284261194011,24.9812176472122,0],[121.5528103142643,24.98102144364414,0],[121.55277735721137,24.98075899054532,0],[121.55276368483595,24.980565258988673,0],[121.55276473245918,24.980298854176386,0],[121.5527684266496,24.980245948245933,0],[121.5527678733231,24.979984533981114,0],[121.55278630673448,24.979760240778017,0],[121.552849383117,24.979574101916082,0],[121.55306827680369,24.978780627500292,0],[121.55314069794262,24.978542651922012,0],[121.55322779036072,24.978204915207918,0],[121.55327188001735,24.978034757957264,0],[121.55330783995225,24.977866478325794,0],[121.55333712335711,24.977757318476783,0],[121.55340862019659,24.97759665769068,0],[121.55348986292994,24.977415927732782,0],[121.55361677442325,24.977188435682084,0],[121.55367603147138,24.977075666539694,0],[121.55381058151649,24.976898647055346,0],[121.5539108067946,24.976776563602574,0],[121.5539108067946,24.976776563602574,0],[121.55400380732246,24.97670088641191,0],[121.55410111331436,24.976629849240176,0],[121.55420244647003,24.976563655252015,0],[121.55430751697304,24.976502493760343,0],[121.55430751697304,24.976502493760343,0],[121.55448346726064,24.976416690205994,0],[121.55466439497854,24.976339967513336,0],[121.5548497365893,24.97627256464704,0],[121.5548497365893,24.97627256464704,0],[121.55502119509902,24.97622739547823,0],[121.55519567757295,24.976193174341645,0],[121.55562743840153,24.97615327573583,0],[121.55588498854652,24.976143717591956,0],[121.55588498854652,24.976143717591956,0],[121.55614855244879,24.976152073862007,0],[121.55641102619553,24.976175446772842,0],[121.55667138105481,24.976213744715608,0],[121.55692859659732,24.97626681758462,0]]}},{"type":"Feature","properties":{"cadgeom_type":"CADLWPolyline","thickness":0,"color":"#FFFF00FF"},"geometry":{"type":"LineString","coordinates":[[121.66942923898041,25.080883450412593,0],[121.66847341761121,25.080272416011116,0],[121.66747780253479,25.07962906507913,0],[121.66743219918223,25.079599384503346,0],[121.66708520542976,25.079381345520893,0],[121.665721165266,25.07852637821435,0],[121.66547923560483,25.078379164909233,0],[121.6651553381718,25.078203830376058,0],[121.66507072820953,25.078162751395833,0],[121.66489824782622,25.078083281361014,0],[121.6644147666977,25.07785621181277,0],[121.6637595491497,25.077577918378207,0],[121.66322158289566,25.077378900260765,0],[121.66164723566746,25.076792570621592,0],[121.66110148992713,25.076589375364208,0],[121.66082777933369,25.076456957184767,0],[121.66069183174864,25.07638718685164,0],[121.66055143890041,25.07630258808315,0],[121.66053476900984,25.07629254546325,0],[121.66052077047291,25.07628383989638,0],[121.66047062810514,25.076252656164304,0],[121.6604192678661,25.076216411482697,0],[121.66041876974035,25.076215726875386,0],[121.66038276387964,25.076190305193844,0],[121.66036307645189,25.076176407776146,0],[121.66034991076954,25.07616503645559,0],[121.66026837124417,25.07609464953158,0],[121.660223667538,25.076067954138498,0],[121.66020047094484,25.076045861011817,0],[121.66015781778948,25.07600521136773,0],[121.66014486672425,25.075992882426675,0],[121.66012326167572,25.07597230114718,0],[121.66001600670481,25.075863136071142,0],[121.65990910040526,25.075751676784687,0],[121.65976058451741,25.0755757309784,0],[121.6596626282969,25.075447588052327,0],[121.65957508992122,25.075327511538042,0],[121.65943634585459,25.075090940920813,0],[121.6594024715396,25.075029915692618,0],[121.6592654586165,25.07468901284182,0],[121.65916237329807,25.0743636653099,0],[121.65916190151637,25.07436217631555,0],[121.65906577079696,25.074086493537582,0],[121.65904576118915,25.07398940527074,0],[121.65902680128256,25.07389747775993,0],[121.65898295233936,25.073669593746445,0],[121.65895715333951,25.073523276015088,0],[121.65892696441117,25.073390892473242,0],[121.65889320835444,25.073228881254984,0],[121.65888314019931,25.073180594587516,0],[121.65886097586508,25.07307421409625,0],[121.65885631488905,25.073051812009997,0],[121.65882885430135,25.07292004312296,0],[121.65880777959312,25.072818886455895,0],[121.6586954586322,25.072328871531383,0],[121.65864613394417,25.07207822697397,0],[121.65859784429227,25.071871727812038,0],[121.65857830431516,25.07178109592168,0],[121.65856523950107,25.071740040540032,0],[121.65851307042938,25.07157606247835,0],[121.65844127664369,25.071428763844903,0],[121.6583886648716,25.071333805004834,0],[121.65833299083633,25.071236255352673,0],[121.65828651884107,25.071166953180036,0],[121.65824280352814,25.07110612886613,0],[121.65818604817089,25.071038284052037,0],[121.65805295848287,25.070890908098168,0],[121.6579538118527,25.07079098852959,0],[121.65792957644334,25.070769042582526,0],[121.65782924373973,25.07067819046444,0],[121.65773237264348,25.070598856425814,0],[121.65766681164197,25.070551693640937,0],[121.6575337400931,25.07046092179428,0],[121.65740747225931,25.070384880874684,0],[121.65739008084016,25.070375110881415,0],[121.65719385876336,25.070264829880006,0],[121.657028746125,25.070175119879014,0],[121.6569383227377,25.070121513370673,0],[121.65689401006352,25.07009524906541,0],[121.65666396791718,25.06997704743626,0],[121.65666396791718,25.06997704743626,0],[121.65655807049905,25.06990866819722,0],[121.65608403282594,25.06962759394264,0],[121.65583383459294,25.069487452742635,0],[121.65555404377918,25.069329172003684,0],[121.65516122037788,25.06910520131495,0],[121.65500146906616,25.06901398472668,0],[121.65481559888826,25.068933258295008,0],[121.6546431857418,25.06887107061936,0],[121.6546431857418,25.06887107061936,0],[121.65450976221454,25.068835936070634,0],[121.65437489223007,25.068805728566048,0],[121.65437489223007,25.068805728566048,0],[121.65421763884076,25.068780224895274,0],[121.65405906062291,25.068762808830854,0],[121.6538996585634,25.068753535394986,0],[121.65384595668385,25.06875378592376,0],[121.65384595668385,25.06875378592376,0],[121.65383751901308,25.06875396131293,0],[121.65383751901308,25.06875396131293,0],[121.65370308742523,25.068754679096404,0],[121.65356887754331,25.068761744905835,0],[121.65343525046197,25.068775139730892,0],[121.65343295419032,25.068775149837673,0],[121.6533908682597,25.068780692012407,0],[121.65324289599631,25.0688007957048,0],[121.65319543007959,25.068809712220936,0],[121.65307774591055,25.068831828994984,0],[121.65283728921031,25.06888063648506,0],[121.65268460491286,25.068902960325747,0],[121.65255244596048,25.06891590231447,0],[121.65255244596048,25.06891590231447,0],[121.65228197817468,25.068946092461978,0],[121.65196616426412,25.068978895649074,0],[121.65189906277091,25.068982317957467,0],[121.65166883058964,25.06899406088883,0],[121.65141751952538,25.06900688616709,0],[121.65118934437824,25.069012288564643,0],[121.65100966219437,25.06901549364683,0],[121.65100966219437,25.06901549364683,0],[121.65084971822132,25.06901691569157,0],[121.65071230337017,25.0690181353981,0],[121.65068418409132,25.069018390237158,0],[121.65049883402754,25.069013766277045,0],[121.6504434792853,25.069011962118104,0],[121.6504434792853,25.069011962118104,0],[121.65009111824592,25.069000483391,0],[121.65009111824592,25.069000483391,0],[121.64994095466648,25.068995592123905,0],[121.64994095466648,25.068995592123905,0],[121.64961240724963,25.068984446393642,0],[121.6494856492263,25.06897420862435,0],[121.64939670419847,25.06896852673056,0],[121.64939670419847,25.06896852673056,0],[121.64939670419847,25.06896852673056,0],[121.64937287165216,25.06896538257939,0],[121.64934886958196,25.068963605334528,0],[121.64932479239832,25.068963201986634,0],[121.64930073480723,25.068964174122286,0],[121.64927679143756,25.068966517917666,0],[121.64925305646891,25.068970224153635,0],[121.64922962326119,25.068975278251973,0],[121.64920658398738,25.06898166033273,0],[121.64918402927103,25.06898934529244,0],[121.64918402927103,25.06898934529244,0],[121.64915410864745,25.068998340866358,0],[121.64912491908011,25.069009146815645,0],[121.6490965924421,25.069021714321114,0],[121.64906925670809,25.069035986605186,0],[121.64904303537614,25.069051899188384,0],[121.64901804690977,25.06906938018065,0],[121.64899440420284,25.069088350606105,0],[121.64897221406942,25.069108724759836,0],[121.64895157676129,25.06913041059511,0],[121.64893258551497,25.0691533101392,0],[121.64891532613052,25.069177319935985,0],[121.64889987658391,25.069202331513374,0],[121.6488863066747,25.069228231873325,0],[121.64887467771065,25.06925490400235,0],[121.64887467771065,25.06925490400235,0],[121.64886490014354,25.06928217050334,0],[121.6488571307955,25.069309967883836,0],[121.64885140392141,25.069338173590655,0],[121.64884774477137,25.069366663270294,0],[121.6488461694793,25.069395311317198,0],[121.64884668499184,25.06942399142748,0],[121.64884928903768,25.069452577155833,0],[121.64885397013742,25.06948094247297,0],[121.64886070765445,25.06950896232127,0],[121.64886947188553,25.069536513166135,0],[121.64888022419207,25.06956347354066,0],[121.64889291717023,25.06958972458112,0],[121.64890749485998,25.069615150551073,0],[121.64890749485998,25.069615150551073,0],[121.64890749485998,25.069615150551073,0],[121.64890749485998,25.069615150551073,0],[121.64923192278754,25.070334753229584,0],[121.6495652728867,25.07102549930835,0],[121.64977668891105,25.071416448751464,0],[121.64995283882428,25.0718198615226,0],[121.65003428680356,25.071978176939503,0],[121.65011498519479,25.072165266323214,0],[121.65019045125278,25.072493751148723,0],[121.65024610820748,25.072703011428374,0],[121.65038026849479,25.073063051277813,0],[121.65040857827042,25.073215854283887,0],[121.65041441602868,25.073271222926877,0],[121.65042346324562,25.073362088643513,0],[121.65043325584213,25.073463635633598,0],[121.65044972673228,25.07376957922978,0],[121.65044754172622,25.073972112746375,0],[121.65042891257913,25.074243488090488,0],[121.65042268465155,25.07440221833956,0],[121.65042124222731,25.07443635648652,0],[121.65036452675481,25.0746399401881,0],[121.65036452675481,25.0746399401881,0],[121.65036452675481,25.0746399401881,0],[121.65036452675481,25.0746399401881,0],[121.65036452675481,25.0746399401881,0],[121.65036452675481,25.0746399401881,0],[121.65036452675481,25.0746399401881,0],[121.65036452675481,25.0746399401881,0],[121.65011853174595,25.07493993037312,0],[121.64996583994589,25.075141424459378,0],[121.64992608653378,25.075203262272392,0],[121.64988318515893,25.075277917497257,0],[121.64981396741882,25.07540914481448,0],[121.64976647302026,25.075523668006163,0],[121.6496990476318,25.075695480492453,0],[121.6496889105935,25.075715481368178,0],[121.64965695926753,25.075729147481017,0],[121.64940217991689,25.075848872478392,0],[121.64913692904257,25.075941883366905,0],[121.64892397884869,25.0760034703705,0],[121.64853457883632,25.076096477846928,0],[121.6482953291472,25.076137175285492,0],[121.6482211032777,25.076134975540263,0],[121.64768523801808,25.076109487991367,0],[121.64712871172115,25.076068955971873,0],[121.64630963096457,25.07600247695597,0],[121.64607326852123,25.075976390724925,0],[121.64600758828585,25.07596885896617,0],[121.64595461569301,25.075960829223636,0],[121.6457295826051,25.075926310462084,0],[121.64564168188625,25.075913217202693,0],[121.64538096829065,25.075877865839225,0],[121.64524775786585,25.075857645309306,0],[121.64511054327014,25.075836672959092,0],[121.64508700758213,25.075833074842837,0],[121.64498572808253,25.07581515951085,0],[121.64469413455976,25.07574753101265,0],[121.64444757099676,25.075689307274637,0],[121.6443207155349,25.07566011656831,0],[121.64410665361133,25.07560650836561,0],[121.64348980162742,25.075462527092277,0],[121.64315202460392,25.07538146720231,0],[121.64296352081634,25.075338743469125,0],[121.6428378869645,25.075312526729384,0],[121.64251934425899,25.075234860838176,0],[121.64234403097595,25.075208895885275,0],[121.64220244697907,25.075167264054432,0],[121.64211822571707,25.075137987869567,0],[121.64160221691102,25.07501421132727,0],[121.64150805792299,25.074988568980974,0],[121.64138309033764,25.07494488892498,0],[121.64120103440624,25.074862265979625,0],[121.64112715232439,25.07482025366093,0],[121.64102907558534,25.07475809839717,0],[121.64094154570273,25.074690368888312,0],[121.64083832766693,25.074589005289383,0],[121.64078289176835,25.074511562356776,0],[121.64073478131422,25.07444435283731,0],[121.64073478131422,25.07444435283731,0],[121.64058816744338,25.074016998793454,0],[121.64041128853206,25.07347605729797,0],[121.64027212603536,25.072975973289793,0],[121.64006500404487,25.07229027974882,0],[121.6399007293749,25.071719845472302,0],[121.63984760377204,25.07151745833066,0],[121.63978227395056,25.071280706983966,0],[121.63972216788338,25.071065055253225,0],[121.63966999777124,25.0708807519447,0],[121.63963387817249,25.07075734349068,0],[121.63959658116786,25.070614596970778,0],[121.63955834845743,25.070468242287372,0],[121.63947309812436,25.070174730526144,0],[121.63938068991251,25.06986578918367,0],[121.63931493144705,25.069670627741004,0],[121.63916646907892,25.069306810849916,0],[121.6391081770745,25.06916087247493,0],[121.63909088084345,25.069114795452887,0],[121.63906468111574,25.069044994614778,0],[121.63878692055056,25.068373894447326,0],[121.63876623545526,25.06832801783175,0],[121.63874287105551,25.06827620945032,0],[121.63869011377,25.06815922363687,0],[121.63864580671826,25.068070598152822,0],[121.63863195710701,25.06804289534308,0],[121.63863195710701,25.06804289534308,0],[121.63855359765573,25.06788798811401,0],[121.63839403232141,25.067510128061837,0],[121.63835904518251,25.06742807566731,0],[121.63829284870563,25.067272817270908,0],[121.63824690034382,25.067165047777827,0],[121.63808877782738,25.066964272743682,0],[121.63792617624526,25.06671200463237,0],[121.63779192546903,25.066517257478008,0],[121.63755897919587,25.066189809739637,0],[121.63746467380912,25.066060532440403,0],[121.63733227390804,25.065877130014208,0],[121.63719434383599,25.065687763217937,0],[121.63709081265033,25.065541110970397,0],[121.63702591202347,25.0654475366905,0],[121.63685932852637,25.06520673039522,0],[121.63677912596826,25.065081648349164,0],[121.6365406352629,25.064746000676042,0],[121.63628700471973,25.064488813572638,0],[121.63608151845526,25.064334330970727,0],[121.6358796685875,25.06421239597206,0],[121.63563189615896,25.064093020865172,0],[121.63553112017082,25.064051151426348,0],[121.63501594956274,25.063947744468198,0],[121.63486101567413,25.06392130742137,0],[121.63466353611146,25.06389401559163,0],[121.63452887589143,25.063874974422728,0],[121.63432876422931,25.063834617052233,0],[121.63412422287688,25.06377864642451,0],[121.63402410078305,25.063745785138266,0],[121.63397375924919,25.06372925330719,0],[121.63390250781383,25.063699858808906,0],[121.63381688674625,25.063664529377814,0],[121.63349497964005,25.063521004662682,0],[121.63348170151559,25.063513802424005,0],[121.63337536549973,25.063452259741627,0],[121.633132382358,25.063301715846972,0],[121.6328662761825,25.063146261503476,0],[121.63263623365279,25.06297924069121,0],[121.63229658991001,25.062722942809128,0],[121.63200847842285,25.06247518820784,0],[121.63178290852149,25.062261570725994,0],[121.631622706177,25.062095909200902,0],[121.6315540522739,25.062013742803234,0],[121.6313960303964,25.061841073512316,0],[121.63128219660781,25.061709721355157,0],[121.63113903076434,25.06152715861416,0],[121.6310197575379,25.061354424521756,0],[121.63097379044929,25.061281756445005,0],[121.63081027138338,25.06106846972967,0],[121.63069871390135,25.060922968051674,0],[121.63063209736721,25.060830823474078,0],[121.63053000443148,25.060681482305494,0],[121.63046643621242,25.06057326648648,0],[121.630439161023,25.060526852480173,0],[121.6304156979273,25.060488246146363,0],[121.63039758528394,25.06045859716253,0],[121.63036725558138,25.060408907631363,0],[121.63031397050887,25.060311316312276,0],[121.63025424599022,25.06020445147205,0],[121.63017462302341,25.060067585415144,0],[121.6301205952932,25.059975609926457,0],[121.63007761237374,25.059902532837985,0],[121.62957452400944,25.058931130119994,0],[121.62937696542409,25.058486104950994,0],[121.62929944382711,25.058269229843027,0],[121.62921872632533,25.058038501684504,0],[121.6291529020839,25.057797095093235,0],[121.6291336755703,25.057727124580005,0],[121.62903410097833,25.057329628997245,0],[121.62896788568767,25.05705130359682,0],[121.62882193876274,25.056523991547884,0],[121.62877195855066,25.05636999666228,0],[121.62870634392682,25.056210263617142,0],[121.62865880013379,25.056117349830117,0],[121.6285963348968,25.056016078150815,0],[121.6285592312465,25.05595590753217,0],[121.62847545591788,25.055861731767653,0],[121.62835023795331,25.055715562964135,0],[121.62810813847831,25.055475828124347,0],[121.62799788774142,25.055409035542095,0],[121.62776108905666,25.05524795967645,0],[121.62758655302916,25.055146164559183,0],[121.62737695469669,25.05507205390381,0],[121.62713383104932,25.0550294355329,0],[121.62701696753061,25.05502364528526,0],[121.62681531477374,25.05503583447326,0],[121.62666491295943,25.05506898175018,0],[121.62661190915077,25.055091366002042,0],[121.62649476531023,25.055135917707148,0],[121.62636210320112,25.05519987936333,0],[121.62609041452403,25.05539297721831,0],[121.62573224789239,25.055815792768016,0],[121.62552613488351,25.056112648183294,0],[121.62534360662417,25.05638891761984,0],[121.6251242150172,25.056737563674318,0],[121.62489894372258,25.05705607870683,0],[121.62449503058305,25.057622748274557,0],[121.62423730557705,25.057998669319687,0],[121.62395914201515,25.05837437859291,0],[121.62348151524479,25.059000112015976,0],[121.62299007661478,25.059665168965658,0],[121.62275103542822,25.059992546568882,0],[121.62239427168659,25.060433571432533,0],[121.62198981420616,25.060874668690904,0],[121.6215031633962,25.06139456016839,0],[121.62140507453121,25.06149445452149,0],[121.62131579086676,25.06159834736014,0],[121.6212090028974,25.06171089752552,0],[121.62112796682997,25.06177801119086,0],[121.62101034547133,25.061881823289333,0],[121.62088457676299,25.062015599549536,0],[121.6205849700912,25.062323513025493,0],[121.62058141884154,25.062326634030555,0],[121.62034213958782,25.062524369055794,0],[121.6202215331027,25.062648343875193,0],[121.62001090291496,25.062852485168882,0],[121.61993159606725,25.062919336313325,0],[121.61985039100065,25.062983871608292,0],[121.61978988704948,25.063026922886962,0],[121.6196189810504,25.06315118341732,0],[121.61954687001717,25.06320302793649,0],[121.6195218082903,25.063220949631173,0],[121.61936454811392,25.06333019274894,0],[121.61932269890436,25.063359814205352,0],[121.61915402372087,25.06347137487679,0],[121.61893851267742,25.063598534806317,0],[121.61884874439556,25.063647497310523,0],[121.6187929275906,25.063678576466703,0],[121.61869344332527,25.063733974566407,0],[121.61867368773353,25.063744092235535,0],[121.6186501340359,25.063756162112906,0],[121.61843222127818,25.063867758568588,0],[121.61827740473943,25.063944956756,0],[121.61803486001888,25.064064280510053,0],[121.6178975227447,25.064121687984777,0],[121.6178875686411,25.06412569829911,0],[121.61772666227752,25.06418756855988,0],[121.61741502625408,25.064284214254144,0]]}},{"type":"Feature","properties":{"cadgeom_type":"CADLWPolyline","thickness":0,"color":"#FFFF00FF"},"geometry":{"type":"LineString","coordinates":[[121.66006509558042,25.072618688695933,0],[121.66010989399982,25.0728575903655,0],[121.66018497294924,25.073202613110162,0]]}},{"type":"Feature","properties":{"cadgeom_type":"CADLWPolyline","thickness":0,"color":"#FFFF00FF"},"geometry":{"type":"LineString","coordinates":[[121.62459752284701,25.05481460507448,0],[121.62479495310697,25.054686269856305,0],[121.62489194289927,25.05462146403782,0],[121.6249897669796,25.054552443000485,0],[121.62514635292428,25.05447431654958,0],[121.62538852906492,25.054353293054184,0],[121.62546663942722,25.0543183661163,0],[121.62557417361299,25.05428322374689,0],[121.62618441472486,25.05405556239938,0],[121.62628664540387,25.054023120701697,0],[121.62661406738913,25.053918731858364,0],[121.62705915492768,25.053818985622275,0],[121.62724833950088,25.053778343604105,0],[121.6274645254231,25.05374285620361,0],[121.62765635595034,25.053729185850614,0],[121.6277338029175,25.053736880918542,0],[121.6277338029175,25.053736880918542,0],[121.62779955657494,25.053747570509056,0],[121.62786442763124,25.053762059563304,0],[121.62792815178601,25.053780289049314,0],[121.62799046941136,25.05380218469568,0],[121.62799046941136,25.05380218469568,0],[121.62802885173222,25.053814864685734,0],[121.62806634347673,25.053829590574328,0],[121.62810281335408,25.053846310793542,0],[121.62813813365167,25.05386496679159,0],[121.62817218068244,25.05388549323782,0],[121.62820483521793,25.053907818251542,0],[121.6283613460043,25.053991147776156,0],[121.62861096346246,25.054130769160473,0],[121.6287229580619,25.05419887003728,0],[121.62877552821014,25.054229593876702,0],[121.62881554009908,25.054266517080897,0],[121.62884619130195,25.054309454008983,0],[121.62888777269644,25.054367842295065,0],[121.62894418927989,25.054453744200227,0],[121.62896677465122,25.05448125094261,0],[121.6289806717958,25.05449816775323,0],[121.62904050252567,25.05458196813583,0],[121.62907814351847,25.054641935310233,0],[121.62916795944946,25.054796499149393,0],[121.62955646083039,25.055395631729528,0],[121.6295646945048,25.05540832932414,0],[121.62966193812942,25.055629066187095,0],[121.62985776490311,25.056102890148857,0],[121.63006539899229,25.056856665110658,0],[121.63026608380352,25.05746468224102,0],[121.63040572492073,25.057780037579928,0],[121.63062877966365,25.058247246190007,0],[121.63080745200895,25.058587571310845,0],[121.63098983048108,25.058939498751492,0],[121.63103547175993,25.05901335504457,0],[121.63111594087817,25.059148877333342,0],[121.63122263340415,25.059352514455586,0],[121.63135369420277,25.059569821301245,0],[121.63158733788568,25.05996197294383,0],[121.63158733788568,25.05996197294383,0],[121.63176498195152,25.060237309712416,0],[121.63196286081184,25.060500949529313,0],[121.63218005006772,25.06075166062671,0],[121.63218005006772,25.06075166062671,0],[121.63246056775573,25.06105475636811,0],[121.63275805180717,25.06134411951563,0],[121.63276084185195,25.061347015608053,0],[121.63318370837162,25.06178595275827,0],[121.63362956695968,25.06224661886431,0],[121.6336900661059,25.06230912265412,0],[121.6338748123145,25.06247708271536,0],[121.63393785309154,25.062525592772005,0],[121.6341122353756,25.0626598047215,0],[121.6342262209841,25.062746010377406,0],[121.63436983933468,25.062859320936028,0],[121.63444937394428,25.062901842382647,0],[121.6345292821088,25.062935923291672,0],[121.63461495322498,25.062962475205023,0],[121.63468422695384,25.062978077836537,0],[121.63475469785661,25.062988568929956,0],[121.63481962095977,25.062993262059326,0],[121.63484912743226,25.06299189893441,0],[121.63500665982214,25.062963283596527,0],[121.63514840356811,25.062937377772915,0],[121.6353218332384,25.062898960009687,0],[121.63549416973552,25.06287100969466,0],[121.6356208874848,25.06287241294308,0],[121.63579272947568,25.062894540502473,0],[121.63597365512229,25.062925539071312,0],[121.63601504070078,25.06293580000141,0],[121.63609625941854,25.06295795787515,0],[121.63617211642347,25.06298285979213,0],[121.63623905836776,25.063008512909498,0],[121.63632856291454,25.06304819666135,0],[121.63637327476087,25.063070653327348,0],[121.6364204748285,25.0630964043525,0],[121.6364629372944,25.06312146864014,0],[121.63653696828578,25.063169836907058,0],[121.6365422368919,25.06317352282151,0],[121.63660391504766,25.063219280241416,0],[121.63679091213565,25.063365371910322,0],[121.63680224082852,25.06337501406018,0],[121.63716754696952,25.063685922350672,0],[121.63728324350582,25.06378438775859,0],[121.63746161733636,25.06394135876066,0],[121.63750894247042,25.06398714078904,0],[121.63758278286215,25.064060335015352,0],[121.63776309177622,25.064244410608847,0],[121.63808617338776,25.064591858093955,0],[121.63817650217018,25.064688963742324,0],[121.6385093395839,25.065132193480267,0],[121.63861777017398,25.06530667355296,0],[121.6387662423665,25.065555654666163,0],[121.63913085430417,25.06623877009148,0],[121.63926470354545,25.066535500581573,0],[121.63935645207032,25.06674877061076,0],[121.63947601519533,25.06707425083384,0],[121.63949113696832,25.067115421571298,0],[121.63957465112517,25.067389520156613,0],[121.63959249986364,25.067470727507274,0],[121.63959942802359,25.067497355639517,0],[121.63965342526765,25.0677213664123,0],[121.6396612682358,25.067754543075182,0],[121.63968726341292,25.06788310784595,0],[121.64001413994137,25.068712021506357,0],[121.64022935864297,25.069271253835403,0],[121.6405094020729,25.069890594528413,0],[121.640515964974,25.06991001886511,0],[121.64054016447456,25.070000318024828,0],[121.64057801385458,25.0701988862202,0],[121.64063168781048,25.070522600878704,0],[121.64063168781048,25.070522600878704,0],[121.64074154116433,25.07110716377375,0],[121.64088580421745,25.07188637378459,0],[121.6410117034713,25.072489303140557,0],[121.6410117034713,25.072489303140557,0],[121.6410117034713,25.072489303140557,0],[121.6410677712769,25.072775609993293,0],[121.64107775946597,25.072824311963334,0],[121.64110919569798,25.07300296915704,0],[121.64111194735904,25.07301076226907,0],[121.64111194735904,25.07301076226907,0],[121.64115212351184,25.0731141081985,0],[121.64115212351184,25.0731141081985,0],[121.64118993062952,25.073199391475576,0],[121.64118993062952,25.073199391475576,0],[121.64123729268583,25.073294489834087,0],[121.64128976052767,25.073387338586492,0],[121.64128976052767,25.073387338586492,0],[121.64133604475226,25.073449377945018,0],[121.64133604475226,25.073449377945018,0],[121.64137864380703,25.073501820915066,0],[121.64142394718274,25.073552348915587,0],[121.64147185126185,25.073600846375818,0],[121.64150704212804,25.073633474620113,0],[121.64158455934,25.07368070487011,0],[121.6417708669109,25.07379420117451,0],[121.64183216204522,25.073831544439308,0],[121.64192722218009,25.07388945296728,0],[121.64193962220573,25.073897009779657,0],[121.64193962220573,25.073897009779657,0],[121.64193962220573,25.073897009779657,0],[121.64225950986476,25.0740567937087,0],[121.64251438692997,25.07416440920633,0],[121.64283727508021,25.074300730660486,0],[121.64307968265874,25.074403073029224,0],[121.6431536893106,25.074431181922886,0],[121.6431536893106,25.074431181922886,0],[121.6432984685986,25.074490984781423,0],[121.6432984685986,25.074490984781423,0],[121.64368795704385,25.074602208375147,0],[121.6438382907955,25.07464513665043,0],[121.64411793120308,25.074732590611678,0],[121.64428232189651,25.07477296930976,0],[121.6447437672342,25.074827610954273,0],[121.6447437672342,25.074827610954273,0],[121.64516014195954,25.07487108170306,0],[121.64543625934789,25.074887892547544,0],[121.6460661696244,25.07492976586205,0],[121.64638066650862,25.074945995773348,0],[121.64663329869671,25.074946590139835,0],[121.64663329869671,25.074946590139835,0],[121.64710808691093,25.074934856406347,0],[121.64744250065705,25.074906803291647,0],[121.64767820444857,25.074891405902225,0],[121.64810326287724,25.074897495785535,0],[121.64810326287724,25.074897495785535,0],[121.64831788584341,25.074874211867865,0],[121.6484943031751,25.074838415924468,0],[121.64861720937402,25.07479007632807,0],[121.64870017120087,25.07474433401185,0],[121.64882327424517,25.074666951383666,0],[121.64894389594076,25.074578303598496,0],[121.64901214084624,25.07451865725744,0],[121.64913700022713,25.074405136550716,0],[121.64920408202943,25.074325287316714,0],[121.64920408202943,25.074325287316714,0],[121.64923728159928,25.07427073999038,0],[121.64926666182602,25.074214404644216,0],[121.64929210717006,25.074156502830675,0],[121.64931351756725,25.074097262262338,0],[121.64933080882221,25.07403691591645,0],[121.64934391293923,25.07397570111864,0],[121.64935277838984,25.07391385860956,0],[121.64935737031516,25.07385163159811,0],[121.64936247153508,25.07376850578833,0],[121.64936591959227,25.0735548887999,0],[121.6493442124294,25.073427167056288,0],[121.64933109763841,25.073338579030587,0],[121.64928328379764,25.073121968142466,0],[121.64923792518985,25.072978012257458,0],[121.64923003132385,25.072954105785254,0],[121.64919774014484,25.0728206207564,0],[121.64911790467718,25.072588890197544,0],[121.64899277053898,25.072298809834876,0],[121.64892808406061,25.072165670895977,0],[121.64865882127998,25.07171246443399,0],[121.6483492958356,25.071220085574087,0],[121.64825399592404,25.07107087673775,0],[121.64814051041807,25.070896066065114,0],[121.64796201544836,25.070595160681123,0],[121.64789266177644,25.070476324795532,0],[121.64778224841115,25.07032177850739,0],[121.64765379570997,25.0701316864666,0],[121.64765379570997,25.0701316864666,0],[121.6475742735287,25.069989340855418,0],[121.64750415742259,25.069842951407594,0],[121.64744369404963,25.069693033169223,0],[121.64739309610388,25.069540113600013,0],[121.64739309610388,25.069540113600013,0],[121.64736560045122,25.06943750431388,0],[121.64734499045836,25.069333564673165,0],[121.64733134204087,25.069228677620707,0],[121.64732470546545,25.06912322958889,0],[121.64732510516498,25.069017609075942,0],[121.64733253964879,25.06891220521458,0],[121.64733253964879,25.06891220521458,0],[121.64734527926744,25.068758586645473,0],[121.64737974663642,25.068590223376223,0],[121.64737974663642,25.068590223376223,0],[121.64742004153341,25.068506375781983,0],[121.64746662095254,25.06842527400153,0],[121.6475192607864,25.068347308218204,0],[121.64757770777211,25.068272853527258,0],[121.64764168070997,25.06820226813125,0],[121.64779019662956,25.06805094385522,0],[121.64806314589387,25.06784407276638,0],[121.64812613902109,25.06781313744664,0],[121.64832944667496,25.06776107180468,0],[121.64850768758502,25.067706570990396,0],[121.64858963549717,25.06769604683743,0],[121.64891857708382,25.067703378257683,0],[121.64902549222816,25.067705762163992,0],[121.64918868700163,25.06770939909002,0],[121.65028541812582,25.067733835958105,0],[121.65096007180827,25.067748871653826,0],[121.6510107842993,25.067750005751254,0],[121.6515747657071,25.067762565381784,0],[121.65171462889548,25.067765678061512,0],[121.65218384974716,25.06777613358302,0],[121.6523666231601,25.067773366418358,0],[121.65260424189687,25.067757934218292,0],[121.65298861090241,25.067706642873542,0],[121.65304373186213,25.06769474790306,0],[121.65319129016919,25.067668734722535,0],[121.65347154913684,25.067627497756263,0],[121.65353609524871,25.067621417798705,0],[121.65377277611668,25.067616058291353,0],[121.65401355749368,25.067649604823558,0],[121.65412032885597,25.06767798269206,0],[121.654293898592,25.067720551691174,0],[121.65435042230196,25.067725541317223,0],[121.65442287727961,25.067729730150973,0],[121.65454528415266,25.067765331640082,0],[121.65469657766756,25.067803071112117,0],[121.6547339568971,25.06781480420523,0],[121.65532489505361,25.068043521578,0],[121.65557706315157,25.068153051018246,0],[121.65584484575754,25.068303742090343,0],[121.6559127815661,25.068352448888206,0],[121.65597971118152,25.0684006803486,0],[121.6559953705138,25.068411532743106,0],[121.65601731105379,25.06842753943459,0],[121.6560614024601,25.068465071758087,0],[121.65607431056195,25.068475862748322,0],[121.65612387503576,25.068515006190538,0],[121.65615439653499,25.06853981775321,0],[121.65619440694871,25.06857276465431,0],[121.65623611198,25.06860657898906,0],[121.65627713756378,25.06863898339933,0],[121.6563035181109,25.068660430769665,0],[121.65632858883438,25.068674627183672,0],[121.65637586174122,25.068700476101675,0],[121.65641220964537,25.06872099449083,0],[121.65643202262426,25.068734080317128,0],[121.65647433522257,25.068759595086792,0],[121.65651845300171,25.068788457318618,0],[121.65655626731937,25.068812792942307,0],[121.65659563095794,25.068839221936198,0],[121.65665613708443,25.06887762168167,0],[121.65667461646629,25.068886295358162,0],[121.65673000175092,25.0689114050505,0],[121.65677914451621,25.06893119121663,0],[121.65682709454804,25.06895041785651,0],[121.65687893414096,25.06896857506156,0],[121.65691410884362,25.068981395767775,0],[121.65693015105865,25.068985511665467,0],[121.65696392135322,25.06899440332525,0],[121.6570152996135,25.069006613750805,0],[121.65706536933281,25.069018040883584,0],[121.6571171812397,25.069029796473508,0],[121.65716341793053,25.06904015175658,0],[121.6572083953752,25.06905081295263,0],[121.65726023023768,25.06906278425376,0],[121.65730765615034,25.06907378133257,0],[121.6573613353078,25.069086182366174,0],[121.65741793255489,25.06909883516995,0],[121.65756215689055,25.06913174849655,0],[121.65760450028482,25.069141140485925,0],[121.65765554658512,25.06915290646304,0],[121.65771283616444,25.069166089656754,0],[121.65777435523589,25.069180298082244,0],[121.65778543932468,25.06918284666474,0],[121.65789678395056,25.06922072480694,0],[121.65799856149971,25.069281467493898,0],[121.65803532746754,25.06929822834384,0],[121.65808065763821,25.06931889764883,0],[121.6581348192089,25.069343595527883,0],[121.65814748949651,25.06934937060668,0],[121.65822650656905,25.069385356847498,0],[121.65839950562679,25.069487581443166,0],[121.65844155064426,25.069523013707798,0],[121.65864934671852,25.069711764500603,0],[121.65874508421675,25.069817482637667,0],[121.65888738224974,25.0700232149884,0],[121.6589674062982,25.070118059816597,0],[121.6591064969069,25.070297841846955,0],[121.65924511616855,25.070462029383716,0],[121.65946203025833,25.070836953164818,0],[121.65954976942378,25.071038139479548,0],[121.65964434471486,25.07126520361743,0],[121.65969941735396,25.071408329376133,0],[121.65971205590564,25.071444981695528,0],[121.65973530909308,25.071519329489863,0],[121.65974081504035,25.071536948833963,0],[121.65975165637435,25.0715755865064,0],[121.65975469581319,25.0715907228193,0],[121.65984702657643,25.071891166641,0],[121.65993162717761,25.07223608242017,0],[121.65998007412182,25.07243579549678,0],[121.65998822644688,25.072469626514437,0],[121.66007034791025,25.072803580800304,0],[121.66022815253815,25.07336092560033,0],[121.66025692417658,25.07348223995105,0],[121.66030260049726,25.07365146627896,0],[121.66036030185855,25.073806079224603,0],[121.66053806585413,25.07419600434625,0],[121.66062992966222,25.07435443122612,0],[121.66062992966222,25.07435443122612,0],[121.6609151545352,25.07484160882208,0],[121.66116631499702,25.075208500340665,0],[121.66129706451494,25.07537920177891,0],[121.6613831755403,25.075446463802013,0],[121.66151801969708,25.075547443195006,0],[121.66157983832412,25.075591471942055,0],[121.66173249950667,25.075706514447987,0],[121.66187365246027,25.07579407575494,0],[121.66194017128399,25.07583256970222,0],[121.66221457567705,25.075943677580277,0],[121.6623945718562,25.076003573902376,0],[121.66255933698552,25.076046191620133,0],[121.66261456125824,25.076061066528315,0],[121.66271593562277,25.076088603901983,0],[121.66295309244217,25.0761519533164,0],[121.66307683878338,25.076185775466968,0],[121.66321876314727,25.076224565979995,0],[121.66327643832766,25.076240329648023,0],[121.6634176857145,25.076278108388323,0],[121.66348792436094,25.076296894721832,0],[121.66359195066613,25.076324717967843,0],[121.66375672900234,25.076369457179045,0],[121.66389725774893,25.076407380369858,0],[121.66401964162851,25.076445217043723,0],[121.66424307296126,25.076530042654472,0],[121.66434973677825,25.076570537226075,0],[121.66441777514491,25.076596624476892,0],[121.66454383175555,25.07665062401467,0],[121.6645738538309,25.076663182915816,0],[121.66464622650655,25.076692061464687,0],[121.66481435425477,25.076759147549282,0],[121.66494221859307,25.076811886019964,0],[121.66499319986421,25.076833023435704,0],[121.66502460125243,25.076846143945993,0],[121.665081474435,25.076869907053116,0],[121.66513927119776,25.07689405554,0],[121.66521082076105,25.07692662580069,0],[121.6652323370934,25.07693642012486,0],[121.66543017020322,25.077025090931112,0],[121.66544705069,25.07703346664104,0],[121.66551706978396,25.077075641211977,0],[121.66556771481594,25.07710859650884,0],[121.66559196620695,25.077125008228965,0],[121.66559196620695,25.077125008228965,0],[121.66571198833347,25.077193423731774,0],[121.6661494909636,25.07744280928104,0],[121.6661494909636,25.07744280928104,0],[121.66640735817326,25.07762881439911,0],[121.66667117505936,25.0778165934699,0],[121.66680478368846,25.077910191060518,0],[121.6670410104072,25.078071643630047,0],[121.66718625930811,25.078169574163585,0],[121.66736777795539,25.078300248391454,0],[121.66761904706433,25.078475573459105,0],[121.66771653366763,25.078542899782995,0],[121.66781694939021,25.0786128513552,0],[121.66789156630705,25.078670461361185,0],[121.66798718474625,25.07874395825545,0],[121.66802326712286,25.0787701961613,0],[121.6681257631949,25.078853343897126,0],[121.66820607593019,25.078914996624135,0],[121.66835711014872,25.079015496500293,0],[121.66851810007589,25.07912686037849,0],[121.6686477420113,25.07921777486581,0],[121.66869678096705,25.079256738346928,0],[121.6688090469215,25.079350384658927,0],[121.66903953281401,25.079508242945828,0],[121.66931090394553,25.079705354061897,0],[121.66955494290288,25.07988604638796,0],[121.66977041171573,25.08004690956233,0],[121.66997343413685,25.080194271916902,0],[121.66998791341341,25.080207540419536,0],[121.67007331882506,25.080274545299794,0],[121.67014197160019,25.08033062514672,0],[121.67019384172895,25.080373026422397,0],[121.67024264151921,25.0804113126884,0],[121.67029150229453,25.08045510709657,0],[121.67033016566558,25.080490097002123,0],[121.67055301293624,25.08068439137843,0],[121.67067676178914,25.08080349972919,0],[121.67074891954775,25.080873567526005,0],[121.67075018955121,25.080874776240677,0]]}},{"type":"Feature","properties":{"cadgeom_type":"CADLWPolyline","thickness":0,"color":"#FFFF00FF"},"geometry":{"type":"LineString","coordinates":[[121.70445319378027,25.093852719643003,0],[121.70451427580834,25.093731199385797,0],[121.70464762498283,25.09354230263285,0],[121.70476104860718,25.093406927210033,0],[121.70487880530625,25.093291216752547,0],[121.70498035074573,25.09321238542072,0],[121.70524588400748,25.09303902424041,0],[121.70572329839376,25.092726234977544,0],[121.70591460305718,25.092585283861464,0],[121.70614426517702,25.09244838272712,0],[121.70647038144305,25.092242427362898,0],[121.70663809059405,25.09213226215814,0],[121.70673327540214,25.092082743807378,0],[121.70687853482153,25.092032903405514,0],[121.70703145447246,25.09200861475752,0],[121.70718175902522,25.092030275477654,0],[121.70731563573686,25.09210439721398,0],[121.70765216044674,25.09230319124354,0],[121.7079503582404,25.092491194118097,0],[121.70808781659731,25.09258856462134,0],[121.70824652608358,25.09271742089442,0],[121.70839131319008,25.092867193394262,0],[121.70866215202396,25.093249258000505,0],[121.70894881462705,25.093650913667503,0],[121.70907388183403,25.093830706194666,0]]}},{"type":"Feature","properties":{"cadgeom_type":"CADLWPolyline","thickness":0,"color":"#FFFF00FF"},"geometry":{"type":"LineString","coordinates":[[121.703401100957,25.093857711809438,0],[121.70349206418136,25.093545491952863,0],[121.70354596782677,25.093401930164326,0],[121.70362347574537,25.093256569429155,0],[121.70377098377843,25.092997142155667,0],[121.70393912721597,25.092816728922415,0],[121.70425297687346,25.09253716520007,0],[121.70469907435202,25.092180109758203,0],[121.70508206173429,25.09185750502948,0],[121.70547511647088,25.091553761449262,0],[121.70566643874322,25.091421463749192,0],[121.70578824526089,25.091329081877717,0],[121.70591418495009,25.091257898507106,0],[121.7060245578698,25.091205199437713,0],[121.7062599925995,25.091121549794345,0],[121.70649063558274,25.091062676774936,0],[121.70680089542574,25.091029048867185,0],[121.70694828293848,25.09102711975936,0],[121.70716046589075,25.091037230666544,0],[121.70750643217497,25.09109987975056,0],[121.70764778012465,25.091138514374894,0],[121.70781879095593,25.091203733980112,0],[121.70800610835734,25.091302151289536,0],[121.70813240017056,25.091387998199096,0],[121.70837849985911,25.09154337450361,0],[121.70861379701962,25.091688795017454,0],[121.708751207497,25.091773052865108,0],[121.7089788049491,25.091908140977047,0],[121.70920738581887,25.09207255039594,0],[121.70930987009129,25.092142561650206,0],[121.70944244676846,25.092252498110994,0],[121.70958220129589,25.092392887179052,0],[121.70971356990728,25.092545507056148,0],[121.70986596620581,25.092755038418453,0],[121.7099530871558,25.092899621815544,0],[121.71002800667544,25.09306772497811,0],[121.71007839434168,25.093199260487605,0],[121.71011202535233,25.09332054983434,0],[121.71014666243856,25.093597891766436,0],[121.71016221912535,25.093722452906203,0],[121.7101635092422,25.093825494123113,0]]}},{"type":"Feature","properties":{"cadgeom_type":"CADLWPolyline","thickness":0,"color":"#FFFF00FF"},"geometry":{"type":"LineString","coordinates":[[121.70187545063641,25.09746030662548,0],[121.70210806193808,25.097441175920874,0],[121.70222443675598,25.097425470507215,0],[121.70249019104811,25.097387756068134,0],[121.70270012314975,25.09733803095522,0],[121.70293113006845,25.097254966870032,0],[121.70312163569552,25.09714981793087,0],[121.70316012011885,25.097128221361977,0],[121.70325454214769,25.097078115391824,0],[121.70329836280577,25.097046779708975,0],[121.70340358560671,25.0969703434912,0],[121.70351106066931,25.096857943723364,0],[121.70364036977233,25.09671789019635,0],[121.70372423564275,25.09659351987973,0],[121.70381770532596,25.096458101491326,0],[121.70387899364363,25.096335109074474,0],[121.7039341522419,25.096212210114274,0],[121.70400694749851,25.095944591253247,0],[121.70402648671858,25.09573074959692,0],[121.70412358784519,25.09496996094427,0],[121.70416567665407,25.094631751266874,0],[121.70420937552841,25.09446205994842,0],[121.70426410722034,25.09423685325137,0],[121.7043265938082,25.094071300329425,0],[121.70445286237621,25.0938533789574,0],[121.70445319378027,25.093852719643003,0]]}},{"type":"Feature","properties":{"cadgeom_type":"CADLWPolyline","thickness":0,"color":"#FFFF00FF"},"geometry":{"type":"LineString","coordinates":[[121.70186927468033,25.09637799433511,0],[121.70225163251615,25.096381011521576,0],[121.70232170265618,25.096375772328347,0],[121.70235619007772,25.096371683086407,0],[121.70237450662299,25.096368651888216,0],[121.70238958228295,25.096364654528262,0],[121.7024394098753,25.096339519719475,0],[121.70246072569277,25.09632764759978,0],[121.70256123267474,25.096281712440017,0],[121.70263724591065,25.096226428738543,0],[121.70270163279184,25.09616477791003,0],[121.7027726041154,25.09605283917453,0],[121.70282971317219,25.095949820298262,0],[121.70291439956902,25.09558721028932,0],[121.70298394426915,25.09529855988941,0],[121.70299573577644,25.095277650772193,0],[121.703040087065,25.095121441213177,0],[121.7031505103106,25.094760861294485,0],[121.70323684504449,25.09447173222825,0],[121.7033856861404,25.09393198615159,0],[121.70340078825322,25.093858785123118,0],[121.703401100957,25.093857711809438,0]]}},{"type":"Feature","properties":{"cadgeom_type":"CADLWPolyline","thickness":0,"color":"#FFFF00FF"},"geometry":{"type":"LineString","coordinates":[[121.70907388183403,25.093830706194666,0],[121.70920814127078,25.09396202073265,0],[121.70923020919378,25.09404698252887,0],[121.70925396261002,25.094154225977878,0],[121.70926755106714,25.09430062705979,0],[121.70924966370599,25.094473941076643,0],[121.70908174236942,25.095232970927622,0],[121.70902702553597,25.09544556147986,0],[121.70895686934203,25.095631904218564,0],[121.70888629056127,25.095756558712925,0],[121.70879756996358,25.09588172999888,0],[121.70867369495973,25.096032230781905,0],[121.70855775507488,25.096143229722507,0],[121.70831499038489,25.096327207999916,0],[121.70818476798112,25.096405026274063,0],[121.70800758169462,25.09649211746567,0],[121.70771047353618,25.096607747714092,0],[121.70745511171828,25.09670453554891,0],[121.70712595804649,25.096829995577295,0],[121.7070581918405,25.096855563263016,0],[121.70698173936597,25.09688448841422,0],[121.70687987374339,25.096935340744903,0],[121.70679275704433,25.09698024390096,0],[121.70670130083248,25.097056092789938,0],[121.70663353853837,25.097113547601236,0],[121.70658493962996,25.097180963384005,0],[121.70651768247878,25.097273384042467,0],[121.70648239740682,25.097349913142374,0],[121.7064560379844,25.097422871821443,0],[121.70644604837186,25.097456507091007,0],[121.70644604837186,25.097456507091007,0],[121.70643221784911,25.097491006151994,0],[121.7064209233604,25.09752626262369,0],[121.70641221436773,25.097562122113988,0],[121.70640612901113,25.097598427590015,0],[121.70640269394141,25.09763502006572,0],[121.70640192420358,25.097671739298075,0],[121.70640382317075,25.09770842448887,0],[121.70640838252952,25.09774491498879,0],[121.70641558231618,25.09778105100099,0],[121.70642539100416,25.09781667428082,0],[121.70646519794839,25.097909494469057,0],[121.70651897020674,25.098023968078383,0],[121.70659800907417,25.098157720694477,0],[121.70679511987329,25.098363317274945,0],[121.70695076353455,25.09849480758622,0],[121.70720721574259,25.098674831124402,0],[121.70748554337112,25.098856594359713,0],[121.7080427163018,25.099181521381595,0],[121.70812575851255,25.099242321219343,0],[121.7083996369953,25.099422451397785,0],[121.70854942737314,25.099520984330397,0],[121.7085585101906,25.099526970650693,0],[121.7087118858269,25.09962811946874,0],[121.70882545928059,25.09970270687963,0],[121.70920571527896,25.09988971970251,0],[121.70947948133795,25.100011076589148,0],[121.70966532830742,25.100072756411837,0],[121.70986882678025,25.100129118789102,0],[121.71043165187992,25.100320733750326,0],[121.71068346254057,25.100388682671287,0]]}},{"type":"Feature","properties":{"cadgeom_type":"CADLWPolyline","thickness":0,"color":"#FFFF00FF"},"geometry":{"type":"LineString","coordinates":[[121.7101635092422,25.093825494123113,0],[121.71016628073339,25.09415133378069,0],[121.71016802110623,25.094385124387266,0],[121.71017464687277,25.094673981354894,0],[121.71019381488858,25.09496609369873,0],[121.71019238906574,25.095132894100395,0],[121.71019285575427,25.095365445159093,0],[121.71018635882896,25.095531617869884,0],[121.71013595227785,25.095758071963388,0],[121.71010457669809,25.09583860076105,0],[121.71001535512846,25.09599973087414,0],[121.7098951734783,25.096206922442327,0],[121.70977654819757,25.09638513711324,0],[121.70966921862232,25.09649158988645,0],[121.70950899018611,25.096630962386346,0],[121.70927223440948,25.096841327668216,0],[121.70910644795994,25.096925305863433,0],[121.70893632009872,25.097002509290654,0],[121.70852073762639,25.097183915981013,0],[121.70822274479714,25.097311834863387,0],[121.70797396651717,25.097420889790687,0],[121.7078754086997,25.097469609914256,0],[121.70778960031903,25.097533480103493,0],[121.70773214298245,25.09760216185835,0],[121.70769548622879,25.097662298938495,0],[121.7076714737923,25.097724018702955,0],[121.70765921227184,25.097787598015657,0],[121.70765344352361,25.097847213166215,0],[121.70765902821925,25.09791245172203,0],[121.70767566019165,25.097979727091214,0],[121.70770572081608,25.09804944525185,0],[121.70774418221471,25.09810863089544,0],[121.70783653296039,25.09819576736786,0],[121.70796986538056,25.098303753669647,0],[121.708194851262,25.098476327752614,0],[121.70844072240331,25.09866472686848,0],[121.70862877311102,25.098787373178563,0],[121.70913315825766,25.099055636715203,0],[121.70990925480434,25.09942172171402,0],[121.7101034356114,25.099505161810335,0],[121.71029456420382,25.099595664478805,0],[121.71061670721728,25.0997504621019,0],[121.71073372821176,25.09978089632418,0],[121.71090204844971,25.099824425833358,0]]}},{"type":"Feature","properties":{"cadgeom_type":"CADLWPolyline","thickness":0,"color":"#FFFF00FF"},"geometry":{"type":"LineString","coordinates":[[121.70907388183403,25.093830706194666,0],[121.70907388183403,25.093830706194666,0]]}},{"type":"Feature","properties":{"cadgeom_type":"CADLWPolyline","thickness":0,"color":"#FFFF00FF"},"geometry":{"type":"LineString","coordinates":[[121.71068346254057,25.100388682671287,0],[121.71090572345533,25.100460180207,0],[121.71137344733852,25.100633675706348,0],[121.71158720255441,25.100718827081426,0],[121.71190556090959,25.100842969806315,0],[121.71230929886778,25.100978782339332,0],[121.71255854623584,25.10103918192834,0],[121.71269568006397,25.10107103657382,0],[121.71286018877358,25.101109533934505,0],[121.71302643024522,25.101141283945253,0],[121.71317541408158,25.101153800120937,0],[121.71362524768642,25.10123896041089,0],[121.71399705202246,25.101318743694193,0],[121.71424085107034,25.10137328730155,0],[121.71464117110725,25.10143980905257,0],[121.71486768487578,25.101487674133228,0],[121.71494183407627,25.10150818216684,0],[121.71494183407627,25.10150818216684,0],[121.71529759615939,25.101506541112308,0],[121.71547733213859,25.10149230959584,0],[121.71594953646904,25.101427367007645,0],[121.71610248259708,25.10139683961969,0],[121.71654020511743,25.101298987524917,0],[121.71698020229674,25.10119498128094,0],[121.7178933150314,25.10097808760288,0],[121.7178933150314,25.10097808760288,0],[121.7181173918894,25.100931375896387,0],[121.718343958065,25.100895994582835,0],[121.71840148322842,25.100888864777108,0],[121.71840638107884,25.100888292014936,0],[121.71840638107884,25.100888292014936,0],[121.71861381915572,25.100868943805065,0],[121.71882206082957,25.100859075702154,0],[121.71902641909233,25.100847982760687,0],[121.71910876251228,25.10085130206557,0],[121.71943224551056,25.100893502083764,0],[121.7196269678787,25.10093026463164,0],[121.71992196650042,25.100971817385215,0],[121.72027011950541,25.101089469473088,0],[121.72038885997786,25.101132937710826,0],[121.72059886124666,25.10120410826105,0],[121.72114884570532,25.101467827036377,0],[121.72155920307019,25.10166653230043,0],[121.72209100612436,25.101924319612422,0],[121.72220593034059,25.101982219162075,0],[121.72230254092284,25.10203598181509,0],[121.7223768077445,25.10208706930436,0],[121.72251511770489,25.1021838812231,0],[121.7227749505034,25.102380728636334,0],[121.72299685922252,25.10257845168027,0],[121.72314709529368,25.102734107682025,0],[121.7231788344994,25.10276699145112,0],[121.72333675347721,25.102930606286087,0],[121.7235335849517,25.103172275183216,0],[121.72368324823948,25.10338061375825,0],[121.7238103302726,25.103579178860134,0],[121.72390663117247,25.1037465399986,0],[121.72407120449705,25.10407936731708,0],[121.72415539874815,25.10426393627418,0],[121.72440779870375,25.104869613109752,0],[121.72452321660165,25.105236716687127,0],[121.7246627626862,25.10568556794792,0],[121.72479210275851,25.106087000897563,0],[121.72506002935,25.106884760970342,0],[121.72519635777692,25.107262948374146,0],[121.725280321774,25.107468464094993,0],[121.72543390563555,25.107825240063352,0],[121.72570295874804,25.108456495318443,0],[121.72592811991416,25.108953109157227,0],[121.72593020174268,25.108957070693883,0],[121.72595798145399,25.109017272704488,0],[121.72598383487879,25.109062526226907,0],[121.72599719200115,25.10908817782703,0],[121.72610991539389,25.109287664108585,0],[121.72613923569573,25.109355616412834,0],[121.7262079120412,25.109506448297076,0],[121.72637737236816,25.109742221772184,0],[121.72664912707971,25.110069320738678,0],[121.72692604675639,25.110353567438466,0],[121.7271921972761,25.110601810438293,0],[121.72738391397375,25.110738962950407,0],[121.72817654393424,25.111183626452938,0],[121.72827690371321,25.111235041774233,0],[121.72844355843831,25.111310249780928,0],[121.72851289746093,25.111349583740335,0],[121.72869414787908,25.111413030341183,0],[121.7289137128193,25.11148520959873,0],[121.72899748419078,25.11150575515145,0]]}},{"type":"Feature","properties":{"cadgeom_type":"CADLWPolyline","thickness":0,"color":"#FFFF00FF"},"geometry":{"type":"LineString","coordinates":[[121.71090204844971,25.099824425833358,0],[121.7109248764241,25.099832211339063,0],[121.71097643350564,25.09984993824543,0],[121.71103434994056,25.099869851664838,0],[121.71115095941153,25.099910732559163,0],[121.71122589298201,25.099937159665078,0],[121.71133353879914,25.099975577037238,0],[121.71148898750016,25.100029945810814,0],[121.71157075858846,25.100058784082794,0],[121.71174214450711,25.100118792295003,0],[121.71180845148822,25.100139021156124,0],[121.71189304657558,25.100163272551228,0],[121.7119420577692,25.100177284742752,0],[121.71195642673831,25.100180773331193,0],[121.71209174114395,25.100213622544167,0],[121.71214525007976,25.100228349349543,0],[121.71218688460323,25.100239970913158,0],[121.71228633070615,25.100267729531623,0],[121.71258773928025,25.100351862763624,0],[121.71271507793612,25.100378934390875,0],[121.71272152002726,25.100380162689408,0],[121.71306905495936,25.10043525510539,0],[121.71320463189623,25.100469875116918,0],[121.71345806726481,25.100534766417347,0],[121.71380389849821,25.100584993273333,0],[121.71480290967949,25.100727527203205,0],[121.71490476201835,25.10074082406474,0],[121.71515402272561,25.100776156996222,0],[121.71530815933,25.100778342324542,0],[121.71548873945508,25.100781823055186,0],[121.71565923666557,25.100753712220047,0],[121.71568980101797,25.10074634691904,0],[121.71580527099711,25.100718226002012,0],[121.7163493592459,25.100586978048067,0],[121.71656178288384,25.10053481813627,0],[121.71717546335199,25.100357434552603,0],[121.71720500213948,25.100348957080893,0],[121.71724658434661,25.100337023976547,0],[121.71727798773539,25.100329192099185,0],[121.71735020087972,25.10031156238282,0],[121.71742303973024,25.100293664651876,0],[121.71746136219403,25.10028424895011,0],[121.71753882642332,25.100265539018235,0],[121.71761334981299,25.100250781071786,0],[121.71766771487704,25.10024082164018,0],[121.71780514378139,25.100217285033597,0],[121.7178496342255,25.10020966539866,0],[121.71789639518782,25.10020325565024,0],[121.7179416485517,25.100197052540906,0],[121.71801119931936,25.1001875188345,0],[121.71806784280157,25.100181004045815,0],[121.71809850855662,25.10017759347633,0],[121.71813503329258,25.10017353127698,0],[121.71814173386794,25.100172972640955,0],[121.71816021802874,25.10017176070518,0],[121.71818097465258,25.10017039976992,0],[121.71821264678573,25.100168323139332,0],[121.71821587862127,25.100168111238833,0],[121.71843213901818,25.10014409983591,0],[121.71871058850385,25.100138080500763,0],[121.71927251911022,25.100197789628147,0],[121.71991808117279,25.100326282571558,0],[121.72001620489753,25.100343624584177,0],[121.72001645379171,25.100343670555812,0],[121.72029964876377,25.10039597736727,0],[121.720668887879,25.10046926909512,0],[121.7209543207344,25.10053043069955,0],[121.72130047210553,25.1006147233863,0],[121.72149545093092,25.100678375038083,0],[121.72172150640213,25.100759835597362,0],[121.7219758006651,25.1008718121763,0],[121.72237885114843,25.101086536432167,0],[121.72273198618858,25.101300234550383,0],[121.72313087707653,25.101548549645468,0],[121.72345576178103,25.101746980178966,0],[121.72386253557454,25.10203949780868,0],[121.72408177663786,25.10223729646003,0],[121.7242879330232,25.102448369623474,0],[121.72444322383008,25.10264416496015,0],[121.72457591744015,25.102822155828576,0],[121.72473149907485,25.103078088894762,0],[121.72488407141316,25.10337670292631,0],[121.72505034797558,25.103775431130305,0],[121.7251468981489,25.10403727814421,0],[121.72536747750974,25.104646964061786,0],[121.72551641102852,25.105108019482124,0],[121.72573943852743,25.105759386062452,0],[121.72597932984277,25.10647528314276,0],[121.7260997997298,25.106879673576174,0],[121.72617405070646,25.10704781375626,0],[121.72622260685024,25.107147404509462,0],[121.72639238897875,25.107504778999985,0],[121.72644921591294,25.107636083841758,0],[121.7266618269899,25.10808280713867,0],[121.72680504241315,25.108388290875634,0],[121.72686876487386,25.10849984701995,0],[121.72689447554696,25.108544434150588,0],[121.72707995631335,25.10884860775832,0],[121.72712779691054,25.108918546781624,0],[121.72722923869492,25.109077244989514,0],[121.72732655301671,25.109235373268795,0],[121.72739172735037,25.109321353651026,0],[121.72751265184664,25.10949843035251,0],[121.72759524600517,25.109618772645565,0],[121.72760196933487,25.109628709387493,0],[121.72767934903979,25.109686717952957,0],[121.72789428840407,25.109944850335538,0],[121.72791892600343,25.109974096935957,0],[121.72804671426357,25.110068201153062,0],[121.72823524921918,25.110213808159873,0],[121.72831977386072,25.110264421239407,0],[121.72859272621832,25.110393367161283,0],[121.72899182534064,25.110551576441505,0]]}},{"type":"Feature","properties":{"cadgeom_type":"CADLWPolyline","thickness":0,"color":"#FFFF00FF"},"geometry":{"type":"LineString","coordinates":[[121.66942923898041,25.080883450412593,0],[121.66950527360879,25.080929175144245,0],[121.66966845730268,25.08105453745571,0],[121.66986509937719,25.081259715361416,0],[121.67003322975712,25.081444868103837,0],[121.67009981264256,25.08155215461249,0],[121.67019040240886,25.081722481795993,0],[121.67042470560638,25.08216292000115,0],[121.67049929150237,25.082311247265434,0],[121.67058709898632,25.082457906951046,0],[121.67060342355613,25.082524585855747,0],[121.67061167751505,25.08256231981678,0],[121.67076269835324,25.082872190506908,0],[121.6708128123412,25.082930512476732,0],[121.67090725794365,25.083005472516607,0],[121.67108224691526,25.08310617562124,0],[121.67146751484734,25.08331001842001,0],[121.67190503985051,25.08351944515954,0],[121.6720296246435,25.08357728583553,0],[121.67212645237831,25.08361906776613,0],[121.67216291479677,25.083624944485535,0],[121.67221515258224,25.08363336336063,0],[121.67236555737567,25.08365884491385,0],[121.67245808690453,25.08367451913731,0],[121.67257497575422,25.083677680008396,0],[121.6726907956375,25.083680275234727,0],[121.67271201733102,25.08368075051703,0],[121.67281881429237,25.083678446793332,0],[121.67286513145089,25.083669069001974,0],[121.67297184306587,25.08364291062676,0],[121.67315697894122,25.08357419927017,0],[121.67320679423618,25.083557045515906,0],[121.6732797451209,25.083532651207417,0],[121.67338874678057,25.083496100494195,0],[121.67344937723874,25.083493339209745,0],[121.67349762240814,25.083491843480495,0],[121.67361679659065,25.083489389283542,0],[121.67378943261608,25.083499663659275,0],[121.67396303367809,25.083551368819915,0],[121.67398408677272,25.083559097332135,0],[121.67406484104639,25.083591735542242,0],[121.67412045778248,25.08363506848169,0],[121.67423047910847,25.083717421211848,0],[121.67423978908671,25.08372438879637,0],[121.67434091252676,25.083795441680017,0],[121.67443199163013,25.083870206833407,0],[121.67450897438188,25.083945037419042,0],[121.67467512368651,25.08410378599596,0],[121.67469538383868,25.084122024163896,0],[121.67476374479824,25.084179495955212,0],[121.67476374479824,25.084179495955212,0],[121.67536139966649,25.084786963068662,0],[121.67551014390256,25.084928221920574,0],[121.67570771968313,25.085124379165453,0],[121.67584534408074,25.08526007388825,0],[121.67603071052115,25.08544495921169,0],[121.67619920885362,25.085612683357606,0],[121.67619920885362,25.085612683357606,0],[121.67650647462267,25.085930950509756,0],[121.67650647462267,25.085930950509756,0],[121.6767093976359,25.086153694555605,0],[121.67692766265957,25.086364065609196,0],[121.67716036221687,25.086561188944998,0],[121.67752621767958,25.086933445848995,0],[121.67766315729536,25.087062347443972,0],[121.67810991859126,25.08740975935556,0],[121.67820740130223,25.087485058875416,0],[121.67847547988144,25.087670034476027,0],[121.67863005462416,25.08777528295414,0],[121.67895564829051,25.08799772466359,0],[121.67911661381284,25.08810473115143,0],[121.67926822770936,25.08820636035322,0],[121.67951617448728,25.088372562211834,0],[121.67963531970388,25.088452426335163,0],[121.6796525582694,25.088463981963027,0],[121.67980203257704,25.088564175306566,0],[121.67986195234316,25.08860673901476,0],[121.67992734237755,25.088641998109054,0],[121.67995435264426,25.08864902050379,0],[121.68003062446508,25.088668848533384,0],[121.68008907011551,25.088684042484996,0],[121.68014181250645,25.08869775381355,0],[121.6801904419323,25.08871039587245,0],[121.6802555040279,25.088721958707644,0],[121.6803745916596,25.08873442625046,0],[121.68041121470445,25.088736049314576,0],[121.68041121470445,25.08873604931458,0],[121.68048834249147,25.088736507333877,0],[121.68056533044158,25.088732255067107,0],[121.68064183206776,25.088723311651915,0],[121.68071750307182,25.088709717338627,0],[121.6807920028942,25.08869153330908,0],[121.68086499624667,25.088668841401226,0],[121.68091727021003,25.088648528541416,0],[121.6809683110195,25.08862576306825,0],[121.68104023334358,25.088588306254415,0],[121.68110882514203,25.0885459847327,0],[121.68115277190842,25.088514989580702,0],[121.68119492719461,25.088481995361178,0],[121.68124024825148,25.088442434098848,0],[121.68140423634009,25.088309575009674,0],[121.6814254121149,25.088292418576707,0],[121.6815679814764,25.088149093106033,0],[121.68166326316711,25.088038597336546,0],[121.68183456806608,25.08783047340856,0],[121.68191983206783,25.087683160539758,0],[121.68205604554656,25.087391672734363,0],[121.68209003185021,25.087271498210146,0],[121.68211194072092,25.08718968783046,0],[121.68214592090365,25.087007454010827,0],[121.68216038094356,25.086820521364604,0],[121.68217411857822,25.08668083003843,0],[121.68215232326115,25.086434536344814,0],[121.68210824619366,25.08606113916033,0],[121.68208660549682,25.08575799759703,0],[121.6820544475785,25.085450319241836,0],[121.68204808434416,25.085418066658267,0],[121.68202937298585,25.085349380320437,0],[121.68201120874966,25.085269536543297,0],[121.68190071375761,25.084746325589744,0],[121.6818159623205,25.084346195505706,0],[121.68172597769845,25.083884821536646,0],[121.68169976019662,25.083761387650725,0],[121.68169725557375,25.08374947597824,0],[121.68168822910357,25.083706552413094,0],[121.68156947201366,25.08314142078679,0],[121.6815810542345,25.083093673583406,0],[121.68158570873783,25.083074428005617,0],[121.68159054808251,25.08305441813408,0],[121.68159054808251,25.08305441813408,0],[121.68159593857595,25.08303852424899,0],[121.68160253261577,25.083023011264324,0],[121.68161029811586,25.08300795466414,0],[121.68161919728993,25.082993427711756,0],[121.68162918683547,25.08297950109328,0],[121.68164021814438,25.082966242573637,0],[121.68165223753961,25.082953716666893,0],[121.68166518653621,25.082941984322254,0],[121.68167900212602,25.082931102627597,0],[121.6816936170842,25.08292112453162,0],[121.68170896029638,25.082912098586235,0],[121.68172495710463,25.082904068710327,0],[121.68174152967083,25.082897073976046,0],[121.68175859735526,25.082891148418685,0],[121.68177607710918,25.082886320871097,0],[121.68179388387874,25.082882614823365,0],[121.68181193101894,25.082880048308535,0],[121.68183013071517,25.082878633814875,0],[121.68184839441058,25.082878378225054,0],[121.68186663323685,25.082879282782734,0],[121.6818847584467,25.082881343086473,0],[121.68190268184568,25.08288454911114,0],[121.68192031622131,25.082888885256693,0],[121.6819375757674,25.082894330424125,0],[121.68199882076247,25.08291361237856,0],[121.68265096726847,25.083177524750212,0],[121.68325538416259,25.083438739648642,0],[121.68345114252378,25.083517631407425,0],[121.68353430742266,25.08355116749501,0],[121.68364496163368,25.083621375178048,0],[121.68377308030956,25.0837011261793,0],[121.6837742134879,25.083701831556414,0],[121.68398313586155,25.083813279131466,0],[121.6843025965571,25.083993575032853,0],[121.68434582168844,25.08401197948629,0],[121.6845284942311,25.08412878383204,0],[121.68476135699045,25.08427680432189,0],[121.68506280356874,25.08446711603311,0],[121.68533003220846,25.084622136975725,0],[121.68566479886665,25.08483084587906,0],[121.68581951556529,25.084933491775587,0],[121.68623493887486,25.085182418943493,0],[121.68637539368565,25.085272116027316,0],[121.68661197815624,25.085445775600103,0],[121.68675413152083,25.085541854778747,0],[121.68685472415173,25.08560531495692,0],[121.68695831993428,25.085677923703276,0],[121.68712532408964,25.085818885300274,0],[121.68719684822055,25.085874966195846,0],[121.68743190480171,25.086045912084483,0],[121.68770955658457,25.086249365090083,0],[121.68795341250647,25.08640889016947,0],[121.68820322616604,25.086555085340905,0],[121.68843100292956,25.08667178844839,0],[121.68893040510537,25.08688703979087,0],[121.68948191465923,25.087078753236113,0],[121.68961448517824,25.08710507759976,0],[121.68991709294806,25.08717861465318,0],[121.69005372683958,25.08721805953184,0],[121.6904652159504,25.08735252299473,0],[121.6904652159504,25.08735252299473,0],[121.69046634955782,25.08735277488058,0],[121.69046634955782,25.08735277488058,0],[121.69063000440063,25.087384282526912,0],[121.6907954768993,25.087406567258874,0],[121.69096214091496,25.087419544753075,0],[121.69112936579944,25.08742316590417,0],[121.69129651878195,25.08741741701072,0],[121.69129651878195,25.08741741701072,0],[121.69142564482148,25.087409405938878,0],[121.69155408453088,25.087394887786328,0],[121.69168144280941,25.087373907213617,0],[121.69180732788362,25.087346528760683,0],[121.69209766160053,25.087230161664433,0],[121.69217827059923,25.087195238409493,0],[121.69220273097021,25.08718748096378,0],[121.69242175595863,25.087058074446443,0],[121.69253471084383,25.086990886232044,0],[121.69280236028138,25.086780053904704,0],[121.69280236028138,25.086780053904704,0],[121.6928948420659,25.086691993524973,0],[121.69298194989305,25.086599500231184,0],[121.69298194989305,25.086599500231184,0],[121.69307067516287,25.08649453160932,0],[121.69315191362271,25.086384651168874,0],[121.6932253383796,25.086270301082504,0],[121.6932906539865,25.086151941507932,0],[121.6932906539865,25.086151941507932,0],[121.69334868328886,25.08602559939981,0],[121.69339839663178,25.08589635004885,0],[121.6934396196162,25.085764646943122,0],[121.6934396196162,25.085764646943122,0],[121.69358121919693,25.085020537461684,0],[121.69362672619722,25.084805297103436,0],[121.69363687805004,25.08475855146543,0],[121.69387707248293,25.083652532318936,0],[121.69389666989436,25.083562291610512,0],[121.69404895351441,25.082861062922024,0],[121.6940889461043,25.082628032181788,0],[121.69406511920417,25.08228335890451,0],[121.69405348033374,25.08220130014876,0],[121.69394514221274,25.081957354939565,0],[121.69388161922623,25.081893608644087,0],[121.69386617986586,25.0818844894321,0],[121.69375300212234,25.081756994296416,0],[121.69368977457493,25.081698754585407,0],[121.69361591957717,25.081632130489908,0],[121.69351245117667,25.081561840025955,0],[121.69347481962102,25.08153771207691,0],[121.69339935429905,25.081489336732062,0],[121.69338450812413,25.081480598886216,0],[121.69337632596653,25.081475822271344,0],[121.6933125930628,25.081435974264625,0],[121.69323865264981,25.081393348747177,0],[121.69313934519042,25.081332681626108,0],[121.69294244633114,25.081212415524124,0],[121.69284091117031,25.081153007420962,0],[121.69277045323652,25.081111779185413,0],[121.69228864009177,25.080778577408033,0],[121.69228851220971,25.080778488969706,0],[121.69223395555056,25.080740737208785,0],[121.6919311751541,25.080549120635773,0],[121.6917952407393,25.0804431855843,0],[121.69176148007753,25.080392920450997,0],[121.69170881311055,25.080279277029415,0],[121.69166372390376,25.080096328941774,0],[121.69167690274838,25.079998050642224,0],[121.6917150872672,25.079832436019434,0],[121.69181219308433,25.07969740132226,0],[121.69195091115905,25.079581225463347,0],[121.69202734748785,25.07953341704986,0],[121.6921492998759,25.079480256373497,0],[121.69222797125504,25.07944228727498,0],[121.69240918294713,25.07937890420317,0],[121.69276002543336,25.079258909858396,0],[121.69307687145498,25.079206658430564,0],[121.69334523290625,25.079189837183996,0],[121.69363653523422,25.079177039464533,0],[121.69387564595601,25.079176824841692,0],[121.69403127098046,25.079201084479234,0],[121.69435176028487,25.079239671706905,0],[121.69452150373864,25.07926525537934,0],[121.69462406745893,25.079289419911564,0],[121.69493646705861,25.079367267805587,0],[121.69515282941109,25.079445785926726,0],[121.69603906380037,25.07970991181301,0],[121.69686074509843,25.079943378639364,0],[121.69711122124345,25.080033213279997,0],[121.6975442824119,25.08015292158608,0],[121.69825204852852,25.08035836894733,0],[121.69851312814538,25.080434052784007,0],[121.69861752824595,25.080470971230042,0],[121.6987110154158,25.08049971786069,0],[121.69958253206114,25.080744373940636,0],[121.70009170755795,25.08089617941154,0],[121.70032435711293,25.081030677229126,0],[121.70041226925292,25.0810905853905,0],[121.70054720461702,25.081198711917995,0],[121.70069608351578,25.08137290377141,0],[121.70077162928128,25.081536218153147,0],[121.70080987318542,25.081666123150235,0],[121.70084333771568,25.081827857949236,0],[121.70084454785257,25.081967160750427,0],[121.70082041346048,25.082140790663356,0],[121.7007891524913,25.082304261537914,0],[121.7007708965225,25.082403217887396,0],[121.70062921321396,25.082680115311927,0],[121.70056521644115,25.0828093198308,0],[121.7004805208784,25.08297465229798,0],[121.70047053130487,25.08299414094587,0],[121.7004173115003,25.083107381453555,0],[121.70035534890292,25.08323411712022,0],[121.70034095491822,25.08326355949999,0],[121.70027785089745,25.08339266050731,0],[121.70026580620478,25.08341771709554,0],[121.7002416930123,25.083467831136456,0],[121.70023426491736,25.083479576885853,0],[121.70020581901383,25.08353835740951,0],[121.70019312893533,25.083564528858165,0],[121.70017491425078,25.083589095061555,0],[121.700150055616,25.083635854172186,0],[121.70012111968451,25.083702491691852,0],[121.70010064924159,25.083743880418748,0],[121.7000709148652,25.083804675792024,0],[121.69997482730572,25.084001196261834,0],[121.69993964128872,25.08407319772878,0],[121.69993051917814,25.08408924626288,0],[121.6998273904592,25.08429869197464,0],[121.69982401636223,25.084305678918398,0],[121.69971499961125,25.08453125193875,0],[121.69967743770484,25.0846089878254,0],[121.69960465130167,25.084751785414024,0],[121.69947275011447,25.085019267822773,0],[121.69938455162769,25.085161621456006,0],[121.69915146532621,25.085600988099486,0],[121.69893077879368,25.086053399325955,0],[121.69879587873696,25.08633360688728,0],[121.6987036171286,25.086540903873466,0],[121.69861247507589,25.08671982469138,0],[121.69852766277056,25.086944383235465,0],[121.69835231050729,25.087315869074494,0],[121.69835220732543,25.087316087665773,0],[121.69808441406514,25.08796228131282,0],[121.69803704287725,25.088100840716617,0],[121.69791592269696,25.088455096344596,0],[121.69721102883437,25.090273626840162,0],[121.69710260724639,25.090532170786776,0],[121.69700809130282,25.090756772869533,0],[121.6969634938424,25.090883463380123,0],[121.6968002259428,25.091303232355006,0],[121.6967455175171,25.091462557329617,0],[121.69669759635342,25.09159292894578,0],[121.69664581251209,25.091741965318597,0],[121.69660487290344,25.09196152703019,0],[121.69659183572934,25.092118020218283,0],[121.69659096021067,25.092299659063336,0],[121.69661342016576,25.092451269820916,0],[121.69674549725738,25.09288697206097,0],[121.69677442767104,25.092976192733744,0],[121.69682402730638,25.09312986134335,0],[121.69686007502294,25.09324429171644,0],[121.69690089753253,25.09337160319081,0],[121.69697437648954,25.09360279732722,0],[121.69700715338998,25.093702466041417,0],[121.69703595912532,25.093782397741048,0],[121.6970621425275,25.093859697501102,0],[121.69707866160272,25.09389472656646,0],[121.69706677886836,25.09389473480339,0],[121.69716335414985,25.0941343335529,0],[121.69724049536026,25.094421467252296,0],[121.69729936389705,25.094609095076894,0],[121.69735369865055,25.094774776450574,0],[121.69740244391619,25.09492298858271,0],[121.69743394905547,25.095040177238,0],[121.69744039181008,25.09505545540889,0],[121.69752301434099,25.095284894367772,0],[121.69754453297307,25.09534706762324,0],[121.69756246035632,25.09539358681045,0],[121.69766307879141,25.09557322433585,0],[121.69777911308564,25.095780257939843,0],[121.69787786512504,25.09595702285014,0],[121.69803565884244,25.096163115727624,0],[121.69817606112169,25.096322112217955,0],[121.69828402616426,25.09642291987737,0],[121.69852855248068,25.096650024247605,0],[121.69863382613083,25.096727276573276,0],[121.69880243505098,25.096852506455757,0],[121.6989070506028,25.09691938402374,0],[121.69907627465655,25.0970364871497,0],[121.69940475951977,25.09719414012268,0],[121.69979651529155,25.09733415772141,0],[121.70000911142778,25.097400689315826,0],[121.70031758945588,25.097465773572317,0],[121.70077546893009,25.097540974498845,0],[121.7011628950374,25.097540729273934,0],[121.70147234573473,25.0975111451717,0],[121.70187235885989,25.097460560900668,0],[121.70187545063641,25.09746030662548,0]]}},{"type":"Feature","properties":{"cadgeom_type":"CADLWPolyline","thickness":0,"color":"#FFFF00FF"},"geometry":{"type":"LineString","coordinates":[[121.67075089894583,25.080876976502942,0],[121.67084748694877,25.080968861041043,0],[121.67101123761555,25.081152310668408,0],[121.6710949051998,25.08127361829563,0],[121.6711459522733,25.081342331111248,0],[121.67125001680004,25.08148968097732,0],[121.67128791201392,25.08153326225662,0],[121.67132196216005,25.08157963494003,0],[121.67136926438967,25.08164662304214,0],[121.67148510294864,25.08179884070389,0],[121.67155512541164,25.081888115684954,0],[121.67163083192776,25.08198080712431,0],[121.67168194041973,25.082042596446765,0],[121.67172547227595,25.082090637309488,0],[121.6718068401926,25.082167794594813,0],[121.67187685380391,25.08222949737584,0],[121.67191468823252,25.08225689130601,0],[121.67198139149767,25.082296630610486,0],[121.67200598561936,25.08231374722554,0],[121.67209295307832,25.08234953853717,0],[121.6722177387296,25.08239894262847,0],[121.67231601557584,25.082420904198898,0],[121.67243884650655,25.08244103512683,0],[121.67253893721623,25.08243543032944,0],[121.67264346359427,25.08242487951331,0],[121.67286245670165,25.082392913088132,0],[121.67309276262704,25.08235916657039,0],[121.67344312976377,25.082303986748016,0],[121.6735469526207,25.08229145820013,0],[121.67367916772567,25.08229429564893,0],[121.67382272366187,25.0822987959166,0],[121.67390213059618,25.082317367393724,0],[121.67407039851142,25.082354453957034,0],[121.67414133719554,25.08237015721812,0],[121.67430988053364,25.082458874465015,0],[121.67441025663707,25.082510027708288,0],[121.67444436506351,25.08253051681317,0],[121.67457607945707,25.082584135082257,0],[121.67475560105119,25.082694073458793,0],[121.67500175237446,25.082868423763834,0],[121.67524827725873,25.083043432891873,0],[121.67579267729906,25.083519550441387,0],[121.67592233020004,25.083627532825133,0],[121.6760859967621,25.083770294355944,0],[121.67618977368785,25.083880513645074,0],[121.67623180125615,25.08392539093315,0],[121.67632452891867,25.084024410792225,0],[121.67643436381633,25.084141707130716,0],[121.67653116118039,25.08424251927111,0],[121.67661595279853,25.08433061239131,0],[121.67669790680078,25.084414634288127,0],[121.67674075028924,25.08445856077085,0],[121.67681034310655,25.084534506300074,0],[121.67691717629421,25.08465297119198,0],[121.67692056957578,25.084655432424203,0],[121.6769321733648,25.08466384898918,0],[121.6770013149594,25.084731913582065,0],[121.67709448486087,25.084823333361847,0],[121.67710953419531,25.084838100575535,0],[121.67719597456872,25.084930178337792,0],[121.67724107229624,25.08497511149695,0],[121.6772648227553,25.08499758691553,0],[121.67727615443268,25.08500831038712,0],[121.67730868977631,25.08503909993995,0],[121.67740937727093,25.08513577396049,0],[121.6774156535093,25.08514534623061,0],[121.67743455947551,25.08517418108627,0],[121.67743873119882,25.08518054372842,0],[121.67745317367788,25.08520257128053,0],[121.67748983886395,25.085238557146173,0],[121.6777245741465,25.08551468264547,0],[121.67783424820738,25.085658641446663,0],[121.67823428874722,25.086020253855466,0],[121.67874004511532,25.086485671794712,0],[121.67925841428242,25.086968636894927,0],[121.67959368142591,25.087256787921305,0],[121.67981971290564,25.087401935593807,0],[121.67990198413321,25.08742522955742,0],[121.68001178171613,25.087453313981563,0],[121.68002720568903,25.08745668064309,0],[121.68014122143832,25.08745720125802,0],[121.68027636947095,25.087460684741192,0],[121.68032742598477,25.08745648276692,0],[121.68048072782223,25.087431114437337,0],[121.68058117895905,25.087398631399985,0],[121.68058117895905,25.087398631399985,0],[121.68058158123274,25.087398443053377,0],[121.68058158123274,25.087398443053377,0],[121.68064125762527,25.0873682965955,0],[121.68069874167698,25.087334802980504,0],[121.68075380731497,25.087298093933057,0],[121.68080623797803,25.087258313823455,0],[121.6808558274685,25.087215619099773,0],[121.68090238076317,25.08717017767255,0],[121.68094571478017,25.087122168254403,0],[121.68098565909908,25.087071779657162,0],[121.6809856612904,25.08707177678455,0],[121.68099307885831,25.087046582835807,0],[121.68103372554079,25.086908550250193,0],[121.68105345334749,25.08684010177801,0],[121.68105980632272,25.08681806054808,0],[121.68106603677938,25.086796247291034,0],[121.68110318946707,25.086648011340273,0],[121.68110431506415,25.086519552547617,0],[121.68109243122734,25.086438361249915,0],[121.68106494400801,25.086250533387062,0],[121.68102909838989,25.085991196408273,0],[121.6810185301251,25.085919322361743,0],[121.68098869520244,25.085519192364448,0],[121.68098666428713,25.085500530523777,0],[121.68098515186811,25.08548866235513,0],[121.68092794149771,25.08514569973826,0],[121.6808246810929,25.08459145539912,0],[121.6807549075932,25.0840905502176,0],[121.68065445924218,25.083191404338596,0],[121.68065243530017,25.082992626348382,0],[121.68065243530017,25.082992626348382,0],[121.68066015839071,25.082921401763862,0],[121.68067302875517,25.082850797039022,0],[121.68069099020855,25.082781120347263,0],[121.68071396434475,25.082712675810843,0],[121.68074185087897,25.082645762173392,0],[121.68077452808558,25.082580671496103,0],[121.68081185332944,25.08251768788295,0],[121.68085366368871,25.082457086240638,0],[121.68089977666601,25.082399131078837,0],[121.68089977666601,25.082399131078837,0],[121.68094807590546,25.082346365851915,0],[121.68099976876148,25.082296338582005,0],[121.68105466848016,25.0822492300017,0],[121.68111257672287,25.082205210299094,0],[121.6811732842828,25.082164438502957,0],[121.6812365718409,25.082127061908263,0],[121.68124751258235,25.08211948474206,0],[121.68139531581767,25.082055977138122,0],[121.68141607910358,25.08204996525635,0],[121.68149410724506,25.082023894445935,0],[121.68149410724506,25.082023894445935,0],[121.68156074429486,25.082005965847543,0],[121.68162841271436,25.08199159408706,0],[121.68162841271436,25.08199159408706,0],[121.68170701128979,25.08197958002319,0],[121.68178631669674,25.081972385082892,0],[121.68186597308916,25.081970041549873,0],[121.6819456230463,25.08197255993949,0],[121.68202490917632,25.081979928951434,0],[121.68210347571977,25.081992115520492,0],[121.68218097014578,25.082009064964918,0],[121.68220812710621,25.082017747274147,0],[121.68240046842313,25.08207926718191,0],[121.68257140774375,25.082133932347293,0],[121.68264739184848,25.08215823189767,0],[121.68275439275676,25.082192450110558,0],[121.68282994034395,25.082216606177706,0],[121.682881198437,25.082233002946523,0],[121.68291715110301,25.082246051334376,0],[121.68296184703068,25.082262509101234,0],[121.68319329767468,25.08235186522784,0],[121.68321495320984,25.082360587762707,0],[121.68325804646963,25.08237812362845,0],[121.68330099162864,25.082395858451637,0],[121.68333553090564,25.082410300440635,0],[121.6833433732958,25.08241411823955,0],[121.6833958080563,25.082439621010007,0],[121.68342158865745,25.08245216129415,0],[121.68343884477835,25.082461535434735,0],[121.68344996491987,25.082467566115504,0],[121.68361223992203,25.082555653870912,0],[121.68376718374634,25.08263975230341,0],[121.68378205103804,25.08264782176761,0],[121.68429259007615,25.082942548662857,0],[121.68450384634644,25.083075141555746,0],[121.68493356338988,25.083328678198093,0],[121.68570591198151,25.083829845335906,0],[121.68595777287233,25.083983316900717,0],[121.68664946885171,25.084435403589055,0],[121.68676550225723,25.084512876129068,0],[121.68718189066686,25.08479691733799,0],[121.6880079270205,25.08533788319396,0],[121.68837173046427,25.085575191804747,0],[121.68858032593627,25.08569757501124,0],[121.688669946076,25.08574033115784,0],[121.68969636861945,25.086105102262295,0],[121.69066125490212,25.086467736214757,0],[121.69077060584331,25.086515946695048,0],[121.69079555358559,25.086526610561986,0],[121.6909227728154,25.08657492519497,0],[121.6909227728154,25.086574925194963,0],[121.69101590919816,25.086593309910757,0],[121.69101590919816,25.086593309910757,0],[121.69106745912919,25.086602003057656,0],[121.69106745912919,25.086602003057656,0],[121.69112567630538,25.086609254190225,0],[121.69112567630538,25.086609254190225,0],[121.69119534368394,25.086614431462166,0],[121.69126522561092,25.0866158364969,0],[121.69133507601406,25.086613464347085,0],[121.69140464893223,25.086607323365794,0],[121.69140464893223,25.086607323365794,0],[121.69147675441685,25.086596916082847,0],[121.69154801421642,25.08658246409814,0],[121.69161815502461,25.086564022840317,0],[121.69165847454602,25.086542228980825,0],[121.69178294056728,25.086492499235778,0],[121.69188021761278,25.086443705573455,0],[121.69196498816046,25.086388197369978,0],[121.69203716718843,25.086326877112203,0],[121.69209754401228,25.086266552944814,0],[121.6921949741529,25.086149219535702,0],[121.69230128937154,25.085963658459054,0],[121.6923900001246,25.085693022703417,0],[121.69243571490304,25.08551103673395,0],[121.69245059758887,25.08544008995322,0],[121.69245869027294,25.085401474642225,0],[121.69247311431623,25.085332700111888,0],[121.692489986432,25.085252278633025,0],[121.69249374007785,25.08523434566554,0],[121.69256438906025,25.084897431011008,0],[121.69258044741721,25.08482086877714,0],[121.69259014945526,25.084774582280488,0],[121.69261698930167,25.084641763756014,0],[121.69264374807003,25.084520031778368,0],[121.69267473973453,25.08437908667614,0],[121.69271132607366,25.08421267462958,0],[121.6927248514342,25.084151143289976,0],[121.69275926485493,25.083994603253977,0],[121.6927638699602,25.083973543885303,0],[121.69278598487877,25.083871185092928,0],[121.69294967278972,25.08316007032378,0],[121.69295920754143,25.082957765469235,0],[121.69295920754143,25.082957765469235,0],[121.69295659925777,25.082906100775826,0],[121.69295050292727,25.08285468036265,0],[121.6929409416878,25.08280369935288,0],[121.69292795182524,25.08275335120207,0],[121.69291158263583,25.082703826964078,0],[121.69289189623885,25.082655314566065,0],[121.69289189623885,25.082655314566065,0],[121.6928578144358,25.08259052036756,0],[121.69281983621931,25.08252754881322,0],[121.69277807868464,25.082466594048647,0],[121.6927202537102,25.082386197119245,0],[121.69236921336824,25.082119491012325,0],[121.69218380905828,25.08200221362246,0],[121.6918619284922,25.081796531791777,0],[121.69167882163005,25.081678124539593,0],[121.69124900404957,25.081400188029697,0],[121.69117450743157,25.081352009088278,0],[121.69103974295905,25.08125460060532,0],[121.69093811075759,25.081141018403347,0],[121.6908187802141,25.081007033454277,0],[121.69063929195606,25.080786262049976,0],[121.69039666775369,25.080450592403775,0],[121.69031740642521,25.080264708513916,0],[121.6902802225944,25.080119754970635,0],[121.69026404681259,25.079976806324115,0],[121.69027200798298,25.079766906167286,0],[121.69028123111765,25.079714554709934,0],[121.69034756074981,25.079502385012958,0],[121.6903934954411,25.079419600320445,0],[121.69053348907458,25.079239366895965,0],[121.69057987909699,25.0791769224671,0],[121.69066834504521,25.07909988444638,0],[121.69076882749224,25.07902765440939,0],[121.69088448128878,25.07896199608715,0],[121.69103690222964,25.078903395025595,0],[121.69119980372031,25.078856009429536,0],[121.69163197098065,25.078756160295207,0],[121.6919349730096,25.078678771378694,0],[121.69212965008238,25.078635890826813,0],[121.69275549989189,25.07845472945321,0],[121.69308689122298,25.07842463066407,0],[121.69322450158295,25.078412813278803,0],[121.6933908962147,25.0784078768419,0],[121.69347125897987,25.07841041244132,0],[121.69362255279738,25.078412988694094,0],[121.69385497798264,25.078428381611687,0],[121.69408093202516,25.07846959566363,0],[121.69436254892346,25.078536836679245,0],[121.69478582783809,25.07864690021582,0],[121.69538709587223,25.078807639057136,0],[121.69577948275531,25.07890791321515,0],[121.69648244294801,25.079084773524873,0],[121.69717668152485,25.079279988729628,0],[121.69771326101326,25.0794202568415,0],[121.6981180234138,25.079510586532564,0],[121.69862763438454,25.07959273501778,0],[121.6991329808552,25.079678133259566,0],[121.69992899477985,25.079833164191143,0],[121.70028914292261,25.079948915533382,0],[121.70065287013281,25.0801232915089,0],[121.70088963586531,25.08024378107489,0],[121.70146348733226,25.080508897218724,0],[121.70177909675051,25.080660155541505,0],[121.70177962813851,25.080660703536445,0],[121.701850010617,25.08073366794234,0],[121.70196395297162,25.080881514984917,0],[121.70199927803867,25.080951559165214,0],[121.7020258555486,25.0810261031063,0],[121.70205650939201,25.081097894891286,0],[121.70211651808206,25.08124846646396,0],[121.70215723631291,25.081345142267935,0],[121.70220958402619,25.081474960880723,0],[121.70222832326812,25.08156851496874,0],[121.70219758693322,25.081775852703004,0],[121.70218087302825,25.081846483400362,0],[121.70208814920942,25.082109176401623,0],[121.70205173598832,25.08221253075732,0],[121.7017932933855,25.08305742124614,0],[121.7015735383844,25.08359122315145,0],[121.70141838307768,25.083900967433493,0],[121.70123828888622,25.0842512054059,0],[121.70103936042926,25.08463796826556,0],[121.70084499216118,25.085004488635406,0],[121.7006318518596,25.085409099508944,0],[121.70052585581132,25.08564225208038,0],[121.70046282674866,25.085762427915345,0],[121.70028384030637,25.086110623992603,0],[121.70020884360912,25.086271134340567,0],[121.70006846506618,25.086583709764287,0],[121.7000117306062,25.0867001708166,0],[121.69988217834714,25.0869625244479,0],[121.6997127078559,25.08730946011257,0],[121.6997127078559,25.08730946011257,0],[121.69933660600304,25.088110007006804,0],[121.69933660600304,25.088110007006804,0],[121.69889271664374,25.089338897361205,0],[121.69889271664374,25.089338897361205,0],[121.69851094961574,25.090374210313243,0],[121.69851094961574,25.090374210313243,0],[121.69840035306245,25.090750122487883,0],[121.69831770087916,25.09113194475554,0],[121.69831770087916,25.09113194475554,0],[121.69825326455259,25.09155720952745,0],[121.6982209600486,25.09198549429797,0],[121.6982209600486,25.09198549429797,0],[121.69821430550597,25.09236892856134,0],[121.69822938468535,25.092752164761762,0],[121.69826615762068,25.093134182018,0],[121.69826615762068,25.093134182018,0],[121.69830096376313,25.093385413096403,0],[121.69834999809241,25.093634667711154,0],[121.69841312933453,25.093881278126524,0],[121.69858484581293,25.094632229062512,0],[121.6987401642716,25.09521286204664,0],[121.6987401642716,25.09521286204664,0],[121.69884866136628,25.095530734334933,0],[121.69884866136628,25.095530734334933,0],[121.69906445394281,25.095876365973176,0],[121.69906445394281,25.095876365973176,0],[121.69910217843464,25.09591224500223,0],[121.69913783846121,25.095949833950495,0],[121.69917134068706,25.095989034435693,0],[121.69917134068706,25.095989034435693,0],[121.69918455121444,25.09600434583985,0],[121.69919853002226,25.096019080763078,0],[121.69921324681306,25.096033207268896,0],[121.69948842875166,25.09627258464636,0],[121.69972893636184,25.09639135973994,0],[121.70007152116395,25.09646564712303,0],[121.70015139555139,25.096465088968785,0],[121.70049248935757,25.096442654899132,0],[121.7009875362138,25.096416289336045,0],[121.70128778674922,25.096401269883046,0],[121.7018679729964,25.096377984061835,0],[121.70186927468033,25.09637799433511,0]]}},{"type":"Feature","properties":{"cadgeom_type":"CADLWPolyline","thickness":0,"color":"#FFFF00FF"},"geometry":{"type":"LineString","coordinates":[[121.71090204844971,25.099824425833358,0],[121.71090204844971,25.099824425833358,0]]}},{"type":"Feature","properties":{"cadgeom_type":"CADLWPolyline","thickness":0,"color":"#FFFF00FF"},"geometry":{"type":"LineString","coordinates":[[121.78630396792728,25.107218276571658,0],[121.78619439349053,25.10702398531746,0]]}},{"type":"Feature","properties":{"cadgeom_type":"CADLWPolyline","thickness":0,"color":"#FFFF00FF"},"geometry":{"type":"LineString","coordinates":[[121.80693200820747,25.105635281731658,0],[121.80693225368199,25.105635240151493,0]]}},{"type":"Feature","properties":{"cadgeom_type":"CADLWPolyline","thickness":0,"color":"#FFFF00FF"},"geometry":{"type":"LineString","coordinates":[[121.72932346426552,25.111585703672905,0],[121.72899748419078,25.11150575515145,0],[121.72932346426552,25.111585703672905,0],[121.72963326156743,25.111647434865375,0],[121.72963326156743,25.111647434865375,0],[121.72978149489724,25.111680575411473,0],[121.7302918568381,25.111790206297307,0],[121.73103464020627,25.111859990825298,0],[121.73168624826965,25.111903317054022,0],[121.73192619480787,25.111893583101267,0],[121.73237671909074,25.11162695398994,0],[121.73260154023475,25.111425449566163,0],[121.73276501868548,25.111266625579763,0],[121.73311572721619,25.11076591447476,0],[121.73330786871078,25.110472825315142,0],[121.73340525207567,25.110302230984868,0],[121.73351832778194,25.110123581984045,0],[121.73380398078238,25.109623783806317,0],[121.73386959061948,25.10950753536307,0],[121.73394296283276,25.109352042303154,0],[121.73396751867895,25.109306712023834,0],[121.73403694503365,25.109190969283258,0],[121.73413401792521,25.109052640054404,0],[121.734220585128,25.108921427968905,0],[121.73433679889412,25.108746984929656,0],[121.73439381873229,25.108787799677906,0],[121.73440557709742,25.10877018445449,0],[121.73473777251616,25.10833468579907,0],[121.73476215490109,25.108299603447055,0],[121.73476215490109,25.108299603447055,0],[121.73476215490109,25.108299603447055,0],[121.73476215490109,25.108299603447055,0],[121.73479937016538,25.108242345485678,0],[121.7349289650666,25.107991761220106,0],[121.73507359209722,25.10775140384831,0],[121.73507359209722,25.10775140384831,0],[121.73518793361326,25.107553975852042,0],[121.7353046088993,25.107351864945727,0],[121.73541829372849,25.10714509495066,0],[121.73557649347919,25.10683296993245,0],[121.73560834307384,25.106770053218103,0],[121.73573398554844,25.106545970751746,0],[121.73589660645223,25.106294314053045,0],[121.73608324367814,25.1060289043594,0],[121.73626806470565,25.105780904866233,0],[121.73640168177839,25.105614468470577,0],[121.73655629437765,25.10546763573702,0],[121.73664556978329,25.105377173281457,0],[121.73681553879052,25.10521533860927,0],[121.73700867623374,25.10505003567521,0],[121.73700867623374,25.10505003567521,0],[121.73737453170222,25.104697765490478,0],[121.73763439525229,25.104503657676336,0],[121.73776104213374,25.10440870269194,0],[121.73794397533845,25.10434936692961,0],[121.73794397533845,25.10434936692961,0],[121.7382040514883,25.10425660455762,0],[121.7382040514883,25.10425660455762,0],[121.73849052534148,25.104128130717285,0],[121.73849052534148,25.104128130717285,0],[121.73869162184347,25.10403931125494,0],[121.73869162184347,25.10403931125494,0],[121.7391592018587,25.10387668911908,0],[121.73954946167741,25.103784985355052,0],[121.73982275334228,25.103718536298693,0],[121.73990966679227,25.10370086847548,0],[121.74015708911283,25.103636764634572,0],[121.74040989390504,25.103604455107945,0],[121.74040989390504,25.103604455107945,0],[121.74083814586888,25.10355247857811,0],[121.74208659739693,25.103400950312963,0],[121.74215693148594,25.103392292790293,0],[121.74282573701531,25.103296289220932,0],[121.74299640791814,25.103273625424187,0],[121.74325073611234,25.103240162229085,0],[121.74355355469679,25.103209876169625,0],[121.74367245562443,25.103226150977616,0],[121.74395636181426,25.10325013535692,0],[121.74419690743798,25.103245862758005,0],[121.74432641449611,25.103252677950337,0],[121.74452938657798,25.10327352697099,0],[121.74473625028953,25.10327652423202,0],[121.74495988878995,25.1032585406415,0],[121.74495988878995,25.1032585406415,0],[121.74513631347156,25.10324421219439,0],[121.74561513235807,25.103324008210073,0],[121.74602905169992,25.1033751081588,0],[121.74602905169992,25.1033751081588,0],[121.74628542174746,25.103150247193852,0],[121.74628542174746,25.103150247193852,0],[121.74628542174746,25.103150247193852,0],[121.74647409415545,25.10284459175318,0],[121.74647409415545,25.10284459175318,0],[121.74670959244625,25.10247292749103,0],[121.74679334445872,25.102350444677832,0],[121.74696070394589,25.10212122358372,0],[121.74696823874163,25.102109575586155,0],[121.74701375115413,25.102039218154207,0],[121.7470831137639,25.101956145961395,0],[121.74714606095904,25.10190163756491,0],[121.74721809531204,25.10178836011807,0],[121.74729759424014,25.101700717937334,0],[121.74740466436212,25.10153239783729,0],[121.747529110398,25.101403011426225,0],[121.7475664219155,25.101321284745367,0],[121.74759946362249,25.10123055505749,0],[121.74760433162768,25.101196506638228,0],[121.7476579268767,25.101031828480455,0],[121.74774816920315,25.10057897790585,0],[121.74774816920315,25.10057897790585,0],[121.74774816920315,25.10057897790585,0],[121.74779309808466,25.10048338170797,0],[121.74785480252585,25.10037360917544,0],[121.74793476348404,25.100285216045137,0],[121.74797626524445,25.10025378926341,0],[121.74797626524445,25.10025378926341,0],[121.74806494760995,25.100204860874477,0],[121.74806494760995,25.100204860874477,0],[121.74806494760995,25.100204860874477,0],[121.74806494760995,25.100204860874477,0],[121.74816308102653,25.10015071798633,0],[121.74823630908055,25.10011662736882,0],[121.74836454935884,25.100048828996943,0],[121.74852673442635,25.099990461949744,0],[121.74862747813923,25.099975458212384,0],[121.74878789015354,25.099972470362555,0],[121.74894942823728,25.099969854314867,0],[121.74910340621848,25.100016073722834,0],[121.74939383457946,25.100095759163835,0],[121.74970652157397,25.100196572561668,0],[121.75004768281289,25.10030581902937,0],[121.75035456543601,25.10041215271222,0],[121.75042538840482,25.100433602860974,0],[121.7505881914489,25.100473770967007,0],[121.75074977658726,25.10052576409945,0],[121.7513457582174,25.100721931749668,0],[121.75174417954655,25.100843691320325,0],[121.75194104128902,25.100902541734083,0],[121.75209826749598,25.100950197740264,0],[121.75226565306991,25.100997548791558,0],[121.75250275266417,25.101062496427993,0],[121.75279729254353,25.101149618862912,0],[121.75306165902691,25.101263881122804,0],[121.75344567549217,25.10147179439287,0],[121.75344567549217,25.10147179439287,0],[121.75344567549217,25.10147179439287,0],[121.75356233567912,25.101515113686347,0],[121.75356233567912,25.101515113686347,0],[121.75392390398534,25.10163623649553,0],[121.75410074605298,25.101718889509428,0],[121.754236610929,25.10177956999789,0],[121.75435654388285,25.101834632142314,0],[121.75461406214566,25.101946690801284,0],[121.75477032936999,25.10200477553095,0],[121.75485239474949,25.10201371063522,0],[121.75505131368827,25.10206285676434,0],[121.75531416204922,25.10212764624775,0],[121.75552021027042,25.10215956335343,0],[121.75581137822594,25.10220512819656,0],[121.75592292710226,25.102222668239673,0],[121.75598074629977,25.1022215649083,0],[121.75598214426508,25.102221792677298,0],[121.7561511780071,25.102249333061145,0],[121.75633267647676,25.10227410935969,0],[121.75655583576977,25.10230543655234,0],[121.75669583869086,25.10231156026629,0],[121.75688308297167,25.102290842650106,0],[121.75707532594082,25.10223135313136,0],[121.7573010018996,25.102160690246457,0],[121.75785255245098,25.101929090149017,0],[121.758029969319,25.101858067784182,0],[121.7581976904125,25.101799051741256,0],[121.7584402618461,25.1017216044164,0],[121.75868013319877,25.101631545454023,0],[121.75898520184464,25.10152564292499,0],[121.75942780852019,25.101357241516567,0],[121.75975189783401,25.101249596208987,0],[121.76002106530069,25.10115389058054,0],[121.7606151863265,25.100953830156822,0],[121.76134028472192,25.10068924568738,0],[121.76191549480843,25.100467589164747,0],[121.76251776532602,25.100216389921794,0],[121.76271152338357,25.100130268151347,0],[121.76303315914436,25.099933364159206,0],[121.76368861427375,25.099640033542194,0],[121.76402404334095,25.099493877440747,0],[121.76416151618504,25.099433444366465,0],[121.76436691120415,25.099352587258164,0],[121.7645293668869,25.099349485978603,0],[121.76472516831426,25.099369666915777,0],[121.76485704303133,25.09938666240486,0],[121.76497821955185,25.099466969738184,0],[121.76497844018994,25.099467115961488,0],[121.7651683158034,25.099589635979928,0],[121.76545745824731,25.099913424566427,0],[121.7654907303368,25.099948735229745,0],[121.7655585785818,25.100115600648504,0],[121.76555870065602,25.10011590087637,0],[121.76569483048166,25.100434974173076,0],[121.76580480360936,25.100777026603627,0],[121.76586559239634,25.101026068900605,0],[121.76590457359069,25.101157301942216,0],[121.7659776125399,25.10135646402319,0],[121.76602247820487,25.10145915783931,0],[121.76612112592198,25.101676665318934,0],[121.7662140268566,25.101878528792618,0],[121.76622688171459,25.101913231220124,0],[121.76627814389275,25.10201006607272,0],[121.76637543136773,25.10217093554913,0],[121.7663918969829,25.102199535019498,0],[121.76649427939225,25.1023518920577,0],[121.76659157585776,25.102504776911452,0],[121.76663688995427,25.102589644616767,0],[121.76669252491267,25.10268846217358,0],[121.7667267224369,25.10273951427875,0],[121.76684929398347,25.102978959185783,0],[121.76694903263369,25.103177456461477,0],[121.76703803125946,25.103368916568392,0],[121.76709852332061,25.103488520474766,0],[121.76720802951958,25.103723593854795,0],[121.76725953594014,25.103833287236185,0],[121.76737402732506,25.104082188693138,0],[121.76742340032463,25.10419257243048,0],[121.7674931590162,25.104356178248004,0],[121.76758567105091,25.104553909284547,0],[121.76768770761558,25.10477590273694,0],[121.76779462330384,25.10500910959358,0],[121.76792927847328,25.10526945796768,0],[121.7679687662539,25.10531980696457,0],[121.76810973292413,25.10550125596688,0],[121.76814808035556,25.105547904558247,0],[121.76826672190701,25.10568469592156,0],[121.76836592539419,25.10580649011324,0],[121.76850711803269,25.10596893768166,0],[121.76860037853103,25.106075686867875,0],[121.76871521403591,25.106212325639422,0],[121.76882071989074,25.10634102538599,0],[121.76890804599348,25.106443663267314,0],[121.76903770993535,25.10659568266264,0],[121.76910887521109,25.10666285090635,0],[121.76918193884194,25.10673785719502,0],[121.76935265564441,25.106950194020115,0],[121.7695454296448,25.107194678664246,0],[121.76959198409592,25.10729006454927,0],[121.76982342164364,25.107695085681787,0],[121.76991871368757,25.10788353705035,0],[121.76991864903859,25.10788354180702,0],[121.77000688940232,25.10805662418476,0],[121.77002341209796,25.10817194753747,0],[121.77002933891204,25.108183876733563,0],[121.77002958661765,25.108183685712362,0],[121.7700509930828,25.10835930815899,0],[121.77008935942806,25.10859724347298,0],[121.77011487779961,25.10864929072324,0],[121.77014983230117,25.1087774845529,0],[121.77026730267922,25.109006096000627,0],[121.77030890650325,25.10910391798594,0],[121.7703720490851,25.109206853363172,0],[121.77041571195899,25.109285914961266,0],[121.77045990369753,25.10934893069148,0],[121.77046357771988,25.109374828157364,0],[121.77052455675754,25.109414227709507,0],[121.77057911579767,25.109451881818217,0],[121.77072981734969,25.109561804886695,0],[121.77081048013405,25.109591610408952,0],[121.77097744155657,25.109653796368956,0],[121.77118594900637,25.109701923675253,0],[121.77127231501585,25.10972079923545,0],[121.77188073034986,25.109760057344655,0],[121.77197725803936,25.109756260562097,0],[121.77214045546896,25.109746754038618,0],[121.77230472884061,25.109736066793634,0],[121.77260103714197,25.109701992316086,0],[121.77273775502299,25.10968644566299,0],[121.77313482745261,25.10962950729268,0],[121.77333709540846,25.10959681907432,0],[121.7740536542713,25.10947163192067,0],[121.7740536542713,25.10947163192067,0],[121.77405419682837,25.109471544709088,0],[121.77443531320793,25.109410282871746,0],[121.7746429622706,25.10937591666015,0],[121.77474537204412,25.10936161850726,0],[121.77512934660716,25.109304059147085,0],[121.77516923466035,25.10929665451329,0],[121.77524299954335,25.10927913083275,0],[121.77535244285372,25.109249982108267,0],[121.7753717997919,25.109240582339655,0],[121.77555914753736,25.10914875479134,0],[121.7756526801183,25.10910770910959,0],[121.77586133726219,25.10897851787524,0],[121.77594776901707,25.108915792636903,0],[121.77603192745866,25.10883399660348,0],[121.7760488514638,25.108817441158383,0],[121.77605957549432,25.10880306407451,0],[121.7761294877221,25.108727518080432,0],[121.77624160279376,25.10860377295889,0],[121.77635387604866,25.10847299292191,0],[121.77648427850136,25.108322639461367,0],[121.77651036147488,25.108293140681017,0],[121.77666611496686,25.108099956119144,0],[121.77671049141544,25.108041706736294,0],[121.77674956372526,25.107994945251573,0],[121.77678647416388,25.107949177842873,0],[121.77686788292509,25.107807626899326,0],[121.77693303798976,25.107673311989924,0],[121.77694712699677,25.10761322204188,0],[121.77695241739676,25.107540102904217,0],[121.77694250245744,25.107371024064452,0],[121.77693617302289,25.107301704342266,0],[121.77691789294903,25.10720790282811,0],[121.77688326778139,25.107049660769082,0],[121.77683161893016,25.106728622037302,0],[121.77681828831646,25.106622666902656,0],[121.77673271179756,25.106147866756732,0],[121.776674569765,25.105822188625023,0],[121.77660418866166,25.10540291043397,0],[121.77655192263467,25.105130437626418,0],[121.77652396476175,25.104945910514314,0],[121.776467612687,25.104652109768505,0],[121.7764295784527,25.10448494217125,0],[121.77637690952544,25.104234148898097,0],[121.77631499689872,25.1039548157095,0],[121.77620355816305,25.103566407192563,0],[121.77617457433453,25.103489303659977,0],[121.77613511525159,25.10333278052317,0],[121.77612618205723,25.103258897527095,0],[121.77611164505022,25.103163120751407,0],[121.7760960927024,25.1030643488289,0],[121.7760935719774,25.102965551763127,0],[121.77609050918056,25.102874569540194,0],[121.77611040555306,25.10271566583284,0],[121.7761342568712,25.10261446245161,0],[121.77617459091293,25.102424315500507,0],[121.77622853993145,25.102229762745424,0],[121.77625948973201,25.102069413405925,0],[121.77627315633379,25.10200685744278,0],[121.7763493590681,25.101818734804183,0],[121.77639647624606,25.101735601838744,0],[121.77645461322184,25.101655003928055,0],[121.77653728922225,25.101574712952086,0],[121.77661059432006,25.10150617482281,0],[121.77669834693906,25.10144348730421,0],[121.77675982310947,25.10141663893653,0],[121.77687759013195,25.101361142928223,0],[121.77704700985792,25.101312949615238,0],[121.77726579953807,25.101253221227655,0],[121.77745358967935,25.10120053828157,0],[121.77758827288766,25.10116717537651,0],[121.77771800300134,25.101135115966887,0],[121.77778277106351,25.101124693152396,0],[121.77784244989788,25.10111427675662,0],[121.7779400165388,25.101097899028783,0],[121.77805539050219,25.101091275499183,0],[121.77813531912051,25.10109373398556,0],[121.77821931172898,25.10110029332319,0],[121.77831935046723,25.10110941844956,0],[121.77840237233242,25.10112534469073,0],[121.77851358673428,25.101143168845116,0],[121.77858259964206,25.101156275471652,0],[121.77865709178477,25.101173303515942,0],[121.77871823391642,25.10118523200085,0],[121.77880443980169,25.101202502009627,0],[121.77893086998877,25.101225736569305,0],[121.77900309077421,25.101242330357742,0],[121.77910673859712,25.10126541804168,0],[121.77920218794117,25.101281744152715,0],[121.77928974887023,25.101299736140508,0],[121.77935706375752,25.101314768428526,0],[121.77940366935749,25.10132191831231,0],[121.77947782116256,25.10133633761325,0],[121.77956545235568,25.10135282414999,0],[121.77966540306626,25.101373464594072,0],[121.77973130375767,25.10138736160669,0],[121.77979375985622,25.101399888014413,0],[121.77985862537028,25.101415356866372,0],[121.77993494559978,25.101429806087133,0],[121.77998852435117,25.101441637255412,0],[121.78005018629504,25.101453414817364,0],[121.78020712721045,25.10148378944529,0],[121.78042965692418,25.101523395358658,0],[121.78061176575295,25.101558963077164,0],[121.78089270357289,25.10162124458463,0],[121.78118370978744,25.10168182448518,0],[121.78127207541182,25.10169337102779,0],[121.78145842827949,25.101738765180848,0],[121.78155673320309,25.10175691363004,0],[121.78168902237736,25.101781277504006,0],[121.78177113376618,25.101793645827215,0],[121.78180956311085,25.101793580199253,0],[121.78188174741452,25.101785358499107,0],[121.78193771174054,25.101777941576913,0],[121.78198090986021,25.10177409167846,0],[121.78202843968587,25.10176823609564,0],[121.78222860736018,25.101702381859713,0],[121.78254029258754,25.10156470170394,0],[121.78279233338101,25.101451839966025,0],[121.78300536698582,25.101321158277646,0],[121.78301600258551,25.101320277261017,0],[121.78304216268944,25.10131811024437,0],[121.78308332705342,25.101309746678172,0],[121.78325078125579,25.10131862469371,0],[121.78328368922199,25.1013184464159,0],[121.78339332585861,25.101341223782242,0],[121.78344822005592,25.10136124779307,0],[121.7835782272395,25.101466174349216,0],[121.78362947931427,25.1015670947473,0],[121.78366031787824,25.101674813862267,0],[121.78367739571831,25.101921411252267,0],[121.78367187539925,25.102115215303623,0],[121.78365795224562,25.102465304376828,0],[121.78363862146898,25.102903705034805,0],[121.7836208835245,25.10305467786638,0],[121.78351837646453,25.10374311674372,0],[121.7835078019555,25.103808655005892,0],[121.78350028682269,25.10397462886462,0],[121.78350503781598,25.104102719537927,0],[121.78352643349403,25.1042675078153,0],[121.78355119903337,25.104407834207127,0],[121.78357735366941,25.104526679288377,0],[121.78361289651599,25.104624237972885,0],[121.78365936339954,25.104706374406955,0],[121.78371960486344,25.104813568406957,0],[121.78375624198365,25.10487531285652,0],[121.78384826134723,25.105000126510745,0],[121.78392464560278,25.10510227552479,0],[121.78401721386389,25.105220044842937,0],[121.78414678803689,25.105381179569576,0],[121.7842434281985,25.105497041557044,0],[121.78434209564642,25.105636479373928,0],[121.78447564635697,25.105828882283426,0],[121.7845501372386,25.10593795717921,0],[121.78461352898375,25.106029256645463,0],[121.7846610377519,25.106095122144794,0],[121.7848332586229,25.106360979233038,0],[121.78496778778009,25.10657975326112,0],[121.78508231080338,25.1067880126072,0],[121.78515366231558,25.106966277939975,0],[121.78524131227047,25.107251123870604,0],[121.78537923519538,25.107835262067887,0],[121.78541637441927,25.108010021049058,0],[121.78549914674461,25.108270938737498,0],[121.78550199904434,25.10827726920228,0],[121.78559461180711,25.108470878238368,0],[121.78561079358835,25.108577781257466,0],[121.78566532168618,25.108779438971773,0],[121.78571415176906,25.108903231100015,0],[121.78574552612181,25.108953211981067,0],[121.78579656741879,25.10902948723804,0],[121.7858720806991,25.1091377433415,0],[121.78610101045679,25.10953973427825,0],[121.78611924821843,25.109561477144318,0],[121.78616998778598,25.109644346297085,0],[121.78619812906672,25.10968944647857,0],[121.78622682439712,25.10973662913368,0],[121.78624070556117,25.109758989662097,0],[121.78624803841294,25.10977268784913,0],[121.78625413952432,25.109783717843683,0],[121.78627580853505,25.109823844913134,0],[121.78636165655523,25.109953431730723,0],[121.78636165655523,25.109953431730723,0],[121.78636165655523,25.109953431730723,0],[121.78636165655523,25.109953431730723,0],[121.78638887256027,25.109996285036807,0],[121.78639538177961,25.11000615584516,0],[121.786396082742,25.11000750301563,0],[121.78640197110627,25.110016650034932,0],[121.78641954186634,25.110051452059697,0],[121.78645335423349,25.110098753303,0],[121.78656540460092,25.11025266450581,0],[121.78665962656764,25.110382045806336,0],[121.78681822807974,25.110543581259044,0],[121.78693665649138,25.11064837390296,0],[121.78709916861499,25.110777987624065,0],[121.78736349158416,25.110986589289286,0],[121.78736118540505,25.110993205770946,0],[121.7874820966425,25.111101177003903,0],[121.7876116979724,25.11120527279984,0],[121.78771228994349,25.11128465519223,0],[121.78802124195364,25.111515327521722,0],[121.78839148492511,25.11179331436449,0],[121.78867923696687,25.11201050683705,0],[121.78903240789407,25.112273981242,0],[121.7892243269326,25.112418365720767,0],[121.7892243269326,25.112418365720767,0],[121.78940581918717,25.112522153823317,0],[121.7898285939306,25.112764772266814,0],[121.79004635604343,25.112872959146465,0],[121.79019690152377,25.112951900826342,0],[121.79029467127154,25.11300291473889,0],[121.79056145921167,25.113104203244554,0],[121.79060778978103,25.113115381987978,0],[121.79076599888603,25.11317108933926,0],[121.79092953802746,25.113212219394047,0],[121.79123944429071,25.11330012231531,0],[121.79145729307837,25.11334903989117,0],[121.7918541307593,25.11339292411606,0],[121.79210702782437,25.113414031634512,0],[121.79238245393887,25.113436789370432,0],[121.79265970340958,25.11346100305202,0],[121.79278522206603,25.113457001330335,0],[121.79294360941871,25.113448754302038,0],[121.79301742264317,25.113442727694434,0],[121.79309792268839,25.11344205316451,0],[121.7932430481702,25.113432319187382,0],[121.79331603916442,25.113423268524755,0],[121.79343952012762,25.11341123441664,0],[121.79349463796042,25.113405144412518,0],[121.79349463796042,25.113405144412518,0],[121.79373738953242,25.11337454155189,0],[121.7939214679297,25.113346511576523,0],[121.79404315193402,25.11332679117101,0],[121.7941708587886,25.113306251831197,0],[121.79429357947461,25.113285096662022,0],[121.79440598282567,25.11326817422366,0],[121.79451897544128,25.113250587117324,0],[121.794668851444,25.1132265083473,0],[121.79485721796617,25.11318904200879,0],[121.79504505752169,25.11315181420119,0],[121.79513565234512,25.113143224217435,0],[121.7952527795561,25.11313813191653,0],[121.79558383388513,25.113095324861764,0],[121.79564946616289,25.113083280559486,0],[121.7961010801596,25.11296074468953,0],[121.79611155357384,25.112961505708288,0],[121.7964860739993,25.112866829952875,0],[121.79668116508569,25.11283572087602,0],[121.7968818174346,25.112822342000868,0],[121.79766448768886,25.11273822994414,0],[121.7978807593159,25.11259616826329,0],[121.7980413100793,25.112307490075086,0],[121.7980413100793,25.112307490075086,0],[121.79811246932023,25.11215601023659,0],[121.79836236443688,25.11171524075146,0],[121.79854460052394,25.111399007821113,0],[121.79886610989696,25.11083247651936,0],[121.79919442497506,25.11034196352073,0],[121.79943247413195,25.10988280789237,0],[121.79957875584573,25.10948627846535,0],[121.79961985601233,25.109372997302327,0],[121.79969939709827,25.109230652662895,0],[121.7998778892222,25.109031534604167,0],[121.79998839123057,25.10890826293975,0],[121.800079005281,25.10885943967491,0],[121.80022311894537,25.108781790381222,0],[121.80044295769196,25.1086728057806,0],[121.80085250280906,25.10857357402529,0],[121.80108897800851,25.10849900403387,0],[121.80108897800851,25.10849900403387,0],[121.80108897800851,25.10849900403387,0],[121.80108897800851,25.10849900403387,0],[121.80108897800851,25.10849900403387,0],[121.80108897800851,25.10849900403387,0],[121.80108897800851,25.10849900403387,0],[121.80137127681411,25.108409983437365,0],[121.80155230426668,25.108354439690995,0],[121.80175824676147,25.108304397459168,0],[121.80186100882518,25.108270104594865,0],[121.8022406230451,25.10815429028671,0],[121.80264222209307,25.108035027249322,0],[121.80342918241904,25.10780824587628,0],[121.80360482661861,25.107752466583676,0],[121.80446121791292,25.10747420797725,0],[121.80479438540097,25.10736185595761,0],[121.80491364153947,25.107315567617253,0],[121.80508737812178,25.10724580472621,0],[121.80522747550621,25.107180565693778,0],[121.80558658551212,25.106997674233536,0],[121.80579598627662,25.106892299250223,0],[121.8060696881562,25.106759967026814,0],[121.80640962020033,25.10656721368244,0],[121.806563878795,25.106463866620444,0],[121.80657419807191,25.106456953107624,0],[121.80657419807191,25.106456953107624,0],[121.806641400886,25.106395786766218,0],[121.80671288888469,25.10633879031118,0],[121.80678835061448,25.106286212055558,0],[121.80686745731106,25.106238281063536,0],[121.80694986433154,25.106195206152613,0],[121.80703521265599,25.106157174983846,0],[121.8071231304515,25.10612435324445,0],[121.8071231304515,25.106124353244446,0],[121.80714682017836,25.10612345549157,0],[121.80717052569972,25.10612388599348,0],[121.80719415727192,25.106125643120365,0],[121.80721762543114,25.10612872022012,0],[121.80724084133229,25.10613310564353,0],[121.80726371708518,25.106138782788353,0],[121.80728616608741,25.106145730162186,0],[121.80746823391361,25.106223002469726,0],[121.80766148363547,25.106339966520142,0],[121.80784415356555,25.106456897796726,0],[121.80788235618195,25.106481352123577,0],[121.8080301936754,25.106608845424816,0],[121.80813906646266,25.10671196789906,0],[121.80834967498977,25.106928879342366,0],[121.80849420555813,25.10710048933117,0],[121.80862806790122,25.107224809437728,0],[121.80887308874841,25.107384853594027,0],[121.80913303469781,25.10758620264797,0],[121.80938943597279,25.107723517549015,0],[121.80944870609547,25.10775604332459,0],[121.80955501650568,25.10780817719305,0],[121.80965142988528,25.10785619343059,0],[121.80982745884484,25.10793893728926,0],[121.80996661725256,25.108037957265612,0],[121.81009971746387,25.108093298505153,0],[121.81009991437612,25.10809333490952,0],[121.81038991984383,25.108146949678144,0],[121.81063112233765,25.10817735684,0],[121.81087091033127,25.108204131812094,0],[121.81112712908643,25.10823164523322,0],[121.81124871124474,25.108245011960125,0],[121.81154392452206,25.10826116823241,0],[121.81162579976042,25.108264967846768,0],[121.81168006929063,25.108271717726915,0],[121.81203857085035,25.10829361748945,0],[121.8121564023817,25.108298814922055,0],[121.81230902009388,25.10830638437528,0],[121.81238836145661,25.10831196428124,0],[121.812592193707,25.10832266178966,0],[121.81270967261669,25.1083287642433,0],[121.81298124143106,25.108342412762156,0],[121.81304455223412,25.108349982712735,0],[121.81308178795159,25.108358732769304,0],[121.81321662788338,25.108389311657525,0],[121.81343814860357,25.108495940399187,0],[121.81364606292036,25.10859334232033,0],[121.81388495906924,25.1087128856226,0],[121.8139137960598,25.108723791507924,0],[121.81395681809477,25.10873364134389,0],[121.81412106325573,25.108807101954046,0],[121.81424125741232,25.108840551922803,0],[121.81436635563898,25.10890367862654,0],[121.8144603073592,25.10897045566065,0],[121.81446373392856,25.10897134421638,0],[121.8148632759412,25.109110113913722,0],[121.81509412729075,25.109166002802063,0],[121.81539812883831,25.10917959471475,0],[121.8156529715305,25.109167277400168,0],[121.8159891335367,25.109111121435834,0],[121.81620960516209,25.109067248168753,0],[121.81633031563955,25.109028326980287,0],[121.81645317950489,25.108979906769484,0],[121.8166473470472,25.108904400865278,0],[121.8168201434449,25.108826340006967,0],[121.81693841759478,25.10877657948036,0],[121.81707153705571,25.10869476451629,0],[121.817201780023,25.108626849373373,0],[121.81723685393612,25.10861723800967,0],[121.81726735294458,25.108601255385366,0],[121.81745394731179,25.10846357628194,0],[121.8177478554054,25.108219347727786,0],[121.81785351350334,25.108089937217603,0],[121.81795325504433,25.107946396215596,0],[121.81811726689229,25.107718896426302,0],[121.81825023775812,25.1075215191506,0],[121.81838908428699,25.10731421893457,0],[121.81848095624837,25.10720978298985,0],[121.8187900452577,25.106597990780397,0],[121.81889388205916,25.10639655144359,0],[121.81889401622789,25.106396291528736,0],[121.81909874165487,25.10599969110651,0],[121.81909952471013,25.105998558749263,0],[121.81912795774512,25.105957442409704,0],[121.81917229323804,25.10588899743927,0],[121.81922611151737,25.10581550431216,0],[121.81938793932802,25.105664930609816,0],[121.8195226361589,25.105542878480804,0],[121.81962155639248,25.105462248363143,0],[121.81975159452705,25.105360545425416,0],[121.8198091186586,25.105314409780036,0],[121.8201375440434,25.105067565600823,0],[121.82026250946446,25.1049721110004,0],[121.82044003029726,25.10483630950242,0],[121.82071698542465,25.10462665818351,0],[121.82096057013726,25.10443609864402,0],[121.82114005565536,25.104293112861555,0],[121.82126254818154,25.104213326447127,0],[121.82132375916257,25.10417162260974,0],[121.82140879597834,25.10411645849804,0],[121.82153745355427,25.10407048723885,0],[121.8217791449955,25.104015944075275,0],[121.8219114493344,25.10402366859821,0],[121.82202703872356,25.10404546607304,0],[121.8222646980615,25.104093704984418,0],[121.82235787079476,25.104152297946644,0],[121.82245555216522,25.104229067193092,0],[121.82257130301724,25.104334981619033,0],[121.82264496294191,25.104440402334212,0],[121.82278415610892,25.10464552780465,0],[121.82300646271244,25.105002777060403,0],[121.8231051569819,25.10515603888119,0],[121.8233294016134,25.10549267265746,0],[121.82348294379203,25.105713573111593,0],[121.82361181191334,25.105887389676063,0],[121.8236807335006,25.105967617688833,0],[121.82377049660114,25.10606640539672,0],[121.82392426196003,25.106216518176637,0],[121.82402769299559,25.1063057739201,0],[121.82410912555501,25.106367401708077,0],[121.82415454141315,25.106405795142805,0],[121.8241974446972,25.10643399936954,0],[121.82441601503874,25.10661661719863,0],[121.8246341797016,25.10676527289588,0],[121.82484824742198,25.106856042959937,0],[121.82501813339127,25.106926875406632,0],[121.82511625092104,25.106954265827564,0],[121.8255570716443,25.107080991135007,0],[121.82591246585065,25.107181239247698,0],[121.82597877675802,25.107211140612403,0],[121.82605755555721,25.107226933011674,0],[121.82610441993825,25.107238737805034,0],[121.82617425855463,25.107247278167687,0],[121.82625621555398,25.107272300164514,0],[121.82627104037756,25.10727867180061,0],[121.82640220569681,25.107285283683257,0],[121.82655960653629,25.107293584914512,0],[121.82664581589206,25.107301263546095,0],[121.82672563230967,25.107305647383477,0],[121.82681892120539,25.107294875330464,0],[121.82707074198488,25.10728928351752,0],[121.82710315760724,25.107289485753366,0],[121.82730761510304,25.107205216970794,0],[121.8274892712562,25.107129864919887,0],[121.82761243512164,25.10707200488303,0],[121.82778361998218,25.106996710917173,0],[121.82799227954844,25.10688690588958,0],[121.82811878409237,25.106825215007884,0],[121.8281407389309,25.106813918672874,0],[121.82824504915725,25.10675615343267,0],[121.82869471595225,25.106516472294345,0],[121.8290818487972,25.10633968380522,0],[121.82925039618227,25.106261244848408,0],[121.82943187408642,25.106173352949263,0],[121.82931354175933,25.10597943113677,0],[121.82942362059539,25.105925160180526,0],[121.82955995365771,25.105854697178557,0],[121.82966374726438,25.105803935813075,0],[121.82972073967457,25.10577666638642,0],[121.82980469196923,25.105730344781918,0],[121.82986062905975,25.105697505572348,0],[121.82991450489928,25.10566281268282,0],[121.8299795009896,25.10561319582695,0],[121.83002516518532,25.10557205558497,0],[121.83006677759205,25.105533710864446,0],[121.83011236018,25.105480492172624,0],[121.83014577262097,25.10543941049976,0],[121.83018519746389,25.105382495866614,0],[121.83023163437558,25.1053051046213,0],[121.8302668694554,25.105230558906907,0],[121.8302882198463,25.105174004768905,0],[121.83031119703291,25.105098600061602,0],[121.83032996392828,25.105006482043567,0],[121.83033564456875,25.10493954261355,0],[121.83033986116405,25.104808486585263,0],[121.83034112979371,25.104524441245623,0],[121.8303440840022,25.10435714565868,0],[121.83035951516378,25.104070497508047,0],[121.83038076595088,25.103909851512324,0],[121.83038559329675,25.10387335898632,0],[121.83043756868834,25.1036480764138,0],[121.83046100806766,25.103579548873952,0],[121.8305116899996,25.10349843998257,0],[121.83060306597065,25.103376685211316,0],[121.83075561507017,25.103207960795483,0],[121.83075561507017,25.103207960795483,0],[121.83075561507017,25.103207960795483,0],[121.83087625286912,25.10309339953265,0],[121.83094518290159,25.103030912724257,0],[121.8310774741939,25.102921498084445,0],[121.83129756285598,25.102763556105597,0],[121.83133318146612,25.102740599251902,0],[121.8313522824855,25.10272994378095,0],[121.83142516864679,25.102689284321503,0],[121.83154611366977,25.10262399488156,0],[121.83174713848335,25.102514563071846,0],[121.83197619219268,25.10239446164762,0],[121.83213986931733,25.102321096368005,0],[121.83235177518281,25.102225394024313,0],[121.83243501577714,25.10218918739475,0],[121.83251890973995,25.102140177177255,0],[121.83261000283234,25.102086479995332,0],[121.83265071982115,25.102062478279123,0],[121.83272296107378,25.10200983260881,0],[121.83291123107777,25.10187894514,0],[121.83297620377131,25.101836393220477,0],[121.83308643289588,25.101742941284463,0],[121.8331646815689,25.10167950721701,0],[121.83324509246981,25.101611005378217,0],[121.83327165974639,25.10158827317299,0],[121.83336087622821,25.10150525476782,0],[121.83339641784333,25.10147259396238,0],[121.83344971626506,25.101420933332054,0],[121.83350351361636,25.101359798568264,0],[121.83359497521691,25.10125563063766,0],[121.83365454069597,25.10118236257428,0],[121.8337068712149,25.1011186556335,0],[121.83377167234384,25.10101009575841,0],[121.8338110044634,25.10094195350166,0],[121.83389552773174,25.10080395731105,0],[121.83396240424032,25.10064908731293,0],[121.83402763281903,25.100496096138343,0],[121.83406552672405,25.100407370385216,0],[121.83409961112568,25.10029205649621,0],[121.83413929380555,25.100157802301634,0],[121.83414920368641,25.100125329525508,0],[121.83414920368641,25.100125329525508,0],[121.83414920368641,25.100125329525508,0],[121.83414920368641,25.100125329525508,0],[121.83428406465889,25.099744957996585,0],[121.83429186622669,25.099705477091398,0],[121.83436458441925,25.099258926336358,0],[121.83435913161213,25.099018333619547,0],[121.834326873243,25.098857145796966,0],[121.83414868287544,25.098491696208967,0],[121.8337849547353,25.09781898624084,0],[121.83366951670209,25.09762317541299,0],[121.83359951752074,25.097516601767552,0],[121.83353286055355,25.097431860628053,0],[121.83342297760875,25.097192266156316,0],[121.83331625338771,25.09691441571897,0],[121.83319139368788,25.09658752371604,0],[121.83309267678109,25.096407863713452,0],[121.8329483515117,25.096168422786423,0],[121.83283898670689,25.095954083083573,0],[121.83272285932827,25.095761922126393,0],[121.83263081017313,25.0955874343249,0],[121.83254933685068,25.09538242466609,0],[121.83250680491204,25.095272027282427,0],[121.83247785354632,25.095120448376168,0],[121.83241679715127,25.09485840918772,0],[121.83239987394305,25.094465170489737,0],[121.83240406449549,25.094107094321743,0],[121.83242858631448,25.093676963712085,0],[121.83246194310419,25.093189637926542,0],[121.8324443129281,25.092889787210176,0],[121.83233199729958,25.09250754256505,0],[121.83212834998251,25.091884553749544,0],[121.83209349033966,25.09181818043482,0],[121.83177848332133,25.091311696627315,0],[121.8316383541142,25.09108993820153,0],[121.83160582067472,25.091040128285254,0],[121.83136813973522,25.090736797461417,0],[121.83130918930301,25.090660236514875,0],[121.83106043419014,25.090386943961565,0],[121.83097455402816,25.090310402947797,0],[121.83077829485694,25.09013999335693,0],[121.83058444272616,25.089996244907944,0],[121.83037594630449,25.089877552684545,0],[121.82998969611816,25.08968603072135,0],[121.8297689483079,25.089543604111558,0],[121.82964014143778,25.08945294426725,0],[121.8295257960992,25.089377764397415,0],[121.8294466582311,25.089325217550204,0],[121.8294036997325,25.089272689528375,0],[121.8292330942165,25.08909130136096,0],[121.8291587133955,25.088986761993144,0],[121.82906550380574,25.088858084215936,0],[121.82849167580545,25.089133989445,0],[121.82859468558054,25.089281206576867,0],[121.82870189329302,25.08938850613509,0],[121.82886158473771,25.089573435420853,0],[121.82898267807273,25.08967871658685,0],[121.82915298492574,25.08981103393177,0],[121.82944416778079,25.089983306729334,0],[121.82961313546748,25.09008407128914,0],[121.82980319705919,25.09019468572109,0],[121.8301251449547,25.090438674820813,0],[121.8302897133763,25.090559967907794,0],[121.83061067219906,25.090826117104776,0],[121.83075395894475,25.090923823890332,0],[121.83091410066105,25.09107342083436,0],[121.83106465327762,25.091377064947636,0],[121.83124945317697,25.091754392917622,0],[121.83133985468419,25.091932800025255,0],[121.83143416382096,25.092130245724142,0],[121.83152692414205,25.092358034777874,0],[121.83158255555853,25.092542924616076,0],[121.83161182881972,25.09271724894891,0],[121.83163562389599,25.093192842071655,0],[121.83163563682967,25.093194272369804,0],[121.83164402041206,25.094121368410903,0],[121.83166179951934,25.094361311394792,0],[121.83173548608913,25.09462427831575,0],[121.83179298768873,25.09485350912384,0],[121.83196430529604,25.09535609698402,0],[121.83207312259083,25.095714003848716,0],[121.83213021358054,25.095887652885885,0],[121.83224962114818,25.096222836713064,0],[121.83249971010788,25.09691661725679,0],[121.83262445430262,25.097254098952195,0],[121.83271407604846,25.097521620872747,0],[121.83277104148715,25.097616857044223,0],[121.83288609569156,25.097739280756624,0],[121.83299827853254,25.097835135987943,0],[121.8330545798518,25.09791923926595,0],[121.83307597369435,25.097943233050575,0],[121.83314122434138,25.098175465580653,0],[121.83328171932142,25.09858235211337,0],[121.8333249530758,25.098712391063927,0],[121.8333609603875,25.098960778219364,0],[121.83339355424128,25.099478595454535,0],[121.83339420760558,25.09957764960418,0],[121.83334407787466,25.099738374854372,0],[121.83329712413754,25.099917903719334,0],[121.83325394660092,25.100077098200995,0],[121.83320370861976,25.100207639130026,0],[121.8331616536499,25.100315326026536,0],[121.83310993069374,25.100409822227245,0],[121.8330162096688,25.100581047161914,0],[121.83296880287621,25.100651249018167,0],[121.83290665240482,25.100735522319102,0],[121.83285156691576,25.10081244520441,0],[121.83280371894817,25.100879261323655,0],[121.83276186313338,25.10092502109467,0],[121.83265206373466,25.10104667085249,0],[121.83248882019738,25.101190230973568,0],[121.83241977214507,25.101252107909367,0],[121.83240350524603,25.101263857086995,0],[121.83240118733131,25.101265531258957,0],[121.8322321555104,25.101389320637743,0],[121.83214860829737,25.10146862258535,0],[121.83202620697851,25.101536097617558,0],[121.83186468388882,25.101625623340116,0],[121.83167106498155,25.101734000203873,0],[121.83156910859095,25.101787891730034,0],[121.8315315398118,25.10180775241071,0],[121.83146159403005,25.10184188251115,0],[121.83137856876857,25.101869693044115,0],[121.83128463883222,25.10192370464356,0],[121.8312574827936,25.1019393198913,0],[121.8312106754542,25.10196894044787,0],[121.83108886883622,25.102052187678098,0],[121.83090575455824,25.102190926433295,0],[121.83066602620514,25.10240915704778,0],[121.83055423050547,25.102512210451113,0],[121.83046686984486,25.102601593180236,0],[121.83040213687758,25.102679808652386,0],[121.83034464442021,25.10275052077864,0],[121.83031052854355,25.10280182959989,0],[121.83028928149298,25.102833784231297,0],[121.83017851059444,25.102993737088788,0],[121.83011629960136,25.103102944390567,0],[121.83004684646357,25.103237726750294,0],[121.82997256711836,25.10338743068352,0],[121.8298966499928,25.1035409214666,0],[121.82984048701806,25.103708240807862,0],[121.82978787333302,25.103885423243327,0],[121.82975706755346,25.10403464114542,0],[121.82974511849288,25.10406880254923,0],[121.82972959717827,25.104171601846282,0],[121.82971738168547,25.104264543679843,0],[121.82970917926043,25.104400215649672,0],[121.82970242558149,25.104558637263278,0],[121.82970612679975,25.104656963567454,0],[121.82971990000974,25.104747545029582,0],[121.82973706881187,25.104839634780852,0],[121.82974991302517,25.104944659716523,0],[121.82973557242958,25.105047949909046,0],[121.8297010587136,25.105166447063908,0],[121.82963014773507,25.105279934114236,0],[121.82955278209586,25.105380385144105,0],[121.82931183320792,25.10558924108128,0],[121.82913657750616,25.105725631205285,0],[121.8289979061968,25.10581011479672,0],[121.82878903602527,25.10591869233146,0],[121.82847152253078,25.10607975592913,0],[121.8283134709029,25.106161064872577,0],[121.82811485468874,25.10626489845187,0],[121.82811477277444,25.106264941275345,0],[121.82795879274887,25.10633933290333,0],[121.82793603798793,25.10634816580317,0],[121.82793603798793,25.10634816580317,0],[121.82771555672721,25.10643106514469,0],[121.82767516796764,25.10644500742344,0],[121.82753150141008,25.10648149478537,0],[121.8274218040165,25.106503706625094,0],[121.82727441961957,25.10653280141052,0],[121.82693742801152,25.106581310871327,0],[121.82692174614232,25.10658098518859,0],[121.82675750409645,25.106585417829134,0],[121.82661866430244,25.10658953243994,0],[121.82647270751049,25.106579596086366,0],[121.82643386138545,25.106574199236523,0],[121.82641956883229,25.10657388482926,0],[121.82640661480221,25.106573313855545,0],[121.82639207681163,25.106573196833583,0],[121.8263573729151,25.106570961969506,0],[121.82629722831649,25.106563382067737,0],[121.82615480389089,25.106539212551258,0],[121.82600772407764,25.106503905816787,0],[121.82584701299422,25.106445836917977,0],[121.82558890530514,25.106359170860053,0],[121.8254866168817,25.10631889462656,0],[121.82535880766227,25.106252699532742,0],[121.82526389047972,25.10621294191399,0],[121.82512403060781,25.10612432148473,0],[121.82499561139964,25.106054740090663,0],[121.82485059511241,25.10595933568339,0],[121.82450746385476,25.105697620833762,0],[121.82436498268979,25.105573397771256,0],[121.82422360785739,25.10545366671647,0],[121.82404599878508,25.105270949359465,0],[121.82397798945537,25.105209446019973,0],[121.82386488737627,25.105087165456716,0],[121.82363929278468,25.104820094598562,0],[121.82360998438104,25.104779602757613,0],[121.82350837996727,25.104633824612964,0],[121.82318648916626,25.10407465634305,0],[121.8231104868852,25.10396988097772,0],[121.82298010096275,25.10381730860626,0],[121.8228505011967,25.10371933914924,0],[121.82274223701573,25.103632239493432,0],[121.82266884094555,25.103591554852922,0],[121.82252558042381,25.103518065456868,0],[121.82238792561385,25.103467598354307,0],[121.82234365075027,25.10346262585735,0],[121.8221652966146,25.103418055151742,0],[121.82208441435832,25.103406749058784,0],[121.82203365343008,25.103398568210718,0],[121.82194132804581,25.103387148915502,0],[121.82184714315099,25.10338139092593,0],[121.82175780974337,25.103379511628887,0],[121.82172529296744,25.103383676062982,0],[121.82148833864726,25.103428931385793,0],[121.82140986840031,25.10343460401449,0],[121.82126670615891,25.103479811147988,0],[121.82125744432561,25.103482735802498,0],[121.82107300948138,25.103564682189887,0],[121.82091087305542,25.103666220451142,0],[121.82081590912853,25.103729954211705,0],[121.82045019380647,25.10397775777064,0],[121.82029479503417,25.10406867780963,0],[121.82024738653725,25.104109320322323,0],[121.82006884467735,25.104234136817947,0],[121.81997937427012,25.104303717642054,0],[121.81989432497373,25.10435377800601,0],[121.81957603805007,25.10457038831515,0],[121.81946158206117,25.104658988490037,0],[121.81920927700668,25.104883785008152,0],[121.819094018407,25.105019570874305,0],[121.81909301006928,25.105020681685257,0],[121.8189979892417,25.105125358970337,0],[121.81886439418395,25.10529576688876,0],[121.81872186766431,25.10544760883773,0],[121.81857775365289,25.105629074413134,0],[121.81851201407635,25.105691150007207,0],[121.81846472120051,25.10574126759541,0],[121.81824902735723,25.10597167653579,0],[121.81802462420063,25.1063035303657,0],[121.81796439245834,25.106401422048403,0],[121.81796432348324,25.106401534150105,0],[121.81789015370421,25.106533229708102,0],[121.81774550002507,25.106784561569896,0],[121.81764314941475,25.10696218691704,0],[121.81753229228492,25.1071155106494,0],[121.81733891241703,25.107364933751985,0],[121.81710872724183,25.107706463473125,0],[121.81703031900533,25.10779589501913,0],[121.8168958369994,25.107945437697193,0],[121.81674709857337,25.10808841411694,0],[121.81656141826181,25.1082210383855,0],[121.81646399188492,25.10827518358998,0],[121.81633101848854,25.108345540839068,0],[121.81604163775106,25.10843985878712,0],[121.81580206544845,25.108491663980335,0],[121.81555388026918,25.10851692034621,0],[121.8152147349405,25.108534679053605,0],[121.81503151567516,25.108514193856582,0],[121.8147476631912,25.108482294699666,0],[121.81463832008197,25.108444143631875,0],[121.81439061987885,25.108350859086205,0],[121.81423645835346,25.108252990224877,0],[121.8140875300735,25.10814621789258,0],[121.81384242966709,25.10807798809337,0],[121.8137770358776,25.108059832354122,0],[121.81343688350883,25.107967206992416,0],[121.81323377219397,25.107911402443023,0],[121.81286957364804,25.10780944078683,0],[121.8126583251015,25.107745180376106,0],[121.81243710698246,25.107709508187202,0],[121.81203076703802,25.107717249067203,0],[121.8113987839599,25.107736229717997,0],[121.81121301442325,25.107704213054284,0],[121.81074849849344,25.107618692222275,0],[121.81049764039001,25.10755788614988,0],[121.81022122949052,25.10749287809144,0],[121.810095697521,25.107453399916977,0],[121.81008928864864,25.107451384406268,0],[121.80998260864548,25.10742496103236,0],[121.80975708195054,25.10729141880852,0],[121.80961597949151,25.107169689118354,0],[121.80930384153889,25.10690958195818,0],[121.80893896986723,25.10645092969786,0],[121.80893896986723,25.10645092969786,0],[121.80881002794897,25.1063338265424,0],[121.8084989980043,25.106056519619578,0],[121.80818478357688,25.10579317586389,0],[121.80818478357688,25.10579317586389,0],[121.80809794639782,25.10574684326743,0],[121.80800795131941,25.1057058098704,0],[121.80791518784926,25.105670253268503,0],[121.80791518784926,25.1056702532685,0],[121.80782054056417,25.10564045524199,0],[121.80772395950385,25.105616344321163,0],[121.80762585636135,25.10559802328305,0],[121.80752664931725,25.105585570224314,0],[121.80742676125716,25.10557903822846,0],[121.80732661796951,25.1055784551395,0],[121.80722664633046,25.10558382344331,0],[121.8071272724848,25.105595120257007,0],[121.80702892002931,25.105612297426482,0],[121.80693200820747,25.105635281731647,0],[121.80671114986654,25.10573294779995,0],[121.80644705388906,25.10584965341871,0],[121.80630715177453,25.105913645393684,0],[121.8059988393049,25.106085465241996,0],[121.8057842441379,25.106197513157685,0],[121.80558605777541,25.106288516764142,0],[121.80517389630177,25.10646713917773,0],[121.80516330741835,25.10647147758597,0],[121.8048710500841,25.10659121893855,0],[121.8048710500841,25.10659121893855,0],[121.80463978858366,25.10668820982925,0],[121.80440264820668,25.106772615762498,0],[121.80413275858388,25.10685210364753,0],[121.80381915269794,25.106944604191664,0],[121.80377470162126,25.10695755828921,0],[121.80377296023465,25.106958228957833,0],[121.80377296023465,25.106958228957833,0],[121.80355302885825,25.10704293196846,0],[121.80353294388266,25.107056228850634,0],[121.80348255025666,25.10707555211992,0],[121.8032649403081,25.10717041637758,0],[121.80304499177568,25.107242782601986,0],[121.80271376787238,25.107352282297892,0],[121.80231345892246,25.10745852249053,0],[121.80202524255584,25.107533298180517,0],[121.80158606831561,25.10765727617269,0],[121.80140186288385,25.107708597806308,0],[121.80124128884589,25.10775598233488,0],[121.80108441040895,25.107798055108113,0],[121.80108441040895,25.107798055108113,0],[121.80050773096058,25.10796093634978,0],[121.80028321824649,25.108024659935335,0],[121.80013323367588,25.10806223662445,0],[121.79959448889686,25.10823964623459,0],[121.79930293663104,25.1083174073032,0],[121.79926183516942,25.10836747984619,0],[121.79916947562288,25.108556299335437,0],[121.79916947562288,25.108556299335437,0],[121.79916947562288,25.108556299335437,0],[121.79916947562288,25.108556299335437,0],[121.79880389530452,25.10921003113617,0],[121.79880389530452,25.10921003113617,0],[121.79880389530452,25.10921003113617,0],[121.79855326961784,25.109657510616863,0],[121.79837222617829,25.109974792401704,0],[121.7982112955619,25.110219138270036,0],[121.7980060967609,25.110555283010495,0],[121.79790008563648,25.110731348666956,0],[121.79766718285204,25.11106571746768,0],[121.79742241564455,25.111373167502634,0],[121.79719757253821,25.111502587905314,0],[121.79699461539983,25.11161941015387,0],[121.7968033906935,25.111729478754633,0],[121.7963331002616,25.11196236625798,0],[121.79625491900538,25.11199664356899,0],[121.7961364246717,25.11204953966597,0],[121.7960868470848,25.11206924866203,0],[121.79586905045167,25.11216582053713,0],[121.79562062807524,25.112249489375817,0],[121.795589129256,25.11225922796404,0],[121.79542444834331,25.112306970547582,0],[121.79535234029274,25.112324765110408,0],[121.79534053544002,25.112327677759993,0],[121.79519462548005,25.11234651214157,0],[121.79507440032445,25.11235854239352,0],[121.7949980121878,25.11237322837958,0],[121.79471984880794,25.11242201049721,0],[121.79471984880794,25.112422010497212,0],[121.79405140460027,25.11251014703765,0],[121.79337896271485,25.1125678093369,0],[121.792704198203,25.11259485374625,0],[121.79257267173534,25.112593079304922,0],[121.79229983387071,25.11258581360066,0],[121.7921192868306,25.112579720399555,0],[121.7921192868306,25.112579720399555,0],[121.79210164497661,25.11257878949349,0],[121.79210164497661,25.112578789493494,0],[121.7919467378217,25.112565942654623,0],[121.79179293617936,25.112544777828774,0],[121.79164077837774,25.112515369095178,0],[121.79149079699039,25.112477819387887,0],[121.7913435169719,25.112432260135503,0],[121.79119945382028,25.112378850801036,0],[121.7911289887449,25.112347973616483,0],[121.79055107087542,25.11205691509659,0],[121.79020935367531,25.111862744126977,0],[121.79011383607946,25.111805958473504,0],[121.7899938735439,25.11173001161962,0],[121.78920099262042,25.111227405491224,0],[121.78852637654292,25.11079069146114,0],[121.78826805119952,25.110630220280154,0],[121.7876925270877,25.110247972635676,0],[121.78755946599733,25.110104035034094,0],[121.78729711994069,25.109768460792207,0],[121.78702923478096,25.10934157411374,0],[121.78698557695269,25.109250115648635,0],[121.78685001597205,25.10896278360628,0],[121.78684031640599,25.108936730163922,0],[121.78673187348559,25.108702374123514,0],[121.78671876131361,25.108672260511,0],[121.78671876131361,25.108672260511,0],[121.78668373426163,25.10859813331499,0],[121.78665435596305,25.108521998904774,0],[121.78663076392363,25.108444213656128,0],[121.7866130685636,25.10836514167156,0],[121.78660135270107,25.10828515307592,0],[121.78657286189853,25.10814921446159,0],[121.78650883949004,25.10793136683081,0],[121.78647465093243,25.107814691429304,0],[121.78640241497385,25.10760844592078,0],[121.78628454304922,25.10723210062644,0],[121.78618323820426,25.10700318231023,0],[121.78598411387145,25.10658744033695,0],[121.78598411387145,25.10658744033695,0],[121.78597701655856,25.106574407698076,0],[121.78585365131997,25.10634787432205,0],[121.7857257028477,25.106100193792237,0],[121.78548885668678,25.105723373021565,0],[121.78539181293617,25.105569732072478,0],[121.7851481364083,25.105185457400424,0],[121.78490920727126,25.104813474962903,0],[121.78470855879452,25.104493951749816,0],[121.78458292936683,25.104304304633498,0],[121.784531703123,25.104212156826552,0],[121.78450423449816,25.104158675414062,0],[121.7844618335864,25.104028217297408,0],[121.78442871230858,25.103901616040652,0],[121.78441524634371,25.103830522877473,0],[121.7844159672678,25.10377267761194,0],[121.78444876292166,25.103381530953875,0],[121.78446750914502,25.103134218430448,0],[121.78448864883335,25.102968191048312,0],[121.78452307675926,25.10259458369056,0],[121.78457194801227,25.102083712102903,0],[121.78460375296059,25.10176230578313,0],[121.78460913570912,25.10172162622308,0],[121.78461434130111,25.101651686567106,0],[121.78462697075491,25.101502526297345,0],[121.78462800897938,25.101381586544537,0],[121.78461639510157,25.101282569452575,0],[121.78459103832687,25.101189800520213,0],[121.7845457663307,25.101060878344665,0],[121.78452519526941,25.101013707298364,0],[121.78447689400726,25.100920083883775,0],[121.78442490950177,25.100841419499815,0],[121.78438324686573,25.10079234676073,0],[121.78430728087947,25.10071827983915,0],[121.78426082269361,25.100681304545624,0],[121.78417476385074,25.10063778044428,0],[121.78397400362284,25.1005567814623,0],[121.7838687460137,25.100523837210993,0],[121.78380691727192,25.100507357040325,0],[121.78373067646928,25.10049396697087,0],[121.78361171022607,25.10048380768293,0],[121.78350542914855,25.10047690721706,0],[121.78334779187237,25.100493319810337,0],[121.78318822233614,25.100517489746153,0],[121.7830110871872,25.100548288095403,0],[121.7830110871872,25.100548288095403,0],[121.78291693862587,25.10059839911435,0],[121.78280459286,25.100654138533457,0],[121.78271327666792,25.10069088980382,0],[121.78264969102896,25.10071588788826,0],[121.7825115832489,25.100767269467365,0],[121.78240255621732,25.10080686912832,0],[121.78230304987851,25.100850275153952,0],[121.78219087860784,25.100897150404528,0],[121.78210180235193,25.10092726827202,0],[121.78199731702453,25.1009505164388,0],[121.78188111602434,25.10097930525088,0],[121.7817772506503,25.10100069954341,0],[121.78168445270443,25.101002612902995,0],[121.78162747557509,25.10099569380867,0],[121.78155981003076,25.100982730837945,0],[121.78152569744283,25.1009732947454,0],[121.78149941850312,25.10096999111442,0],[121.78121794441236,25.100927887501282,0],[121.78114078232433,25.100914761511774,0],[121.78104309935264,25.100899836518202,0],[121.78096366541479,25.1008834675106,0],[121.78091750298105,25.100878140980225,0],[121.78072894405518,25.100849169433616,0],[121.7805562899213,25.100821916107904,0],[121.7803730616827,25.100790254429405,0],[121.78029619409554,25.100776755749763,0],[121.78018583158973,25.100754166297463,0],[121.77989329996946,25.10069812511792,0],[121.77964667130105,25.10064466256352,0],[121.77941052177256,25.100600282222054,0],[121.77923404293372,25.100570243139273,0],[121.77890929559453,25.10050890984032,0],[121.7787038834687,25.100475557266428,0],[121.77858245543459,25.100449389261506,0],[121.7784641345903,25.10042896698362,0],[121.77835441199217,25.100412784477225,0],[121.7782530163529,25.100401297800136,0],[121.7781269036295,25.100394754359595,0],[121.77803100503981,25.100389935713427,0],[121.77793988473971,25.10039009844682,0],[121.77788024351611,25.10039522710346,0],[121.77777526234978,25.10040717363944,0],[121.7776613918484,25.10041935325485,0],[121.7775524067579,25.10042772445319,0],[121.77743562876583,25.10043874490638,0],[121.77738689597653,25.100445130594338,0],[121.77730646639301,25.10045801443929,0],[121.77721563510569,25.10047506141319,0],[121.77710881720029,25.100492897234073,0],[121.77697797462746,25.10051665500344,0],[121.77689024782704,25.100530339790115,0],[121.77676536270485,25.100554495013718,0],[121.7767284267795,25.100567568425763,0],[121.77664271556662,25.10059747387928,0],[121.77646091451597,25.100706518501735,0],[121.77636092099812,25.100778688602354,0],[121.7762148886397,25.100883415419077,0],[121.77619267571265,25.100904169740193,0],[121.77607445634565,25.10101538040795,0],[121.77594790750402,25.1011471749574,0],[121.77579655037235,25.101327238923812,0],[121.77568504641698,25.101461357164617,0],[121.77562482820426,25.101536312234053,0],[121.77555599891156,25.10164618960913,0],[121.77544310016641,25.101809910526438,0],[121.77544272422436,25.10181045884423,0],[121.775379593502,25.101958387044277,0],[121.77533610709241,25.102072861088562,0],[121.7752828105664,25.10221462712522,0],[121.77523975403592,25.10237695424005,0],[121.77522276962337,25.102483723372654,0],[121.7751817020502,25.102626382958157,0],[121.77518170202075,25.102626383216613,0],[121.77516099919522,25.102737820589876,0],[121.77515152645405,25.10281842483443,0],[121.77513049239207,25.103098476899707,0],[121.77512445559822,25.103189135595844,0],[121.77519846361882,25.103707088852833,0],[121.77523471632747,25.103875952337507,0],[121.7753046268739,25.104182161018176,0],[121.77536033342234,25.104414860439277,0],[121.77542286697366,25.104717331656175,0],[121.77547728775284,25.104999079086923,0],[121.77553148641802,25.10527708821002,0],[121.77562371826006,25.10568419634273,0],[121.7757419958255,25.106216964296728,0],[121.77583205917831,25.106627829810403,0],[121.77590563577103,25.106927513972856,0],[121.77598534015773,25.10728379048295,0],[121.7759761768463,25.107382172718555,0],[121.77595615898412,25.10755553884208,0],[121.77591999171499,25.10766812437957,0],[121.77581762502183,25.107827581659322,0],[121.77569682309418,25.107973886255724,0],[121.77563029245847,25.10803099675659,0],[121.77554087238153,25.10811490061707,0],[121.77546747218143,25.108180489578302,0],[121.77539896740566,25.108228084346994,0],[121.7753092261479,25.108292293090557,0],[121.77514101656736,25.108405779004695,0],[121.77503957312024,25.108463744678858,0],[121.77486930058855,25.108523176166912,0],[121.77464670428122,25.108581885150755,0],[121.77436415117916,25.108636766347566,0],[121.77405920406058,25.10869852322647,0],[121.77404933614645,25.1086995959948,0],[121.77393581866454,25.108711936746847,0],[121.77376177785311,25.108728168490387,0],[121.7733535870717,25.10877123517081,0],[121.77326236624887,25.1087858563848,0],[121.77304876661,25.108811323972567,0],[121.77234935085411,25.108888478719585,0],[121.7720454945538,25.108923232854725,0],[121.77177477183773,25.108928961019895,0],[121.77153733388532,25.108904888862433,0],[121.77141550553408,25.108882240127326,0],[121.77141550553408,25.108882240127326,0],[121.77137296936753,25.10886268695445,0],[121.77133191470952,25.108840664403733,0],[121.77129251424587,25.108816265107706,0],[121.77125493370423,25.10878959169607,0],[121.7712193311568,25.10876075636399,0],[121.77118585635556,25.10872988040013,0],[121.77115465010232,25.108697093676508,0],[121.7711258436565,25.108662534102166,0],[121.77109955818308,25.108626347043078,0],[121.77107590424282,25.108588684710703,0],[121.77105498132745,25.108549705521735,0],[121.77103687744098,25.108509573431704,0],[121.77102166872976,25.1084684572454,0],[121.77093972265213,25.108005339339904,0],[121.77083353631899,25.107639082419375,0],[121.770741949368,25.107385412056125,0],[121.77061189383585,25.107086956128374,0],[121.77053253776491,25.10692964842136,0],[121.77045051233144,25.106796613884494,0],[121.77037282823684,25.10665792056554,0],[121.77037161449006,25.10665629653978,0],[121.77021771785328,25.10645037826945,0],[121.77004558575577,25.106212030359845,0],[121.76985973573731,25.105976064656613,0],[121.76974431485178,25.105847360525992,0],[121.76972268953112,25.105830105939333,0],[121.76959575443516,25.105690533634046,0],[121.76950679837506,25.105593291770294,0],[121.7694868046522,25.105571378060453,0],[121.76944342571716,25.10552516590409,0],[121.76930084181186,25.105327271715712,0],[121.76921820961303,25.105220146959294,0],[121.7691867052352,25.10518155649858,0],[121.76916057939322,25.105144851564702,0],[121.76912346896054,25.10509300269413,0],[121.76906036442392,25.10500703824357,0],[121.76903750817421,25.1049751545027,0],[121.76895775806872,25.104837742102262,0],[121.76894796456062,25.104824213008964,0],[121.76890210113449,25.10474679301342,0],[121.76889099206412,25.10472284354377,0],[121.76884158731048,25.104616233576206,0],[121.76866413812759,25.104267387709875,0],[121.76853240865218,25.104016444615176,0],[121.76849836951409,25.10394174917102,0],[121.76840507653172,25.103739955138856,0],[121.76815961024046,25.103253995679047,0],[121.76808597415305,25.103109552029554,0],[121.7680795525042,25.10310960614777,0],[121.76789215721115,25.10281575808488,0],[121.76786708496446,25.102775008931612,0],[121.76786045894029,25.102769579967987,0],[121.76759938922122,25.102390311700198,0],[121.76726514088917,25.10190504184804,0],[121.76712124702844,25.101694432989174,0],[121.76707228531593,25.101619612896094,0],[121.76700469112382,25.101503911572824,0],[121.76695881316549,25.10141733608014,0],[121.76687340686392,25.101243680456307,0],[121.7668371454239,25.101156040772967,0],[121.76676787576945,25.101002406318898,0],[121.76674700642229,25.10095273364527,0],[121.76666425460083,25.10072367761324,0],[121.76664979494502,25.10067395411777,0],[121.7665308821825,25.10028894853682,0],[121.76647222973168,25.100110882103653,0],[121.76647216900798,25.10011069774876,0],[121.76633521075466,25.099828117774653,0],[121.76620598406966,25.099612958762552,0],[121.76614465846339,25.099530932026042,0],[121.7660646030598,25.09943631221021,0],[121.76602934868225,25.09940058137523,0],[121.76594791986895,25.099329533375425,0],[121.7659127449095,25.099301179857648,0],[121.76577433283664,25.09918249178105,0],[121.76557775473789,25.09905870301326,0],[121.76549005718245,25.099008370204007,0],[121.76520372613051,25.098878066789574,0],[121.76510926107915,25.098845656933246,0],[121.76506620585127,25.098840502299645,0],[121.76497424579178,25.09882810040852,0],[121.76497421131104,25.098828095758375,0],[121.7647816513008,25.09877487830878,0],[121.7646300055983,25.098779840198436,0],[121.76420044682305,25.09880517559992,0],[121.76372642859116,25.098858639365464,0],[121.76338377189502,25.09896516911203,0],[121.76319703944407,25.09904303187462,0],[121.76282169607055,25.099179477079662,0],[121.7625579239301,25.099264970115275,0],[121.76231092199676,25.099357899443728,0],[121.76174446781451,25.09955868196689,0],[121.76150333703605,25.09963975645956,0],[121.76111829506463,25.099785078457522,0],[121.76094139596131,25.099840203351103,0],[121.76072372421723,25.09991962021041,0],[121.76049373767566,25.099994996082625,0],[121.76036814621321,25.100042536930914,0],[121.76008337694573,25.100143759368763,0],[121.75899742526884,25.100521800174608,0],[121.75873118159917,25.100619239072035,0],[121.75840000551594,25.1007377111887,0],[121.7582086762736,25.100806155247355,0],[121.75736196546887,25.101116273622797,0],[121.7572861129568,25.101147785397867,0],[121.7567471338315,25.10137284854838,0],[121.7565640496074,25.101422779196618,0],[121.75635594428236,25.101477852012305,0],[121.75597776926774,25.10151013241747,0],[121.75559013561774,25.101475404969097,0],[121.75548189451169,25.10144951664748,0],[121.75548189451169,25.10144951664748,0],[121.75548189451169,25.10144951664748,0],[121.7550432456693,25.101317072097977,0],[121.75492890870483,25.101269330774105,0],[121.75492890870483,25.101269330774105,0],[121.75438104195689,25.100967534709277,0],[121.7534357754259,25.1005809156094,0],[121.75328229548822,25.100519021791712,0],[121.75318814699352,25.100515530097923,0],[121.75239508988528,25.10018295872551,0],[121.7523810242113,25.100178023619172,0],[121.75176999513165,25.09998953188556,0],[121.75137999827878,25.099870030254117,0],[121.75097757623784,25.09975811053514,0],[121.7506714782791,25.099679468053587,0],[121.75055122606143,25.0996502308053,0],[121.75005607533525,25.099526207708095,0],[121.74965598950033,25.099424054595495,0],[121.74929070338376,25.09930478329591,0],[121.74902986994083,25.099235901706273,0],[121.74843340143927,25.09914693846086,0],[121.74811738705624,25.099109828294832,0],[121.74791468809609,25.099094538010846,0],[121.74775800835438,25.099092882975818,0],[121.74765465653704,25.099102567454953,0],[121.74754193916114,25.099124727809325,0],[121.74742398300836,25.099165843116133,0],[121.74728542858269,25.099233865508168,0],[121.74716112285631,25.099311136534975,0],[121.74703608617975,25.099397870549918,0],[121.74701109832357,25.099460016212195,0],[121.74695273752299,25.099557494714176,0],[121.74679735744465,25.09981702110146,0],[121.74679735744465,25.09981702110146,0],[121.74679735744465,25.09981702110146,0],[121.74677932531807,25.099947143301492,0],[121.74674347767214,25.100208735982587,0],[121.74674360234144,25.10021151915376,0],[121.74676035582638,25.100585529681865,0],[121.74673799814603,25.100722326034735,0],[121.74669644026523,25.100902334010726,0],[121.74665315178231,25.10107091577485,0],[121.74661097035394,25.10121829825397,0],[121.74657102537428,25.10135852943466,0],[121.74650039489752,25.101518653129904,0],[121.74629293011274,25.10189701833956,0],[121.7461926748045,25.102068167343166,0],[121.74607554472914,25.102162819369042,0],[121.74587685070371,25.102337671170837,0],[121.74572514612751,25.102444486126856,0],[121.74560889967015,25.10252045986341,0],[121.74546276462527,25.10255887973658,0],[121.74528867242051,25.10257942900273,0],[121.74518931272114,25.10258206887102,0],[121.74511918126268,25.102603347929247,0],[121.7449745508488,25.102621299899436,0],[121.74474281446332,25.10265007250222,0],[121.74463441058262,25.102663531899235,0],[121.74459733881565,25.102663095531042,0],[121.74381986262266,25.102653872568357,0],[121.7436707441489,25.102662398363922,0],[121.74317990404215,25.102633331208736,0],[121.74297999582318,25.102610733551785,0],[121.74269663803538,25.10258899645693,0],[121.74269663803538,25.10258899645693,0],[121.7425496969144,25.102604163418967,0],[121.74195442292111,25.102663609666546,0],[121.74188369630834,25.102670719946897,0],[121.74156473612278,25.10270278319039,0],[121.74144475958317,25.1027152429059,0],[121.74126927442735,25.10273885450401,0],[121.7410437158695,25.1027633463173,0],[121.74092204127273,25.102784886125303,0],[121.74077413120978,25.102808778069782,0],[121.740459874035,25.10286518239148,0],[121.7402360697127,25.102887031177225,0],[121.74007547866582,25.102910186305156,0],[121.73984668658113,25.1029487053589,0],[121.73965914260184,25.10298246729749,0],[121.73949455526031,25.103014203630543,0],[121.73925458674327,25.103063980285956,0],[121.7392036252438,25.103074036039338,0],[121.73889947902683,25.10316488039796,0],[121.73857684152365,25.10321780883834,0],[121.73833767509619,25.103262488310047,0],[121.73813250893555,25.103308191729237,0],[121.73796247120339,25.103352650910853,0],[121.73796247120339,25.103352650910853,0],[121.7378441889553,25.10338615754672,0],[121.73748444668159,25.103649122146596,0],[121.73710806746892,25.103940086822526,0],[121.73694478130426,25.104059943071462,0],[121.73680890426682,25.104181432142887,0],[121.73668250944924,25.104297806712218,0],[121.7365755750735,25.104393016971017,0],[121.73646766828287,25.104506168005305,0],[121.73626283156263,25.104720548825917,0],[121.73608471381151,25.104952752716862,0],[121.73595069261965,25.10514626972952,0],[121.73585234462931,25.105295580289628,0],[121.73569304542333,25.10554345834765,0],[121.7355434143762,25.105799296448804,0],[121.73545354575874,25.105956597593188,0],[121.73536123458042,25.106113470763756,0],[121.73523134728401,25.106338755088352,0],[121.73492585635938,25.106836195805627,0],[121.7345905357427,25.10739131121891,0],[121.7344072658439,25.107680856154776,0],[121.73430520636249,25.107875527390433,0],[121.73427240134468,25.10794046731183,0],[121.73426942806633,25.1079453138831,0],[121.73426465507434,25.107952875915224,0],[121.73403047695633,25.108330242971505,0],[121.73395021211576,25.108436301884822,0],[121.73391432313939,25.108483571553972,0],[121.73387091597003,25.1085357029265,0],[121.73380144729312,25.108627938786938,0],[121.7337555821612,25.108706994417293,0],[121.73372476481265,25.108759382453364,0],[121.73368468469717,25.10881859656514,0],[121.73364113613158,25.108871940960054,0],[121.73354554443179,25.108989661009833,0],[121.73351596696317,25.10902581477707,0],[121.73336024915503,25.109196864614542,0],[121.73319531271089,25.10937224841018,0],[121.73303805833999,25.109540420410248,0],[121.73272477507956,25.1098729927384,0],[121.73253117757781,25.110065315976776,0],[121.73236415388403,25.110248161116537,0],[121.73224166604862,25.11036923148574,0],[121.7321073897245,25.110540128399588,0],[121.73201195733485,25.110658253937114,0],[121.7318682123363,25.110836187882214,0],[121.73183837838988,25.11086235833164,0],[121.73175005648356,25.110940370360982,0],[121.73164628683462,25.11101276813001,0],[121.73152741199442,25.11107627924218,0],[121.7314187699004,25.111119629276317,0],[121.73132971031482,25.11114610884025,0],[121.73119277455702,25.111172488413132,0],[121.73104322336826,25.11118278201553,0],[121.73086658301575,25.111170746645005,0],[121.73069499533528,25.111133021734208,0],[121.7303532861605,25.11105356088728,0],[121.73005198909293,25.11095099022791,0],[121.73002453036297,25.110941642404132,0],[121.72972168732458,25.110829329395415,0],[121.72944559365492,25.110725572422538,0],[121.72926193518062,25.110656553180316,0],[121.72899182534064,25.110551576441505,0]]}},{"type":"Feature","properties":{"cadgeom_type":"CADLWPolyline","thickness":0,"color":"#FFFF00FF"},"geometry":{"type":"LineString","coordinates":[[121.72656411332868,25.109966993743782,0],[121.72664912707971,25.110069320738678,0],[121.72692604675639,25.110353567438466,0],[121.7271921972761,25.110601810438293,0],[121.72738391397375,25.110738962950407,0],[121.72817654393424,25.111183626452938,0],[121.72827690371321,25.111235041774233,0],[121.72844355843831,25.111310249780928,0],[121.72844355843831,25.111310249780928,0],[121.72844355843831,25.111310249780928,0],[121.72851289746093,25.111349583740335,0],[121.72869414787908,25.111413030341183,0],[121.7289137128193,25.11148520959873,0],[121.72899748419078,25.11150575515145,0]]}},{"type":"Feature","properties":{"cadgeom_type":"CADLWPolyline","thickness":0,"color":"#FFFF00FF"},"geometry":{"type":"LineString","coordinates":[[121.72655160870792,25.10785122477181,0],[121.7266618269899,25.10808280713867,0],[121.72680504241315,25.108388290875634,0],[121.72686876487386,25.10849984701995,0],[121.72689447554696,25.108544434150588,0],[121.72707995631335,25.10884860775832,0],[121.72712779691054,25.108918546781624,0],[121.72722923869492,25.109077244989514,0],[121.72732655301671,25.109235373268795,0],[121.72739172735037,25.109321353651026,0],[121.72751265184664,25.10949843035251,0],[121.72759524600517,25.109618772645565,0],[121.72760196933487,25.109628709387493,0],[121.72767934903979,25.109686717952957,0],[121.72767934903979,25.109686717952957,0],[121.72789428840407,25.109944850335538,0],[121.72791892600343,25.109974096935957,0],[121.72804671426357,25.110068201153062,0],[121.72823524921918,25.110213808159873,0],[121.72831977386072,25.110264421239407,0],[121.72831977386072,25.110264421239407,0],[121.72831977386072,25.110264421239407,0],[121.72859272621832,25.110393367161283,0],[121.72899182534064,25.110551576441505,0]]}},{"type":"Feature","properties":{"cadgeom_type":"CADLWPolyline","thickness":0,"color":"#FFFF00FF"},"geometry":{"type":"LineString","coordinates":[[121.60370913357109,25.21768239028393,0],[121.60370704878378,25.217681058585917,0],[121.60370704878378,25.217681058585917,0],[121.6032884271415,25.217389768762505,0],[121.60312792985647,25.217298112513514,0],[121.6029799009516,25.217243666297687,0],[121.60272014823292,25.217152152944575,0],[121.6025744236308,25.217099115380858,0],[121.60244661783351,25.217058641359518,0],[121.60198186007133,25.21691488600816,0],[121.60162077309413,25.21679232839195,0],[121.60133333522026,25.21669403233422,0],[121.60102730454997,25.216589202152115,0],[121.60087101957645,25.21652194054407,0],[121.60087101957645,25.21652194054407,0],[121.60076833278151,25.21646635831337,0],[121.60066959635463,25.216405138617375,0],[121.60057518378764,25.2163385130362,0],[121.6004854522146,25.21626673359883,0],[121.60040074106068,25.21619007182971,0],[121.60032137075822,25.21610881772148,0],[121.60024764153458,25.21602327863795,0],[121.60017983227667,25.21593377815129,0],[121.60010868861272,25.215838387093157,0],[121.59993278062365,25.215609748860857,0],[121.59984489445222,25.215493500608684,0],[121.59976607106795,25.215386881609657,0],[121.59962410008877,25.21519883648572,0],[121.59950347627637,25.215042082230454,0],[121.59935453055932,25.214854119928326,0],[121.59921724481605,25.214664752630163,0],[121.59901554225627,25.214383788721918,0],[121.59890671508573,25.214229740829403,0],[121.59877427077795,25.21403882580743,0],[121.59870682318603,25.213909082432387,0],[121.59868045832611,25.213857014087246,0],[121.59862469073286,25.21372676804593,0],[121.59855601300465,25.21357818055374,0],[121.59848619033636,25.213432262762524,0],[121.59839509152688,25.213218562084936,0],[121.59831662729393,25.213041296316334,0],[121.59826899508184,25.212985765233324,0],[121.5982072643074,25.21293705966122,0],[121.59810865904794,25.21287533987576,0],[121.5980338692143,25.21284653006485,0],[121.59796476982243,25.21282901792049,0],[121.59773160260593,25.212778066028942,0],[121.59755364991585,25.212740529938063,0],[121.59739900382968,25.212704351496534,0],[121.59721155668427,25.212669187374757,0],[121.59709864115783,25.212647469666695,0],[121.59694729107366,25.21261237267676,0],[121.59684560480702,25.21259069468684,0],[121.5966584379734,25.212526059728358,0],[121.59661012739463,25.212509981766885,0]]}},{"type":"Feature","properties":{"cadgeom_type":"CADLWPolyline","thickness":0,"color":"#FFFF00FF"},"geometry":{"type":"LineString","coordinates":[[121.59847092883595,25.212502461089464,0],[121.59851739822732,25.212536783121926,0],[121.59858004738169,25.212585844822907,0],[121.59858004738169,25.212585844822907,0],[121.59862746542875,25.212634595120814,0],[121.59867164250483,25.21268580323788,0],[121.5987124249982,25.212739291118776,0],[121.5987496710998,25.212794872780986,0],[121.59878325129638,25.212852354961495,0],[121.5988205450824,25.212924951652944,0],[121.59891433251144,25.213120814967727,0],[121.59898040255166,25.213246524604198,0],[121.59904021868017,25.21337842891616,0],[121.59914914174924,25.213613001707447,0],[121.5992103670023,25.21375415892992,0],[121.5992103670023,25.21375415892992,0],[121.59924085638679,25.213815571291786,0],[121.5992759123926,25.213874932612313,0],[121.59931536931029,25.213931962280274,0],[121.59935904062581,25.21398639070619,0],[121.5994067199021,25.214037960596805,0],[121.59945818175483,25.214086428171413,0],[121.59963024648208,25.214203944943442,0],[121.59976321585877,25.214300912825763,0],[121.5998351063806,25.214355025255518,0],[121.59989234863833,25.21440715618279,0],[121.60005718605582,25.21454857847533,0],[121.60018387526918,25.21465792526544,0],[121.60030226445609,25.21477598345603,0],[121.60042567160154,25.214898796023153,0],[121.60042567160154,25.214898796023153,0],[121.60054768059747,25.21502252210461,0],[121.60066022303177,25.215153463646875,0],[121.60076278468188,25.215291022394233,0],[121.60085489692148,25.21543456985585,0],[121.60090225441985,25.215515378231313,0],[121.60095688886112,25.215628515349124,0],[121.60103205985311,25.215813948672068,0],[121.60103205985311,25.215813948672068,0],[121.60106510577508,25.215880555047253,0],[121.6011025147553,25.21594522359623,0],[121.60114415013713,25.21600771807045,0],[121.60114415013713,25.21600771807045,0],[121.6011647745457,25.216036318308277,0],[121.60118738924021,25.216063645148786,0],[121.60121189951616,25.216089584152712,0],[121.60123820273051,25.216114026692683,0],[121.60126618873163,25.216136870408178,0],[121.60129574032044,25.216158019634168,0],[121.60132673374126,25.216177385801807,0],[121.6013590392002,25.216194887809262,0],[121.60139252140856,25.21621045236148,0],[121.6014270401495,25.216224014277046,0],[121.6014624508652,25.216235516761202,0],[121.60182171129527,25.216350573972626,0],[121.60200621459079,25.21641104763832,0],[121.60229662589391,25.21650598525255,0],[121.60256939448674,25.216601768508283,0],[121.60256939448674,25.216601768508283,0],[121.60307482770321,25.216779978083412,0],[121.60327555293212,25.21687788877069,0],[121.60363613054271,25.21709398560338,0],[121.60363613054271,25.21709398560338,0],[121.603706453944,25.21713941316467,0]]}},{"type":"Feature","properties":{"cadgeom_type":"CADLWPolyline","thickness":0,"color":"#FFFF00FF"},"geometry":{"type":"LineString","coordinates":[[121.603706453944,25.21713941316467,0],[121.60391581375309,25.217270549528628,0],[121.60403767280972,25.217345547010396,0],[121.60415911469946,25.21741514745711,0],[121.60426676070985,25.217477318454453,0],[121.60434819257573,25.21751834040693,0],[121.60434819257573,25.21751834040693,0],[121.60447997976198,25.217572182260014,0],[121.60461450974968,25.217620083021647,0],[121.60475145911406,25.21766192753261,0],[121.60475145911406,25.21766192753261,0],[121.60480568200373,25.217679483386924,0],[121.60486098363518,25.217693989840807,0],[121.60491715698637,25.21770539258927,0],[121.60497399177171,25.217713648946027,0],[121.60503127522936,25.2177187280034,0],[121.60508879291787,25.21772061074791,0],[121.60514632951876,25.217719290131583,0],[121.60514632951876,25.217719290131583,0],[121.60535302787636,25.217712793176446,0],[121.60555911444698,25.21769694442869,0],[121.60555911444698,25.21769694442869,0],[121.60581929132064,25.217671044940527,0],[121.6060772710684,25.217630884591397,0],[121.60633210996242,25.21757661029566,0],[121.6064949861141,25.217541988078747,0],[121.60667035637708,25.217504887511097,0],[121.60682502305929,25.21748303185721,0],[121.60695070103768,25.217463876616794,0],[121.60711846698537,25.21745620252944,0],[121.60734845046126,25.217446671049142,0],[121.60746969410488,25.21743989227587,0],[121.60762472893684,25.217430433977675,0],[121.60779151442689,25.217437138990615,0],[121.60793906034368,25.21745885957295,0],[121.60806317559616,25.21747562328344,0],[121.60835735208545,25.217546275686622,0],[121.60849695743738,25.217580524593313,0],[121.60849695743738,25.217580524593313,0],[121.60869589770944,25.2176347123632,0],[121.60889103614618,25.217699335627053,0],[121.60908171189394,25.217774175533332,0],[121.60926727920906,25.21785897863082,0],[121.60955676108479,25.217994590505715,0],[121.60972567011903,25.21807218006757,0],[121.60982533707403,25.2181159271945,0],[121.60994161838872,25.21816715542622,0],[121.61009801387104,25.218230807006353,0],[121.6103568035879,25.218330552680765,0],[121.61052837749286,25.218391575873845,0],[121.6107421704199,25.21846801542149,0],[121.61089986620232,25.218520261868044,0],[121.61111580133014,25.218580831096492,0],[121.61143672783238,25.21865722288792,0],[121.61180402550772,25.218746323536845,0],[121.61197405891959,25.218783287791332,0],[121.61225231119248,25.218845807799582,0],[121.61273721106699,25.218918337983986,0]]}},{"type":"Feature","properties":{"cadgeom_type":"CADLWPolyline","thickness":0,"color":"#FFFF00FF"},"geometry":{"type":"LineString","coordinates":[[121.60936741912562,25.219023612088826,0],[121.6091253006172,25.21883923437003,0],[121.60902075479467,25.21873040232654,0],[121.60891119186168,25.2186016386708,0],[121.60866768071855,25.21847009992285,0],[121.60852981085532,25.218394177056915,0],[121.60837510554643,25.21831068036718,0],[121.60816759926836,25.218201410452906,0],[121.60801080594,25.218119847472934,0],[121.60792242610468,25.218091614514382,0],[121.60781314051479,25.218067530173887,0],[121.60774292512771,25.21806197916119,0],[121.60768352808033,25.218063939958324,0],[121.60768352808033,25.218063939958324,0],[121.60768352808033,25.218063939958324,0],[121.60714907689079,25.218203569187416,0],[121.60707427739518,25.218217534179768,0],[121.60684774864328,25.218242747311134,0],[121.60664782780184,25.218268021239826,0],[121.60636888255056,25.218300770605104,0],[121.6061602395404,25.21832484080391,0],[121.60591474672337,25.218355745135383,0],[121.60568382123815,25.218381064741898,0],[121.60568382123815,25.2183810647419,0],[121.60559695571824,25.21839328500571,0],[121.60550939353209,25.218400269105548,0],[121.6054215156803,25.218401986652026,0],[121.60533370453727,25.218398430171522,0],[121.60524634218707,25.218389615138786,0],[121.60515980876085,25.218375579909598,0],[121.60505215371214,25.218351296547,0],[121.60490090245334,25.218298406753018,0],[121.60469397145839,25.218221846514798,0],[121.6045920215082,25.218162008145804,0],[121.60449328905182,25.218102371169646,0],[121.60438276484095,25.21804607350932,0],[121.60417106284422,25.217928030925734,0],[121.60405383915212,25.21787227320546,0],[121.60386163885458,25.217779805807165,0],[121.60370913356957,25.21768239028294,0]]}},{"type":"Feature","properties":{"cadgeom_type":"CADLWPolyline","thickness":0,"color":"#FFFF00FF"},"geometry":{"type":"LineString","coordinates":[[121.61274169876262,25.21981420280295,0],[121.61257981777247,25.21979819608226,0],[121.61229768443212,25.219771412360906,0],[121.61206033611951,25.219742078578882,0],[121.61191347064693,25.219723393655865,0],[121.6117384325508,25.219688895886442,0],[121.61156328334087,25.219636366960252,0],[121.61138857487641,25.21957721432021,0],[121.6111131300545,25.219473113969332,0],[121.61096741518213,25.219417253022872,0],[121.61075503799381,25.219334729636405,0],[121.61065148284982,25.219294405080866,0],[121.61059761276506,25.21927126831069,0],[121.61043415559935,25.219279143636648,0],[121.61032709915867,25.219281935373925,0],[121.61011603573233,25.2192895766994,0],[121.61011603573233,25.219289576699392,0],[121.61004462235357,25.219292065947467,0],[121.60997318153989,25.219290347426952,0],[121.6099020125874,25.21928442833732,0],[121.60983141365328,25.219274333476008,0],[121.60976168050645,25.219260105134573,0],[121.6096931052885,25.21924180292145,0],[121.60962597528955,25.219219503512207,0],[121.60936741912562,25.219023612088826,0]]}},{"type":"Feature","properties":{"cadgeom_type":"CADLWPolyline","thickness":0,"color":"#FFFF00FF"},"geometry":{"type":"LineString","coordinates":[[121.61273721106699,25.218918337983986,0],[121.61295234784778,25.218940690732666,0],[121.61311861231597,25.21895397746362,0],[121.61321233031309,25.218961304130705,0],[121.61330313065551,25.218959838939156,0],[121.61337961045744,25.218953539473002,0],[121.61351398778348,25.21893648357298,0],[121.61382478227075,25.218895009586245,0],[121.61414688435221,25.2188485622497,0],[121.61449193829678,25.21879734866346,0],[121.61479114290573,25.218750318410134,0],[121.61493745662261,25.218725319661022,0],[121.61512543623562,25.218703570368447,0],[121.61530436017667,25.218675151307277,0],[121.61563428152874,25.21863588800949,0],[121.61582828932883,25.218613177652724,0],[121.61627722763376,25.21855714187373,0],[121.61652089095827,25.218522742413594,0],[121.61661354824604,25.21850419950721,0],[121.61689513200115,25.218447724679457,0],[121.61719263978797,25.21838693519326,0],[121.61734706708826,25.21836080426195,0],[121.61747060959762,25.218339028844017,0],[121.61760972212036,25.21832472123982,0],[121.61795060818879,25.218297010072344,0],[121.61828225952499,25.21826481414112,0],[121.61855618501633,25.218247435791884,0],[121.61862396715533,25.218246855830262,0],[121.61869562526235,25.21824830490101,0],[121.61882861148577,25.218266414707543,0],[121.61891741312742,25.218278089603103,0],[121.61901236140534,25.218294319711458,0],[121.61907413236929,25.218308940165915,0],[121.61918551496926,25.21834108880863,0],[121.61929224039555,25.218383672270523,0],[121.6194648127314,25.218449541886905,0],[121.6195613859527,25.21849445166733,0],[121.61966858437907,25.218558204970858,0],[121.61977249772073,25.218622082507775,0],[121.61987643520976,25.21869021767938,0],[121.61999076654484,25.218757370752964,0],[121.62009234934902,25.21882746070814,0],[121.62029258435726,25.218978170390383,0]]}},{"type":"Feature","properties":{"cadgeom_type":"CADLWPolyline","thickness":0,"color":"#FFFF00FF"},"geometry":{"type":"LineString","coordinates":[[121.6184693762054,25.21898580990247,0],[121.61828854753986,25.218978712241547,0],[121.61792594923133,25.2189859934369,0],[121.61792594923133,25.2189859934369,0],[121.6179008442321,25.218988187536105,0]]}},{"type":"Feature","properties":{"cadgeom_type":"CADLWPolyline","thickness":0,"color":"#FFFF00FF"},"geometry":{"type":"LineString","coordinates":[[121.62029258436083,25.21897817039308,0],[121.62041370767169,25.21906359959455,0],[121.6206893347607,25.219253004097396,0],[121.62077625654481,25.219314875946726,0],[121.62092056639288,25.219403793576383,0],[121.62113737755429,25.21952968327404,0],[121.6213499632235,25.219649041806452,0],[121.6214806163446,25.219724019013174,0],[121.62163667025908,25.219806806039255,0],[121.62176401320622,25.219869362156267,0]]}},{"type":"Feature","properties":{"cadgeom_type":"CADLWPolyline","thickness":0,"color":"#FFFF00FF"},"geometry":{"type":"LineString","coordinates":[[121.62176857084515,25.220765940890796,0],[121.62163804269633,25.22069938129005,0],[121.62117113915221,25.220440000427175,0],[121.62098868065048,25.220322169858754,0],[121.62045384978852,25.219986587567032,0],[121.62032931460512,25.219914382877697,0],[121.62003090517526,25.219728065805242,0],[121.6197821949192,25.219569559829676,0],[121.61934092038902,25.21929380311204,0],[121.61908262498223,25.219142133948147,0],[121.61908262498223,25.219142133948147,0],[121.61901956692436,25.219109240119447,0],[121.61895434056915,25.219080054104577,0],[121.61888720903978,25.219054693639496,0],[121.61881844314445,25.219033261027914,0],[121.6187483202838,25.219015842728634,0],[121.61867712333212,25.219002509006774,0],[121.61860513949617,25.21899331365035,0],[121.61853265915687,25.21898829375334,0],[121.61846937626781,25.218985809904922,0]]}},{"type":"Feature","properties":{"cadgeom_type":"CADLWPolyline","thickness":0,"color":"#FFFF00FF"},"geometry":{"type":"LineString","coordinates":[[121.61790084420123,25.218988187538944,0],[121.6177303212818,25.21900924607729,0],[121.61756177555749,25.21904084102184,0],[121.6173959928081,25.219082825074356,0],[121.61723374593434,25.219135002501215,0],[121.61723374593434,25.219135002501215,0],[121.61701573323637,25.219213161926035,0],[121.61679760526317,25.219292190398797,0],[121.61659646158988,25.219374658198387,0],[121.61629935475074,25.219498980402268,0],[121.61629935475074,25.219498980402268,0],[121.6161177739441,25.21957222275234,0],[121.61593175514221,25.219635582697116,0],[121.6157419476512,25.219688839073267,0],[121.6155490140047,25.219731805984406,0],[121.61536260182478,25.219753902944746,0],[121.61508246766371,25.21977881985724,0],[121.61460659247318,25.219812382729902,0],[121.61431449802151,25.21982174880358,0],[121.613802586984,25.219836282727773,0],[121.61353646119298,25.2198337934236,0],[121.61300262120763,25.21982330024009,0],[121.61274169875536,25.21981420280223,0]]}},{"type":"Feature","properties":{"cadgeom_type":"CADLWPolyline","thickness":0,"color":"#FFFF00FF"},"geometry":{"type":"LineString","coordinates":[[121.6217640132135,25.219869362159837,0],[121.6218390475307,25.219892703505334,0],[121.62195886274914,25.219928032525306,0],[121.62202394875486,25.21994293217429,0],[121.62214214956578,25.219966995218815,0],[121.62256140430333,25.220051683732542,0],[121.623142506669,25.220174042127113,0],[121.62338259932808,25.220220822515635,0],[121.6235373196937,25.220247197772075,0],[121.62376405334288,25.22028075052779,0],[121.62394943050353,25.2203035027312,0],[121.624064982244,25.22031437881992,0],[121.62415166659281,25.220328810695193,0],[121.62429836482211,25.220358918798116,0],[121.62450374500622,25.220407124206226,0],[121.62465845851453,25.220460222146592,0],[121.62478338160486,25.220502852151228,0],[121.62478338160486,25.220502852151224,0],[121.62507572359007,25.220583011151195,0],[121.62537318117751,25.220645691765956,0],[121.62567449292136,25.220690628183732,0],[121.62591012260354,25.220724779173537,0],[121.62615576739128,25.220765360718953,0],[121.62641743979442,25.220809081545823,0],[121.62685191994017,25.220879095121845,0],[121.62685191994017,25.22087909512184,0],[121.6270224348838,25.22091218479971,0],[121.62719004589802,25.220955859070617,0],[121.62735395998082,25.221009911302488,0],[121.62747947631152,25.221057229665888,0],[121.62764639453056,25.221128852562728,0],[121.62777926859313,25.221193467171243,0],[121.62777926859313,25.221193467171243,0],[121.627875363472,25.221243373639254,0],[121.6279684242281,25.22129783068486,0],[121.6280581906888,25.221356686063025,0],[121.6280581906888,25.22135668606303,0],[121.62815350870525,25.221422139442055,0],[121.62824375911156,25.221493289300167,0],[121.62832853126008,25.221569811905667,0],[121.62840743942716,25.221651359080337,0],[121.62848012456811,25.22173755978347,0],[121.62854625595098,25.221828021800032,0],[121.62863048827974,25.221999119729286,0],[121.6286829666271,25.222139206548974,0],[121.62875861036493,25.222380408415642,0],[121.62887214240317,25.22274680336123,0],[121.62891987851268,25.222936397280748,0],[121.62901002760988,25.223263641067106,0],[121.62902549507889,25.22332778776404,0],[121.62903350374245,25.223372249091383,0],[121.62908481149795,25.223674495963415,0],[121.62908481149795,25.223674495963415,0],[121.62917030472634,25.223997830860398,0],[121.6291983989045,25.2241090274286,0],[121.62930772803965,25.22450517975954,0],[121.62936288793873,25.22472950901172,0],[121.62941065348127,25.224894052685286,0],[121.62948401635936,25.22510995141625,0],[121.62951333306133,25.22516670135411,0],[121.62957694478361,25.22524537995529,0],[121.62963642911103,25.225298697789096,0],[121.62981370100903,25.225447302577262,0],[121.62988628175832,25.22550323961404,0]]}},{"type":"Feature","properties":{"cadgeom_type":"CADLWPolyline","thickness":0,"color":"#FFFF00FF"},"geometry":{"type":"LineString","coordinates":[[121.6285799519057,25.225508801448854,0],[121.62851559636357,25.22527055503951,0],[121.62842443298473,25.22492069771914,0],[121.62835982384175,25.224658271475967,0],[121.62835152238276,25.224621050128786,0],[121.62832323712865,25.224446083719013,0],[121.62832115932927,25.22441383232987,0],[121.62833194575072,25.224273691514924,0],[121.62833778801378,25.224108933915137,0],[121.6283231314318,25.223906944088828,0],[121.62830588493614,25.22368513073589,0],[121.62827695214581,25.223412022689367,0],[121.6282247254847,25.223088811557425,0],[121.6282247254847,25.223088811557425,0],[121.62821175697195,25.222989612330224,0],[121.62819278217205,25.22289121654571,0],[121.62816785908365,25.222793924887558,0],[121.62813706388204,25.222698034664695,0],[121.62807292505214,25.2225697749523,0],[121.62798107749042,25.222405925548426,0],[121.62791154278351,25.222291270675328,0],[121.62777657549452,25.222090282700275,0],[121.62762514640758,25.221869948432765,0],[121.62755249225575,25.221763961177228,0],[121.62749839291898,25.221704827505228,0],[121.62744845947029,25.221650730812456,0],[121.62739165753821,25.221606726810712,0],[121.62732106833046,25.221569044561807,0],[121.62720071716528,25.221518841269837,0],[121.62703756652066,25.221464918643452,0],[121.62690901379392,25.22142353571718,0],[121.62672528281749,25.22138095870284,0],[121.62660377098678,25.22135718142395,0],[121.62651246992806,25.221345992092466,0],[121.62630072181041,25.22131446412702,0],[121.62605719686597,25.221275110119514,0],[121.62589349553957,25.22125169089841,0],[121.62573075637178,25.221234637536618,0],[121.62543694814079,25.221217585636406,0],[121.62495168547093,25.221179351533376,0],[121.62442912765206,25.221143726188473,0],[121.62406281466671,25.221116030829148,0],[121.62358279596549,25.221086056616265,0],[121.62329027926674,25.221068504548207,0],[121.62304312038101,25.221050931494382,0],[121.62289404842444,25.221041533879028,0],[121.62276098238074,25.221033070061,0],[121.62256961392094,25.22101497200448,0],[121.6223864289157,25.220991443457695,0],[121.62204495678877,25.220887410756454,0],[121.62176857085242,25.22076594089398,0]]}},{"type":"Feature","properties":{"cadgeom_type":"CADLWPolyline","thickness":0,"color":"#FFFF00FF"},"geometry":{"type":"LineString","coordinates":[[121.63082726368845,25.22786108663859,0],[121.6307055463832,25.22777360258763,0],[121.63062784104054,25.22770870832767,0],[121.63053810596257,25.22764061399235,0],[121.6303921452942,25.227500628370112,0],[121.63035779999193,25.227466859107476,0],[121.6302949793174,25.227404993517396,0],[121.63017993863089,25.227251254102725,0],[121.63012016325438,25.227168489343804,0],[121.62992409434366,25.226939298374138,0],[121.62984915742526,25.226861130901487,0],[121.6297412195769,25.226751233626498,0],[121.62964052331942,25.226644298496986,0],[121.6295345817311,25.226549103593815,0],[121.62940838127308,25.22643575360906,0],[121.62928116562125,25.226321805695935,0],[121.62911102600219,25.22616980641922,0],[121.62901369661351,25.22608268000177,0],[121.62893292107746,25.22600622538414,0],[121.62884537905882,25.2259227947074,0],[121.62884537905882,25.2259227947074,0],[121.62878163892469,25.2258460417789,0],[121.62872302829544,25.225765977467884,0],[121.62866975452614,25.225682885042822,0],[121.62862200608879,25.22559705848508,0],[121.6285799519057,25.225508801448854,0]]}},{"type":"Feature","properties":{"cadgeom_type":"CADLWPolyline","thickness":0,"color":"#FFFF00FF"},"geometry":{"type":"LineString","coordinates":[[121.62988628175832,25.22550323961404,0],[121.63002234397378,25.225640147119307,0],[121.63018363070509,25.225854912485953,0],[121.6302433952925,25.225938038806838,0],[121.63036199728342,25.226110168632005,0],[121.6304695548659,25.226272143365538,0],[121.63064639634945,25.226540872250343,0],[121.63082209967061,25.226860129479597,0]]}},{"type":"Feature","properties":{"cadgeom_type":"CADLWPolyline","thickness":0,"color":"#FFFF00FF"},"geometry":{"type":"LineString","coordinates":[[121.63082209966852,25.226860129477046,0],[121.63091860421684,25.226977818312513,0],[121.63100597112204,25.22708244582884,0],[121.63107587845637,25.22716489206442,0],[121.63128402114216,25.227301242752443,0],[121.63147462196828,25.22742649634129,0],[121.63188714071555,25.22768947291441,0],[121.6321011220847,25.22782994572453,0],[121.63220614403255,25.22789485548597,0],[121.63233239522792,25.227966148505477,0],[121.63252917847215,25.228072340974943,0],[121.63283137719961,25.22820067897635,0],[121.63329676562626,25.228385980220207,0],[121.63370068221253,25.228547496523195,0],[121.63405218277886,25.22868404104201,0],[121.63441508219168,25.22882288835414,0],[121.63464927475067,25.228911640703313,0],[121.63489868476734,25.229021116045303,0],[121.63517074803195,25.22921472171503,0],[121.63526470186144,25.229309768847312,0],[121.63533895408341,25.229409320421944,0],[121.6353652320516,25.229448259751305,0],[121.6354565007749,25.22959870775969,0],[121.63551230891613,25.22972538103977,0],[121.63555057675786,25.229797643872505,0],[121.63561318587787,25.229973851470653,0],[121.6357023846804,25.230215069279975,0],[121.63570903036175,25.230231178427214,0],[121.63574713083331,25.23030279658992,0],[121.63574713083331,25.23030279658992,0],[121.63576714306969,25.230320441221718,0],[121.63578844150445,25.23033679275641,0],[121.63581092536593,25.2303517738278,0],[121.63583448827352,25.23036531355389,0],[121.63585901874106,25.23037734787232,0],[121.63588440070437,25.230387819843436,0],[121.63591051407039,25.23039667991975,0],[121.63593723528528,25.23040388618034,0],[121.63596443791924,25.23040940452921,0],[121.63599199326455,25.230413208856614,0],[121.63601977094463,25.230415281162628,0],[121.63620436003914,25.230348613309655,0],[121.636698136614,25.230159279166067,0],[121.6368908460169,25.230085029655456,0],[121.63725309847625,25.22993886586009,0],[121.63767975644869,25.229770291498767,0],[121.637773523075,25.22973182412462,0],[121.63787720525795,25.229702158750307,0],[121.63824356432298,25.229684678867457,0],[121.63861226946824,25.22967121851494,0],[121.63869995208825,25.22966645141931,0],[121.63885215331602,25.22963163770518,0],[121.63904918923824,25.22958364763678,0],[121.63924578344019,25.229486317234233,0],[121.6396369297314,25.229288355987727,0],[121.63985678849598,25.229182831152823,0]]}},{"type":"Feature","properties":{"cadgeom_type":"CADLWPolyline","thickness":0,"color":"#FFFF00FF"},"geometry":{"type":"LineString","coordinates":[[121.63986205232565,25.230188621306567,0],[121.6396086925647,25.23032465808488,0],[121.6396086925647,25.23032465808488,0],[121.63952329794252,25.23037436556579,0],[121.63944175976899,25.23042916942167,0],[121.63936444505838,25.230488822976874,0],[121.63929170181629,25.230553057726485,0],[121.63922385747352,25.23062158454489,0],[121.63916868538244,25.23069832004218,0],[121.63898138527527,25.231005211218733,0],[121.63888385973121,25.231164361205575,0],[121.63871442615547,25.231442436835575,0],[121.63837109091719,25.23125497127629,0],[121.63840490691676,25.231203325698303,0],[121.63860618981921,25.230883181291034,0],[121.6387438668465,25.23067339345492,0],[121.63887969086603,25.230457924289745,0],[121.63862720130747,25.230425545539916,0],[121.63811000649449,25.23036097527808,0],[121.63786291264351,25.230332030888377,0],[121.63763968681526,25.230420279239027,0],[121.63693545917465,25.230698569570766,0],[121.6364967398297,25.230872176812447,0],[121.63602453878023,25.231061505899664,0],[121.63582854614256,25.231143372745166,0],[121.63575777060207,25.231179900943502,0],[121.63572006092234,25.23120890544427,0],[121.63562936161702,25.231280864644376,0],[121.63531586944084,25.231541513695106,0],[121.63506536220117,25.231752904989772,0],[121.6347027011537,25.23137600066264,0],[121.63453381344493,25.23119900732802,0],[121.63473712286756,25.23120001263063,0],[121.63541550889099,25.23091275876508,0],[121.63532897696159,25.230830747896967,0],[121.6352650898385,25.230780034429614,0],[121.63514820621141,25.23065652721291,0],[121.63507324680381,25.23055583823367,0],[121.63502118015359,25.230436731933803,0],[121.63494575094516,25.230195061960963,0],[121.63488356697601,25.230007588070734,0],[121.63479773523501,25.22984064237563,0],[121.63479773523501,25.22984064237563,0],[121.63478410895678,25.22981209001944,0],[121.63476834134246,25.22978446465064,0],[121.63475050811893,25.229757898942616,0],[121.63473069493303,25.229732520479498,0],[121.63470899694045,25.229708451143523,0],[121.63468551834865,25.229685806529666,0],[121.63466037191638,25.2296646953905,0],[121.63463367841204,25.22964521911391,0],[121.63460556603388,25.22962747123618,0],[121.63457616979422,25.22961153699283,0],[121.63454563087093,25.229597492909182,0],[121.63446937420974,25.229566509506974,0],[121.63375487257812,25.229300306508105,0],[121.63342090275152,25.229174425443333,0],[121.63322484867419,25.229101324168088,0],[121.63297507203394,25.229005757799538,0],[121.63273860515187,25.22891648592028,0],[121.63273860515187,25.22891648592028,0],[121.63236252243037,25.228754419636978,0],[121.63199491477194,25.228576993631417,0],[121.6318540988874,25.2285029368156,0],[121.63146310817665,25.228268391790834,0],[121.63109756468724,25.228039276889582,0],[121.63082726368636,25.2278610866371,0]]}},{"type":"Feature","properties":{"cadgeom_type":"CADLWPolyline","thickness":0,"color":"#FFFF00FF"},"geometry":{"type":"LineString","coordinates":[[121.63985678849598,25.229182831152823,0],[121.63999693304086,25.22911710629625,0],[121.64028935334808,25.228979022380795,0],[121.64071023877462,25.228782555163303,0],[121.64090237245088,25.228714450507113,0],[121.64090237245088,25.228714450507113,0],[121.64116037533059,25.22864593661765,0],[121.641421887886,25.228589496314893,0],[121.64168622773562,25.228545276869852,0],[121.641924759522,25.22851118194923,0],[121.64241574960195,25.22843341735131,0],[121.64272980829138,25.228385630180657,0],[121.6430126992686,25.228344433234525,0],[121.64328406248032,25.22829890499993,0],[121.64344572312778,25.228263262452327,0],[121.64359244429961,25.228231737454152,0],[121.64381299429668,25.228165221099246,0],[121.64390391004324,25.22813401833181,0],[121.64398706949561,25.22810402517793,0],[121.64412901242066,25.228052830423497,0],[121.64428796735146,25.227993223175503,0],[121.64444703242073,25.228186949907258,0],[121.64478817793753,25.228607049234277,0],[121.6449150722254,25.228762585510836,0],[121.64442716284617,25.228934163371097,0],[121.64411554295134,25.22903322470984,0],[121.64387863044597,25.22910088134134,0],[121.64387863044597,25.22910088134134,0],[121.6436642577086,25.229160635084742,0],[121.64344611173762,25.229207754956196,0],[121.64322509147506,25.229242046780822,0],[121.64270635450504,25.229316159962256,0],[121.64213137029022,25.229399850251678,0],[121.64180701219047,25.229455738084813,0],[121.64151962630065,25.229508718497236,0],[121.64151962630065,25.229508718497236,0],[121.64137866374662,25.229536965060294,0],[121.64123997503644,25.229573351672855,0],[121.64110412768164,25.229617729442673,0],[121.64097167756877,25.229669916777745,0],[121.64088428088468,25.229704823480695,0],[121.64057704386326,25.229854625596975,0],[121.64005053082191,25.230101067656086,0],[121.63986205232565,25.230188621306567,0]]}},{"type":"Feature","properties":{"cadgeom_type":"CADLWPolyline","thickness":0,"color":"#FFFF00FF"},"geometry":{"type":"LineString","coordinates":[[121.59465119641807,25.210267181818075,0],[121.594586056075,25.21012047124863,0],[121.59450665294185,25.209930936979514,0],[121.59440529948809,25.209706277203953,0],[121.59431160034386,25.20950459329766,0],[121.59426138652881,25.209407671312093,0],[121.59417182898476,25.209228984969858,0],[121.59403149770425,25.208950527982775,0],[121.59384295063494,25.208546237868788,0],[121.59367693649115,25.208202032147156,0],[121.59360003341313,25.20803700787958,0],[121.59353366933996,25.20789422429137,0],[121.59391815002836,25.20770032248015,0],[121.59401400772155,25.20765417176743,0],[121.59423022881819,25.20809357646987,0],[121.59427588147203,25.20819306206762,0],[121.59439377494374,25.208436906413436,0],[121.59464513047087,25.209018861443933,0]]}},{"type":"Feature","properties":{"cadgeom_type":"CADLWPolyline","thickness":0,"color":"#FFFF00FF"},"geometry":{"type":"LineString","coordinates":[[121.59464513047087,25.209018861443933,0],[121.59464513047087,25.209018861443933,0],[121.59464513047087,25.209018861443933,0],[121.59472521479859,25.20918206190139,0],[121.5948162071375,25.209372865740455,0],[121.59499376753801,25.209731715108823,0],[121.59499376753804,25.209731715108823,0],[121.59509782201631,25.209946316552333,0],[121.59521252941708,25.210156376174442,0],[121.59521252941708,25.210156376174442,0],[121.5952656554333,25.210244454867897,0],[121.59532496597902,25.21032920362706,0],[121.59539020990445,25.210410263566818,0],[121.59539020990448,25.210410263566818,0],[121.59548259482906,25.210507987388098,0],[121.5955805431687,25.210601119440902,0],[121.59568377960552,25.2106893979341,0],[121.59579201395523,25.210772574719265,0],[121.59594176880405,25.210872562006447,0],[121.59604610057264,25.210946062513102,0],[121.5961109282684,25.2109944408512,0],[121.5961109282684,25.2109944408512,0],[121.59616856760782,25.211040487518677,0],[121.59622290544343,25.211089744628364,0],[121.59627372611175,25.211142016685418,0],[121.59632082790775,25.211197096228787,0],[121.59636402388524,25.21125476465464,0],[121.59640314259914,25.211314793083897,0],[121.59640314259914,25.211314793083897,0],[121.59643948033401,25.211369752643733,0],[121.59647171008896,25.211426793608485,0],[121.59649968848088,25.211485662225495,0],[121.59655480426434,25.211609866890488,0],[121.5966088438026,25.211736578870266,0],[121.59663208477544,25.21179802931119,0],[121.59665359115178,25.2118480465321,0],[121.5966890186772,25.211908866740252,0],[121.5966890186772,25.211908866740252,0],[121.59669998746271,25.211928551827263,0],[121.59671232665924,25.211947553607107,0],[121.5967259850645,25.211965793229695,0],[121.59674090600187,25.211983195007587,0],[121.59675702755565,25.211999686730042,0],[121.59677428282798,25.21201519996268,0],[121.59679260021642,25.21202967033143,0],[121.596811903711,25.212043037789734,0],[121.5968321132098,25.21205524686766,0],[121.59685314485112,25.2120662469021,0],[121.59687491136177,25.212075992247023,0],[121.59700601476214,25.212105076577085,0],[121.59724579746515,25.212160700053165,0],[121.5975645933464,25.212234352745117,0],[121.59797184297473,25.212329280067152,0],[121.5981726579395,25.21238309832194,0],[121.5982499763397,25.212404608047304,0],[121.5983748155017,25.21245957579429,0],[121.59847092883595,25.212502461089464,0]]}},{"type":"Feature","properties":{"cadgeom_type":"CADLWPolyline","thickness":0,"color":"#FFFF00FF"},"geometry":{"type":"LineString","coordinates":[[121.59661012739463,25.212509981766885,0],[121.59655522598428,25.212478285181746,0],[121.59650247287857,25.21244370086072,0],[121.59645205137592,25.21240634897324,0],[121.59640413667276,25.212366359305033,0],[121.59635889525464,25.212323870807147,0],[121.5963164843179,25.21227903111311,0],[121.59631648431788,25.21227903111311,0],[121.59628141748347,25.21223805806093,0],[121.59624912459853,25.212195239488345,0],[121.596219722715,25.212150730603543,0],[121.59619331840516,25.21210469274153,0],[121.59617000737539,25.21205729277936,0],[121.59614987411938,25.2120087025312,0],[121.59614987411938,25.2120087025312,0],[121.59608003311084,25.211848183289042,0],[121.59602216364434,25.211701009462356,0],[121.59599095588814,25.21164411091345,0],[121.5959407613259,25.21156186686327,0],[121.59590662318442,25.21151722563185,0],[121.59590662318442,25.21151722563185,0],[121.59588192579908,25.21148299679875,0],[121.59585495494949,25.211450218813134,0],[121.59582581332276,25.211419016469627,0],[121.59579461187033,25.2113895085639,0],[121.59576146938578,25.21136180744036,0],[121.59572651205242,25.211336018564435,0],[121.59568987296292,25.211312240121085,0],[121.59557334155218,25.211235433514933,0],[121.59538595813095,25.2111077856832,0],[121.59529011793954,25.211034202268568,0],[121.5951942872212,25.210952194641187,0],[121.5951942872212,25.210952194641187,0],[121.5951150514405,25.210876141576726,0],[121.59504175546692,25.210795309057474,0],[121.59497474669041,25.21071008020607,0],[121.59484078759388,25.21054277008722,0],[121.59473530659709,25.21039310170647,0],[121.59465119641807,25.210267181818075,0]]}}]}