{
"type": "FeatureCollection",
"name": "堤防管理里程(堤防護岸線)",
"crs": { "type": "name", "properties": { "name": "urn:ogc:def:crs:OGC:1.3:CRS84" } },
"features": [
{ "type": "Feature", "properties": { "length": 10491.0, "Display": "塔寮坑溪排水右岸" }, "geometry": { "type": "MultiLineString", "coordinates": [ [ [ 121.446634271711005, 25.0285344732673, -9999.0 ], [ 121.44657087265, 25.028589205723399, -9999.0 ], [ 121.446474170420998, 25.028804394747102, -9999.0 ], [ 121.446456543284, 25.028841234280701, -9999.0 ], [ 121.446455037251994, 25.028980047514199, -9999.0 ], [ 121.446428083205006, 25.0290307975757, -9999.0 ], [ 121.446415087131001, 25.0290538236099, -9999.0 ], [ 121.446400465606999, 25.029080254587502, -9999.0 ], [ 121.446368064702995, 25.029126714655799, -9999.0 ], [ 121.446355360336, 25.029143604593401, -9999.0 ], [ 121.446341454524003, 25.0291596897018, -9999.0 ], [ 121.446326408494002, 25.029174899157098, -9999.0 ], [ 121.446310288495994, 25.029189165990999, -9999.0 ], [ 121.446293165507001, 25.0292024273853, -9999.0 ], [ 121.446275114919999, 25.029214624949098, -9999.0 ], [ 121.446256216212007, 25.029225704975602, -9999.0 ], [ 121.446236552597, 25.029235618678499, -9999.0 ], [ 121.446049233582002, 25.029291969005399, -9999.0 ], [ 121.446043662495995, 25.029293446480299, -9999.0 ], [ 121.445929732313004, 25.029323661177099, -9999.0 ], [ 121.445825194867993, 25.029357089247402, -9999.0 ], [ 121.445706893270994, 25.0293882430305, -9999.0 ], [ 121.445665104417003, 25.029395498255202, -9999.0 ], [ 121.445622911913006, 25.0294004478455, -9999.0 ], [ 121.445580468860996, 25.029403073840999, -9999.0 ], [ 121.445537929273002, 25.0294033667127, -9999.0 ], [ 121.445514690956003, 25.029403436738299, -9999.0 ], [ 121.445460870117003, 25.029404295681999, -9999.0 ], [ 121.445407232937995, 25.0294084334083, -9999.0 ], [ 121.445354019771003, 25.0294158313759, -9999.0 ], [ 121.445301469068994, 25.029426456433999, -9999.0 ], [ 121.445249816315993, 25.029440260970901, -9999.0 ], [ 121.445199292970997, 25.029457183127398, -9999.0 ], [ 121.445199292970997, 25.029457183127398, -9999.0 ], [ 121.445153131729995, 25.029481948788401, -9999.0 ], [ 121.445111189963995, 25.0295119403428, -9999.0 ], [ 121.445082151337004, 25.029538997843101, -9999.0 ], [ 121.445064085667994, 25.0295620764443, -9999.0 ], [ 121.44504006455, 25.029587367721899, -9999.0 ], [ 121.444931123594003, 25.029710187701301, -9999.0 ], [ 121.444826440360998, 25.029821482825401, -9999.0 ], [ 121.444738349721007, 25.0299000043841, -9999.0 ], [ 121.444651638370999, 25.029918180817202, -9999.0 ], [ 121.444343062992004, 25.0299094430144, -9999.0 ], [ 121.444322804940995, 25.029908619448001, -9999.0 ], [ 121.444304876074, 25.029907354412799, -9999.0 ], [ 121.444233870816007, 25.0298993016136, -9999.0 ], [ 121.444213681468995, 25.0298970119069, -9999.0 ], [ 121.444169400915001, 25.029891996713399, -9999.0 ], [ 121.444006252593994, 25.029856006208501, -9999.0 ], [ 121.443845833468998, 25.029810968986901, -9999.0 ], [ 121.443845833468998, 25.029810968986901, -9999.0 ], [ 121.443761782695006, 25.0297819537892, -9999.0 ], [ 121.443750541479005, 25.0297775288875, -9999.0 ], [ 121.443670018619997, 25.0297475876508, -9999.0 ], [ 121.443569924745006, 25.029710217373701, -9999.0 ], [ 121.443510877121, 25.029690919124, -9999.0 ], [ 121.443421553205994, 25.029673748523098, -9999.0 ], [ 121.443321569435, 25.0296416402166, -9999.0 ], [ 121.443260454682004, 25.0296402124319, -9999.0 ], [ 121.443143632613996, 25.0295630709142, -9999.0 ], [ 121.443092480987005, 25.029560224435201, -9999.0 ], [ 121.442746683267998, 25.029451216108601, -9999.0 ], [ 121.442513476524994, 25.029378212931601, -9999.0 ], [ 121.442311811493994, 25.029304544935599, -9999.0 ], [ 121.442073333517001, 25.029217428743799, -9999.0 ], [ 121.442065163156997, 25.029213525104002, -9999.0 ], [ 121.442036098691005, 25.029198599656699, -9999.0 ], [ 121.441916371421996, 25.0291284112845, -9999.0 ], [ 121.441836961633001, 25.0290747606692, -9999.0 ], [ 121.441779342277997, 25.029004410034698, -9999.0 ], [ 121.441721612614998, 25.028932435158701, -9999.0 ], [ 121.441634764471004, 25.028809951254502, -9999.0 ], [ 121.441565619919999, 25.0286934658855, -9999.0 ], [ 121.441517319324007, 25.028588056282199, -9999.0 ], [ 121.441503708260001, 25.028561589896899, -9999.0 ], [ 121.441510330076994, 25.028560313595701, -9999.0 ], [ 121.441498556534, 25.0285061210006, -9999.0 ], [ 121.441490211303005, 25.028475205150698, -9999.0 ], [ 121.441361102612007, 25.0280287593142, -9999.0 ], [ 121.441286946337001, 25.0277801800035, -9999.0 ], [ 121.441267765226002, 25.027785486613801, -9999.0 ], [ 121.441260247562994, 25.027758002168, -9999.0 ], [ 121.441259327048996, 25.027699270595601, -9999.0 ], [ 121.441257737930002, 25.0276679623497, -9999.0 ], [ 121.441252012790997, 25.0276303999715, -9999.0 ], [ 121.441241522575993, 25.027549606045699, -9999.0 ], [ 121.441172923226006, 25.027482685188001, -9999.0 ], [ 121.441169967112998, 25.0274972421517, -9999.0 ], [ 121.441168122855998, 25.027511950513102, -9999.0 ], [ 121.441167399283998, 25.027526739860701, -9999.0 ], [ 121.441167799859002, 25.027541539395202, -9999.0 ], [ 121.441175658803004, 25.0275674545885, -9999.0 ], [ 121.441179098747995, 25.027584950259399, -9999.0 ], [ 121.441185706580001, 25.0276295755374, -9999.0 ], [ 121.441187028314999, 25.0276641888066, -9999.0 ], [ 121.441186180740004, 25.027672927434899, -9999.0 ], [ 121.441161917607999, 25.027680866883301, -9999.0 ], [ 121.441162177183003, 25.027686067781602, -9999.0 ], [ 121.441159691362998, 25.0276943723245, -9999.0 ], [ 121.441158375925994, 25.027759563230699, -9999.0 ], [ 121.441148531044007, 25.0277748707298, -9999.0 ], [ 121.441142716041995, 25.027780855729201, -9999.0 ], [ 121.441096976566996, 25.027740560208599, -9999.0 ], [ 121.441058072096993, 25.027707917425101, -9999.0 ], [ 121.441022380762007, 25.0276810607104, -9999.0 ], [ 121.441003588271002, 25.027666100995098, -9999.0 ], [ 121.440864513446002, 25.027583159773101, -9999.0 ], [ 121.440797933892995, 25.0275523342182, -9999.0 ], [ 121.440727085480006, 25.027524276619801, -9999.0 ], [ 121.440640067211007, 25.027497945665498, -9999.0 ], [ 121.440562800620995, 25.027476769245901, -9999.0 ], [ 121.440460764760999, 25.027446343770301, -9999.0 ], [ 121.440340702051998, 25.0274149675706, -9999.0 ], [ 121.440261382813006, 25.027397853585601, -9999.0 ], [ 121.440246715192998, 25.027394688882499, -9999.0 ], [ 121.440173612324998, 25.027381521620899, -9999.0 ], [ 121.44013866972, 25.027379805797999, -9999.0 ], [ 121.440112437137003, 25.027372414406798, -9999.0 ], [ 121.440102444991993, 25.027370310754499, -9999.0 ], [ 121.440085828426007, 25.027366856523301, -9999.0 ], [ 121.440067696377994, 25.0273640949368, -9999.0 ], [ 121.440025000763001, 25.027359937761499, -9999.0 ], [ 121.439991077764006, 25.0273578444259, -9999.0 ], [ 121.439969689806006, 25.027358241618799, -9999.0 ], [ 121.439929816615006, 25.027360010483701, -9999.0 ], [ 121.439873968303004, 25.027362069845399, -9999.0 ], [ 121.439823690156004, 25.027364413672899, -9999.0 ], [ 121.439742320841006, 25.027368152953201, -9999.0 ], [ 121.439648126883995, 25.0273732103953, -9999.0 ], [ 121.439592045053999, 25.027380036816901, -9999.0 ], [ 121.439510097921001, 25.027392148367401, -9999.0 ], [ 121.439433493839999, 25.0274088677286, -9999.0 ], [ 121.439372248374994, 25.0274255239772, -9999.0 ], [ 121.439312347104007, 25.027442633049201, -9999.0 ], [ 121.439252561621004, 25.027461607249801, -9999.0 ], [ 121.439180256065001, 25.027486792109901, -9999.0 ], [ 121.439111845249997, 25.027512579614001, -9999.0 ], [ 121.439030371873997, 25.0275445616012, -9999.0 ], [ 121.438978399866997, 25.027568010778001, -9999.0 ], [ 121.438920936196993, 25.0275942998123, -9999.0 ], [ 121.438844144599003, 25.027631436503, -9999.0 ], [ 121.438789899560007, 25.027657388680701, -9999.0 ], [ 121.438742759983995, 25.0276794174396, -9999.0 ], [ 121.438688040893993, 25.027704743316001, -9999.0 ], [ 121.438636972569, 25.027728322832399, -9999.0 ], [ 121.438575519850005, 25.027751740466201, -9999.0 ], [ 121.438538897168996, 25.027763305906699, -9999.0 ], [ 121.438434241655997, 25.027787089118601, -9999.0 ], [ 121.438370231994, 25.027799640489398, -9999.0 ], [ 121.438173598670005, 25.0278208565664, -9999.0 ], [ 121.438172853504, 25.0278209104771, -9999.0 ], [ 121.438168557308003, 25.027820947776998, -9999.0 ], [ 121.438139390819003, 25.027822582372099, -9999.0 ], [ 121.438117738721004, 25.027822483715401, -9999.0 ], [ 121.438077202599004, 25.027819349685501, -9999.0 ], [ 121.438068108004998, 25.027818068592001, -9999.0 ], [ 121.438040269829997, 25.027813081795401, -9999.0 ], [ 121.437972284067001, 25.027791853300499, -9999.0 ], [ 121.437940967830002, 25.027783246050198, -9999.0 ], [ 121.437763602928001, 25.027741344379699, -9999.0 ], [ 121.437749314401998, 25.027738202210902, -9999.0 ], [ 121.437632920151998, 25.027713158880399, -9999.0 ], [ 121.437183582428005, 25.0276535136863, -9999.0 ], [ 121.437094716927007, 25.027645120847701, -9999.0 ], [ 121.437005349795001, 25.027636680578102, -9999.0 ], [ 121.436927778162996, 25.027629354288699, -9999.0 ], [ 121.436800226930998, 25.027626649847701, -9999.0 ], [ 121.436628719850006, 25.027638751605199, -9999.0 ], [ 121.436531214097997, 25.027645271250499, -9999.0 ], [ 121.436486548879003, 25.027648257733699, -9999.0 ], [ 121.436367817312004, 25.027656196503301, -9999.0 ], [ 121.436298776064007, 25.027660878245001, -9999.0 ], [ 121.436180879022004, 25.027668872861899, -9999.0 ], [ 121.436128836917007, 25.027672401815099, -9999.0 ], [ 121.436048295091993, 25.027677863286101, -9999.0 ], [ 121.435943592502994, 25.027684479265702, -9999.0 ], [ 121.435852909358005, 25.0276906756981, -9999.0 ], [ 121.435717357087995, 25.027701328294, -9999.0 ], [ 121.435579161153996, 25.0277135320359, -9999.0 ], [ 121.435452859687999, 25.027724140724899, -9999.0 ], [ 121.435321264905994, 25.027734440539302, -9999.0 ], [ 121.435091057465996, 25.027747001260401, -9999.0 ], [ 121.435027641380003, 25.0277504613452, -9999.0 ], [ 121.434995199268997, 25.0277519938582, -9999.0 ], [ 121.434792824579006, 25.027761654403498, -9999.0 ], [ 121.434562912383996, 25.027774335899, -9999.0 ], [ 121.434493723508993, 25.027766998882001, -9999.0 ], [ 121.434487531467994, 25.0277659794241, -9999.0 ], [ 121.434422885564999, 25.027755336103699, -9999.0 ], [ 121.434410312154995, 25.027753266010301, -9999.0 ], [ 121.434362051872, 25.027744157381601, -9999.0 ], [ 121.434282771658005, 25.027723446999001, -9999.0 ], [ 121.434126696017998, 25.0276768691824, -9999.0 ], [ 121.433916894695997, 25.027602884696702, -9999.0 ], [ 121.433773893742, 25.027551317640999, -9999.0 ], [ 121.433637770735999, 25.027513765858799, -9999.0 ], [ 121.433602398228004, 25.027504052216798, -9999.0 ], [ 121.433566637498998, 25.0274956005834, -9999.0 ], [ 121.433557524256997, 25.027493661699701, -9999.0 ], [ 121.433501430522, 25.027483602630198, -9999.0 ], [ 121.433444773695001, 25.027476639868599, -9999.0 ], [ 121.433387759466996, 25.027472798693399, -9999.0 ], [ 121.433330594828007, 25.027472093049699, -9999.0 ], [ 121.433273487313002, 25.027474525499599, -9999.0 ], [ 121.433245502925004, 25.027475503389098, -9999.0 ], [ 121.433070270665993, 25.027460890305299, -9999.0 ], [ 121.432938370951007, 25.027457283455298, -9999.0 ], [ 121.432914344769003, 25.027455230051402, -9999.0 ], [ 121.432860558843004, 25.027458897887701, -9999.0 ], [ 121.432807166897007, 25.027465862557101, -9999.0 ], [ 121.432779111138004, 25.027470582676699, -9999.0 ], [ 121.432639222934, 25.027507002103398, -9999.0 ], [ 121.432628961282006, 25.027509182751601, -9999.0 ], [ 121.432618565864999, 25.027510751636399, -9999.0 ], [ 121.432608080568002, 25.0275117021346, -9999.0 ], [ 121.432597549657999, 25.027512030233499, -9999.0 ], [ 121.432587017591004, 25.027511734548, -9999.0 ], [ 121.432576528831007, 25.027510816326402, -9999.0 ], [ 121.432566127656003, 25.027509279445098, -9999.0 ], [ 121.432555857978002, 25.027507130392198, -9999.0 ], [ 121.432545763150998, 25.027504378240302, -9999.0 ], [ 121.432545763150998, 25.027504378240302, -9999.0 ], [ 121.432486582302005, 25.027481621972498, -9999.0 ], [ 121.432429126816004, 25.0274554513122, -9999.0 ], [ 121.432334374844999, 25.027414141635902, -9999.0 ], [ 121.432099036010996, 25.027311538943, -9999.0 ], [ 121.4320253968, 25.0272688173749, -9999.0 ], [ 121.431994043260005, 25.027255454443001, -9999.0 ], [ 121.431965295381005, 25.027247528882199, -9999.0 ], [ 121.431846876590996, 25.027238740493001, -9999.0 ], [ 121.431728453209004, 25.027247477379099, -9999.0 ], [ 121.431690421341997, 25.0272495676546, -9999.0 ], [ 121.431522772647, 25.0272556161609, -9999.0 ], [ 121.431513998276003, 25.027255579047299, -9999.0 ], [ 121.431380410618999, 25.027260245058301, -9999.0 ], [ 121.431344903717999, 25.027260382914601, -9999.0 ], [ 121.431298834718007, 25.0272605617659, -9999.0 ], [ 121.431215156210996, 25.02726088659, -9999.0 ], [ 121.431177463821001, 25.0272611882931, -9999.0 ], [ 121.430951260293995, 25.0272620679734, -9999.0 ], [ 121.430910350152004, 25.0272707762905, -9999.0 ], [ 121.430900307065997, 25.0272729141052, -9999.0 ], [ 121.430862070074994, 25.027279195705301, -9999.0 ], [ 121.430815538695001, 25.0272868398994, -9999.0 ], [ 121.430765836949007, 25.027295004905199, -9999.0 ], [ 121.430749303613993, 25.0272987818933, -9999.0 ], [ 121.430703046261996, 25.0273125541319, -9999.0 ], [ 121.430654847040998, 25.027323496990899, -9999.0 ], [ 121.430590888167004, 25.027333112050599, -9999.0 ], [ 121.430535443772001, 25.0273377104598, -9999.0 ], [ 121.430474013657999, 25.0273391749095, -9999.0 ], [ 121.430414317262006, 25.0273347119528, -9999.0 ], [ 121.430399628824006, 25.0273338188771, -9999.0 ], [ 121.430337793218996, 25.027457244072501, 0.0 ], [ 121.430346908288001, 25.027463516770599, 0.0 ], [ 121.430353078568004, 25.0274677629587, 0.0 ], [ 121.430354714507999, 25.0274698393549, 0.0 ], [ 121.430355889915006, 25.027471326339299, 0.0 ], [ 121.430355889915006, 25.027471326339299, 0.0 ], [ 121.430357202251002, 25.027472791790998, 0.0 ], [ 121.430358399577003, 25.027474336832999, 0.0 ], [ 121.430359476098999, 25.027475953986698, 0.0 ], [ 121.430360426606001, 25.027477635424599, 0.0 ], [ 121.430361246496005, 25.027479373007999, 0.0 ], [ 121.430361931803006, 25.027481158326601, 0.0 ], [ 121.430362479207005, 25.0274829827387, 0.0 ], [ 121.430362886061005, 25.027484837413699, 0.0 ], [ 121.430363150394001, 25.027486713374302, 0.0 ], [ 121.430363270927003, 25.027488601540501, 0.0 ], [ 121.430363247076997, 25.027490492772799, 0.0 ], [ 121.430363078959004, 25.027492377917, 0.0 ], [ 121.430362767386995, 25.027494247848701, 0.0 ], [ 121.430362313868002, 25.0274960935166, 0.0 ], [ 121.430361720598995, 25.0274979059872, 0.0 ], [ 121.430360990449998, 25.027499676487501, 0.0 ], [ 121.430360126956003, 25.027501396447899, 0.0 ], [ 121.430359134297007, 25.0275030575431, 0.0 ], [ 121.430358017276006, 25.027504651732901, 0.0 ], [ 121.430356781301995, 25.027506171301098, 0.0 ], [ 121.430355432355995, 25.0275076088923, 0.0 ], [ 121.430353976967993, 25.0275089575482, 0.0 ], [ 121.430352422181002, 25.0275102107409, 0.0 ], [ 121.430350775522996, 25.0275113624045, 0.0 ], [ 121.430349044962995, 25.0275124069647, 0.0 ], [ 121.430347238877999, 25.027513339365399, 0.0 ], [ 121.430345366009007, 25.027514155093598, 0.0 ], [ 121.430343435422003, 25.027514850200799, 0.0 ], [ 121.430341456462003, 25.027515421322502, 0.0 ], [ 121.430339438706994, 25.027515865694301, 0.0 ], [ 121.430339438706994, 25.027515865694301, 0.0 ], [ 121.430116526557995, 25.027590791281799, 0.0 ], [ 121.429997611199994, 25.0276333858885, 0.0 ], [ 121.429738222593997, 25.027718096898301, 0.0 ], [ 121.42962946726, 25.027754018058499, 0.0 ], [ 121.429576113639001, 25.027766406194399, 0.0 ], [ 121.429515825588993, 25.027786116340199, 0.0 ], [ 121.429479014554005, 25.027800365864302, 0.0 ], [ 121.429421901799003, 25.0278241759415, 0.0 ], [ 121.429285616597994, 25.027893762563998, 0.0 ], [ 121.429117777436005, 25.028005955709101, 0.0 ], [ 121.429073220435001, 25.028032084894502, 0.0 ], [ 121.429010552986, 25.028069656323002, 0.0 ], [ 121.428955245069005, 25.028103992231301, 0.0 ], [ 121.428874657083995, 25.028146884249001, 0.0 ], [ 121.428828916776993, 25.028167996042999, 0.0 ], [ 121.428771807275993, 25.028191367288301, 0.0 ], [ 121.428746372861994, 25.028200292605, 0.0 ], [ 121.428728219967994, 25.028204951989299, 0.0 ], [ 121.428690486823996, 25.028212489820799, 0.0 ], [ 121.428668210660007, 25.028215989264901, 0.0 ], [ 121.428634686584999, 25.0282193634803, 0.0 ], [ 121.428605859632995, 25.028221973446598, 0.0 ], [ 121.428576092057, 25.028224868541301, 0.0 ], [ 121.428555159444997, 25.0282244556204, 0.0 ], [ 121.428420963264998, 25.028225501413001, 0.0 ], [ 121.428373630259998, 25.028222378850799, 0.0 ], [ 121.428373032699994, 25.0282223394296, 0.0 ], [ 121.428309733858001, 25.0282136799471, 0.0 ], [ 121.428235252917005, 25.028199322518699, 0.0 ], [ 121.428169641777998, 25.028182023447101, 0.0 ], [ 121.428031101681995, 25.028136467243399, 0.0 ], [ 121.427722637349007, 25.028016699484599, 0.0 ], [ 121.427706744250003, 25.028008954746799, 0.0 ], [ 121.427672474009995, 25.027993989087701, 0.0 ], [ 121.427641858453995, 25.027980407389599, 0.0 ], [ 121.427613213092997, 25.0279692913169, 0.0 ], [ 121.427571711420995, 25.027954218042201, 0.0 ], [ 121.427552333905993, 25.027946308417398, 0.0 ], [ 121.427503197117005, 25.0279304011191, 0.0 ], [ 121.427450118943995, 25.027916916898398, 0.0 ], [ 121.427425570744006, 25.027912417298701, 0.0 ], [ 121.427356174728999, 25.027906297723899, 0.0 ], [ 121.427312925826996, 25.027903201251402, 0.0 ], [ 121.427234528740001, 25.027904420273298, 0.0 ], [ 121.427184616947002, 25.0279059669049, 0.0 ], [ 121.427077325075999, 25.027912574765399, 0.0 ], [ 121.426890248145995, 25.0279347788763, 0.0 ], [ 121.426597340097004, 25.0279221423378, 0.0 ], [ 121.426446051678994, 25.0278939615011, 0.0 ], [ 121.426398602589998, 25.027894189408201, 0.0 ], [ 121.426327317277, 25.027904311661999, 0.0 ], [ 121.426240426769994, 25.0279205686595, 0.0 ], [ 121.426022634343994, 25.027881404383901, 0.0 ], [ 121.425725776818993, 25.0278282743806, 0.0 ], [ 121.425456020553, 25.0277850428925, 0.0 ], [ 121.425390874586995, 25.0277746024375, 0.0 ], [ 121.425377454255994, 25.027772451657899, 0.0 ], [ 121.425226494358995, 25.027748998564402, 0.0 ], [ 121.425080819035003, 25.027716385620199, 0.0 ], [ 121.424934757860001, 25.027658357184102, 0.0 ], [ 121.424862857307005, 25.0276220620656, 0.0 ], [ 121.424775899962, 25.0275763286676, 0.0 ], [ 121.424661732817, 25.027516860143098, 0.0 ], [ 121.424577450471006, 25.027471978409501, 0.0 ], [ 121.424489383969004, 25.0274262773444, 0.0 ], [ 121.424407201552995, 25.0273842703639, 0.0 ], [ 121.424394670507994, 25.027377865199298, 0.0 ], [ 121.424249703957003, 25.027302255689101, 0.0 ], [ 121.424183767257006, 25.0272669414584, 0.0 ], [ 121.423995473828995, 25.0271683186111, 0.0 ], [ 121.423884768915002, 25.027108772659201, 0.0 ], [ 121.423820070190999, 25.027074939647399, 0.0 ], [ 121.423629660931994, 25.0269732490653, 0.0 ], [ 121.423497816481003, 25.026912124369801, 0.0 ], [ 121.423415425591998, 25.026880497108401, 0.0 ], [ 121.423335406510006, 25.026837115008998, 0.0 ], [ 121.423264190739005, 25.026797826394699, 0.0 ], [ 121.423189777157006, 25.026757711301201, 0.0 ], [ 121.423172143996993, 25.026749195281401, 0.0 ], [ 121.422999213053004, 25.026651841963702, 0.0 ], [ 121.422939685285002, 25.026618330089299, 0.0 ], [ 121.422946579954001, 25.026608163151302, 0.0 ], [ 121.422684306845994, 25.026450561953698, 0.0 ], [ 121.422397652642999, 25.026301195846901, 0.0 ], [ 121.422281960705007, 25.0262457147183, 0.0 ], [ 121.422175169591, 25.0261585501143, 0.0 ], [ 121.422077061588993, 25.026072600372999, 0.0 ], [ 121.421973725048005, 25.025973070199999, 0.0 ], [ 121.421939625188003, 25.025936354617802, 0.0 ], [ 121.421879789795, 25.025871818905401, 0.0 ], [ 121.421745230179994, 25.0257236909091, 0.0 ], [ 121.421700499804999, 25.025675398897601, 0.0 ], [ 121.421635803667996, 25.0256055512689, 0.0 ], [ 121.421620989594004, 25.025589557594099, 0.0 ], [ 121.421612717848006, 25.025564294793, 0.0 ], [ 121.421596418899995, 25.0255099372907, 0.0 ], [ 121.421587050221007, 25.0254762287124, 0.0 ], [ 121.421489194626005, 25.025364133588301, 0.0 ], [ 121.421489194626005, 25.025364133588301, 0.0 ], [ 121.421392198071004, 25.025294393469402, 0.0 ], [ 121.421299158815003, 25.0252203125325, 0.0 ], [ 121.421210310608004, 25.0251420769027, 0.0 ], [ 121.421210310608004, 25.0251420769027, 0.0 ], [ 121.421166207333997, 25.025100803410101, 0.0 ], [ 121.421125316852994, 25.0250568694543, 0.0 ], [ 121.421087831977999, 25.025010482203498, 0.0 ], [ 121.421053929463, 25.024961860394001, 0.0 ], [ 121.421023769168002, 25.024911233298798, 0.0 ], [ 121.420997493307993, 25.024858839646299, 0.0 ], [ 121.420975225779998, 25.024804926494902, 0.0 ], [ 121.420853022046998, 25.0244809486199, 0.0 ], [ 121.420804228585993, 25.024324487541701, 0.0 ], [ 121.420707438294997, 25.024040718770699, 0.0 ], [ 121.420674956594993, 25.023949761726499, 0.0 ], [ 121.420520754029994, 25.023517953231199, 0.0 ], [ 121.420429618038, 25.023237750299099, 0.0 ], [ 121.420395651622002, 25.023133318216999, 0.0 ], [ 121.420400451109003, 25.0231186177596, 0.0 ], [ 121.420373101261006, 25.023039397155099, 0.0 ], [ 121.420321335856997, 25.022949342696599, 0.0 ], [ 121.420303928083001, 25.022910975667401, 0.0 ], [ 121.420176854247998, 25.0225444287267, 0.0 ], [ 121.420034638949005, 25.022132421213101, 0.0 ], [ 121.419920065560007, 25.021800047434098, 0.0 ], [ 121.419763598474006, 25.021359540679899, 0.0 ], [ 121.419729185734994, 25.021243777595199, 0.0 ], [ 121.419721945063003, 25.0212194202334, 0.0 ], [ 121.419697972693996, 25.021041729961102, 0.0 ], [ 121.419694438839997, 25.020967979298, 0.0 ], [ 121.419685811809003, 25.020762512193802, 0.0 ], [ 121.419673368006002, 25.020400840650598, 0.0 ], [ 121.419669481585998, 25.020175742217099, 0.0 ], [ 121.419671210352007, 25.0200294910988, 0.0 ], [ 121.419671670336001, 25.019960014286799, 0.0 ], [ 121.419669116996999, 25.019899798976901, 0.0 ], [ 121.419662386368003, 25.0198398516224, 0.0 ], [ 121.419651505440001, 25.019780412575699, 0.0 ], [ 121.419636517846996, 25.0197217201511, 0.0 ], [ 121.419617483682998, 25.019664009668801, 0.0 ], [ 121.419594824507996, 25.019623233377601, 0.0 ], [ 121.419569804606994, 25.0195836195463, 0.0 ], [ 121.419542495586001, 25.019545281542602, 0.0 ], [ 121.4195129756, 25.019508329082701, 0.0 ], [ 121.4195129756, 25.019508329082701, 0.0 ], [ 121.41949872571, 25.019490045519301, 0.0 ], [ 121.419483281029002, 25.019472586066598, 0.0 ], [ 121.419466698817004, 25.019456015453201, 0.0 ], [ 121.419449040551001, 25.019440395112699, 0.0 ], [ 121.419430371697004, 25.019425782955398, 0.0 ], [ 121.419410761468001, 25.019412233154, 0.0 ], [ 121.419390282565999, 25.019399795942601, 0.0 ], [ 121.419253912607005, 25.019328380468899, 0.0 ], [ 121.419253912607005, 25.019328380468899, 0.0 ], [ 121.419205155013003, 25.0193158296203, 0.0 ], [ 121.419155584462999, 25.019306282044301, 0.0 ], [ 121.4191054235, 25.019299780604602, 0.0 ], [ 121.419054897322994, 25.019296354489398, 0.0 ], [ 121.419004232766994, 25.019296019079999, 0.0 ], [ 121.418657791927004, 25.0192851262644, 0.0 ], [ 121.418492871471997, 25.019284323311801, 0.0 ], [ 121.418212593836998, 25.0192814621923, 0.0 ], [ 121.417923542406001, 25.019277543249299, 0.0 ], [ 121.417768961608999, 25.019273246195699, 0.0 ], [ 121.417489874591993, 25.019259369851099, 0.0 ], [ 121.417206634333994, 25.019242567677701, 0.0 ], [ 121.417183388553994, 25.0192427213298, 0.0 ], [ 121.416925800935005, 25.0192277291398, 0.0 ], [ 121.416646133702002, 25.019216574156101, 0.0 ], [ 121.416450438658003, 25.019208612522899, 0.0 ], [ 121.416405486011996, 25.019206783638399, 0.0 ], [ 121.416012393082994, 25.019199485107499, 0.0 ], [ 121.415598190612997, 25.0191949669954, 0.0 ], [ 121.415428140448, 25.0192191367113, 0.0 ], [ 121.415287791981996, 25.019263566851599, 0.0 ], [ 121.415168439598006, 25.019317555932801, 0.0 ], [ 121.415121506305994, 25.0193435838124, 0.0 ], [ 121.414998909234995, 25.019395186379001, 0.0 ], [ 121.414963922252994, 25.0194098659058, 0.0 ], [ 121.414847635721003, 25.019459702480901, 0.0 ], [ 121.414755254485996, 25.019493888384002, 0.0 ], [ 121.414737113434001, 25.019501223919299, 0.0 ], [ 121.414722575816995, 25.019503314404499, 0.0 ], [ 121.414640902182995, 25.019512419035198, 0.0 ], [ 121.414615657482003, 25.019512006541699, 0.0 ], [ 121.414549606286002, 25.019505562770998, 0.0 ], [ 121.414526891712995, 25.019500832269799, 0.0 ], [ 121.414483104691996, 25.019487650007399, 0.0 ], [ 121.414458359649998, 25.019477901818501, 0.0 ], [ 121.414425569702004, 25.0194616041362, 0.0 ], [ 121.414368961183996, 25.019424105555899, 0.0 ], [ 121.414320027282997, 25.019381368498401, 0.0 ], [ 121.414305701673996, 25.0193666562127, 0.0 ], [ 121.414258930089005, 25.0193187787658, 0.0 ], [ 121.414180067705999, 25.0192302988054, 0.0 ], [ 121.413970625153993, 25.018996313052099, 0.0 ], [ 121.413869062391001, 25.01888257689, 0.0 ], [ 121.413823237382999, 25.018828953192202, 0.0 ], [ 121.413784602993005, 25.0187992842257, 0.0 ], [ 121.413723494834997, 25.0187590051654, 0.0 ], [ 121.413663041448004, 25.0187191379352, 0.0 ], [ 121.413641236214005, 25.018704761585401, 0.0 ], [ 121.413591360186004, 25.018671877932199, 0.0 ], [ 121.413581092982, 25.018666327303499, 0.0 ], [ 121.413559298500005, 25.018654544823299, 0.0 ], [ 121.413535810913004, 25.018643031358, 0.0 ], [ 121.413510092435004, 25.0186329145657, 0.0 ], [ 121.413483100232, 25.018623003247999, 0.0 ], [ 121.413460792543006, 25.018613521613499, 0.0 ], [ 121.413437445388993, 25.018606545692101, 0.0 ], [ 121.413411270712999, 25.0185987249268, 0.0 ], [ 121.413379573008996, 25.018589253921501, 0.0 ], [ 121.413330677822998, 25.018580483039401, 0.0 ], [ 121.413304408498007, 25.0185757708065, 0.0 ], [ 121.413272718255001, 25.018570086154, 0.0 ], [ 121.413223237126005, 25.0185658659565, 0.0 ], [ 121.413119601239998, 25.018558415137601, 0.0 ], [ 121.413038156401996, 25.018552978254299, 0.0 ], [ 121.412978382061993, 25.0185489879652, 0.0 ], [ 121.412886910983005, 25.018542881685001, 0.0 ], [ 121.412866243197001, 25.0185432784181, 0.0 ], [ 121.412814328191004, 25.018544274951701, 0.0 ], [ 121.412762907374002, 25.0185432480895, 0.0 ], [ 121.412718686797007, 25.0185423650003, 0.0 ], [ 121.41267101023, 25.018541086196901, 0.0 ], [ 121.412623013993993, 25.018538365069102, 0.0 ], [ 121.412575581325001, 25.018535675877299, 0.0 ], [ 121.412486488002003, 25.0185306246963, 0.0 ], [ 121.412356922159006, 25.018523278813699, 0.0 ], [ 121.412329889958997, 25.0185187085095, 0.0 ], [ 121.412303016961999, 25.018513415794999, 0.0 ], [ 121.412276326416006, 25.018507405248901, 0.0 ], [ 121.412249841410002, 25.018500682070801, 0.0 ], [ 121.412215824171994, 25.018491549511701, 0.0 ], [ 121.412182172550004, 25.018481354179301, 0.0 ], [ 121.412148926521994, 25.018470108185898, 0.0 ], [ 121.412116125585996, 25.018457824892, 0.0 ], [ 121.412083808708005, 25.018444518890298, 0.0 ], [ 121.412052014283006, 25.018430205988501, 0.0 ], [ 121.412020780082003, 25.018414903190699, 0.0 ], [ 121.411990143211995, 25.0183986286767, 0.0 ], [ 121.411960140068999, 25.018381401780999, 0.0 ], [ 121.411930806298002, 25.018363242969301, 0.0 ], [ 121.411902176747006, 25.0183441738147, 0.0 ], [ 121.411874285428993, 25.0183242169715, 0.0 ], [ 121.411847165476999, 25.018303396148699, 0.0 ], [ 121.411820849110995, 25.0182817360817, 0.0 ], [ 121.411808871348995, 25.018273192457901, 0.0 ], [ 121.411767321785007, 25.018248055629499, 0.0 ], [ 121.411632053009001, 25.018163354724901, 0.0 ], [ 121.411530195565007, 25.018103901853301, 0.0 ], [ 121.411426228522004, 25.018047562446199, 0.0 ], [ 121.411386342593005, 25.018028045480701, 0.0 ], [ 121.411332842275002, 25.018008349491801, 0.0 ], [ 121.411259148477995, 25.017979527649601, 0.0 ], [ 121.411181637769005, 25.017961911307101, 0.0 ], [ 121.411072539464996, 25.017964993663199, 0.0 ], [ 121.410847307325, 25.0179798717433, 0.0 ], [ 121.410146270062995, 25.018109384859699, 0.0 ], [ 121.410065322121, 25.018148691259402, 0.0 ], [ 121.409596551611997, 25.018296439019899, 0.0 ], [ 121.409436878419996, 25.018334362428501, 0.0 ], [ 121.409422055045994, 25.018337632522801, 0.0 ], [ 121.409403485802002, 25.0183411693199, 0.0 ], [ 121.409384792449998, 25.018344113693601, 0.0 ], [ 121.409365997747003, 25.018346462059299, 0.0 ], [ 121.409347124575007, 25.018348211558202, 0.0 ], [ 121.409328195908998, 25.018349360060402, 0.0 ], [ 121.409309234792005, 25.018349906167799, 0.0 ], [ 121.409290264309007, 25.0183498492155, 0.0 ], [ 121.409271307553993, 25.018349189272801, 0.0 ], [ 121.409252387603999, 25.0183479271432, 0.0 ], [ 121.409233527493001, 25.018346064363101, 0.0 ], [ 121.409214750182002, 25.0183436032004, 0.0 ], [ 121.409196078527998, 25.0183405466511, 0.0 ], [ 121.409177535264007, 25.018336898436502, 0.0 ], [ 121.409159142964, 25.018332662997601, 0.0 ], [ 121.409140924018004, 25.018327845490901, 0.0 ], [ 121.409122900607002, 25.018322451781, 0.0 ], [ 121.409105094671006, 25.018316488434401, 0.0 ], [ 121.409087527888005, 25.0183099627106, 0.0 ], [ 121.409070221644001, 25.018302882554199, 0.0 ], [ 121.409053197006003, 25.018295256584398, 0.0 ], [ 121.409036474700997, 25.018287094085199, 0.0 ], [ 121.409020075087, 25.018278404993399, 0.0 ], [ 121.409004018127007, 25.0182691998872, 0.0 ], [ 121.408787258494996, 25.0181098777554, 0.0 ], [ 121.408694460023995, 25.018041669025699, 0.0 ], [ 121.408622750540005, 25.017979347136698, 0.0 ], [ 121.408574603903006, 25.017937429939401, 0.0 ], [ 121.408521084916003, 25.017897704370601, 0.0 ], [ 121.407674223265005, 25.017410565408198, 0.0 ], [ 121.407571902599003, 25.017374669865799, 0.0 ], [ 121.407466623234001, 25.0173489210447, 0.0 ], [ 121.407318109360006, 25.017324509401298, 0.0 ], [ 121.406869783359994, 25.0172390840787, 0.0 ], [ 121.406852326909004, 25.0172365678327, 0.0 ], [ 121.406058315584005, 25.017069025965, 0.0 ], [ 121.405593608179998, 25.016966966394399, 0.0 ], [ 121.405390581974999, 25.0169519373698, 0.0 ], [ 121.405391090874005, 25.016965099121201, 0.0 ], [ 121.404555995172004, 25.0171006391821, 0.0 ], [ 121.404332692669001, 25.017136881412, 0.0 ], [ 121.404325130863, 25.017138197039799, 0.0 ], [ 121.404317524855998, 25.017139280666701, 0.0 ], [ 121.404309883221003, 25.017140131071699, 0.0 ], [ 121.404302214566997, 25.017140747296398, 0.0 ], [ 121.404294527535001, 25.017141128646699, 0.0 ], [ 121.404286830787996, 25.017141274692701, 0.0 ], [ 121.404279132997004, 25.0171411852698, 0.0 ], [ 121.404271442837, 25.017140860479, 0.0 ], [ 121.404263768972996, 25.017140300685998, 0.0 ], [ 121.404256120051997, 25.017139506521801, 0.0 ], [ 121.404248504693001, 25.017138478881201, 0.0 ], [ 121.404240931477005, 25.017137218921999, 0.0 ], [ 121.404233408937003, 25.017135728064101, 0.0 ], [ 121.404225945549001, 25.017134007987298, 0.0 ], [ 121.404218549725002, 25.017132060629901, 0.0 ], [ 121.404211229796005, 25.017129888186101, 0.0 ], [ 121.404203994011993, 25.0171274931038, 0.0 ], [ 121.404196850524997, 25.017124878081798, 0.0 ], [ 121.404189807384995, 25.017122046066799, 0.0 ], [ 121.404182872527997, 25.0171190002497, 0.0 ], [ 121.403901727478996, 25.0169829384044, 0.0 ], [ 121.403330137173995, 25.016722793846501, 0.0 ], [ 121.40310619604, 25.016613988408, 0.0 ], [ 121.402931414815001, 25.016531524361898, 0.0 ], [ 121.402906749549999, 25.0165202556278, 0.0 ], [ 121.402882525419997, 25.016508218564699, 0.0 ], [ 121.402858771238002, 25.016495427490799, 0.0 ], [ 121.402835515261003, 25.016481897621301, 0.0 ], [ 121.402812785150999, 25.016467645050099, 0.0 ], [ 121.402790607946002, 25.016452686730901, 0.0 ], [ 121.402769010027001, 25.016437040456701, 0.0 ], [ 121.402737514367004, 25.016412562174299, 0.0 ], [ 121.402647418846996, 25.016332128198801, 0.0 ], [ 121.402052664609997, 25.015894605339302, 0.0 ], [ 121.402008113232995, 25.0158751984169, 0.0 ], [ 121.401522747765995, 25.015663768217099, 0.0 ], [ 121.401486145720995, 25.015654017261301, 0.0 ], [ 121.401431828922995, 25.0156475281686, 0.0 ], [ 121.401372288892006, 25.015649648021, 0.0 ], [ 121.400588247645999, 25.0156937218831, 0.0 ], [ 121.400164073016995, 25.0157175645748, 0.0 ], [ 121.399664453504002, 25.015742146945399, 0.0 ], [ 121.399564837479005, 25.015760155117999, 0.0 ], [ 121.399282687357996, 25.015809033453699, 0.0 ], [ 121.398857882464995, 25.015883636643899, 0.0 ], [ 121.398857882464995, 25.015883636643899, 0.0 ], [ 121.398604632201, 25.015928111213, 0.0 ], [ 121.398368230035999, 25.016004487825999, 0.0 ], [ 121.398298011137996, 25.015970318230401, 0.0 ], [ 121.398218540669006, 25.015997238054101, 0.0 ], [ 121.398014004596007, 25.016028766435301, 0.0 ], [ 121.397803545494995, 25.016063013897899, 0.0 ], [ 121.397771756818997, 25.0160655221299, 0.0 ], [ 121.397462851220993, 25.016111918079801, 0.0 ], [ 121.397425250620003, 25.016108085225099, 0.0 ], [ 121.397347161943998, 25.016100125147201, 0.0 ], [ 121.397300548686005, 25.016095373539802, 0.0 ], [ 121.397264486620998, 25.0160849841611, 0.0 ], [ 121.397138503524999, 25.016037694112299, 0.0 ], [ 121.397052389749007, 25.015962907167498, 0.0 ], [ 121.397028713175999, 25.0159939333465, 0.0 ], [ 121.396978988391993, 25.015947216947399, 0.0 ], [ 121.396960022000997, 25.015928218539301, 0.0 ], [ 121.396965683439007, 25.0159104789536, 0.0 ], [ 121.396945226512003, 25.015888727333401, 0.0 ], [ 121.396878105097002, 25.015816019852299, 0.0 ], [ 121.396840089324002, 25.0157764614661, 0.0 ], [ 121.396624648751001, 25.0155600475996, 0.0 ], [ 121.396482438177998, 25.015417193967298, 0.0 ], [ 121.396391007353003, 25.0153351844966, 0.0 ], [ 121.396196412506995, 25.015169087639901, 0.0 ], [ 121.396093902895998, 25.015073780561401, 0.0 ], [ 121.396043813073007, 25.015032769415601, 0.0 ], [ 121.395944512268002, 25.014956630744699, 0.0 ], [ 121.395832940084006, 25.014871082827302, 0.0 ], [ 121.395757155484006, 25.014812974905801, 0.0 ], [ 121.395750875195006, 25.0148079879839, 0.0 ], [ 121.395721489113996, 25.014794768537399, 0.0 ], [ 121.395691689708997, 25.014782341072301, 0.0 ], [ 121.395661502679999, 25.014770716306401, 0.0 ], [ 121.395630954061005, 25.014759904265201, 0.0 ], [ 121.395580324929, 25.014743591700402, 0.0 ], [ 121.395529151405995, 25.0147287565093, 0.0 ], [ 121.395477485395006, 25.0147154137393, 0.0 ], [ 121.395264082110998, 25.014663880912099, 0.0 ], [ 121.395162657393996, 25.0146397545596, 0.0 ], [ 121.395031817464996, 25.014609110869198, 0.0 ], [ 121.394987295608999, 25.0145988982825, 0.0 ], [ 121.394790002655995, 25.014558704395998, 0.0 ], [ 121.394765949496005, 25.014553010701, 0.0 ], [ 121.394741704251999, 25.014548039285899, 0.0 ], [ 121.394717293035001, 25.0145437955054, 0.0 ], [ 121.394692742141004, 25.014540283930199, 0.0 ], [ 121.394668078010994, 25.014537508342599, 0.0 ], [ 121.394643327210005, 25.014535471732199, 0.0 ], [ 121.394618516397003, 25.014534176292401, 0.0 ], [ 121.394593672295002, 25.014533623418501, 0.0 ], [ 121.394568821662006, 25.014533813706102, 0.0 ], [ 121.394543991264996, 25.014534746950201, 0.0 ], [ 121.394519207846997, 25.0145364221456, 0.0 ], [ 121.394494498102006, 25.0145388374881, 0.0 ], [ 121.394469888643997, 25.014541990376099, 0.0 ], [ 121.394445405979994, 25.014545877413799, 0.0 ], [ 121.394421076477997, 25.0145504944146, 0.0 ], [ 121.394392441815, 25.014554030172899, 0.0 ], [ 121.394363960055003, 25.014558474607099, 0.0 ], [ 121.394335665914994, 25.014563822299799, 0.0 ], [ 121.394307593883994, 25.014570066732499, 0.0 ], [ 121.394279778180007, 25.014577200293601, 0.0 ], [ 121.394252252708995, 25.014585214287901, 0.0 ], [ 121.394225051020996, 25.014594098946901, 0.0 ], [ 121.394198206273998, 25.0146038434407, 0.0 ], [ 121.394171751190001, 25.014614435891598, 0.0 ], [ 121.394145718016006, 25.014625863388101, 0.0 ], [ 121.394120138484993, 25.014638112000799, 0.0 ], [ 121.394095043777, 25.014651166799499, 0.0 ], [ 121.394070464479995, 25.014665011871301, 0.0 ], [ 121.393943171836995, 25.014757269141299, 0.0 ], [ 121.393909385826007, 25.014779828975701, 0.0 ], [ 121.393888933837005, 25.014792921680801, 0.0 ], [ 121.393618027328003, 25.0149882601348, 0.0 ], [ 121.393617660700997, 25.014987177367399, 0.0 ], [ 121.393365588630999, 25.015198301758002, 0.0 ], [ 121.393237320276, 25.015300921806102, 0.0 ], [ 121.393151827181995, 25.015363975302598, 0.0 ], [ 121.393075671548999, 25.015412802666599, 0.0 ], [ 121.393010935440998, 25.015444717026298, 0.0 ], [ 121.392952469041006, 25.015463550945601, 0.0 ], [ 121.392902153380007, 25.015471944731701, 0.0 ], [ 121.392858354368002, 25.015476348864201, 0.0 ], [ 121.392818155097004, 25.015475516130898, 0.0 ], [ 121.392778979354006, 25.015472513908701, 0.0 ], [ 121.392739266605005, 25.015462660670401, 0.0 ], [ 121.392692200580001, 25.0154429680173, 0.0 ], [ 121.392661055439007, 25.015424792539601, 0.0 ], [ 121.392647353163994, 25.015416796252101, 0.0 ], [ 121.392574786677002, 25.015354295846102, 0.0 ], [ 121.392549087526007, 25.015330023592501, 0.0 ], [ 121.392458656176004, 25.015211125812701, 0.0 ], [ 121.392407045422004, 25.015139343162399, 0.0 ], [ 121.392384146374994, 25.015092014424901, 0.0 ], [ 121.392372968955002, 25.015057321356799, 0.0 ], [ 121.392369173586005, 25.015029063991499, 0.0 ], [ 121.392368255004001, 25.0149987857402, 0.0 ], [ 121.392383765315998, 25.014950290314999, 0.0 ], [ 121.392401032663997, 25.014912199797799, 0.0 ], [ 121.392486584984994, 25.0147306149704, 0.0 ], [ 121.392558843152003, 25.0145747414685, 0.0 ], [ 121.392594856612007, 25.014502528905599, 0.0 ], [ 121.392657859096005, 25.014413624985199, 0.0 ], [ 121.392694378629997, 25.0143620915523, 0.0 ], [ 121.392719615724999, 25.0143001653983, 0.0 ], [ 121.392742669564001, 25.014237536413699, 0.0 ], [ 121.392763516632002, 25.014174268491399, 0.0 ], [ 121.392782135662998, 25.0141104261759, 0.0 ], [ 121.392798507668005, 25.014046074597701, 0.0 ], [ 121.392798507668005, 25.014046074597701, 0.0 ], [ 121.392809099850993, 25.013987119370899, 0.0 ], [ 121.392811226633, 25.0138645916633, 0.0 ], [ 121.392788108288002, 25.013776329569399, 0.0 ], [ 121.392735725937996, 25.013648727514401, 0.0 ], [ 121.392686074208001, 25.0135693420191, 0.0 ], [ 121.392655078649, 25.013533982115, 0.0 ], [ 121.392576290384994, 25.013444099906302, 0.0 ], [ 121.392509605962005, 25.013382336236099, 0.0 ], [ 121.392461439593006, 25.013333217940598, 0.0 ], [ 121.392440969684003, 25.0133146852721, 0.0 ], [ 121.392376736285996, 25.013288302839999, 0.0 ], [ 121.392243461038007, 25.013251924243502, 0.0 ], [ 121.392227953431004, 25.0132481266001, 0.0 ], [ 121.392212312997003, 25.0132448119729, 0.0 ], [ 121.392196557849005, 25.013241984200501, 0.0 ], [ 121.392180706233006, 25.0132396465578, 0.0 ], [ 121.392164776507002, 25.013237801751998, 0.0 ], [ 121.392148787118003, 25.0132364519195, 0.0 ], [ 121.392132756584999, 25.013235598623599, 0.0 ], [ 121.392116703471004, 25.013235242852499, 0.0 ], [ 121.392100646367993, 25.013235385018099, 0.0 ], [ 121.392084603870998, 25.013236024955901, 0.0 ], [ 121.392068594560001, 25.0132371619247, 0.0 ], [ 121.392052636973006, 25.013238794607901, 0.0 ], [ 121.392036749591995, 25.013240921114601, 0.0 ], [ 121.392020950816004, 25.013243538982099, 0.0 ], [ 121.392005258940998, 25.0132466451788, 0.0 ], [ 121.391989692139006, 25.0132502361073, 0.0 ], [ 121.391974268439995, 25.013254307608999, 0.0 ], [ 121.391959005703001, 25.0132588549688, 0.0 ], [ 121.391895129340995, 25.013278255572001, 0.0 ], [ 121.391845159319004, 25.013301494808001, 0.0 ], [ 121.391700214883002, 25.013366031275801, 0.0 ], [ 121.391653857861002, 25.013385266139601, 0.0 ], [ 121.391603119923005, 25.013400856092801, 0.0 ], [ 121.391426371169004, 25.013432743880099, 0.0 ], [ 121.391158967695006, 25.013514896007798, 0.0 ], [ 121.39092068651, 25.013637466910399, 0.0 ], [ 121.390833008759998, 25.013677069489098, 0.0 ], [ 121.390636415505, 25.0137577928577, 0.0 ], [ 121.390494697902, 25.013812316401602, 0.0 ], [ 121.390392167539005, 25.013845493511301, 0.0 ], [ 121.390317432176005, 25.013860992547201, 0.0 ], [ 121.390258029962993, 25.013868903705301, 0.0 ], [ 121.390219357953001, 25.013871496983398, 0.0 ], [ 121.390176940494001, 25.013874000768698, 0.0 ], [ 121.390130484005994, 25.0138681640253, 0.0 ], [ 121.390078861055002, 25.013857772535601, 0.0 ], [ 121.390031353789993, 25.013842350536699, 0.0 ], [ 121.389985870768001, 25.013821614614098, 0.0 ], [ 121.389940274797993, 25.0138027568456, 0.0 ], [ 121.389764180637002, 25.013695340178401, 0.0 ], [ 121.389732622173, 25.0136775769375, 0.0 ], [ 121.389650227668994, 25.013637858136502, 0.0 ], [ 121.389445872861003, 25.013510309952402, 0.0 ], [ 121.389349936984004, 25.013441648679901, 0.0 ], [ 121.389279614372001, 25.013376603814098, 0.0 ], [ 121.389197559373002, 25.0132858952731, 0.0 ], [ 121.389128349391996, 25.0132006234603, 0.0 ], [ 121.389110508371004, 25.013178641979898, 0.0 ], [ 121.389045670537001, 25.013074463316801, 0.0 ], [ 121.388988092573996, 25.012937998730099, 0.0 ], [ 121.388952402921007, 25.012827315670599, 0.0 ], [ 121.388936836962998, 25.0127578389924, 0.0 ], [ 121.388926900208006, 25.012701447555099, 0.0 ], [ 121.388926135871003, 25.012669534751399, 0.0 ], [ 121.388936431339005, 25.012619626838401, 0.0 ], [ 121.388962403166005, 25.0125673125251, 0.0 ], [ 121.388992693614, 25.012527220166099, 0.0 ], [ 121.389028158385997, 25.012500503134099, 0.0 ], [ 121.389072544835997, 25.0124847230265, 0.0 ], [ 121.389127902191007, 25.012473058157301, 0.0 ], [ 121.389232611026998, 25.012461742598699, 0.0 ], [ 121.389359809, 25.0124531307249, 0.0 ], [ 121.389510382595006, 25.0124675241053, 0.0 ], [ 121.389635628831996, 25.012463631601701, 0.0 ], [ 121.389642443393001, 25.012463312690802, 0.0 ], [ 121.389649241862998, 25.012462780167599, 0.0 ], [ 121.389656016180993, 25.012462034663599, 0.0 ], [ 121.389662758314003, 25.012461077062898, 0.0 ], [ 121.389669460267001, 25.012459908501, 0.0 ], [ 121.389676114093007, 25.012458530363599, 0.0 ], [ 121.389682711901003, 25.012456944284899, 0.0 ], [ 121.389689245867004, 25.012455152145701, 0.0 ], [ 121.389695708244005, 25.012453156071199, 0.0 ], [ 121.389702091369003, 25.0124509584283, 0.0 ], [ 121.389708387671007, 25.012448561823099, 0.0 ], [ 121.389714589685994, 25.012445969097399, 0.0 ], [ 121.389720690057999, 25.0124431833258, 0.0 ], [ 121.389726681553, 25.012440207811601, 0.0 ], [ 121.389732557068001, 25.012437046083299, 0.0 ], [ 121.389738309633998, 25.0124337018901, 0.0 ], [ 121.389743932429994, 25.0124301791977, 0.0 ], [ 121.389749418788, 25.012426482183098, 0.0 ], [ 121.389754762204007, 25.012422615230498, 0.0 ], [ 121.389759956339006, 25.012418582925299, 0.0 ], [ 121.389764995036003, 25.012414390049099, 0.0 ], [ 121.389769872318993, 25.012410041573801, 0.0 ], [ 121.389774582404996, 25.012405542655902, 0.0 ], [ 121.389779119707995, 25.0124008986304, 0.0 ], [ 121.389783478848003, 25.012396115004101, 0.0 ], [ 121.389787654656004, 25.012391197449599, 0.0 ], [ 121.389791642180001, 25.012386151798101, 0.0 ], [ 121.389795436691998, 25.012380984032902, 0.0 ], [ 121.389799033692995, 25.0123757002819, 0.0 ], [ 121.389802428915999, 25.012370306810698, 0.0 ], [ 121.389805618335998, 25.012364810015001, 0.0 ], [ 121.389808598171001, 25.012359216412801, 0.0 ], [ 121.389811364886995, 25.012353532637299, 0.0 ], [ 121.389813915203007, 25.012347765428199, 0.0 ], [ 121.389816246096004, 25.012341921624401, 0.0 ], [ 121.389818354802003, 25.012336008155501, 0.0 ], [ 121.389820238818999, 25.012330032033798, 0.0 ], [ 121.389821895913997, 25.012324000345899, 0.0 ], [ 121.389823324122005, 25.0123179202442, 0.0 ], [ 121.389824521749006, 25.012311798938601, 0.0 ], [ 121.389825487375006, 25.0123056436877, 0.0 ], [ 121.389826219856005, 25.012299461790601, 0.0 ], [ 121.389826718321999, 25.0122932605777, 0.0 ], [ 121.389826982182001, 25.012287047402602, 0.0 ], [ 121.389827011125007, 25.0122808296329, 0.0 ], [ 121.389826805115007, 25.012274614641701, 0.0 ], [ 121.389826364396001, 25.0122684097988, 0.0 ], [ 121.389825689492, 25.012262222461899, 0.0 ], [ 121.389824781203004, 25.012256059968198, 0.0 ], [ 121.389823640605997, 25.012249929625, 0.0 ], [ 121.389822269052999, 25.012243838701799, 0.0 ], [ 121.389820668170003, 25.012237794421399, 0.0 ], [ 121.389757440162995, 25.0120158954816, 0.0 ], [ 121.389715605372004, 25.011882439066301, 0.0 ], [ 121.389688386835005, 25.011836244832999, 0.0 ], [ 121.389667924291004, 25.011818681471201, 0.0 ], [ 121.389651186109006, 25.011807595892002, 0.0 ], [ 121.389509499404994, 25.011738419607902, 0.0 ], [ 121.38934482821, 25.011647874443, 0.0 ], [ 121.389171929539003, 25.011688763861599, 0.0 ], [ 121.388863825393003, 25.011872147200201, 0.0 ], [ 121.388734636093005, 25.0119296047808, 0.0 ], [ 121.388692326099999, 25.011948421874699, 0.0 ], [ 121.388687023320998, 25.0119505663979, 0.0 ], [ 121.388687022881996, 25.011950566575301, 0.0 ], [ 121.388615661890995, 25.0119794265694, 0.0 ], [ 121.388566240580005, 25.011985480037499, 0.0 ], [ 121.388480647180998, 25.011985834569199, 0.0 ], [ 121.388413810952002, 25.011976403111099, 0.0 ], [ 121.388244919002005, 25.011938421780901, 0.0 ], [ 121.387957021991994, 25.011850295574501, 0.0 ], [ 121.387923911363998, 25.011829649316201, 0.0 ], [ 121.387908466224999, 25.0118179709545, 0.0 ], [ 121.387880089814999, 25.011792125702001, 0.0 ], [ 121.387681988553993, 25.0115907654681, 0.0 ], [ 121.387558541651003, 25.011459401054299, 0.0 ], [ 121.387441326398005, 25.011323379406701, 0.0 ], [ 121.387390748764005, 25.011254909090098, 0.0 ], [ 121.387344223281005, 25.011184093067801, 0.0 ], [ 121.387301880638006, 25.0111111302711, 0.0 ], [ 121.387263839772004, 25.011036225661702, 0.0 ], [ 121.38726105408, 25.011026131553301, 0.0 ], [ 121.387234148919006, 25.010987395458301, 0.0 ], [ 121.387155252726998, 25.010883030753501, 0.0 ], [ 121.387014249624002, 25.010727918343299, 0.0 ], [ 121.386984119179999, 25.010701672660701, 0.0 ], [ 121.386900252526999, 25.010624671701301, 0.0 ], [ 121.386888207572994, 25.010613365392199, 0.0 ], [ 121.386875748609, 25.010602437967801, 0.0 ], [ 121.386862889978005, 25.0105919020092, 0.0 ], [ 121.386849646485999, 25.010581769647001, 0.0 ], [ 121.386836033378998, 25.010572052547101, 0.0 ], [ 121.386822066332996, 25.010562761897098, 0.0 ], [ 121.386807761426994, 25.010553908394002, 0.0 ], [ 121.386793135131001, 25.010545502231, 0.0 ], [ 121.386778204286003, 25.010537553086699, 0.0 ], [ 121.386762986082999, 25.010530070113099, 0.0 ], [ 121.386747498041998, 25.010523061925799, 0.0 ], [ 121.386731757996003, 25.010516536593698, 0.0 ], [ 121.386715784066993, 25.0105105016296, 0.0 ], [ 121.386699594646004, 25.010504963981901, 0.0 ], [ 121.386683208373995, 25.010499930026199, 0.0 ], [ 121.386677339005999, 25.010498326829701, 0.0 ], [ 121.386666644116005, 25.010495405558501, 0.0 ], [ 121.386649920943995, 25.010491395787898, 0.0 ], [ 121.386628304241, 25.010486143190899, 0.0 ], [ 121.386571173243993, 25.010474156184699, 0.0 ], [ 121.386502411612, 25.010461771210899, 0.0 ], [ 121.386440936371997, 25.010458996789399, 0.0 ], [ 121.386351147829004, 25.0104693805241, 0.0 ], [ 121.386257428997993, 25.010493404342601, 0.0 ], [ 121.386244709726, 25.0104994447663, 0.0 ], [ 121.386244709563996, 25.0104994448435, 0.0 ], [ 121.386158062923002, 25.010540592068999, 0.0 ], [ 121.386117277547996, 25.0105682079083, 0.0 ], [ 121.386030450405997, 25.010647727419201, 0.0 ], [ 121.385935167686995, 25.010734116740799, 0.0 ], [ 121.385872258044998, 25.010790109700899, 0.0 ], [ 121.385796895824001, 25.010842089386301, 0.0 ], [ 121.385661251928994, 25.0109379175268, 0.0 ], [ 121.385619188315999, 25.0109684165527, 0.0 ], [ 121.385562751730006, 25.010997970559, 0.0 ], [ 121.385524270803003, 25.011012963300701, 0.0 ], [ 121.385465617730006, 25.011035816841801, 0.0 ], [ 121.385391065706997, 25.011060202124501, 0.0 ], [ 121.385308650062996, 25.0110671507449, 0.0 ], [ 121.385229536257995, 25.011059374739901, 0.0 ], [ 121.385159431925999, 25.011039360154101, 0.0 ], [ 121.385073895336006, 25.010996747504599, 0.0 ], [ 121.385040699740998, 25.010980210214601, 0.0 ], [ 121.384982373081996, 25.010929930096498, 0.0 ], [ 121.384896224963001, 25.010847292434001, 0.0 ], [ 121.384870591606003, 25.0107700021609, 0.0 ], [ 121.384720160125994, 25.010719901184402, 0.0 ], [ 121.384720160121006, 25.010719901181101, 0.0 ], [ 121.384677720168, 25.010689436610701, 0.0 ], [ 121.384600087343998, 25.010655420376999, 0.0 ], [ 121.384487281331005, 25.010646440064299, 0.0 ], [ 121.384435012154995, 25.010657029890101, 0.0 ], [ 121.384397040581007, 25.010677477691502, 0.0 ], [ 121.384272420898995, 25.010827843212599, 0.0 ], [ 121.384237939594996, 25.0108694282893, 0.0 ], [ 121.384108428827005, 25.011025620876701, 0.0 ], [ 121.383945702282006, 25.011239153547699, 0.0 ], [ 121.383858951476, 25.011262877996501, 0.0 ], [ 121.383756255397003, 25.0112687856878, 0.0 ], [ 121.383698320513005, 25.011256036533801, 0.0 ], [ 121.383624912132007, 25.011229649492702, 0.0 ], [ 121.383540028862001, 25.011171713940701, 0.0 ], [ 121.383346967682996, 25.011048475205101, 0.0 ], [ 121.383269679010994, 25.010996655509, 0.0 ], [ 121.383189192973006, 25.010936774570499, 0.0 ], [ 121.383059920022006, 25.010828357954701, 0.0 ], [ 121.383005215864003, 25.010792474371101, 0.0 ], [ 121.382940970172996, 25.010771110174598, 0.0 ], [ 121.382879667284996, 25.0107315088752, 0.0 ], [ 121.382809435967005, 25.010716693768199, 0.0 ], [ 121.382779125891005, 25.010709413770901, 0.0 ], [ 121.382720776434994, 25.0107082367931, 0.0 ], [ 121.382633680671006, 25.010705644097399, 0.0 ], [ 121.382495101564004, 25.010689126804401, 0.0 ], [ 121.382410610880001, 25.010676731637599, 0.0 ], [ 121.382345269064004, 25.010660323795499, 0.0 ], [ 121.382298354713001, 25.0106469020437, 0.0 ], [ 121.382247986688995, 25.010622854664899, 0.0 ], [ 121.382206576052994, 25.010603775310202, 0.0 ], [ 121.382174598041004, 25.010582550845001, 0.0 ], [ 121.382120164179995, 25.0105391323197, 0.0 ], [ 121.382087081341993, 25.0105101249458, 0.0 ], [ 121.382055096008003, 25.0104779136323, 0.0 ], [ 121.382024657106996, 25.0104385655019, 0.0 ], [ 121.381954272716996, 25.010370971288399, 0.0 ], [ 121.381925871647994, 25.010339878783501, 0.0 ], [ 121.381906317149003, 25.010314368786201, 0.0 ], [ 121.381846876981001, 25.010263180520798, 0.0 ], [ 121.381769373725007, 25.0102104911604, 0.0 ], [ 121.381734849546007, 25.010192758937801, 0.0 ], [ 121.381655959170999, 25.010137775390199, 0.0 ], [ 121.381568944584998, 25.010094945697201, 0.0 ], [ 121.381507474051006, 25.0100682714674, 0.0 ], [ 121.381430516981993, 25.010050230011899, 0.0 ], [ 121.381392350186005, 25.010040612605799, 0.0 ], [ 121.381307975753003, 25.010036169485801, 0.0 ], [ 121.381208341695, 25.010057390290299, 0.0 ], [ 121.381116392340999, 25.010083250810499, 0.0 ], [ 121.381037202016003, 25.010102089822901, 0.0 ], [ 121.380978462661005, 25.010120876404699, 0.0 ], [ 121.380906912919997, 25.010130377726799, 0.0 ], [ 121.380866018111007, 25.010132811749401, 0.0 ], [ 121.380832771122996, 25.010128238318, 0.0 ], [ 121.380755351882996, 25.0101343166132, 0.0 ], [ 121.380755351489, 25.010134316644201, 0.0 ], [ 121.380740763187006, 25.010135462661001, 0.0 ], [ 121.380702417318005, 25.0101355608268, 0.0 ], [ 121.380595100329003, 25.010152141413599, 0.0 ], [ 121.380533768861994, 25.010159287119698, 0.0 ], [ 121.380384735142997, 25.010170415603401, 0.0 ], [ 121.380373251752999, 25.010172170271499, 0.0 ], [ 121.380362067356998, 25.0101757857975, 0.0 ], [ 121.380354791871, 25.010179203538002, 0.0 ], [ 121.380350617724005, 25.010182389446101, 0.0 ], [ 121.380337783190996, 25.010191623853999, 0.0 ], [ 121.380305215476994, 25.010224887733798, 0.0 ], [ 121.380261787636996, 25.0102599843331, 0.0 ], [ 121.380227284057, 25.010288737316401, 0.0 ], [ 121.380170736522999, 25.010335700522401, 0.0 ], [ 121.380123773316996, 25.010374996266201, 0.0 ], [ 121.380097895632005, 25.010395123354499, 0.0 ], [ 121.380017387278997, 25.010444961858902, 0.0 ], [ 121.379946463254001, 25.010491925064901, 0.0 ], [ 121.379873622362993, 25.0105379298382, 0.0 ], [ 121.379765685384996, 25.010591092281999, 0.0 ], [ 121.379678740065998, 25.010594532849499, 0.0 ], [ 121.379571344045999, 25.010604274010198, 0.0 ], [ 121.379490903586003, 25.010617324157501, 0.0 ], [ 121.379457484078998, 25.010622745771901, 0.0 ], [ 121.379175667303997, 25.0107030031668, 0.0 ], [ 121.379107143319999, 25.010732715797101, 0.0 ], [ 121.378996738015999, 25.010798360146101, 0.0 ], [ 121.378901829376005, 25.0108689211655, 0.0 ], [ 121.378736159465006, 25.010972448780802, 0.0 ], [ 121.378581077364004, 25.011039157070901, 0.0 ], [ 121.378513340032001, 25.011062531533, 0.0 ], [ 121.378477599991996, 25.0110706864305, 0.0 ], [ 121.378425021840002, 25.011077939036799, 0.0 ], [ 121.378406426186999, 25.0110781418663, 0.0 ], [ 121.378368362724999, 25.011071702944299, 0.0 ], [ 121.378343666046007, 25.011061951951501, 0.0 ], [ 121.378324207288998, 25.011050375544102, 0.0 ], [ 121.378307356613007, 25.0110364370673, 0.0 ], [ 121.378282879560999, 25.011008636415699, 0.0 ], [ 121.378257543106002, 25.010975616272301, 0.0 ], [ 121.378131936507998, 25.010757420519798, 0.0 ], [ 121.378077130899996, 25.010590442648699, 0.0 ], [ 121.378050967834, 25.010520381714201, 0.0 ], [ 121.378039056709994, 25.0104884853919, 0.0 ], [ 121.377994598059004, 25.010433142064901, 0.0 ], [ 121.377956323524998, 25.010400679020002, 0.0 ], [ 121.377888747236995, 25.0103654045901, 0.0 ], [ 121.377592391161002, 25.010258170157901, 0.0 ], [ 121.377318880831993, 25.010157317158701, 0.0 ], [ 121.377205685137994, 25.010118736804099, 0.0 ], [ 121.377144920773006, 25.010088965063002, 0.0 ], [ 121.377080974692007, 25.010049930957202, 0.0 ], [ 121.377034513292998, 25.010025030560399, 0.0 ], [ 121.376970348124999, 25.009991734444199, 0.0 ], [ 121.376956570168005, 25.009982954402499, 0.0 ], [ 121.376870634914994, 25.009930524796101, 0.0 ], [ 121.376829859061999, 25.009920783774199, 0.0 ], [ 121.376791686588007, 25.009913692573601, 0.0 ], [ 121.376791686586003, 25.0099136925732, 0.0 ], [ 121.376791274249996, 25.0099136159753, 0.0 ], [ 121.376762023550995, 25.009912532046101, 0.0 ], [ 121.376749565490996, 25.009911170557299, 0.0 ], [ 121.376737064078, 25.009910193220801, 0.0 ], [ 121.376724533572997, 25.009909601137899, 0.0 ], [ 121.376711988275005, 25.009909395003799, 0.0 ], [ 121.376699442499998, 25.0099095750349, 0.0 ], [ 121.376686910545004, 25.009910141032499, 0.0 ], [ 121.376674406712993, 25.009911092355502, 0.0 ], [ 121.376661945267998, 25.0099124279206, 0.0 ], [ 121.376649540432993, 25.009914146193001, 0.0 ], [ 121.376637206338998, 25.0099162452229, 0.0 ], [ 121.376624957077993, 25.009918722609299, 0.0 ], [ 121.376612806609998, 25.009921575527201, 0.0 ], [ 121.376591954537005, 25.009927915907198, 0.0 ], [ 121.376576328786996, 25.009934477414902, 0.0 ], [ 121.376560959444006, 25.009941523873898, 0.0 ], [ 121.376545864624006, 25.009949046977599, 0.0 ], [ 121.376530266939994, 25.0099574653748, 0.0 ], [ 121.376514993824003, 25.009966364208399, 0.0 ], [ 121.376500063086993, 25.009975733113901, 0.0 ], [ 121.376485492133, 25.009985561150302, 0.0 ], [ 121.376471297967001, 25.009995836863101, 0.0 ], [ 121.376457497149005, 25.010006548265899, 0.0 ], [ 121.376444105768996, 25.010017682859299, 0.0 ], [ 121.376431139443, 25.010029227666301, 0.0 ], [ 121.376418613306996, 25.010041169205699, 0.0 ], [ 121.376414260931, 25.010045865357, 0.0 ], [ 121.376409731094995, 25.010050420024399, 0.0 ], [ 121.376405029341001, 25.010054827641302, 0.0 ], [ 121.376400161399005, 25.010059082812401, 0.0 ], [ 121.376395133227007, 25.0100631803585, 0.0 ], [ 121.376389950971003, 25.0100671152533, 0.0 ], [ 121.376384620959996, 25.010070882695899, 0.0 ], [ 121.376379149696007, 25.0100744780834, 0.0 ], [ 121.376373543884995, 25.0100778970201, 0.0 ], [ 121.376367810369999, 25.0100811353357, 0.0 ], [ 121.376361956143995, 25.010084189067101, 0.0 ], [ 121.376355988377, 25.010087054485599, 0.0 ], [ 121.376349914350996, 25.010089728078899, 0.0 ], [ 121.376343741496996, 25.0100922065959, 0.0 ], [ 121.376337477345999, 25.010094487002199, 0.0 ], [ 121.376331129557002, 25.010096566506601, 0.0 ], [ 121.376324705889999, 25.0100984425798, 0.0 ], [ 121.376318214194995, 25.010100112917701, 0.0 ], [ 121.376311662391998, 25.010101575477901, 0.0 ], [ 121.376305058509004, 25.010102828479599, 0.0 ], [ 121.376298410589001, 25.010103870394701, 0.0 ], [ 121.376291726779996, 25.0101046999477, 0.0 ], [ 121.376285015223999, 25.010105316115698, 0.0 ], [ 121.376278284150999, 25.010105718164901, 0.0 ], [ 121.376271541763998, 25.010105905586801, 0.0 ], [ 121.376262550375998, 25.010103466595002, 0.0 ], [ 121.376253478994002, 25.010101287439301, 0.0 ], [ 121.376244336650004, 25.010099370281701, 0.0 ], [ 121.376235132454994, 25.010097717031201, 0.0 ], [ 121.376225875578996, 25.010096329334601, 0.0 ], [ 121.376216575249003, 25.0100952085863, 0.0 ], [ 121.376207240732001, 25.010094355891098, 0.0 ], [ 121.376197881335003, 25.010093772101399, 0.0 ], [ 121.376177563097997, 25.010093115917101, 0.0 ], [ 121.376157232112007, 25.010093094411701, 0.0 ], [ 121.376136912262993, 25.010093707633299, 0.0 ], [ 121.376116627385997, 25.010094954844298, 0.0 ], [ 121.376096401314001, 25.010096834585099, 0.0 ], [ 121.376076257779005, 25.010099344647099, 0.0 ], [ 121.376066662718003, 25.010100539539799, 0.0 ], [ 121.376057028207995, 25.010101432753501, 0.0 ], [ 121.376047365668995, 25.010102023221101, 0.0 ], [ 121.376037686551001, 25.0101023102455, 0.0 ], [ 121.376028002317994, 25.010102293472801, 0.0 ], [ 121.376018324471005, 25.010101972946099, 0.0 ], [ 121.376008664455995, 25.010101349033601, 0.0 ], [ 121.375999033746993, 25.010100422464902, 0.0 ], [ 121.375989443742, 25.010099194357501, 0.0 ], [ 121.375979905809004, 25.0100976661545, 0.0 ], [ 121.375970431257997, 25.010095839678002, 0.0 ], [ 121.375961031322007, 25.010093717075399, 0.0 ], [ 121.375951717142996, 25.0100913008826, 0.0 ], [ 121.375942499757997, 25.010088593942701, 0.0 ], [ 121.375933390084995, 25.010085599487301, 0.0 ], [ 121.375924398932995, 25.010082321046301, 0.0 ], [ 121.375915536956995, 25.010078762519999, 0.0 ], [ 121.375906814659004, 25.010074928107102, 0.0 ], [ 121.375898242378994, 25.0100708223768, 0.0 ], [ 121.375889830275995, 25.010066450178901, 0.0 ], [ 121.375850841490006, 25.0100521334554, 0.0 ], [ 121.375772776548999, 25.010019403568801, 0.0 ], [ 121.375711664142997, 25.0100047282112, 0.0 ], [ 121.375662186663007, 25.010002482282001, 0.0 ], [ 121.375602362989994, 25.010001585664401, 0.0 ], [ 121.375561041403998, 25.010002185218699, 0.0 ], [ 121.375552011783, 25.010002495471198, 0.0 ], [ 121.375542975776995, 25.010002517413199, 0.0 ], [ 121.375533944471997, 25.010002251025799, 0.0 ], [ 121.375524928934993, 25.0100016966332, 0.0 ], [ 121.375515940236994, 25.010000854902501, 0.0 ], [ 121.375506989387006, 25.009999726880299, 0.0 ], [ 121.375498087376002, 25.0099983139473, 0.0 ], [ 121.375489245118999, 25.0099966178364, 0.0 ], [ 121.375480473460996, 25.009994640623901, 0.0 ], [ 121.375471783159, 25.009992384729301, 0.0 ], [ 121.375463184870995, 25.0099898529424, 0.0 ], [ 121.37545468914, 25.009987048342399, 0.0 ], [ 121.375446306388, 25.0099839743879, 0.0 ], [ 121.375438046892, 25.009980634835902, 0.0 ], [ 121.375429920797998, 25.009977033786502, 0.0 ], [ 121.375414916100993, 25.009958402200699, 0.0 ], [ 121.375400572071996, 25.009939343435398, 0.0 ], [ 121.375386903342999, 25.0099198769277, 0.0 ], [ 121.375373923867002, 25.009900022541, 0.0 ], [ 121.375361646870005, 25.0098798005465, 0.0 ], [ 121.375350084889007, 25.0098592315513, 0.0 ], [ 121.375339249719005, 25.009838336570699, 0.0 ], [ 121.375336753680998, 25.0098333083052, 0.0 ], [ 121.375247387450997, 25.009695418499199, 0.0 ], [ 121.375162778659003, 25.009574406080699, 0.0 ], [ 121.375123384934994, 25.009524475415901, 0.0 ], [ 121.375084621987995, 25.0094966884886, 0.0 ], [ 121.375034544044993, 25.009475382057499, 0.0 ], [ 121.374974205523998, 25.009463331028702, 0.0 ], [ 121.374886638803005, 25.0094564876166, 0.0 ], [ 121.374836820284003, 25.009445945293798, 0.0 ], [ 121.374752251187999, 25.0094198858136, 0.0 ], [ 121.374401953296001, 25.009258420368401, 0.0 ], [ 121.374238170309994, 25.009218088277802, 0.0 ], [ 121.374093648449005, 25.009197363207502, 0.0 ], [ 121.373966815033, 25.009160487315999, 0.0 ], [ 121.373888889300005, 25.0091274016279, 0.0 ], [ 121.373728869610005, 25.009022489792901, 0.0 ], [ 121.373539512850996, 25.008927198750101, 0.0 ], [ 121.373328926113004, 25.008799996586401, 0.0 ], [ 121.373185435330996, 25.0087230845457, 0.0 ], [ 121.373116782048001, 25.008676463087902, 0.0 ], [ 121.372970126704999, 25.008529720559501, 0.0 ], [ 121.372824121091, 25.008388490059598, 0.0 ], [ 121.372824121088996, 25.008388490057801, 0.0 ], [ 121.372824121088001, 25.008388490056198, 0.0 ], [ 121.372756397532996, 25.0083229812296, 0.0 ], [ 121.372628885997003, 25.008202165381999, 0.0 ], [ 121.372589790055002, 25.008165600286599, 0.0 ], [ 121.372557865930006, 25.008136855550799, 0.0 ], [ 121.372516851181004, 25.0081013103243, 0.0 ], [ 121.372481444938998, 25.0080718129317, 0.0 ], [ 121.372451372331994, 25.008047580973201, 0.0 ], [ 121.372419394180994, 25.008022606629201, 0.0 ], [ 121.372393827807002, 25.008003206227301, 0.0 ], [ 121.372370626655993, 25.007989965796401, 0.0 ], [ 121.372342790546995, 25.0079825442517, 0.0 ], [ 121.372310455561006, 25.007983319850702, 0.0 ], [ 121.372285795644004, 25.007994234763601, 0.0 ], [ 121.372264175122993, 25.008014814850299, 0.0 ], [ 121.372244710448001, 25.008038506270498, 0.0 ], [ 121.372228206312997, 25.008063069928198, 0.0 ], [ 121.372207391404999, 25.008097830169898, 0.0 ], [ 121.372188276699006, 25.008134558483299, 0.0 ], [ 121.372168374446005, 25.0081827749915, 0.0 ], [ 121.372153086764001, 25.0082262298811, 0.0 ], [ 121.372138205591, 25.008269739979699, 0.0 ], [ 121.372121254407006, 25.008320883088501, 0.0 ], [ 121.372110624718005, 25.008363840562701, 0.0 ], [ 121.372108006334003, 25.008402847742499, 0.0 ], [ 121.372099062752, 25.008442685953, 0.0 ], [ 121.372087095081, 25.008467337338601, 0.0 ], [ 121.372075237231996, 25.0084845445848, 0.0 ], [ 121.372064302189003, 25.008496924870201, 0.0 ], [ 121.372040990317998, 25.008508714105901, 0.0 ], [ 121.372023013499998, 25.008514056462602, 0.0 ], [ 121.372001686418002, 25.008516380313999, 0.0 ], [ 121.371977174815001, 25.0085152050946, 0.0 ], [ 121.371959137418003, 25.008513270329701, 0.0 ], [ 121.371925526672996, 25.008500443573499, 0.0 ], [ 121.371911042715993, 25.008487675659399, 0.0 ], [ 121.371896984640998, 25.008474558305799, 0.0 ], [ 121.371884665332999, 25.008457032966199, 0.0 ], [ 121.371872868501001, 25.0084331913746, 0.0 ], [ 121.371861331166997, 25.008392479524002, 0.0 ], [ 121.371854259878006, 25.008349962403202, 0.0 ], [ 121.371828949504007, 25.0082957701647, 0.0 ], [ 121.371799451662, 25.008243039436799, 0.0 ], [ 121.371749608651001, 25.0081647157437, 0.0 ], [ 121.371739885978002, 25.0081515493392, 0.0 ], [ 121.371713918745002, 25.008120392250799, 0.0 ], [ 121.371687893526001, 25.008094798149099, 0.0 ], [ 121.371662836219997, 25.008075347343301, 0.0 ], [ 121.371641164991004, 25.008063002278899, 0.0 ], [ 121.371620469042995, 25.008054981509101, 0.0 ], [ 121.371597072767003, 25.008050005760101, 0.0 ], [ 121.371572714001999, 25.008049676905099, 0.0 ], [ 121.371545779135005, 25.008057474697299, 0.0 ], [ 121.371532013706002, 25.0080653342213, 0.0 ], [ 121.371517450488, 25.008073366316701, 0.0 ], [ 121.371499026817006, 25.008078909828399, 0.0 ], [ 121.371478867704994, 25.008079109689099, 0.0 ], [ 121.371463686455996, 25.008076026964901, 0.0 ], [ 121.371440258608999, 25.0080644665791, 0.0 ], [ 121.371424250700002, 25.0080431627355, 0.0 ], [ 121.371419213127993, 25.008022792759, 0.0 ], [ 121.371417891199002, 25.007983079523498, 0.0 ], [ 121.371416503614995, 25.007923514159799, 0.0 ], [ 121.371411727395994, 25.0078487618187, 0.0 ], [ 121.371411386416, 25.007828357294699, 0.0 ], [ 121.371410738717998, 25.007789598451701, 0.0 ], [ 121.371410304820003, 25.007645313040602, 0.0 ], [ 121.371404158757997, 25.007584509722001, 0.0 ], [ 121.371387282661999, 25.007485062417199, 0.0 ], [ 121.371355383034995, 25.007376520797798, 0.0 ], [ 121.371308161013999, 25.007260036466501, 0.0 ], [ 121.371264293723996, 25.0071609523429, 0.0 ], [ 121.371235175443999, 25.007064534730102, 0.0 ], [ 121.371214672323006, 25.0069811052735, 0.0 ], [ 121.371209883776999, 25.006947656592299, 0.0 ], [ 121.371211752964996, 25.006876516634701, 0.0 ], [ 121.371212921649999, 25.006855182586101, 0.0 ], [ 121.371211321960004, 25.006827562529701, 0.0 ], [ 121.371206599976006, 25.006808458806301, 0.0 ], [ 121.371196414435005, 25.0067881993069, 0.0 ], [ 121.371178232971005, 25.006763510440301, 0.0 ], [ 121.371155192428006, 25.0067450985634, 0.0 ], [ 121.371127426851004, 25.006719113026001, 0.0 ], [ 121.371110294586003, 25.006695074943298, 0.0 ], [ 121.371101467253993, 25.0066784440776, 0.0 ], [ 121.371097409233997, 25.006662026368101, 0.0 ], [ 121.371096502146003, 25.0066405443797, 0.0 ], [ 121.371103519773996, 25.006443973278799, 0.0 ], [ 121.371105558053998, 25.006354696571702, 0.0 ], [ 121.371094686985998, 25.0062356337137, 0.0 ], [ 121.371087448300997, 25.0061946122356, 0.0 ], [ 121.371079725563007, 25.006155387991001, 0.0 ], [ 121.371060702286997, 25.006106158777701, 0.0 ], [ 121.371045278493995, 25.0060729193052, 0.0 ], [ 121.371033807998998, 25.0060490727952, 0.0 ], [ 121.371003766523003, 25.005988237613199, 0.0 ], [ 121.370964820709005, 25.0059341786238, 0.0 ], [ 121.370885131527004, 25.005856921515399, 0.0 ], [ 121.370810970963007, 25.005758735718899, 0.0 ], [ 121.370748322382994, 25.005652219203899, 0.0 ], [ 121.370702035887007, 25.005563640818199, 0.0 ], [ 121.370649889999001, 25.005432661649401, 0.0 ], [ 121.370612245955002, 25.005366448038899, 0.0 ], [ 121.370600487491998, 25.0053389827914, 0.0 ], [ 121.370562684506993, 25.005256021480999, 0.0 ], [ 121.370521940846999, 25.005174224410599, 0.0 ], [ 121.370517723256995, 25.005169090418899, 0.0 ], [ 121.370513310771997, 25.005164094322598, 0.0 ], [ 121.370508708787995, 25.0051592422565, 0.0 ], [ 121.370503922972006, 25.005154540192201, 0.0 ], [ 121.370498959215993, 25.005149993911001, 0.0 ], [ 121.370493823619, 25.005145609004401, 0.0 ], [ 121.370488522488003, 25.005141390864601, 0.0 ], [ 121.370483062348001, 25.005137344666501, 0.0 ], [ 121.370477449901998, 25.005133475394999, 0.0 ], [ 121.370471692058999, 25.005129787800001, 0.0 ], [ 121.370465795895996, 25.005126286413802, 0.0 ], [ 121.370459768659003, 25.005122975552101, 0.0 ], [ 121.370457964086, 25.0051220612789, 0.0 ], [ 121.370457964083002, 25.005122061277401, 0.0 ], [ 121.370453617760006, 25.005119859268198, 0.0 ], [ 121.370447350749998, 25.005116941407199, 0.0 ], [ 121.370440975357994, 25.0051142255613, 0.0 ], [ 121.370386575528002, 25.005068153984499, 0.0 ], [ 121.370345362918002, 25.005051860627301, 0.0 ], [ 121.370308942473002, 25.005043234732302, 0.0 ], [ 121.370262937700005, 25.005048026896201, 0.0 ], [ 121.370173803450996, 25.005036525702899, 0.0 ], [ 121.370069235257006, 25.005027050256398, 0.0 ], [ 121.370065677954003, 25.0050261660862, 0.0 ], [ 121.370062156063995, 25.005025171159399, 0.0 ], [ 121.370058673732998, 25.005024066648499, 0.0 ], [ 121.370055235053997, 25.0050228538433, 0.0 ], [ 121.370051844086007, 25.0050215341873, 0.0 ], [ 121.370048504823998, 25.005020109241499, 0.0 ], [ 121.370045221218007, 25.005018580666199, 0.0 ], [ 121.370041997116004, 25.0050169502667, 0.0 ], [ 121.370038836337997, 25.005015219983399, 0.0 ], [ 121.370035742596997, 25.005013391838599, 0.0 ], [ 121.370032719552995, 25.005011467989799, 0.0 ], [ 121.370029770751998, 25.005009450703401, 0.0 ], [ 121.370026899685996, 25.005007342363299, 0.0 ], [ 121.370024109723005, 25.005005145452699, 0.0 ], [ 121.370021404168, 25.005002862563799, 0.0 ], [ 121.370018786201001, 25.005000496378798, 0.0 ], [ 121.370016258910994, 25.004998049698099, 0.0 ], [ 121.370013825277994, 25.004995525394101, 0.0 ], [ 121.370011488165005, 25.004992926457099, 0.0 ], [ 121.370009250324998, 25.004990255931901, 0.0 ], [ 121.370007114402995, 25.004987516980702, 0.0 ], [ 121.370005082925999, 25.004984712820502, 0.0 ], [ 121.370003158260005, 25.004981846767599, 0.0 ], [ 121.370001342704001, 25.004978922193001, 0.0 ], [ 121.369999638379994, 25.004975942549301, 0.0 ], [ 121.369991701223995, 25.004959851080802, 0.0 ], [ 121.370002243984004, 25.004920076120602, 0.0 ], [ 121.370010869878996, 25.0048932400029, 0.0 ], [ 121.370034830698998, 25.004864487019599, 0.0 ], [ 121.370091857448998, 25.004788770830199, 0.0 ], [ 121.370130715992005, 25.004758849708601, 0.0 ], [ 121.370251375150005, 25.004679624406201, 0.0 ], [ 121.370263203546003, 25.0046661699471, 0.0 ], [ 121.370270221967004, 25.0046477348358, 0.0 ], [ 121.370267611835999, 25.0046131631163, 0.0 ], [ 121.370108178151, 25.004240015842498, 0.0 ], [ 121.3700840379, 25.004085701761301, 0.0 ], [ 121.370096616455001, 25.004064074354702, 0.0 ], [ 121.370122290940998, 25.0039789734736, 0.0 ], [ 121.370158896503, 25.003874119593402, 0.0 ], [ 121.370201500343995, 25.003747841637701, 0.0 ], [ 121.370251262248999, 25.0036004309618, 0.0 ], [ 121.370251262248999, 25.0036004309618, 0.0 ], [ 121.370306256085001, 25.003432063071301, 0.0 ], [ 121.370506757444005, 25.003207462497599, 0.0 ], [ 121.370617824863004, 25.003087873739101, 0.0 ], [ 121.370721524410996, 25.002965377947302, 0.0 ] ] ] } },
{ "type": "Feature", "properties": { "length": 10633.0, "Display": "塔寮坑溪排水左岸" }, "geometry": { "type": "MultiLineString", "coordinates": [ [ [ 121.446851702480998, 25.0287406510297, -9999.0 ], [ 121.446792844876001, 25.028793749957401, -9999.0 ], [ 121.446779855, 25.028803869758601, -9999.0 ], [ 121.446747085758005, 25.028843403292999, -9999.0 ], [ 121.446726086065993, 25.028901647457001, -9999.0 ], [ 121.446715629459007, 25.028919718246499, -9999.0 ], [ 121.446678073542998, 25.028950225571201, -9999.0 ], [ 121.446620978191007, 25.0290563163312, -9999.0 ], [ 121.446584667661, 25.029137654900001, -9999.0 ], [ 121.446557192444999, 25.0291893542277, -9999.0 ], [ 121.446531347548998, 25.029227597436002, -9999.0 ], [ 121.446521926551, 25.029237729330699, -9999.0 ], [ 121.446506512550997, 25.0292558820762, -9999.0 ], [ 121.446473376132005, 25.029289933961099, -9999.0 ], [ 121.446470848909001, 25.0292921700592, -9999.0 ], [ 121.446449469553997, 25.029311086600199, -9999.0 ], [ 121.446430668516996, 25.029325181642001, -9999.0 ], [ 121.446383919305006, 25.029357668853699, -9999.0 ], [ 121.446357451165994, 25.029375936394899, -9999.0 ], [ 121.446325738072005, 25.029397238623901, -9999.0 ], [ 121.446280876434002, 25.0294221413161, -9999.0 ], [ 121.446249746142996, 25.029433983327198, -9999.0 ], [ 121.446213075624996, 25.029444968113701, -9999.0 ], [ 121.446189055497996, 25.029451659981401, -9999.0 ], [ 121.446150179610996, 25.029461406995299, -9999.0 ], [ 121.446080528042998, 25.029478251484001, -9999.0 ], [ 121.446037167564995, 25.029488620878102, -9999.0 ], [ 121.445997846238996, 25.0294980970931, -9999.0 ], [ 121.445951557998001, 25.0295087401838, -9999.0 ], [ 121.445915328170997, 25.029517693136, -9999.0 ], [ 121.445877350811998, 25.029526684423701, -9999.0 ], [ 121.445855462726001, 25.029529982409102, -9999.0 ], [ 121.445835136995996, 25.029534427626999, -9999.0 ], [ 121.445806289391996, 25.0295383616658, -9999.0 ], [ 121.445769304750996, 25.029544386161199, -9999.0 ], [ 121.445732909361993, 25.029551412756799, -9999.0 ], [ 121.445688929531997, 25.029558325423601, -9999.0 ], [ 121.445634840804999, 25.029568981481901, -9999.0 ], [ 121.445602546597996, 25.029574647269602, -9999.0 ], [ 121.445450137704, 25.0295922489025, -9999.0 ], [ 121.445403454570993, 25.029595173130701, -9999.0 ], [ 121.445369115502999, 25.029600104379799, -9999.0 ], [ 121.445361333503996, 25.029602065193099, -9999.0 ], [ 121.445340236261003, 25.0296077492251, -9999.0 ], [ 121.445296774764998, 25.029621146075002, -9999.0 ], [ 121.445268350609993, 25.0296327872211, -9999.0 ], [ 121.445245156883004, 25.029642918119599, -9999.0 ], [ 121.44523288229, 25.029653189540799, -9999.0 ], [ 121.445213356333994, 25.029672565432499, -9999.0 ], [ 121.445202349664001, 25.029697173974199, -9999.0 ], [ 121.445191831732998, 25.029715180689902, -9999.0 ], [ 121.445185708976993, 25.029741597939299, -9999.0 ], [ 121.445182212736995, 25.0297566828153, -9999.0 ], [ 121.445159468363997, 25.0298074140218, -9999.0 ], [ 121.445151487841997, 25.029829486906799, -9999.0 ], [ 121.445146275751995, 25.029843902733401, -9999.0 ], [ 121.445109780116994, 25.029893202077499, -9999.0 ], [ 121.445069886043001, 25.029940265082899, -9999.0 ], [ 121.445026758115006, 25.0299848975868, -9999.0 ], [ 121.444980574257997, 25.030026915453298, -9999.0 ], [ 121.444931525003994, 25.030066145333301, -9999.0 ], [ 121.444879812709004, 25.030102425379699, -9999.0 ], [ 121.444879812709004, 25.030102425379699, -9999.0 ], [ 121.444649854317007, 25.030121310960201, -9999.0 ], [ 121.444314389661997, 25.030112550023802, -9999.0 ], [ 121.444265076579995, 25.030109534956601, -9999.0 ], [ 121.444234606677, 25.030104777216899, -9999.0 ], [ 121.444040348098, 25.030074444448399, -9999.0 ], [ 121.443902390231003, 25.030031916019599, -9999.0 ], [ 121.443702356670002, 25.029976451258399, -9999.0 ], [ 121.443678916169006, 25.0299702600446, -9999.0 ], [ 121.443391559979005, 25.0298746574666, -9999.0 ], [ 121.443260335673997, 25.029835094439001, -9999.0 ], [ 121.443146563607002, 25.029783730504999, -9999.0 ], [ 121.443109522737998, 25.029767305824102, -9999.0 ], [ 121.443081932346004, 25.029760791200399, -9999.0 ], [ 121.442950089839002, 25.029724005477298, -9999.0 ], [ 121.442876383333001, 25.0297033701586, -9999.0 ], [ 121.442651009458999, 25.029633696633098, -9999.0 ], [ 121.442366212311001, 25.029543368931499, -9999.0 ], [ 121.442209301231003, 25.029490489060802, -9999.0 ], [ 121.442082774758006, 25.0294446991144, -9999.0 ], [ 121.441994709312993, 25.029404685596301, -9999.0 ], [ 121.441898621622002, 25.029356303118298, -9999.0 ], [ 121.441815422849004, 25.029306014125702, -9999.0 ], [ 121.441812864083005, 25.029304467493699, -9999.0 ], [ 121.441752345919994, 25.0292578100517, -9999.0 ], [ 121.441735918709995, 25.029243578127801, -9999.0 ], [ 121.441715339010003, 25.029225956282598, -9999.0 ], [ 121.441695658906994, 25.029208211338499, -9999.0 ], [ 121.441677358540005, 25.029188377125799, -9999.0 ], [ 121.441631983408996, 25.029138493602201, -9999.0 ], [ 121.441619531822994, 25.029125376362199, -9999.0 ], [ 121.441538001064004, 25.029036016382001, -9999.0 ], [ 121.441509361978007, 25.029004590413301, -9999.0 ], [ 121.441473221915004, 25.028956511232298, -9999.0 ], [ 121.441455763443003, 25.028929193703799, -9999.0 ], [ 121.441438745946002, 25.028902566160799, -9999.0 ], [ 121.441394999021995, 25.028832539614701, -9999.0 ], [ 121.441353573030995, 25.028752778505801, -9999.0 ], [ 121.441337626679996, 25.028719760856401, -9999.0 ], [ 121.441334516756001, 25.028713321612798, -9999.0 ], [ 121.441320495414999, 25.028678897377301, -9999.0 ], [ 121.441306377356, 25.028630044096101, -9999.0 ], [ 121.441236558081997, 25.028429464767001, -9999.0 ], [ 121.441192204773998, 25.028284019088002, -9999.0 ], [ 121.441169886520001, 25.028221286773402, -9999.0 ], [ 121.441146641664005, 25.0281559498865, -9999.0 ], [ 121.441126906031997, 25.028120554863801, -9999.0 ], [ 121.441065911487996, 25.0280359577064, -9999.0 ], [ 121.440918636741998, 25.0278900370947, -9999.0 ], [ 121.440690979142005, 25.027749110953799, -9999.0 ], [ 121.440645719217002, 25.027729833807498, -9999.0 ], [ 121.440448865570005, 25.0276668255764, -9999.0 ], [ 121.440411673637001, 25.027654921275101, -9999.0 ], [ 121.440262181625002, 25.027622956211498, -9999.0 ], [ 121.440118798013998, 25.027592297116701, -9999.0 ], [ 121.440007344163007, 25.027586900234802, -9999.0 ], [ 121.439933270615001, 25.027584037752401, -9999.0 ], [ 121.439860754224, 25.027586822198199, -9999.0 ], [ 121.439779034360001, 25.0275897400609, -9999.0 ], [ 121.439707159690002, 25.027593365316701, -9999.0 ], [ 121.439618629101005, 25.0276009427701, -9999.0 ], [ 121.439573854632002, 25.027604891664001, -9999.0 ], [ 121.439496625006996, 25.0276168925839, -9999.0 ], [ 121.439461703247005, 25.027624103568801, -9999.0 ], [ 121.439451082613999, 25.027626798928001, -9999.0 ], [ 121.439336259384007, 25.0276590911486, -9999.0 ], [ 121.439298399533001, 25.027671749070599, -9999.0 ], [ 121.439244108542994, 25.027693502618298, -9999.0 ], [ 121.439201697095001, 25.027714925306501, -9999.0 ], [ 121.439102406876998, 25.0277580387075, -9999.0 ], [ 121.438978818373997, 25.027815101506199, -9999.0 ], [ 121.438908658759004, 25.027846229784402, -9999.0 ], [ 121.438763203532005, 25.027911068364901, -9999.0 ], [ 121.438745076928996, 25.027919212552501, -9999.0 ], [ 121.438692448040996, 25.027940023084401, -9999.0 ], [ 121.438635199819004, 25.027959079823699, -9999.0 ], [ 121.438583614956002, 25.027975455576399, -9999.0 ], [ 121.438507927863, 25.0279952092922, -9999.0 ], [ 121.438416406027997, 25.028014543980301, -9999.0 ], [ 121.438367125729997, 25.028022353729401, -9999.0 ], [ 121.438348995997003, 25.0280250383375, -9999.0 ], [ 121.438284895706005, 25.0280325074643, -9999.0 ], [ 121.438213534130995, 25.028037869930099, -9999.0 ], [ 121.438124996040003, 25.0280336786312, -9999.0 ], [ 121.438063488314995, 25.0280277305319, -9999.0 ], [ 121.437976341707994, 25.0280139157456, -9999.0 ], [ 121.437901110829003, 25.028000185027501, -9999.0 ], [ 121.437725528775999, 25.0279645807592, -9999.0 ], [ 121.437614648232994, 25.027940816608801, -9999.0 ], [ 121.437573941086001, 25.0279321689517, -9999.0 ], [ 121.437523185895998, 25.027921386713, -9999.0 ], [ 121.437451353946997, 25.0279068600424, -9999.0 ], [ 121.437362200443999, 25.027889455027299, -9999.0 ], [ 121.437289131219003, 25.0278766307894, -9999.0 ], [ 121.437188754328005, 25.027864203720998, -9999.0 ], [ 121.437109315456993, 25.027858152035499, -9999.0 ], [ 121.436914004062999, 25.0278499308275, -9999.0 ], [ 121.436835910213006, 25.0278513971286, -9999.0 ], [ 121.436652216198993, 25.027859375742999, -9999.0 ], [ 121.436552097179998, 25.027866523069399, -9999.0 ], [ 121.436469553289996, 25.0278731218296, -9999.0 ], [ 121.436396433146001, 25.027878686024199, -9999.0 ], [ 121.436299565713, 25.0278854282565, -9999.0 ], [ 121.436260907407998, 25.027888118960099, -9999.0 ], [ 121.436167130407995, 25.027895015069301, -9999.0 ], [ 121.436055051771007, 25.0279034171466, -9999.0 ], [ 121.435963104953004, 25.0279098243535, -9999.0 ], [ 121.435705306794006, 25.027930353315899, -9999.0 ], [ 121.435395016089004, 25.027952360126299, -9999.0 ], [ 121.435004989185998, 25.0279809118292, -9999.0 ], [ 121.434983254269, 25.0279842548772, -9999.0 ], [ 121.434883385996002, 25.027991997926801, -9999.0 ], [ 121.434821326700003, 25.0279955927077, -9999.0 ], [ 121.434780068156996, 25.027994866885901, -9999.0 ], [ 121.434692166451001, 25.0279914034769, -9999.0 ], [ 121.434600684611993, 25.027985689013999, -9999.0 ], [ 121.434483340986006, 25.0279735490805, -9999.0 ], [ 121.434403719382004, 25.027963834220099, -9999.0 ], [ 121.434249088841, 25.027933189606902, -9999.0 ], [ 121.434102580846996, 25.027890388497902, -9999.0 ], [ 121.433861950261004, 25.0278074569427, -9999.0 ], [ 121.433682443690003, 25.0277558996453, -9999.0 ], [ 121.433570853446, 25.0277265701461, -9999.0 ], [ 121.433475025465995, 25.027705819302799, -9999.0 ], [ 121.433396943055001, 25.027698869080101, -9999.0 ], [ 121.433382691871003, 25.027697600558, -9999.0 ], [ 121.433353328752005, 25.027692603374, -9999.0 ], [ 121.433227747187999, 25.027671231112102, -9999.0 ], [ 121.433129821161998, 25.027660070136601, -9999.0 ], [ 121.433014806778004, 25.027647819886798, -9999.0 ], [ 121.433007415690994, 25.027648756007899, -9999.0 ], [ 121.432927706209995, 25.02765885162, -9999.0 ], [ 121.432779761294, 25.0277007735402, -9999.0 ], [ 121.432706473064997, 25.027735973201398, -9999.0 ], [ 121.432697381793005, 25.027740524353199, -9999.0 ], [ 121.432655545935006, 25.027761337551901, -9999.0 ], [ 121.432613269233002, 25.027780946957801, -9999.0 ], [ 121.432546219499997, 25.0278081262332, -9999.0 ], [ 121.432455967143994, 25.027833233659901, -9999.0 ], [ 121.432393421100002, 25.027835613980201, -9999.0 ], [ 121.432357928475994, 25.0278353656871, -9999.0 ], [ 121.432346864213002, 25.027835288283899, -9999.0 ], [ 121.432335838954998, 25.027834327604399, -9999.0 ], [ 121.432332310635999, 25.0278340201662, -9999.0 ], [ 121.432289425467005, 25.027823211985901, -9999.0 ], [ 121.432250655198004, 25.027808171154401, -9999.0 ], [ 121.432239760423002, 25.027803657655799, -9999.0 ], [ 121.432184628561998, 25.027779425727701, -9999.0 ], [ 121.432142531126999, 25.027757531638599, -9999.0 ], [ 121.432041972700006, 25.027690255005599, -9999.0 ], [ 121.431947082365994, 25.027631761282201, -9999.0 ], [ 121.431838439632003, 25.027555052975899, -9999.0 ], [ 121.431809549598995, 25.0275381401507, -9999.0 ], [ 121.431794139961994, 25.027531413236101, -9999.0 ], [ 121.431773338328, 25.027525491244599, -9999.0 ], [ 121.431745612357005, 25.027520999049401, -9999.0 ], [ 121.431717843138998, 25.027519307655901, -9999.0 ], [ 121.431679418087, 25.0275189209644, -9999.0 ], [ 121.431587740943996, 25.027520817862701, -9999.0 ], [ 121.431457579677996, 25.0275231263515, -9999.0 ], [ 121.431391650102, 25.027525650212102, -9999.0 ], [ 121.431293169366995, 25.0275314415086, -9999.0 ], [ 121.43122140541, 25.027534776602899, -9999.0 ], [ 121.431128182647001, 25.027538871447799, -9999.0 ], [ 121.430965316373005, 25.0275470734219, -9999.0 ], [ 121.430784741218005, 25.0275598219575, -9999.0 ], [ 121.430700674836999, 25.027564448564299, -9999.0 ], [ 121.430368523377993, 25.027671887311399, -9999.0 ], [ 121.430287533441003, 25.027701453933599, -9999.0 ], [ 121.430189879563997, 25.027726587477598, -9999.0 ], [ 121.430007165901003, 25.027788691565299, -9999.0 ], [ 121.429661877336997, 25.0279028808642, -9999.0 ], [ 121.429632894742994, 25.027910581953599, -9999.0 ], [ 121.429599505016995, 25.0279231389468, -9999.0 ], [ 121.429439183083005, 25.027987078915402, -9999.0 ], [ 121.429366060595001, 25.028032736222599, -9999.0 ], [ 121.429178477475006, 25.028149861845499, -9999.0 ], [ 121.429056451593993, 25.028224606247999, -9999.0 ], [ 121.428919450107998, 25.028290272980701, -9999.0 ], [ 121.428824710803994, 25.028320745259499, -9999.0 ], [ 121.428663136508007, 25.028361345411099, -9999.0 ], [ 121.428615265603995, 25.028369224826299, -9999.0 ], [ 121.428552097228007, 25.028376363596799, -9999.0 ], [ 121.428524780131994, 25.0283777340276, -9999.0 ], [ 121.428473860785999, 25.028377235015501, -9999.0 ], [ 121.428411320368994, 25.028375024069302, -9999.0 ], [ 121.428374150926004, 25.0283731901112, -9999.0 ], [ 121.428356853460002, 25.0283723366428, -9999.0 ], [ 121.428245616230001, 25.0283606604361, -9999.0 ], [ 121.428174010833999, 25.0283448482278, -9999.0 ], [ 121.428116584533001, 25.0283299065843, -9999.0 ], [ 121.428035991279003, 25.0283022302755, -9999.0 ], [ 121.427988945018001, 25.028284309750099, -9999.0 ], [ 121.427916981313999, 25.0282551019233, -9999.0 ], [ 121.427805844836001, 25.028209890711398, -9999.0 ], [ 121.427749211844997, 25.028187304006401, -9999.0 ], [ 121.427695742995994, 25.028164306499701, -9999.0 ], [ 121.427630972920994, 25.0281370327228, -9999.0 ], [ 121.427577615551002, 25.028120250878001, -9999.0 ], [ 121.427555126301996, 25.0281131214801, -9999.0 ], [ 121.427499375726995, 25.028097807479401, -9999.0 ], [ 121.427474610695995, 25.028090318929301, -9999.0 ], [ 121.427437163952007, 25.028081729058002, -9999.0 ], [ 121.427380467470002, 25.028068978662599, -9999.0 ], [ 121.427325245801995, 25.0280614430431, -9999.0 ], [ 121.427277002533998, 25.0280589805635, -9999.0 ], [ 121.427218421991, 25.028057827666601, -9999.0 ], [ 121.427181575003999, 25.0280590402479, -9999.0 ], [ 121.427025103426004, 25.0280671824476, -9999.0 ], [ 121.426888376804001, 25.028102972329201, -9999.0 ], [ 121.426783621110005, 25.028132083520799, -9999.0 ], [ 121.426538392300998, 25.028194519550102, -9999.0 ], [ 121.426391139154006, 25.028166241565501, -9999.0 ], [ 121.426371527935004, 25.028161532475099, -9999.0 ], [ 121.426349665665995, 25.0281664619556, -9999.0 ], [ 121.426197771494003, 25.0280950085019, -9999.0 ], [ 121.425932141179004, 25.0280537631226, -9999.0 ], [ 121.425316851906004, 25.027956518421199, -9999.0 ], [ 121.425212740481996, 25.0279406418538, -9999.0 ], [ 121.425098835024997, 25.027918636538001, -9999.0 ], [ 121.424995640266999, 25.0278894251955, -9999.0 ], [ 121.424868274188995, 25.0278409732366, -9999.0 ], [ 121.424712320408005, 25.027764431274299, -9999.0 ], [ 121.424578983000998, 25.027695379845699, -9999.0 ], [ 121.424443323562997, 25.027618742880598, -9999.0 ], [ 121.424407939991994, 25.027600177815799, -9999.0 ], [ 121.424338567817998, 25.0275637795582, -9999.0 ], [ 121.424282510303996, 25.027534587735602, -9999.0 ], [ 121.424210709942997, 25.027497355506799, -9999.0 ], [ 121.424137520453996, 25.027460284923599, -9999.0 ], [ 121.424067702136995, 25.027420988979799, -9999.0 ], [ 121.424023255074005, 25.027397746649399, -9999.0 ], [ 121.423778836634, 25.027267838399201, -9999.0 ], [ 121.423658649138005, 25.0272042040353, -9999.0 ], [ 121.423457847305997, 25.027086227911798, -9999.0 ], [ 121.423417583355999, 25.027056085420199, -9999.0 ], [ 121.423344514769994, 25.0270058015629, -9999.0 ], [ 121.423192942857995, 25.026918883696101, -9999.0 ], [ 121.422879865468005, 25.0267434135916, -9999.0 ], [ 121.422870055057004, 25.026739999051198, -9999.0 ], [ 121.422855520699002, 25.026741123732801, -9999.0 ], [ 121.422852433865003, 25.026741675035598, -9999.0 ], [ 121.422818690398998, 25.026727375842, -9999.0 ], [ 121.422660793812, 25.026652799734499, -9999.0 ], [ 121.422566822134996, 25.026608415865699, -9999.0 ], [ 121.422347921332005, 25.026493807994601, -9999.0 ], [ 121.422293779588998, 25.026464532540601, -9999.0 ], [ 121.422223064739001, 25.026427649365001, -9999.0 ], [ 121.422105802592, 25.026356851627099, -9999.0 ], [ 121.421974944594993, 25.026257240222002, -9999.0 ], [ 121.42191909057, 25.026225265702301, -9999.0 ], [ 121.421854655868998, 25.026188644973601, -9999.0 ], [ 121.421810121682995, 25.0261642474882, -9999.0 ], [ 121.421776418126996, 25.026146533967399, -9999.0 ], [ 121.421754811843002, 25.026136332868798, -9999.0 ], [ 121.421738862767995, 25.026128877711201, -9999.0 ], [ 121.421684886079007, 25.025985550163998, 0.0 ], [ 121.421746115334997, 25.0260014575972, 0.0 ], [ 121.421748801855003, 25.025998127483899, 0.0 ], [ 121.421716306167994, 25.025965528843201, 0.0 ], [ 121.421707718117005, 25.025955804290401, 0.0 ], [ 121.421651523148995, 25.0258946508105, 0.0 ], [ 121.421595146491995, 25.025832970607901, 0.0 ], [ 121.421433606677994, 25.025655148245502, 0.0 ], [ 121.421346313802005, 25.0255743370323, 0.0 ], [ 121.421336850737006, 25.025563400306599, 0.0 ], [ 121.421238402208004, 25.0254498797885, 0.0 ], [ 121.421169190214002, 25.025350388140499, 0.0 ], [ 121.420997636345007, 25.0251877697781, 0.0 ], [ 121.420959001737998, 25.0251491918516, 0.0 ], [ 121.420923367255, 25.025108286704501, 0.0 ], [ 121.420890901280004, 25.0250652476307, 0.0 ], [ 121.420861757224998, 25.025020278007599, 0.0 ], [ 121.420836072803993, 25.024973590334898, 0.0 ], [ 121.420813969381996, 25.0249254052308, 0.0 ], [ 121.420813969381996, 25.0249254052308, 0.0 ], [ 121.420794919927999, 25.024873367271599, 0.0 ], [ 121.420676799735006, 25.024545548608899, 0.0 ], [ 121.420582717572998, 25.024273341239802, 0.0 ], [ 121.420472536286994, 25.023950331484802, 0.0 ], [ 121.420459448016999, 25.023911961518799, 0.0 ], [ 121.420433447229001, 25.023840087431601, 0.0 ], [ 121.420431640906003, 25.023834938690001, 0.0 ], [ 121.420306503533993, 25.0234782461939, 0.0 ], [ 121.420226532303005, 25.0232436865243, 0.0 ], [ 121.420212407224994, 25.023200272306401, 0.0 ], [ 121.420195793204996, 25.023174477657399, 0.0 ], [ 121.420159375406001, 25.023103829240299, 0.0 ], [ 121.420137322895002, 25.022996723776199, 0.0 ], [ 121.420123573604002, 25.022947061409301, 0.0 ], [ 121.419947680861, 25.022451915598801, 0.0 ], [ 121.419892225949994, 25.022294345585099, 0.0 ], [ 121.419822847815993, 25.022094318122999, 0.0 ], [ 121.419786809865002, 25.0219923805669, 0.0 ], [ 121.419613707878995, 25.021495366785501, 0.0 ], [ 121.419539628774999, 25.0212443099065, 0.0 ], [ 121.419535765578004, 25.021231217355801, 0.0 ], [ 121.419535765578004, 25.021231217355801, 0.0 ], [ 121.419520930629005, 25.021165685198699, 0.0 ], [ 121.419510769200997, 25.0210994171733, 0.0 ], [ 121.419505323669995, 25.021032689694401, 0.0 ], [ 121.419505323669995, 25.021032689694401, 0.0 ], [ 121.419498882962003, 25.020873982637902, 0.0 ], [ 121.419494212312998, 25.0207112080233, 0.0 ], [ 121.419481521869997, 25.020241029911599, 0.0 ], [ 121.419473281389003, 25.020096178671899, 0.0 ], [ 121.419473854833996, 25.020036233335901, 0.0 ], [ 121.419470842574, 25.0199781018589, 0.0 ], [ 121.419465327257996, 25.019882823476301, 0.0 ], [ 121.419455680311998, 25.019762988893, 0.0 ], [ 121.419411955113006, 25.019683885474802, 0.0 ], [ 121.419358745615995, 25.019616799499701, 0.0 ], [ 121.419316100556998, 25.019575429049901, 0.0 ], [ 121.419171832806995, 25.0194934689791, 0.0 ], [ 121.418992619359997, 25.0194730600901, 0.0 ], [ 121.418844950438995, 25.0194672320306, 0.0 ], [ 121.418683989716996, 25.0194610571453, 0.0 ], [ 121.418504449655003, 25.019457206697499, 0.0 ], [ 121.418333936066006, 25.019449677357301, 0.0 ], [ 121.418229554636, 25.019462885743199, 0.0 ], [ 121.418198451177005, 25.0194741789917, 0.0 ], [ 121.418162271669004, 25.019494195540901, 0.0 ], [ 121.418120257498998, 25.019527254249699, 0.0 ], [ 121.418101514084995, 25.019541915878602, 0.0 ], [ 121.418063403234001, 25.0195754288488, 0.0 ], [ 121.418026990117994, 25.019611128055399, 0.0 ], [ 121.417938789035006, 25.019700919706199, 0.0 ], [ 121.417927771, 25.019711167053199, 0.0 ], [ 121.417826146755004, 25.019782528595702, 0.0 ], [ 121.417800177752994, 25.019805408016801, 0.0 ], [ 121.417681249986998, 25.019927658798402, 0.0 ], [ 121.417620537868999, 25.0199913581157, 0.0 ], [ 121.417471815243005, 25.019997408866001, 0.0 ], [ 121.417479295074997, 25.0199890876873, 0.0 ], [ 121.417564169037007, 25.019891368743199, 0.0 ], [ 121.417851322903005, 25.019578724549199, 0.0 ], [ 121.417984030303003, 25.019440106013899, 0.0 ], [ 121.417885044249005, 25.019431850022301, 0.0 ], [ 121.417447515809002, 25.019415253605899, 0.0 ], [ 121.417177304250998, 25.019402571072, 0.0 ], [ 121.417071816198998, 25.019399067347798, 0.0 ], [ 121.417048666460005, 25.0193982544289, 0.0 ], [ 121.417000236153001, 25.019396310142898, 0.0 ], [ 121.416989154880994, 25.0193959057246, 0.0 ], [ 121.416453259093004, 25.019376346865101, 0.0 ], [ 121.416080644409007, 25.019362746215901, 0.0 ], [ 121.415792057005007, 25.019350899335699, 0.0 ], [ 121.415608357444, 25.019347127331098, 0.0 ], [ 121.415458752994994, 25.019369477828501, 0.0 ], [ 121.415331411593002, 25.019409477246999, 0.0 ], [ 121.415276106134002, 25.019432454345701, 0.0 ], [ 121.414950320752993, 25.019571878853501, 0.0 ], [ 121.414862812655997, 25.019608072378698, 0.0 ], [ 121.414825592743995, 25.019621048755202, 0.0 ], [ 121.414787550542997, 25.019631865641902, 0.0 ], [ 121.414748836797997, 25.019640480176299, 0.0 ], [ 121.414709604910996, 25.0196468582227, 0.0 ], [ 121.414670010343997, 25.019650974507901, 0.0 ], [ 121.414630209988999, 25.0196528127208, 0.0 ], [ 121.414630209988999, 25.0196528127208, 0.0 ], [ 121.414594232499994, 25.0196521342293, 0.0 ], [ 121.414558382585, 25.019649293789399, 0.0 ], [ 121.414522816550999, 25.019644303785501, 0.0 ], [ 121.414487689468999, 25.0196371859743, 0.0 ], [ 121.414453154493998, 25.019627971390001, 0.0 ], [ 121.414419362201002, 25.019616700208498, 0.0 ], [ 121.414386459926007, 25.019603421572899, 0.0 ], [ 121.414354591123995, 25.019588193378599, 0.0 ], [ 121.414323894744996, 25.0195710820215, 0.0 ], [ 121.414294504626, 25.0195521621078, 0.0 ], [ 121.414266548908998, 25.019531516129401, 0.0 ], [ 121.414240149481003, 25.019509234103701, 0.0 ], [ 121.414215421443998, 25.019485413181201, 0.0 ], [ 121.414192472612001, 25.019460157222301, 0.0 ], [ 121.414192472612001, 25.019460157222301, 0.0 ], [ 121.413961297547999, 25.019206989316199, 0.0 ], [ 121.413846588127996, 25.0190731297875, 0.0 ], [ 121.413817557837007, 25.019033623276901, 0.0 ], [ 121.413710813446002, 25.018906161439801, 0.0 ], [ 121.413670148088002, 25.018869051389999, 0.0 ], [ 121.413593295802002, 25.0188334230576, 0.0 ], [ 121.413550826546995, 25.018809568125398, 0.0 ], [ 121.413506835079005, 25.0187881255085, 0.0 ], [ 121.413461486227007, 25.018769175549899, 0.0 ], [ 121.413414949908997, 25.018752789252598, 0.0 ], [ 121.413367400490998, 25.0187390280141, 0.0 ], [ 121.413319016136001, 25.018727943395898, 0.0 ], [ 121.413269978130998, 25.018719576930799, 0.0 ], [ 121.413220470217993, 25.018713959966799, 0.0 ], [ 121.412779359232005, 25.0186846591156, 0.0 ], [ 121.412772818326999, 25.018685194008999, 0.0 ], [ 121.412487598734003, 25.018660465928502, 0.0 ], [ 121.412410315309003, 25.018653765483599, 0.0 ], [ 121.412301155096003, 25.018644825039701, 0.0 ], [ 121.412141068069005, 25.018636723647901, 0.0 ], [ 121.412129736273997, 25.018637110648601, 0.0 ], [ 121.412104773365002, 25.018636838784701, 0.0 ], [ 121.412092313927005, 25.018636123424201, 0.0 ], [ 121.412079888359003, 25.018635022730699, 0.0 ], [ 121.412069514902001, 25.018633778357401, 0.0 ], [ 121.412055196175004, 25.018631670873098, 0.0 ], [ 121.412036847341, 25.018628103114999, 0.0 ], [ 121.412018768503998, 25.018623799237499, 0.0 ], [ 121.411995054006994, 25.018616690921601, 0.0 ], [ 121.411948599471003, 25.018597730642401, 0.0 ], [ 121.411914148906007, 25.0185756364856, 0.0 ], [ 121.411885022663, 25.0185569569603, 0.0 ], [ 121.411462722763005, 25.018286122191299, 0.0 ], [ 121.411334222478999, 25.018211444290898, 0.0 ], [ 121.411280976919002, 25.0181938872656, 0.0 ], [ 121.41125527794, 25.018182835595599, 0.0 ], [ 121.411194469492997, 25.0181670685459, 0.0 ], [ 121.411129411041998, 25.0181669329085, 0.0 ], [ 121.410810299597998, 25.018173168678899, 0.0 ], [ 121.410639278711997, 25.018195227559801, 0.0 ], [ 121.410465928994, 25.0182320808829, 0.0 ], [ 121.409793361896007, 25.018440943949798, 0.0 ], [ 121.409697476009001, 25.018472481919101, 0.0 ], [ 121.409668300248995, 25.018476634033799, 0.0 ], [ 121.409332063343001, 25.0185115946373, 0.0 ], [ 121.409318844636999, 25.018511846262101, 0.0 ], [ 121.409305624081995, 25.018511695495999, 0.0 ], [ 121.409292416426993, 25.018511142507201, 0.0 ], [ 121.409279236407997, 25.018510187912501, 0.0 ], [ 121.409266098727997, 25.018508832777101, 0.0 ], [ 121.409253018045007, 25.0185070786127, 0.0 ], [ 121.409240008951997, 25.018504927376402, 0.0 ], [ 121.409227085962002, 25.0185023814681, 0.0 ], [ 121.409214263492998, 25.018499443728199, 0.0 ], [ 121.409135934458007, 25.018483065437898, 0.0 ], [ 121.409057806429004, 25.018461558529101, 0.0 ], [ 121.408982679616003, 25.018443502514401, 0.0 ], [ 121.408968211605995, 25.018440368964701, 0.0 ], [ 121.408959468874997, 25.018438314700699, 0.0 ], [ 121.408950810101004, 25.018435983825299, 0.0 ], [ 121.40894224582, 25.018433379175001, 0.0 ], [ 121.408933786454995, 25.018430503919699, 0.0 ], [ 121.408925442300998, 25.018427361558398, 0.0 ], [ 121.408917223513001, 25.018423955915399, 0.0 ], [ 121.408909140093002, 25.018420291135101, 0.0 ], [ 121.408901201877001, 25.018416371677599, 0.0 ], [ 121.408893418527001, 25.0184122023127, 0.0 ], [ 121.408885799513996, 25.018407788114299, 0.0 ], [ 121.408881773188, 25.018405271507799, 0.0 ], [ 121.408871091378998, 25.0183982469966, 0.0 ], [ 121.408857149046, 25.018387794755402, 0.0 ], [ 121.408837818745994, 25.018370520455601, 0.0 ], [ 121.408796590348999, 25.018336049923398, 0.0 ], [ 121.408774664679001, 25.018318998576198, 0.0 ], [ 121.408744076730002, 25.018295210657602, 0.0 ], [ 121.408674625832006, 25.0182411993854, 0.0 ], [ 121.408625874091001, 25.0182032855923, 0.0 ], [ 121.408581104190006, 25.0181684684059, 0.0 ], [ 121.408547783851006, 25.018142555429002, 0.0 ], [ 121.408522575744996, 25.018124702622199, 0.0 ], [ 121.408242470448997, 25.0179370574375, 0.0 ], [ 121.407960093547004, 25.017764806787, 0.0 ], [ 121.407878569060998, 25.017719726876098, 0.0 ], [ 121.407741694373001, 25.017652607368301, 0.0 ], [ 121.407573913150998, 25.017578503364401, 0.0 ], [ 121.407374195453002, 25.0175035477377, 0.0 ], [ 121.407258167109006, 25.0174752190661, 0.0 ], [ 121.407003268869005, 25.0174205018441, 0.0 ], [ 121.406841144913997, 25.017391188545702, 0.0 ], [ 121.406824283161001, 25.017388742895101, 0.0 ], [ 121.406310599925007, 25.017287207796102, 0.0 ], [ 121.405591246268003, 25.017143745300299, 0.0 ], [ 121.405469707850003, 25.0171329359646, 0.0 ], [ 121.405292670581005, 25.017136100016199, 0.0 ], [ 121.405094484390006, 25.017161882989502, 0.0 ], [ 121.404959207233006, 25.017179405095199, 0.0 ], [ 121.404808964612002, 25.017201689580101, 0.0 ], [ 121.404731203644005, 25.017213346874801, 0.0 ], [ 121.404556447689998, 25.017239544716698, 0.0 ], [ 121.404396286996999, 25.0172635543783, 0.0 ], [ 121.404339701178003, 25.017269405072401, 0.0 ], [ 121.404240679278004, 25.017282458780599, 0.0 ], [ 121.404236853108998, 25.017282642495399, 0.0 ], [ 121.404233022273004, 25.0172827063545, 0.0 ], [ 121.404229191290995, 25.017282650282599, 0.0 ], [ 121.404225364682006, 25.017282474345699, 0.0 ], [ 121.404221546963001, 25.0172821787516, 0.0 ], [ 121.404217742639005, 25.017281763848999, 0.0 ], [ 121.404213956199001, 25.017281230127601, 0.0 ], [ 121.404210192112004, 25.0172805782172, 0.0 ], [ 121.404206454819004, 25.0172798088871, 0.0 ], [ 121.404202748730995, 25.0172789230452, 0.0 ], [ 121.404199078220998, 25.017277921736699, 0.0 ], [ 121.404195447621007, 25.017276806143499, 0.0 ], [ 121.404191861214002, 25.017275577581799, 0.0 ], [ 121.404190738736006, 25.017275112551999, 0.0 ], [ 121.403635025848999, 25.0170084180107, 0.0 ], [ 121.403027283173998, 25.016719854504998, 0.0 ], [ 121.402816909909006, 25.016624075433, 0.0 ], [ 121.402706256081999, 25.016550957692299, 0.0 ], [ 121.402311402549998, 25.016268775231101, 0.0 ], [ 121.402031378230006, 25.016066803955901, 0.0 ], [ 121.401804490725993, 25.015928563215699, 0.0 ], [ 121.401663142176005, 25.015876125712602, 0.0 ], [ 121.401542811959004, 25.0158314854514, 0.0 ], [ 121.40137551702, 25.015798406321601, 0.0 ], [ 121.401173598099007, 25.0157941030775, 0.0 ], [ 121.400588685265006, 25.0158304008675, 0.0 ], [ 121.400244475373, 25.015851760330499, 0.0 ], [ 121.400192676049997, 25.015863880200801, 0.0 ], [ 121.400116059490003, 25.0158802744883, 0.0 ], [ 121.399639113530995, 25.015982329628699, 0.0 ], [ 121.399539902160001, 25.0159999123719, 0.0 ], [ 121.399186524225001, 25.016070676718101, 0.0 ], [ 121.398970533742997, 25.016096481268399, 0.0 ], [ 121.398751302478004, 25.0161565062484, 0.0 ], [ 121.398726675416995, 25.016163249053299, 0.0 ], [ 121.398749962617003, 25.016181602603702, 0.0 ], [ 121.398751101602002, 25.016182376853902, 0.0 ], [ 121.398752179802003, 25.016183220277, 0.0 ], [ 121.398753192168002, 25.0161841289225, 0.0 ], [ 121.398754133956999, 25.016185098534599, 0.0 ], [ 121.398755000760005, 25.016186124572101, 0.0 ], [ 121.398755788515999, 25.0161872022293, 0.0 ], [ 121.398756493533995, 25.0161883264587, 0.0 ], [ 121.398757112515, 25.016189491994901, 0.0 ], [ 121.398757642557001, 25.016190693378899, 0.0 ], [ 121.398758081178997, 25.016191924983701, 0.0 ], [ 121.398758426327007, 25.016193181041, 0.0 ], [ 121.398758676382997, 25.016194455667701, 0.0 ], [ 121.398758830177002, 25.016195742893899, 0.0 ], [ 121.398758886988006, 25.016197036690698, 0.0 ], [ 121.398758846549995, 25.016198330998201, 0.0 ], [ 121.398758709052998, 25.016199619754499, 0.0 ], [ 121.398758475140994, 25.016200896923401, 0.0 ], [ 121.398758145908005, 25.016202156523001, 0.0 ], [ 121.398757722897997, 25.016203392653701, 0.0 ], [ 121.398757208090004, 25.016204599525999, 0.0 ], [ 121.398756603897994, 25.016205771487201, 0.0 ], [ 121.398755913149998, 25.0162069030482, 0.0 ], [ 121.398755139081004, 25.016207988909201, 0.0 ], [ 121.398754285318006, 25.016209023984299, 0.0 ], [ 121.398753355859, 25.016210003425599, 0.0 ], [ 121.398752355056004, 25.016210922645701, 0.0 ], [ 121.398751287598998, 25.016211777339201, 0.0 ], [ 121.398750158485001, 25.016212563503, 0.0 ], [ 121.398748973004004, 25.016213277455002, 0.0 ], [ 121.398747736708998, 25.016213915851299, 0.0 ], [ 121.398746455387993, 25.016214475701801, 0.0 ], [ 121.398745135045004, 25.016214954384399, 0.0 ], [ 121.398743781861995, 25.016215349656999, 0.0 ], [ 121.398742402178001, 25.016215659668401, 0.0 ], [ 121.398741002454997, 25.016215882966499, 0.0 ], [ 121.398741002454997, 25.016215882966499, 0.0 ], [ 121.398741002454997, 25.016215882966499, 0.0 ], [ 121.398686297618994, 25.016225624001301, 0.0 ], [ 121.398653056431002, 25.016228155912401, 0.0 ], [ 121.398568940231996, 25.0162345628321, 0.0 ], [ 121.398391380242003, 25.016248086972599, 0.0 ], [ 121.398232578529999, 25.016260182176801, 0.0 ], [ 121.398169212078002, 25.016264536554001, 0.0 ], [ 121.398129654388995, 25.016267199089601, 0.0 ], [ 121.398088898791997, 25.016269942242499, 0.0 ], [ 121.398057700592005, 25.016272042104202, 0.0 ], [ 121.398022512842999, 25.016274410483199, 0.0 ], [ 121.397972390920998, 25.0162777840209, 0.0 ], [ 121.397927126011993, 25.016280830634798, 0.0 ], [ 121.397877837666996, 25.0162841480354, 0.0 ], [ 121.397843094232002, 25.016286092540302, 0.0 ], [ 121.397808337572997, 25.01628802506, 0.0 ], [ 121.397715653144999, 25.016293178406102, 0.0 ], [ 121.397634554264002, 25.0162976875366, 0.0 ], [ 121.397599797598005, 25.016299620007601, 0.0 ], [ 121.397560557985997, 25.016301801720701, 0.0 ], [ 121.397530284262999, 25.016303484925299, 0.0 ], [ 121.397500790794993, 25.0163051247422, 0.0 ], [ 121.397471215682003, 25.016306768946102, 0.0 ], [ 121.397465849894999, 25.016280538586798, 0.0 ], [ 121.397430878622998, 25.0162802711993, 0.0 ], [ 121.397401784772001, 25.016280048743798, 0.0 ], [ 121.397379344035997, 25.0162798771551, 0.0 ], [ 121.397355874734998, 25.016279162286398, 0.0 ], [ 121.397329499321998, 25.016280211488901, 0.0 ], [ 121.397293630047002, 25.016279221728499, 0.0 ], [ 121.397279343395994, 25.016276669655301, 0.0 ], [ 121.397249521445005, 25.0162719330839, 0.0 ], [ 121.397209023944995, 25.016265500922501, 0.0 ], [ 121.397192877855005, 25.016257999108301, 0.0 ], [ 121.397174602633996, 25.016249508051899, 0.0 ], [ 121.397158852098997, 25.016242684402101, 0.0 ], [ 121.397131090654995, 25.016229291446599, 0.0 ], [ 121.397112815442, 25.016220800382602, 0.0 ], [ 121.397088546440997, 25.0162095244672, 0.0 ], [ 121.397059255846003, 25.016195915400701, 0.0 ], [ 121.397034724560996, 25.016180959231399, 0.0 ], [ 121.396993937134994, 25.0161560920433, 0.0 ], [ 121.396965115656997, 25.016138520215801, 0.0 ], [ 121.396943585553998, 25.016126620413601, 0.0 ], [ 121.396924798436004, 25.0161113991173, 0.0 ], [ 121.396906607337996, 25.016095588131801, 0.0 ], [ 121.396625343611007, 25.015777648741199, 0.0 ], [ 121.396559837547002, 25.0157036006323, 0.0 ], [ 121.396540194842999, 25.015683926618301, 0.0 ], [ 121.396308332114998, 25.015456116262101, 0.0 ], [ 121.396270335373998, 25.0154160780422, 0.0 ], [ 121.396178964144994, 25.0153296144486, 0.0 ], [ 121.396162193907998, 25.015311528411299, 0.0 ], [ 121.396014543209006, 25.0152140052089, 0.0 ], [ 121.395370872135999, 25.0148904566128, 0.0 ], [ 121.395063063744999, 25.0148040349744, 0.0 ], [ 121.394690663963004, 25.014713829789301, 0.0 ], [ 121.394630935701002, 25.014703461401801, 0.0 ], [ 121.394392315968005, 25.014701051969102, 0.0 ], [ 121.394329108075993, 25.014714879307899, 0.0 ], [ 121.394295409918001, 25.014726858841399, 0.0 ], [ 121.394131807991997, 25.014812952378399, 0.0 ], [ 121.394025852710001, 25.0148781280724, 0.0 ], [ 121.393868133256007, 25.0149976191999, 0.0 ], [ 121.393800002450007, 25.015055417789799, 0.0 ], [ 121.393751549810005, 25.015088697748201, 0.0 ], [ 121.393590513890999, 25.0152348921678, 0.0 ], [ 121.393571210402001, 25.015257232106599, 0.0 ], [ 121.393501230916002, 25.015329946341499, 0.0 ], [ 121.393498025455997, 25.015332631087801, 0.0 ], [ 121.393365076462004, 25.015438995932598, 0.0 ], [ 121.393271312162994, 25.015508149720201, 0.0 ], [ 121.393180192516994, 25.0155665713289, 0.0 ], [ 121.393091596725, 25.015610248329001, 0.0 ], [ 121.393003657381001, 25.015638576443099, 0.0 ], [ 121.392930900072997, 25.015650714005801, 0.0 ], [ 121.392867008102002, 25.015657138549901, 0.0 ], [ 121.392807589873001, 25.015655907695798, 0.0 ], [ 121.392744359595, 25.0156510620597, 0.0 ], [ 121.392671433006996, 25.015632968045701, 0.0 ], [ 121.392661700640005, 25.015628895978299, 0.0 ], [ 121.392596960606994, 25.0156018084264, 0.0 ], [ 121.392554185349994, 25.0155768459136, 0.0 ], [ 121.392524783371996, 25.015559687681002, 0.0 ], [ 121.392435349227995, 25.015482659359702, 0.0 ], [ 121.392395350157003, 25.0154448811187, 0.0 ], [ 121.392294317704, 25.015312044957799, 0.0 ], [ 121.392232326427006, 25.015225824424199, 0.0 ], [ 121.392197636987007, 25.015154126579802, 0.0 ], [ 121.392178254284005, 25.0150939652323, 0.0 ], [ 121.392171349400002, 25.015042556225399, 0.0 ], [ 121.392169313937998, 25.0149754598649, 0.0 ], [ 121.392196523077004, 25.0148903866456, 0.0 ], [ 121.392218407013004, 25.014842112430198, 0.0 ], [ 121.392304270308003, 25.014659868136398, 0.0 ], [ 121.392377339177997, 25.014502246306201, 0.0 ], [ 121.392414453879994, 25.014427825803899, 0.0 ], [ 121.392566402819995, 25.0142134494521, 0.0 ], [ 121.392572545839002, 25.014203274096602, 0.0 ], [ 121.392578650695995, 25.0141931348236, 0.0 ], [ 121.392584386924995, 25.014182818372301, 0.0 ], [ 121.392589748339006, 25.014172335866899, 0.0 ], [ 121.392594729159001, 25.014161698610501, 0.0 ], [ 121.392599324011996, 25.014150918073302, 0.0 ], [ 121.392603527944999, 25.0141400058797, 0.0 ], [ 121.392607336425002, 25.0141289737962, 0.0 ], [ 121.392610745344996, 25.014117833718799, 0.0 ], [ 121.392613751029998, 25.014106597659602, 0.0 ], [ 121.392616350237006, 25.014095277734299, 0.0 ], [ 121.392618540165998, 25.014083886148999, 0.0 ], [ 121.392620318455002, 25.014072435187298, 0.0 ], [ 121.392621683185993, 25.0140609371966, 0.0 ], [ 121.392624806816002, 25.014043797050601, 0.0 ], [ 121.392610053010003, 25.013872804904999, 0.0 ], [ 121.392590533025995, 25.013814075908002, 0.0 ], [ 121.392590533025995, 25.013814075908002, 0.0 ], [ 121.392545488359005, 25.013727957147498, 0.0 ], [ 121.392497425507003, 25.013643203951698, 0.0 ], [ 121.392446394268006, 25.013559904122999, 0.0 ], [ 121.392442091872994, 25.013550752793101, 0.0 ], [ 121.392437444791, 25.013541742495001, 0.0 ], [ 121.392432458580998, 25.0135328840048, 0.0 ], [ 121.392427139206006, 25.013524187916801, 0.0 ], [ 121.392421493027001, 25.013515664631399, 0.0 ], [ 121.392415526796995, 25.0135073243421, 0.0 ], [ 121.392409247651997, 25.013499177023601, 0.0 ], [ 121.392402663102004, 25.0134912324197, 0.0 ], [ 121.392395781020994, 25.013483500032098, 0.0 ], [ 121.392388609639994, 25.013475989108201, 0.0 ], [ 121.392381157535993, 25.013468708631098, 0.0 ], [ 121.392373433621998, 25.013461667307698, 0.0 ], [ 121.392365447135006, 25.013454873559301, 0.0 ], [ 121.392357207626006, 25.0134483355111, 0.0 ], [ 121.392348724951006, 25.0134420609822, 0.0 ], [ 121.392340009253004, 25.013436057476799, 0.0 ], [ 121.392331070956004, 25.013430332174799, 0.0 ], [ 121.392321920751002, 25.013424891923599, 0.0 ], [ 121.392312569580994, 25.013419743229299, 0.0 ], [ 121.392303028629001, 25.013414892249799, 0.0 ], [ 121.392293309306993, 25.0134103447866, 0.0 ], [ 121.392283423237004, 25.0134061062782, 0.0 ], [ 121.392273382243999, 25.013402181793801, 0.0 ], [ 121.392263198335996, 25.013398576027001, 0.0 ], [ 121.392252883693004, 25.013395293289999, 0.0 ], [ 121.392242450650002, 25.013392337509, 0.0 ], [ 121.392231911685997, 25.013389712218899, 0.0 ], [ 121.392221279403998, 25.0133874205594, 0.0 ], [ 121.392210566520006, 25.013385465271401, 0.0 ], [ 121.392199785846003, 25.013383848693199, 0.0 ], [ 121.392188950277003, 25.013382572758299, 0.0 ], [ 121.392178072769994, 25.013381638992598, 0.0 ], [ 121.392167166334005, 25.013381048512802, 0.0 ], [ 121.392156244014004, 25.0133808020252, 0.0 ], [ 121.392145318871997, 25.013380899824501, 0.0 ], [ 121.392134403973998, 25.0133813417937, 0.0 ], [ 121.392123512373999, 25.013382127404402, 0.0 ], [ 121.392112657097996, 25.013383255716899, 0.0 ], [ 121.392101851128999, 25.013384725381901, 0.0 ], [ 121.392091107389007, 25.013386534641601, 0.0 ], [ 121.392080438728001, 25.013388681332199, 0.0 ], [ 121.392069857905994, 25.0133911628864, 0.0 ], [ 121.392059377576004, 25.013393976336399, 0.0 ], [ 121.392049010272999, 25.0133971183173, 0.0 ], [ 121.391984073204995, 25.013416841101002, 0.0 ], [ 121.391543219894004, 25.013546327015501, 0.0 ], [ 121.391425151144006, 25.013594118839801, 0.0 ], [ 121.390996627289994, 25.0137656307509, 0.0 ], [ 121.390963483028003, 25.013780214371, 0.0 ], [ 121.390883385669994, 25.013814823694599, 0.0 ], [ 121.390699818572998, 25.013890198382001, 0.0 ], [ 121.390552101325994, 25.013947030201901, 0.0 ], [ 121.390436433709993, 25.013984458310901, 0.0 ], [ 121.390346529590005, 25.014003103131198, 0.0 ], [ 121.390275332320002, 25.0140125851505, 0.0 ], [ 121.390230299234005, 25.0140156049927, 0.0 ], [ 121.390171179571993, 25.0140190946606, 0.0 ], [ 121.390102515066999, 25.0140104677292, 0.0 ], [ 121.390034993091007, 25.013996875829999, 0.0 ], [ 121.389969058139002, 25.0139754717597, 0.0 ], [ 121.389917621652998, 25.013952021623702, 0.0 ], [ 121.389862905019996, 25.0139293916863, 0.0 ], [ 121.389788395950006, 25.013883941520799, 0.0 ], [ 121.389676738670005, 25.013819498856499, 0.0 ], [ 121.389637410180995, 25.0137950984873, 0.0 ], [ 121.389448134223997, 25.013686809625799, 0.0 ], [ 121.389323563218994, 25.013606453019701, 0.0 ], [ 121.389235283518005, 25.0135414290535, 0.0 ], [ 121.389223715105004, 25.013530728853901, 0.0 ], [ 121.389190825902006, 25.0135003079806, 0.0 ], [ 121.389058241645003, 25.013357172372899, 0.0 ], [ 121.389012803740997, 25.013300454877498, 0.0 ], [ 121.389000895918002, 25.013286518098901, 0.0 ], [ 121.388977349328002, 25.0132575068892, 0.0 ], [ 121.388942248087005, 25.013201107648801, 0.0 ], [ 121.388901947416002, 25.0131363541017, 0.0 ], [ 121.388837815233003, 25.0129843550415, 0.0 ], [ 121.388798422058997, 25.012862185921701, 0.0 ], [ 121.388780848522003, 25.012783748228301, 0.0 ], [ 121.388768652611006, 25.012714535506301, 0.0 ], [ 121.388767289987001, 25.012657639798199, 0.0 ], [ 121.388784153662996, 25.012575892596502, 0.0 ], [ 121.388823805591997, 25.012496023034402, 0.0 ], [ 121.388874653960002, 25.012428720354901, 0.0 ], [ 121.388946795768007, 25.0123743730766, 0.0 ], [ 121.389025633052, 25.0123463451453, 0.0 ], [ 121.389100628723995, 25.0123305421039, 0.0 ], [ 121.389217396239005, 25.012317923405, 0.0 ], [ 121.3893279917, 25.0123104356061, 0.0 ], [ 121.389358599963998, 25.0123165491406, 0.0 ], [ 121.389389412450001, 25.012321741436999, 0.0 ], [ 121.389420395775005, 25.012326006869898, 0.0 ], [ 121.389441623905995, 25.012328337705, 0.0 ], [ 121.389462913632002, 25.012330142759801, 0.0 ], [ 121.389484249272996, 25.0123314207049, 0.0 ], [ 121.389505615114004, 25.012332170598899, 0.0 ], [ 121.389554881587998, 25.012332627294601, 0.0 ], [ 121.389604141399005, 25.012331759156499, 0.0 ], [ 121.389607957660999, 25.012331586245502, 0.0 ], [ 121.389611766154999, 25.012331305018101, 0.0 ], [ 121.389615563175994, 25.0123309157478, 0.0 ], [ 121.389619345037005, 25.012330418812901, 0.0 ], [ 121.389623108059993, 25.012329814696301, 0.0 ], [ 121.389626848587994, 25.012329103985198, 0.0 ], [ 121.389630562986994, 25.012328287370298, 0.0 ], [ 121.389632790549996, 25.012327727214998, 0.0 ], [ 121.389634996029002, 25.012327098670902, 0.0 ], [ 121.389637176893999, 25.0123264024582, 0.0 ], [ 121.389639330647995, 25.012325639375, 0.0 ], [ 121.389641454819994, 25.012324810295901, 0.0 ], [ 121.389643546976004, 25.012323916171098, 0.0 ], [ 121.389645604718993, 25.012322958025599, 0.0 ], [ 121.389647625690003, 25.012321936957299, 0.0 ], [ 121.389649607571997, 25.0123208541367, 0.0 ], [ 121.389651548095003, 25.012319710804899, 0.0 ], [ 121.389653445033005, 25.012318508272301, 0.0 ], [ 121.389655296212993, 25.0123172479171, 0.0 ], [ 121.389657099513002, 25.012315931183899, 0.0 ], [ 121.389658852866006, 25.012314559581998, 0.0 ], [ 121.389660554261994, 25.012313134683399, 0.0 ], [ 121.389662201752003, 25.012311658121298, 0.0 ], [ 121.389663793446999, 25.012310131587999, 0.0 ], [ 121.389665327521996, 25.012308556833101, 0.0 ], [ 121.389666802220006, 25.012306935661702, 0.0 ], [ 121.389668215851003, 25.012305269931801, 0.0 ], [ 121.389669160132001, 25.0123040753172, 0.0 ], [ 121.389670058969998, 25.012302851940401, 0.0 ], [ 121.389670911311001, 25.012301601235901, 0.0 ], [ 121.389671716154993, 25.012300324670498, 0.0 ], [ 121.389672472558004, 25.012299023741601, 0.0 ], [ 121.389673179634002, 25.012297699974599, 0.0 ], [ 121.389673836553001, 25.012296354922199, 0.0 ], [ 121.389674442544006, 25.012294990161699, 0.0 ], [ 121.389674996897, 25.012293607293799, 0.0 ], [ 121.389675498962006, 25.012292207940099, 0.0 ], [ 121.38967594815, 25.012290793742, 0.0 ], [ 121.389676343933004, 25.012289366357798, 0.0 ], [ 121.389676685848997, 25.0122879274616, 0.0 ], [ 121.389676973495995, 25.012286478741, 0.0 ], [ 121.389677206537002, 25.012285021894801, 0.0 ], [ 121.389677384696995, 25.0122835586318, 0.0 ], [ 121.389677507770003, 25.012282090667998, 0.0 ], [ 121.389677575608999, 25.012280619724901, 0.0 ], [ 121.389677588135996, 25.0122791475277, 0.0 ], [ 121.389677545335005, 25.012277675802899, 0.0 ], [ 121.389677447257995, 25.012276206276599, 0.0 ], [ 121.389677294018, 25.012274740672101, 0.0 ], [ 121.389677085797004, 25.0122732807083, 0.0 ], [ 121.389676822837004, 25.0122718280975, 0.0 ], [ 121.389673247472999, 25.012255143803401, 0.0 ], [ 121.389669225073007, 25.0122385442424, 0.0 ], [ 121.389664758047999, 25.012222039358701, 0.0 ], [ 121.389614046999, 25.0120515151634, 0.0 ], [ 121.389578886194997, 25.0119387058729, 0.0 ], [ 121.389577958415998, 25.0119359069677, 0.0 ], [ 121.389576938275994, 25.011933134877999, 0.0 ], [ 121.389576362198994, 25.011931711306801, 0.0 ], [ 121.389575740696998, 25.011930303690701, 0.0 ], [ 121.389575074299998, 25.011928913233, 0.0 ], [ 121.389574363579001, 25.011927541122301, 0.0 ], [ 121.389573609140001, 25.0119261885316, 0.0 ], [ 121.389573140921001, 25.0119254117322, 0.0 ], [ 121.389572643302998, 25.011924650259601, 0.0 ], [ 121.389572116889994, 25.0119239050373, 0.0 ], [ 121.389571562320995, 25.011923176969098, 0.0 ], [ 121.389570980268005, 25.011922466938, 0.0 ], [ 121.389570371437003, 25.011921775805, 0.0 ], [ 121.389568851716007, 25.011920166015699, 0.0 ], [ 121.389567274179001, 25.011918603091701, 0.0 ], [ 121.389565640567, 25.011917088756299, 0.0 ], [ 121.389563952680007, 25.011915624679201, 0.0 ], [ 121.389562212379005, 25.0119142124748, 0.0 ], [ 121.389560421582999, 25.011912853700199, 0.0 ], [ 121.389558582267, 25.0119115498536, 0.0 ], [ 121.389556696460005, 25.011910302372598, 0.0 ], [ 121.389554766239002, 25.0119091126328, 0.0 ], [ 121.389552793733998, 25.011907981945999, 0.0 ], [ 121.389550781119993, 25.011906911558899, 0.0 ], [ 121.389548730615005, 25.011905902651701, 0.0 ], [ 121.389546644481001, 25.011904956336998, 0.0 ], [ 121.389544525017996, 25.011904073657998, 0.0 ], [ 121.389542374563007, 25.011903255588098, 0.0 ], [ 121.389520730211004, 25.011895068522001, 0.0 ], [ 121.389499357027006, 25.0118863098681, 0.0 ], [ 121.389478273183997, 25.0118769870741, 0.0 ], [ 121.389457496611996, 25.0118671080672, 0.0 ], [ 121.389437044977001, 25.011856681247799, 0.0 ], [ 121.389425314487994, 25.011850422018899, 0.0 ], [ 121.389424035518005, 25.011849749840898, 0.0 ], [ 121.389422739726996, 25.011849104969301, 0.0 ], [ 121.389421775900999, 25.011848658176699, 0.0 ], [ 121.389420795375997, 25.0118482426473, 0.0 ], [ 121.389419799373997, 25.0118478588982, 0.0 ], [ 121.389418789134993, 25.0118475074073, 0.0 ], [ 121.389417765917003, 25.0118471886123, 0.0 ], [ 121.389416730993005, 25.011846902910001, 0.0 ], [ 121.389415685651997, 25.011846650656199, 0.0 ], [ 121.389401456388001, 25.011843678930902, 0.0 ], [ 121.389387130437001, 25.011841121861401, 0.0 ], [ 121.389337079263996, 25.011833791687401, 0.0 ], [ 121.389319013508, 25.011831662956101, 0.0 ], [ 121.389300894545002, 25.011829950404799, 0.0 ], [ 121.389289840209003, 25.011829120330901, 0.0 ], [ 121.389274527641007, 25.011828176316399, 0.0 ], [ 121.389269651560994, 25.011827976623501, 0.0 ], [ 121.389264770907005, 25.011827923518101, 0.0 ], [ 121.389259890985002, 25.011828017058001, 0.0 ], [ 121.389241424171004, 25.011828813693899, 0.0 ], [ 121.389222978006003, 25.011829939538401, 0.0 ], [ 121.389221373653001, 25.0118300772982, 0.0 ], [ 121.389219775485003, 25.011830265509701, 0.0 ], [ 121.389218185412005, 25.011830503948001, 0.0 ], [ 121.389216605333004, 25.011830792328201, 0.0 ], [ 121.389215037138001, 25.011831130305399, 0.0 ], [ 121.389213482700995, 25.011831517475901, 0.0 ], [ 121.389211943879999, 25.011831953376898, 0.0 ], [ 121.389206287245997, 25.0118337355281, 0.0 ], [ 121.389200688428005, 25.011835663327201, 0.0 ], [ 121.389195151942005, 25.011837735219199, 0.0 ], [ 121.389189682251001, 25.0118399495333, 0.0 ], [ 121.388937338299002, 25.011990144401, 0.0 ], [ 121.388755083229, 25.012071202773502, 0.0 ], [ 121.388747309894995, 25.012074346479, 0.0 ], [ 121.388687485812, 25.012098540619601, 0.0 ], [ 121.388656522893996, 25.012111062673899, 0.0 ], [ 121.388576519924996, 25.012120861521201, 0.0 ], [ 121.388469544250995, 25.012121304532901, 0.0 ], [ 121.388384578794998, 25.012109315165901, 0.0 ], [ 121.388203382757993, 25.0120685667973, 0.0 ], [ 121.387901460741006, 25.011976147378, 0.0 ], [ 121.387885570451999, 25.011969315013399, 0.0 ], [ 121.387859702629996, 25.011954429362699, 0.0 ], [ 121.387834895598999, 25.011938113165002, 0.0 ], [ 121.387811244503993, 25.011920428998199, 0.0 ], [ 121.387788840051996, 25.011901444686998, 0.0 ], [ 121.387474422316004, 25.011578998049099, 0.0 ], [ 121.38732140079, 25.0114033784164, 0.0 ], [ 121.387248360938997, 25.011302634339302, 0.0 ], [ 121.387183172676004, 25.011197512696601, 0.0 ], [ 121.387126150550998, 25.0110885207556, 0.0 ], [ 121.387125381041997, 25.011085382127799, 0.0 ], [ 121.387111305998999, 25.011063599113001, 0.0 ], [ 121.387092536295995, 25.011035834011398, 0.0 ], [ 121.387013093991996, 25.010942277906501, 0.0 ], [ 121.386914324390006, 25.010833046862501, 0.0 ], [ 121.386791879729003, 25.010717337794599, 0.0 ], [ 121.386783346854003, 25.010709328194899, 0.0 ], [ 121.386774520673001, 25.010701587016399, 0.0 ], [ 121.386765411347994, 25.010694123172499, 0.0 ], [ 121.386756029368001, 25.0106869452575, 0.0 ], [ 121.386746385536, 25.010680061536501, 0.0 ], [ 121.386736490958, 25.010673479935601, 0.0 ], [ 121.386726357024997, 25.010667208033301, 0.0 ], [ 121.386715995407002, 25.010661253051399, 0.0 ], [ 121.386705418033998, 25.010655621846698, 0.0 ], [ 121.386694637085995, 25.010650320903199, 0.0 ], [ 121.386683664976999, 25.010645356324702, 0.0 ], [ 121.386672514340006, 25.010640733827699, 0.0 ], [ 121.386661198015005, 25.010636458734801, 0.0 ], [ 121.386649729032001, 25.010632535968501, 0.0 ], [ 121.386638120596999, 25.010628970045602, 0.0 ], [ 121.386626386076003, 25.010625765072199, 0.0 ], [ 121.386614538982002, 25.010622924738701, 0.0 ], [ 121.386602592955001, 25.010620452315401, 0.0 ], [ 121.386583441217994, 25.010615711656701, 0.0 ], [ 121.386540176018002, 25.010606633723199, 0.0 ], [ 121.386484323350999, 25.010596573844602, 0.0 ], [ 121.386446752153006, 25.010594878230499, 0.0 ], [ 121.386380879033993, 25.010602496229499, 0.0 ], [ 121.386312550178999, 25.0106200116028, 0.0 ], [ 121.386237218185002, 25.010655711409399, 0.0 ], [ 121.386214809676005, 25.0106708842772, 0.0 ], [ 121.386135536319998, 25.010743486619099, 0.0 ], [ 121.386039500419002, 25.010830558143901, 0.0 ], [ 121.385970161231, 25.010892273466201, 0.0 ], [ 121.385966958818997, 25.010894633228901, 0.0 ], [ 121.385878366870998, 25.010949079980101, 0.0 ], [ 121.385727910550997, 25.011032510911502, 0.0 ], [ 121.385714434563994, 25.011038593134, 0.0 ], [ 121.385637987324003, 25.0110815519642, 0.0 ], [ 121.385425517670001, 25.011173907447301, 0.0 ], [ 121.385414078693998, 25.011178470171199, 0.0 ], [ 121.385331864121994, 25.011201194800499, 0.0 ], [ 121.385305442125997, 25.011203101736601, 0.0 ], [ 121.385280515686006, 25.011204424852998, 0.0 ], [ 121.385243083855997, 25.011203531426901, 0.0 ], [ 121.385205943464996, 25.011199193867, 0.0 ], [ 121.385169474117006, 25.0111914563313, 0.0 ], [ 121.385138159294996, 25.0111786397649, 0.0 ], [ 121.385088355673005, 25.011158256061702, 0.0 ], [ 121.384971990595005, 25.011067871022099, 0.0 ], [ 121.384859869446998, 25.010982116635599, 0.0 ], [ 121.384720680436004, 25.010887951495, 0.0 ], [ 121.384702965472002, 25.010875966821299, 0.0 ], [ 121.384575078972006, 25.010794478278299, 0.0 ], [ 121.384524711393993, 25.010790555742702, 0.0 ], [ 121.384469011695003, 25.010808954848599, 0.0 ], [ 121.384434680856998, 25.010837591790299, 0.0 ], [ 121.384290669036005, 25.011022919188498, 0.0 ], [ 121.384106438505995, 25.011240979285301, 0.0 ], [ 121.384090508075005, 25.011269664320402, 0.0 ], [ 121.384031306156999, 25.011313682711201, 0.0 ], [ 121.384025457863999, 25.011323618943901, 0.0 ], [ 121.383991126780998, 25.0113522557842, 0.0 ], [ 121.383888856728007, 25.0113855920597, 0.0 ], [ 121.383815569267, 25.011398146300401, 0.0 ], [ 121.383750370154004, 25.011392132021701, 0.0 ], [ 121.383683776278005, 25.011373755335399, 0.0 ], [ 121.383602214058996, 25.011345524989899, 0.0 ], [ 121.383460781455994, 25.011277879122801, 0.0 ], [ 121.383347241962994, 25.01120959515, 0.0 ], [ 121.383005478412002, 25.010934304621301, 0.0 ], [ 121.382943136649004, 25.010890178944098, 0.0 ], [ 121.382929536118993, 25.010881756310599, 0.0 ], [ 121.382915526583005, 25.010877543693901, 0.0 ], [ 121.382884586374999, 25.010874422590302, 0.0 ], [ 121.382872344947003, 25.010873187528201, 0.0 ], [ 121.382817192690993, 25.0108703756406, 0.0 ], [ 121.382762223881997, 25.010871461762299, 0.0 ], [ 121.382750334307005, 25.010873202681701, 0.0 ], [ 121.382745545194993, 25.010874870308001, 0.0 ], [ 121.382718506085993, 25.010886034472801, 0.0 ], [ 121.382676872635002, 25.0108945720898, 0.0 ], [ 121.382596966318005, 25.010899550056699, 0.0 ], [ 121.382490460734999, 25.010890698007799, 0.0 ], [ 121.382354067403995, 25.0108650936203, 0.0 ], [ 121.382284455304998, 25.0108384847004, 0.0 ], [ 121.382195606382993, 25.010789682908801, 0.0 ], [ 121.382109247551995, 25.010732198960099, 0.0 ], [ 121.382033575373995, 25.010653401942498, 0.0 ], [ 121.381917813109993, 25.010510557431601, 0.0 ], [ 121.381915487745005, 25.010507688053501, 0.0 ], [ 121.381801098359006, 25.010398978126499, 0.0 ], [ 121.381697698202004, 25.010303288338601, 0.0 ], [ 121.381624707860993, 25.010247603269701, 0.0 ], [ 121.381564075149001, 25.0102197231795, 0.0 ], [ 121.381519402373002, 25.010202292079899, 0.0 ], [ 121.381507510709, 25.0101996902842, 0.0 ], [ 121.381488345251, 25.010195496852798, 0.0 ], [ 121.381398390846002, 25.010167337367399, 0.0 ], [ 121.381370273748999, 25.010165904465001, 0.0 ], [ 121.381326463638004, 25.0101697806777, 0.0 ], [ 121.381284325680994, 25.0101796771356, 0.0 ], [ 121.381142208116003, 25.0102109125956, 0.0 ], [ 121.381017076844998, 25.010237608338301, 0.0 ], [ 121.380973278309995, 25.010245249194099, 0.0 ], [ 121.380958959907005, 25.0102478173918, 0.0 ], [ 121.380922625310006, 25.0102514721037, 0.0 ], [ 121.380867176829994, 25.010250878315698, 0.0 ], [ 121.380755735088997, 25.010259373958402, 0.0 ], [ 121.380755735053995, 25.010259373960999, 0.0 ], [ 121.380754754470999, 25.010259448694899, 0.0 ], [ 121.380636566362995, 25.0102755632998, 0.0 ], [ 121.380438404342996, 25.010298092039498, 0.0 ], [ 121.380414220877, 25.0103064210623, 0.0 ], [ 121.380399117758998, 25.010315416613, 0.0 ], [ 121.380389305942998, 25.010323020015701, 0.0 ], [ 121.380378381723006, 25.010339056834901, 0.0 ], [ 121.380369453588997, 25.010372370407602, 0.0 ], [ 121.380365712962998, 25.010442645874399, 0.0 ], [ 121.380370668123007, 25.010514499806899, 0.0 ], [ 121.380370668146995, 25.010514500165101, 0.0 ], [ 121.380370897342999, 25.010517831544501, 0.0 ], [ 121.380364955198004, 25.010553672609198, 0.0 ], [ 121.380350256354006, 25.010593895807101, 0.0 ], [ 121.380309067268001, 25.0106391640178, 0.0 ], [ 121.380255382572997, 25.010670556162399, 0.0 ], [ 121.380209275805996, 25.0106844538507, 0.0 ], [ 121.380142743950003, 25.010698808201099, 0.0 ], [ 121.380037204036995, 25.010709022548099, 0.0 ], [ 121.379910363023996, 25.010705146691802, 0.0 ], [ 121.379765734515999, 25.0106995303648, 0.0 ], [ 121.379687213514003, 25.0107026379508, 0.0 ], [ 121.379587675896005, 25.010711666594499, 0.0 ], [ 121.379526654735002, 25.010721566514999, 0.0 ], [ 121.379485748982006, 25.010728202346801, 0.0 ], [ 121.379219158414998, 25.010804123545899, 0.0 ], [ 121.379165430973998, 25.0108274202628, 0.0 ], [ 121.379066999580004, 25.010885945231301, 0.0 ], [ 121.378973152263001, 25.010955717221599, 0.0 ], [ 121.378808593635995, 25.011058550440399, 0.0 ], [ 121.378757410652995, 25.011102615226701, 0.0 ], [ 121.378738826675999, 25.011116549463701, 0.0 ], [ 121.378719713378004, 25.011129875892902, 0.0 ], [ 121.378700094695006, 25.011142577850201, 0.0 ], [ 121.378679995178999, 25.011154639428199, 0.0 ], [ 121.378659439987999, 25.0111660455308, 0.0 ], [ 121.378638454848996, 25.011176781881701, 0.0 ], [ 121.378617066055, 25.011186835025001, 0.0 ], [ 121.378540474125003, 25.011219643171898, 0.0 ], [ 121.378526562448002, 25.011225067295999, 0.0 ], [ 121.378512467237002, 25.011230082527401, 0.0 ], [ 121.378498202928995, 25.0112346837013, 0.0 ], [ 121.378483784184994, 25.011238866094601, 0.0 ], [ 121.378469225792998, 25.011242625426501, 0.0 ], [ 121.378454542721997, 25.011245957839702, 0.0 ], [ 121.378439750019993, 25.011248859892401, 0.0 ], [ 121.378424862887996, 25.011251328620698, 0.0 ], [ 121.378409896605007, 25.011253361484801, 0.0 ], [ 121.378394866541996, 25.011254956405299, 0.0 ], [ 121.378389859807996, 25.011255309680799, 0.0 ], [ 121.378384842738001, 25.0112555066314, 0.0 ], [ 121.378379821215006, 25.011255547043401, 0.0 ], [ 121.378374801114006, 25.011255430865798, 0.0 ], [ 121.378369788320995, 25.011255158237098, 0.0 ], [ 121.378364788693005, 25.011254729467399, 0.0 ], [ 121.378359808094999, 25.011254145065401, 0.0 ], [ 121.378354852358001, 25.0112534057115, 0.0 ], [ 121.378349927277, 25.011252512284798, 0.0 ], [ 121.378345038633995, 25.011251465808598, 0.0 ], [ 121.378340192148997, 25.011250267532599, 0.0 ], [ 121.378335393493003, 25.011248918841599, 0.0 ], [ 121.378330648287999, 25.0112474213193, 0.0 ], [ 121.378325962098003, 25.0112457767211, 0.0 ], [ 121.378321340398998, 25.0112439869832, 0.0 ], [ 121.378316788614995, 25.011242054186301, 0.0 ], [ 121.378312312065006, 25.011239980601101, 0.0 ], [ 121.378307916007003, 25.011237768651799, 0.0 ], [ 121.378303605571006, 25.0112354209346, 0.0 ], [ 121.378299385819005, 25.0112329401992, 0.0 ], [ 121.378295261682993, 25.0112303293491, 0.0 ], [ 121.378291237997999, 25.011227591432799, 0.0 ], [ 121.378287319479995, 25.0112247296702, 0.0 ], [ 121.378283510705998, 25.011221747399301, 0.0 ], [ 121.378279816146005, 25.011218648129699, 0.0 ], [ 121.378276240130006, 25.011215435470699, 0.0 ], [ 121.378272786831999, 25.011212113203499, 0.0 ], [ 121.378269460305006, 25.011208685209098, 0.0 ], [ 121.378255488573004, 25.011192686002602, 0.0 ], [ 121.378242096592999, 25.0111762802862, 0.0 ], [ 121.378229298595997, 25.011159485493501, 0.0 ], [ 121.378217108190995, 25.011142319483898, 0.0 ], [ 121.378205538312002, 25.0111248004979, 0.0 ], [ 121.378194601282999, 25.011106947156701, 0.0 ], [ 121.378184308713998, 25.011088778426299, 0.0 ], [ 121.378174671541998, 25.0110703136355, 0.0 ], [ 121.378165700021, 25.011051572385799, 0.0 ], [ 121.378021390379999, 25.0107986987618, 0.0 ], [ 121.377963862599998, 25.010623426705202, 0.0 ], [ 121.377932369291003, 25.0105390919318, 0.0 ], [ 121.377917609668003, 25.0105207187414, 0.0 ], [ 121.377917609668003, 25.010520718741098, 0.0 ], [ 121.377917609666994, 25.010520718739599, 0.0 ], [ 121.377905332625005, 25.010505435933801, 0.0 ], [ 121.377885345462005, 25.010488483543, 0.0 ], [ 121.377836999799001, 25.010463247381299, 0.0 ], [ 121.377548154145998, 25.0103587305322, 0.0 ], [ 121.377275750232002, 25.010258285496199, 0.0 ], [ 121.377147988535995, 25.010214740621699, 0.0 ], [ 121.377146547614004, 25.0102138616326, 0.0 ], [ 121.376939281394996, 25.010121799487699, 0.0 ], [ 121.376885044733001, 25.010102784872402, 0.0 ], [ 121.376727707342994, 25.010074149581001, 0.0 ], [ 121.376596731855003, 25.010064183893601, 0.0 ], [ 121.376562227326005, 25.010068561755102, 0.0 ], [ 121.376558910344997, 25.010070785760199, 0.0 ], [ 121.376548126415003, 25.010078534200002, 0.0 ], [ 121.376537631936998, 25.010086605911699, 0.0 ], [ 121.376527438555001, 25.010094991928099, 0.0 ], [ 121.376517557624993, 25.010103682921301, 0.0 ], [ 121.376508000114001, 25.010112669230502, 0.0 ], [ 121.376500967126006, 25.010120050670299, 0.0 ], [ 121.376493659697005, 25.010127207333099, 0.0 ], [ 121.376486086479005, 25.010134130737502, 0.0 ], [ 121.376478256433998, 25.010140812690398, 0.0 ], [ 121.37647017882, 25.010147245295499, 0.0 ], [ 121.376461863206003, 25.0101534209448, 0.0 ], [ 121.376453319427, 25.0101593323187, 0.0 ], [ 121.376444557588002, 25.010164972421698, 0.0 ], [ 121.376435588060005, 25.010170334600701, 0.0 ], [ 121.376426421456003, 25.010175412482099, 0.0 ], [ 121.376417068614998, 25.010180200079699, 0.0 ], [ 121.376407540618004, 25.010184691722799, 0.0 ], [ 121.376397848723002, 25.010188882092201, 0.0 ], [ 121.376388004407005, 25.0101927662386, 0.0 ], [ 121.376378019327007, 25.010196339555101, 0.0 ], [ 121.376367905272005, 25.010199597822599, 0.0 ], [ 121.376357674236004, 25.0102025371739, 0.0 ], [ 121.376347338306999, 25.010205154147599, 0.0 ], [ 121.376336909721005, 25.010207445633998, 0.0 ], [ 121.376326400823999, 25.010209408929601, 0.0 ], [ 121.376315824033995, 25.010211041709699, 0.0 ], [ 121.376305191878004, 25.010212342037601, 0.0 ], [ 121.376294516943005, 25.0102133083738, 0.0 ], [ 121.376283811839002, 25.010213939584901, 0.0 ], [ 121.376273089256003, 25.010214234925598, 0.0 ], [ 121.376235827501006, 25.010209240399899, 0.0 ], [ 121.376230433193001, 25.0102077771522, 0.0 ], [ 121.376224990883003, 25.0102064697811, 0.0 ], [ 121.376219506004006, 25.010205319599802, 0.0 ], [ 121.376213984017994, 25.010204327741199, 0.0 ], [ 121.376208430416, 25.010203495211599, 0.0 ], [ 121.376202850761004, 25.0102028228184, 0.0 ], [ 121.376197250591005, 25.010202311251899, 0.0 ], [ 121.376191635487004, 25.010201961012601, 0.0 ], [ 121.376175388340002, 25.010201436300601, 0.0 ], [ 121.376159131009004, 25.010201419117301, 0.0 ], [ 121.376142882566, 25.0102019094596, 0.0 ], [ 121.376126662098997, 25.0102029067736, 0.0 ], [ 121.376110488658, 25.010204409873701, 0.0 ], [ 121.376094381211004, 25.010206417005399, 0.0 ], [ 121.376094323234994, 25.0102064242271, 0.0 ], [ 121.376080730664995, 25.0102081169454, 0.0 ], [ 121.376067023996001, 25.0102093876847, 0.0 ], [ 121.376053277446005, 25.010210227719199, 0.0 ], [ 121.376039507309997, 25.010210636053301, 0.0 ], [ 121.376025729909998, 25.010210612202801, 0.0 ], [ 121.376011961575003, 25.010210156196202, 0.0 ], [ 121.375998218627004, 25.010209268573899, 0.0 ], [ 121.375984517354993, 25.010207950388001, 0.0 ], [ 121.375970873998, 25.010206203201001, 0.0 ], [ 121.375957304728999, 25.010204029083901, 0.0 ], [ 121.375943825630003, 25.010201430613499, 0.0 ], [ 121.375930452681004, 25.01019841087, 0.0 ], [ 121.375917201730005, 25.010194973432601, 0.0 ], [ 121.375904088485001, 25.010191122375701, 0.0 ], [ 121.375891128488007, 25.010186862264199, 0.0 ], [ 121.375878337103003, 25.010182198147401, 0.0 ], [ 121.375865729489007, 25.010177135553899, 0.0 ], [ 121.375853320592, 25.010171680484302, 0.0 ], [ 121.375841125118995, 25.010165839404699, 0.0 ], [ 121.375829157525004, 25.010159619238401, 0.0 ], [ 121.375808183984006, 25.010153504284599, 0.0 ], [ 121.375732478917001, 25.010121763811, 0.0 ], [ 121.375693361462993, 25.010112370257101, 0.0 ], [ 121.375658250463999, 25.010110776467101, 0.0 ], [ 121.375602331788002, 25.010109938374999, 0.0 ], [ 121.375514486056005, 25.010111212955199, 0.0 ], [ 121.375512685068003, 25.010111004520802, 0.0 ], [ 121.375500088075995, 25.010111760265499, 0.0 ], [ 121.375487469787998, 25.0101121141916, 0.0 ], [ 121.375474845634997, 25.010112065866501, 0.0 ], [ 121.375462231056005, 25.010111615349, 0.0 ], [ 121.375449641475001, 25.010110763190202, 0.0 ], [ 121.375437092289999, 25.010109510432201, 0.0 ], [ 121.375424598847005, 25.010107858607, 0.0 ], [ 121.375412176422003, 25.010105809734501, 0.0 ], [ 121.375399840208004, 25.010103366320301, 0.0 ], [ 121.375387605290996, 25.0101005313523, 0.0 ], [ 121.375375486631, 25.010097308297599, 0.0 ], [ 121.375363499049996, 25.0100937010974, 0.0 ], [ 121.375351657205997, 25.010089714162898, 0.0 ], [ 121.375339975580999, 25.010085352369899, 0.0 ], [ 121.375328468459998, 25.010080621052101, 0.0 ], [ 121.375317149915006, 25.0100755259955, 0.0 ], [ 121.375306033786003, 25.0100700734308, 0.0 ], [ 121.375299719329007, 25.010062099400599, 0.0 ], [ 121.375293699919993, 25.010053938092, 0.0 ], [ 121.375287982242, 25.010045598566698, 0.0 ], [ 121.375282572643997, 25.010037090084001, 0.0 ], [ 121.375277477130993, 25.010028422090901, 0.0 ], [ 121.375272701360998, 25.0100196042115, 0.0 ], [ 121.375268250637006, 25.010010646236399, 0.0 ], [ 121.375264129900003, 25.010001558111501, 0.0 ], [ 121.375260343725003, 25.0099923499276, 0.0 ], [ 121.375256896316998, 25.009983031908298, 0.0 ], [ 121.375253791502004, 25.009973614399598, 0.0 ], [ 121.375251032728002, 25.009964107857801, 0.0 ], [ 121.375248623057999, 25.009954522837901, 0.0 ], [ 121.375246565167998, 25.009944869982199, 0.0 ], [ 121.375244861341002, 25.0099351600083, 0.0 ], [ 121.375243707470005, 25.009928560779901, 0.0 ], [ 121.375242320926006, 25.009921998844799, 0.0 ], [ 121.375240703147995, 25.009915481013099, 0.0 ], [ 121.375238855814999, 25.009909014049398, 0.0 ], [ 121.375236780845, 25.0099026046652, 0.0 ], [ 121.375234480391995, 25.009896259512299, 0.0 ], [ 121.375231956842001, 25.0098899851758, 0.0 ], [ 121.375229212814006, 25.0098837881675, 0.0 ], [ 121.375226251157002, 25.009877674918801, 0.0 ], [ 121.375223074944998, 25.009871651774102, 0.0 ], [ 121.375219687473006, 25.009865724984401, 0.0 ], [ 121.375146039379999, 25.009752087698399, 0.0 ], [ 121.375064301723995, 25.0096351816123, 0.0 ], [ 121.375036666360003, 25.0096001543751, 0.0 ], [ 121.375021895825995, 25.009589566227199, 0.0 ], [ 121.374996202134994, 25.0095786344496, 0.0 ], [ 121.374956323687996, 25.009570669779698, 0.0 ], [ 121.374868018141001, 25.009563768618499, 0.0 ], [ 121.374804253424998, 25.0095502750798, 0.0 ], [ 121.374706144772006, 25.0095200434669, 0.0 ], [ 121.374359168812006, 25.0093601092338, 0.0 ], [ 121.374213349347997, 25.009324200709901, 0.0 ], [ 121.374066178568, 25.009303095770001, 0.0 ], [ 121.373923465542006, 25.009261602996599, 0.0 ], [ 121.373828537185005, 25.0092212983255, 0.0 ], [ 121.373665190216997, 25.009114205056001, 0.0 ], [ 121.373477832009996, 25.009019919724501, 0.0 ], [ 121.373265899166995, 25.008891904429099, 0.0 ], [ 121.373119581926005, 25.008813477366399, 0.0 ], [ 121.373036577538002, 25.008757110254599, 0.0 ], [ 121.37288290283, 25.008603344102699, 0.0 ], [ 121.372824596372993, 25.008546944573499, 0.0 ], [ 121.372713879293997, 25.008439848325398, 0.0 ], [ 121.372669359213006, 25.0083982252001, 0.0 ], [ 121.372616983146997, 25.008350085697401, 0.0 ], [ 121.372582921789999, 25.008319682028102, 0.0 ], [ 121.372558138130003, 25.008298169107299, 0.0 ], [ 121.372531649579997, 25.008275847061501, 0.0 ], [ 121.372517377449995, 25.0082641377616, 0.0 ], [ 121.372501549597999, 25.0082514902229, 0.0 ], [ 121.372482337801998, 25.008237070506901, 0.0 ], [ 121.372462374750995, 25.008223675516099, 0.0 ], [ 121.372446064474005, 25.008214131231799, 0.0 ], [ 121.372428150410002, 25.008205155281399, 0.0 ], [ 121.372414349097994, 25.0081995009511, 0.0 ], [ 121.372401316963007, 25.008195458682799, 0.0 ], [ 121.372389156585996, 25.008193080538401, 0.0 ], [ 121.372371565598996, 25.008192634880999, 0.0 ], [ 121.372357210559002, 25.008195614111902, 0.0 ], [ 121.372341488521002, 25.008202558422699, 0.0 ], [ 121.372328286574003, 25.008211151607998, 0.0 ], [ 121.372315451784999, 25.0082219240599, 0.0 ], [ 121.372301626132995, 25.0082366367884, 0.0 ], [ 121.372284262064994, 25.008260274897701, 0.0 ], [ 121.372271529781003, 25.008280734418801, 0.0 ], [ 121.372254867894, 25.008310504478299, 0.0 ], [ 121.372238662496002, 25.008347151935201, 0.0 ], [ 121.372228053632, 25.008388186366101, 0.0 ], [ 121.372224554278006, 25.0084224439682, 0.0 ], [ 121.372224295519004, 25.008459458911599, 0.0 ], [ 121.372225319405004, 25.008483986120101, 0.0 ], [ 121.372221457313998, 25.008523074824001, 0.0 ], [ 121.372212618128003, 25.008549445737302, 0.0 ], [ 121.372195915814004, 25.008574381660601, 0.0 ], [ 121.372182308467998, 25.0085913788994, 0.0 ], [ 121.372165758658994, 25.008607543692399, 0.0 ], [ 121.372146442824004, 25.008620520921401, 0.0 ], [ 121.372121745597994, 25.008635002140402, 0.0 ], [ 121.372096728741994, 25.0086431132627, 0.0 ], [ 121.372067958935006, 25.008651691177, 0.0 ], [ 121.372034149474999, 25.008655975804398, 0.0 ], [ 121.371998150520994, 25.008657994636899, 0.0 ], [ 121.371969065558005, 25.0086552504876, 0.0 ], [ 121.371933739626996, 25.008649924088601, 0.0 ], [ 121.371917155543997, 25.008645223157401, 0.0 ], [ 121.371886542284003, 25.0086349934206, 0.0 ], [ 121.371869720581998, 25.008624490532199, 0.0 ], [ 121.371845665037, 25.008609356884101, 0.0 ], [ 121.371821499302996, 25.008585787385002, 0.0 ], [ 121.371794431531001, 25.008546999201599, 0.0 ], [ 121.371774315348006, 25.008503681867701, 0.0 ], [ 121.371759802680003, 25.008470143917801, 0.0 ], [ 121.371748067458995, 25.0084386216949, 0.0 ], [ 121.371740436153999, 25.008394354858201, 0.0 ], [ 121.371731471383001, 25.008359286950899, 0.0 ], [ 121.371716614153002, 25.008322259337099, 0.0 ], [ 121.37169764766, 25.0082910724622, 0.0 ], [ 121.371675091751001, 25.008265998130199, 0.0 ], [ 121.371655137895999, 25.0082508744587, 0.0 ], [ 121.371629360051998, 25.008238425068601, 0.0 ], [ 121.371601569712993, 25.008231484828901, 0.0 ], [ 121.371565618519, 25.008230170892801, 0.0 ], [ 121.371534621330994, 25.008235993339301, 0.0 ], [ 121.371510380241006, 25.008244804507001, 0.0 ], [ 121.371481952714007, 25.0082537869657, 0.0 ], [ 121.371451959241995, 25.008255625673701, 0.0 ], [ 121.371432821607996, 25.008252915212701, 0.0 ], [ 121.371400505287994, 25.0082414314594, 0.0 ], [ 121.371372483280993, 25.008222410837298, 0.0 ], [ 121.371350925819002, 25.008200123853801, 0.0 ], [ 121.371329349210995, 25.008168352584601, 0.0 ], [ 121.371314496519005, 25.008137199084899, 0.0 ], [ 121.371303934977007, 25.0081066792618, 0.0 ], [ 121.371293918316994, 25.008065458996199, 0.0 ], [ 121.371287953939998, 25.008027174260601, 0.0 ], [ 121.371284470270993, 25.007984346392199, 0.0 ], [ 121.371284365099996, 25.0079177835675, 0.0 ], [ 121.371290305342995, 25.007828657869702, 0.0 ], [ 121.371290305344004, 25.007828657865598, 0.0 ], [ 121.371291845171001, 25.0077878832635, 0.0 ], [ 121.371291431981007, 25.007650440202099, 0.0 ], [ 121.371286107995999, 25.007597769243699, 0.0 ], [ 121.371270775868993, 25.007507419739401, 0.0 ], [ 121.371241961441001, 25.007409375504, 0.0 ], [ 121.371197249846006, 25.007299083487801, 0.0 ], [ 121.371151482437995, 25.007195707302401, 0.0 ], [ 121.371119788627993, 25.007090761191002, 0.0 ], [ 121.371097481174999, 25.006999989344799, 0.0 ], [ 121.371090811623006, 25.006953401229499, 0.0 ], [ 121.371092540141007, 25.006887617543899, 0.0 ], [ 121.371088319245004, 25.0068696718482, 0.0 ], [ 121.371079992334998, 25.006847357559099, 0.0 ], [ 121.371071318657997, 25.0068307629362, 0.0 ], [ 121.371062593958001, 25.006817461774901, 0.0 ], [ 121.371050236743002, 25.006802168653401, 0.0 ], [ 121.371034091574003, 25.006787058530499, 0.0 ], [ 121.371006522192005, 25.006748376212801, 0.0 ], [ 121.370988489946996, 25.006714403072301, 0.0 ], [ 121.370979029908995, 25.0066761300777, 0.0 ], [ 121.370977540905997, 25.006640866233699, 0.0 ], [ 121.370984673338995, 25.006441085017698, 0.0 ], [ 121.370986568728, 25.006358070447099, 0.0 ], [ 121.370976586810002, 25.006248744625399, 0.0 ], [ 121.370970240508996, 25.006212780122599, 0.0 ], [ 121.370964401996005, 25.006183125823899, 0.0 ], [ 121.370949779438007, 25.006145284881899, 0.0 ], [ 121.370936081672994, 25.006115765076, 0.0 ], [ 121.370925155519004, 25.006093050182599, 0.0 ], [ 121.370899216078996, 25.006040521693599, 0.0 ], [ 121.370871113267995, 25.006001513365, 0.0 ], [ 121.370792321162995, 25.005925125892201, 0.0 ], [ 121.370709301801995, 25.005815211262099, 0.0 ], [ 121.370642201533002, 25.005701125730202, 0.0 ], [ 121.370592233386006, 25.005605501608599, 0.0 ], [ 121.370540770860998, 25.00547623864, 0.0 ], [ 121.370481764036001, 25.005372448981401, 0.0 ], [ 121.370474845499004, 25.005359414184401, 0.0 ], [ 121.370465707744003, 25.005343478268099, 0.0 ], [ 121.370455974872002, 25.005327837685101, 0.0 ], [ 121.370445658372006, 25.005312510905402, 0.0 ], [ 121.370434770412999, 25.005297516000301, 0.0 ], [ 121.370423323829996, 25.005282870651101, 0.0 ], [ 121.370411332138005, 25.005268592131301, 0.0 ], [ 121.370398809465001, 25.005254697288301, 0.0 ], [ 121.370387740454007, 25.005249938044901, 0.0 ], [ 121.370376508190006, 25.005245507790502, 0.0 ], [ 121.370365124464996, 25.005241411163301, 0.0 ], [ 121.370353601191994, 25.005237652467098, 0.0 ], [ 121.370341950447994, 25.005234235635399, 0.0 ], [ 121.370330184451007, 25.0052311642579, 0.0 ], [ 121.370318315524003, 25.005228441536001, 0.0 ], [ 121.370306356108003, 25.005226070336899, 0.0 ], [ 121.370294318735006, 25.005224053139202, 0.0 ], [ 121.370282216023, 25.005222392060102, 0.0 ], [ 121.370274256697002, 25.005220586975099, 0.0 ], [ 121.370266366793004, 25.005218544400201, 0.0 ], [ 121.370258554855994, 25.005216266535101, 0.0 ], [ 121.370250829316007, 25.005213755850502, 0.0 ], [ 121.370243198541004, 25.0052110150523, 0.0 ], [ 121.370235670775003, 25.0052080471172, 0.0 ], [ 121.370228254148998, 25.0052048552391, 0.0 ], [ 121.370220956701004, 25.0052014428829, 0.0 ], [ 121.370213786305996, 25.005197813721601, 0.0 ], [ 121.370120802196993, 25.0051627127663, 0.0 ], [ 121.370012862281996, 25.005123162831001, 0.0 ], [ 121.369945574181997, 25.0050985079525, 0.0 ], [ 121.369939361888996, 25.0050962769661, 0.0 ], [ 121.369933238304995, 25.005093850838701, 0.0 ], [ 121.369927210829005, 25.005091232477199, 0.0 ], [ 121.369921286703004, 25.005088425050499, 0.0 ], [ 121.369915473079999, 25.005085431935498, 0.0 ], [ 121.369909776967006, 25.005082256735101, 0.0 ], [ 121.369904205208996, 25.005078903278299, 0.0 ], [ 121.369898764545994, 25.005075375611099, 0.0 ], [ 121.369893461519993, 25.005071677987502, 0.0 ], [ 121.369888302524004, 25.005067814851799, 0.0 ], [ 121.369883293773995, 25.005063790865002, 0.0 ], [ 121.369878441317994, 25.005059610878401, 0.0 ], [ 121.369873750977007, 25.005055279933199, 0.0 ], [ 121.369869228433004, 25.0050508032339, 0.0 ], [ 121.369864879111006, 25.0050461861928, 0.0 ], [ 121.369860708269997, 25.005041434358301, 0.0 ], [ 121.369856720928993, 25.005036553459899, 0.0 ], [ 121.369852921890995, 25.0050315493901, 0.0 ], [ 121.369849315742002, 25.005026428177501, 0.0 ], [ 121.369845906818995, 25.005021195977601, 0.0 ], [ 121.369842699233004, 25.005015859109001, 0.0 ], [ 121.369839696846995, 25.005010424008201, 0.0 ], [ 121.369838104447993, 25.005006925185299, 0.0 ], [ 121.369836647274994, 25.005003377770201, 0.0 ], [ 121.369835327093995, 25.004999786082902, 0.0 ], [ 121.369834145533005, 25.0049961545432, 0.0 ], [ 121.369833104033006, 25.0049924875625, 0.0 ], [ 121.369832203863993, 25.004988789642599, 0.0 ], [ 121.369831446131002, 25.004985065304101, 0.0 ], [ 121.369830831757994, 25.0049813190947, 0.0 ], [ 121.369830361501997, 25.004977555608001, 0.0 ], [ 121.369830035931002, 25.004973779438, 0.0 ], [ 121.369829855435995, 25.0049699951972, 0.0 ], [ 121.369829820259, 25.0049662075164, 0.0 ], [ 121.369829930433994, 25.004962421036101, 0.0 ], [ 121.369830185813996, 25.004958640379101, 0.0 ], [ 121.369830586098004, 25.004954870177599, 0.0 ], [ 121.369831130793997, 25.004951115028401, 0.0 ], [ 121.369831819241995, 25.004947379537299, 0.0 ], [ 121.369832650594006, 25.004943668265799, 0.0 ], [ 121.369833623833003, 25.004939985748699, 0.0 ], [ 121.369834737763, 25.004936336493898, 0.0 ], [ 121.369835991030996, 25.0049327249647, 0.0 ], [ 121.369837382114994, 25.004929155570899, 0.0 ], [ 121.369838909283999, 25.004925632695301, 0.0 ], [ 121.369840570696994, 25.004922160621899, 0.0 ], [ 121.369842364307999, 25.0049187436172, 0.0 ], [ 121.369844287928998, 25.004915385848602, 0.0 ], [ 121.369846339206006, 25.004912091429699, 0.0 ], [ 121.369848515632, 25.0049088643846, 0.0 ], [ 121.369850814545998, 25.004905708655901, 0.0 ], [ 121.369853233135004, 25.004902628105899, 0.0 ], [ 121.369933913924001, 25.0048371040128, 0.0 ], [ 121.369988087375006, 25.0048004058687, 0.0 ], [ 121.370064104958999, 25.004763270841998, 0.0 ], [ 121.370116714548004, 25.004741423903901, 0.0 ], [ 121.370235403063006, 25.004662492422, 0.0 ], [ 121.370245483868999, 25.004647724189098, 0.0 ], [ 121.370246475206997, 25.004634712005899, 0.0 ], [ 121.370242880967993, 25.0046188673366, 0.0 ], [ 121.370083049230004, 25.0042451071049, 0.0 ], [ 121.370062171824998, 25.004079625379202, 0.0 ], [ 121.370056551809995, 25.004058100734699, 0.0 ], [ 121.370056693147006, 25.004054433418801, 0.0 ], [ 121.370161408330006, 25.0037352587815, 0.0 ], [ 121.370267527769997, 25.003421577801799, 0.0 ], [ 121.370278083206003, 25.003408595853401, 0.0 ], [ 121.370585188556007, 25.003066378649098, 0.0 ], [ 121.370620276897995, 25.003022120049199, 0.0 ], [ 121.370688196005005, 25.002941825029701, 0.0 ], [ 121.370688417544002, 25.002941588297901, 0.0 ] ] ] } },
{ "type": "Feature", "properties": { "length": 1958.0, "Display": "大內坑溪排水右岸" }, "geometry": { "type": "MultiLineString", "coordinates": [ [ [ 121.756055367396002, 25.102096063268199, 0.0 ], [ 121.756056860526996, 25.102102375474999, 0.0 ], [ 121.756059065645005, 25.1021122602391, 0.0 ], [ 121.756076192671003, 25.102115830776899, 0.0 ], [ 121.756124159552002, 25.1021923286626, 0.0 ], [ 121.756124051425999, 25.102179721543202, 0.0 ], [ 121.756194446839999, 25.1022995008884, 0.0 ], [ 121.756198886500997, 25.102321470896499, 0.0 ], [ 121.756202223372995, 25.102335162845499, 0.0 ], [ 121.756202273015006, 25.102343235332501, 0.0 ], [ 121.756199620074995, 25.1023483019883, 0.0 ], [ 121.756191144471998, 25.102354901379002, 0.0 ], [ 121.756174632167998, 25.102363829041298, 0.0 ], [ 121.756166655165998, 25.102371168424799, 0.0 ], [ 121.756166881417997, 25.102378300160701, 0.0 ], [ 121.756171104252005, 25.102383089164999, 0.0 ], [ 121.756184433662, 25.102386338845601, 0.0 ], [ 121.756205418451998, 25.1023892177082, 0.0 ], [ 121.756221816731994, 25.102392601713699, 0.0 ], [ 121.756227541894006, 25.102395558103598, 0.0 ], [ 121.756232918232996, 25.102399814252301, 0.0 ], [ 121.756234787343999, 25.102402016001999, 0.0 ], [ 121.756237832430003, 25.102411308969099, 0.0 ], [ 121.756239421615007, 25.102418929648501, 0.0 ], [ 121.756239639246004, 25.1024211558044, 0.0 ], [ 121.756239145801999, 25.102423849645401, 0.0 ], [ 121.756236741254995, 25.102429527629301, 0.0 ], [ 121.756233564772003, 25.102438362052101, 0.0 ], [ 121.756229802543999, 25.102447466755301, 0.0 ], [ 121.756223121611995, 25.102459525680501, 0.0 ], [ 121.756215295163003, 25.1024764004313, 0.0 ], [ 121.756200478034998, 25.1025062682635, 0.0 ], [ 121.756191290768001, 25.102523906757899, 0.0 ], [ 121.756183050364996, 25.102551161423701, 0.0 ], [ 121.756183964901993, 25.102556246869401, 0.0 ], [ 121.756188710730001, 25.102561848535, 0.0 ], [ 121.756195821741997, 25.102569045540299, 0.0 ], [ 121.756205308299997, 25.1025794452312, 0.0 ], [ 121.756233435200997, 25.102604484311701, 0.0 ], [ 121.756254254574003, 25.102623125368901, 0.0 ], [ 121.756257429269994, 25.1026624235528, 0.0 ], [ 121.756384036225995, 25.102786439166099, 0.0 ], [ 121.756382960574996, 25.102796553308501, 0.0 ], [ 121.756381650953998, 25.1028006584467, 0.0 ], [ 121.756375694417997, 25.1028087339152, 0.0 ], [ 121.756373719487001, 25.102813146033299, 0.0 ], [ 121.756374064358994, 25.1028149657967, 0.0 ], [ 121.756376906086999, 25.102817267690401, 0.0 ], [ 121.756390475366004, 25.102823599817601, 0.0 ], [ 121.756417596074002, 25.1028333096571, 0.0 ], [ 121.756445853535993, 25.1028518771313, 0.0 ], [ 121.756459973342004, 25.102859683626502, 0.0 ], [ 121.756504983811993, 25.102874226349702, 0.0 ], [ 121.756559161493001, 25.102883305754698, 0.0 ], [ 121.756615491836001, 25.102890404512799, 0.0 ], [ 121.756674847900001, 25.102898246882798, 0.0 ], [ 121.756707145224993, 25.102902902170701, 0.0 ], [ 121.756763533769998, 25.102909187305102, 0.0 ], [ 121.756840633981, 25.1029158048526, 0.0 ], [ 121.756901036360006, 25.102926332773698, 0.0 ], [ 121.756948397149003, 25.1029331199422, 0.0 ], [ 121.756981744870998, 25.102938221313, 0.0 ], [ 121.757015610622005, 25.102949031035401, 0.0 ], [ 121.757048499982005, 25.102958088496798, 0.0 ], [ 121.757116500706005, 25.102945001629699, 0.0 ], [ 121.757228197681997, 25.102911107412901, 0.0 ], [ 121.757297793540005, 25.102913210398199, 0.0 ], [ 121.757375994244995, 25.102918483177501, 0.0 ], [ 121.757419001277995, 25.1029135901933, 0.0 ], [ 121.757431758080003, 25.1030301796639, 0.0 ], [ 121.757453577703998, 25.1031990154728, 0.0 ], [ 121.757459497873, 25.103217842918401, 0.0 ], [ 121.757420867609994, 25.103229838236398, 0.0 ], [ 121.757413629774007, 25.103233987036699, 0.0 ], [ 121.757408177464995, 25.1032397420752, 0.0 ], [ 121.757404342544007, 25.1032460762687, 0.0 ], [ 121.757404420664002, 25.103251712227699, 0.0 ], [ 121.757413734192994, 25.103278711758801, 0.0 ], [ 121.757437424851005, 25.103306232276999, 0.0 ], [ 121.757452913642993, 25.103321992453999, 0.0 ], [ 121.757481803459001, 25.103351646372399, 0.0 ], [ 121.757504728526996, 25.103368941383799, 0.0 ], [ 121.757524727863995, 25.103389264907602, 0.0 ], [ 121.757546209593997, 25.1034112551473, 0.0 ], [ 121.757564110865999, 25.103433842923401, 0.0 ], [ 121.757580509232994, 25.103460912456999, 0.0 ], [ 121.757589024338003, 25.103483258583999, 0.0 ], [ 121.757594900818006, 25.103523789428799, 0.0 ], [ 121.757596049881002, 25.103532740163001, 0.0 ], [ 121.757595205837006, 25.103543691442599, 0.0 ], [ 121.757587790195998, 25.103567003361999, 0.0 ], [ 121.757585820502996, 25.103573374136101, 0.0 ], [ 121.757581954841996, 25.1035882394557, 0.0 ], [ 121.757580231942001, 25.103597939026301, 0.0 ], [ 121.757579935151995, 25.1036014143316, 0.0 ], [ 121.757580473033002, 25.103606636435501, 0.0 ], [ 121.757582025345002, 25.1036101467528, 0.0 ], [ 121.757584056493002, 25.103612921693301, 0.0 ], [ 121.757587222286006, 25.1036167902685, 0.0 ], [ 121.757592949254999, 25.103623547983101, 0.0 ], [ 121.757596146761003, 25.1036269172786, 0.0 ], [ 121.757599336476005, 25.103629047978998, 0.0 ], [ 121.757604247657994, 25.1036306744043, 0.0 ], [ 121.757614416774004, 25.103631283075998, 0.0 ], [ 121.757621716483996, 25.103630724782999, 0.0 ], [ 121.757644671216994, 25.103623712150402, 0.0 ], [ 121.757666549967993, 25.103611711846401, 0.0 ], [ 121.757679014833002, 25.103598808531299, 0.0 ], [ 121.757690901255003, 25.1035768728741, 0.0 ], [ 121.757695352973002, 25.103546096258999, 0.0 ], [ 121.757705667554006, 25.103503213447901, 0.0 ], [ 121.757718677187, 25.103458039861799, 0.0 ], [ 121.757730846095996, 25.1034462379655, 0.0 ], [ 121.757761110781999, 25.103412267524099, 0.0 ], [ 121.757781476842993, 25.103388382968699, 0.0 ], [ 121.757798606636001, 25.103376254739601, 0.0 ], [ 121.757825020582004, 25.103367390190801, 0.0 ], [ 121.757849488540003, 25.1033547690209, 0.0 ], [ 121.757886553895005, 25.1033574307713, 0.0 ], [ 121.757912799790006, 25.103366388463701, 0.0 ], [ 121.757956559321002, 25.103391529392599, 0.0 ], [ 121.757987877518005, 25.1034143904381, 0.0 ], [ 121.758015674961001, 25.103436310615201, 0.0 ], [ 121.758033689868995, 25.103453879693301, 0.0 ], [ 121.758050598465999, 25.103473492203101, 0.0 ], [ 121.758062756330006, 25.1035042491173, 0.0 ], [ 121.758087362211, 25.103556126501399, 0.0 ], [ 121.758166274570002, 25.1037643240401, 0.0 ], [ 121.758171035220997, 25.103772974498799, 0.0 ], [ 121.758174527774003, 25.103778634901001, 0.0 ], [ 121.758176896538998, 25.1037826102827, 0.0 ], [ 121.758178745883995, 25.103785011784701, 0.0 ], [ 121.758181413608995, 25.103787872948001, 0.0 ], [ 121.758186544606005, 25.1037935032431, 0.0 ], [ 121.758194554200003, 25.103803199197401, 0.0 ], [ 121.758205907773998, 25.1038171075813, 0.0 ], [ 121.758270673202006, 25.103913261768401, 0.0 ], [ 121.758281843597999, 25.103931470113402, 0.0 ], [ 121.758289980914, 25.1039442667395, 0.0 ], [ 121.758295355656998, 25.103953258985001, 0.0 ], [ 121.758300438695002, 25.103962338008799, 0.0 ], [ 121.758319726392997, 25.1041337021266, 0.0 ], [ 121.758348777267003, 25.104221940138402, 0.0 ], [ 121.758397169299002, 25.104291867465101, 0.0 ], [ 121.758457923096998, 25.1043352399257, 0.0 ], [ 121.758555408725996, 25.104379320345899, 0.0 ], [ 121.758761957965007, 25.104449384318801, 0.0 ], [ 121.758819540554995, 25.104466720888901, 0.0 ], [ 121.758827886648007, 25.1044695941467, 0.0 ], [ 121.758986218277997, 25.104532808699499, 0.0 ], [ 121.759141371352996, 25.104588627571601, 0.0 ], [ 121.759196023740998, 25.104619529636999, 0.0 ], [ 121.759255546519, 25.104670060147299, 0.0 ], [ 121.759367522611996, 25.104722894969601, 0.0 ], [ 121.759554843738002, 25.104809893012, 0.0 ], [ 121.759640015304996, 25.104863487817699, 0.0 ], [ 121.759688274631998, 25.1049331785463, 0.0 ], [ 121.759720041796001, 25.105023085612299, 0.0 ], [ 121.759725647414996, 25.105060603281199, 0.0 ], [ 121.759727746446003, 25.105098644466999, 0.0 ], [ 121.759817176788999, 25.105301319157601, 0.0 ], [ 121.759872989935999, 25.105406606386001, 0.0 ], [ 121.759897450018997, 25.105440352869699, 0.0 ], [ 121.759907217302001, 25.1054541584158, 0.0 ], [ 121.759930127307996, 25.1054836721482, 0.0 ], [ 121.759942974059996, 25.105508623844401, 0.0 ], [ 121.759961898133, 25.1055376695445, 0.0 ], [ 121.759974991147999, 25.105558132752101, 0.0 ], [ 121.759977666070995, 25.1055655618913, 0.0 ], [ 121.759980194140994, 25.105576234973999, 0.0 ], [ 121.759982811133, 25.105587452, 0.0 ], [ 121.759984182506997, 25.105595450006899, 0.0 ], [ 121.759983680212002, 25.105626277651901, 0.0 ], [ 121.759988745460006, 25.105695415184599, 0.0 ], [ 121.759990450138005, 25.1057501358436, 0.0 ], [ 121.759992154827003, 25.1058048579293, 0.0 ], [ 121.759978393983005, 25.105886599393401, 0.0 ], [ 121.759965376270998, 25.105944419607599, 0.0 ], [ 121.759955857660998, 25.105972832240699, 0.0 ], [ 121.759952788687997, 25.105982817807401, 0.0 ], [ 121.759949031708004, 25.106008236333999, 0.0 ], [ 121.759942009466997, 25.106060173185, 0.0 ], [ 121.759934928147999, 25.106101142314699, 0.0 ], [ 121.759937807493998, 25.1061542528502, 0.0 ], [ 121.759939213159996, 25.1061591682721, 0.0 ], [ 121.759944676480998, 25.106170979087601, 0.0 ], [ 121.759951157752994, 25.1061842654378, 0.0 ], [ 121.759963722943994, 25.106202790387101, 0.0 ], [ 121.759979761354998, 25.106219257282699, 0.0 ], [ 121.759998745657001, 25.1062315732885, 0.0 ], [ 121.760032322756999, 25.106244141206901, 0.0 ], [ 121.760063516170007, 25.106252371457298, 0.0 ], [ 121.760107720224994, 25.1062755655499, 0.0 ], [ 121.760132523614004, 25.106290436460402, 0.0 ], [ 121.760175008277997, 25.106319607339, 0.0 ], [ 121.760212008170001, 25.106353899456401, 0.0 ], [ 121.760244897215003, 25.106384025099299, 0.0 ], [ 121.760271663889995, 25.1064187261703, 0.0 ], [ 121.760288937504001, 25.106448287022999, 0.0 ], [ 121.760309574339999, 25.106487626511701, 0.0 ], [ 121.760334549880994, 25.1065331090727, 0.0 ], [ 121.760353043425994, 25.106560353990599, 0.0 ], [ 121.760379564275993, 25.106615637925401, 0.0 ], [ 121.760383366151999, 25.1066662838622, 0.0 ], [ 121.760384114603994, 25.1067038429325, 0.0 ], [ 121.760380577977998, 25.106741167382399, 0.0 ], [ 121.760378271261004, 25.1067617474414, 0.0 ], [ 121.760368926802002, 25.106802220570501, 0.0 ], [ 121.760347111843004, 25.106845045125201, 0.0 ], [ 121.760329361418997, 25.1068798615477, 0.0 ], [ 121.760310949929007, 25.106915131144898, 0.0 ], [ 121.760293918025994, 25.1069503936667, 0.0 ], [ 121.760285750855004, 25.106968651359001, 0.0 ], [ 121.760281144749996, 25.107014729726799, 0.0 ], [ 121.760292611411998, 25.107083765181301, 0.0 ], [ 121.760319404596999, 25.1071786230237, 0.0 ], [ 121.760346151695003, 25.107261524390101, 0.0 ], [ 121.760356060120998, 25.107301673689701, 0.0 ], [ 121.760343228349001, 25.1073853352325, 0.0 ], [ 121.760346451732005, 25.107424274054399, 0.0 ], [ 121.760381048065, 25.107495962024299, 0.0 ], [ 121.760401042230995, 25.1075612645127, 0.0 ], [ 121.760400783674001, 25.1076625165305, 0.0 ], [ 121.760394862043, 25.107695253281602, 0.0 ], [ 121.760358876357998, 25.107775129186599, 0.0 ], [ 121.760362423079002, 25.107810456398301, 0.0 ], [ 121.760377774725995, 25.1078533263643, 0.0 ], [ 121.760392651027999, 25.107894740976899, 0.0 ], [ 121.760436037789006, 25.1079483408896, 0.0 ], [ 121.760465767870002, 25.107990454699799, 0.0 ], [ 121.760560206587002, 25.108119023445301, 0.0 ], [ 121.760598724190999, 25.108171915220002, 0.0 ], [ 121.760671516344999, 25.1082911203527, 0.0 ], [ 121.760693688304997, 25.1083789774843, 0.0 ], [ 121.760696656540006, 25.1084755217897, 0.0 ], [ 121.760692587025005, 25.108498257200701, 0.0 ], [ 121.760692610682, 25.1085223499412, 0.0 ], [ 121.760694867832001, 25.1085406723445, 0.0 ], [ 121.760696148611999, 25.108558059616701, 0.0 ], [ 121.760697265356001, 25.108575911102701, 0.0 ], [ 121.760698204874998, 25.108594488248301, 0.0 ], [ 121.760681093966994, 25.1087287770752, 0.0 ], [ 121.760674590041006, 25.108759279054102, 0.0 ], [ 121.760664294574994, 25.108803558754499, 0.0 ], [ 121.760657625134002, 25.108823336629101, 0.0 ], [ 121.760647667735995, 25.108846941074699, 0.0 ], [ 121.760628955856006, 25.108891462555398, 0.0 ], [ 121.760614255253003, 25.1089145259667, 0.0 ], [ 121.760564639611005, 25.1089543176953, 0.0 ], [ 121.760541773645997, 25.108963874575402, 0.0 ], [ 121.760541773645997, 25.108963874575402, 0.0 ], [ 121.760529572682998, 25.108966107798299, 0.0 ], [ 121.760517243658995, 25.108967651518299, 0.0 ], [ 121.760504833531996, 25.108968499856399, 0.0 ], [ 121.760492389564007, 25.108968649581399, 0.0 ], [ 121.760479959148995, 25.108968100123199, 0.0 ], [ 121.760467589629997, 25.108966853574401, 0.0 ], [ 121.760405185078, 25.108962718976901, 0.0 ], [ 121.760360827436998, 25.1089577670685, 0.0 ], [ 121.760344115452, 25.1089550367934, 0.0 ], [ 121.760310716134001, 25.108954925597299, 0.0 ], [ 121.760282222762001, 25.108961258983999, 0.0 ], [ 121.760223056583996, 25.108981471305299, 0.0 ], [ 121.760182818944998, 25.109001723392101, 0.0 ], [ 121.760149912881005, 25.109020824232001, 0.0 ], [ 121.760117688132993, 25.109053884206201, 0.0 ], [ 121.760084044089993, 25.109088813455699, 0.0 ], [ 121.760017527041001, 25.109174340134199, 0.0 ], [ 121.759929289997004, 25.109293773970801, 0.0 ], [ 121.759888380598994, 25.109357783130701, 0.0 ], [ 121.759842758418003, 25.109449844286299, 0.0 ], [ 121.759817413782997, 25.109519334134902, 0.0 ], [ 121.759806987998999, 25.109567916825899, 0.0 ], [ 121.759805332032002, 25.109585432541699, 0.0 ], [ 121.759806606938, 25.109611390923099, 0.0 ], [ 121.759813609871998, 25.1096314508899, 0.0 ], [ 121.759827220193998, 25.109656475835301, 0.0 ], [ 121.759847075010995, 25.109681751774598, 0.0 ], [ 121.759891174890001, 25.109718850774598, 0.0 ], [ 121.759935148615, 25.1097479153614, 0.0 ], [ 121.760183171375999, 25.109931761510001, 0.0 ], [ 121.760200555170996, 25.1099482583483, 0.0 ], [ 121.760210951090002, 25.109958732438798, 0.0 ], [ 121.760221153139, 25.1099710873833, 0.0 ], [ 121.760237099029993, 25.109993141650602, 0.0 ], [ 121.760266140255993, 25.1100460560356, 0.0 ], [ 121.760280097776004, 25.110076890475298, 0.0 ], [ 121.760299753238996, 25.110147336657398, 0.0 ], [ 121.760302695486999, 25.1101820802701, 0.0 ], [ 121.760295774558003, 25.1102519360314, 0.0 ], [ 121.760285466591, 25.110327641260501, 0.0 ], [ 121.760264234573995, 25.110462441596699, 0.0 ], [ 121.760238879572995, 25.1106262674523, 0.0 ], [ 121.760238917866005, 25.110657791540699, 0.0 ], [ 121.760243094716998, 25.110685263310899, 0.0 ], [ 121.760259824485004, 25.1107553480742, 0.0 ], [ 121.760294546813, 25.1108627271153, 0.0 ], [ 121.760319401546994, 25.110897550737, 0.0 ], [ 121.760404716541004, 25.111004037743601, 0.0 ], [ 121.760643229503998, 25.1113005609086, 0.0 ], [ 121.760652910621999, 25.111312596591599, 0.0 ], [ 121.760663159584993, 25.111332322236201, 0.0 ], [ 121.760697440795994, 25.111373839436101, 0.0 ], [ 121.760712366617994, 25.111397396108799, 0.0 ], [ 121.760717398729994, 25.111414484095, 0.0 ], [ 121.760721699433006, 25.111458061730001, 0.0 ], [ 121.760718422305999, 25.111507383122699, 0.0 ], [ 121.760701945202001, 25.111637725106402, 0.0 ], [ 121.760666848957001, 25.111784124047901, 0.0 ], [ 121.760620864898996, 25.1120066182005, 0.0 ], [ 121.760599767895997, 25.112077331235302, 0.0 ], [ 121.760551757479007, 25.112240805456299, 0.0 ], [ 121.760499931810998, 25.1124350050614, 0.0 ], [ 121.760501633454993, 25.112669961153401, 0.0 ], [ 121.760664475835, 25.1130654645739, 0.0 ], [ 121.760682062654993, 25.113106955419799, 0.0 ], [ 121.760707420496999, 25.113140061441101, 0.0 ], [ 121.760740733188996, 25.113169362170801, 0.0 ], [ 121.7607969158, 25.113205913873799, 0.0 ], [ 121.760841246767995, 25.1132311392189, 0.0 ], [ 121.760907678357, 25.1132582607523, 0.0 ], [ 121.760957842389999, 25.113274079012001, 0.0 ], [ 121.760999179075, 25.113291282030499, 0.0 ], [ 121.761016683248997, 25.113307206365398, 0.0 ], [ 121.761029956727995, 25.113331415998601, 0.0 ], [ 121.761075012372999, 25.1134444472162, 0.0 ], [ 121.761099086905006, 25.113487654388901, 0.0 ], [ 121.761140431784, 25.113545889240299, 0.0 ], [ 121.761176193119994, 25.113591796887199, 0.0 ], [ 121.761215262777, 25.113654022197899, 0.0 ], [ 121.761234649561004, 25.113792262280999, 0.0 ], [ 121.761292803746997, 25.1139755708863, 0.0 ], [ 121.761296704401005, 25.113980546334201, 0.0 ], [ 121.761302403472996, 25.113986584860498, 0.0 ], [ 121.761316921656999, 25.1139992453035, 0.0 ], [ 121.761328749198, 25.114006967715799, 0.0 ], [ 121.761339461158002, 25.1140148088733, 0.0 ], [ 121.761347796153999, 25.114022869435001, 0.0 ], [ 121.761355079526993, 25.1140317168921, 0.0 ], [ 121.761366950628997, 25.114047159124802, 0.0 ], [ 121.761392832726997, 25.1140937640298, 0.0 ], [ 121.761404110257999, 25.114120662972201, 0.0 ], [ 121.761405941819007, 25.114129348616402, 0.0 ], [ 121.761406655402993, 25.114144079935699, 0.0 ], [ 121.761410278051002, 25.1141757987671, 0.0 ], [ 121.761412408843995, 25.1142219663977, 0.0 ], [ 121.761414698978996, 25.114239656960201, 0.0 ], [ 121.761418102384994, 25.114254207868999, 0.0 ], [ 121.761420264921, 25.1142630431182, 0.0 ], [ 121.761424748807997, 25.114282182427001, 0.0 ], [ 121.761426193035007, 25.114290413993, 0.0 ], [ 121.761425560242998, 25.114300715657599, 0.0 ], [ 121.761421669198995, 25.114319273457099, 0.0 ], [ 121.761412227139004, 25.1143706290976, 0.0 ], [ 121.761397998364004, 25.114416071070799, 0.0 ], [ 121.761375415212001, 25.114444063983001, 0.0 ], [ 121.761340268303002, 25.114529708889201, 0.0 ], [ 121.761309128061995, 25.114571516829699, 0.0 ], [ 121.761247292150998, 25.114615132112601, 0.0 ], [ 121.761241775162006, 25.114618425131301, 0.0 ], [ 121.761231920940006, 25.114623208234399, 0.0 ], [ 121.761209557751997, 25.114631270804001, 0.0 ], [ 121.761157795659997, 25.1146461009021, 0.0 ], [ 121.761149515775998, 25.114649244449001, 0.0 ], [ 121.761143121920995, 25.114654566916201, 0.0 ], [ 121.761136862073997, 25.114669774614999, 0.0 ], [ 121.761131778340001, 25.114675923108699, 0.0 ], [ 121.761114289850994, 25.114695595071598, 0.0 ], [ 121.761110333066995, 25.1147001193448, 0.0 ], [ 121.761106873260005, 25.114706838212399, 0.0 ], [ 121.761100675212006, 25.114719942399301, 0.0 ], [ 121.761093325472999, 25.114731854093101, 0.0 ], [ 121.761079573569006, 25.114753824149499, 0.0 ], [ 121.761065790364, 25.1147707403859, 0.0 ], [ 121.761047704107995, 25.114790486568801, 0.0 ], [ 121.761042805404998, 25.114796688335701, 0.0 ], [ 121.761036688161994, 25.114805704216799, 0.0 ], [ 121.761032751223993, 25.114817797216499, 0.0 ], [ 121.761034377407995, 25.1148312651714, 0.0 ], [ 121.761052065372994, 25.114881973693599, 0.0 ], [ 121.761064933979995, 25.114922092088602, 0.0 ], [ 121.761066626984004, 25.1149407405102, 0.0 ], [ 121.761064469141004, 25.114974477712099, 0.0 ], [ 121.761066144370005, 25.114990255577801, 0.0 ], [ 121.761071062512002, 25.115005888291201, 0.0 ], [ 121.761093441441005, 25.1150400562511, 0.0 ], [ 121.761133654228999, 25.115122459394001, 0.0 ], [ 121.761168205247998, 25.115212479676899, 0.0 ], [ 121.761208394598, 25.115329245704501, 0.0 ], [ 121.761217885454997, 25.1153542676245, 0.0 ], [ 121.761218507918997, 25.115358184045899, 0.0 ], [ 121.761217936709002, 25.1153625423417, 0.0 ], [ 121.761215477985004, 25.115371374523399, 0.0 ], [ 121.761213171582995, 25.115380488072599, 0.0 ], [ 121.761211318739001, 25.115387881800601, 0.0 ] ] ] } },
{ "type": "Feature", "properties": { "length": 1856.0, "Display": "大內坑溪排水左岸" }, "geometry": { "type": "MultiLineString", "coordinates": [ [ [ 121.756684603357996, 25.102164477492501, 0.0 ], [ 121.756845715132002, 25.102240660803901, 0.0 ], [ 121.756931448469004, 25.102275545917198, 0.0 ], [ 121.756979518668999, 25.1022997074082, 0.0 ], [ 121.757003963618999, 25.102329447372199, 0.0 ], [ 121.757009210350006, 25.102370322305902, 0.0 ], [ 121.757008808606003, 25.102374787483399, 0.0 ], [ 121.757073812653999, 25.102467269382799, 0.0 ], [ 121.757085639452995, 25.102458029020099, 0.0 ], [ 121.757107489324994, 25.102441724872101, 0.0 ], [ 121.757159188014995, 25.1024150722094, 0.0 ], [ 121.757185644974001, 25.102406221278098, 0.0 ], [ 121.757221730078001, 25.102405226248301, 0.0 ], [ 121.757257608645006, 25.102406867330899, 0.0 ], [ 121.757303384221998, 25.102407108297299, 0.0 ], [ 121.757342672421004, 25.102401431659601, 0.0 ], [ 121.757373897478004, 25.102389589907801, 0.0 ], [ 121.757417590296001, 25.102382430452899, 0.0 ], [ 121.757448923276002, 25.102388111519101, 0.0 ], [ 121.757477474444002, 25.1023981877008, 0.0 ], [ 121.757510475380997, 25.102414082300999, 0.0 ], [ 121.757532291079002, 25.102438065598101, 0.0 ], [ 121.757545265722996, 25.102459903558199, 0.0 ], [ 121.757556258959994, 25.102485767493299, 0.0 ], [ 121.757564046891005, 25.102512377917702, 0.0 ], [ 121.757575883111997, 25.102544808814098, 0.0 ], [ 121.757587963134, 25.102588396674999, 0.0 ], [ 121.757584841680995, 25.102630185159601, 0.0 ], [ 121.757588497127998, 25.102637410450299, 0.0 ], [ 121.757602327468007, 25.102649096200999, 0.0 ], [ 121.757629676489998, 25.102675441954599, 0.0 ], [ 121.757579577540994, 25.102714783850701, 0.0 ], [ 121.757557607812998, 25.102722845411598, 0.0 ], [ 121.757508788994002, 25.1027407589491, 0.0 ], [ 121.757513185438, 25.102862151129301, 0.0 ], [ 121.757511829080997, 25.102875151548002, 0.0 ], [ 121.757509387568007, 25.102891540302799, 0.0 ], [ 121.757508305100004, 25.1028988064093, 0.0 ], [ 121.757507498216, 25.102930650258202, 0.0 ], [ 121.757506293172995, 25.102978207562199, 0.0 ], [ 121.757506152445004, 25.103008442423999, 0.0 ], [ 121.757507582938004, 25.1030442126109, 0.0 ], [ 121.757512385206994, 25.103093358183799, 0.0 ], [ 121.757523971598005, 25.1032091481135, 0.0 ], [ 121.757531633108997, 25.103208684585301, 0.0 ], [ 121.757537278168002, 25.103208625907499, 0.0 ], [ 121.757541269962999, 25.103208770106999, 0.0 ], [ 121.757546381238996, 25.103210033746699, 0.0 ], [ 121.757550459407, 25.103212334515799, 0.0 ], [ 121.757554642477999, 25.103216354457601, 0.0 ], [ 121.757560848251003, 25.103221183649399, 0.0 ], [ 121.757579979761005, 25.103229485301899, 0.0 ], [ 121.757600593839996, 25.103241374054001, 0.0 ], [ 121.757621211360004, 25.103253820562401, 0.0 ], [ 121.757637524795001, 25.103264336562201, 0.0 ], [ 121.757659041482995, 25.1032734313312, 0.0 ], [ 121.757683967823993, 25.103280545893799, 0.0 ], [ 121.757706219585998, 25.1032822935952, 0.0 ], [ 121.757721102990999, 25.103282493906001, 0.0 ], [ 121.757739022023003, 25.103282402356001, 0.0 ], [ 121.757761643376, 25.103281457797198, 0.0 ], [ 121.757780137725007, 25.103279688874899, 0.0 ], [ 121.757795025497998, 25.103280235416602, 0.0 ], [ 121.757806326378997, 25.1032817342345, 0.0 ], [ 121.757818829659001, 25.103284005188002, 0.0 ], [ 121.757842140606996, 25.103287730136898, 0.0 ], [ 121.757860039811007, 25.103292214843599, 0.0 ], [ 121.757867448816995, 25.1032962662483, 0.0 ], [ 121.757871962923005, 25.103297895220599, 0.0 ], [ 121.757884462651006, 25.103303478403099, 0.0 ], [ 121.757912086592995, 25.103311083571299, 0.0 ], [ 121.757945711171999, 25.103320112869302, 0.0 ], [ 121.757983148113993, 25.103334484779399, 0.0 ], [ 121.758009905422, 25.1033474174207, 0.0 ], [ 121.758038755821005, 25.103367060883102, 0.0 ], [ 121.758058978676004, 25.103385254787401, 0.0 ], [ 121.758080430367997, 25.1034093039335, 0.0 ], [ 121.758112418587004, 25.103464568243702, 0.0 ], [ 121.758122916966997, 25.103496769068801, 0.0 ], [ 121.758134993252, 25.103540767433799, 0.0 ], [ 121.758162773796997, 25.103596795521302, 0.0 ], [ 121.758201840054994, 25.103680260053199, 0.0 ], [ 121.758219707012998, 25.103723223208199, 0.0 ], [ 121.758229329827998, 25.103745138648598, 0.0 ], [ 121.758244459536002, 25.1037756197519, 0.0 ], [ 121.758263345268006, 25.103807402447401, 0.0 ], [ 121.758280951296996, 25.103843909032999, 0.0 ], [ 121.758299369170999, 25.103862652285201, 0.0 ], [ 121.758310876080998, 25.1038827457607, 0.0 ], [ 121.758318165673003, 25.1038906517268, 0.0 ], [ 121.758327583408999, 25.1039063808444, 0.0 ], [ 121.758335175054, 25.1039208095976, 0.0 ], [ 121.758339324820994, 25.103927878633801, 0.0 ], [ 121.758347990610005, 25.103941414441501, 0.0 ], [ 121.758369054922994, 25.1041555839174, 0.0 ], [ 121.758404620486004, 25.104232496252099, 0.0 ], [ 121.758460904128995, 25.104270187876299, 0.0 ], [ 121.758551548232006, 25.104309245665799, 0.0 ], [ 121.758580394145, 25.104323130245799, 0.0 ], [ 121.758745350058007, 25.104380172312499, 0.0 ], [ 121.758847310758995, 25.1044119519091, 0.0 ], [ 121.758866640820003, 25.104415000184201, 0.0 ], [ 121.758952369891006, 25.1044259632936, 0.0 ], [ 121.758966135771999, 25.104432187053199, 0.0 ], [ 121.759008893249003, 25.1044396527112, 0.0 ], [ 121.759046638119997, 25.104447611586199, 0.0 ], [ 121.759086394546998, 25.104454642420301, 0.0 ], [ 121.759104667607005, 25.104459499070298, 0.0 ], [ 121.759158547911994, 25.104477568034799, 0.0 ], [ 121.759192882148, 25.104492423970999, 0.0 ], [ 121.759253062810004, 25.104516195441501, 0.0 ], [ 121.759286678159, 25.104532346186499, 0.0 ], [ 121.759307081009993, 25.1045459980343, 0.0 ], [ 121.759338886338995, 25.104564877095701, 0.0 ], [ 121.759396919894996, 25.104601016595499, 0.0 ], [ 121.759448504369999, 25.1046411435096, 0.0 ], [ 121.759496694239999, 25.1046939510824, 0.0 ], [ 121.759526586310002, 25.104709276796999, 0.0 ], [ 121.759584890853006, 25.104749010577301, 0.0 ], [ 121.759669945775002, 25.104806974299599, 0.0 ], [ 121.759726463774001, 25.1048653831709, 0.0 ], [ 121.759779708381004, 25.104970066947502, 0.0 ], [ 121.759803433052994, 25.105056136675099, 0.0 ], [ 121.759805581885004, 25.105069293169599, 0.0 ], [ 121.759805245053002, 25.1050777029985, 0.0 ], [ 121.759804902962003, 25.105088962323499, 0.0 ], [ 121.759804188817, 25.105127448567501, 0.0 ], [ 121.759824459740997, 25.105171598708498, 0.0 ], [ 121.759856921833006, 25.105219911366301, 0.0 ], [ 121.759874394147005, 25.105260419602601, 0.0 ], [ 121.759919310856006, 25.1053346593011, 0.0 ], [ 121.759959715148995, 25.1054247387133, 0.0 ], [ 121.759998023899996, 25.105512635109999, 0.0 ], [ 121.760022275097995, 25.105554273164401, 0.0 ], [ 121.760043312269005, 25.1056084762483, 0.0 ], [ 121.760065140555994, 25.105723287535799, 0.0 ], [ 121.760075709739993, 25.1057600005098, 0.0 ], [ 121.760085763126995, 25.105797182777099, 0.0 ], [ 121.760087076888993, 25.105806660325701, 0.0 ], [ 121.760087892065002, 25.1058164828316, 0.0 ], [ 121.760087447358998, 25.105825855119502, 0.0 ], [ 121.760082857493003, 25.105858791835601, 0.0 ], [ 121.760071537936994, 25.105906499857799, 0.0 ], [ 121.760044047950004, 25.105945613511398, 0.0 ], [ 121.760029221663004, 25.105959973248801, 0.0 ], [ 121.760019967968006, 25.1059687820606, 0.0 ], [ 121.760015190836995, 25.1059749392209, 0.0 ], [ 121.760009162127005, 25.105986359794901, 0.0 ], [ 121.760003810236, 25.106003326071502, 0.0 ], [ 121.759999444623006, 25.106024083434001, 0.0 ], [ 121.759997321680999, 25.106058505706201, 0.0 ], [ 121.759996904565, 25.1060842043123, 0.0 ], [ 121.760002257322, 25.106110922320902, 0.0 ], [ 121.760017428449999, 25.106140736090001, 0.0 ], [ 121.760040085320995, 25.106169462938801, 0.0 ], [ 121.76005804415, 25.106184054413401, 0.0 ], [ 121.760077126678993, 25.106193920589099, 0.0 ], [ 121.760141147886003, 25.106212473805702, 0.0 ], [ 121.760193409224001, 25.106246887104799, 0.0 ], [ 121.760239148797993, 25.1062770058893, 0.0 ], [ 121.760293421106994, 25.106347288480201, 0.0 ], [ 121.760337082535003, 25.1064156393502, 0.0 ], [ 121.760369462777007, 25.106456043734799, 0.0 ], [ 121.760373573118002, 25.106463874107899, 0.0 ], [ 121.760403576265006, 25.106518982017, 0.0 ], [ 121.760424349629005, 25.106575362072, 0.0 ], [ 121.760439798115002, 25.106639659674101, 0.0 ], [ 121.760446133669006, 25.1067372493271, 0.0 ], [ 121.760435174761994, 25.1068078580013, 0.0 ], [ 121.760414517884001, 25.106858116183499, 0.0 ], [ 121.760366256083003, 25.1069483240625, 0.0 ], [ 121.760363579667995, 25.106978358452899, 0.0 ], [ 121.760362407228996, 25.106991515471702, 0.0 ], [ 121.760357449593002, 25.106991486725001, 0.0 ], [ 121.760355649397994, 25.107054708192901, 0.0 ], [ 121.760368635844003, 25.1071116719929, 0.0 ], [ 121.760404596832004, 25.107250432162999, 0.0 ], [ 121.760415240469996, 25.1072939446906, 0.0 ], [ 121.760418754008001, 25.107373081896998, 0.0 ], [ 121.760432245784997, 25.107404698659401, 0.0 ], [ 121.760459395444997, 25.107457199321601, 0.0 ], [ 121.760472778907996, 25.1074949351157, 0.0 ], [ 121.760481006039996, 25.107544908706402, 0.0 ], [ 121.760495313201005, 25.107614594216301, 0.0 ], [ 121.760471255921004, 25.107778755351202, 0.0 ], [ 121.760480977415995, 25.107852034592199, 0.0 ], [ 121.760490495032002, 25.1078947538665, 0.0 ], [ 121.760544986324007, 25.1079630273959, 0.0 ], [ 121.760588245405003, 25.1080156363324, 0.0 ], [ 121.760622451711001, 25.108062488693101, 0.0 ], [ 121.760674358111999, 25.108122959629899, 0.0 ], [ 121.760733468867997, 25.108204435910501, 0.0 ], [ 121.760764440307, 25.108274957288, 0.0 ], [ 121.760774649466001, 25.1083073297307, 0.0 ], [ 121.760794840144996, 25.108414559043698, 0.0 ], [ 121.760801576598993, 25.108444372034601, 0.0 ], [ 121.760801448455993, 25.1084550399788, 0.0 ], [ 121.760799494037997, 25.108467553112199, 0.0 ], [ 121.760794208278995, 25.108503933838499, 0.0 ], [ 121.760791969506997, 25.108525531286102, 0.0 ], [ 121.760792435623003, 25.108532877975101, 0.0 ], [ 121.760794663547998, 25.108546007991301, 0.0 ], [ 121.760809624681002, 25.1085825042504, 0.0 ], [ 121.760784435863997, 25.108741334661399, 0.0 ], [ 121.760749976648, 25.1088900096995, 0.0 ], [ 121.760733812609999, 25.108916929852899, 0.0 ], [ 121.760720143387005, 25.1089544293663, 0.0 ], [ 121.760713715113994, 25.108969242545999, 0.0 ], [ 121.760701458095994, 25.108982459348301, 0.0 ], [ 121.760679255160994, 25.108995666569399, 0.0 ], [ 121.760638886883996, 25.109017624283499, 0.0 ], [ 121.760592110942994, 25.1090324030041, 0.0 ], [ 121.760507557742997, 25.109049406114, 0.0 ], [ 121.760479414795995, 25.109050223547801, 0.0 ], [ 121.760444712758002, 25.109048328265999, 0.0 ], [ 121.760387194393005, 25.109041942622301, 0.0 ], [ 121.760340935814, 25.109037798752201, 0.0 ], [ 121.760331378177, 25.109036313877599, 0.0 ], [ 121.760321686915006, 25.109036583138501, 0.0 ], [ 121.760315341942004, 25.109037734759902, 0.0 ], [ 121.760259080580994, 25.109056030174202, 0.0 ], [ 121.760210593709004, 25.109078303523699, 0.0 ], [ 121.760195856268993, 25.109088772919701, 0.0 ], [ 121.760141132035997, 25.109136412972202, 0.0 ], [ 121.760108508138998, 25.109171165470698, 0.0 ], [ 121.760058546666002, 25.1092322143537, 0.0 ], [ 121.759978285003001, 25.1093638980674, 0.0 ], [ 121.759950052533, 25.109408134233199, 0.0 ], [ 121.759924490323996, 25.109454478227601, 0.0 ], [ 121.759912626227006, 25.109515171547301, 0.0 ], [ 121.759903629969003, 25.1095561484745, 0.0 ], [ 121.759899576821994, 25.109580650971498, 0.0 ], [ 121.759898849042003, 25.109599016309499, 0.0 ], [ 121.759901989567993, 25.109611361002599, 0.0 ], [ 121.759905496190996, 25.1096198741939, 0.0 ], [ 121.759909815626997, 25.1096265870754, 0.0 ], [ 121.759918257105994, 25.109634925542, 0.0 ], [ 121.759939194412993, 25.109654225374701, 0.0 ], [ 121.759946497171995, 25.109659934998099, 0.0 ], [ 121.760203104203995, 25.109859975384801, 0.0 ], [ 121.760269650143002, 25.109907336767801, 0.0 ], [ 121.760282802581003, 25.109927648175301, 0.0 ], [ 121.760293406724998, 25.1099538071113, 0.0 ], [ 121.760355490582995, 25.110086070112899, 0.0 ], [ 121.760362835462999, 25.1101065434672, 0.0 ], [ 121.760369286531997, 25.110140399115998, 0.0 ], [ 121.760379529199994, 25.1101941532959, 0.0 ], [ 121.760379928009996, 25.1102041268996, 0.0 ], [ 121.760377855401003, 25.110221399923201, 0.0 ], [ 121.760373449059998, 25.110259434308102, 0.0 ], [ 121.760365090267996, 25.110320195747502, 0.0 ], [ 121.760362171995993, 25.110358657436699, 0.0 ], [ 121.760356025605006, 25.110391939729499, 0.0 ], [ 121.760351736887003, 25.110462948068299, 0.0 ], [ 121.760331026716997, 25.110580994917701, 0.0 ], [ 121.760336714770006, 25.110725669535299, 0.0 ], [ 121.760380230589007, 25.110829632793401, 0.0 ], [ 121.760388369181996, 25.110850789025701, 0.0 ], [ 121.760454232396, 25.110935118835101, 0.0 ], [ 121.760504822900003, 25.111001474072602, 0.0 ], [ 121.760564725159, 25.1110831544419, 0.0 ], [ 121.760631897962995, 25.1111670691139, 0.0 ], [ 121.760670236905, 25.111204852066201, 0.0 ], [ 121.760732332459, 25.111265678149799, 0.0 ], [ 121.760746669756003, 25.111289054684701, 0.0 ], [ 121.760776293860005, 25.111338531255502, 0.0 ], [ 121.760792764517007, 25.111373803691698, 0.0 ], [ 121.760802916065003, 25.1114155375796, 0.0 ], [ 121.760801528879, 25.1114813368326, 0.0 ], [ 121.760799650400003, 25.1114958289727, 0.0 ], [ 121.760766512808004, 25.1117135854503, 0.0 ], [ 121.760752087194007, 25.111766252922799, 0.0 ], [ 121.760708015578999, 25.111927156768299, 0.0 ], [ 121.760679427868993, 25.1120335292668, 0.0 ], [ 121.760658339342996, 25.1120871119196, 0.0 ], [ 121.760606598135993, 25.112261459458001, 0.0 ], [ 121.760558977193995, 25.1124397216178, 0.0 ], [ 121.760560173141002, 25.112660235927699, 0.0 ], [ 121.760714299168995, 25.113036779640002, 0.0 ], [ 121.760722889731994, 25.113057767081401, 0.0 ], [ 121.760729671356003, 25.113074335131799, 0.0 ], [ 121.760739774938997, 25.113090925318499, 0.0 ], [ 121.760752387984994, 25.113109289173199, 0.0 ], [ 121.760795730734998, 25.113148668573398, 0.0 ], [ 121.760829071345995, 25.113173591590101, 0.0 ], [ 121.760862412937996, 25.113198515012598, 0.0 ], [ 121.760902164735995, 25.113221392103299, 0.0 ], [ 121.760936598095995, 25.113232057585002, 0.0 ], [ 121.760991332228997, 25.113247982977001, 0.0 ], [ 121.761017679158996, 25.113261738450198, 0.0 ], [ 121.761037946423997, 25.113279970066099, 0.0 ], [ 121.761052765383994, 25.113306008187699, 0.0 ], [ 121.761091835779993, 25.113388299963098, 0.0 ], [ 121.761096461980003, 25.113399364996098, 0.0 ], [ 121.761132204660996, 25.1134822276167, 0.0 ], [ 121.761184530041007, 25.113554532925299, 0.0 ], [ 121.761230927089997, 25.1136158006526, 0.0 ], [ 121.761238775232002, 25.1136282845012, 0.0 ], [ 121.761246450407, 25.113648209865001, 0.0 ], [ 121.761251934013998, 25.113665573446301, 0.0 ], [ 121.761261194707998, 25.113713896180101, 0.0 ], [ 121.761264378293006, 25.113738496323101, 0.0 ], [ 121.761311578204996, 25.1139477262168, 0.0 ], [ 121.761315000382993, 25.113956521537599, 0.0 ], [ 121.761317556256003, 25.113961197388502, 0.0 ], [ 121.761322044794994, 25.113968069251499, 0.0 ], [ 121.761329636094004, 25.113974448415, 0.0 ], [ 121.761348488376001, 25.1139908542714, 0.0 ], [ 121.761356271750003, 25.1139969331598, 0.0 ], [ 121.761363244641004, 25.114003943372701, 0.0 ], [ 121.761370234764001, 25.114013734985502, 0.0 ], [ 121.761382171411995, 25.114032216109202, 0.0 ], [ 121.761399919528998, 25.114065220706099, 0.0 ], [ 121.761416853626997, 25.1141009205557, 0.0 ], [ 121.761422690258996, 25.114116079309799, 0.0 ], [ 121.761426610285, 25.114125716741501, 0.0 ], [ 121.761429578139001, 25.114137554115999, 0.0 ], [ 121.761430114991995, 25.114146184648, 0.0 ], [ 121.761430170289998, 25.1141551102431, 0.0 ], [ 121.761435097242, 25.114219276068901, 0.0 ], [ 121.761436039155996, 25.114228264859399, 0.0 ], [ 121.761437113786997, 25.114238043734499, 0.0 ], [ 121.761440642859, 25.114250763530901, 0.0 ], [ 121.761445794739998, 25.114263474992701, 0.0 ], [ 121.761451170962005, 25.114279692615, 0.0 ], [ 121.761456054136005, 25.114292793064902, 0.0 ], [ 121.761456836693, 25.1142966977804, 0.0 ], [ 121.761457124372996, 25.114302329602399, 0.0 ], [ 121.761456182341007, 25.1143134859289, 0.0 ], [ 121.761443945368001, 25.114366138376099, 0.0 ], [ 121.761437265656994, 25.114382626788199, 0.0 ], [ 121.761425786179004, 25.1144064859939, 0.0 ], [ 121.761421979709993, 25.1144176712627, 0.0 ], [ 121.761416866795997, 25.1144265124748, 0.0 ], [ 121.761410153349004, 25.114437712253899, 0.0 ], [ 121.761401192091995, 25.114450980496599, 0.0 ], [ 121.761398206069998, 25.114455990372001, 0.0 ], [ 121.761386991891001, 25.114479535111698, 0.0 ], [ 121.761374748269006, 25.114503554788001, 0.0 ], [ 121.761361492665003, 25.114530868053599, 0.0 ], [ 121.761352819568998, 25.114547823373201, 0.0 ], [ 121.761344129012002, 25.114561960457898, 0.0 ], [ 121.761326716848004, 25.1145850673696, 0.0 ], [ 121.761312848065003, 25.1145968823697, 0.0 ], [ 121.761264989409, 25.1146229639361, 0.0 ], [ 121.761248533922995, 25.1146338524917, 0.0 ], [ 121.761220220018004, 25.114647620673399, 0.0 ], [ 121.761188855399993, 25.114657358901201, 0.0 ], [ 121.761170560468003, 25.114664125470998, 0.0 ], [ 121.761161621648995, 25.114668248786401, 0.0 ], [ 121.761154731030004, 25.114674215493199, 0.0 ], [ 121.761148266888995, 25.1146831452571, 0.0 ], [ 121.761137778852003, 25.114700251363399, 0.0 ], [ 121.761132119829, 25.114707694369901, 0.0 ], [ 121.761122463123996, 25.114727391007701, 0.0 ], [ 121.761111997067999, 25.114748203558001, 0.0 ], [ 121.761102826070996, 25.114763913621399, 0.0 ], [ 121.761094693505001, 25.114775147879602, 0.0 ], [ 121.761076160716001, 25.114799286463999, 0.0 ], [ 121.761068463965998, 25.114807202044901, 0.0 ], [ 121.761064398482006, 25.114813026577199, 0.0 ], [ 121.761062614451006, 25.114819253377402, 0.0 ], [ 121.761061790946002, 25.1148333521549, 0.0 ], [ 121.761063716158006, 25.114849923628199, 0.0 ], [ 121.761082229962994, 25.114896256637699, 0.0 ], [ 121.761088224907994, 25.114912206969699, 0.0 ], [ 121.761088286516994, 25.114922155550499, 0.0 ], [ 121.761085618978001, 25.114932947355701, 0.0 ], [ 121.761085276534999, 25.1149511884792, 0.0 ], [ 121.761087206886003, 25.1149685891397, 0.0 ], [ 121.761090463309003, 25.114979350534298, 0.0 ], [ 121.761095080774993, 25.114989275727499, 0.0 ], [ 121.761106142740999, 25.115009531132099, 0.0 ], [ 121.761120874490999, 25.115033913348899, 0.0 ], [ 121.761128700575995, 25.115046723690799, 0.0 ], [ 121.761148793576993, 25.1150956542659, 0.0 ], [ 121.761162219466996, 25.115128533314799, 0.0 ], [ 121.761181502903995, 25.115179163723202, 0.0 ], [ 121.761199059953, 25.115229279762598, 0.0 ], [ 121.761212495592005, 25.115263728025901, 0.0 ], [ 121.761226132733995, 25.115298773827799, 0.0 ], [ 121.761238070778006, 25.11532182421, 0.0 ], [ 121.761247289631996, 25.115345301276701, 0.0 ], [ 121.761249159727996, 25.115354371172501, 0.0 ], [ 121.761249652504006, 25.115360559494601, 0.0 ], [ 121.761248790623, 25.115367992524099, 0.0 ], [ 121.761243439148998, 25.115382877628601, 0.0 ], [ 121.761236979540001, 25.115394964568299, 0.0 ] ] ] } },
{ "type": "Feature", "properties": { "length": 3220.0, "Display": "深澳坑溪排水右岸" }, "geometry": { "type": "MultiLineString", "coordinates": [ [ [ 121.794975485433, 25.1128494375067, 0.0 ], [ 121.795062377251, 25.112956782974301, 0.0 ], [ 121.795138129769001, 25.113046651535399, 0.0 ], [ 121.795170746048001, 25.113089784433001, 0.0 ], [ 121.795198675693001, 25.113122585121801, 0.0 ], [ 121.795221208434, 25.113152666014599, 0.0 ], [ 121.795280592040001, 25.113231144140901, 0.0 ], [ 121.795418005895002, 25.113368636379999, 0.0 ], [ 121.795431853186003, 25.113382512771, 0.0 ], [ 121.795452468413998, 25.113408464499301, 0.0 ], [ 121.795457244957007, 25.113416382602601, 0.0 ], [ 121.795464912227999, 25.113429092680501, 0.0 ], [ 121.795469688772002, 25.113437010783301, 0.0 ], [ 121.795477513367004, 25.1134496404133, 0.0 ], [ 121.795482453858, 25.113457474681798, 0.0 ], [ 121.795490384298006, 25.113470050188699, 0.0 ], [ 121.795495324789997, 25.113477884456699, 0.0 ], [ 121.795503255232006, 25.113490459962801, 0.0 ], [ 121.795508195726995, 25.1134982942303, 0.0 ], [ 121.795516126170995, 25.113510869735599, 0.0 ], [ 121.795521066667007, 25.113518704002601, 0.0 ], [ 121.795530154651999, 25.113530611332099, 0.0 ], [ 121.795535829591003, 25.113538021650701, 0.0 ], [ 121.795544938961001, 25.113549916636401, 0.0 ], [ 121.795550613901995, 25.1135573269543, 0.0 ], [ 121.795559723275005, 25.113569221938999, 0.0 ], [ 121.795565398218002, 25.113576632256301, 0.0 ], [ 121.795573676944002, 25.1135893362822, 0.0 ], [ 121.795579752400997, 25.113596478520599, 0.0 ], [ 121.795589503195004, 25.113607714077698, 0.0 ], [ 121.795595578654002, 25.113614856315401, 0.0 ], [ 121.795606331567996, 25.1136256282613, 0.0 ], [ 121.795612407028997, 25.113632770498299, 0.0 ], [ 121.795621379756994, 25.113644867777801, 0.0 ], [ 121.795627455219005, 25.113652010014, 0.0 ], [ 121.795637425191998, 25.113663571261, 0.0 ], [ 121.795643059694001, 25.113670291092401, 0.0 ], [ 121.795653824067998, 25.113682305563501, 0.0 ], [ 121.795658892413996, 25.1136890284324, 0.0 ], [ 121.795669303221999, 25.113701088069401, 0.0 ], [ 121.795675293257005, 25.113708065609501, 0.0 ], [ 121.795684778739997, 25.1137193080875, 0.0 ], [ 121.795690768496002, 25.113726242358702, 0.0 ], [ 121.795701755832994, 25.113739899876801, 0.0 ], [ 121.795709497746998, 25.113744185294099, 0.0 ], [ 121.795721722527006, 25.1137522111128, 0.0 ], [ 121.795729754804, 25.113757619982, 0.0 ], [ 121.795743614573993, 25.113766762035201, 0.0 ], [ 121.795753113409006, 25.113769134155302, 0.0 ], [ 121.795767577332001, 25.113773210412699, 0.0 ], [ 121.795777430016003, 25.113775580632002, 0.0 ], [ 121.795793381787007, 25.113779908519099, 0.0 ], [ 121.795802668313996, 25.113782281775599, 0.0 ], [ 121.795845043672998, 25.1137923332006, 0.0 ], [ 121.795910410624003, 25.113802597174399, 0.0 ], [ 121.795953588261995, 25.113807673404999, 0.0 ], [ 121.796002582550003, 25.113810594830099, 0.0 ], [ 121.796089130531001, 25.1138147135383, 0.0 ], [ 121.796241953700999, 25.113814655999299, 0.0 ], [ 121.796398353002004, 25.1138076850578, 0.0 ], [ 121.796446253392006, 25.113804284144301, 0.0 ], [ 121.796586035836, 25.1138014826039, 0.0 ], [ 121.796599665578, 25.113802175868301, 0.0 ], [ 121.796640503480006, 25.113813591933798, 0.0 ], [ 121.796711137692995, 25.1138391037824, 0.0 ], [ 121.796742640827006, 25.113861819751602, 0.0 ], [ 121.796760406879997, 25.1138746303149, 0.0 ], [ 121.796775195414, 25.1138856146517, 0.0 ], [ 121.796792728363002, 25.113899664239099, 0.0 ], [ 121.796910980310003, 25.1140118321652, 0.0 ], [ 121.796949295188995, 25.114045763679801, 0.0 ], [ 121.796965068061994, 25.114055324032599, 0.0 ], [ 121.797035253310995, 25.114088371417999, 0.0 ], [ 121.797097113782002, 25.114108681884701, 0.0 ], [ 121.797132445832005, 25.114117666409498, 0.0 ], [ 121.797183896440998, 25.114123625488801, 0.0 ], [ 121.797245477977995, 25.114126028295001, 0.0 ], [ 121.797283051218002, 25.114127593419099, 0.0 ], [ 121.797407741067005, 25.1141265321147, 0.0 ], [ 121.797500437520995, 25.114124484815999, 0.0 ], [ 121.797561297932006, 25.114124225518701, 0.0 ], [ 121.797585621376996, 25.114125201742599, 0.0 ], [ 121.797592926386997, 25.1141268224595, 0.0 ], [ 121.797617889392001, 25.1141364055281, 0.0 ], [ 121.797652648063007, 25.114154751612102, 0.0 ], [ 121.797675896056006, 25.114171756538099, 0.0 ], [ 121.797688752197999, 25.114185523390699, 0.0 ], [ 121.797694437591005, 25.114196886162301, 0.0 ], [ 121.797710656274006, 25.114260441874698, 0.0 ], [ 121.797716940266, 25.114291953079299, 0.0 ], [ 121.797720123214006, 25.114314072639999, 0.0 ], [ 121.797720223791998, 25.1143295681346, 0.0 ], [ 121.797710853016994, 25.114384407326199, 0.0 ], [ 121.797697792003007, 25.114476549803602, 0.0 ], [ 121.797675291000999, 25.1146157231404, 0.0 ], [ 121.797603215405999, 25.114967065463802, 0.0 ], [ 121.797591532590005, 25.1150576369972, 0.0 ], [ 121.797586952562, 25.115097300107902, 0.0 ], [ 121.797586125020999, 25.115118885932901, 0.0 ], [ 121.797589648447001, 25.1151400072985, 0.0 ], [ 121.797593601724998, 25.115152758788899, 0.0 ], [ 121.797608265576997, 25.115194108795698, 0.0 ], [ 121.797616726563007, 25.115217434623201, 0.0 ], [ 121.797621617364996, 25.115237737123099, 0.0 ], [ 121.797627210463006, 25.115253370238801, 0.0 ], [ 121.797638641796993, 25.1152798283401, 0.0 ], [ 121.797704813918998, 25.115376383650698, 0.0 ], [ 121.797742640802994, 25.115419611310401, 0.0 ], [ 121.797751375025001, 25.1154335577972, 0.0 ], [ 121.797774901561993, 25.115471748169998, 0.0 ], [ 121.797786254437995, 25.115502536223602, 0.0 ], [ 121.797790741895, 25.115532971031801, 0.0 ], [ 121.797806515389993, 25.1155776459841, 0.0 ], [ 121.797824267438997, 25.115684052826701, 0.0 ], [ 121.797841615246995, 25.115850626971302, 0.0 ], [ 121.797848669092005, 25.115940047087602, 0.0 ], [ 121.797860383347, 25.116006328450101, 0.0 ], [ 121.797863711996001, 25.1160058681801, 0.0 ], [ 121.797922811199001, 25.1162544197493, 0.0 ], [ 121.797928835804996, 25.116276557685701, 0.0 ], [ 121.797936644835005, 25.116290566715598, 0.0 ], [ 121.797944453870002, 25.116304576220799, 0.0 ], [ 121.797961306988995, 25.116324782437999, 0.0 ], [ 121.797972091291001, 25.116334872617401, 0.0 ], [ 121.797986752808001, 25.1163476741959, 0.0 ], [ 121.797995375918006, 25.116355043736899, 0.0 ], [ 121.798015925665993, 25.116363315553102, 0.0 ], [ 121.798035224437996, 25.1163726822566, 0.0 ], [ 121.798063659126996, 25.1163864856413, 0.0 ], [ 121.798096288303, 25.116403472289701, 0.0 ], [ 121.798140826109005, 25.1164266585149, 0.0 ], [ 121.798161553360003, 25.1164374490413, 0.0 ], [ 121.798174874557006, 25.116451130002201, 0.0 ], [ 121.798198144077006, 25.116462954814299, 0.0 ], [ 121.798219700768996, 25.116472673327401, 0.0 ], [ 121.798251730350998, 25.116485922474901, 0.0 ], [ 121.798301795510994, 25.116509380321201, 0.0 ], [ 121.798343004610999, 25.1165325981206, 0.0 ], [ 121.798410403635998, 25.116576328541299, 0.0 ], [ 121.798438845494999, 25.116599946599599, 0.0 ], [ 121.798452487982004, 25.1166143171409, 0.0 ], [ 121.798457861640998, 25.116629102225801, 0.0 ], [ 121.798459310957, 25.1166397690676, 0.0 ], [ 121.798459057228996, 25.116653898905501, 0.0 ], [ 121.798455050382998, 25.116665423956299, 0.0 ], [ 121.798445739997007, 25.116674378618601, 0.0 ], [ 121.798416151097001, 25.116685526390398, 0.0 ], [ 121.798382406084002, 25.116693871436301, 0.0 ], [ 121.798341375670006, 25.1167015709553, 0.0 ], [ 121.798301211492003, 25.1167022882948, 0.0 ], [ 121.798274796429993, 25.116701929472999, 0.0 ], [ 121.798226436118, 25.116704461802399, 0.0 ], [ 121.798160774581007, 25.116702262074998, 0.0 ], [ 121.798160774581007, 25.116702262074998, 0.0 ], [ 121.798125835489998, 25.1166998364872, 0.0 ], [ 121.798057585953998, 25.116691846733701, 0.0 ], [ 121.797999203003997, 25.116688579363, 0.0 ], [ 121.797930241228997, 25.116678091897199, 0.0 ], [ 121.797854242591001, 25.116656168832101, 0.0 ], [ 121.797785293108006, 25.116647922435199, 0.0 ], [ 121.797759425316002, 25.1166480616351, 0.0 ], [ 121.797726916520006, 25.1166535540697, 0.0 ], [ 121.797701956986998, 25.116665082821001, 0.0 ], [ 121.797672877869999, 25.116686039649998, 0.0 ], [ 121.797645934963995, 25.1167094793296, 0.0 ], [ 121.797611573514999, 25.116749402021401, 0.0 ], [ 121.797563860055007, 25.116819542386899, 0.0 ], [ 121.797522141106001, 25.1168855401896, 0.0 ], [ 121.797468603070996, 25.1169858581837, 0.0 ], [ 121.797420518441996, 25.117106440421299, 0.0 ], [ 121.797395078753993, 25.117177853229499, 0.0 ], [ 121.797389447268003, 25.117195944477, 0.0 ], [ 121.797381250401003, 25.117229696547199, 0.0 ], [ 121.797374841373994, 25.1172795261764, 0.0 ], [ 121.797373481584003, 25.117329328647301, 0.0 ], [ 121.797376199401995, 25.1173579438533, 0.0 ], [ 121.797384922622001, 25.117405394262398, 0.0 ], [ 121.797391838680994, 25.117433701858701, 0.0 ], [ 121.797414967918996, 25.117496396327802, 0.0 ], [ 121.797432981314998, 25.117544009461401, 0.0 ], [ 121.797456867245003, 25.117593676606301, 0.0 ], [ 121.797469018409004, 25.117622588427398, 0.0 ], [ 121.797488195222996, 25.1176518678683, 0.0 ], [ 121.797507332790005, 25.1176750986487, 0.0 ], [ 121.797528352434, 25.1176957259772, 0.0 ], [ 121.797556454011001, 25.1177187881393, 0.0 ], [ 121.797571962882998, 25.117730054420502, 0.0 ], [ 121.797591627849997, 25.117741297863802, 0.0 ], [ 121.797604720292, 25.117746091452901, 0.0 ], [ 121.797625053673997, 25.117749556557602, 0.0 ], [ 121.797648317094996, 25.1177541897823, 0.0 ], [ 121.797666261854005, 25.117757848631399, 0.0 ], [ 121.797699296890002, 25.117778349029201, 0.0 ], [ 121.797773095590998, 25.117813696615301, 0.0 ], [ 121.797858676870007, 25.117861148989999, 0.0 ], [ 121.797938529446995, 25.117916362176299, 0.0 ], [ 121.797995425585995, 25.117966994980399, 0.0 ], [ 121.798020730184007, 25.117983580209, 0.0 ], [ 121.798043431319002, 25.117995511301, 0.0 ], [ 121.798067140984003, 25.1180096763553, 0.0 ], [ 121.798080424911007, 25.118013125656301, 0.0 ], [ 121.798161540264005, 25.118021589571999, 0.0 ], [ 121.798167055004996, 25.1180195908812, 0.0 ], [ 121.798196679769006, 25.118010400649801, 0.0 ], [ 121.798226018633997, 25.118011853621699, 0.0 ], [ 121.798280401683002, 25.1180309522329, 0.0 ], [ 121.798300762539, 25.1180468035204, 0.0 ], [ 121.798360555461997, 25.118108079801601, 0.0 ], [ 121.798413261687998, 25.118165074089401, 0.0 ], [ 121.798479534833007, 25.1182255275572, 0.0 ], [ 121.798574100604995, 25.1183199893064, 0.0 ], [ 121.798622955669003, 25.118362715905601, 0.0 ], [ 121.798715261110999, 25.118454165465099, 0.0 ], [ 121.798754186439993, 25.118511754224802, 0.0 ], [ 121.798787866835994, 25.118600961447299, 0.0 ], [ 121.798787866835994, 25.118600961447299, 0.0 ], [ 121.798838914791006, 25.118759808142201, 0.0 ], [ 121.798859367491005, 25.118988265620299, 0.0 ], [ 121.798851775179003, 25.119021393579999, 0.0 ], [ 121.798841299703994, 25.119064129079099, 0.0 ], [ 121.798761993395999, 25.119144603667401, 0.0 ], [ 121.798688398964998, 25.119234929804598, 0.0 ], [ 121.798641446898998, 25.119298341057998, 0.0 ], [ 121.798546772931005, 25.119426216089099, 0.0 ], [ 121.798493999030995, 25.119489050622999, 0.0 ], [ 121.798491642597995, 25.119492720076199, 0.0 ], [ 121.798465068159004, 25.119531801504099, 0.0 ], [ 121.798465068159004, 25.119531801504099, 0.0 ], [ 121.798434754713995, 25.119568328244998, 0.0 ], [ 121.798434754713995, 25.119568328244998, 0.0 ], [ 121.798407962408007, 25.119585173743999, 0.0 ], [ 121.798407962408007, 25.119585173743999, 0.0 ], [ 121.798407962408007, 25.119585173743999, 0.0 ], [ 121.798407962408007, 25.119585173743999, 0.0 ], [ 121.798403840145994, 25.119585054924102, 0.0 ], [ 121.798403840145994, 25.119585054924102, 0.0 ], [ 121.798351428599005, 25.119577019292102, 0.0 ], [ 121.798310487479, 25.119563050525201, 0.0 ], [ 121.798288862630997, 25.1195554919139, 0.0 ], [ 121.798274952029999, 25.119545671788501, 0.0 ], [ 121.798234310859996, 25.119529496383201, 0.0 ], [ 121.798229953141004, 25.119527253902501, 0.0 ], [ 121.798173754122004, 25.119509573384001, 0.0 ], [ 121.798165270319004, 25.119505727613799, 0.0 ], [ 121.798150250275, 25.1195010066217, 0.0 ], [ 121.798110258031997, 25.1194952267664, 0.0 ], [ 121.798054640063, 25.119495526199, 0.0 ], [ 121.797995125854001, 25.1194963178216, 0.0 ], [ 121.797947330469, 25.119507325730499, 0.0 ], [ 121.797911666375001, 25.1195200481108, 0.0 ], [ 121.797818963915006, 25.119556856364699, 0.0 ], [ 121.797754800014005, 25.119583834084999, 0.0 ], [ 121.797710972597997, 25.119614409106799, 0.0 ], [ 121.797563220818006, 25.119666173938199, 0.0 ], [ 121.797512341266, 25.1196887840056, 0.0 ], [ 121.797443768183996, 25.1197247119641, 0.0 ], [ 121.797359045877997, 25.119778924754399, 0.0 ], [ 121.797277551197993, 25.119830166318302, 0.0 ], [ 121.797229727006993, 25.1198741858631, 0.0 ], [ 121.797173706891996, 25.119901244894098, 0.0 ], [ 121.797128481046997, 25.1199218157088, 0.0 ], [ 121.797072754948999, 25.119937361123299, 0.0 ], [ 121.797007238985003, 25.119949782942701, 0.0 ], [ 121.796967484296005, 25.119953172891101, 0.0 ], [ 121.796922853153006, 25.119957859506499, 0.0 ], [ 121.796869129913006, 25.119959418774101, 0.0 ], [ 121.796822766757003, 25.1199584008499, 0.0 ], [ 121.796808424054007, 25.119957140614201, 0.0 ], [ 121.796711686508999, 25.119961204892199, 0.0 ], [ 121.796584597776999, 25.1199648561164, 0.0 ], [ 121.796473535112995, 25.119963089966799, 0.0 ], [ 121.796326275186999, 25.119975695858301, 0.0 ], [ 121.796258361080007, 25.119981089166501, 0.0 ], [ 121.796218614058006, 25.119984245608499, 0.0 ], [ 121.796189536354007, 25.1199835892983, 0.0 ], [ 121.796170485863996, 25.1199847179223, 0.0 ], [ 121.796130161826994, 25.119988168009499, 0.0 ], [ 121.796063262329994, 25.119986564121898, 0.0 ], [ 121.796025830816006, 25.1199810117749, 0.0 ], [ 121.795983961342003, 25.119970058805698, 0.0 ], [ 121.795957373424002, 25.119960367875599, 0.0 ], [ 121.795631461072006, 25.11978178383, 0.0 ], [ 121.795538875784004, 25.119748002641199, 0.0 ], [ 121.795491589874004, 25.119739273860802, 0.0 ], [ 121.795329546375996, 25.119725798367298, 0.0 ], [ 121.795250804828996, 25.1197289471692, 0.0 ], [ 121.795200770430995, 25.1197383245051, 0.0 ], [ 121.795103464228006, 25.1197656676853, 0.0 ], [ 121.794873338917995, 25.119845803727198, 0.0 ], [ 121.794724298977997, 25.119931047722002, 0.0 ], [ 121.794657565698003, 25.120003229677099, 0.0 ], [ 121.794615646832, 25.1200853625047, 0.0 ], [ 121.794592102593001, 25.120135406765801, 0.0 ], [ 121.794590344859003, 25.1201380301878, 0.0 ], [ 121.794542619430999, 25.1202376897586, 0.0 ], [ 121.794525049783999, 25.120296174947999, 0.0 ], [ 121.794521783530001, 25.120340039883601, 0.0 ], [ 121.794528362741005, 25.120379139600999, 0.0 ], [ 121.794593240598005, 25.1205965303912, 0.0 ], [ 121.794597297812004, 25.120679572297998, 0.0 ], [ 121.794584976948997, 25.120709429675902, 0.0 ], [ 121.794555773257997, 25.1207491184113, 0.0 ], [ 121.794485924759996, 25.1208245300645, 0.0 ], [ 121.794469468233999, 25.120842108824199, 0.0 ], [ 121.794462498982995, 25.120849617922001, 0.0 ], [ 121.794412433302, 25.1209048467386, 0.0 ], [ 121.794367971447997, 25.120949546320301, 0.0 ], [ 121.794350183427994, 25.120966613676, 0.0 ], [ 121.794222760907004, 25.121079817416899, 0.0 ], [ 121.794177248135995, 25.121096952048401, 0.0 ], [ 121.794123649577003, 25.121105761327701, 0.0 ], [ 121.793997703165999, 25.1210991235859, 0.0 ], [ 121.793931464622005, 25.121097645754801, 0.0 ], [ 121.793860203738006, 25.1210938837058, 0.0 ], [ 121.793828527808003, 25.121096301234601, 0.0 ], [ 121.793777144437001, 25.121105721435701, 0.0 ], [ 121.793714245928001, 25.1211270114798, 0.0 ], [ 121.793681806571996, 25.121147867582899, 0.0 ], [ 121.793612024054994, 25.121193370563802, 0.0 ], [ 121.793557352202996, 25.121218715063801, 0.0 ], [ 121.793463724578999, 25.121257006126601, 0.0 ], [ 121.793339147837003, 25.121312010508198, 0.0 ], [ 121.793317304897002, 25.121325588553901, 0.0 ], [ 121.793317554414003, 25.121326101609998, 0.0 ], [ 121.793304933336998, 25.121332565000301, 0.0 ], [ 121.793298282606997, 25.121335325846299, 0.0 ], [ 121.793284421276994, 25.121338373213501, 0.0 ], [ 121.793274291117001, 25.121339339474499, 0.0 ], [ 121.793268363522998, 25.121339075146398, 0.0 ], [ 121.793268363522998, 25.121339075146299, 0.0 ], [ 121.793131286561007, 25.121319442214801, 0.0 ], [ 121.793045553599995, 25.1213195939733, 0.0 ], [ 121.793033300728993, 25.121320202784801, 0.0 ], [ 121.792985822815993, 25.121327038281802, 0.0 ], [ 121.792972153411, 25.121329422197402, 0.0 ], [ 121.792961035591006, 25.121333902039499, 0.0 ], [ 121.792953050600005, 25.121338586552099, 0.0 ], [ 121.792918132902003, 25.121350355848801, 0.0 ], [ 121.792891489352996, 25.121364310715599, 0.0 ], [ 121.792854732812003, 25.121375403729999, 0.0 ], [ 121.792797288406007, 25.121407542569699, 0.0 ], [ 121.792693151478005, 25.121467673147901, 0.0 ], [ 121.792617134880004, 25.121512206934401, 0.0 ], [ 121.792532417068003, 25.121563684351599, 0.0 ], [ 121.792486746289001, 25.1215948212452, 0.0 ], [ 121.792466765607003, 25.121611755659998, 0.0 ], [ 121.792455128092001, 25.1216200511188, 0.0 ], [ 121.792430808654004, 25.121640755210901, 0.0 ], [ 121.792413215230994, 25.121669602419999, 0.0 ], [ 121.792343962481993, 25.121758931363601, 0.0 ], [ 121.792332821063994, 25.1217734261765, 0.0 ], [ 121.792320907865999, 25.121786643183501, 0.0 ], [ 121.792297435071006, 25.121811016993998, 0.0 ], [ 121.792264341180996, 25.121838078306698, 0.0 ], [ 121.791974522276007, 25.122087340273101, 0.0 ], [ 121.791949691764003, 25.122108405398201, 0.0 ], [ 121.791873305446003, 25.122175681510601, 0.0 ], [ 121.791836276314001, 25.122210690055201, 0.0 ], [ 121.791821062188006, 25.122237944641999, 0.0 ], [ 121.791803901823002, 25.122283246926099, 0.0 ], [ 121.791726498200006, 25.12247427982, 0.0 ], [ 121.791662472398002, 25.122677807752599, 0.0 ], [ 121.791603265979006, 25.122862920537099, 0.0 ], [ 121.791579280866998, 25.122934033264201, 0.0 ], [ 121.791549483725007, 25.123048118854399, 0.0 ], [ 121.791530100163001, 25.1231223334125, 0.0 ], [ 121.791510054165002, 25.1231907528996, 0.0 ], [ 121.791494369738999, 25.123229691780001, 0.0 ], [ 121.791468709761006, 25.1232578777947, 0.0 ], [ 121.791383299347999, 25.1233221685488, 0.0 ], [ 121.791188251080001, 25.123450454936201, 0.0 ], [ 121.791137416903993, 25.123459112985199, 0.0 ], [ 121.790712625677003, 25.123565252171399, 0.0 ], [ 121.790585630232002, 25.123595146997101, 0.0 ], [ 121.790543449490997, 25.123609569452199, 0.0 ], [ 121.790458772872, 25.123640565666602, 0.0 ], [ 121.790424664834006, 25.123656918028299, 0.0 ], [ 121.790400440870002, 25.123675613958799, 0.0 ], [ 121.790378918071994, 25.123705075202, 0.0 ], [ 121.790358052822995, 25.1237345333804, 0.0 ], [ 121.790335283713006, 25.123774781872299, 0.0 ], [ 121.790281485161003, 25.1238637831961, 0.0 ], [ 121.790274382565002, 25.123878755444299, 0.0 ], [ 121.790263402009998, 25.123890577055199, 0.0 ], [ 121.790195215395997, 25.123951841311101, 0.0 ], [ 121.790136068986996, 25.124011044172601, 0.0 ], [ 121.789967406320002, 25.124127127347698, 0.0 ], [ 121.789924417207004, 25.124149925658799, 0.0 ], [ 121.789881896186003, 25.124168415260201, 0.0 ], [ 121.789858778753, 25.1241772591925, 0.0 ], [ 121.789846489705994, 25.124181450329498, 0.0 ], [ 121.789812097362002, 25.124193360554301, 0.0 ], [ 121.789790865539004, 25.1242011038395, 0.0 ], [ 121.789759517899, 25.1242049304105, 0.0 ], [ 121.789720946684, 25.1242080611296, 0.0 ], [ 121.789669908318999, 25.124209519101299, 0.0 ], [ 121.789664138611997, 25.1242089052155, 0.0 ], [ 121.789659375705995, 25.124207038721799, 0.0 ], [ 121.789639410122007, 25.1241894237548, 0.0 ], [ 121.789564079406006, 25.124131280557101, 0.0 ], [ 121.789448456490007, 25.124060397208002, 0.0 ], [ 121.789289557453003, 25.1239537418327, 0.0 ], [ 121.789211849669996, 25.123902165202299, 0.0 ], [ 121.789199771403005, 25.123892858781002, 0.0 ], [ 121.789140876237994, 25.1238584880068, 0.0 ], [ 121.789075833480993, 25.123830360980499, 0.0 ], [ 121.789030508110997, 25.1238229106856, 0.0 ], [ 121.788981029775996, 25.123823481008301, 0.0 ], [ 121.788927992373999, 25.123833450018701, 0.0 ], [ 121.788864634602007, 25.123843798934502, 0.0 ], [ 121.788781917313003, 25.123862944506399, 0.0 ], [ 121.788670852912006, 25.123888803992301, 0.0 ], [ 121.788590798794999, 25.123913469256699, 0.0 ], [ 121.788501919943002, 25.123952156275401, 0.0 ], [ 121.788370911106995, 25.124013130986999, 0.0 ], [ 121.788260674084995, 25.124062882041802, 0.0 ], [ 121.788173156960994, 25.124103647018998, 0.0 ], [ 121.788128297292005, 25.1241255158833, 0.0 ], [ 121.788034957305001, 25.124170617946302, 0.0 ], [ 121.787758552026006, 25.1242990615944, 0.0 ], [ 121.787703179225005, 25.124331485401601, 0.0 ], [ 121.787676321847997, 25.124349403637801, 0.0 ], [ 121.787587793837005, 25.124388774356699, 0.0 ], [ 121.787554722297003, 25.124399485390001, 0.0 ], [ 121.787462189183998, 25.124423566366801, 0.0 ], [ 121.787402910864003, 25.1244438685804, 0.0 ], [ 121.787368883682007, 25.124463381667798, 0.0 ], [ 121.787343098381996, 25.124481398426202, 0.0 ], [ 121.787313819773999, 25.124505260646998, 0.0 ], [ 121.787247186895002, 25.124563229246199, 0.0 ], [ 121.787235728883999, 25.124574843384799, 0.0 ], [ 121.787198547147, 25.124612697481599, 0.0 ], [ 121.787159291131999, 25.124653340958901, 0.0 ], [ 121.787110077609, 25.1246937484201, 0.0 ], [ 121.787045097027999, 25.124731446416401, 0.0 ], [ 121.787045097027999, 25.124731446416401, 0.0 ], [ 121.787003213133005, 25.1247562154288, 0.0 ], [ 121.787003213133005, 25.1247562154288, 0.0 ], [ 121.786951309150993, 25.1247915036504, 0.0 ], [ 121.786876860863998, 25.124827639507298, 0.0 ], [ 121.786743188613002, 25.124881783962199, 0.0 ], [ 121.786712389643, 25.124898991707099, 0.0 ], [ 121.786680491922993, 25.124921152447801, 0.0 ], [ 121.786549069417006, 25.125040175774402, 0.0 ], [ 121.786366765969007, 25.125213427409602, 0.0 ], [ 121.786248453146996, 25.1253077985407, 0.0 ], [ 121.786167992836994, 25.1253885265848, 0.0 ], [ 121.786121434953003, 25.125427177296299, 0.0 ], [ 121.786045807066998, 25.1254774292699, 0.0 ], [ 121.785968660867994, 25.125522868474398, 0.0 ], [ 121.785914726719, 25.125549574383101, 0.0 ], [ 121.785793512338998, 25.125617874271999, 0.0 ], [ 121.785735834929, 25.125669989476201, 0.0 ], [ 121.785699850919997, 25.125709705926099, 0.0 ], [ 121.785672116140006, 25.125747016861499, 0.0 ], [ 121.785656104712004, 25.125784586085999, 0.0 ], [ 121.785635016059999, 25.1258635668902, 0.0 ], [ 121.785621536118995, 25.125945778651001, 0.0 ], [ 121.785639539092003, 25.125994020353701, 0.0 ], [ 121.785645726995, 25.1260216435982, 0.0 ], [ 121.785647212130002, 25.126046959812001, 0.0 ], [ 121.785668498394998, 25.126148468264699, 0.0 ], [ 121.785674988055007, 25.126171588084901, 0.0 ], [ 121.785674988055007, 25.126171588084901, 0.0 ], [ 121.785674988055007, 25.126171588084901, 0.0 ], [ 121.785674988055007, 25.126171588084901, 0.0 ], [ 121.785702628672993, 25.126206654531799, 0.0 ], [ 121.785705473907001, 25.126210214347601, 0.0 ], [ 121.785705473907001, 25.126210214347601, 0.0 ], [ 121.785705473907001, 25.126210214347601, 0.0 ], [ 121.785711160459002, 25.126225865313401, 0.0 ], [ 121.785719266957003, 25.126258956769799, 0.0 ], [ 121.785720019942005, 25.1262844258369, 0.0 ], [ 121.785729135297998, 25.126360724623598, 0.0 ], [ 121.785729135297998, 25.126360724623598, 0.0 ], [ 121.785729135297998, 25.126360724623598, 0.0 ], [ 121.785729135297998, 25.126360724623598, 0.0 ], [ 121.785749226746006, 25.126446101232801, 0.0 ], [ 121.785753667942004, 25.126472239910601, 0.0 ], [ 121.785754469766005, 25.126554179931301, 0.0 ], [ 121.785750082928004, 25.126587695889601, 0.0 ], [ 121.785739876079006, 25.126627562080401, 0.0 ], [ 121.785719139058003, 25.126680005490801, 0.0 ], [ 121.785699030787995, 25.126745481537899, 0.0 ], [ 121.785637642547002, 25.126938457697001, 0.0 ], [ 121.785578898115006, 25.127057979624301, 0.0 ], [ 121.785493340497993, 25.127171468903899, 0.0 ], [ 121.785493340497993, 25.127171468903899, 0.0 ], [ 121.785477834507006, 25.1271996073142, 0.0 ], [ 121.785469146335998, 25.127226550910599, 0.0 ], [ 121.785466288617002, 25.1272581022182, 0.0 ], [ 121.785473209274997, 25.127286109796302, 0.0 ], [ 121.785482930952995, 25.127304288581701, 0.0 ], [ 121.785496269730999, 25.127327612288902, 0.0 ], [ 121.785541616005005, 25.127405952966001, 0.0 ], [ 121.785578400936004, 25.127486169565199, 0.0 ], [ 121.785588613616994, 25.127553687490501, 0.0 ], [ 121.785594345367002, 25.127621920397701, 0.0 ], [ 121.785573780741004, 25.127650186741299, 0.0 ], [ 121.785500451776997, 25.1276864604434, 0.0 ], [ 121.785414275367998, 25.127720328611101, 0.0 ], [ 121.785372052086004, 25.127720995222599, 0.0 ], [ 121.785346615937996, 25.127714313616, 0.0 ], [ 121.785311467124998, 25.127685683508901, 0.0 ], [ 121.785311467124998, 25.127685683508901, 0.0 ], [ 121.785272583088997, 25.1275542403983, 0.0 ], [ 121.785262447226998, 25.127514688128802, 0.0 ], [ 121.785215657183002, 25.127444285399299, 0.0 ], [ 121.785215657183002, 25.127444285399299, 0.0 ], [ 121.785199110956995, 25.1274139588024, 0.0 ], [ 121.785156914921998, 25.127387397219898, 0.0 ], [ 121.785148303509999, 25.127374460029799, 0.0 ], [ 121.785140487025004, 25.127367821958298, 0.0 ], [ 121.785089637091005, 25.127366583710899, 0.0 ], [ 121.784941264039006, 25.1273568906341, 0.0 ], [ 121.784876863017999, 25.127370437043702, 0.0 ], [ 121.784860072723006, 25.127371735671201, 0.0 ], [ 121.784799532334006, 25.127381922610098, 0.0 ], [ 121.784784370598004, 25.1273811461778, 0.0 ], [ 121.784691955637001, 25.127388460435501, 0.0 ], [ 121.784691955637001, 25.127388460435501, 0.0 ], [ 121.784691955637001, 25.127388460435501, 0.0 ], [ 121.784691955637001, 25.127388460435501, 0.0 ], [ 121.784618601787002, 25.127382876541301, 0.0 ], [ 121.784618601787002, 25.127382876541301, 0.0 ], [ 121.784618601787002, 25.127382876541301, 0.0 ], [ 121.784589236624996, 25.1273801300446, 0.0 ], [ 121.784547503777006, 25.127368744833198, 0.0 ], [ 121.784430244476994, 25.1273154722332, 0.0 ], [ 121.784359357268997, 25.127281881023301, 0.0 ], [ 121.784336396597993, 25.127273720787201, 0.0 ], [ 121.784295413549998, 25.127258663309899, 0.0 ], [ 121.784263276082996, 25.127247083916, 0.0 ], [ 121.784247475504998, 25.127240883015698, 0.0 ], [ 121.784011984334001, 25.127174925395099, 0.0 ] ] ] } },
{ "type": "Feature", "properties": { "length": 3295.0, "Display": "深澳坑溪排水左岸" }, "geometry": { "type": "MultiLineString", "coordinates": [ [ [ 121.795129595763001, 25.1128213791063, 0.0 ], [ 121.795220483682002, 25.1129931416795, 0.0 ], [ 121.795234099447995, 25.113013371915599, 0.0 ], [ 121.795302012856993, 25.113082818733101, 0.0 ], [ 121.795340510534999, 25.113133054398499, 0.0 ], [ 121.795397632225999, 25.113207592459801, 0.0 ], [ 121.795445090071993, 25.113269520098399, 0.0 ], [ 121.795475782265001, 25.1132946690594, 0.0 ], [ 121.795475782265001, 25.1132946690594, 0.0 ], [ 121.795475789560001, 25.113294675033899, 0.0 ], [ 121.795486021894007, 25.113303050990599, 0.0 ], [ 121.795494624539998, 25.113321238516999, 0.0 ], [ 121.795521592677005, 25.1133621288899, 0.0 ], [ 121.795524855693003, 25.1133668195673, 0.0 ], [ 121.795558194229997, 25.113414972157202, 0.0 ], [ 121.795617010751002, 25.113488259257799, 0.0 ], [ 121.795655419555004, 25.1135352137652, 0.0 ], [ 121.795737683192996, 25.113634085828, 0.0 ], [ 121.795777953962002, 25.1136684457169, 0.0 ], [ 121.795803041122994, 25.113682412306499, 0.0 ], [ 121.795831143746994, 25.1136919662239, 0.0 ], [ 121.795853562801, 25.113699672886099, 0.0 ], [ 121.795889749316999, 25.113706601481798, 0.0 ], [ 121.79599716589, 25.113714718484601, 0.0 ], [ 121.796194387450996, 25.113723012195301, 0.0 ], [ 121.796363119670005, 25.113721753910099, 0.0 ], [ 121.796498341927006, 25.113713480394502, 0.0 ], [ 121.796553197121, 25.113710910717899, 0.0 ], [ 121.796659109193001, 25.113724018603701, 0.0 ], [ 121.796759118126005, 25.113762589116799, 0.0 ], [ 121.796826467211005, 25.1137998545512, 0.0 ], [ 121.796888571278004, 25.113847854975699, 0.0 ], [ 121.796912998455994, 25.1138655262707, 0.0 ], [ 121.796917506149001, 25.113869456420598, 0.0 ], [ 121.797022558002993, 25.113941741470299, 0.0 ], [ 121.797056222823997, 25.113962132483302, 0.0 ], [ 121.797092773087996, 25.113977862420299, 0.0 ], [ 121.797179300275999, 25.114006485356999, 0.0 ], [ 121.797220370915994, 25.114012905174501, 0.0 ], [ 121.797255490942007, 25.114015621353602, 0.0 ], [ 121.797303087646, 25.114016689745199, 0.0 ], [ 121.797313000380001, 25.114017092290801, 0.0 ], [ 121.797318202916998, 25.114016608460101, 0.0 ], [ 121.797322702697002, 25.114015855488901, 0.0 ], [ 121.797339718168004, 25.114012016517002, 0.0 ], [ 121.797406403191999, 25.1140063103392, 0.0 ], [ 121.797499346964003, 25.114003115047101, 0.0 ], [ 121.797556341130004, 25.114003160546901, 0.0 ], [ 121.797582592599994, 25.114005510969001, 0.0 ], [ 121.797607301933994, 25.114010108547401, 0.0 ], [ 121.797634184168004, 25.114018498531099, 0.0 ], [ 121.797667072459006, 25.1140326666522, 0.0 ], [ 121.797718066976003, 25.114060491936598, 0.0 ], [ 121.797752191634999, 25.114083689763099, 0.0 ], [ 121.797782092874002, 25.114108147611301, 0.0 ], [ 121.797792008955994, 25.114120023963899, 0.0 ], [ 121.797800067205003, 25.114133752697999, 0.0 ], [ 121.797819848028993, 25.114193081238199, 0.0 ], [ 121.797832605289997, 25.114246107638401, 0.0 ], [ 121.797837458846999, 25.114314068977599, 0.0 ], [ 121.797818306184993, 25.114451865717299, 0.0 ], [ 121.797807683632001, 25.1145052396419, 0.0 ], [ 121.797780577045998, 25.1146414388731, 0.0 ], [ 121.797780577045998, 25.1146414388731, 0.0 ], [ 121.797720738351998, 25.114892152568, 0.0 ], [ 121.797720738351998, 25.114892152568, 0.0 ], [ 121.797721711864995, 25.115020746620999, 0.0 ], [ 121.797737043984, 25.115109767316799, 0.0 ], [ 121.797737043984, 25.115109767316799, 0.0 ], [ 121.79774087685, 25.115127578978601, 0.0 ], [ 121.797745825742993, 25.1151451611046, 0.0 ], [ 121.797751874360998, 25.115162455779799, 0.0 ], [ 121.797759002782001, 25.1151794060364, 0.0 ], [ 121.797759002782001, 25.1151794060364, 0.0 ], [ 121.797767176731995, 25.1151960343444, 0.0 ], [ 121.797776529168999, 25.1152121396008, 0.0 ], [ 121.797787019921003, 25.1152276527569, 0.0 ], [ 121.797815763070005, 25.115263726838901, 0.0 ], [ 121.797835456352999, 25.115284495937502, 0.0 ], [ 121.797868690070999, 25.1153131734184, 0.0 ], [ 121.797895870011999, 25.115344339279201, 0.0 ], [ 121.797914310411002, 25.115379849952198, 0.0 ], [ 121.797921464805, 25.115395050679901, 0.0 ], [ 121.797937868944004, 25.115425196416599, 0.0 ], [ 121.797955444614004, 25.1155039952931, 0.0 ], [ 121.797996917752997, 25.1157034823629, 0.0 ], [ 121.798035708092002, 25.116005917434599, 0.0 ], [ 121.798041409939003, 25.116037086583301, 0.0 ], [ 121.798051716163002, 25.116065678957799, 0.0 ], [ 121.798062362698005, 25.1161579687952, 0.0 ], [ 121.798067560302997, 25.116177275119899, 0.0 ], [ 121.798073046376999, 25.116192251656901, 0.0 ], [ 121.798080149468007, 25.116212124916601, 0.0 ], [ 121.798085688265004, 25.1162233401351, 0.0 ], [ 121.798092793340004, 25.116234279024098, 0.0 ], [ 121.798100638769995, 25.116243155446199, 0.0 ], [ 121.798111002170998, 25.1162529333515, 0.0 ], [ 121.798120865681, 25.116263171228901, 0.0 ], [ 121.798130689131995, 25.116274199942701, 0.0 ], [ 121.798235548221001, 25.116321189664902, 0.0 ], [ 121.798306798938995, 25.116348159872601, 0.0 ], [ 121.798335376194004, 25.116359471988901, 0.0 ], [ 121.798363934365, 25.116370847429401, 0.0 ], [ 121.798381038219006, 25.116377660322598, 0.0 ], [ 121.798393527187997, 25.116383217546499, 0.0 ], [ 121.798415489236007, 25.116393878154799, 0.0 ], [ 121.798437058312004, 25.1164095499688, 0.0 ], [ 121.798454980336999, 25.1164225718768, 0.0 ], [ 121.798464901993, 25.1164297808192, 0.0 ], [ 121.798473382013995, 25.116436109498402, 0.0 ], [ 121.798476353376998, 25.116438820291901, 0.0 ], [ 121.798511125090997, 25.1164705427258, 0.0 ], [ 121.798545649467002, 25.116502039487901, 0.0 ], [ 121.798588858003995, 25.1165553732096, 0.0 ], [ 121.798604513062003, 25.1165749472625, 0.0 ], [ 121.798623381956006, 25.116600382563899, 0.0 ], [ 121.798634310492005, 25.116606011887001, 0.0 ], [ 121.798637198500003, 25.1166554622496, 0.0 ], [ 121.798619115245003, 25.116658013652799, 0.0 ], [ 121.798558759577006, 25.116727169462099, 0.0 ], [ 121.798503600282999, 25.116767625499499, 0.0 ], [ 121.798450918227005, 25.116796121278401, 0.0 ], [ 121.798408159588007, 25.116808798089799, 0.0 ], [ 121.798334261791993, 25.116816657209199, 0.0 ], [ 121.798293518913994, 25.116815209739801, 0.0 ], [ 121.798252753816996, 25.116810429600498, 0.0 ], [ 121.798222724435007, 25.1168054341437, 0.0 ], [ 121.798164218441997, 25.116793085632899, 0.0 ], [ 121.798105750266998, 25.116786646343499, 0.0 ], [ 121.798013383194998, 25.1167848609694, 0.0 ], [ 121.797974432321993, 25.116785070631, 0.0 ], [ 121.797949423367001, 25.1167818600915, 0.0 ], [ 121.797886967970001, 25.116764215223501, 0.0 ], [ 121.797847295675993, 25.116753824655099, 0.0 ], [ 121.797812327065003, 25.116750301771599, 0.0 ], [ 121.797776817460004, 25.1167531437628, 0.0 ], [ 121.797754092589003, 25.1167588176667, 0.0 ], [ 121.797739498718997, 25.116766036166101, 0.0 ], [ 121.797718702099004, 25.116784235199901, 0.0 ], [ 121.797688041526996, 25.116813435416901, 0.0 ], [ 121.797665793565002, 25.116834742821698, 0.0 ], [ 121.797628296119001, 25.116882266317699, 0.0 ], [ 121.797609913409005, 25.1169114875389, 0.0 ], [ 121.797591191699993, 25.116952665092999, 0.0 ], [ 121.797576212139006, 25.116981818989601, 0.0 ], [ 121.797548792057, 25.117037408448201, 0.0 ], [ 121.797527738734999, 25.117086154866399, 0.0 ], [ 121.797514547008007, 25.1171276010128, 0.0 ], [ 121.797490663633994, 25.117202915911399, 0.0 ], [ 121.797478736529001, 25.117251935847701, 0.0 ], [ 121.797469762777993, 25.117304399247899, 0.0 ], [ 121.797469888842002, 25.117335536542502, 0.0 ], [ 121.797476040909999, 25.117370189755, 0.0 ], [ 121.797484822575001, 25.117403745335402, 0.0 ], [ 121.797504030024996, 25.117455184922999, 0.0 ], [ 121.797533683137999, 25.117511190615801, 0.0 ], [ 121.797556092087007, 25.1175519974732, 0.0 ], [ 121.797575074758001, 25.117581827541901, 0.0 ], [ 121.797593334449999, 25.1176037197399, 0.0 ], [ 121.797606171099005, 25.117617089805201, 0.0 ], [ 121.797629787597003, 25.1176371207203, 0.0 ], [ 121.797651340238005, 25.117652862880799, 0.0 ], [ 121.797713456969007, 25.117700682800098, 0.0 ], [ 121.797765676845003, 25.117712294342301, 0.0 ], [ 121.797791442331999, 25.117714562622002, 0.0 ], [ 121.797944922420001, 25.117788999761899, 0.0 ], [ 121.797997724739005, 25.117821831882399, 0.0 ], [ 121.798035246758005, 25.117859134828901, 0.0 ], [ 121.798055518728006, 25.1178917019156, 0.0 ], [ 121.798068164935003, 25.1179164413969, 0.0 ], [ 121.798087551828999, 25.117927377874999, 0.0 ], [ 121.798110765326996, 25.117933599358299, 0.0 ], [ 121.798139517782005, 25.117929595774498, 0.0 ], [ 121.798185928948996, 25.117918687208, 0.0 ], [ 121.798245682157003, 25.117932768497599, 0.0 ], [ 121.798308519507003, 25.117942497304998, 0.0 ], [ 121.798325985844002, 25.1179476824848, 0.0 ], [ 121.798340527847003, 25.117957903714501, 0.0 ], [ 121.798559953419996, 25.118176967852001, 0.0 ], [ 121.798692600204006, 25.118308725344601, 0.0 ], [ 121.798766383748998, 25.1184033440706, 0.0 ], [ 121.798784519132994, 25.1184249875188, 0.0 ], [ 121.798799981930998, 25.118448211276601, 0.0 ], [ 121.798819056476006, 25.118476722128602, 0.0 ], [ 121.798839167218006, 25.1185187888094, 0.0 ], [ 121.79889478298, 25.1186944704159, 0.0 ], [ 121.798953678876998, 25.1190270209479, 0.0 ], [ 121.798949516994, 25.119046316625699, 0.0 ], [ 121.798917080674997, 25.1190963004168, 0.0 ], [ 121.798878385576003, 25.119133602604901, 0.0 ], [ 121.798854386930003, 25.1191567373533, 0.0 ], [ 121.798763951853005, 25.119262091579699, 0.0 ], [ 121.798746620409005, 25.119285499252399, 0.0 ], [ 121.798723180948997, 25.119317156332801, 0.0 ], [ 121.798707337517001, 25.119338554288699, 0.0 ], [ 121.798680819506004, 25.119374510240799, 0.0 ], [ 121.798614169108006, 25.119470160837199, 0.0 ], [ 121.798545592940997, 25.119555904963601, 0.0 ], [ 121.798541695601998, 25.119557953755098, 0.0 ], [ 121.798527053068995, 25.119580738332701, 0.0 ], [ 121.798513793724993, 25.119595872410599, 0.0 ], [ 121.798507060109003, 25.1196026234485, 0.0 ], [ 121.798499922139996, 25.119608650714898, 0.0 ], [ 121.798489600531994, 25.119615784583601, 0.0 ], [ 121.798483493258999, 25.119619725261, 0.0 ], [ 121.798412953739003, 25.119653698390501, 0.0 ], [ 121.798394067672007, 25.1196581708348, 0.0 ], [ 121.798386187158002, 25.1196574941712, 0.0 ], [ 121.798315828420002, 25.119645108537402, 0.0 ], [ 121.798235269640998, 25.1196236588776, 0.0 ], [ 121.798204203211995, 25.119608397867399, 0.0 ], [ 121.798197692993995, 25.119607566265501, 0.0 ], [ 121.798128343670996, 25.119585298859398, 0.0 ], [ 121.798085813727994, 25.119598827378901, 0.0 ], [ 121.798005355277994, 25.119812316854901, 0.0 ], [ 121.797969820684997, 25.119800747201701, 0.0 ], [ 121.797973618176997, 25.119784510764699, 0.0 ], [ 121.798043386673001, 25.119589645835699, 0.0 ], [ 121.798047537981006, 25.119586365236898, 0.0 ], [ 121.798026598632006, 25.119556289423201, 0.0 ], [ 121.797993377072999, 25.119561875839899, 0.0 ], [ 121.797914891594004, 25.1195891556467, 0.0 ], [ 121.797791315786, 25.119638913246298, 0.0 ], [ 121.797725710088002, 25.119673697855699, 0.0 ], [ 121.797587272756999, 25.119725376907802, 0.0 ], [ 121.797482161532997, 25.1197814716366, 0.0 ], [ 121.797317367671994, 25.119885129132999, 0.0 ], [ 121.797254156077997, 25.119938967107998, 0.0 ], [ 121.797213047270006, 25.119970089177599, 0.0 ], [ 121.797193411886994, 25.119980489656701, 0.0 ], [ 121.797148500982999, 25.120010242491301, 0.0 ], [ 121.797110377341994, 25.120026038660502, 0.0 ], [ 121.797081724796996, 25.1200354960935, 0.0 ], [ 121.796964217303, 25.1200640450549, 0.0 ], [ 121.796894344595003, 25.120074824036301, 0.0 ], [ 121.796830520990994, 25.120082007376201, 0.0 ], [ 121.796529817747995, 25.120090210699399, 0.0 ], [ 121.796180340115995, 25.1201007727792, 0.0 ], [ 121.796172156818002, 25.1200994695586, 0.0 ], [ 121.796044827407002, 25.120102433024702, 0.0 ], [ 121.795997028534998, 25.120098335743499, 0.0 ], [ 121.795869664695005, 25.120054892323399, 0.0 ], [ 121.795823626819001, 25.1200337258418, 0.0 ], [ 121.795753792900001, 25.119991453993102, 0.0 ], [ 121.795726476134007, 25.119974854290799, 0.0 ], [ 121.795657693544001, 25.119942593635699, 0.0 ], [ 121.795507174266007, 25.119871996379899, 0.0 ], [ 121.795352534865998, 25.1198617702529, 0.0 ], [ 121.795295418756993, 25.1198579931844, 0.0 ], [ 121.795255122775004, 25.119866000251701, 0.0 ], [ 121.795120718343, 25.119899049344699, 0.0 ], [ 121.794989622783007, 25.119939302713501, 0.0 ], [ 121.794913278178996, 25.119974242991098, 0.0 ], [ 121.794823323225003, 25.1200221025918, 0.0 ], [ 121.794766003340996, 25.120102440279901, 0.0 ], [ 121.794717616884995, 25.120194926445201, 0.0 ], [ 121.794713810179999, 25.1202042814717, 0.0 ], [ 121.794696842883994, 25.1202424331217, 0.0 ], [ 121.794676692920007, 25.120300571053701, 0.0 ], [ 121.794677914728993, 25.120340764750001, 0.0 ], [ 121.794684476910007, 25.120372624353799, 0.0 ], [ 121.794717224688995, 25.1204884273569, 0.0 ], [ 121.794729669106005, 25.120534401791399, 0.0 ], [ 121.794749922112999, 25.1206086993197, 0.0 ], [ 121.794756167200006, 25.120655916696599, 0.0 ], [ 121.794754766335004, 25.120716815885999, 0.0 ], [ 121.794713509470995, 25.120795541753498, 0.0 ], [ 121.794667727960999, 25.1208523546122, 0.0 ], [ 121.794605516698994, 25.120917001276101, 0.0 ], [ 121.794559243004002, 25.1209667209868, 0.0 ], [ 121.794441724083001, 25.1210909070507, 0.0 ], [ 121.794406069226994, 25.121128756393698, 0.0 ], [ 121.794347796427999, 25.121190964233602, 0.0 ], [ 121.794301960455002, 25.1212271309778, 0.0 ], [ 121.794257789, 25.1212446827479, 0.0 ], [ 121.794205579397996, 25.121251671302101, 0.0 ], [ 121.794071612451006, 25.121247918003501, 0.0 ], [ 121.794025533837001, 25.121244891614399, 0.0 ], [ 121.793918178889996, 25.1212258276889, 0.0 ], [ 121.793900723828997, 25.121222647282998, 0.0 ], [ 121.793819797162996, 25.1212306527453, 0.0 ], [ 121.793753323065999, 25.1212462493625, 0.0 ], [ 121.793616859002, 25.121321430032399, 0.0 ], [ 121.793460340462005, 25.121396946240498, 0.0 ], [ 121.793373467170994, 25.121436390723701, 0.0 ], [ 121.793322794733001, 25.121450996580801, 0.0 ], [ 121.793322718998994, 25.1214508862396, 0.0 ], [ 121.793268060437995, 25.121458843211499, 0.0 ], [ 121.793096809439007, 25.121468973456199, 0.0 ], [ 121.793007055550007, 25.121477206531601, 0.0 ], [ 121.792865179290004, 25.121522137903799, 0.0 ], [ 121.792753784561995, 25.121585467033199, 0.0 ], [ 121.792579538720005, 25.121728250729401, 0.0 ], [ 121.792456246366001, 25.121832834071402, 0.0 ], [ 121.792421935293007, 25.121859027647201, 0.0 ], [ 121.792348101919004, 25.121924015083, 0.0 ], [ 121.792308389249001, 25.1219617108984, 0.0 ], [ 121.792202681347007, 25.122063278705099, 0.0 ], [ 121.792004050501006, 25.122253288226901, 0.0 ], [ 121.791938366544002, 25.122321448793699, 0.0 ], [ 121.791905058259005, 25.1223710388653, 0.0 ], [ 121.791887375580004, 25.122400593482599, 0.0 ], [ 121.791859159045998, 25.122472293373701, 0.0 ], [ 121.791704068903996, 25.122975860581999, 0.0 ], [ 121.791644795690004, 25.1231683156144, 0.0 ], [ 121.791602537962007, 25.123302662288399, 0.0 ], [ 121.791575927029996, 25.123337746288499, 0.0 ], [ 121.791555881023001, 25.123355361210798, 0.0 ], [ 121.791547771946, 25.123363834758798, 0.0 ], [ 121.791514768132004, 25.123397137386998, 0.0 ], [ 121.791472945997995, 25.123438267022099, 0.0 ], [ 121.791445328425993, 25.123464663250498, 0.0 ], [ 121.791417418384995, 25.123487395644901, 0.0 ], [ 121.791362567885002, 25.123521726074699, 0.0 ], [ 121.791301875529996, 25.1235513508685, 0.0 ], [ 121.791228434963003, 25.123576994505399, 0.0 ], [ 121.791178749590998, 25.123594367234499, 0.0 ], [ 121.791178679471997, 25.123594492505202, 0.0 ], [ 121.791156734173995, 25.1236035376457, 0.0 ], [ 121.790548520116999, 25.123759427833999, 0.0 ], [ 121.790520194253006, 25.123767980074799, 0.0 ], [ 121.790512377715004, 25.123773476376002, 0.0 ], [ 121.790501748601997, 25.123780079519999, 0.0 ], [ 121.790495750949006, 25.123785390879998, 0.0 ], [ 121.790489302923007, 25.123792816411601, 0.0 ], [ 121.790482659602006, 25.1238059448571, 0.0 ], [ 121.790476941484997, 25.123818645868599, 0.0 ], [ 121.790473039809001, 25.123825213132399, 0.0 ], [ 121.790469561715994, 25.123831719613701, 0.0 ], [ 121.790442429364006, 25.1239004393084, 0.0 ], [ 121.790423914035003, 25.123942918801301, 0.0 ], [ 121.790390520470993, 25.123988731922601, 0.0 ], [ 121.790339209463994, 25.124045211060299, 0.0 ], [ 121.790266382042006, 25.124111261088199, 0.0 ], [ 121.790219900759993, 25.124147251793801, 0.0 ], [ 121.790183017437002, 25.1241684909021, 0.0 ], [ 121.790152302663003, 25.1241858414562, 0.0 ], [ 121.790131953114994, 25.124197174037199, 0.0 ], [ 121.790104681374999, 25.124210648007999, 0.0 ], [ 121.790073278891995, 25.124225249074399, 0.0 ], [ 121.790072715240996, 25.124225420201601, 0.0 ], [ 121.789969515305003, 25.124268394535001, 0.0 ], [ 121.789855430152997, 25.124304637158499, 0.0 ], [ 121.789809154902002, 25.124307774639298, 0.0 ], [ 121.789744644953998, 25.124316791042201, 0.0 ], [ 121.789676378617003, 25.1243147358587, 0.0 ], [ 121.789557541703999, 25.124280619287799, 0.0 ], [ 121.789279869593003, 25.124081151919899, 0.0 ], [ 121.789173615774004, 25.124021834995101, 0.0 ], [ 121.789091520864005, 25.1239705310639, 0.0 ], [ 121.789031550762004, 25.123945245303702, 0.0 ], [ 121.788995143630999, 25.123942784209699, 0.0 ], [ 121.788912027379993, 25.123959568995499, 0.0 ], [ 121.788779823493002, 25.1239922638355, 0.0 ], [ 121.788678626304005, 25.124006593343601, 0.0 ], [ 121.788563400103996, 25.124056469524401, 0.0 ], [ 121.788316352739997, 25.124171681860599, 0.0 ], [ 121.788227969454994, 25.124199966273, 0.0 ], [ 121.788089272497004, 25.124265365315399, 0.0 ], [ 121.787868883038001, 25.1243661251563, 0.0 ], [ 121.787726420430005, 25.124431012901798, 0.0 ], [ 121.787692627621993, 25.124441163112099, 0.0 ], [ 121.787588157065997, 25.124456349713501, 0.0 ], [ 121.787507761713997, 25.1244784880571, 0.0 ], [ 121.787439797458006, 25.1244996163514, 0.0 ], [ 121.787411255402006, 25.1245144584218, 0.0 ], [ 121.787352497002004, 25.1245584288937, 0.0 ], [ 121.787155343370998, 25.124739006197402, 0.0 ], [ 121.787097624918999, 25.124799330102501, 0.0 ], [ 121.787053635470002, 25.124822439846799, 0.0 ], [ 121.786954576691002, 25.1248635001254, 0.0 ], [ 121.786897476038007, 25.124890976614299, 0.0 ], [ 121.786848194529995, 25.124909961660698, 0.0 ], [ 121.786832405913998, 25.124914920387202, 0.0 ], [ 121.786792143075004, 25.124927854168401, 0.0 ], [ 121.786761799428007, 25.124941836623801, 0.0 ], [ 121.786729069570001, 25.124967224674698, 0.0 ], [ 121.786686328062004, 25.125005602527001, 0.0 ], [ 121.786532199367997, 25.125148218330601, 0.0 ], [ 121.786350893261002, 25.1253316839916, 0.0 ], [ 121.786350747439997, 25.125332940073498, 0.0 ], [ 121.786339988134003, 25.125341086260701, 0.0 ], [ 121.786311624644, 25.125362145426799, 0.0 ], [ 121.786192015629993, 25.1254513401651, 0.0 ], [ 121.786046938637995, 25.125558184920902, 0.0 ], [ 121.786011963243993, 25.125579829210199, 0.0 ], [ 121.785968027026001, 25.1256020355885, 0.0 ], [ 121.785946933402002, 25.125611102906898, 0.0 ], [ 121.785861499177003, 25.125652234663399, 0.0 ], [ 121.785840412599001, 25.125663956068401, 0.0 ], [ 121.785814909208, 25.1256797001517, 0.0 ], [ 121.785786427516996, 25.125701937010898, 0.0 ], [ 121.785731368897004, 25.125764235921601, 0.0 ], [ 121.785717036302998, 25.125790058855699, 0.0 ], [ 121.785710694011996, 25.125813970699799, 0.0 ], [ 121.785705851783007, 25.125852255690599, 0.0 ], [ 121.785704061616997, 25.1258839974866, 0.0 ], [ 121.785704857946996, 25.125896723349701, 0.0 ], [ 121.785704448968005, 25.125921052787401, 0.0 ], [ 121.785717265231, 25.126053203013701, 0.0 ], [ 121.785727024913001, 25.126114275489702, 0.0 ], [ 121.785751706091006, 25.126167087762099, 0.0 ], [ 121.785789218898003, 25.126306438796899, 0.0 ], [ 121.785801344603996, 25.126352614297002, 0.0 ], [ 121.785816155239004, 25.126410809460499, 0.0 ], [ 121.785823397030001, 25.1264499963433, 0.0 ], [ 121.785831954618004, 25.126561551176501, 0.0 ], [ 121.785810800093998, 25.126626229322, 0.0 ], [ 121.785785943684004, 25.126709036621499, 0.0 ], [ 121.785772915300996, 25.126749630960202, 0.0 ], [ 121.785743062598996, 25.126848199990899, 0.0 ], [ 121.785722264929007, 25.126920621982201, 0.0 ], [ 121.785695361196005, 25.126996104342499, 0.0 ], [ 121.785695192823994, 25.126996570946101, 0.0 ], [ 121.785666114815996, 25.127045736379301, 0.0 ], [ 121.785591198272002, 25.127156226081599, 0.0 ], [ 121.785558093684998, 25.127209980844398, 0.0 ], [ 121.785557696940003, 25.1272109632148, 0.0 ], [ 121.785548458665005, 25.127233837906999, 0.0 ], [ 121.785547406098999, 25.1272708298977, 0.0 ], [ 121.785588879452007, 25.127334787856, 0.0 ], [ 121.785599299707002, 25.127354629631501, 0.0 ], [ 121.785637616225998, 25.127433554148201, 0.0 ], [ 121.785657089885007, 25.127518446535799, 0.0 ], [ 121.785659749120001, 25.127600864195099, 0.0 ], [ 121.78564416351, 25.127660276736101, 0.0 ], [ 121.785622436552003, 25.1277052685131, 0.0 ], [ 121.78559874922, 25.127729852957501, 0.0 ], [ 121.785574908010005, 25.1277473637528, 0.0 ], [ 121.785551771906, 25.127756627701299, 0.0 ], [ 121.785431930106, 25.127784421861602, 0.0 ], [ 121.785406371934002, 25.1277868188436, 0.0 ], [ 121.785382092332, 25.127784866530199, 0.0 ], [ 121.785289305099994, 25.127761913322299, 0.0 ], [ 121.785282972873006, 25.127757956639599, 0.0 ], [ 121.785279299438997, 25.127758833733498, 0.0 ], [ 121.785269840631997, 25.127742020143, 0.0 ], [ 121.785249368473004, 25.1276979020029, 0.0 ], [ 121.785232604127003, 25.127653628799202, 0.0 ], [ 121.785184366885005, 25.127522829510699, 0.0 ], [ 121.785166638014005, 25.127479689867901, 0.0 ], [ 121.785153398933005, 25.127464096977501, 0.0 ], [ 121.785113962804004, 25.127443339738399, 0.0 ], [ 121.785036108320995, 25.1274256465246, 0.0 ], [ 121.785006116084006, 25.127422706820902, 0.0 ], [ 121.784897621330003, 25.127431046536799, 0.0 ], [ 121.784884969054005, 25.1274323931029, 0.0 ], [ 121.784854365347996, 25.127433553602199, 0.0 ], [ 121.784794418263999, 25.127438887311399, 0.0 ], [ 121.784775919130993, 25.127445928441301, 0.0 ], [ 121.784614436366994, 25.1274502771473, 0.0 ], [ 121.784591947348005, 25.1274474567306, 0.0 ], [ 121.784569058152996, 25.1274431096463, 0.0 ], [ 121.784530486638999, 25.127432214811499, 0.0 ], [ 121.784316730572002, 25.127332001408799, 0.0 ], [ 121.784267873716004, 25.127312101137601, 0.0 ], [ 121.784102935731994, 25.1272629111503, 0.0 ], [ 121.784086101613994, 25.127258441399601, 0.0 ], [ 121.784057337533994, 25.127248837989399, 0.0 ], [ 121.784039074139997, 25.127241371456599, 0.0 ], [ 121.783991125865001, 25.127216212173899, 0.0 ] ] ] } },
{ "type": "Feature", "properties": { "length": 7999.0, "Display": "鶯歌溪排水右岸" }, "geometry": { "type": "MultiLineString", "coordinates": [ [ [ 121.353420738791996, 24.950801898034602, 0.0 ], [ 121.353405134792993, 24.950812196185201, 0.0 ], [ 121.353276360558993, 24.950897183021901, 0.0 ], [ 121.353108279582003, 24.951008110697401, 0.0 ], [ 121.352833960447001, 24.951195021136201, 0.0 ], [ 121.35266055164, 24.9513089209897, 0.0 ], [ 121.352460727332002, 24.951441713353699, 0.0 ], [ 121.352302876698005, 24.9515530082518, 0.0 ], [ 121.352184155846004, 24.9516196896226, 0.0 ], [ 121.352084667723005, 24.951675568510598, 0.0 ], [ 121.351990714536001, 24.951728338517501, 0.0 ], [ 121.351957514297993, 24.951750632527801, 0.0 ], [ 121.351922993968998, 24.951774572988999, 0.0 ], [ 121.351798139501, 24.951861161638199, 0.0 ], [ 121.351733930291999, 24.951905691704098, 0.0 ], [ 121.351648246124995, 24.9519651148882, 0.0 ], [ 121.351541847823, 24.9520726041881, 0.0 ], [ 121.351478516146003, 24.952133198176799, 0.0 ], [ 121.351429056607003, 24.952153781966501, 0.0 ], [ 121.351375393704004, 24.952152120363799, 0.0 ], [ 121.351314603060004, 24.952159277045801, 0.0 ], [ 121.351279495859004, 24.952168670299301, 0.0 ], [ 121.351244904997003, 24.952186104262999, 0.0 ], [ 121.351193035210997, 24.952224224807701, 0.0 ], [ 121.351120604235007, 24.952275710800102, 0.0 ], [ 121.351108999041003, 24.952283960093698, 0.0 ], [ 121.351080474724995, 24.9523022175897, 0.0 ], [ 121.351045627551997, 24.952323393457799, 0.0 ], [ 121.351027858104999, 24.952334376568999, 0.0 ], [ 121.351007603620999, 24.952346588700902, 0.0 ], [ 121.350991348766996, 24.952355982164399, 0.0 ], [ 121.350956451138003, 24.952375277063901, 0.0 ], [ 121.350926222235003, 24.952390892563901, 0.0 ], [ 121.350892642003004, 24.952410071693901, 0.0 ], [ 121.350846092598005, 24.952437921412301, 0.0 ], [ 121.350815816511002, 24.9524556617679, 0.0 ], [ 121.350768549598001, 24.952484400229299, 0.0 ], [ 121.350745588018995, 24.952497535867099, 0.0 ], [ 121.350720153208997, 24.952511709798401, 0.0 ], [ 121.350704479816997, 24.952520444028401, 0.0 ], [ 121.350689333779002, 24.9525288843795, 0.0 ], [ 121.350668065921994, 24.9525390771249, 0.0 ], [ 121.350642806989001, 24.952551182610801, 0.0 ], [ 121.350620755966006, 24.952561750682001, 0.0 ], [ 121.350598016123996, 24.952571921671201, 0.0 ], [ 121.350576577683995, 24.952580713820701, 0.0 ], [ 121.350537237731004, 24.952596847574501, 0.0 ], [ 121.350511356365999, 24.952606791424198, 0.0 ], [ 121.350492872342002, 24.952613231301601, 0.0 ], [ 121.350464250719995, 24.952623203135602, 0.0 ], [ 121.350430321171999, 24.952635024253301, 0.0 ], [ 121.350409076785994, 24.952641248653499, 0.0 ], [ 121.350376523516005, 24.952651077069799, 0.0 ], [ 121.350357790754003, 24.952656274951899, 0.0 ], [ 121.350337942940001, 24.952662090158601, 0.0 ], [ 121.350328888727006, 24.952664545449601, 0.0 ], [ 121.350310148193003, 24.952669675424598, 0.0 ], [ 121.350297458165997, 24.952673079138201, 0.0 ], [ 121.350280307069994, 24.952677483463599, 0.0 ], [ 121.350261372722002, 24.952682563407699, 0.0 ], [ 121.350227248192994, 24.952690641473701, 0.0 ], [ 121.350209093016005, 24.952694786296, 0.0 ], [ 121.350176806571, 24.952702789562998, 0.0 ], [ 121.350161143796996, 24.952706566026301, 0.0 ], [ 121.350150081102996, 24.9527087273317, 0.0 ], [ 121.350147976977993, 24.9527089363587, 0.0 ], [ 121.350147976977993, 24.9527089363587, 0.0 ], [ 121.350147976977993, 24.9527089363587, 0.0 ], [ 121.350109419055002, 24.952717480242701, 0.0 ], [ 121.350078515391004, 24.952724406055498, 0.0 ], [ 121.350041348134994, 24.952732869657101, 0.0 ], [ 121.350017978441002, 24.9527376299671, 0.0 ], [ 121.349983910136999, 24.952743526873601, 0.0 ], [ 121.349916302471001, 24.952753993892301, 0.0 ], [ 121.349782495221007, 24.9527728211064, 0.0 ], [ 121.349740324467007, 24.952778712297199, 0.0 ], [ 121.349645017738993, 24.9527919903846, 0.0 ], [ 121.349614778988993, 24.952796148215999, 0.0 ], [ 121.349533045304995, 24.952807386574101, 0.0 ], [ 121.349435057285007, 24.9528208598371, 0.0 ], [ 121.349338036014004, 24.952834200106601, 0.0 ], [ 121.349218347217004, 24.952850657033899, 0.0 ], [ 121.349178520337006, 24.952856133113698, 0.0 ], [ 121.349126862644994, 24.952863235879001, 0.0 ], [ 121.349021547524003, 24.952878034832999, 0.0 ], [ 121.348946631488005, 24.952887236457201, 0.0 ], [ 121.348872846291002, 24.952896597506701, 0.0 ], [ 121.348769619259002, 24.952911287535802, 0.0 ], [ 121.348745545016001, 24.9529152273847, 0.0 ], [ 121.348671273296006, 24.9529273822316, 0.0 ], [ 121.348593179299996, 24.9529396240045, 0.0 ], [ 121.348588999119997, 24.952927096755602, 0.0 ], [ 121.348583831043001, 24.952927849376, 0.0 ], [ 121.348543104445, 24.952933250989499, 0.0 ], [ 121.348449384548999, 24.9529457424368, 0.0 ], [ 121.348406198139003, 24.952951498514199, 0.0 ], [ 121.348386610258004, 24.9529542976065, 0.0 ], [ 121.348336826240001, 24.9529629048053, 0.0 ], [ 121.348290440588002, 24.952969494521799, 0.0 ], [ 121.348212554729997, 24.952984723280299, 0.0 ], [ 121.348179303673007, 24.952991134920399, 0.0 ], [ 121.3481447514, 24.9529974697653, 0.0 ], [ 121.348089176230005, 24.953007653442899, 0.0 ], [ 121.348059909127997, 24.9530130163816, 0.0 ], [ 121.348019931685002, 24.953020984200101, 0.0 ], [ 121.347978541632997, 24.953029262687, 0.0 ], [ 121.347958051686007, 24.953033287502301, 0.0 ], [ 121.347873878993994, 24.953047834635701, 0.0 ], [ 121.347820378425993, 24.953055743845301, 0.0 ], [ 121.347785804761997, 24.953060734693501, 0.0 ], [ 121.347738888864001, 24.953066067234701, 0.0 ], [ 121.347699254394996, 24.953070924116101, 0.0 ], [ 121.347647737670002, 24.953075564148701, 0.0 ], [ 121.347619470753997, 24.953077915374099, 0.0 ], [ 121.347523229836995, 24.953083324635902, 0.0 ], [ 121.347462719145994, 24.9530844308354, 0.0 ], [ 121.347412815989998, 24.953084302409799, 0.0 ], [ 121.347377847852997, 24.953083572755698, 0.0 ], [ 121.347323291804003, 24.953081308598101, 0.0 ], [ 121.347274905304005, 24.9530786397948, 0.0 ], [ 121.347242234354994, 24.953076103459999, 0.0 ], [ 121.347200028266002, 24.953072826875601, 0.0 ], [ 121.347149429921998, 24.953067645957301, 0.0 ], [ 121.347090321349, 24.9530608822365, 0.0 ], [ 121.347038212995002, 24.953054273794098, 0.0 ], [ 121.346967593699006, 24.953043615702502, 0.0 ], [ 121.346909000024993, 24.953033490808899, 0.0 ], [ 121.346900087690997, 24.9530316040996, 0.0 ], [ 121.346812011603006, 24.953015923854601, 0.0 ], [ 121.346657219036999, 24.952984196719498, 0.0 ], [ 121.346573194610002, 24.952964509483898, 0.0 ], [ 121.346521136229001, 24.9529520275489, 0.0 ], [ 121.346474160376999, 24.952938695906301, 0.0 ], [ 121.346431811184999, 24.952926451492701, 0.0 ], [ 121.346400340179997, 24.952917484278601, 0.0 ], [ 121.346360007979996, 24.952905765674899, 0.0 ], [ 121.346306386424004, 24.952890209979799, 0.0 ], [ 121.346264856288002, 24.952878918149, 0.0 ], [ 121.346215274163995, 24.9528652076207, 0.0 ], [ 121.346173331117001, 24.952853121949701, 0.0 ], [ 121.346164010172004, 24.952850412614701, 0.0 ], [ 121.346123765006993, 24.952836880546499, 0.0 ], [ 121.346086651106006, 24.952823714589002, 0.0 ], [ 121.345985849515998, 24.952785117711699, 0.0 ], [ 121.345941205749, 24.952767532508101, 0.0 ], [ 121.345887772278004, 24.952746954039199, 0.0 ], [ 121.345816747738994, 24.952720320964399, 0.0 ], [ 121.345737976977006, 24.952690243983898, 0.0 ], [ 121.345658291145995, 24.952659574196701, 0.0 ], [ 121.345589534945006, 24.952632794980499, 0.0 ], [ 121.345562299459999, 24.952618506864798, 0.0 ], [ 121.345528557316001, 24.9525982957142, 0.0 ], [ 121.345512438314998, 24.952587085643099, 0.0 ], [ 121.345500601005995, 24.952577861757, 0.0 ], [ 121.345487002883004, 24.952566218530698, 0.0 ], [ 121.345472658703002, 24.9525526718508, 0.0 ], [ 121.345456784754006, 24.952536556123601, 0.0 ], [ 121.345447220482995, 24.952524656231098, 0.0 ], [ 121.345435485040994, 24.952510525911801, 0.0 ], [ 121.345422409967, 24.952492574884701, 0.0 ], [ 121.345408853986996, 24.952474790796899, 0.0 ], [ 121.345394780034994, 24.9524572936262, 0.0 ], [ 121.345389365887002, 24.952450261430101, 0.0 ], [ 121.345382095242002, 24.952441465145601, 0.0 ], [ 121.345379265835007, 24.952438067006099, 0.0 ], [ 121.345378296142997, 24.952436209666001, 0.0 ], [ 121.345377125124003, 24.952433571724701, 0.0 ], [ 121.345338555642996, 24.952356393702999, 0.0 ], [ 121.345333440386995, 24.952347751318602, 0.0 ], [ 121.345321440625, 24.952333546849701, 0.0 ], [ 121.345292281183006, 24.952304263816199, 0.0 ], [ 121.345292281183006, 24.952304263816199, 0.0 ], [ 121.345162229829995, 24.952209129230098, 0.0 ], [ 121.345131551725999, 24.952188104837699, 0.0 ], [ 121.345102899381004, 24.9521686250778, 0.0 ], [ 121.345054649828, 24.9521358218113, 0.0 ], [ 121.345009589879993, 24.952105187021601, 0.0 ], [ 121.344977957837997, 24.9520836814098, 0.0 ], [ 121.344967976386997, 24.952076895338301, 0.0 ], [ 121.344921515462005, 24.9520542922847, 0.0 ], [ 121.344884184243, 24.9520356140372, 0.0 ], [ 121.344840334796999, 24.952014807105002, 0.0 ], [ 121.344795905070001, 24.951993294607199, 0.0 ], [ 121.344763196977993, 24.951978739785002, 0.0 ], [ 121.344731539646006, 24.951967116314901, 0.0 ], [ 121.344644075594005, 24.951935002513199, 0.0 ], [ 121.344560834882003, 24.951905115944701, 0.0 ], [ 121.344539760233005, 24.9518981908078, 0.0 ], [ 121.344530990017006, 24.9518963792714, 0.0 ], [ 121.344442415832006, 24.951878797292501, 0.0 ], [ 121.344341776765006, 24.951859112852102, 0.0 ], [ 121.344274861903997, 24.951850929983902, 0.0 ], [ 121.344231671390006, 24.951845753814101, 0.0 ], [ 121.344154678408998, 24.9518427443784, 0.0 ], [ 121.344098111782998, 24.9518507529034, 0.0 ], [ 121.344060626659001, 24.951857442788299, 0.0 ], [ 121.343980990570003, 24.951871655226601, 0.0 ], [ 121.343923736752998, 24.951888451372199, 0.0 ], [ 121.343812967107993, 24.951921802055001, 0.0 ], [ 121.343772529217006, 24.951933731811099, 0.0 ], [ 121.343721290285004, 24.9519488480097, 0.0 ], [ 121.343705260708006, 24.951958399446202, 0.0 ], [ 121.343665542471996, 24.951982066070801, 0.0 ], [ 121.343592301222998, 24.952038338921501, 0.0 ], [ 121.343588405361004, 24.9520409283292, 0.0 ], [ 121.343585273203004, 24.952043030170401, 0.0 ], [ 121.343580588446997, 24.9520462078195, 0.0 ], [ 121.343576005258996, 24.952049356713299, 0.0 ], [ 121.343570460875, 24.9520532203443, 0.0 ], [ 121.343564213882004, 24.952057646853799, 0.0 ], [ 121.343558333483003, 24.952061886718798, 0.0 ], [ 121.343550407533002, 24.952067717749198, 0.0 ], [ 121.343543355665005, 24.952073022414499, 0.0 ], [ 121.343538425304999, 24.952076799030898, 0.0 ], [ 121.343529709006006, 24.952083618050501, 0.0 ], [ 121.343519254624994, 24.9520910151147, 0.0 ], [ 121.343504463830996, 24.952101907982801, 0.0 ], [ 121.343486621932001, 24.952113874343201, 0.0 ], [ 121.343449982953004, 24.952141773392899, 0.0 ], [ 121.343431784787001, 24.9521553385608, 0.0 ], [ 121.343424844973995, 24.952161320205001, 0.0 ], [ 121.343405322853997, 24.952179491434201, 0.0 ], [ 121.343395546420993, 24.952188717497901, 0.0 ], [ 121.343359626164002, 24.9522235061998, 0.0 ], [ 121.343323307828001, 24.952260503078399, 0.0 ], [ 121.343294362785002, 24.952292971073401, 0.0 ], [ 121.343237540960004, 24.9523605237734, 0.0 ], [ 121.343226797097998, 24.952373427416401, 0.0 ], [ 121.343216838711996, 24.9523866111949, 0.0 ], [ 121.343201746462, 24.952406679347401, 0.0 ], [ 121.343191076544002, 24.952420867123401, 0.0 ], [ 121.343149027105, 24.9524798320871, 0.0 ], [ 121.343121891845001, 24.952519479212199, 0.0 ], [ 121.343094721382002, 24.9525596986593, 0.0 ], [ 121.343072476505, 24.952592683439399, 0.0 ], [ 121.343049576021002, 24.952625996184, 0.0 ], [ 121.343034418350996, 24.9526506378884, 0.0 ], [ 121.343024575222998, 24.952667913180701, 0.0 ], [ 121.343009163071997, 24.952696142315901, 0.0 ], [ 121.343000411017996, 24.952712621524899, 0.0 ], [ 121.342989905680994, 24.952731897323901, 0.0 ], [ 121.342965919958999, 24.952775831158, 0.0 ], [ 121.342953861260995, 24.952799428763701, 0.0 ], [ 121.342943037976994, 24.952822226606798, 0.0 ], [ 121.342935503202995, 24.9528381791838, 0.0 ], [ 121.342884818566006, 24.952951150480501, 0.0 ], [ 121.342821616996005, 24.953081785877, 0.0 ], [ 121.342787595768002, 24.953149311769899, 0.0 ], [ 121.342770686676005, 24.953182523623902, 0.0 ], [ 121.342754246843, 24.953216099598698, 0.0 ], [ 121.342738132007995, 24.9532490117912, 0.0 ], [ 121.342723949437001, 24.9532779643969, 0.0 ], [ 121.342703260178993, 24.953320138588399, 0.0 ], [ 121.342690276412, 24.953346605443102, 0.0 ], [ 121.342680523671007, 24.9533664859797, 0.0 ], [ 121.342664474602003, 24.9533985136448, 0.0 ], [ 121.342652002424998, 24.953420791799299, 0.0 ], [ 121.342619378441995, 24.953478388485699, 0.0 ], [ 121.342554394657995, 24.953585302397698, 0.0 ], [ 121.342524825449999, 24.9536366735591, 0.0 ], [ 121.342490247322004, 24.953689508774499, 0.0 ], [ 121.342478439603994, 24.953707951652, 0.0 ], [ 121.342466681991993, 24.953724673103, 0.0 ], [ 121.342454466616005, 24.953742892098301, 0.0 ], [ 121.342431956875004, 24.953776464922399, 0.0 ], [ 121.342413755139006, 24.9538041586998, 0.0 ], [ 121.342402569756999, 24.9538220892073, 0.0 ], [ 121.342377099833996, 24.953862783342501, 0.0 ], [ 121.342365029524998, 24.953884386105798, 0.0 ], [ 121.342356108028994, 24.953900541572501, 0.0 ], [ 121.342347869391006, 24.953917914137801, 0.0 ], [ 121.342299393776997, 24.9540330187032, 0.0 ], [ 121.342168319772, 24.954030531442299, 0.0 ], [ 121.342167270185996, 24.954082346700499, 0.0 ], [ 121.342219317038001, 24.954082632369101, 0.0 ], [ 121.342260336343998, 24.954090651839898, 0.0 ], [ 121.342240953428004, 24.954135406865799, 0.0 ], [ 121.342233571993006, 24.954155534185698, 0.0 ], [ 121.342223675599001, 24.954184742456199, 0.0 ], [ 121.342185193591007, 24.954300605432501, 0.0 ], [ 121.342116780110999, 24.954504028497801, 0.0 ], [ 121.342103359253002, 24.954543650168201, 0.0 ], [ 121.342079290575995, 24.9546146595887, 0.0 ], [ 121.342047377881997, 24.954709408341799, 0.0 ], [ 121.342015152830996, 24.954804475078902, 0.0 ], [ 121.341986582724999, 24.954887460090099, 0.0 ], [ 121.341969649969002, 24.954942552830499, 0.0 ], [ 121.341946808391995, 24.955017933655999, 0.0 ], [ 121.341935732286004, 24.9550634513195, 0.0 ], [ 121.341921665295999, 24.955127125195101, 0.0 ], [ 121.341915474253, 24.955159434176501, 0.0 ], [ 121.341910905380999, 24.955184370936699, 0.0 ], [ 121.341905258270998, 24.955221445706702, 0.0 ], [ 121.341898606068, 24.955256803895502, 0.0 ], [ 121.341894768548997, 24.955279014816298, 0.0 ], [ 121.341886566827, 24.955335547403902, 0.0 ], [ 121.341881270296, 24.955385952937799, 0.0 ], [ 121.341879876367003, 24.9553992185397, 0.0 ], [ 121.341875280351005, 24.955454764545198, 0.0 ], [ 121.341874222708995, 24.9554791017861, 0.0 ], [ 121.341878500774001, 24.955542866483999, 0.0 ], [ 121.341882056117996, 24.955591527897099, 0.0 ], [ 121.341886816509003, 24.955656682530201, 0.0 ], [ 121.341889090763004, 24.955690832959899, 0.0 ], [ 121.341890805285999, 24.955739460969198, 0.0 ], [ 121.341894208729997, 24.955794170018802, 0.0 ], [ 121.341896662292996, 24.955822094658402, 0.0 ], [ 121.341896497359002, 24.955822095399299, 0.0 ], [ 121.341898546970995, 24.9558455414337, 0.0 ], [ 121.341899943399, 24.955858280198498, 0.0 ], [ 121.341902112381007, 24.955871100519499, 0.0 ], [ 121.341904725808007, 24.9558828509889, 0.0 ], [ 121.341908620360996, 24.955896784393001, 0.0 ], [ 121.341915677268005, 24.955915983333199, 0.0 ], [ 121.342025934812995, 24.9561459405198, 0.0 ], [ 121.342090186633996, 24.956280921681799, 0.0 ], [ 121.342172184822999, 24.956441165034501, 0.0 ], [ 121.342219252538996, 24.9565318282189, 0.0 ], [ 121.342397379353997, 24.956879110022999, 0.0 ], [ 121.342433921438996, 24.957002848986701, 0.0 ], [ 121.342391281405, 24.957006922504799, 0.0 ], [ 121.342383077359997, 24.957068062222, 0.0 ], [ 121.342391158186999, 24.957092244116399, 0.0 ], [ 121.342400435930998, 24.957089027558499, 0.0 ], [ 121.342430930827007, 24.957180283500101, 0.0 ], [ 121.342453873455, 24.9572739609408, 0.0 ], [ 121.342480480874002, 24.957383882477, 0.0 ], [ 121.342486124404004, 24.9574182069125, 0.0 ], [ 121.342512285240005, 24.957577339198, 0.0 ], [ 121.342541517680004, 24.957740943075201, 0.0 ], [ 121.342541613693001, 24.9577414804291, 0.0 ], [ 121.342553927878996, 24.9578304883131, 0.0 ], [ 121.342565603181995, 24.9578935189632, 0.0 ], [ 121.342580631382006, 24.9579350690091, 0.0 ], [ 121.342623933208003, 24.958054839991402, 0.0 ], [ 121.342628501538002, 24.958065169645199, 0.0 ], [ 121.342629653683005, 24.9580713710771, 0.0 ], [ 121.342630249075, 24.958081451367001, 0.0 ], [ 121.342631718535003, 24.958099801755999, 0.0 ], [ 121.342630894707995, 24.958170412333399, 0.0 ], [ 121.342630924952005, 24.958181338033501, 0.0 ], [ 121.342630919369, 24.958186092914701, 0.0 ], [ 121.342630557142996, 24.958190177047602, 0.0 ], [ 121.342628379881006, 24.9581972463508, 0.0 ], [ 121.342614851459999, 24.958225224846, 0.0 ], [ 121.342599513606999, 24.958262747280699, 0.0 ], [ 121.342576239216001, 24.958333526988302, 0.0 ], [ 121.342558693805998, 24.9583872613909, 0.0 ], [ 121.342501856170998, 24.958544389972801, 0.0 ], [ 121.342473838152003, 24.958617151551699, 0.0 ], [ 121.342407818976, 24.958788520914698, 0.0 ], [ 121.342368926903006, 24.958889323848101, 0.0 ], [ 121.342339054031996, 24.959017409733399, 0.0 ], [ 121.342347710531001, 24.959131474264598, 0.0 ], [ 121.342355961619006, 24.9592977354231, 0.0 ], [ 121.342357628456995, 24.959329653291402, 0.0 ], [ 121.342358409374995, 24.959350023469302, 0.0 ], [ 121.342369967221003, 24.959476005188499, 0.0 ], [ 121.342378687038007, 24.959571051914399, 0.0 ], [ 121.342442338951003, 24.959854887092298, 0.0 ], [ 121.342452637188003, 24.9599033442137, 0.0 ], [ 121.342480956193995, 24.960036595695801, 0.0 ], [ 121.342518454811994, 24.960229444178498, 0.0 ], [ 121.342527753772998, 24.960300798277199, 0.0 ], [ 121.342536238132993, 24.960351559779699, 0.0 ], [ 121.342544740291999, 24.960392171704701, 0.0 ], [ 121.342550571928996, 24.960425146225901, 0.0 ], [ 121.342571410850994, 24.9605166075787, 0.0 ], [ 121.342596986461999, 24.960633646389599, 0.0 ], [ 121.342602242458995, 24.9606623774269, 0.0 ], [ 121.342605564801005, 24.960711014686002, 0.0 ], [ 121.342606887776995, 24.960757115366501, 0.0 ], [ 121.342607061318006, 24.9607956731714, 0.0 ], [ 121.342604688207004, 24.960819308537001, 0.0 ], [ 121.342601802583005, 24.960844197086399, 0.0 ], [ 121.342596126218993, 24.960872244690599, 0.0 ], [ 121.342590687373999, 24.9608957332667, 0.0 ], [ 121.342580111695, 24.960929122633701, 0.0 ], [ 121.342569025382005, 24.960957350515599, 0.0 ], [ 121.342561961787993, 24.960972161462799, 0.0 ], [ 121.342544265567, 24.9609957812213, 0.0 ], [ 121.342534078951999, 24.961007738477399, 0.0 ], [ 121.342522049257994, 24.9610198553567, 0.0 ], [ 121.342505195338006, 24.961032349659099, 0.0 ], [ 121.342478707097996, 24.961050727556898, 0.0 ], [ 121.342458236236993, 24.9610639628551, 0.0 ], [ 121.342441141802993, 24.961073705453099, 0.0 ], [ 121.342427533337997, 24.961079909032499, 0.0 ], [ 121.342420474820997, 24.961082150140101, 0.0 ], [ 121.342408834086996, 24.961084591480802, 0.0 ], [ 121.342377480042998, 24.961088326958699, 0.0 ], [ 121.342350548089996, 24.9610916859356, 0.0 ], [ 121.342330448943002, 24.961093930163301, 0.0 ], [ 121.342306329715001, 24.9610965499832, 0.0 ], [ 121.342252601365999, 24.961100284054901, 0.0 ], [ 121.342234736909006, 24.961101219505501, 0.0 ], [ 121.342217193379, 24.961101155493299, 0.0 ], [ 121.342201770743003, 24.961101137894801, 0.0 ], [ 121.342196271229, 24.9611003403488, 0.0 ], [ 121.342192396879994, 24.961098925502299, 0.0 ], [ 121.342160700277006, 24.9610857449489, 0.0 ], [ 121.342016936205994, 24.9610321744094, 0.0 ], [ 121.341982615366007, 24.961006663874201, 0.0 ], [ 121.341839846127002, 24.960965237762501, 0.0 ], [ 121.341781551468998, 24.960952791295298, 0.0 ], [ 121.341597889878997, 24.960917427209299, 0.0 ], [ 121.341537734962998, 24.960905760183302, 0.0 ], [ 121.341447479275004, 24.960888477315802, 0.0 ], [ 121.341278263497003, 24.960856746783598, 0.0 ], [ 121.341135375256997, 24.960846048174801, 0.0 ], [ 121.341031002294997, 24.960845436378399, 0.0 ], [ 121.340876902594999, 24.960868136768202, 0.0 ], [ 121.340846632855005, 24.960876857924202, 0.0 ], [ 121.340777176516994, 24.960896869286099, 0.0 ], [ 121.340678104209999, 24.960926194182399, 0.0 ], [ 121.340582687904003, 24.960956177704599, 0.0 ], [ 121.340575499232003, 24.9609514434304, 0.0 ], [ 121.340543583035995, 24.960968737722698, 0.0 ], [ 121.340472624721997, 24.961016213453998, 0.0 ], [ 121.340411111376994, 24.961079317348201, 0.0 ], [ 121.340342148909002, 24.961152648513899, 0.0 ], [ 121.340282502215004, 24.961247641231399, 0.0 ], [ 121.340274415699994, 24.961262815622, 0.0 ], [ 121.340271013445005, 24.9612700984522, 0.0 ], [ 121.340269489666994, 24.961274960125198, 0.0 ], [ 121.340268532896005, 24.9612807048928, 0.0 ], [ 121.340267483589002, 24.961297342189798, 0.0 ], [ 121.340267250853998, 24.961373271970601, 0.0 ], [ 121.340293834628, 24.961487995197601, 0.0 ], [ 121.340330037935004, 24.961599022875198, 0.0 ], [ 121.340333919943006, 24.9616087100835, 0.0 ], [ 121.340337578469999, 24.961616207441899, 0.0 ], [ 121.340392992594005, 24.961703976446799, 0.0 ], [ 121.340404227774002, 24.961717904609799, 0.0 ], [ 121.340460120849997, 24.9617769664221, 0.0 ], [ 121.340580575871002, 24.961885664432, 0.0 ], [ 121.340723986091007, 24.962002788180801, 0.0 ], [ 121.340870592314005, 24.962124196476999, 0.0 ], [ 121.340904455323994, 24.962280103119099, 0.0 ], [ 121.340888084594994, 24.962405688844498, 0.0 ], [ 121.340853207313998, 24.962494161645498, 0.0 ], [ 121.340817530891002, 24.962584661480101, 0.0 ], [ 121.340755738143997, 24.962730691761902, 0.0 ], [ 121.340475912339002, 24.963152732593699, 0.0 ], [ 121.340335220428997, 24.963473338715399, 0.0 ], [ 121.340324469474993, 24.963503412490802, 0.0 ], [ 121.340315844119999, 24.963527125308001, 0.0 ], [ 121.340291297470003, 24.963594891037001, 0.0 ], [ 121.340249834209004, 24.963695234913001, 0.0 ], [ 121.340201433942994, 24.963821749982301, 0.0 ], [ 121.340191747795998, 24.963864051648802, 0.0 ], [ 121.340178603286006, 24.963927821280599, 0.0 ], [ 121.340172144926996, 24.963963676701699, 0.0 ], [ 121.340171106987, 24.963983590527999, 0.0 ], [ 121.340171200038, 24.964017439741301, 0.0 ], [ 121.340175476805001, 24.964075981471801, 0.0 ], [ 121.340180665686006, 24.964100081158598, 0.0 ], [ 121.340184124584994, 24.964116018037299, 0.0 ], [ 121.340185849223005, 24.964122236442002, 0.0 ], [ 121.340189709138997, 24.964128838827602, 0.0 ], [ 121.340198426843997, 24.964138780064498, 0.0 ], [ 121.340210695180005, 24.96415175369, 0.0 ], [ 121.340228758216995, 24.964170855138999, 0.0 ], [ 121.340273110409996, 24.9642100607816, 0.0 ], [ 121.340288136235003, 24.964225258057599, 0.0 ], [ 121.340294445585997, 24.964231856759099, 0.0 ], [ 121.340312382734993, 24.964243278667698, 0.0 ], [ 121.340312983301999, 24.9642435392092, 0.0 ], [ 121.340313614126003, 24.964243812876699, 0.0 ], [ 121.340318285660004, 24.964245752782698, 0.0 ], [ 121.340350526706004, 24.964256863216502, 0.0 ], [ 121.340385051160993, 24.964266872154401, 0.0 ], [ 121.340464888624993, 24.964292350657601, 0.0 ], [ 121.340464942970996, 24.964292368401701, 0.0 ], [ 121.340464964871003, 24.964292372554901, 0.0 ], [ 121.340666808828004, 24.9643306504286, 0.0 ], [ 121.340735012756994, 24.964345646309301, 0.0 ], [ 121.340988200322002, 24.964397303051999, 0.0 ], [ 121.341018564438997, 24.9644020126381, 0.0 ], [ 121.341065041766996, 24.964407026691301, 0.0 ], [ 121.341107395419002, 24.964411367419, 0.0 ], [ 121.341162370267, 24.964418574841002, 0.0 ], [ 121.341227379279999, 24.964426848641299, 0.0 ], [ 121.341282407836999, 24.964437636538602, 0.0 ], [ 121.341308314269995, 24.964446479858701, 0.0 ], [ 121.341337960296997, 24.964462022028101, 0.0 ], [ 121.341369657295999, 24.964482084762501, 0.0 ], [ 121.341406760463002, 24.964512396773301, 0.0 ], [ 121.341430124170003, 24.964535535368899, 0.0 ], [ 121.341441821724999, 24.9645528044197, 0.0 ], [ 121.341446604875003, 24.9645661584292, 0.0 ], [ 121.341448367644006, 24.9645795193643, 0.0 ], [ 121.341448841463006, 24.964594848676899, 0.0 ], [ 121.341448599250995, 24.964618430025599, 0.0 ], [ 121.341446609391994, 24.964651288599701, 0.0 ], [ 121.341443222042997, 24.964680359537599, 0.0 ], [ 121.341437095499003, 24.964722072908302, 0.0 ], [ 121.341414706256003, 24.964866866713901, 0.0 ], [ 121.341414517171003, 24.964868097317801, 0.0 ], [ 121.341414471779999, 24.964868372822799, 0.0 ], [ 121.341409464216994, 24.964893516485201, 0.0 ], [ 121.341409281390995, 24.9648944344803, 0.0 ], [ 121.341402825220001, 24.964915357925602, 0.0 ], [ 121.341391476099005, 24.964948697860098, 0.0 ], [ 121.341383455937006, 24.964972738887301, 0.0 ], [ 121.341374900919007, 24.9650088811999, 0.0 ], [ 121.341362852467995, 24.965059803706101, 0.0 ], [ 121.341352845726007, 24.965114422962301, 0.0 ], [ 121.341345538210007, 24.965161407484398, 0.0 ], [ 121.341342943908998, 24.965204246436301, 0.0 ], [ 121.341339447704996, 24.965247911167499, 0.0 ], [ 121.341339536323005, 24.9652800357369, 0.0 ], [ 121.341343232488001, 24.965308857162299, 0.0 ], [ 121.341348741548003, 24.965339321881501, 0.0 ], [ 121.341356789518002, 24.965383045364, 0.0 ], [ 121.341378948252995, 24.965477423495301, 0.0 ], [ 121.341433512742, 24.965682519962598, 0.0 ], [ 121.341469469165006, 24.965808815218999, 0.0 ], [ 121.341481847248005, 24.965846324967799, 0.0 ], [ 121.341491869886994, 24.965876661239498, 0.0 ], [ 121.341507280423002, 24.9659165087449, 0.0 ], [ 121.341534137436, 24.9659923736459, 0.0 ], [ 121.341543395540995, 24.966025753619199, 0.0 ], [ 121.341549727515996, 24.966061070383599, 0.0 ], [ 121.341552639932999, 24.966082085541601, 0.0 ], [ 121.341555962463005, 24.966103994719901, 0.0 ], [ 121.341556770311996, 24.966125890117802, 0.0 ], [ 121.341555039401001, 24.966212722679401, 0.0 ], [ 121.341555239762002, 24.966215507861399, 0.0 ], [ 121.341570318224001, 24.966425109508499, 0.0 ], [ 121.341603925968002, 24.966765357848299, 0.0 ], [ 121.341608038939995, 24.966815277633501, 0.0 ], [ 121.341610441434995, 24.966839653547101, 0.0 ], [ 121.341615565954996, 24.966875215244499, 0.0 ], [ 121.341633044730997, 24.9669971785443, 0.0 ], [ 121.341663529312001, 24.967165894323301, 0.0 ], [ 121.341678592397002, 24.9672522351451, 0.0 ], [ 121.341689183607997, 24.967312943338602, 0.0 ], [ 121.341714604832006, 24.967482643852001, 0.0 ], [ 121.341719672875001, 24.9675164757418, 0.0 ], [ 121.341731643084003, 24.967580974595499, 0.0 ], [ 121.341748745735003, 24.967673128375999, 0.0 ], [ 121.341765446720004, 24.967748835575101, 0.0 ], [ 121.341779692122003, 24.9678123086826, 0.0 ], [ 121.341788405789998, 24.967851134057501, 0.0 ], [ 121.341807042002998, 24.967898728834498, 0.0 ], [ 121.341838823388997, 24.9679798948033, 0.0 ], [ 121.341850291849994, 24.968009183893901, 0.0 ], [ 121.341878424249998, 24.968079506969399, 0.0 ], [ 121.341920859468004, 24.968184758161101, 0.0 ], [ 121.341954751282003, 24.968263784007199, 0.0 ], [ 121.341971567648997, 24.9683036681764, 0.0 ], [ 121.341987817532001, 24.968342543677899, 0.0 ], [ 121.341996460103999, 24.9683691502606, 0.0 ], [ 121.342007431127001, 24.9684029250771, 0.0 ], [ 121.342021653388002, 24.968491255131099, 0.0 ], [ 121.342021477046998, 24.968496464533299, 0.0 ], [ 121.342018355354, 24.968588684055401, 0.0 ], [ 121.342010125738, 24.9686142461684, 0.0 ], [ 121.342007697179994, 24.968622815426698, 0.0 ], [ 121.342005979684998, 24.968629893688099, 0.0 ], [ 121.342003759137995, 24.968638205714601, 0.0 ], [ 121.342000931800996, 24.968648948395, 0.0 ], [ 121.341997253805999, 24.968661135373601, 0.0 ], [ 121.341993410623999, 24.968672743941799, 0.0 ], [ 121.341989835161996, 24.968681073690199, 0.0 ], [ 121.341985982916995, 24.968689404099798, 0.0 ], [ 121.341981297418002, 24.968696727746899, 0.0 ], [ 121.341973019785001, 24.968706329147, 0.0 ], [ 121.341960071814995, 24.968721828892999, 0.0 ], [ 121.341950316457002, 24.9687328525719, 0.0 ], [ 121.341941185183003, 24.968743685119399, 0.0 ], [ 121.341921112559007, 24.9687655700458, 0.0 ], [ 121.341895787279995, 24.968787101705999, 0.0 ], [ 121.341844237402995, 24.968826520152898, 0.0 ], [ 121.341818438776997, 24.9688459365311, 0.0 ], [ 121.341791576839, 24.968865032692801, 0.0 ], [ 121.341774197613006, 24.9688778372382, 0.0 ], [ 121.341732340006999, 24.968910555221498, 0.0 ], [ 121.341670164549996, 24.968959931073201, 0.0 ], [ 121.341655184491003, 24.9689707091967, 0.0 ], [ 121.341644837684001, 24.968976918724898, 0.0 ], [ 121.341632702170003, 24.9689824812118, 0.0 ], [ 121.341615924408003, 24.968989356638801, 0.0 ], [ 121.341591429584, 24.968998679157998, 0.0 ], [ 121.341548318251995, 24.969014209357201, 0.0 ], [ 121.341511652682996, 24.969027152898001, 0.0 ], [ 121.341500766196006, 24.9690319743994, 0.0 ], [ 121.341446864367995, 24.969065635748802, 0.0 ], [ 121.341382779975007, 24.9691042051059, 0.0 ], [ 121.341333757122001, 24.9691524150468, 0.0 ], [ 121.341279220144003, 24.969203027337102, 0.0 ], [ 121.341262107293005, 24.969222548536901, 0.0 ], [ 121.341247336717998, 24.9692441465894, 0.0 ], [ 121.341223234441003, 24.969282026359199, 0.0 ], [ 121.341204263788001, 24.9693120937198, 0.0 ], [ 121.341194710105, 24.969337052535501, 0.0 ], [ 121.341186126503999, 24.9693585455476, 0.0 ], [ 121.341176770879002, 24.969385050702801, 0.0 ], [ 121.341168717108999, 24.9694345818348, 0.0 ], [ 121.341164514908002, 24.969478616157598, 0.0 ], [ 121.341162667416995, 24.9695178093829, 0.0 ], [ 121.341160038959998, 24.969557360681801, 0.0 ], [ 121.341162386563994, 24.969583597919801, 0.0 ], [ 121.341163611411005, 24.969607358103701, 0.0 ], [ 121.341167131594005, 24.9696226639646, 0.0 ], [ 121.341172389357993, 24.969637437777202, 0.0 ], [ 121.341179388952, 24.969653263731001, 0.0 ], [ 121.341191625926996, 24.969676470586901, 0.0 ], [ 121.341206191796999, 24.9697033685954, 0.0 ], [ 121.341230296142001, 24.969743108592599, 0.0 ], [ 121.341232546623004, 24.9697453966252, 0.0 ], [ 121.341247330987002, 24.969759568294101, 0.0 ], [ 121.341256996794996, 24.9697681247183, 0.0 ], [ 121.341275524848996, 24.9697831528837, 0.0 ], [ 121.341279704241003, 24.969786314651898, 0.0 ], [ 121.341284166977005, 24.969789604284699, 0.0 ], [ 121.341289425056999, 24.9697933692742, 0.0 ], [ 121.341297014484994, 24.9697986001167, 0.0 ], [ 121.341305050998002, 24.969803888518101, 0.0 ], [ 121.341312213020004, 24.969808394083699, 0.0 ], [ 121.341321862197006, 24.969814169537202, 0.0 ], [ 121.341334451682002, 24.969821221932499, 0.0 ], [ 121.341452990780994, 24.969893654017401, 0.0 ], [ 121.341523474501997, 24.969937838766199, 0.0 ], [ 121.341572340694, 24.969960965341102, 0.0 ], [ 121.341673545215002, 24.970015849659902, 0.0 ], [ 121.341934596325999, 24.9701155881116, 0.0 ], [ 121.341981697712001, 24.9701337314618, 0.0 ], [ 121.341986325112998, 24.970135828479599, 0.0 ], [ 121.341989798198, 24.970137553166701, 0.0 ], [ 121.341993831194003, 24.970140123634302, 0.0 ], [ 121.341997081461997, 24.970142905994699, 0.0 ], [ 121.342002021032997, 24.9701477120127, 0.0 ], [ 121.342006573120997, 24.970152883320001, 0.0 ], [ 121.342012176433002, 24.9701595725701, 0.0 ], [ 121.342016955294994, 24.9701662832368, 0.0 ], [ 121.342020308699006, 24.970172292917901, 0.0 ], [ 121.342024963612999, 24.970180686916599, 0.0 ], [ 121.342028706977004, 24.9701889972789, 0.0 ], [ 121.342033307513006, 24.9701989719489, 0.0 ], [ 121.342037160130999, 24.970210498146301, 0.0 ], [ 121.342058462029996, 24.9702618505106, 0.0 ], [ 121.342082558759003, 24.970322086328199, 0.0 ], [ 121.342120106017006, 24.9704286878871, 0.0 ], [ 121.342162304918006, 24.970566056423401, 0.0 ], [ 121.342206103999004, 24.970708946612199, 0.0 ], [ 121.342217157757005, 24.970812889651299, 0.0 ], [ 121.342209739997998, 24.970850295366901, 0.0 ], [ 121.342193831261994, 24.9709017450677, 0.0 ], [ 121.342175380721002, 24.9709701810661, 0.0 ], [ 121.342167782237993, 24.971015840076198, 0.0 ], [ 121.342162169971999, 24.971050526277399, 0.0 ], [ 121.342163064993997, 24.971084133082201, 0.0 ], [ 121.342164397231997, 24.971095679651199, 0.0 ], [ 121.342170988359001, 24.971118778888901, 0.0 ], [ 121.342184336667003, 24.9711537564854, 0.0 ], [ 121.342198162556002, 24.971187481956999, 0.0 ], [ 121.342211601900004, 24.971210298640599, 0.0 ], [ 121.342232446964005, 24.971237641135701, 0.0 ], [ 121.342249648388005, 24.9712558738448, 0.0 ], [ 121.342261019166003, 24.971268029188401, 0.0 ], [ 121.342275009782, 24.971281502609301, 0.0 ], [ 121.342285498942999, 24.971290217387001, 0.0 ], [ 121.342302037550994, 24.971300684974999, 0.0 ], [ 121.342321224632002, 24.971311707384402, 0.0 ], [ 121.342339004096004, 24.971320604866801, 0.0 ], [ 121.342349300831003, 24.971326965750301, 0.0 ], [ 121.342369388783993, 24.9713356954624, 0.0 ], [ 121.342390882001993, 24.971343065789501, 0.0 ], [ 121.342422756336006, 24.971355808390499, 0.0 ], [ 121.342440912927998, 24.9713615000963, 0.0 ], [ 121.342465738179001, 24.971368862722699, 0.0 ], [ 121.342493523244997, 24.971375544036, 0.0 ], [ 121.342506489342995, 24.971378549572101, 0.0 ], [ 121.342521754808999, 24.971379474179599, 0.0 ], [ 121.342557205974003, 24.9713773308656, 0.0 ], [ 121.342591148297004, 24.971375191041101, 0.0 ], [ 121.342655413296995, 24.971366600693798, 0.0 ], [ 121.342673338707002, 24.971363836666502, 0.0 ], [ 121.342693046826, 24.971357256707901, 0.0 ], [ 121.342706176540005, 24.971349602781999, 0.0 ], [ 121.342718705417994, 24.971340861130301, 0.0 ], [ 121.342736599139002, 24.9713266616398, 0.0 ], [ 121.342764620137004, 24.971299914169201, 0.0 ], [ 121.342829235508006, 24.971239927764501, 0.0 ], [ 121.342849427326996, 24.971223288719301, 0.0 ], [ 121.342859878835, 24.971216416540599, 0.0 ], [ 121.342861063778997, 24.971215774389201, 0.0 ], [ 121.342864336624999, 24.971214622339701, 0.0 ], [ 121.342866668720006, 24.9712140991398, 0.0 ], [ 121.342871342688994, 24.971213629706501, 0.0 ], [ 121.342878377991994, 24.9712134498625, 0.0 ], [ 121.342897723096996, 24.971215988923198, 0.0 ], [ 121.342925147038997, 24.971222167485902, 0.0 ], [ 121.342953090221997, 24.971231809713199, 0.0 ], [ 121.342977305578998, 24.971242008755301, 0.0 ], [ 121.342997682269996, 24.971253658980899, 0.0 ], [ 121.343025245063004, 24.9712709133759, 0.0 ], [ 121.343060870135005, 24.971294636506499, 0.0 ], [ 121.343094516747996, 24.9713166849731, 0.0 ], [ 121.343218114303994, 24.9714088628178, 0.0 ], [ 121.343276373969005, 24.971458193231499, 0.0 ], [ 121.343429088383999, 24.971570477225299, 0.0 ], [ 121.343467335639005, 24.9715957825216, 0.0 ], [ 121.343506187315, 24.971620534374502, 0.0 ], [ 121.343535046279996, 24.9716343753724, 0.0 ], [ 121.343563896586005, 24.971648471132202, 0.0 ], [ 121.343592088405003, 24.9716581991404, 0.0 ], [ 121.343605914294997, 24.9716593957246, 0.0 ], [ 121.343617715700006, 24.971659982720499, 0.0 ], [ 121.343630032815, 24.9716587146089, 0.0 ], [ 121.343647244853003, 24.971654882988901, 0.0 ], [ 121.343671156146002, 24.971648359715299, 0.0 ], [ 121.343701155632999, 24.971639730746499, 0.0 ], [ 121.343729481100993, 24.9716295272768, 0.0 ], [ 121.343760113821006, 24.971614028938099, 0.0 ], [ 121.343793036101005, 24.971594927845299, 0.0 ], [ 121.343837763248999, 24.9715617922745, 0.0 ], [ 121.343877502124997, 24.9715235251869, 0.0 ], [ 121.343903183061002, 24.971500028394701, 0.0 ], [ 121.343960155027005, 24.971441501426799, 0.0 ], [ 121.343994841227001, 24.971386834310401, 0.0 ], [ 121.344048250832003, 24.971307805658199, 0.0 ], [ 121.344065599963002, 24.9712737768245, 0.0 ], [ 121.344071854895006, 24.971257871510598, 0.0 ], [ 121.344075184123994, 24.971235351784301, 0.0 ], [ 121.344077201760996, 24.9711976327232, 0.0 ], [ 121.344089938205002, 24.971108280818001, 0.0 ], [ 121.344098410395006, 24.971074206185399, 0.0 ], [ 121.344106137292997, 24.971052194457201, 0.0 ], [ 121.344124741895001, 24.971020934328699, 0.0 ], [ 121.344155763977994, 24.9709740369305, 0.0 ], [ 121.344210828615999, 24.9708983812383, 0.0 ], [ 121.344291895322996, 24.9708024149434, 0.0 ], [ 121.344366046505996, 24.9707164038978, 0.0 ], [ 121.344390822280999, 24.970696908142799, 0.0 ], [ 121.344411422936005, 24.9706838658139, 0.0 ], [ 121.344427448971999, 24.970675253, 0.0 ], [ 121.344457200834995, 24.9706650658473, 0.0 ], [ 121.344486447487, 24.970658527450301, 0.0 ], [ 121.344501897049, 24.9706579889971, 0.0 ], [ 121.344638608487003, 24.970668249248, 0.0 ], [ 121.344713731366994, 24.970685503317299, 0.0 ], [ 121.344764253714004, 24.9707043608859, 0.0 ], [ 121.344797544247996, 24.970720339191502, 0.0 ], [ 121.344822419120007, 24.970734877404102, 0.0 ], [ 121.344846500014, 24.970751971717998, 0.0 ], [ 121.344857352567999, 24.970765447688201, 0.0 ], [ 121.344861282696996, 24.970775957751702, 0.0 ], [ 121.344863020144999, 24.9707846090492, 0.0 ], [ 121.344863977540996, 24.970791990910602, 0.0 ], [ 121.344862034138998, 24.9708129675642, 0.0 ], [ 121.344855116567004, 24.970844897745302, 0.0 ], [ 121.344844207964002, 24.970881396313601, 0.0 ], [ 121.344817380978995, 24.9709525814086, 0.0 ], [ 121.344797481727994, 24.9709954836325, 0.0 ], [ 121.344763850443996, 24.9710570325155, 0.0 ], [ 121.344745611479993, 24.971088689121299, 0.0 ], [ 121.344689741115999, 24.971210554750499, 0.0 ], [ 121.344672065639998, 24.971251889472999, 0.0 ], [ 121.344661047021006, 24.971285040989699, 0.0 ], [ 121.344660116363997, 24.9713135683395, 0.0 ], [ 121.344664256700995, 24.9713494452646, 0.0 ], [ 121.344670396737001, 24.9713779562192, 0.0 ], [ 121.344695402168, 24.971457968673, 0.0 ], [ 121.344717536790995, 24.971536242732402, 0.0 ], [ 121.344756827414002, 24.971651680030199, 0.0 ], [ 121.344770492444994, 24.9716892563135, 0.0 ], [ 121.344804994317002, 24.971767090489099, 0.0 ], [ 121.344833638051, 24.971815432180598, 0.0 ], [ 121.344850415286004, 24.9718293874339, 0.0 ], [ 121.345054290511001, 24.9719983412772, 0.0 ], [ 121.345105457917995, 24.972039573659099, 0.0 ], [ 121.345224595258998, 24.9721355782759, 0.0 ], [ 121.345252504870004, 24.972158068682301, 0.0 ], [ 121.345338835025998, 24.972219005203399, 0.0 ], [ 121.345389482079, 24.972254010606001, 0.0 ], [ 121.345478127034994, 24.972315470982998, 0.0 ], [ 121.345524960519995, 24.9723603083673, 0.0 ], [ 121.345527765057994, 24.9724092254115, 0.0 ], [ 121.345519472286995, 24.9724505947311, 0.0 ], [ 121.345497692940995, 24.972503795623201, 0.0 ], [ 121.345453666668007, 24.972567163117599, 0.0 ], [ 121.345449474188996, 24.972571533110401, 0.0 ], [ 121.345418100092004, 24.972603231416201, 0.0 ], [ 121.345410080451998, 24.972611364182399, 0.0 ], [ 121.345408693777003, 24.9726125740657, 0.0 ], [ 121.345403861706998, 24.972616790067001, 0.0 ], [ 121.345386651433998, 24.972631806098398, 0.0 ], [ 121.345372646320001, 24.972644025612102, 0.0 ], [ 121.345353492659001, 24.9726607273033, 0.0 ], [ 121.345270043902005, 24.972733236335099, 0.0 ], [ 121.345217560029994, 24.972778839759702, 0.0 ], [ 121.345193015866997, 24.972797132721499, 0.0 ], [ 121.345051410384002, 24.972902672238298, 0.0 ], [ 121.345021138229995, 24.9729367165959, 0.0 ], [ 121.344967673164007, 24.972990324275099, 0.0 ], [ 121.344911104906004, 24.9730417744757, 0.0 ], [ 121.344922860778993, 24.973059081553298, 0.0 ], [ 121.344844695237995, 24.973130470516999, 0.0 ], [ 121.344787154477004, 24.973178319558102, 0.0 ], [ 121.344764650029006, 24.973188555998199, 0.0 ], [ 121.344736898395993, 24.973192547995598, 0.0 ], [ 121.344718942181999, 24.973192896791002, 0.0 ], [ 121.344625850786997, 24.973179733571001, 0.0 ], [ 121.344415241668997, 24.973110461662198, 0.0 ], [ 121.344299969302995, 24.973065491287599, 0.0 ], [ 121.344258611518001, 24.973046456652501, 0.0 ], [ 121.344188934914996, 24.973008943367802, 0.0 ], [ 121.344183493499997, 24.973006189428599, 0.0 ], [ 121.344125521853002, 24.972986610837602, 0.0 ], [ 121.344091147206996, 24.9729843711747, 0.0 ], [ 121.344058699604005, 24.972988504638199, 0.0 ], [ 121.344026904635996, 24.972998434433499, 0.0 ], [ 121.343997022189996, 24.973009519336099, 0.0 ], [ 121.343970964909005, 24.9730229145386, 0.0 ], [ 121.343913133529995, 24.973053776632199, 0.0 ], [ 121.343846953362998, 24.973091836728099, 0.0 ], [ 121.343831073413995, 24.9731031066807, 0.0 ], [ 121.343806805853006, 24.9731231566108, 0.0 ], [ 121.343806421299007, 24.973123595038999, 0.0 ], [ 121.343793682110004, 24.973138118936699, 0.0 ], [ 121.343783652682006, 24.973150490714399, 0.0 ], [ 121.343771523531998, 24.973166727975698, 0.0 ], [ 121.343763448450005, 24.973178444816099, 0.0 ], [ 121.343754499336995, 24.973192437233301, 0.0 ], [ 121.343746697447003, 24.973205660915699, 0.0 ], [ 121.343739053318004, 24.973219739694301, 0.0 ], [ 121.343733783098003, 24.973230226751799, 0.0 ], [ 121.343724648559004, 24.973250317967999, 0.0 ], [ 121.343719479723006, 24.973263069020799, 0.0 ], [ 121.343714884513005, 24.973275521247398, 0.0 ], [ 121.343709829651004, 24.973290827546698, 0.0 ], [ 121.343691526689994, 24.973383275475801, 0.0 ], [ 121.343689186290007, 24.973398637198301, 0.0 ], [ 121.343673923040001, 24.973514490930601, 0.0 ], [ 121.343673645332004, 24.973520298262201, 0.0 ], [ 121.343673590432005, 24.9735243616399, 0.0 ], [ 121.343673662824003, 24.973528872212398, 0.0 ], [ 121.343673839960005, 24.973532798524101, 0.0 ], [ 121.343674468014996, 24.973540227540301, 0.0 ], [ 121.343675498314994, 24.973547721278301, 0.0 ], [ 121.343677590865994, 24.973557989091599, 0.0 ], [ 121.343682482579993, 24.973574210494998, 0.0 ], [ 121.343709369223006, 24.9736700745473, 0.0 ], [ 121.343729629438997, 24.973742312036901, 0.0 ], [ 121.343745570268993, 24.9737966683916, 0.0 ], [ 121.343766929859996, 24.9738436224917, 0.0 ], [ 121.343776501213995, 24.973866953743102, 0.0 ], [ 121.343821184828002, 24.9739758749533, 0.0 ], [ 121.343884760047999, 24.9740913249253, 0.0 ], [ 121.343913659524006, 24.9741410705806, 0.0 ], [ 121.344034241958994, 24.974293934007601, 0.0 ], [ 121.344149191886004, 24.9743948251669, 0.0 ], [ 121.344207946466994, 24.9744299984715, 0.0 ], [ 121.344311642208993, 24.974462746894801, 0.0 ], [ 121.344430667913002, 24.974469782869399, 0.0 ], [ 121.344525971452995, 24.9744449316001, 0.0 ], [ 121.344619459873996, 24.974383260619401, 0.0 ], [ 121.344674268464004, 24.974329266832999, 0.0 ], [ 121.344705459318007, 24.974287130986301, 0.0 ], [ 121.344755022182994, 24.9741844802864, 0.0 ], [ 121.344776728926007, 24.974110890796599, 0.0 ], [ 121.344805512042001, 24.974013311083901, 0.0 ], [ 121.344820773151, 24.973980226164599, 0.0 ], [ 121.344834939451005, 24.973956950601, 0.0 ], [ 121.344834939449996, 24.973956950601799, 0.0 ], [ 121.344853632866005, 24.973943062878199, 0.0 ], [ 121.344864737972998, 24.973938176169501, 0.0 ], [ 121.344870450459993, 24.973935650122499, 0.0 ], [ 121.344874896432003, 24.9739337065066, 0.0 ], [ 121.344882814803995, 24.973931971034599, 0.0 ], [ 121.344889406966999, 24.973930631318702, 0.0 ], [ 121.344896749789996, 24.9739292261626, 0.0 ], [ 121.344991338187995, 24.9739059588976, 0.0 ], [ 121.345190056985004, 24.9738571289252, 0.0 ], [ 121.345433029812, 24.973797383718999, 0.0 ], [ 121.345514171884005, 24.973767517654402, 0.0 ], [ 121.345598609283002, 24.9737364386128, 0.0 ], [ 121.345783077430994, 24.973680988769701, 0.0 ], [ 121.345902770186001, 24.973662805991001, 0.0 ], [ 121.345937901292999, 24.9736574691314, 0.0 ], [ 121.34606193031, 24.973651184289899, 0.0 ], [ 121.346161545173999, 24.973647755617201, 0.0 ], [ 121.346219184041004, 24.973646689270002, 0.0 ], [ 121.346288033239006, 24.973645415497, 0.0 ], [ 121.346392290427005, 24.9736434865831, 0.0 ], [ 121.346492553987005, 24.973663899739599, 0.0 ], [ 121.346580963595002, 24.973685682459202, 0.0 ], [ 121.346678431621001, 24.973709696958899, 0.0 ], [ 121.346690672406993, 24.973712712879699, 0.0 ], [ 121.346726982136005, 24.973721658970501, 0.0 ], [ 121.346794181422993, 24.9737408447528, 0.0 ], [ 121.346802140869002, 24.9737431172179, 0.0 ], [ 121.346816758117001, 24.973747332200102, 0.0 ], [ 121.346841693762002, 24.973754522557801, 0.0 ], [ 121.347042093748996, 24.9738123090332, 0.0 ], [ 121.347059881286995, 24.973817438155301, 0.0 ], [ 121.347125422543996, 24.973836337269201, 0.0 ], [ 121.347181543635998, 24.973858034547501, 0.0 ], [ 121.347253529471004, 24.973885981528898, 0.0 ], [ 121.347284080356005, 24.973897842250501, 0.0 ], [ 121.347361905338005, 24.9739280560817, 0.0 ], [ 121.347423272304994, 24.9739518804124, 0.0 ], [ 121.347433242107002, 24.9739573025923, 0.0 ], [ 121.347479802557999, 24.973982624957699, 0.0 ], [ 121.347557058052004, 24.974024641072599, 0.0 ], [ 121.347593358995994, 24.974044383652799, 0.0 ], [ 121.347707018126997, 24.9741061980484, 0.0 ], [ 121.347734232760999, 24.974120998915399, 0.0 ], [ 121.347806849083, 24.974160491760699, 0.0 ], [ 121.347812718230003, 24.974163723972801, 0.0 ], [ 121.347831621720005, 24.974174134354602, 0.0 ], [ 121.347880542137005, 24.974200045256701, 0.0 ], [ 121.348035465555995, 24.974283197568599, 0.0 ], [ 121.348113431445, 24.9743250442293, 0.0 ], [ 121.348163360102006, 24.974355905916401, 0.0 ], [ 121.348189446769993, 24.974372030482201, 0.0 ], [ 121.348193225852995, 24.974374985112998, 0.0 ], [ 121.348223390125, 24.9743970451023, 0.0 ], [ 121.348257463693997, 24.974420849914502, 0.0 ], [ 121.348271081061, 24.974429718080899, 0.0 ], [ 121.348296217805995, 24.974444207609999, 0.0 ], [ 121.348327884541007, 24.974462461199501, 0.0 ], [ 121.348372323442007, 24.974491402045199, 0.0 ], [ 121.348401190228998, 24.9745101081316, 0.0 ], [ 121.348425427996006, 24.974523764380599, 0.0 ], [ 121.348514249977995, 24.974573884684698, 0.0 ], [ 121.348548168953997, 24.974593850907102, 0.0 ], [ 121.348596605937004, 24.974623267311401, 0.0 ], [ 121.348637963540995, 24.974650960075799, 0.0 ], [ 121.348666773502003, 24.974672526322301, 0.0 ], [ 121.348722548984995, 24.974718766662299, 0.0 ], [ 121.348762655368006, 24.9747543662072, 0.0 ], [ 121.348772843380999, 24.974764284816299, 0.0 ], [ 121.348781200201998, 24.974775762338599, 0.0 ], [ 121.348795637888998, 24.974802567419299, 0.0 ], [ 121.348800005921007, 24.9748122777482, 0.0 ], [ 121.348802649779998, 24.974821091267199, 0.0 ], [ 121.348802516554002, 24.974836397930702, 0.0 ], [ 121.348800567113997, 24.974845397423501, 0.0 ], [ 121.348793580679995, 24.974860142860599, 0.0 ], [ 121.348783418300997, 24.9748750454781, 0.0 ], [ 121.348771516618001, 24.9748886033641, 0.0 ], [ 121.348761772355999, 24.9748978230656, 0.0 ], [ 121.348745809232994, 24.974908450207799, 0.0 ], [ 121.348728516208993, 24.9749177619384, 0.0 ], [ 121.348677676733004, 24.974941386114899, 0.0 ], [ 121.348662432203994, 24.974948111384201, 0.0 ], [ 121.348649880216996, 24.974953648810999, 0.0 ], [ 121.348620883408998, 24.974964122213599, 0.0 ], [ 121.348595910279997, 24.974973142291201, 0.0 ], [ 121.348553315912994, 24.9749885269947, 0.0 ], [ 121.348507878378996, 24.975012904141899, 0.0 ], [ 121.348480560837999, 24.975029851574899, 0.0 ], [ 121.348411432120002, 24.975072738053601, 0.0 ], [ 121.348380345568998, 24.975094981998001, 0.0 ], [ 121.348343875037003, 24.9751229059707, 0.0 ], [ 121.348322086132001, 24.975139588820301, 0.0 ], [ 121.348278742538994, 24.975190567688699, 0.0 ], [ 121.348250756229007, 24.9752263598341, 0.0 ], [ 121.348212844209996, 24.975279796332899, 0.0 ], [ 121.348158229931997, 24.975362677721002, 0.0 ], [ 121.348141418436995, 24.9753881966598, 0.0 ], [ 121.348118118711994, 24.975420218678501, 0.0 ], [ 121.348090181024006, 24.9754578183835, 0.0 ], [ 121.348071089997006, 24.975483413017901, 0.0 ], [ 121.348055119292994, 24.975506728856502, 0.0 ], [ 121.348014054179998, 24.975571269487599, 0.0 ], [ 121.347985213073002, 24.975617242419201, 0.0 ], [ 121.347933744759999, 24.975690099862099, 0.0 ], [ 121.347898382221999, 24.975744264026201, 0.0 ], [ 121.347882525464001, 24.975769253259799, 0.0 ], [ 121.347855834938002, 24.9758137237428, 0.0 ], [ 121.347834973507005, 24.9758477490068, 0.0 ], [ 121.347814799215996, 24.975880653517599, 0.0 ], [ 121.347779540146007, 24.9759539083066, 0.0 ], [ 121.347763328851997, 24.9759889443867, 0.0 ], [ 121.347724537917998, 24.976089738711298, 0.0 ], [ 121.347720866353995, 24.976099245559102, 0.0 ], [ 121.347717775744002, 24.976116913918901, 0.0 ], [ 121.347711973439004, 24.976169056608001, 0.0 ], [ 121.347711685717996, 24.976182560679899, 0.0 ], [ 121.347711358984, 24.976197895867202, 0.0 ], [ 121.347716949743003, 24.976237953971001, 0.0 ], [ 121.347719635301999, 24.976250733827399, 0.0 ], [ 121.347725211234007, 24.976267626497101, 0.0 ], [ 121.347735284140995, 24.9762967272186, 0.0 ], [ 121.347751347827995, 24.976324448688601, 0.0 ], [ 121.347766399625002, 24.9763476219089, 0.0 ], [ 121.347779928597006, 24.9763621523071, 0.0 ], [ 121.347799964399996, 24.976381218232799, 0.0 ], [ 121.347818988308006, 24.976395735908302, 0.0 ], [ 121.347839498214995, 24.976405699497001, 0.0 ], [ 121.347844243281997, 24.9764068344147, 0.0 ], [ 121.347863993017995, 24.976411558123999, 0.0 ], [ 121.347870293143004, 24.976412224077599, 0.0 ], [ 121.347893475659006, 24.9764146745791, 0.0 ], [ 121.347925858775994, 24.976416605937899, 0.0 ], [ 121.347997537667993, 24.976417011191899, 0.0 ], [ 121.348094985464996, 24.976413919542701, 0.0 ], [ 121.348165377805998, 24.976404018010399, 0.0 ], [ 121.348197141526001, 24.9764005602743, 0.0 ], [ 121.348248979218994, 24.976396649263702, 0.0 ], [ 121.348312042390006, 24.976393420307499, 0.0 ], [ 121.348339235048996, 24.976392930088998, 0.0 ], [ 121.348349468330994, 24.9763936110893, 0.0 ], [ 121.348355115407998, 24.9763939868884, 0.0 ], [ 121.348371028079995, 24.9763961385116, 0.0 ], [ 121.348392322847999, 24.976399017868999, 0.0 ], [ 121.348414492380996, 24.976402015503702, 0.0 ], [ 121.348428556748004, 24.9764061292672, 0.0 ], [ 121.348455025522, 24.9764150682172, 0.0 ], [ 121.348476369525002, 24.976422276441699, 0.0 ], [ 121.348486154170004, 24.976427275536, 0.0 ], [ 121.348510676141004, 24.9764404591077, 0.0 ], [ 121.348543335965005, 24.976458333298499, 0.0 ], [ 121.348551840243005, 24.976461710691201, 0.0 ], [ 121.348594271590002, 24.976473659721901, 0.0 ], [ 121.348652801742006, 24.976483402228101, 0.0 ], [ 121.348684933086005, 24.976488832530599, 0.0 ], [ 121.348716207642994, 24.9764941038049, 0.0 ], [ 121.348742891769007, 24.9764976465971, 0.0 ], [ 121.348785912953005, 24.9765012124058, 0.0 ], [ 121.348812504288006, 24.9765021362916, 0.0 ], [ 121.348843065522999, 24.9765019945613, 0.0 ], [ 121.348871027252997, 24.9765008156213, 0.0 ], [ 121.348905652715999, 24.976498226794899, 0.0 ], [ 121.348939384024007, 24.976494480593001, 0.0 ], [ 121.348961714474996, 24.976492206677399, 0.0 ], [ 121.348983920603004, 24.9764912233586, 0.0 ], [ 121.348999282254994, 24.976491516579099, 0.0 ], [ 121.349020123771993, 24.976493028112301, 0.0 ], [ 121.349032404086998, 24.9764948814531, 0.0 ], [ 121.349046745975002, 24.976497927395101, 0.0 ], [ 121.349066013344995, 24.976503986391599, 0.0 ], [ 121.349078022764999, 24.976509376360099, 0.0 ], [ 121.349083768138001, 24.976513152852501, 0.0 ], [ 121.349100107126006, 24.976529519301099, 0.0 ], [ 121.349110698996, 24.976541944267701, 0.0 ], [ 121.349119465583001, 24.976562637801699, 0.0 ], [ 121.349120992972999, 24.976575371212402, 0.0 ], [ 121.349124064343002, 24.9766009763397, 0.0 ], [ 121.349127282243003, 24.976627803025899, 0.0 ], [ 121.349129966034994, 24.976656915523201, 0.0 ], [ 121.349130315864997, 24.976689454205399, 0.0 ], [ 121.349130496070998, 24.9767062157086, 0.0 ], [ 121.349130742531997, 24.976729139729201, 0.0 ], [ 121.349129786853993, 24.976734774668699, 0.0 ], [ 121.349128400504995, 24.976742948964201, 0.0 ], [ 121.349125490668996, 24.9767552988699, 0.0 ], [ 121.349121700721994, 24.976767474692, 0.0 ], [ 121.349113618562995, 24.976784312936399, 0.0 ], [ 121.349106752772997, 24.9767947055572, 0.0 ], [ 121.349094057691005, 24.976806361408698, 0.0 ], [ 121.349084872150002, 24.976812646186801, 0.0 ], [ 121.349043394852004, 24.976828045483899, 0.0 ], [ 121.348996443090002, 24.976845435331398, 0.0 ], [ 121.348940432972995, 24.976866255189002, 0.0 ], [ 121.348795883329998, 24.976923494946501, 0.0 ], [ 121.348600030523002, 24.976996493002499, 0.0 ], [ 121.348529733568995, 24.9770215433837, 0.0 ], [ 121.348470623447, 24.977043468932902, 0.0 ], [ 121.348454977309999, 24.9770484112486, 0.0 ], [ 121.348422694088001, 24.977058608895401, 0.0 ], [ 121.348381529780994, 24.9770735848337, 0.0 ], [ 121.348337966331997, 24.977091088271301, 0.0 ], [ 121.348297401739998, 24.9771098186933, 0.0 ], [ 121.348273069933995, 24.977124541749198, 0.0 ], [ 121.348255096124007, 24.977137829398998, 0.0 ], [ 121.348238202313993, 24.9771512629708, 0.0 ], [ 121.348229932916993, 24.977159821715802, 0.0 ], [ 121.348224702061003, 24.977166245743099, 0.0 ], [ 121.348217054429995, 24.977179088598501, 0.0 ], [ 121.348212844917995, 24.977189055798299, 0.0 ], [ 121.348208316796004, 24.9772040471642, 0.0 ], [ 121.348206347122996, 24.977218699579101, 0.0 ], [ 121.348202690698002, 24.977246466864099, 0.0 ], [ 121.348201726192997, 24.977286664316399, 0.0 ], [ 121.348200938321, 24.977315827574301, 0.0 ], [ 121.348198966536998, 24.9773484762182, 0.0 ], [ 121.348193901974, 24.9774201270696, 0.0 ], [ 121.348194949866993, 24.977453174175398, 0.0 ], [ 121.348192921033998, 24.977500623305801, 0.0 ], [ 121.348189681747002, 24.977555677715699, 0.0 ], [ 121.348187893995998, 24.977618755294099, 0.0 ], [ 121.348182993828999, 24.977653547958099, 0.0 ], [ 121.348172763822006, 24.977716521092301, 0.0 ], [ 121.348165443922994, 24.977750975892999, 0.0 ], [ 121.348159926899996, 24.9777720253289, 0.0 ], [ 121.348153841631003, 24.977791234516399, 0.0 ], [ 121.348149701606005, 24.977801705548998, 0.0 ], [ 121.348146459377006, 24.9778070014588, 0.0 ], [ 121.348142388566004, 24.977811250199, 0.0 ], [ 121.348135691406995, 24.9778169829757, 0.0 ], [ 121.348126449123995, 24.977823424298698, 0.0 ], [ 121.348115856581003, 24.977829495336401, 0.0 ], [ 121.348103659843005, 24.977835387886, 0.0 ], [ 121.348084220212996, 24.977843294749, 0.0 ], [ 121.348057168300997, 24.977851733142099, 0.0 ], [ 121.348033276547, 24.9778577787059, 0.0 ], [ 121.348007484313996, 24.977863244552001, 0.0 ], [ 121.347977662698, 24.9778686109826, 0.0 ], [ 121.347923328357993, 24.977876641882201, 0.0 ], [ 121.347902822175001, 24.977879078954398, 0.0 ], [ 121.347866797207004, 24.977883042938299, 0.0 ], [ 121.347816603905002, 24.977887719784899, 0.0 ], [ 121.347783085445997, 24.9778903987999, 0.0 ], [ 121.347707297241996, 24.977896485199, 0.0 ], [ 121.347678626653007, 24.9778998251339, 0.0 ], [ 121.347655551808003, 24.977902871983702, 0.0 ], [ 121.347614120985995, 24.9779101542081, 0.0 ], [ 121.347585459761007, 24.977916502496502, 0.0 ], [ 121.347558263243002, 24.977923278628602, 0.0 ], [ 121.347533167224, 24.977931473840702, 0.0 ], [ 121.347500808182005, 24.977943666707301, 0.0 ], [ 121.347473887801002, 24.977955554717401, 0.0 ], [ 121.347451007111999, 24.977968751157501, 0.0 ], [ 121.347435487799004, 24.977978749901101, 0.0 ], [ 121.347415557546, 24.977994116369299, 0.0 ], [ 121.347408800870994, 24.977998617129199, 0.0 ], [ 121.347380011398002, 24.978026019240499, 0.0 ], [ 121.347359644145996, 24.978045907236801, 0.0 ], [ 121.347334764389998, 24.978073083802499, 0.0 ], [ 121.347325964308993, 24.978084358585399, 0.0 ], [ 121.347309719961999, 24.97810403555, 0.0 ], [ 121.347302697548997, 24.978114104861099, 0.0 ], [ 121.347289309908007, 24.9781333011532, 0.0 ], [ 121.347279417020999, 24.978147724580399, 0.0 ], [ 121.347267800023999, 24.978165853662102, 0.0 ], [ 121.347257753975001, 24.978181531171401, 0.0 ], [ 121.347244792896007, 24.978203152698899, 0.0 ], [ 121.347235883503998, 24.978218015242099, 0.0 ], [ 121.347227265529995, 24.9782351304722, 0.0 ], [ 121.347218922188006, 24.978253803889402, 0.0 ], [ 121.347199644121005, 24.978337877997099, 0.0 ], [ 121.347193629491002, 24.9783641085412, 0.0 ], [ 121.347186996261001, 24.978406447337498, 0.0 ], [ 121.347183012095996, 24.978441157050302, 0.0 ], [ 121.347173699025006, 24.9785222916775, 0.0 ], [ 121.347173959762003, 24.978539301751699, 0.0 ], [ 121.347176672488999, 24.9785582797419, 0.0 ], [ 121.347183057766003, 24.978588869196699, 0.0 ], [ 121.347190024872006, 24.978622259860899, 0.0 ], [ 121.347197611233, 24.978643216353699, 0.0 ], [ 121.347206687769997, 24.978663712929201, 0.0 ], [ 121.347216327317994, 24.978685963022599, 0.0 ], [ 121.347225450024993, 24.978704374601001, 0.0 ], [ 121.347250079326997, 24.9787527555549, 0.0 ], [ 121.347268147438996, 24.978783777744301, 0.0 ], [ 121.347283093334994, 24.978806899994101, 0.0 ], [ 121.347309862638994, 24.978845244433501, 0.0 ], [ 121.347333508142, 24.978875124031202, 0.0 ], [ 121.347353406606004, 24.9788954106746, 0.0 ], [ 121.347374460813995, 24.9789115607695, 0.0 ], [ 121.347415273793999, 24.978936662397501, 0.0 ], [ 121.347458650646004, 24.9789616081624, 0.0 ], [ 121.347513021682005, 24.97899338197, 0.0 ], [ 121.347613859625994, 24.979048175502601, 0.0 ], [ 121.347655071058995, 24.979070409912001, 0.0 ], [ 121.347682999629995, 24.979087411800698, 0.0 ], [ 121.347708375037001, 24.9791032807384, 0.0 ], [ 121.347731374118993, 24.979123440447101, 0.0 ], [ 121.347756269005004, 24.979149077341098, 0.0 ], [ 121.347783588759, 24.979178725049099, 0.0 ], [ 121.347814661311006, 24.9792221028098, 0.0 ], [ 121.347834704055998, 24.979247713669601, 0.0 ], [ 121.347854121443007, 24.979270678000599, 0.0 ], [ 121.347884590556006, 24.979310458380098, 0.0 ], [ 121.347913933309997, 24.9793485725259, 0.0 ], [ 121.348018387115999, 24.979476287888001, 0.0 ], [ 121.348043839894004, 24.979505263347399, 0.0 ], [ 121.348115369393994, 24.979581601680799, 0.0 ], [ 121.348169937560002, 24.979631126627499, 0.0 ], [ 121.348183988990002, 24.979643299765801, 0.0 ], [ 121.348199241128995, 24.979656513106502, 0.0 ], [ 121.348218500808002, 24.979672795689801, 0.0 ], [ 121.348226984592998, 24.979678575931501, 0.0 ], [ 121.348234895629005, 24.979683533058001, 0.0 ], [ 121.348244530719001, 24.9796898599079, 0.0 ], [ 121.348250017379996, 24.979693343919301, 0.0 ], [ 121.348260138333004, 24.9796987826949, 0.0 ], [ 121.348266587683, 24.979701802302401, 0.0 ], [ 121.348270701382006, 24.979703512418901, 0.0 ], [ 121.348278346303999, 24.9797061333046, 0.0 ], [ 121.348301172741003, 24.979711783661699, 0.0 ], [ 121.348317280507999, 24.9797139867817, 0.0 ], [ 121.348337638285003, 24.979716587374298, 0.0 ], [ 121.348359928039002, 24.979719128951899, 0.0 ], [ 121.348376903326994, 24.979719988133301, 0.0 ], [ 121.348396643672999, 24.979721559874601, 0.0 ], [ 121.348418156551006, 24.979721869034599, 0.0 ], [ 121.348488991245006, 24.979725846512501, 0.0 ], [ 121.348523413730007, 24.979728229373499, 0.0 ], [ 121.348586111033995, 24.9797333971439, 0.0 ], [ 121.348620619029006, 24.9797385124401, 0.0 ], [ 121.348662972431001, 24.979745465248801, 0.0 ], [ 121.348709865502997, 24.979753562126799, 0.0 ], [ 121.348743261604, 24.979764205937101, 0.0 ], [ 121.348766656448007, 24.979771843517899, 0.0 ], [ 121.348778423859997, 24.979778431680302, 0.0 ], [ 121.34881603222, 24.9798045404678, 0.0 ], [ 121.348828208643994, 24.979814105560202, 0.0 ], [ 121.348845691929, 24.9798333280179, 0.0 ], [ 121.348868548598006, 24.979862487227798, 0.0 ], [ 121.348880189452004, 24.979888229668099, 0.0 ], [ 121.348891657173994, 24.9799476179249, 0.0 ], [ 121.348901488321999, 24.980129664691599, 0.0 ], [ 121.348909090974004, 24.9802440266416, 0.0 ], [ 121.348914838045999, 24.9803568405137, 0.0 ], [ 121.348911078260997, 24.980377719729901, 0.0 ], [ 121.348907300247006, 24.9803921390127, 0.0 ], [ 121.348902308101998, 24.980404295596799, 0.0 ], [ 121.348894957358993, 24.980416874036599, 0.0 ], [ 121.348882587657997, 24.980427824085101, 0.0 ], [ 121.348870312279004, 24.980436401394101, 0.0 ], [ 121.348853656003001, 24.980446880189501, 0.0 ], [ 121.348816953338002, 24.980469372550299, 0.0 ], [ 121.348769544928004, 24.9804998334766, 0.0 ], [ 121.348716596068996, 24.980534528500101, 0.0 ], [ 121.348690267422995, 24.980552732081001, 0.0 ], [ 121.348641580648007, 24.980588301342699, 0.0 ], [ 121.348605320732005, 24.9806179291718, 0.0 ], [ 121.348577762933999, 24.980643796866602, 0.0 ], [ 121.348564005352003, 24.980659864047901, 0.0 ], [ 121.348556556402002, 24.9806685635122, 0.0 ], [ 121.348543892674996, 24.980687471682099, 0.0 ], [ 121.348536429686007, 24.980703722859399, 0.0 ], [ 121.348530943520004, 24.980716816690201, 0.0 ], [ 121.348527392462003, 24.9807343422607, 0.0 ], [ 121.348525119632995, 24.980750460522199, 0.0 ], [ 121.348525306878003, 24.9807787821691, 0.0 ], [ 121.348527668946005, 24.980797523833001, 0.0 ], [ 121.348535081966006, 24.980828387363001, 0.0 ], [ 121.348546560947, 24.980859119119501, 0.0 ], [ 121.348557997851998, 24.9808839974779, 0.0 ], [ 121.348574309125993, 24.980913985188899, 0.0 ], [ 121.348587334561003, 24.9809330731381, 0.0 ], [ 121.348596997791006, 24.980947233984001, 0.0 ], [ 121.348618388627997, 24.9809723383961, 0.0 ], [ 121.348629349202, 24.980983937823101, 0.0 ], [ 121.348642247, 24.980997587383399, 0.0 ], [ 121.348658980891997, 24.981014381207999, 0.0 ], [ 121.348669846480007, 24.981025017823502, 0.0 ], [ 121.348706090348003, 24.981057800546001, 0.0 ], [ 121.348727823385005, 24.981075869936799, 0.0 ], [ 121.348755530747994, 24.9810989065199, 0.0 ], [ 121.348811761280004, 24.981142634866099, 0.0 ], [ 121.348850852045999, 24.9811714233023, 0.0 ], [ 121.348900192000997, 24.981206934571201, 0.0 ], [ 121.348952785948995, 24.9812439078745, 0.0 ], [ 121.349001123820997, 24.981277189464802, 0.0 ], [ 121.349062538538007, 24.9813193307352, 0.0 ], [ 121.349117334037004, 24.981356720357301, 0.0 ], [ 121.349155843936003, 24.981382834392999, 0.0 ], [ 121.349155843936003, 24.981382834392999, 0.0 ], [ 121.349178889052993, 24.9813982099054, 0.0 ], [ 121.349178889052993, 24.9813982099054, 0.0 ], [ 121.349195925863995, 24.981409818616299, 0.0 ], [ 121.349226477616995, 24.9814302172292, 0.0 ], [ 121.349266823820997, 24.981456624334101, 0.0 ], [ 121.349284577725996, 24.981467839428198, 0.0 ], [ 121.349301781056994, 24.9814785244122, 0.0 ], [ 121.349318427756998, 24.981488204842101, 0.0 ], [ 121.349329191598002, 24.981494041600001, 0.0 ], [ 121.349343156277001, 24.9815004027135, 0.0 ], [ 121.349359337666996, 24.981507084210399, 0.0 ], [ 121.349375662808995, 24.981513044154401, 0.0 ], [ 121.349391821813995, 24.9815179551303, 0.0 ], [ 121.349416622384993, 24.981525110872401, 0.0 ], [ 121.349419861301996, 24.981526161413701, 0.0 ], [ 121.349432537422004, 24.981530272907701, 0.0 ], [ 121.34946402445, 24.981550468768798, 0.0 ], [ 121.349469072028995, 24.981553706297898, 0.0 ], [ 121.349484788658998, 24.981560814872399, 0.0 ], [ 121.349503321479006, 24.9815713472575, 0.0 ], [ 121.349526306059005, 24.9815844096169, 0.0 ], [ 121.349572811409999, 24.9816089713228, 0.0 ], [ 121.349607324261001, 24.981626729201299, 0.0 ], [ 121.349620783660001, 24.9816336898358, 0.0 ], [ 121.349631792183004, 24.9816406674456, 0.0 ], [ 121.349674600301995, 24.981667816315401, 0.0 ], [ 121.349698675623003, 24.9816834270996, 0.0 ], [ 121.349726632626002, 24.981701554811, 0.0 ], [ 121.349739312771007, 24.981709776771801, 0.0 ], [ 121.349748030843003, 24.9817155550171, 0.0 ], [ 121.349771860377999, 24.981738586058, 0.0 ], [ 121.349778912364002, 24.981744973703002, 0.0 ], [ 121.349789022954994, 24.981754131810501, 0.0 ], [ 121.349802643131, 24.9817660047521, 0.0 ], [ 121.349816886187995, 24.9817776153922, 0.0 ], [ 121.349830539582001, 24.981788745347998, 0.0 ], [ 121.349845210645, 24.981801132540198, 0.0 ], [ 121.349858778181996, 24.981812644202801, 0.0 ], [ 121.349870081255006, 24.981822370339501, 0.0 ], [ 121.349889883672006, 24.981839410037701, 0.0 ], [ 121.349899088350995, 24.9818454298427, 0.0 ], [ 121.349913482283, 24.981854843385801, 0.0 ], [ 121.349953101603006, 24.9818819572385, 0.0 ], [ 121.349979327173003, 24.981898769202601, 0.0 ], [ 121.349989203998007, 24.981906075340699, 0.0 ], [ 121.349999094509002, 24.9819131179935, 0.0 ], [ 121.350009627828001, 24.9819190012403, 0.0 ], [ 121.350046968371004, 24.9819306203789, 0.0 ], [ 121.350068563665999, 24.981936633479499, 0.0 ], [ 121.350088797797994, 24.981944842305001, 0.0 ], [ 121.350107753744993, 24.981957638465602, 0.0 ], [ 121.350134509013998, 24.9819737953801, 0.0 ], [ 121.350153091056995, 24.981985578760199, 0.0 ], [ 121.350166685033003, 24.981996616368701, 0.0 ], [ 121.350187539632998, 24.982012168206001, 0.0 ], [ 121.350201408407003, 24.982025895780001, 0.0 ], [ 121.350218221746999, 24.982042988807201, 0.0 ], [ 121.350234850318998, 24.982053269007199, 0.0 ], [ 121.350252090020007, 24.982066845187301, 0.0 ], [ 121.350265363882002, 24.982076371612202, 0.0 ], [ 121.350277585195002, 24.982084155708598, 0.0 ], [ 121.350291728637004, 24.9820919246458, 0.0 ], [ 121.350316037251005, 24.982103350472102, 0.0 ], [ 121.350330282011996, 24.982109748679299, 0.0 ], [ 121.350357729517, 24.982123372584599, 0.0 ], [ 121.350388483928995, 24.982138788139999, 0.0 ], [ 121.350395325346994, 24.982142089552799, 0.0 ], [ 121.350403132609998, 24.982147026477801, 0.0 ], [ 121.350418234011997, 24.982156793824199, 0.0 ], [ 121.350427261741004, 24.982164174459399, 0.0 ], [ 121.350442549426006, 24.982177507705899, 0.0 ], [ 121.350456621524998, 24.982192772917401, 0.0 ], [ 121.350468190556995, 24.982202445667699, 0.0 ], [ 121.350497936183999, 24.9822469494944, 0.0 ], [ 121.350515150589999, 24.982273005984599, 0.0 ], [ 121.350544808481999, 24.9823199101074, 0.0 ], [ 121.350571314717001, 24.982364132651799, 0.0 ], [ 121.350593122511, 24.982404537507598, 0.0 ], [ 121.350607767252001, 24.982439816203399, 0.0 ], [ 121.350621173665999, 24.9824664865464, 0.0 ], [ 121.350638156257006, 24.982498998320999, 0.0 ], [ 121.350660482603004, 24.982543460530401, 0.0 ], [ 121.350680426492005, 24.982591815954201, 0.0 ], [ 121.350698716243997, 24.9826466926656, 0.0 ], [ 121.350711628762994, 24.9826892303596, 0.0 ], [ 121.350714189466004, 24.982713188301801, 0.0 ], [ 121.350715022863994, 24.982727794199999, 0.0 ], [ 121.350715459894005, 24.9827422207517, 0.0 ], [ 121.350715288442998, 24.982751599062301, 0.0 ], [ 121.350714514917001, 24.982763538624098, 0.0 ], [ 121.350711728326999, 24.9827798007646, 0.0 ], [ 121.350706118548999, 24.982799423931802, 0.0 ], [ 121.350701639676998, 24.9828141554251, 0.0 ], [ 121.350694029107999, 24.9828318159772, 0.0 ], [ 121.350688708945, 24.982841703209399, 0.0 ], [ 121.350684391002005, 24.982848698019001, 0.0 ], [ 121.350679542559007, 24.9828552427342, 0.0 ], [ 121.350674438172007, 24.982861904773799, 0.0 ], [ 121.350670868595998, 24.9828673881584, 0.0 ], [ 121.350666781632, 24.9828723071615, 0.0 ], [ 121.350664096759004, 24.9828758353874, 0.0 ], [ 121.350658610807997, 24.982882537982899, 0.0 ], [ 121.350646930978996, 24.9828983800206, 0.0 ], [ 121.350639524095001, 24.982910309808201, 0.0 ], [ 121.350631444770997, 24.982923678814402, 0.0 ], [ 121.350626062520007, 24.9829339607282, 0.0 ], [ 121.350622254395006, 24.9829428011913, 0.0 ], [ 121.350618897944003, 24.982951845951298, 0.0 ], [ 121.350612940515006, 24.982969766814701, 0.0 ], [ 121.350610604669001, 24.982978753047501, 0.0 ], [ 121.350608484084006, 24.982994823547699, 0.0 ], [ 121.35060883989, 24.983011170093899, 0.0 ], [ 121.350609800208005, 24.9830224419674, 0.0 ], [ 121.350611525776998, 24.983044715066899, 0.0 ], [ 121.350613790997997, 24.983059780545101, 0.0 ], [ 121.350617087445002, 24.983069934903501, 0.0 ], [ 121.350620798752999, 24.983081886823399, 0.0 ], [ 121.350633439882998, 24.983102650222101, 0.0 ], [ 121.350644093252996, 24.983115382887199, 0.0 ], [ 121.350653841535006, 24.983127500294401, 0.0 ], [ 121.350665342962003, 24.983138276149599, 0.0 ], [ 121.350675502849995, 24.983146682092599, 0.0 ], [ 121.350685218783994, 24.983153884845901, 0.0 ], [ 121.350695811243995, 24.983159479847, 0.0 ], [ 121.350709048040997, 24.983165068616, 0.0 ], [ 121.350736483855997, 24.983171035791202, 0.0 ], [ 121.350760491082994, 24.983174232966899, 0.0 ], [ 121.350787418276994, 24.9831776106634, 0.0 ], [ 121.350811386890996, 24.983178239984301, 0.0 ], [ 121.350840662568999, 24.9831781709734, 0.0 ], [ 121.350859829320001, 24.983177490878099, 0.0 ], [ 121.350888056871995, 24.9831764720218, 0.0 ], [ 121.350910918462006, 24.9831738936299, 0.0 ], [ 121.350933044371999, 24.9831710844452, 0.0 ], [ 121.350968318604998, 24.983163394588299, 0.0 ], [ 121.351017413438001, 24.983149712141302, 0.0 ], [ 121.351066689362, 24.983133758280701, 0.0 ], [ 121.351097714922005, 24.983121992215601, 0.0 ], [ 121.351155858685004, 24.983099559976001, 0.0 ], [ 121.351254085392, 24.983061554308001, 0.0 ], [ 121.351310452171006, 24.983040231862699, 0.0 ], [ 121.351356818216999, 24.983024315595699, 0.0 ], [ 121.351400178936004, 24.983010285964099, 0.0 ], [ 121.351435637110995, 24.982998803889, 0.0 ], [ 121.351525169416007, 24.982970970463999, 0.0 ], [ 121.351614464419995, 24.982945536941699, 0.0 ], [ 121.351668633749, 24.982930845116201, 0.0 ], [ 121.351771029391998, 24.982904496244, 0.0 ], [ 121.351897844343, 24.982873570499599, 0.0 ], [ 121.351997782599, 24.982850660386202, 0.0 ], [ 121.352087718028997, 24.982831227079998, 0.0 ], [ 121.352169773689994, 24.982814256335001, 0.0 ], [ 121.352220158353006, 24.9828040472411, 0.0 ], [ 121.352298951888997, 24.982789533628502, 0.0 ], [ 121.352359884110001, 24.982778310003798, 0.0 ], [ 121.352425187224, 24.982767769986499, 0.0 ], [ 121.352425282747006, 24.982767757120101, 0.0 ], [ 121.352436432524996, 24.982767392042501, 0.0 ], [ 121.352453530684002, 24.982767577374101, 0.0 ], [ 121.352469143437006, 24.9827682175133, 0.0 ], [ 121.352477693482001, 24.9827686486733, 0.0 ], [ 121.352484977754003, 24.982769328284501, 0.0 ], [ 121.352494340207002, 24.9827703395318, 0.0 ], [ 121.352504555462005, 24.982772123677901, 0.0 ], [ 121.352516760669005, 24.982775453300999, 0.0 ], [ 121.352521020146995, 24.982777251670299, 0.0 ], [ 121.352524998305, 24.9827798257426, 0.0 ], [ 121.352530401017006, 24.982784721433401, 0.0 ], [ 121.352536373274006, 24.9827903909291, 0.0 ], [ 121.352542253828005, 24.982797587322199, 0.0 ], [ 121.352547845716998, 24.9828051846718, 0.0 ], [ 121.352552214819994, 24.982811357923801, 0.0 ], [ 121.352556765711995, 24.982820226152, 0.0 ], [ 121.352559915287998, 24.982825926549602, 0.0 ], [ 121.352561914215002, 24.982830905889902, 0.0 ], [ 121.352566390339007, 24.982842358965701, 0.0 ], [ 121.352568470834996, 24.982853549574699, 0.0 ], [ 121.352567482601998, 24.9828661469396, 0.0 ], [ 121.352565976836999, 24.982876879588002, 0.0 ], [ 121.352562421170006, 24.9828871505187, 0.0 ], [ 121.352558345584001, 24.982894623943501, 0.0 ], [ 121.352553761775994, 24.982903497940701, 0.0 ], [ 121.352548145838, 24.982909575527799, 0.0 ], [ 121.35253862783, 24.982917561803401, 0.0 ], [ 121.352534236834003, 24.982921034419601, 0.0 ], [ 121.352529244444, 24.9829241439237, 0.0 ], [ 121.352524252327996, 24.982927253544499, 0.0 ], [ 121.352518262401006, 24.982931276576, 0.0 ], [ 121.352514069080001, 24.982934019767999, 0.0 ], [ 121.352509754278998, 24.982935982097899, 0.0 ], [ 121.352501727773998, 24.982940101409898, 0.0 ], [ 121.352494984051006, 24.9829430462527, 0.0 ], [ 121.352484296228994, 24.982947133661799, 0.0 ], [ 121.352450929609006, 24.982961021945101, 0.0 ], [ 121.352427838576006, 24.982971940055901, 0.0 ], [ 121.352394006942006, 24.982990577237999, 0.0 ], [ 121.352359170903, 24.9830157761407, 0.0 ], [ 121.352334328080005, 24.983034932741599, 0.0 ], [ 121.352290879197994, 24.983070521419201, 0.0 ], [ 121.352265063686005, 24.983092808318599, 0.0 ], [ 121.352221536754001, 24.983127260526398, 0.0 ], [ 121.352172563297003, 24.983162617730901, 0.0 ], [ 121.352143518882997, 24.983187101349699, 0.0 ], [ 121.352124873644001, 24.9832077063345, 0.0 ], [ 121.352110476855003, 24.983223361508198, 0.0 ], [ 121.352097699417996, 24.983237203920801, 0.0 ], [ 121.352091262174994, 24.9832457241002, 0.0 ], [ 121.352084737306001, 24.9832573011386, 0.0 ], [ 121.352075386558994, 24.983279886310601, 0.0 ], [ 121.352072552642994, 24.983290356641302, 0.0 ], [ 121.352070773977005, 24.983298460067701, 0.0 ], [ 121.352069305032003, 24.983307040414001, 0.0 ], [ 121.352068118811999, 24.983317581836602, 0.0 ], [ 121.352067682015999, 24.9833267221534, 0.0 ], [ 121.352067842970001, 24.9833358856975, 0.0 ], [ 121.352068908502005, 24.983346881923399, 0.0 ], [ 121.352071936757, 24.983361219411002, 0.0 ], [ 121.352077055375005, 24.983375207973801, 0.0 ], [ 121.352082787070998, 24.983387030078401, 0.0 ], [ 121.352084669966004, 24.9833906127906, 0.0 ], [ 121.352091420175, 24.983401404865599, 0.0 ], [ 121.352097652615996, 24.983408917804599, 0.0 ], [ 121.352111754169002, 24.983425041613302, 0.0 ], [ 121.352127909895998, 24.983439349938099, 0.0 ], [ 121.352144908406004, 24.983452103077202, 0.0 ], [ 121.352170401842997, 24.983464945481, 0.0 ], [ 121.352208448281999, 24.983478591510998, 0.0 ], [ 121.352232121108003, 24.983486518450299, 0.0 ], [ 121.352264795644004, 24.983493605944499, 0.0 ], [ 121.352305235084003, 24.983502377727099, 0.0 ], [ 121.352340030972996, 24.983507175283801, 0.0 ], [ 121.352372636235998, 24.983511140370499, 0.0 ], [ 121.352411221715997, 24.983513644852501, 0.0 ], [ 121.352452587211005, 24.983516329766601, 0.0 ], [ 121.352503461626995, 24.983519631861299, 0.0 ], [ 121.352530917793999, 24.9835214139455, 0.0 ], [ 121.352572883085998, 24.983525191174799, 0.0 ], [ 121.352607157736003, 24.983529511212701, 0.0 ], [ 121.352625559271999, 24.983531972836101, 0.0 ], [ 121.352629069450003, 24.983532569542, 0.0 ], [ 121.352631641331996, 24.983533235979198, 0.0 ], [ 121.352643168680004, 24.983537713479901, 0.0 ], [ 121.352649211537994, 24.9835407730973, 0.0 ], [ 121.352653611269005, 24.9835447543622, 0.0 ], [ 121.352655598360002, 24.983547929017998, 0.0 ], [ 121.352657879202994, 24.9835543738279, 0.0 ], [ 121.352660345152998, 24.983562159025499, 0.0 ], [ 121.352661587471005, 24.983569279413199, 0.0 ], [ 121.352661856314, 24.983574557090101, 0.0 ], [ 121.352661600101001, 24.983579351569102, 0.0 ], [ 121.352660809371002, 24.983585991039199, 0.0 ], [ 121.352658854595006, 24.983592669121801, 0.0 ], [ 121.352654661912993, 24.983604444615001, 0.0 ], [ 121.352650710722997, 24.983614683686401, 0.0 ], [ 121.352644452129994, 24.983629191808799, 0.0 ], [ 121.352637163392004, 24.9836483000451, 0.0 ], [ 121.352625809721999, 24.983673363113098, 0.0 ], [ 121.352614192401006, 24.983698318537201, 0.0 ], [ 121.352595594340002, 24.983735560836099, 0.0 ], [ 121.352579475580995, 24.983765178905699, 0.0 ], [ 121.352563251592002, 24.983797708224401, 0.0 ], [ 121.352556420061006, 24.983808729623501, 0.0 ], [ 121.352552088446004, 24.983817150907999, 0.0 ], [ 121.352545495735001, 24.9838268470195, 0.0 ], [ 121.352538550196996, 24.983835115797099, 0.0 ], [ 121.352517440938996, 24.983858480144999, 0.0 ], [ 121.352496657859007, 24.983882350965001, 0.0 ], [ 121.352483618486005, 24.983895258414002, 0.0 ], [ 121.352459218761993, 24.983924084645398, 0.0 ], [ 121.352449323846997, 24.983937412317101, 0.0 ], [ 121.352447906416998, 24.983939781395001, 0.0 ], [ 121.352446655578007, 24.983941768406002, 0.0 ], [ 121.352444738429, 24.983945206918399, 0.0 ], [ 121.352439828282996, 24.983955955667302, 0.0 ], [ 121.352436365718006, 24.983965496451201, 0.0 ], [ 121.352432575582995, 24.983975830097201, 0.0 ], [ 121.352430029551002, 24.983983755076402, 0.0 ], [ 121.352425210264002, 24.9839976465672, 0.0 ], [ 121.352420597497996, 24.984012641268599, 0.0 ], [ 121.352418146627002, 24.984023955683401, 0.0 ], [ 121.352416623904006, 24.9840341370153, 0.0 ], [ 121.352416964179, 24.984044596566999, 0.0 ], [ 121.352417516358997, 24.9840536799442, 0.0 ], [ 121.352420042446994, 24.984063995638699, 0.0 ], [ 121.352422368804, 24.984071512677001, 0.0 ], [ 121.352427012486004, 24.984083572797498, 0.0 ], [ 121.352433565774007, 24.984091779578101, 0.0 ], [ 121.352438941786005, 24.984098512036301, 0.0 ], [ 121.352448397052996, 24.984109072037601, 0.0 ], [ 121.352460078242999, 24.9841182680982, 0.0 ], [ 121.352471708150006, 24.984126945962, 0.0 ], [ 121.352478938285003, 24.984130601130602, 0.0 ], [ 121.352491914374994, 24.984138801917702, 0.0 ], [ 121.352506392634993, 24.984145627185502, 0.0 ], [ 121.352522455821997, 24.984154675737599, 0.0 ], [ 121.352530753809006, 24.9841600716701, 0.0 ], [ 121.352551632738994, 24.984170989253101, 0.0 ], [ 121.352567836380999, 24.9841794621269, 0.0 ], [ 121.352583776019998, 24.984189471592799, 0.0 ], [ 121.352623925752994, 24.984214792603002, 0.0 ], [ 121.352651547117006, 24.984231374963599, 0.0 ], [ 121.352675044191997, 24.984244943845098, 0.0 ], [ 121.352696203715993, 24.984255783605899, 0.0 ], [ 121.352709883925002, 24.984262066320099, 0.0 ], [ 121.352731417773995, 24.984271748374798, 0.0 ], [ 121.352745356396994, 24.984276571177102, 0.0 ], [ 121.352754175051999, 24.984279157788901, 0.0 ], [ 121.352762368933, 24.984281909471999, 0.0 ], [ 121.352771898775003, 24.984284897625699, 0.0 ], [ 121.352780393632003, 24.984288292538999, 0.0 ], [ 121.352792696411996, 24.984294576188699, 0.0 ], [ 121.352798805625994, 24.9842991532615, 0.0 ], [ 121.352804078812994, 24.984303654469802, 0.0 ], [ 121.352807070492005, 24.9843064576215, 0.0 ], [ 121.352810481914005, 24.984309895462602, 0.0 ], [ 121.352811392763996, 24.984310859748099, 0.0 ], [ 121.352812784411, 24.984312372889299, 0.0 ], [ 121.352814257134, 24.984314028715598, 0.0 ], [ 121.352817143200994, 24.984317446795998, 0.0 ], [ 121.352819200357004, 24.984320034208501, 0.0 ], [ 121.352823053164997, 24.984325260081501, 0.0 ], [ 121.352826650778994, 24.9843306569358, 0.0 ], [ 121.352830341121006, 24.9843368260014, 0.0 ], [ 121.352834144392006, 24.984344039877499, 0.0 ], [ 121.352837569046997, 24.984351541197199, 0.0 ], [ 121.352839355472, 24.984355970055699, 0.0 ], [ 121.352841321591001, 24.984361405365799, 0.0 ], [ 121.352843213751996, 24.9843674054129, 0.0 ], [ 121.352844571206006, 24.9843723915249, 0.0 ], [ 121.352845808002996, 24.984377704031498, 0.0 ], [ 121.352846512089002, 24.984381234427801, 0.0 ], [ 121.352847695191997, 24.984388707661399, 0.0 ], [ 121.352848263995, 24.984393812945999, 0.0 ], [ 121.352848751327002, 24.9844015039832, 0.0 ], [ 121.352848749551995, 24.984410386107701, 0.0 ], [ 121.352848515171004, 24.984414813568598, 0.0 ], [ 121.352848123523003, 24.9844192030064, 0.0 ], [ 121.352847238932995, 24.9844257073559, 0.0 ], [ 121.352845695823007, 24.984433388342602, 0.0 ], [ 121.352844144174, 24.984439180232901, 0.0 ], [ 121.352842838667996, 24.9844432421188, 0.0 ], [ 121.352841563598005, 24.984446728465201, 0.0 ], [ 121.352840207838, 24.984450045740999, 0.0 ], [ 121.352839077089001, 24.984452568533001, 0.0 ], [ 121.352837449451002, 24.984455884818001, 0.0 ], [ 121.352835632909006, 24.984459226572699, 0.0 ], [ 121.352833481158996, 24.984462787437099, 0.0 ], [ 121.352831898009995, 24.984465177557599, 0.0 ], [ 121.352829718934998, 24.984468197628001, 0.0 ], [ 121.352827447254001, 24.9844710590585, 0.0 ], [ 121.352824561901002, 24.984474332630199, 0.0 ], [ 121.352822295663998, 24.9844769719545, 0.0 ], [ 121.352818258829004, 24.984481901227799, 0.0 ], [ 121.352800260126998, 24.984504553770901, 0.0 ], [ 121.352787270356998, 24.9845203346297, 0.0 ], [ 121.352777992149001, 24.984531745183201, 0.0 ], [ 121.352749406079994, 24.984571121216199, 0.0 ], [ 121.352694949932996, 24.984649292051699, 0.0 ], [ 121.352676749916995, 24.9846744284776, 0.0 ], [ 121.352664332553005, 24.984690740843501, 0.0 ], [ 121.352658601062998, 24.984698650088799, 0.0 ], [ 121.352656741293004, 24.984701581366998, 0.0 ], [ 121.352654956991003, 24.984704784722499, 0.0 ], [ 121.352651067701998, 24.984711506768999, 0.0 ], [ 121.352646998614006, 24.984719850317699, 0.0 ], [ 121.352643410815006, 24.984728192725701, 0.0 ], [ 121.352640552728005, 24.9847391650964, 0.0 ], [ 121.352636988971, 24.984755841236002, 0.0 ], [ 121.352634870604007, 24.984772952663899, 0.0 ], [ 121.352633552404995, 24.984791875120699, 0.0 ], [ 121.352631176173006, 24.984808663414601, 0.0 ], [ 121.352630286882999, 24.984836931022699, 0.0 ], [ 121.352629401643995, 24.984866523695, 0.0 ], [ 121.352629121964, 24.984879120436101, 0.0 ], [ 121.352628947541007, 24.984891768063999, 0.0 ], [ 121.352628963391993, 24.984897325178601, 0.0 ], [ 121.352628981430001, 24.984903648860701, 0.0 ], [ 121.352628581478996, 24.984910931602101, 0.0 ], [ 121.352628605945, 24.984925032202099, 0.0 ], [ 121.352628179804995, 24.984931513048899, 0.0 ], [ 121.352627538997993, 24.984940626919101, 0.0 ], [ 121.352626686717997, 24.984953588730399, 0.0 ], [ 121.352624625556004, 24.9849695222441, 0.0 ], [ 121.352621545239998, 24.984988287590902, 0.0 ], [ 121.352618308440995, 24.985008088022699, 0.0 ], [ 121.352615052513997, 24.985024134750699, 0.0 ], [ 121.352608181514, 24.985042186435599, 0.0 ], [ 121.352604848867003, 24.985050647888201, 0.0 ], [ 121.352597463324003, 24.9850691900279, 0.0 ], [ 121.352593788177998, 24.985078730515099, 0.0 ], [ 121.352582363137998, 24.985100337700299, 0.0 ], [ 121.352568495956007, 24.9851265634858, 0.0 ], [ 121.352558402735994, 24.985145651900901, 0.0 ], [ 121.352549677938001, 24.985160867215299, 0.0 ], [ 121.352543454406003, 24.985171162685301, 0.0 ], [ 121.352531379709006, 24.9851911376206, 0.0 ], [ 121.352525155554005, 24.9852014341153, 0.0 ], [ 121.352514531615, 24.985213953493499, 0.0 ], [ 121.352493596312002, 24.9852386238957, 0.0 ], [ 121.352474420020002, 24.985261221449701, 0.0 ], [ 121.352443951206993, 24.9852940775361, 0.0 ], [ 121.352422182447, 24.985316061591501, 0.0 ], [ 121.352399573932999, 24.9853388936952, 0.0 ], [ 121.352387981801002, 24.9853480307689, 0.0 ], [ 121.352364551223005, 24.9853664990578, 0.0 ], [ 121.352338503330003, 24.985387030337598, 0.0 ], [ 121.352325152494004, 24.985399111714599, 0.0 ], [ 121.352316738176995, 24.985409856128602, 0.0 ], [ 121.352312561263005, 24.9854166919344, 0.0 ], [ 121.352305451945995, 24.985427649625699, 0.0 ], [ 121.352300345418996, 24.985437002675301, 0.0 ], [ 121.352296779143003, 24.985443441803501, 0.0 ], [ 121.352293767787998, 24.985448963451098, 0.0 ], [ 121.352290400406005, 24.985457022655101, 0.0 ], [ 121.352287944127994, 24.9854647599225, 0.0 ], [ 121.352285566443001, 24.985473243225901, 0.0 ], [ 121.352283796299005, 24.985484186211199, 0.0 ], [ 121.352283227721998, 24.985495400018799, 0.0 ], [ 121.352284466965003, 24.985508797117799, 0.0 ], [ 121.352286896593, 24.985518636434499, 0.0 ], [ 121.352291943276995, 24.985531267351998, 0.0 ], [ 121.352298547027999, 24.985544440388399, 0.0 ], [ 121.352306241888996, 24.985560202682102, 0.0 ], [ 121.352314196462004, 24.985574266874199, 0.0 ], [ 121.352318451751998, 24.9855819688424, 0.0 ], [ 121.352323014435996, 24.985590086380199, 0.0 ], [ 121.352327829768001, 24.9855971715102, 0.0 ], [ 121.352332371613002, 24.985603327976499, 0.0 ], [ 121.352336505755005, 24.985609596419401, 0.0 ], [ 121.352339857686999, 24.985614094959601, 0.0 ], [ 121.352345095312998, 24.9856213212523, 0.0 ], [ 121.352348261388997, 24.985625347589099, 0.0 ], [ 121.352351063011, 24.985629208900502, 0.0 ], [ 121.352354106573003, 24.985632793471002, 0.0 ], [ 121.352359296586997, 24.985638131525199, 0.0 ], [ 121.352367064964, 24.985644719297799, 0.0 ], [ 121.352389503732994, 24.985661722742101, 0.0 ], [ 121.352444626429005, 24.985703311139201, 0.0 ], [ 121.352485045348999, 24.985730993532002, 0.0 ], [ 121.352526566953003, 24.9857528704994, 0.0 ], [ 121.352604083258996, 24.9857885441888, 0.0 ], [ 121.352688771155002, 24.985812791806101, 0.0 ], [ 121.352885438878005, 24.985827884688302, 0.0 ], [ 121.352930607993002, 24.9858320943639, 0.0 ], [ 121.352992492438005, 24.985835263459201, 0.0 ], [ 121.353023277309006, 24.985836023963699, 0.0 ], [ 121.353057481158999, 24.985834788661101, 0.0 ], [ 121.353061745280996, 24.985834327815098, 0.0 ], [ 121.353144996043, 24.9858243568803, 0.0 ], [ 121.353216117583003, 24.985815401499298, 0.0 ], [ 121.353317432707996, 24.9858023253332, 0.0 ], [ 121.353352195466996, 24.9858001479984, 0.0 ], [ 121.353353987812994, 24.985800094443199, 0.0 ], [ 121.353356796615003, 24.985800006902, 0.0 ], [ 121.353359785400997, 24.985800056420899, 0.0 ], [ 121.353361840849999, 24.985800194790301, 0.0 ], [ 121.353367666818002, 24.9858010270977, 0.0 ], [ 121.353371943688003, 24.985802040993299, 0.0 ], [ 121.353375150161995, 24.985803024480301, 0.0 ], [ 121.353378996618005, 24.985804463284602, 0.0 ], [ 121.353383306710001, 24.985806428971301, 0.0 ], [ 121.353387525558006, 24.985808748035598, 0.0 ], [ 121.353390674457003, 24.9858107652787, 0.0 ], [ 121.353392828463001, 24.985812304941199, 0.0 ], [ 121.353394748842007, 24.985813800806, 0.0 ], [ 121.353396192882002, 24.985815010786499, 0.0 ], [ 121.353398352249997, 24.985816974896199, 0.0 ], [ 121.353400499995004, 24.9858191435011, 0.0 ], [ 121.353402741335003, 24.985821690091601, 0.0 ], [ 121.353404616760997, 24.985824108353999, 0.0 ], [ 121.353406212786993, 24.985826443516601, 0.0 ], [ 121.353407431091995, 24.9858284600353, 0.0 ], [ 121.353408375550003, 24.9858302147451, 0.0 ], [ 121.353409259336999, 24.9858320677946, 0.0 ], [ 121.353409962499001, 24.985833750199799, 0.0 ], [ 121.353410535305002, 24.985835322956799, 0.0 ], [ 121.353411034371007, 24.985836922513801, 0.0 ], [ 121.353411436827002, 24.985838469995599, 0.0 ], [ 121.353412499371998, 24.985843827620702, 0.0 ], [ 121.353424804276997, 24.985993782090201, 0.0 ], [ 121.353427039867995, 24.986004449068901, 0.0 ], [ 121.353431861093995, 24.9860158384252, 0.0 ], [ 121.353505666057998, 24.986149766394298, 0.0 ], [ 121.353523437299003, 24.986171840660301, 0.0 ], [ 121.353562275960996, 24.986221139922499, 0.0 ], [ 121.353566353253996, 24.9862251479944, 0.0 ], [ 121.353583410170003, 24.986241915325198, 0.0 ], [ 121.353628375469995, 24.986274274082099, 0.0 ], [ 121.353671847751002, 24.986305701099401, 0.0 ], [ 121.353742096114999, 24.986356368754599, 0.0 ], [ 121.353770622184996, 24.986376919126499, 0.0 ], [ 121.353878693702995, 24.986464197177799, 0.0 ], [ 121.353907597173006, 24.986488105231501, 0.0 ], [ 121.353959519867999, 24.986531481049301, 0.0 ], [ 121.353995304110995, 24.986560522736202, 0.0 ], [ 121.354019769768996, 24.9865792131292, 0.0 ], [ 121.354057384531998, 24.986605439041899, 0.0 ], [ 121.354094714401995, 24.986625311813899, 0.0 ], [ 121.354145105577999, 24.986649126835999, 0.0 ], [ 121.354159771008995, 24.986655553921398, 0.0 ], [ 121.354209145943997, 24.986672097132701, 0.0 ], [ 121.354261875964994, 24.986687921627901, 0.0 ], [ 121.354295293030006, 24.986695529296099, 0.0 ], [ 121.354314635635006, 24.986700858207001, 0.0 ], [ 121.354345387419002, 24.9867083745199, 0.0 ], [ 121.354397230805006, 24.986723117851898, 0.0 ], [ 121.354436723782001, 24.986734294823101, 0.0 ], [ 121.354507097647996, 24.986753942335501, 0.0 ], [ 121.354533375887996, 24.9867616488247, 0.0 ], [ 121.354558678226994, 24.986770819335401, 0.0 ], [ 121.354578828914001, 24.986780805848401, 0.0 ], [ 121.354601683894003, 24.986792889695, 0.0 ], [ 121.354625294648002, 24.986807415643899, 0.0 ], [ 121.354632230541, 24.9868134082236, 0.0 ], [ 121.354636275415004, 24.9868165664538, 0.0 ], [ 121.354641602336002, 24.986821896083899, 0.0 ], [ 121.354653489135003, 24.9868364860884, 0.0 ], [ 121.354665337919002, 24.986851453238, 0.0 ], [ 121.354671726383998, 24.9868623300619, 0.0 ], [ 121.354682664105994, 24.9868809523213, 0.0 ], [ 121.354689052493995, 24.9868993257924, 0.0 ], [ 121.354693707479996, 24.986913059048401, 0.0 ], [ 121.354698784986994, 24.9869334738863, 0.0 ], [ 121.354700497158007, 24.986942751374698, 0.0 ], [ 121.354703350584998, 24.9869819799349, 0.0 ], [ 121.354700692178994, 24.9870090521988, 0.0 ], [ 121.354697229448007, 24.987036681547998, 0.0 ], [ 121.354695405097999, 24.9870454146354, 0.0 ], [ 121.354687517098, 24.9870768620654, 0.0 ], [ 121.354681555344996, 24.987101390186201, 0.0 ], [ 121.354679031722995, 24.987110389143499, 0.0 ], [ 121.354670029177001, 24.987141539352201, 0.0 ], [ 121.354662185709998, 24.9871695931867, 0.0 ], [ 121.354659359338996, 24.987179613397601, 0.0 ], [ 121.354657234029006, 24.987190530143401, 0.0 ], [ 121.354656903112996, 24.9872027625184, 0.0 ], [ 121.354658789148004, 24.9872160835362, 0.0 ], [ 121.354666295045007, 24.987233877992999, 0.0 ], [ 121.354670865265007, 24.987244712750801, 0.0 ], [ 121.354681183180006, 24.987263797733402, 0.0 ], [ 121.354688274021001, 24.9872756627665, 0.0 ], [ 121.354695898345, 24.987287013568, 0.0 ], [ 121.354702135891003, 24.987295647945199, 0.0 ], [ 121.354722978805, 24.987321351401398, 0.0 ], [ 121.354742558126006, 24.987343235480399, 0.0 ], [ 121.354759568394002, 24.987361750462401, 0.0 ], [ 121.354780373059995, 24.987380012858502, 0.0 ], [ 121.354802109236999, 24.987398371097999, 0.0 ], [ 121.354820214781, 24.9874101461007, 0.0 ], [ 121.354829299463006, 24.987415736743099, 0.0 ], [ 121.354839197106998, 24.9874209641759, 0.0 ], [ 121.354855159284, 24.987429032763199, 0.0 ], [ 121.354871905600007, 24.987435379124499, 0.0 ], [ 121.354900531141993, 24.987439911724099, 0.0 ], [ 121.354959064314002, 24.9874480980736, 0.0 ], [ 121.354971515919999, 24.987448968249499, 0.0 ], [ 121.354978790149005, 24.9874488483247, 0.0 ], [ 121.355004224921004, 24.9874476659955, 0.0 ], [ 121.355215337304998, 24.987432548591698, 0.0 ], [ 121.355268321154, 24.987426287502501, 0.0 ], [ 121.355353176224995, 24.987416553638699, 0.0 ], [ 121.355379948055997, 24.987413018319401, 0.0 ], [ 121.355392716474995, 24.987410641538201, 0.0 ], [ 121.355403515552993, 24.987408202715301, 0.0 ], [ 121.355421841872996, 24.987403069501202, 0.0 ], [ 121.355448872313005, 24.987395291143301, 0.0 ], [ 121.355501374835001, 24.987381618804601, 0.0 ], [ 121.355535710930994, 24.987372151121601, 0.0 ], [ 121.355564353686006, 24.987363581681301, 0.0 ], [ 121.355642368139996, 24.987340146535399, 0.0 ], [ 121.355657040772996, 24.987337141159198, 0.0 ], [ 121.355686262259994, 24.987331155755399, 0.0 ], [ 121.355705385747996, 24.9873286218766, 0.0 ], [ 121.355721192008005, 24.987326527531401, 0.0 ], [ 121.355737761712007, 24.987326153957301, 0.0 ], [ 121.355758220319004, 24.9873283910349, 0.0 ], [ 121.355767460329005, 24.9873303074958, 0.0 ], [ 121.355786028937999, 24.9873351310647, 0.0 ], [ 121.355800580283997, 24.987341488217702, 0.0 ], [ 121.355809908899005, 24.9873460409164, 0.0 ], [ 121.355830265205995, 24.987356679393201, 0.0 ], [ 121.355838932983005, 24.987361831076399, 0.0 ], [ 121.355848554288997, 24.987367616984301, 0.0 ], [ 121.355856278890997, 24.9873726706039, 0.0 ], [ 121.355861424710994, 24.987377333233901, 0.0 ], [ 121.355865801449994, 24.987381798751699, 0.0 ], [ 121.355880980619006, 24.9873993403836, 0.0 ], [ 121.355912746453001, 24.9874403156822, 0.0 ], [ 121.355959961845002, 24.987501566569499, 0.0 ], [ 121.355967672735005, 24.987512861760401, 0.0 ], [ 121.355986748186993, 24.9875408041631, 0.0 ], [ 121.355997384709994, 24.987563362511299, 0.0 ], [ 121.35603620469, 24.987645693341001, 0.0 ], [ 121.356074381376004, 24.987724632031298, 0.0 ], [ 121.356167977870001, 24.9879181628732, 0.0 ], [ 121.356184730777002, 24.9879424529164, 0.0 ], [ 121.356227574412998, 24.9880045718585, 0.0 ], [ 121.356292091808996, 24.988100530489501, 0.0 ], [ 121.356332704224002, 24.988165711838398, 0.0 ], [ 121.356340747934993, 24.9881786216731, 0.0 ], [ 121.356351917466, 24.988201219895, 0.0 ], [ 121.356356782234002, 24.988211062302199, 0.0 ], [ 121.356366634577995, 24.9882263404136, 0.0 ], [ 121.356383588580002, 24.988253012880602, 0.0 ], [ 121.356393245811006, 24.988266376494199, 0.0 ], [ 121.356419741210999, 24.988305279074499, 0.0 ], [ 121.356425832788005, 24.988311659085699, 0.0 ], [ 121.356436616215007, 24.988319441986, 0.0 ], [ 121.356466726074004, 24.988337343560801, 0.0 ], [ 121.356482824962995, 24.988345168549898, 0.0 ], [ 121.356517949975, 24.9883537755194, 0.0 ], [ 121.356526248942998, 24.9883556214644, 0.0 ], [ 121.356529466799003, 24.988356186832199, 0.0 ], [ 121.356536951308996, 24.988357251575199, 0.0 ], [ 121.356544295017002, 24.988357998200399, 0.0 ], [ 121.356552602185005, 24.988358849608701, 0.0 ], [ 121.356565479769998, 24.9883593861869, 0.0 ], [ 121.356576693698997, 24.988359170170501, 0.0 ], [ 121.356595077340998, 24.9883576677374, 0.0 ], [ 121.356614634378005, 24.988355038199799, 0.0 ], [ 121.356624210673999, 24.9883527381789, 0.0 ], [ 121.356640702478003, 24.9883487771997, 0.0 ], [ 121.356731588624001, 24.9883293479025, 0.0 ], [ 121.356790439909005, 24.988317829657799, 0.0 ], [ 121.356834889911994, 24.988306772841899, 0.0 ], [ 121.356897483365003, 24.988281907667201, 0.0 ], [ 121.356911089041006, 24.988275678706898, 0.0 ] ] ] } },
{ "type": "Feature", "properties": { "length": 8001.0, "Display": "鶯歌溪排水左岸" }, "geometry": { "type": "MultiLineString", "coordinates": [ [ [ 121.353651068930006, 24.951217028635199, 0.0 ], [ 121.353488521372, 24.951268002635601, 0.0 ], [ 121.353347890850998, 24.951313948006401, 0.0 ], [ 121.3533177443, 24.951324554293699, 0.0 ], [ 121.353289520691007, 24.9513342743553, 0.0 ], [ 121.353210089409998, 24.951369457317501, 0.0 ], [ 121.353035715773999, 24.9514377490502, 0.0 ], [ 121.352909730462997, 24.951486079184299, 0.0 ], [ 121.352830120128004, 24.951525649828401, 0.0 ], [ 121.352565802558004, 24.951652379361999, 0.0 ], [ 121.352380137276995, 24.951736827330102, 0.0 ], [ 121.352379635115, 24.951737038715699, 0.0 ], [ 121.352285763363, 24.951778665138001, 0.0 ], [ 121.352253856260006, 24.951792077964601, 0.0 ], [ 121.352227882316996, 24.951803324483102, 0.0 ], [ 121.352179169522998, 24.951825848230399, 0.0 ], [ 121.352089787555997, 24.951869271970299, 0.0 ], [ 121.352044194716001, 24.951892326499902, 0.0 ], [ 121.351996639782996, 24.951919342765201, 0.0 ], [ 121.351938436946, 24.951952408137799, 0.0 ], [ 121.351910524237994, 24.9519682654958, 0.0 ], [ 121.351906889142995, 24.951970330612198, 0.0 ], [ 121.351906700732997, 24.951970424194101, 0.0 ], [ 121.351856215084993, 24.952012053612101, 0.0 ], [ 121.351708971462998, 24.9521389586981, 0.0 ], [ 121.351708971462998, 24.9521389586981, 0.0 ], [ 121.351701341156996, 24.952145238367901, 0.0 ], [ 121.351689320559004, 24.952167212665699, 0.0 ], [ 121.351687774026999, 24.952170049066702, 0.0 ], [ 121.351671302778001, 24.952200796296498, 0.0 ], [ 121.351668967033007, 24.9522054385688, 0.0 ], [ 121.351664293604998, 24.952214009699201, 0.0 ], [ 121.351658056201003, 24.9522232978373, 0.0 ], [ 121.351653770176, 24.952230441421399, 0.0 ], [ 121.351649873580996, 24.952236870667299, 0.0 ], [ 121.351645586542006, 24.952243657544301, 0.0 ], [ 121.351642079464995, 24.9522493725548, 0.0 ], [ 121.351638574326003, 24.952255800927901, 0.0 ], [ 121.351635847121997, 24.952260444072198, 0.0 ], [ 121.351627590221995, 24.952276328446001, 0.0 ], [ 121.351618581943995, 24.952292211758099, 0.0 ], [ 121.351607489893993, 24.952310003520601, 0.0 ], [ 121.351598822157001, 24.9523244200197, 0.0 ], [ 121.351596251257007, 24.952329924648801, 0.0 ], [ 121.351593964059006, 24.952334119436799, 0.0 ], [ 121.351590241653994, 24.952341336009699, 0.0 ], [ 121.351589555418997, 24.952343016549701, 0.0 ], [ 121.351588193135996, 24.952343405079201, 0.0 ], [ 121.351586415179995, 24.952342600353099, 0.0 ], [ 121.351584339750005, 24.952341257115901, 0.0 ], [ 121.351480125443999, 24.952286794727101, 0.0 ], [ 121.351476680914004, 24.952284584831101, 0.0 ], [ 121.351474407780003, 24.952285972866999, 0.0 ], [ 121.351461492894003, 24.9522940725724, 0.0 ], [ 121.351406067362007, 24.952328833246899, 0.0 ], [ 121.351336791562005, 24.9523730551137, 0.0 ], [ 121.351336791562005, 24.9523730551137, 0.0 ], [ 121.351281206378999, 24.952408988090902, 0.0 ], [ 121.351195440446006, 24.9524655822865, 0.0 ], [ 121.351123368166995, 24.952513887060899, 0.0 ], [ 121.351050366593995, 24.952563552265001, 0.0 ], [ 121.350974904618994, 24.952615635257501, 0.0 ], [ 121.350893245326006, 24.952668384034698, 0.0 ], [ 121.350809262967005, 24.952720284796499, 0.0 ], [ 121.350719141214, 24.952771352461401, 0.0 ], [ 121.350702568038002, 24.9527814307068, 0.0 ], [ 121.350594629469001, 24.952842883225099, 0.0 ], [ 121.35042283976, 24.9529251953082, 0.0 ], [ 121.350420820747999, 24.952926117843599, 0.0 ], [ 121.350365266596, 24.952954615446099, 0.0 ], [ 121.350365266596, 24.952954615446099, 0.0 ], [ 121.350311193208, 24.952971125554399, 0.0 ], [ 121.350270209480996, 24.952983661086499, 0.0 ], [ 121.350227270077994, 24.952996639992701, 0.0 ], [ 121.350148341015995, 24.9530208691883, 0.0 ], [ 121.350113156440003, 24.953031468121601, 0.0 ], [ 121.350044625394005, 24.953052640206501, 0.0 ], [ 121.350032736925002, 24.9530283347862, 0.0 ], [ 121.350000083474995, 24.953031085972299, 0.0 ], [ 121.350000083474995, 24.953031085972299, 0.0 ], [ 121.349956877948998, 24.953034979370798, 0.0 ], [ 121.349956877948998, 24.953034979370798, 0.0 ], [ 121.349956877948998, 24.953034979370798, 0.0 ], [ 121.349900481884006, 24.9530395881423, 0.0 ], [ 121.349820918804994, 24.953045013179, 0.0 ], [ 121.349816657500995, 24.953075484676202, 0.0 ], [ 121.349575984202005, 24.953070991471499, 0.0 ], [ 121.349389956777003, 24.953071935458301, 0.0 ], [ 121.349271878367006, 24.953072212371701, 0.0 ], [ 121.349137885857999, 24.9530784678476, 0.0 ], [ 121.348873981752007, 24.953096633213701, 0.0 ], [ 121.348833682700004, 24.9531000012508, 0.0 ], [ 121.348725297620007, 24.953113432348999, 0.0 ], [ 121.348672955870001, 24.953122774817601, 0.0 ], [ 121.348624752109004, 24.953133514243799, 0.0 ], [ 121.348624752109004, 24.953133514243799, 0.0 ], [ 121.348553410641003, 24.953143998318499, 0.0 ], [ 121.348433281251005, 24.953163114304601, 0.0 ], [ 121.348319271945002, 24.953182788028499, 0.0 ], [ 121.348211401995002, 24.9532030099674, 0.0 ], [ 121.348108532777999, 24.9532240049267, 0.0 ], [ 121.348007517575994, 24.953244209148199, 0.0 ], [ 121.347907448073997, 24.953261503646299, 0.0 ], [ 121.347809432258998, 24.9532756526404, 0.0 ], [ 121.347713461493001, 24.953286641920499, 0.0 ], [ 121.347619528471995, 24.953294455222402, 0.0 ], [ 121.347527627841004, 24.953299074175501, 0.0 ], [ 121.347437756904, 24.953300478351402, 0.0 ], [ 121.347350291669002, 24.9532986532836, 0.0 ], [ 121.347264302385, 24.953294135981601, 0.0 ], [ 121.347178141179995, 24.9532874470442, 0.0 ], [ 121.347091470113, 24.953278572523601, 0.0 ], [ 121.347004292874999, 24.953267516615899, 0.0 ], [ 121.346916612534002, 24.9532542836155, 0.0 ], [ 121.346877663857001, 24.9532474790477, 0.0 ], [ 121.346822697185999, 24.9532351910653, 0.0 ], [ 121.346769163226, 24.953223707269402, 0.0 ], [ 121.346641962624005, 24.953190890692401, 0.0 ], [ 121.346568412931006, 24.953171006157099, 0.0 ], [ 121.346465860007001, 24.953141503285899, 0.0 ], [ 121.346380993417, 24.953115926939599, 0.0 ], [ 121.346033397943998, 24.953008611718499, 0.0 ], [ 121.345969315765004, 24.952985433063901, 0.0 ], [ 121.345857650930995, 24.952945043579302, 0.0 ], [ 121.345856081058002, 24.952948206046798, 0.0 ], [ 121.345624810242001, 24.952837992411499, 0.0 ], [ 121.345344016289999, 24.952706309684999, 0.0 ], [ 121.345327740393998, 24.9526957009762, 0.0 ], [ 121.345320641480001, 24.952691073476199, 0.0 ], [ 121.345312419915004, 24.952685089394301, 0.0 ], [ 121.345306688812997, 24.952680685191002, 0.0 ], [ 121.345300085616003, 24.9526754902299, 0.0 ], [ 121.345288656061001, 24.9526664486201, 0.0 ], [ 121.345279712039002, 24.9526577654728, 0.0 ], [ 121.345269313841996, 24.952647154948899, 0.0 ], [ 121.345257301980993, 24.952633615987899, 0.0 ], [ 121.345251527930998, 24.952626218188499, 0.0 ], [ 121.345247543387003, 24.9526202622617, 0.0 ], [ 121.345243759341997, 24.952615028974002, 0.0 ], [ 121.345238977053, 24.952607628875501, 0.0 ], [ 121.345235586228, 24.952601129361501, 0.0 ], [ 121.345231001632996, 24.9525933672995, 0.0 ], [ 121.345227884278003, 24.952586676036798, 0.0 ], [ 121.345223467485994, 24.952578837721202, 0.0 ], [ 121.345219223645998, 24.952570037991901, 0.0 ], [ 121.345216215440999, 24.952562997349201, 0.0 ], [ 121.345213204556998, 24.952554995700002, 0.0 ], [ 121.345209636541, 24.952543721071802, 0.0 ], [ 121.345208095664006, 24.952538470836199, 0.0 ], [ 121.345206184130006, 24.952531133973, 0.0 ], [ 121.345202437069005, 24.952519274166299, 0.0 ], [ 121.345200550575001, 24.952515479242901, 0.0 ], [ 121.345199153115999, 24.9525129755683, 0.0 ], [ 121.345196739683999, 24.952509109846702, 0.0 ], [ 121.345194874596999, 24.9525064375418, 0.0 ], [ 121.345192329393996, 24.9525031449514, 0.0 ], [ 121.345190407933003, 24.9525010782118, 0.0 ], [ 121.345183211058995, 24.952493832489701, 0.0 ], [ 121.345172212145997, 24.952485412957, 0.0 ], [ 121.345154729371004, 24.9524703368741, 0.0 ], [ 121.345136440809995, 24.952452915709401, 0.0 ], [ 121.345108582566994, 24.952428256488499, 0.0 ], [ 121.345078012591998, 24.952402772119498, 0.0 ], [ 121.345040910660998, 24.9523732167793, 0.0 ], [ 121.344997713934006, 24.952340020185499, 0.0 ], [ 121.344912242625995, 24.952266816304999, 0.0 ], [ 121.344878100892998, 24.9522344487591, 0.0 ], [ 121.344827000983003, 24.952209224603401, 0.0 ], [ 121.344531798494003, 24.952082184220799, 0.0 ], [ 121.344391236993999, 24.952024742081999, 0.0 ], [ 121.344364261845996, 24.952014156873801, 0.0 ], [ 121.344345816135998, 24.952007689211602, 0.0 ], [ 121.344311513492002, 24.9520021149829, 0.0 ], [ 121.344269767146002, 24.9519994950975, 0.0 ], [ 121.344252816579996, 24.951999090556299, 0.0 ], [ 121.344234007514004, 24.952000473099801, 0.0 ], [ 121.344208738418999, 24.952004281074899, 0.0 ], [ 121.344179591059998, 24.9520102467649, 0.0 ], [ 121.344176542274994, 24.952010918475299, 0.0 ], [ 121.344156668324999, 24.952015233465399, 0.0 ], [ 121.344139954918006, 24.9520187557303, 0.0 ], [ 121.344127347891003, 24.952021385513898, 0.0 ], [ 121.344117584938004, 24.9520235335007, 0.0 ], [ 121.344103358046993, 24.952026832720399, 0.0 ], [ 121.344090609879004, 24.952029954910099, 0.0 ], [ 121.344073533390002, 24.952034375979299, 0.0 ], [ 121.344066843796995, 24.9520361809241, 0.0 ], [ 121.344055385166996, 24.952039366476001, 0.0 ], [ 121.344044599957002, 24.9520424717428, 0.0 ], [ 121.344033017911997, 24.952045920435001, 0.0 ], [ 121.344019330544, 24.952050146501598, 0.0 ], [ 121.344008782185, 24.952053513605001, 0.0 ], [ 121.343991639590001, 24.952059188732299, 0.0 ], [ 121.343971373453002, 24.952066220608099, 0.0 ], [ 121.343956295702995, 24.952071678699198, 0.0 ], [ 121.343947608090005, 24.952074911499501, 0.0 ], [ 121.343938646490997, 24.9520783138504, 0.0 ], [ 121.343931670193001, 24.952081010171899, 0.0 ], [ 121.343922465564006, 24.952084631973602, 0.0 ], [ 121.343913653377001, 24.952088168258001, 0.0 ], [ 121.343896564347006, 24.952095220130001, 0.0 ], [ 121.343874504610994, 24.952104708911001, 0.0 ], [ 121.343861891909995, 24.9521103341851, 0.0 ], [ 121.343842992901997, 24.952119043919101, 0.0 ], [ 121.343821304433007, 24.952129469462999, 0.0 ], [ 121.343799269765, 24.9521405566094, 0.0 ], [ 121.343786649129001, 24.952147143867599, 0.0 ], [ 121.343772895607998, 24.9521545293996, 0.0 ], [ 121.343757230253004, 24.952163218273601, 0.0 ], [ 121.343745126665993, 24.952170144929202, 0.0 ], [ 121.343735124375002, 24.952176017412601, 0.0 ], [ 121.343722990993996, 24.9521833315554, 0.0 ], [ 121.343708077767005, 24.952192626936501, 0.0 ], [ 121.343691655835002, 24.952203287332502, 0.0 ], [ 121.343683556651001, 24.9522087234879, 0.0 ], [ 121.343673977050997, 24.952215318472899, 0.0 ], [ 121.34365646034, 24.952226787573402, 0.0 ], [ 121.343624436824996, 24.952249834227199, 0.0 ], [ 121.343601143843003, 24.952266215634101, 0.0 ], [ 121.343558724423005, 24.952298589290201, 0.0 ], [ 121.343524993081004, 24.952325994075998, 0.0 ], [ 121.343423309518002, 24.952427524731501, 0.0 ], [ 121.343361232503, 24.952510013458699, 0.0 ], [ 121.343266167899003, 24.952649573876901, 0.0 ], [ 121.343156704929001, 24.952829304132798, 0.0 ], [ 121.343088419542994, 24.952958021886399, 0.0 ], [ 121.343058308013994, 24.953029408608501, 0.0 ], [ 121.34295952878, 24.9532358875535, 0.0 ], [ 121.342953655447999, 24.953247149225099, 0.0 ], [ 121.342939501727002, 24.953272612372299, 0.0 ], [ 121.342932996613001, 24.9532844988634, 0.0 ], [ 121.342883805002998, 24.953381494640801, 0.0 ], [ 121.342757631441998, 24.953627072299302, 0.0 ], [ 121.342545819614998, 24.9539500520529, 0.0 ], [ 121.342528567952996, 24.953979413291599, 0.0 ], [ 121.342433567366996, 24.954177938747598, 0.0 ], [ 121.342280987627007, 24.954624172910101, 0.0 ], [ 121.342207018596, 24.954845757776699, 0.0 ], [ 121.342149221420996, 24.955021959912401, 0.0 ], [ 121.342139277626998, 24.955052429747301, 0.0 ], [ 121.342133165760004, 24.955077429818498, 0.0 ], [ 121.342119767598007, 24.9551371901211, 0.0 ], [ 121.342108115339002, 24.955190504618599, 0.0 ], [ 121.342102206396007, 24.955268637252999, 0.0 ], [ 121.342098146609999, 24.955334425378702, 0.0 ], [ 121.342092543258005, 24.955390838274599, 0.0 ], [ 121.342088658354001, 24.955439967098499, 0.0 ], [ 121.342085578349995, 24.9554862185772, 0.0 ], [ 121.342085578349995, 24.9554862185772, 0.0 ], [ 121.342085578349995, 24.9554862185772, 0.0 ], [ 121.342086298734003, 24.955501676407899, 0.0 ], [ 121.342085989818997, 24.955556781367001, 0.0 ], [ 121.342084210977006, 24.955632645299001, 0.0 ], [ 121.342083166636002, 24.9556742199998, 0.0 ], [ 121.342085118992003, 24.955719692117899, 0.0 ], [ 121.342086361135003, 24.955749704858501, 0.0 ], [ 121.342087658232003, 24.955774340706199, 0.0 ], [ 121.342090117256006, 24.955796147604001, 0.0 ], [ 121.342090738139007, 24.955801017611101, 0.0 ], [ 121.342100691267007, 24.955846746463301, 0.0 ], [ 121.342111394683002, 24.955882801467101, 0.0 ], [ 121.342119496603004, 24.955903642980601, 0.0 ], [ 121.342142846239994, 24.955951215141202, 0.0 ], [ 121.342171467938002, 24.9560009528089, 0.0 ], [ 121.342203998347998, 24.956058301809499, 0.0 ], [ 121.342240315702, 24.9561232207069, 0.0 ], [ 121.342282050799, 24.956184268690201, 0.0 ], [ 121.342334943322996, 24.956270697474601, 0.0 ], [ 121.342383830410995, 24.956341357151398, 0.0 ], [ 121.342431686801007, 24.956416550283802, 0.0 ], [ 121.342473083588004, 24.956480808841398, 0.0 ], [ 121.342501095070006, 24.956525606063199, 0.0 ], [ 121.342568549662005, 24.956648651460299, 0.0 ], [ 121.342636004395999, 24.956771696821502, 0.0 ], [ 121.342592900209993, 24.956786392011502, 0.0 ], [ 121.342569256063001, 24.956793951505301, 0.0 ], [ 121.342595644808995, 24.956858081538002, 0.0 ], [ 121.342630327088997, 24.956952609073099, 0.0 ], [ 121.342630327088997, 24.956952609073401, 0.0 ], [ 121.342630327088997, 24.956952609073699, 0.0 ], [ 121.342661218879002, 24.957048168624802, 0.0 ], [ 121.342763568132995, 24.957037104434701, 0.0 ], [ 121.342769660686997, 24.957036829739199, 0.0 ], [ 121.342800451951007, 24.9570589865511, 0.0 ], [ 121.342806696148998, 24.957078717074001, 0.0 ], [ 121.342811429224, 24.9577292765048, 0.0 ], [ 121.342839947016998, 24.9580496884331, 0.0 ], [ 121.342836118204005, 24.958272783904199, 0.0 ], [ 121.342835958059993, 24.9582790152058, 0.0 ], [ 121.342835607132997, 24.958282874307901, 0.0 ], [ 121.34283486519, 24.958287458975299, 0.0 ], [ 121.342833748607006, 24.958292961144799, 0.0 ], [ 121.342832753175003, 24.9582967443658, 0.0 ], [ 121.342832753175003, 24.9582967443658, 0.0 ], [ 121.342826507248006, 24.958314788906598, 0.0 ], [ 121.342814038941995, 24.958346737365702, 0.0 ], [ 121.342792632498004, 24.958410700765501, 0.0 ], [ 121.342766455577006, 24.958492950811198, 0.0 ], [ 121.342747544071997, 24.958546102435601, 0.0 ], [ 121.342731817434, 24.958589450514999, 0.0 ], [ 121.342709568573994, 24.958655975820701, 0.0 ], [ 121.342688171706001, 24.9587333751277, 0.0 ], [ 121.342672873593003, 24.958783336295699, 0.0 ], [ 121.342660343733002, 24.958829526929701, 0.0 ], [ 121.342634699502995, 24.958911384828401, 0.0 ], [ 121.342613647690001, 24.958987853276199, 0.0 ], [ 121.342596845673, 24.959036469282399, 0.0 ], [ 121.342586780196001, 24.959067428847199, 0.0 ], [ 121.342574955331997, 24.959105041629101, 0.0 ], [ 121.342567555927999, 24.959125436338098, 0.0 ], [ 121.342564607612005, 24.959137669733, 0.0 ], [ 121.342562643229002, 24.959146278257499, 0.0 ], [ 121.342560426240993, 24.9591666573331, 0.0 ], [ 121.342559355340995, 24.959185057260701, 0.0 ], [ 121.342558838, 24.959200900724898, 0.0 ], [ 121.342558347809998, 24.959226453872699, 0.0 ], [ 121.342558992167, 24.9592566037769, 0.0 ], [ 121.342561639121996, 24.9592909470067, 0.0 ], [ 121.342563005757995, 24.959327277477499, 0.0 ], [ 121.342564044484007, 24.959362329789901, 0.0 ], [ 121.342566069442, 24.959379221290099, 0.0 ], [ 121.342567096712003, 24.959392961217102, 0.0 ], [ 121.342568540472001, 24.9594072435352, 0.0 ], [ 121.342571669923998, 24.959435045225401, 0.0 ], [ 121.342579971150997, 24.959493424844101, 0.0 ], [ 121.342586209263004, 24.959541612519502, 0.0 ], [ 121.342601024527994, 24.959633278452099, 0.0 ], [ 121.342612483943995, 24.9596956844236, 0.0 ], [ 121.342620337563005, 24.959742366954, 0.0 ], [ 121.342622895624004, 24.959755130910601, 0.0 ], [ 121.342624886261007, 24.959765342180301, 0.0 ], [ 121.342629083128998, 24.959777495544898, 0.0 ], [ 121.342655564566002, 24.959846977434701, 0.0 ], [ 121.342680049549998, 24.959909057981999, 0.0 ], [ 121.342756772022994, 24.960175103255501, 0.0 ], [ 121.342782811071999, 24.960408210248801, 0.0 ], [ 121.342790768327006, 24.960608283479001, 0.0 ], [ 121.342810014386998, 24.960903012207201, 0.0 ], [ 121.342804093870001, 24.960966380761999, 0.0 ], [ 121.342787188857997, 24.961023749356901, 0.0 ], [ 121.342770382824, 24.961063223638298, 0.0 ], [ 121.342717044221999, 24.9611540845851, 0.0 ], [ 121.342717023364003, 24.9611541195118, 0.0 ], [ 121.342717019559998, 24.9611541257709, 0.0 ], [ 121.342717015991994, 24.961154130794799, 0.0 ], [ 121.342717012422, 24.961154135047099, 0.0 ], [ 121.342717007778006, 24.961154139559099, 0.0 ], [ 121.342717002000995, 24.9611541446139, 0.0 ], [ 121.342716990678994, 24.961154152279299, 0.0 ], [ 121.342716961362001, 24.961154171946699, 0.0 ], [ 121.342716915422002, 24.961154203818801, 0.0 ], [ 121.342716873889003, 24.961154231796701, 0.0 ], [ 121.342701832947, 24.9611644269023, 0.0 ], [ 121.342643184549004, 24.961204068869201, 0.0 ], [ 121.342598637939005, 24.9612326466026, 0.0 ], [ 121.342563007269007, 24.961247887076802, 0.0 ], [ 121.342512896423997, 24.961255586106301, 0.0 ], [ 121.342440677480994, 24.9612585509601, 0.0 ], [ 121.342382981493998, 24.9612558893608, 0.0 ], [ 121.342225475609993, 24.961245647660501, 0.0 ], [ 121.342170682974, 24.961236393164601, 0.0 ], [ 121.342136213451994, 24.961227453090999, 0.0 ], [ 121.341991306506003, 24.961187648743401, 0.0 ], [ 121.341918965171004, 24.961163740611799, 0.0 ], [ 121.341896590410997, 24.961155128858199, 0.0 ], [ 121.341885145342999, 24.961151493001701, 0.0 ], [ 121.341874441581993, 24.9611483235627, 0.0 ], [ 121.341808901899995, 24.9611289679302, 0.0 ], [ 121.341786842524996, 24.9611224918199, 0.0 ], [ 121.341744480399001, 24.961113272536402, 0.0 ], [ 121.341686235487998, 24.9611018435556, 0.0 ], [ 121.341472819792997, 24.961060113653001, 0.0 ], [ 121.341396063638996, 24.961046749566901, 0.0 ], [ 121.341304066956994, 24.961028892612401, 0.0 ], [ 121.341252878231003, 24.9610195172171, 0.0 ], [ 121.341239251825996, 24.9610184724568, 0.0 ], [ 121.341174000500999, 24.961013469506302, 0.0 ], [ 121.341129693704005, 24.961010072398299, 0.0 ], [ 121.341083930459007, 24.9610097547178, 0.0 ], [ 121.341045385637997, 24.9610096236838, 0.0 ], [ 121.341001222445001, 24.9610162494366, 0.0 ], [ 121.340918460840001, 24.961028302940299, 0.0 ], [ 121.340896680954003, 24.961034578044298, 0.0 ], [ 121.340843221789996, 24.9610499803963, 0.0 ], [ 121.340771899963997, 24.961071003910899, 0.0 ], [ 121.340727708610004, 24.961084168394599, 0.0 ], [ 121.340628029368006, 24.961111445174598, 0.0 ], [ 121.340615869741001, 24.961118931554498, 0.0 ], [ 121.340597291242005, 24.961130173190899, 0.0 ], [ 121.340553519908994, 24.961162912070801, 0.0 ], [ 121.340532120587994, 24.961179492682501, 0.0 ], [ 121.340522345104006, 24.961189257422301, 0.0 ], [ 121.340506879729006, 24.961206098334198, 0.0 ], [ 121.340486133537993, 24.961232435045702, 0.0 ], [ 121.340468202864997, 24.9612579869531, 0.0 ], [ 121.340459448282004, 24.961270947810601, 0.0 ], [ 121.340455529907999, 24.9612798317327, 0.0 ], [ 121.340453370526006, 24.961284918386699, 0.0 ], [ 121.340450381281997, 24.9612933401879, 0.0 ], [ 121.340448189916003, 24.961301105678501, 0.0 ], [ 121.340446369305994, 24.961309447453999, 0.0 ], [ 121.340444873289997, 24.961319201846401, 0.0 ], [ 121.340444176407999, 24.961326484569199, 0.0 ], [ 121.340443786850997, 24.961336244281998, 0.0 ], [ 121.340443900414996, 24.961343530269499, 0.0 ], [ 121.340444429887995, 24.961351468317002, 0.0 ], [ 121.340445824694996, 24.9613620432762, 0.0 ], [ 121.340448035039998, 24.9613723933839, 0.0 ], [ 121.340452372882993, 24.9613858688781, 0.0 ], [ 121.340455545284001, 24.961396027557601, 0.0 ], [ 121.340456453862998, 24.9613995579689, 0.0 ], [ 121.340476196108995, 24.961470069914299, 0.0 ], [ 121.340501490885003, 24.961548672915001, 0.0 ], [ 121.340503420028995, 24.961554768393899, 0.0 ], [ 121.340505502108002, 24.961561152091701, 0.0 ], [ 121.340507058431996, 24.961566264824999, 0.0 ], [ 121.340510775671007, 24.961580723362299, 0.0 ], [ 121.340514259740004, 24.9615902668559, 0.0 ], [ 121.340518691962004, 24.961600002847302, 0.0 ], [ 121.340524007501003, 24.961609632907201, 0.0 ], [ 121.340529628111994, 24.961618185265198, 0.0 ], [ 121.340533738985997, 24.961623608092101, 0.0 ], [ 121.340537724799006, 24.961627995879699, 0.0 ], [ 121.340542727810998, 24.9616336785462, 0.0 ], [ 121.340544380533998, 24.961635600747801, 0.0 ], [ 121.340567055896003, 24.9616624203857, 0.0 ], [ 121.340586785352002, 24.9616829309488, 0.0 ], [ 121.340628439857994, 24.961724919664999, 0.0 ], [ 121.340745543365003, 24.961820108295399, 0.0 ], [ 121.340766374314001, 24.961837349607599, 0.0 ], [ 121.340827151781994, 24.9618897250058, 0.0 ], [ 121.340972973324995, 24.9620130855123, 0.0 ], [ 121.340995631203995, 24.962035853605801, 0.0 ], [ 121.341010643055, 24.962049199774501, 0.0 ], [ 121.341019885210002, 24.962058886092102, 0.0 ], [ 121.341025374870995, 24.962065432611801, 0.0 ], [ 121.341029949494001, 24.962075157936901, 0.0 ], [ 121.341033561504005, 24.962083557247901, 0.0 ], [ 121.341037430507996, 24.962092189497799, 0.0 ], [ 121.341041817361003, 24.962102688910502, 0.0 ], [ 121.341050252499997, 24.962124657378801, 0.0 ], [ 121.341070154988003, 24.9621895269112, 0.0 ], [ 121.341064573831005, 24.9623693260069, 0.0 ], [ 121.341007100832996, 24.962528517789199, 0.0 ], [ 121.340977220696004, 24.962603686443099, 0.0 ], [ 121.340974725048994, 24.962603692157501, 0.0 ], [ 121.340911063761993, 24.9627638428036, 0.0 ], [ 121.340741654230996, 24.963032526932299, 0.0 ], [ 121.340602187016003, 24.963253135188602, 0.0 ], [ 121.340517645312005, 24.9634469444863, 0.0 ], [ 121.340512566776994, 24.963458722622299, 0.0 ], [ 121.340449103664994, 24.963645560942901, 0.0 ], [ 121.340439811107004, 24.963676911515101, 0.0 ], [ 121.340430507573998, 24.9637042747188, 0.0 ], [ 121.340418998752, 24.963739248171201, 0.0 ], [ 121.340408179964996, 24.963768610869099, 0.0 ], [ 121.340401306027005, 24.9637911941842, 0.0 ], [ 121.340397826293, 24.963811039941898, 0.0 ], [ 121.340392316326003, 24.963840595650801, 0.0 ], [ 121.340390148764001, 24.9638655594451, 0.0 ], [ 121.340390213215002, 24.963888990005799, 0.0 ], [ 121.340390975842993, 24.9639092617507, 0.0 ], [ 121.340393691740005, 24.9639302430367, 0.0 ], [ 121.340396407637002, 24.963951224322599, 0.0 ], [ 121.340402214506, 24.963968565997298, 0.0 ], [ 121.340408462230002, 24.963985099484798, 0.0 ], [ 121.340413365467995, 24.963995985672401, 0.0 ], [ 121.340417679645, 24.964003922811202, 0.0 ], [ 121.340423326972996, 24.964015102983598, 0.0 ], [ 121.340430383853999, 24.964028198839902, 0.0 ], [ 121.340436030304005, 24.9640390592558, 0.0 ], [ 121.340446443058994, 24.9640574459875, 0.0 ], [ 121.340453031321005, 24.964065862855598, 0.0 ], [ 121.340462939087999, 24.964077419375698, 0.0 ], [ 121.340474573807995, 24.964089774898799, 0.0 ], [ 121.340482847017995, 24.964097839197301, 0.0 ], [ 121.340490714349997, 24.964104994967801, 0.0 ], [ 121.340500052500005, 24.964112879521199, 0.0 ], [ 121.340512137584994, 24.9641221612167, 0.0 ], [ 121.34052746015, 24.964132526021999, 0.0 ], [ 121.340541317881005, 24.964140621776899, 0.0 ], [ 121.340556041140005, 24.964147947676199, 0.0 ], [ 121.340566249842993, 24.964152273565499, 0.0 ], [ 121.340572064095994, 24.9641544641899, 0.0 ], [ 121.340579396869998, 24.964156944905099, 0.0 ], [ 121.340586722891999, 24.964159062088601, 0.0 ], [ 121.340593969070994, 24.964160937329801, 0.0 ], [ 121.340601495675003, 24.964162505877699, 0.0 ], [ 121.340618466112005, 24.964165864940998, 0.0 ], [ 121.340633553500993, 24.964166872798199, 0.0 ], [ 121.340768979933003, 24.964176367559698, 0.0 ], [ 121.340904514290003, 24.9642054982933, 0.0 ], [ 121.340979071885997, 24.964223817114799, 0.0 ], [ 121.340981686573002, 24.964224443315899, 0.0 ], [ 121.341024436585997, 24.964235037292699, 0.0 ], [ 121.341095726069994, 24.964251465496499, 0.0 ], [ 121.341138851826997, 24.964261431175501, 0.0 ], [ 121.341212150857004, 24.9642783517365, 0.0 ], [ 121.341364228195005, 24.964310403727801, 0.0 ], [ 121.341464720475997, 24.964343517077999, 0.0 ], [ 121.341524531784003, 24.9643841390989, 0.0 ], [ 121.341639342481997, 24.9645242686755, 0.0 ], [ 121.341635664258007, 24.964543846269599, 0.0 ], [ 121.341542471506997, 24.965189314963499, 0.0 ], [ 121.341541589795995, 24.965194877284102, 0.0 ], [ 121.341540402651006, 24.965204692791801, 0.0 ], [ 121.341540134911995, 24.965207798635099, 0.0 ], [ 121.341539728797997, 24.965214209839001, 0.0 ], [ 121.341539450705, 24.965225731740102, 0.0 ], [ 121.341539623952997, 24.965235385845698, 0.0 ], [ 121.341540199806005, 24.965245846570099, 0.0 ], [ 121.341540720040001, 24.965251995457201, 0.0 ], [ 121.341541633779997, 24.965260302916001, 0.0 ], [ 121.341542767991001, 24.9652684595724, 0.0 ], [ 121.341545575148004, 24.965283867245901, 0.0 ], [ 121.341548775817998, 24.965295162154401, 0.0 ], [ 121.341553340351993, 24.965310992374999, 0.0 ], [ 121.341556649034999, 24.965321231312501, 0.0 ], [ 121.341561471101997, 24.965336815814101, 0.0 ], [ 121.341575637716005, 24.965397728058601, 0.0 ], [ 121.341634635296998, 24.9656257625963, 0.0 ], [ 121.341681306821997, 24.965842610873999, 0.0 ], [ 121.341720423997998, 24.966111101237601, 0.0 ], [ 121.341744070806001, 24.966318205761699, 0.0 ], [ 121.341771947059996, 24.966417253339301, 0.0 ], [ 121.341796986391998, 24.966585518865301, 0.0 ], [ 121.341806373630007, 24.966667616763001, 0.0 ], [ 121.341811491200005, 24.966714910140698, 0.0 ], [ 121.341812875429, 24.9667433143136, 0.0 ], [ 121.341812937740997, 24.966745587232499, 0.0 ], [ 121.341813000681995, 24.9667469760087, 0.0 ], [ 121.341815149073994, 24.966752662261602, 0.0 ], [ 121.341815861678995, 24.966754952867099, 0.0 ], [ 121.341816797402004, 24.966757679354799, 0.0 ], [ 121.341817489760999, 24.966759707953901, 0.0 ], [ 121.341817972829006, 24.9667610758571, 0.0 ], [ 121.341818430559002, 24.966762348288, 0.0 ], [ 121.341818869408996, 24.966763529192999, 0.0 ], [ 121.341824695468006, 24.9667785978693, 0.0 ], [ 121.341835531374002, 24.966819508214002, 0.0 ], [ 121.341844809810993, 24.9668511186951, 0.0 ], [ 121.341857733368002, 24.966896123307201, 0.0 ], [ 121.341863540700999, 24.9669123837371, 0.0 ], [ 121.341868770342998, 24.9669281205388, 0.0 ], [ 121.341873997144006, 24.966942807438201, 0.0 ], [ 121.341896459585996, 24.967004658284399, 0.0 ], [ 121.341903243589002, 24.9670233344644, 0.0 ], [ 121.341910087293996, 24.9670415993712, 0.0 ], [ 121.341913618991995, 24.9670507180941, 0.0 ], [ 121.341916771773001, 24.967058696852199, 0.0 ], [ 121.341920464587005, 24.967067611362001, 0.0 ], [ 121.341920511517003, 24.9670677495589, 0.0 ], [ 121.341947708613006, 24.967147838473601, 0.0 ], [ 121.341962400789996, 24.9672205043654, 0.0 ], [ 121.341967541339997, 24.967251571800901, 0.0 ], [ 121.341984288587994, 24.9673476347144, 0.0 ], [ 121.342002179255999, 24.9674596961252, 0.0 ], [ 121.342007508397003, 24.967510699492198, 0.0 ], [ 121.342017597083995, 24.9676038888555, 0.0 ], [ 121.342018357124999, 24.967607958855201, 0.0 ], [ 121.342024692883996, 24.967641259642999, 0.0 ], [ 121.342033316678993, 24.967686110392201, 0.0 ], [ 121.342045368954999, 24.967734973360901, 0.0 ], [ 121.342054938413, 24.9677763317836, 0.0 ], [ 121.342059652648004, 24.967794963889101, 0.0 ], [ 121.342066947098004, 24.967821103864701, 0.0 ], [ 121.342079672680001, 24.967854358742699, 0.0 ], [ 121.342119476375998, 24.967945455603001, 0.0 ], [ 121.34216484321, 24.9680705031891, 0.0 ], [ 121.342171106804003, 24.968091229101901, 0.0 ], [ 121.342173459419996, 24.968099013784101, 0.0 ], [ 121.342185770835002, 24.968130052473899, 0.0 ], [ 121.342203336969007, 24.968183343862801, 0.0 ], [ 121.342209338670997, 24.9682099176392, 0.0 ], [ 121.342214913155004, 24.968246878151099, 0.0 ], [ 121.342217282825004, 24.968279276285699, 0.0 ], [ 121.342221725634005, 24.9683298306159, 0.0 ], [ 121.342227832142001, 24.968395195303302, 0.0 ], [ 121.342239476814996, 24.968483863826499, 0.0 ], [ 121.342242287123995, 24.968506095092099, 0.0 ], [ 121.342246489261996, 24.9685575110286, 0.0 ], [ 121.342244689778994, 24.968623665495901, 0.0 ], [ 121.342235118749997, 24.9686716436122, 0.0 ], [ 121.342219964566993, 24.968705752449001, 0.0 ], [ 121.342186862602006, 24.968766404671001, 0.0 ], [ 121.342141671300993, 24.9688216641987, 0.0 ], [ 121.342112304953005, 24.968858025811201, 0.0 ], [ 121.342081073955995, 24.968887503979101, 0.0 ], [ 121.342029195788996, 24.968931807211501, 0.0 ], [ 121.341978177749994, 24.9689737415869, 0.0 ], [ 121.341919366110005, 24.969018060799101, 0.0 ], [ 121.341853149642006, 24.969065105647299, 0.0 ], [ 121.341795807010001, 24.969098780569698, 0.0 ], [ 121.341761078358005, 24.969117251481901, 0.0 ], [ 121.341724276684005, 24.969133120978601, 0.0 ], [ 121.341705239353004, 24.969139090102299, 0.0 ], [ 121.341696054037001, 24.969141636693401, 0.0 ], [ 121.341689784341, 24.969142910236499, 0.0 ], [ 121.341680596339998, 24.969144311600001, 0.0 ], [ 121.341663556936993, 24.969146862786399, 0.0 ], [ 121.341633152643993, 24.969154368774401, 0.0 ], [ 121.341598318335002, 24.969169997183801, 0.0 ], [ 121.341556827793994, 24.969193753092998, 0.0 ], [ 121.341536124748004, 24.9692088494253, 0.0 ], [ 121.341488689743997, 24.969254210645499, 0.0 ], [ 121.341443019875001, 24.969309859578399, 0.0 ], [ 121.341425899585005, 24.969330832305602, 0.0 ], [ 121.341403511891002, 24.969356941374901, 0.0 ], [ 121.341382787203003, 24.969385019903601, 0.0 ], [ 121.341371129665006, 24.9694008387075, 0.0 ], [ 121.341363364778005, 24.969413885017399, 0.0 ], [ 121.341356890178005, 24.969423375226601, 0.0 ], [ 121.341348262916, 24.9694380026605, 0.0 ], [ 121.341340083177997, 24.9694577615969, 0.0 ], [ 121.341333583614997, 24.969474829159999, 0.0 ], [ 121.341331478002004, 24.969484022528, 0.0 ], [ 121.341329447291997, 24.9694921536978, 0.0 ], [ 121.341328461499003, 24.969509251373999, 0.0 ], [ 121.341328760991999, 24.9695210794441, 0.0 ], [ 121.341331676741007, 24.9695479941958, 0.0 ], [ 121.341337130054001, 24.9695831347926, 0.0 ], [ 121.341340786955001, 24.9696028172506, 0.0 ], [ 121.341345792281004, 24.969621676145302, 0.0 ], [ 121.341349433339005, 24.9696356154572, 0.0 ], [ 121.341353060814001, 24.9696446320897, 0.0 ], [ 121.341360210359994, 24.969663955404801, 0.0 ], [ 121.341368891745006, 24.969679212968099, 0.0 ], [ 121.341383373021003, 24.969696640206799, 0.0 ], [ 121.341388750152007, 24.969702957281701, 0.0 ], [ 121.341394123569998, 24.9697078276713, 0.0 ], [ 121.341400093412005, 24.969713058366501, 0.0 ], [ 121.341407256102002, 24.969719009673, 0.0 ], [ 121.341416607566998, 24.9697267643269, 0.0 ], [ 121.341427724021003, 24.969736066775098, 0.0 ], [ 121.341434661923998, 24.9697415488993, 0.0 ], [ 121.341445337590997, 24.969750580143899, 0.0 ], [ 121.341455464244007, 24.969758701637002, 0.0 ], [ 121.341458978584996, 24.9697617731902, 0.0 ], [ 121.341469120594994, 24.969768426925601, 0.0 ], [ 121.341474915258999, 24.9697716440878, 0.0 ], [ 121.341494016838993, 24.969780290042699, 0.0 ], [ 121.341518930885996, 24.969791189541301, 0.0 ], [ 121.341572015739999, 24.969814954750699, 0.0 ], [ 121.341730953436993, 24.969881194236599, 0.0 ], [ 121.341954606352999, 24.969960087850801, 0.0 ], [ 121.342060578526002, 24.969997469404301, 0.0 ], [ 121.342090542757006, 24.9700042436905, 0.0 ], [ 121.342107246973995, 24.9700082995077, 0.0 ], [ 121.342126953817001, 24.970014687965602, 0.0 ], [ 121.342142165889001, 24.970020891779701, 0.0 ], [ 121.342154381266994, 24.970026907534301, 0.0 ], [ 121.342166942060999, 24.970035998963102, 0.0 ], [ 121.342191246381006, 24.970055588974802, 0.0 ], [ 121.342204200439994, 24.9700676551107, 0.0 ], [ 121.342215301525997, 24.970077646934399, 0.0 ], [ 121.342224313507998, 24.970088453672801, 0.0 ], [ 121.342234892570005, 24.970107239030099, 0.0 ], [ 121.342252466144998, 24.970148734179102, 0.0 ], [ 121.342259608979006, 24.970170653657, 0.0 ], [ 121.342269590041994, 24.9701945021413, 0.0 ], [ 121.342279603180003, 24.970229963690102, 0.0 ], [ 121.342291027434996, 24.970263486436298, 0.0 ], [ 121.342332833309001, 24.970369054157899, 0.0 ], [ 121.342350529447003, 24.970409786826401, 0.0 ], [ 121.342368247701998, 24.970458528482201, 0.0 ], [ 121.342378476549996, 24.970493000656099, 0.0 ], [ 121.342400635675006, 24.9706088059088, 0.0 ], [ 121.342413617926994, 24.9706579271698, 0.0 ], [ 121.342433499609996, 24.970760477734601, 0.0 ], [ 121.342436591397004, 24.970789727246999, 0.0 ], [ 121.342437153947003, 24.970811668433601, 0.0 ], [ 121.342431725200001, 24.970844594602202, 0.0 ], [ 121.342427779104995, 24.970869288965499, 0.0 ], [ 121.342423340056001, 24.970897184369498, 0.0 ], [ 121.342416313319006, 24.970922345850202, 0.0 ], [ 121.342409356817001, 24.970948832453502, 0.0 ], [ 121.342389396854998, 24.971048686621099, 0.0 ], [ 121.342385851722995, 24.971074140436901, 0.0 ], [ 121.342384542233006, 24.971089648260399, 0.0 ], [ 121.342385448258, 24.971113532084601, 0.0 ], [ 121.342387856220995, 24.971134207609001, 0.0 ], [ 121.342392008294993, 24.971152001868301, 0.0 ], [ 121.342396570660995, 24.971162571298599, 0.0 ], [ 121.342402448561998, 24.971170382292801, 0.0 ], [ 121.342412782018997, 24.971179358006101, 0.0 ], [ 121.342425314964004, 24.971184701747099, 0.0 ], [ 121.342442618179007, 24.971187978708802, 0.0 ], [ 121.342469016677995, 24.971188747150599, 0.0 ], [ 121.342495412822004, 24.9711886864287, 0.0 ], [ 121.342536014570001, 24.9711852065528, 0.0 ], [ 121.342561252012999, 24.971183177432099, 0.0 ], [ 121.342605947945998, 24.971175847353901, 0.0 ], [ 121.342632620554994, 24.9711711868047, 0.0 ], [ 121.342660016205997, 24.971167181647299, 0.0 ], [ 121.342698210191003, 24.971155924374202, 0.0 ], [ 121.342720546348005, 24.971147988694199, 0.0 ], [ 121.342749355311, 24.971133467889398, 0.0 ], [ 121.342787503763006, 24.971105785187401, 0.0 ], [ 121.342824200647001, 24.971074820669699, 0.0 ], [ 121.342849379792995, 24.971051766956698, 0.0 ], [ 121.342875066911006, 24.971030141218201, 0.0 ], [ 121.342901611106996, 24.971011758189501, 0.0 ], [ 121.342918838879996, 24.9710042360697, 0.0 ], [ 121.342956600725998, 24.970996666673098, 0.0 ], [ 121.342995200510998, 24.970995081262501, 0.0 ], [ 121.343034629939993, 24.970996486906099, 0.0 ], [ 121.343067507155993, 24.971004641807699, 0.0 ], [ 121.343092179094, 24.971015808612801, 0.0 ], [ 121.343111095264007, 24.971024743921099, 0.0 ], [ 121.343127949375003, 24.971037210706001, 0.0 ], [ 121.343139913436005, 24.971050117771799, 0.0 ], [ 121.343146947872995, 24.971063683742301, 0.0 ], [ 121.343157265843999, 24.9710906926585, 0.0 ], [ 121.343168868674994, 24.9711248753494, 0.0 ], [ 121.343181270016998, 24.971154028225602, 0.0 ], [ 121.343204376048007, 24.971192883594998, 0.0 ], [ 121.343224630516005, 24.971219567755298, 0.0 ], [ 121.343253190374, 24.971250628369202, 0.0 ], [ 121.343280105711997, 24.9712753933734, 0.0 ], [ 121.343315168613003, 24.971304586247101, 0.0 ], [ 121.343345153517006, 24.971325679411699, 0.0 ], [ 121.343409809758001, 24.971366432528999, 0.0 ], [ 121.343454806002995, 24.971401266062799, 0.0 ], [ 121.343485747611993, 24.9714276107233, 0.0 ], [ 121.343560964839995, 24.971476338749, 0.0 ], [ 121.343593477051996, 24.9714855210817, 0.0 ], [ 121.343625798873006, 24.9714846235434, 0.0 ], [ 121.343646414361004, 24.971478069401201, 0.0 ], [ 121.343684968858, 24.971450462904901, 0.0 ], [ 121.343723044708, 24.9714150643469, 0.0 ], [ 121.343761130944003, 24.9713834108586, 0.0 ], [ 121.343780452127007, 24.9713619658522, 0.0 ], [ 121.343789823492997, 24.9713528490493, 0.0 ], [ 121.343806285254999, 24.971325737544301, 0.0 ], [ 121.343831351673003, 24.971288918091901, 0.0 ], [ 121.343842614235001, 24.9712692913707, 0.0 ], [ 121.343846675658995, 24.9712591490139, 0.0 ], [ 121.343854296206004, 24.971240118666, 0.0 ], [ 121.343866299077007, 24.971210144583601, 0.0 ], [ 121.343876408311004, 24.9711848993615, 0.0 ], [ 121.343885003842999, 24.971163434212599, 0.0 ], [ 121.343888698086005, 24.971153633066901, 0.0 ], [ 121.343895718073995, 24.971129288420698, 0.0 ], [ 121.343906182744007, 24.971092997926, 0.0 ], [ 121.343908047431995, 24.971086531360299, 0.0 ], [ 121.343911316524, 24.971069507228201, 0.0 ], [ 121.343915093918994, 24.9710498360485, 0.0 ], [ 121.343919115507006, 24.971028893201499, 0.0 ], [ 121.343921032360001, 24.971018339512799, 0.0 ], [ 121.343924303687004, 24.971005007504001, 0.0 ], [ 121.343928861517995, 24.970988420426099, 0.0 ], [ 121.343929205071007, 24.970987170151101, 0.0 ], [ 121.344029071408997, 24.970815888927099, 0.0 ], [ 121.344106298287997, 24.970697068469601, 0.0 ], [ 121.344134459472997, 24.970661079593199, 0.0 ], [ 121.344163365320995, 24.970624078024699, 0.0 ], [ 121.344206832336994, 24.9705634808962, 0.0 ], [ 121.344226179108006, 24.970535556144299, 0.0 ], [ 121.344240454569999, 24.970522485379199, 0.0 ], [ 121.344252698953994, 24.970514261905901, 0.0 ], [ 121.344287816212002, 24.970496672822399, 0.0 ], [ 121.344360941065005, 24.970471545691801, 0.0 ], [ 121.344368106727998, 24.970469804349801, 0.0 ], [ 121.344387628419994, 24.970466299498501, 0.0 ], [ 121.344410409459002, 24.970464269831599, 0.0 ], [ 121.344468461565, 24.970469858041699, 0.0 ], [ 121.344482053837993, 24.9704713005187, 0.0 ], [ 121.344555636834002, 24.970482453832499, 0.0 ], [ 121.344616938594001, 24.970494395459301, 0.0 ], [ 121.344699253060995, 24.970507381095601, 0.0 ], [ 121.344731250419002, 24.970514859206599, 0.0 ], [ 121.344775214145002, 24.970522639480599, 0.0 ], [ 121.344790441433005, 24.9705265647139, 0.0 ], [ 121.344802421298994, 24.970529739577099, 0.0 ], [ 121.344811150517003, 24.970532999313001, 0.0 ], [ 121.344850436578994, 24.970550487500098, 0.0 ], [ 121.344892950204994, 24.970572069986201, 0.0 ], [ 121.344962389491997, 24.970605517504399, 0.0 ], [ 121.344993831740993, 24.970617804999801, 0.0 ], [ 121.345004648786002, 24.970622357828301, 0.0 ], [ 121.345022988043993, 24.970632660566402, 0.0 ], [ 121.345027247472004, 24.970636927414699, 0.0 ], [ 121.345032186072004, 24.970644247473601, 0.0 ], [ 121.345034547015004, 24.970649129662899, 0.0 ], [ 121.345038762333004, 24.970659308202698, 0.0 ], [ 121.345046519514, 24.970682728238, 0.0 ], [ 121.345050747361, 24.9706995598943, 0.0 ], [ 121.345054080843994, 24.9707204378184, 0.0 ], [ 121.345056079119999, 24.970743761497001, 0.0 ], [ 121.345054827471998, 24.970758612601902, 0.0 ], [ 121.345050733793002, 24.970796133852001, 0.0 ], [ 121.345047543104997, 24.970833493585999, 0.0 ], [ 121.345045052778005, 24.970863201706901, 0.0 ], [ 121.345039350364004, 24.970922000422799, 0.0 ], [ 121.345029421549995, 24.970967830310101, 0.0 ], [ 121.345018626265997, 24.971006262383899, 0.0 ], [ 121.345011149290002, 24.971025067679602, 0.0 ], [ 121.345004641963996, 24.971039397417901, 0.0 ], [ 121.345000551159004, 24.971051047812601, 0.0 ], [ 121.344980027808006, 24.971094549586802, 0.0 ], [ 121.344936577699997, 24.971185527705099, 0.0 ], [ 121.344911072857002, 24.971238382278301, 0.0 ], [ 121.344891297428006, 24.971301609553599, 0.0 ], [ 121.344870386775995, 24.9713720812933, 0.0 ], [ 121.344867626346996, 24.971380328529801, 0.0 ], [ 121.344866028024995, 24.971389418289, 0.0 ], [ 121.344866516078, 24.971398080582102, 0.0 ], [ 121.344867686433005, 24.9714018813366, 0.0 ], [ 121.344876331796002, 24.971418192290699, 0.0 ], [ 121.344917621280999, 24.971505845008299, 0.0 ], [ 121.344923733488002, 24.971519319581901, 0.0 ], [ 121.344930989553006, 24.971534520799601, 0.0 ], [ 121.344939372057993, 24.971545223179401, 0.0 ], [ 121.344944325038995, 24.971551437251499, 0.0 ], [ 121.344961619225003, 24.971567897241201, 0.0 ], [ 121.345012577231003, 24.971620134708999, 0.0 ], [ 121.345049044145, 24.971664194546499, 0.0 ], [ 121.345110166235997, 24.971731600096899, 0.0 ], [ 121.345306955628999, 24.971892261433101, 0.0 ], [ 121.345431124011, 24.9719926109479, 0.0 ], [ 121.345535043913998, 24.9719102257515, 0.0 ], [ 121.345608215960993, 24.971981378058999, 0.0 ], [ 121.345496310410994, 24.9720681707282, 0.0 ], [ 121.345480425225006, 24.972081430594901, 0.0 ], [ 121.345536456226995, 24.9721606990962, 0.0 ], [ 121.345619855739997, 24.972256828071401, 0.0 ], [ 121.345619855739997, 24.972256828071401, 0.0 ], [ 121.345628051304004, 24.972267826256399, 0.0 ], [ 121.345635393509994, 24.972279314385499, 0.0 ], [ 121.345641847254996, 24.972291237534801, 0.0 ], [ 121.345647381684998, 24.9723035387008, 0.0 ], [ 121.345651970337997, 24.972316159072498, 0.0 ], [ 121.345655591278003, 24.9723290383129, 0.0 ], [ 121.345660286469993, 24.972346202560001, 0.0 ], [ 121.345663159454006, 24.9723555337339, 0.0 ], [ 121.345670212719995, 24.972387762210001, 0.0 ], [ 121.345677280762004, 24.972425276688199, 0.0 ], [ 121.345679308629002, 24.972443582266301, 0.0 ], [ 121.345678190323994, 24.972460577299401, 0.0 ], [ 121.345673584910998, 24.972481297572099, 0.0 ], [ 121.345667788418993, 24.9724929933294, 0.0 ], [ 121.345657344962007, 24.972510541063802, 0.0 ], [ 121.345648638438007, 24.972523836623399, 0.0 ], [ 121.345631998122002, 24.9725445639763, 0.0 ], [ 121.345600444224004, 24.9725796157826, 0.0 ], [ 121.345578204994993, 24.972605664978801, 0.0 ], [ 121.3455444457, 24.972645864417998, 0.0 ], [ 121.345526296073004, 24.972664838678501, 0.0 ], [ 121.345506068681999, 24.9726858469677, 0.0 ], [ 121.345485056751997, 24.972707410777598, 0.0 ], [ 121.345466386122993, 24.972726554158601, 0.0 ], [ 121.345441833766003, 24.972751715494201, 0.0 ], [ 121.345421881589004, 24.972772148966801, 0.0 ], [ 121.345393212931995, 24.972801539831899, 0.0 ], [ 121.345369265366003, 24.972826088962101, 0.0 ], [ 121.345352720912004, 24.972843048986199, 0.0 ], [ 121.345352720912004, 24.972843048986199, 0.0 ], [ 121.345333525026007, 24.972859305373699, 0.0 ], [ 121.345316268816006, 24.972873919106402, 0.0 ], [ 121.345303787239004, 24.972884489350999, 0.0 ], [ 121.345287108793997, 24.9728986130871, 0.0 ], [ 121.345268643468003, 24.972914249548602, 0.0 ], [ 121.345250681535006, 24.972929565836399, 0.0 ], [ 121.345231163459999, 24.972946183806702, 0.0 ], [ 121.345209082216002, 24.972965047756901, 0.0 ], [ 121.345188959002002, 24.972982168408699, 0.0 ], [ 121.345174169383, 24.972994873682001, 0.0 ], [ 121.345160416629, 24.973006585823601, 0.0 ], [ 121.345149691914003, 24.973015784695299, 0.0 ], [ 121.345130977549999, 24.973031772300899, 0.0 ], [ 121.345109375386002, 24.973050258698599, 0.0 ], [ 121.345097583295001, 24.973060349965699, 0.0 ], [ 121.345087863806, 24.973068667569699, 0.0 ], [ 121.345076800650006, 24.9730781350342, 0.0 ], [ 121.345064920528998, 24.973088292344102, 0.0 ], [ 121.345061081677002, 24.973092259344799, 0.0 ], [ 121.345040257216993, 24.973113778970099, 0.0 ], [ 121.345022515029996, 24.973132120213201, 0.0 ], [ 121.344998855580002, 24.973156103541999, 0.0 ], [ 121.344979561855993, 24.973175450160898, 0.0 ], [ 121.344943398267006, 24.973207834548901, 0.0 ], [ 121.344919453906996, 24.973226349036398, 0.0 ], [ 121.344888589625995, 24.9732492513882, 0.0 ], [ 121.344839684345999, 24.973277443750199, 0.0 ], [ 121.344798854903999, 24.973299850257199, 0.0 ], [ 121.344762394322998, 24.973315121678901, 0.0 ], [ 121.344739482579001, 24.9733214896671, 0.0 ], [ 121.344727766982004, 24.973322700431101, 0.0 ], [ 121.344688234195999, 24.973322185657899, 0.0 ], [ 121.344657618347995, 24.973319398708899, 0.0 ], [ 121.344638598320998, 24.973317133321199, 0.0 ], [ 121.344608165872998, 24.973313354726699, 0.0 ], [ 121.344584070219, 24.9733091765594, 0.0 ], [ 121.344540943821997, 24.973298883969299, 0.0 ], [ 121.344510082417003, 24.973292796926501, 0.0 ], [ 121.344480484263997, 24.9732851673574, 0.0 ], [ 121.344421685971, 24.973261054444201, 0.0 ], [ 121.344372627069006, 24.973244617091201, 0.0 ], [ 121.344302916917997, 24.973218905690999, 0.0 ], [ 121.344238340206999, 24.9731974021322, 0.0 ], [ 121.344180566825003, 24.973180213395601, 0.0 ], [ 121.344131639178002, 24.973169190741501, 0.0 ], [ 121.344096992006001, 24.973164940249301, 0.0 ], [ 121.344074574163002, 24.973162517432499, 0.0 ], [ 121.344040626725999, 24.973165689178401, 0.0 ], [ 121.344012149373, 24.9731706656932, 0.0 ], [ 121.343981340322998, 24.9731784466235, 0.0 ], [ 121.343960806569996, 24.973185653131502, 0.0 ], [ 121.343933043044004, 24.973201687455798, 0.0 ], [ 121.343918569780001, 24.973214386891101, 0.0 ], [ 121.343902295225007, 24.9732314960699, 0.0 ], [ 121.343887838735995, 24.973250253124998, 0.0 ], [ 121.343878815382993, 24.973266244174201, 0.0 ], [ 121.343868595130004, 24.973286643519799, 0.0 ], [ 121.343858980977998, 24.9733075921915, 0.0 ], [ 121.343854202776996, 24.973326113115199, 0.0 ], [ 121.343851524000996, 24.973344142072399, 0.0 ], [ 121.343849565422005, 24.973375841828101, 0.0 ], [ 121.343851686397997, 24.973402560365901, 0.0 ], [ 121.343855195942993, 24.9734379763375, 0.0 ], [ 121.343859384284002, 24.973472147792201, 0.0 ], [ 121.343861498294004, 24.9734963804481, 0.0 ], [ 121.343864971621997, 24.9735187455281, 0.0 ], [ 121.343877434899994, 24.9735639526242, 0.0 ], [ 121.343894783826002, 24.9736392361634, 0.0 ], [ 121.343948402533997, 24.973793072408199, 0.0 ], [ 121.344085647122, 24.974042460099, 0.0 ], [ 121.344257541304003, 24.974253703419301, 0.0 ], [ 121.344257541304003, 24.974253703419301, 0.0 ], [ 121.344266310064, 24.9742607416113, 0.0 ], [ 121.344275570605006, 24.974267235402301, 0.0 ], [ 121.344285282323, 24.974273156319299, 0.0 ], [ 121.344295402634998, 24.974278478401299, 0.0 ], [ 121.344305887166996, 24.974283178312799, 0.0 ], [ 121.344316689948997, 24.974287235446401, 0.0 ], [ 121.344327763614999, 24.974290632012998, 0.0 ], [ 121.344339059609993, 24.974293353119901, 0.0 ], [ 121.344350528405002, 24.974295386836001, 0.0 ], [ 121.344362119715001, 24.974296724244201, 0.0 ], [ 121.344373782714001, 24.974297359480399, 0.0 ], [ 121.344385466266004, 24.974297289759399, 0.0 ], [ 121.344397119140993, 24.9742965153869, 0.0 ], [ 121.344408690245999, 24.974295039758101, 0.0 ], [ 121.344420128845996, 24.974292869343302, 0.0 ], [ 121.344491114709996, 24.974267542022801, 0.0 ], [ 121.344533151180997, 24.974224600555601, 0.0 ], [ 121.344560363670993, 24.974180870916602, 0.0 ], [ 121.344611609314001, 24.974028352637401, 0.0 ], [ 121.344632345172997, 24.973958642619099, 0.0 ], [ 121.344690493604006, 24.973832973601301, 0.0 ], [ 121.344761947416998, 24.973782457767399, 0.0 ], [ 121.344853321963001, 24.973751891456299, 0.0 ], [ 121.344969727055997, 24.973726768115, 0.0 ], [ 121.345250577737005, 24.973666152588301, 0.0 ], [ 121.345381943031995, 24.973627005973501, 0.0 ], [ 121.345608936187006, 24.973548362506101, 0.0 ], [ 121.345721970889997, 24.9735138989872, 0.0 ], [ 121.345966598328005, 24.973482558566602, 0.0 ], [ 121.346101663099006, 24.973477015303601, 0.0 ], [ 121.346335115176998, 24.973476369799201, 0.0 ], [ 121.346471959254004, 24.9734871543628, 0.0 ], [ 121.346854687890996, 24.973585786554398, 0.0 ], [ 121.347201318851006, 24.973689495144001, 0.0 ], [ 121.347439353653002, 24.973782235661499, 0.0 ], [ 121.347659032143, 24.973887428561401, 0.0 ], [ 121.347743181550996, 24.973935747512101, 0.0 ], [ 121.347895236089002, 24.974024426497799, 0.0 ], [ 121.348036097578003, 24.974106806483899, 0.0 ], [ 121.348142800388004, 24.974165495387201, 0.0 ], [ 121.348220192916003, 24.974192405697298, 0.0 ], [ 121.348220192916003, 24.974192405697298, 0.0 ], [ 121.348250206578001, 24.974202829677999, 0.0 ], [ 121.348256591885004, 24.9742043179271, 0.0 ], [ 121.348281838028996, 24.974212939816599, 0.0 ], [ 121.348332745446996, 24.974239895641801, 0.0 ], [ 121.348521671119997, 24.9743414054951, 0.0 ], [ 121.348609294254999, 24.974390050806399, 0.0 ], [ 121.348651180976006, 24.974412932875399, 0.0 ], [ 121.348697099225006, 24.974440816092301, 0.0 ], [ 121.348749686396005, 24.9744756237526, 0.0 ], [ 121.348808324532001, 24.9745180331551, 0.0 ], [ 121.348847632719995, 24.974549192156999, 0.0 ], [ 121.348910053355993, 24.9746051529896, 0.0 ], [ 121.348934123836997, 24.9746300297275, 0.0 ], [ 121.348962613894997, 24.974670661535701, 0.0 ], [ 121.348962613894997, 24.974670661535701, 0.0 ], [ 121.348962613894997, 24.974670661535701, 0.0 ], [ 121.348963732933996, 24.9746725630641, 0.0 ], [ 121.348964415744007, 24.9746737233312, 0.0 ], [ 121.348985431459994, 24.974712094522999, 0.0 ], [ 121.349001011149994, 24.9747441082494, 0.0 ], [ 121.349008657759001, 24.974776268178299, 0.0 ], [ 121.349016253559, 24.974822582318499, 0.0 ], [ 121.349027063785002, 24.974908850255801, 0.0 ], [ 121.349027225293995, 24.974923460586002, 0.0 ], [ 121.349026954440006, 24.974926783889099, 0.0 ], [ 121.349026661831999, 24.974929094175, 0.0 ], [ 121.349026546866995, 24.974929817254701, 0.0 ], [ 121.349017347227004, 24.9749677401559, 0.0 ], [ 121.34901053774, 24.974988899098602, 0.0 ], [ 121.349000462819006, 24.9750104666204, 0.0 ], [ 121.348986340639996, 24.975034505810299, 0.0 ], [ 121.348970175632999, 24.975053009932701, 0.0 ], [ 121.34895601865, 24.9750647384008, 0.0 ], [ 121.348943878376005, 24.975072768869101, 0.0 ], [ 121.348925665387995, 24.975083891296599, 0.0 ], [ 121.348871992018999, 24.9751069670194, 0.0 ], [ 121.348871417785006, 24.975107164724399, 0.0 ], [ 121.348870258801995, 24.975107525379499, 0.0 ], [ 121.348833487278995, 24.975118121723099, 0.0 ], [ 121.348804915448994, 24.975126355177601, 0.0 ], [ 121.348791809811004, 24.975130131786301, 0.0 ], [ 121.348762398350999, 24.975138607184402, 0.0 ], [ 121.34871990952, 24.975151070887101, 0.0 ], [ 121.348688339312005, 24.975162779697001, 0.0 ], [ 121.348653652783995, 24.9751756442827, 0.0 ], [ 121.348622044994002, 24.975192601804999, 0.0 ], [ 121.348551952044005, 24.975237176164999, 0.0 ], [ 121.348499265130997, 24.975262977577401, 0.0 ], [ 121.348472944370002, 24.975280474973399, 0.0 ], [ 121.348413411368, 24.9753620817471, 0.0 ], [ 121.348385471255995, 24.975401278163702, 0.0 ], [ 121.348356030274999, 24.975442580075399, 0.0 ], [ 121.348347723402995, 24.975454233543601, 0.0 ], [ 121.348328777470996, 24.975479024297702, 0.0 ], [ 121.348317729566006, 24.975493893816601, 0.0 ], [ 121.348306339459, 24.9755076303287, 0.0 ], [ 121.348280898276002, 24.975540397354401, 0.0 ], [ 121.348271539547994, 24.975551882101598, 0.0 ], [ 121.348257543429995, 24.975570646221499, 0.0 ], [ 121.348230764866003, 24.975608289890602, 0.0 ], [ 121.348209003909005, 24.975642451121001, 0.0 ], [ 121.348194195830004, 24.9756660553759, 0.0 ], [ 121.348180695630006, 24.9756875748464, 0.0 ], [ 121.348167387377998, 24.975708788340899, 0.0 ], [ 121.348161703635995, 24.9757176066176, 0.0 ], [ 121.348154114728004, 24.9757283493418, 0.0 ], [ 121.348144728194995, 24.975741636750101, 0.0 ], [ 121.348129103568994, 24.9757637546819, 0.0 ], [ 121.348111890734998, 24.975788120840299, 0.0 ], [ 121.348093976412997, 24.9758151933327, 0.0 ], [ 121.348079682822004, 24.9758372503393, 0.0 ], [ 121.348069501466, 24.975853099079899, 0.0 ], [ 121.348058629622997, 24.975870880296402, 0.0 ], [ 121.348045101208001, 24.975888558328101, 0.0 ], [ 121.348033722181, 24.975903427678698, 0.0 ], [ 121.348023960174999, 24.975921007893199, 0.0 ], [ 121.348005461802003, 24.975956380178101, 0.0 ], [ 121.347992189270997, 24.975981759680099, 0.0 ], [ 121.347978792641001, 24.9760073764708, 0.0 ], [ 121.347971730354004, 24.976020880842299, 0.0 ], [ 121.347958290600999, 24.9760465800742, 0.0 ], [ 121.347949080638998, 24.976072344295499, 0.0 ], [ 121.347941516351995, 24.9760943572863, 0.0 ], [ 121.347929288605997, 24.976129941489098, 0.0 ], [ 121.34791851816, 24.976161284760099, 0.0 ], [ 121.347919438421002, 24.976173222499298, 0.0 ], [ 121.347920943087004, 24.9761838118804, 0.0 ], [ 121.347922488945002, 24.976190875927099, 0.0 ], [ 121.347930187726007, 24.976202356637899, 0.0 ], [ 121.347937198699995, 24.9762111787729, 0.0 ], [ 121.347946843876002, 24.9762199312073, 0.0 ], [ 121.347954036768002, 24.976223839491201, 0.0 ], [ 121.347962314754994, 24.976227641002001, 0.0 ], [ 121.34797621237, 24.976231543708401, 0.0 ], [ 121.347984334269995, 24.976233824486901, 0.0 ], [ 121.348011243924006, 24.9762337615775, 0.0 ], [ 121.348030674571007, 24.976233021248699, 0.0 ], [ 121.348042138268994, 24.9762332621602, 0.0 ], [ 121.348060537102995, 24.976231449683301, 0.0 ], [ 121.348074507234003, 24.976230112360099, 0.0 ], [ 121.348105169632007, 24.976228916497799, 0.0 ], [ 121.348134312105003, 24.976227356750002, 0.0 ], [ 121.348156725536001, 24.976224805707201, 0.0 ], [ 121.348180834106998, 24.976222143085099, 0.0 ], [ 121.348203137194005, 24.976220225953998, 0.0 ], [ 121.348225695609003, 24.976217028259299, 0.0 ], [ 121.348251640697001, 24.976214809806301, 0.0 ], [ 121.348278246202995, 24.976216656332301, 0.0 ], [ 121.348293913958003, 24.976218202111902, 0.0 ], [ 121.348308206696998, 24.9762221853094, 0.0 ], [ 121.348330378162998, 24.976228429308499, 0.0 ], [ 121.3483458611, 24.976232931501599, 0.0 ], [ 121.348364674269007, 24.9762400738948, 0.0 ], [ 121.348382446607005, 24.976246701361301, 0.0 ], [ 121.348401024216002, 24.9762531405886, 0.0 ], [ 121.348424332235993, 24.976261170849799, 0.0 ], [ 121.348441592590007, 24.976267017423101, 0.0 ], [ 121.348474084748005, 24.976278023434599, 0.0 ], [ 121.348495807819006, 24.976285381647401, 0.0 ], [ 121.348523690543004, 24.976297121843299, 0.0 ], [ 121.348542526469998, 24.976305781106401, 0.0 ], [ 121.348595875954999, 24.976330457612701, 0.0 ], [ 121.348603344169007, 24.976333915816099, 0.0 ], [ 121.348621881848004, 24.976338139573599, 0.0 ], [ 121.348690917195, 24.976353869059199, 0.0 ], [ 121.348714195355996, 24.976359172906399, 0.0 ], [ 121.348732763585005, 24.976360572580401, 0.0 ], [ 121.348790805047997, 24.9763649477336, 0.0 ], [ 121.348836659704006, 24.976368404231501, 0.0 ], [ 121.348842554628007, 24.9763680975447, 0.0 ], [ 121.348870291864003, 24.976366654495902, 0.0 ], [ 121.348892135078003, 24.976364365414099, 0.0 ], [ 121.348917900342002, 24.9763609876358, 0.0 ], [ 121.348938999577996, 24.976358221561501, 0.0 ], [ 121.348962935969993, 24.976355083537101, 0.0 ], [ 121.348977811525003, 24.976353927112001, 0.0 ], [ 121.348996476642995, 24.976354054988601, 0.0 ], [ 121.349006214971993, 24.976354121705899, 0.0 ], [ 121.349025816399006, 24.976356469234599, 0.0 ], [ 121.349050491521993, 24.976359424401402, 0.0 ], [ 121.349068383434997, 24.976361567188, 0.0 ], [ 121.349085081110005, 24.9763667776975, 0.0 ], [ 121.349113673944004, 24.976376134846699, 0.0 ], [ 121.349128548533002, 24.976381002628099, 0.0 ], [ 121.349145503661006, 24.976390412458699, 0.0 ], [ 121.349156110096999, 24.9763962988633, 0.0 ], [ 121.349168157075994, 24.9764029847444, 0.0 ], [ 121.349185026556995, 24.976416529925299, 0.0 ], [ 121.349197489453999, 24.976426536880201, 0.0 ], [ 121.349208245363997, 24.976436118087499, 0.0 ], [ 121.349221074905998, 24.976450238637899, 0.0 ], [ 121.349230319105004, 24.9764604130579, 0.0 ], [ 121.349243208448001, 24.9764745994195, 0.0 ], [ 121.349249147438002, 24.976487115800701, 0.0 ], [ 121.349264000613999, 24.976518418751901, 0.0 ], [ 121.349267837343007, 24.976551304920601, 0.0 ], [ 121.349270062152002, 24.976570374651299, 0.0 ], [ 121.349272420491999, 24.976590588925099, 0.0 ], [ 121.349277749658995, 24.976636267322899, 0.0 ], [ 121.349278456994, 24.9766486006964, 0.0 ], [ 121.349278635998004, 24.976673128761501, 0.0 ], [ 121.349278778878997, 24.976692707216799, 0.0 ], [ 121.349279161062995, 24.9767450762706, 0.0 ], [ 121.349272998326001, 24.9767841362548, 0.0 ], [ 121.349268004671998, 24.9767982325709, 0.0 ], [ 121.349261269327002, 24.976813578931399, 0.0 ], [ 121.349255014497004, 24.9768262818484, 0.0 ], [ 121.349248806809001, 24.976838703391099, 0.0 ], [ 121.349240257540998, 24.976855364107799, 0.0 ], [ 121.349231657814997, 24.976870247527199, 0.0 ], [ 121.349217156131999, 24.976892198191301, 0.0 ], [ 121.349210779643997, 24.9769002324648, 0.0 ], [ 121.349201431873993, 24.9769089582697, 0.0 ], [ 121.349193415965004, 24.976915186257798, 0.0 ], [ 121.349181359178004, 24.976922254574198, 0.0 ], [ 121.349146043700003, 24.976936205642001, 0.0 ], [ 121.349125153686003, 24.976943950968298, 0.0 ], [ 121.349087506182002, 24.976957909408402, 0.0 ], [ 121.349050629372996, 24.976971534918601, 0.0 ], [ 121.349012964172005, 24.9769852722455, 0.0 ], [ 121.348978156317003, 24.9769992231133, 0.0 ], [ 121.348940850844002, 24.9770143576084, 0.0 ], [ 121.348888857987006, 24.977034725185401, 0.0 ], [ 121.348834931284003, 24.977055368970198, 0.0 ], [ 121.348795016978997, 24.977070517239301, 0.0 ], [ 121.348740259680994, 24.977090763939199, 0.0 ], [ 121.348672314628004, 24.977115901155599, 0.0 ], [ 121.348607788102996, 24.977139194637601, 0.0 ], [ 121.348557538475006, 24.977157437340001, 0.0 ], [ 121.348517640981001, 24.977172236399799, 0.0 ], [ 121.348491017558999, 24.977180773649099, 0.0 ], [ 121.348470102340002, 24.977186961638399, 0.0 ], [ 121.348439860024996, 24.9771982389633, 0.0 ], [ 121.348421634727003, 24.9772051280179, 0.0 ], [ 121.348400672481006, 24.9772138628155, 0.0 ], [ 121.348390354681001, 24.977218463348201, 0.0 ], [ 121.348383389342004, 24.977221783470601, 0.0 ], [ 121.348378895384002, 24.977224660116299, 0.0 ], [ 121.348374507350997, 24.977227697172399, 0.0 ], [ 121.348368136754004, 24.9772344181197, 0.0 ], [ 121.348364632137006, 24.977239588183998, 0.0 ], [ 121.348361152264005, 24.977246666673398, 0.0 ], [ 121.348359560120002, 24.977251546995301, 0.0 ], [ 121.348358349077003, 24.977258245140501, 0.0 ], [ 121.348357473890999, 24.977263434781001, 0.0 ], [ 121.348356198668995, 24.977273078354301, 0.0 ], [ 121.348354500682007, 24.977290739916, 0.0 ], [ 121.348353063036001, 24.977307961896202, 0.0 ], [ 121.348350016170002, 24.977330490256001, 0.0 ], [ 121.348347875024999, 24.977346648599401, 0.0 ], [ 121.348346520093997, 24.9773690838846, 0.0 ], [ 121.348342918686996, 24.9774216554266, 0.0 ], [ 121.348342795088001, 24.977428257303401, 0.0 ], [ 121.348342443765006, 24.977484924353501, 0.0 ], [ 121.348340549739007, 24.977521252659798, 0.0 ], [ 121.348337756454001, 24.977574281207598, 0.0 ], [ 121.348336808503007, 24.9776082554331, 0.0 ], [ 121.348336205942005, 24.9776298510088, 0.0 ], [ 121.348337363645996, 24.977661839569599, 0.0 ], [ 121.348338708160995, 24.9776989899275, 0.0 ], [ 121.348339034836002, 24.977708016282499, 0.0 ], [ 121.348339179083993, 24.977745904856999, 0.0 ], [ 121.348336987647997, 24.977767114629099, 0.0 ], [ 121.348333049383996, 24.977786927330101, 0.0 ], [ 121.348330472865001, 24.977794676329001, 0.0 ], [ 121.348317510984998, 24.977824297751699, 0.0 ], [ 121.348311185821998, 24.977837484910399, 0.0 ], [ 121.348304567306002, 24.977849355349498, 0.0 ], [ 121.348293350774995, 24.977869882330499, 0.0 ], [ 121.348282127092006, 24.977888033424499, 0.0 ], [ 121.348273854650003, 24.9778989619358, 0.0 ], [ 121.348262954947998, 24.977911284304, 0.0 ], [ 121.348256569659, 24.977918726543301, 0.0 ], [ 121.348244542993001, 24.9779293489301, 0.0 ], [ 121.348229836170006, 24.977938949007999, 0.0 ], [ 121.348218790101001, 24.977945871681101, 0.0 ], [ 121.348207568586005, 24.977952117999799, 0.0 ], [ 121.348198280817996, 24.977956191067999, 0.0 ], [ 121.348182530470993, 24.9779624889884, 0.0 ], [ 121.348169200553997, 24.9779669397461, 0.0 ], [ 121.348161093588999, 24.9779696691647, 0.0 ], [ 121.348153379970995, 24.977972179865901, 0.0 ], [ 121.348139802204997, 24.9779763058865, 0.0 ], [ 121.348127554597994, 24.977980436763101, 0.0 ], [ 121.348096008434993, 24.977988395000501, 0.0 ], [ 121.348068119122004, 24.977995218192, 0.0 ], [ 121.348017271977994, 24.978003703991501, 0.0 ], [ 121.347925841106004, 24.978012913188799, 0.0 ], [ 121.347786206246994, 24.978026024352602, 0.0 ], [ 121.347715164704994, 24.9780318378162, 0.0 ], [ 121.347673536100004, 24.978037334544801, 0.0 ], [ 121.347649154644003, 24.9780418555167, 0.0 ], [ 121.347619072783004, 24.978048519568599, 0.0 ], [ 121.347607101967, 24.978051502150699, 0.0 ], [ 121.347594017012995, 24.978055455470098, 0.0 ], [ 121.347576921455996, 24.978061038096499, 0.0 ], [ 121.347557057317999, 24.978069166491199, 0.0 ], [ 121.347538826112, 24.978078195679998, 0.0 ], [ 121.347523821844007, 24.9780878416903, 0.0 ], [ 121.347498326012001, 24.978109253038401, 0.0 ], [ 121.347477688585997, 24.9781289415298, 0.0 ], [ 121.347461223706006, 24.978145920501799, 0.0 ], [ 121.347449538749999, 24.978159111127798, 0.0 ], [ 121.347432561388004, 24.978180332882701, 0.0 ], [ 121.347414731751002, 24.978205898510598, 0.0 ], [ 121.347399362524001, 24.978229053438099, 0.0 ], [ 121.347387642415995, 24.978247343456999, 0.0 ], [ 121.347376107051005, 24.978266530199701, 0.0 ], [ 121.347366493175997, 24.9782825679818, 0.0 ], [ 121.347363312563004, 24.978289686599801, 0.0 ], [ 121.347361218559001, 24.9782971603472, 0.0 ], [ 121.347360483984005, 24.9783049410551, 0.0 ], [ 121.347359876932003, 24.978314368403598, 0.0 ], [ 121.347355165872003, 24.978355811383199, 0.0 ], [ 121.347350515190996, 24.9783865054657, 0.0 ], [ 121.347348457267998, 24.9784032901924, 0.0 ], [ 121.347343348129002, 24.978444057442399, 0.0 ], [ 121.347339454161997, 24.9784727287092, 0.0 ], [ 121.347337958785999, 24.978494653192499, 0.0 ], [ 121.347336762566997, 24.978514022485399, 0.0 ], [ 121.347335974849997, 24.978530352929901, 0.0 ], [ 121.347335605810002, 24.978547441818002, 0.0 ], [ 121.347336293634996, 24.978570965572899, 0.0 ], [ 121.347339896085003, 24.978596158287601, 0.0 ], [ 121.347343084144995, 24.978608397834002, 0.0 ], [ 121.347346128699002, 24.978621629912801, 0.0 ], [ 121.347348692039006, 24.978632200892601, 0.0 ], [ 121.347350691743003, 24.978641091051902, 0.0 ], [ 121.347353243943999, 24.9786512790537, 0.0 ], [ 121.347358856057994, 24.9786647860453, 0.0 ], [ 121.347365352710995, 24.978677819256198, 0.0 ], [ 121.347375502730998, 24.9786916114357, 0.0 ], [ 121.347392921763003, 24.978714639086999, 0.0 ], [ 121.347426123662999, 24.9787597549821, 0.0 ], [ 121.347443440936004, 24.978781328724999, 0.0 ], [ 121.347451243909006, 24.978788931065001, 0.0 ], [ 121.347461416306004, 24.978796877835901, 0.0 ], [ 121.347470532356994, 24.978802595344401, 0.0 ], [ 121.347501593459995, 24.978822490451002, 0.0 ], [ 121.347533063821004, 24.9788430193937, 0.0 ], [ 121.347565165785994, 24.978864691510299, 0.0 ], [ 121.347596636413996, 24.9788852205449, 0.0 ], [ 121.347671168310001, 24.978930379738301, 0.0 ], [ 121.347713436023994, 24.978951393229199, 0.0 ], [ 121.347746594940006, 24.978967878246699, 0.0 ], [ 121.347776551069003, 24.978982770982299, 0.0 ], [ 121.347795177774003, 24.978993834355499, 0.0 ], [ 121.347818752796996, 24.979009720001699, 0.0 ], [ 121.347834630389002, 24.979020418854901, 0.0 ], [ 121.347853698004997, 24.979033267247601, 0.0 ], [ 121.347869092210004, 24.979049415435501, 0.0 ], [ 121.347900266387995, 24.9790821164543, 0.0 ], [ 121.347921706793002, 24.9791066566723, 0.0 ], [ 121.347936948772997, 24.979124237131199, 0.0 ], [ 121.347954210618994, 24.979147849486999, 0.0 ], [ 121.347965349109998, 24.979161965533098, 0.0 ], [ 121.347982782049002, 24.9791840586599, 0.0 ], [ 121.348004668190995, 24.979211795409402, 0.0 ], [ 121.348023141753004, 24.979235207314598, 0.0 ], [ 121.348040089083, 24.979256684987099, 0.0 ], [ 121.348055524488998, 24.979275631692399, 0.0 ], [ 121.348061620726995, 24.979283114721401, 0.0 ], [ 121.348092015258004, 24.979331252058198, 0.0 ], [ 121.348111380652, 24.979361418297199, 0.0 ], [ 121.348125929478996, 24.979384232885, 0.0 ], [ 121.348153036767997, 24.979429341124799, 0.0 ], [ 121.348173789933995, 24.9794628386623, 0.0 ], [ 121.348194482856997, 24.9794915239486, 0.0 ], [ 121.348206335045006, 24.9795030130214, 0.0 ], [ 121.348216016367004, 24.979510766060098, 0.0 ], [ 121.348225344007005, 24.979517132305698, 0.0 ], [ 121.348236522500002, 24.979523503897902, 0.0 ], [ 121.348248665026006, 24.979528956772299, 0.0 ], [ 121.348269022196007, 24.979535879055, 0.0 ], [ 121.348328368919994, 24.979554780614201, 0.0 ], [ 121.348375365389003, 24.979568811616701, 0.0 ], [ 121.348444155726, 24.979589964766401, 0.0 ], [ 121.348495647792006, 24.979602864205798, 0.0 ], [ 121.348516899131994, 24.979608394410199, 0.0 ], [ 121.348531199527002, 24.9796109648764, 0.0 ], [ 121.348547076093993, 24.979611734240699, 0.0 ], [ 121.348579008583997, 24.9796129239949, 0.0 ], [ 121.348635929344994, 24.9796140553314, 0.0 ], [ 121.348690072653994, 24.979614771484599, 0.0 ], [ 121.34871413386, 24.979614293564101, 0.0 ], [ 121.348760121997003, 24.979617796419099, 0.0 ], [ 121.348777550004002, 24.979622372174099, 0.0 ], [ 121.348796146664995, 24.9796281585614, 0.0 ], [ 121.348824716609002, 24.979637489337701, 0.0 ], [ 121.348841725517005, 24.979643075671198, 0.0 ], [ 121.348854940878994, 24.979647416067198, 0.0 ], [ 121.348867236942993, 24.979653645312698, 0.0 ], [ 121.348881277556998, 24.9796614589354, 0.0 ], [ 121.348904341845, 24.979674940915501, 0.0 ], [ 121.348923596725001, 24.979688588753401, 0.0 ], [ 121.348948461860999, 24.979711653026399, 0.0 ], [ 121.348961440403002, 24.9797248210483, 0.0 ], [ 121.34897916701, 24.9797457034656, 0.0 ], [ 121.348988916685002, 24.9797600447097, 0.0 ], [ 121.348995733120006, 24.979778505355402, 0.0 ], [ 121.348998358518003, 24.979785615601301, 0.0 ], [ 121.349003571622006, 24.979802028674399, 0.0 ], [ 121.349005186235004, 24.9798083249356, 0.0 ], [ 121.349008036984003, 24.979819441573301, 0.0 ], [ 121.349016530902006, 24.979867440129102, 0.0 ], [ 121.349023081298, 24.979896391743701, 0.0 ], [ 121.349026184752006, 24.9799129991592, 0.0 ], [ 121.349030254412, 24.979942641581001, 0.0 ], [ 121.349044474907998, 24.9800382206551, 0.0 ], [ 121.349049193428002, 24.980082295374402, 0.0 ], [ 121.349050971647998, 24.980109159593901, 0.0 ], [ 121.349052610399994, 24.980133281357201, 0.0 ], [ 121.349056270255005, 24.9801892951666, 0.0 ], [ 121.349058880822994, 24.980229494586901, 0.0 ], [ 121.349060301231006, 24.980263821421001, 0.0 ], [ 121.349061542773001, 24.9803044438389, 0.0 ], [ 121.349061460347002, 24.9803460571725, 0.0 ], [ 121.349059629533002, 24.9803732046975, 0.0 ], [ 121.349059197013005, 24.980385088362301, 0.0 ], [ 121.349056969610999, 24.980421165673999, 0.0 ], [ 121.349053298168002, 24.980440907816099, 0.0 ], [ 121.349049320513998, 24.980452141841798, 0.0 ], [ 121.349043450267999, 24.980463506598799, 0.0 ], [ 121.349028846519005, 24.9804802798823, 0.0 ], [ 121.349014437115997, 24.9804930421558, 0.0 ], [ 121.349001665469004, 24.980504098386501, 0.0 ], [ 121.348987848389996, 24.9805154049286, 0.0 ], [ 121.348972486389002, 24.980527975680399, 0.0 ], [ 121.348961771852998, 24.980536406652998, 0.0 ], [ 121.348950811481998, 24.980544264668399, 0.0 ], [ 121.348923964324001, 24.980563512675001, 0.0 ], [ 121.348892566699007, 24.9805858869118, 0.0 ], [ 121.348873865857996, 24.980599148269199, 0.0 ], [ 121.348861086900001, 24.980608286539798, 0.0 ], [ 121.348840998656001, 24.980621286301499, 0.0 ], [ 121.348815564578004, 24.980638003028499, 0.0 ], [ 121.348788308210004, 24.980656500256501, 0.0 ], [ 121.348752856895999, 24.980682252815299, 0.0 ], [ 121.348725224616999, 24.9807041227245, 0.0 ], [ 121.348706057200005, 24.980721003199701, 0.0 ], [ 121.348692056122005, 24.980735300875502, 0.0 ], [ 121.348688100662002, 24.980739808221202, 0.0 ], [ 121.348684760124002, 24.980744663030599, 0.0 ], [ 121.348683057987003, 24.9807481709495, 0.0 ], [ 121.348682200970003, 24.980752400621601, 0.0 ], [ 121.348682030399999, 24.9807595165192, 0.0 ], [ 121.348683181165001, 24.980768647094202, 0.0 ], [ 121.348685507331993, 24.980778406948701, 0.0 ], [ 121.348690584918998, 24.9807938251476, 0.0 ], [ 121.348697453127002, 24.980809952553798, 0.0 ], [ 121.348705747482001, 24.9808265061417, 0.0 ], [ 121.348712145985004, 24.980838269542499, 0.0 ], [ 121.348719951294001, 24.980849707711101, 0.0 ], [ 121.348726647868006, 24.980859521098299, 0.0 ], [ 121.348737853000998, 24.980872671493799, 0.0 ], [ 121.348751520880995, 24.980888169214101, 0.0 ], [ 121.348761306148006, 24.980898048314, 0.0 ], [ 121.348792469708002, 24.980927970790301, 0.0 ], [ 121.348802336892007, 24.980936895690999, 0.0 ], [ 121.348815269027995, 24.980948592848701, 0.0 ], [ 121.348827761421006, 24.980958979330701, 0.0 ], [ 121.348852000459004, 24.980979132253498, 0.0 ], [ 121.348867634448993, 24.980991742172801, 0.0 ], [ 121.348888592250006, 24.981008040251201, 0.0 ], [ 121.348938196335993, 24.981045581568701, 0.0 ], [ 121.348952255463004, 24.981055935419199, 0.0 ], [ 121.348973286833996, 24.981071423976299, 0.0 ], [ 121.348989796986004, 24.981083044735001, 0.0 ], [ 121.349021655068995, 24.981105468206199, 0.0 ], [ 121.349080752158997, 24.9811461475912, 0.0 ], [ 121.349121771970999, 24.981173907672598, 0.0 ], [ 121.349172827314007, 24.981208885026799, 0.0 ], [ 121.349210702300994, 24.981234669312201, 0.0 ], [ 121.349241137429004, 24.981255311921402, 0.0 ], [ 121.349267280977998, 24.9812729637468, 0.0 ], [ 121.349288032836995, 24.981286875906999, 0.0 ], [ 121.349316631516999, 24.981305954205599, 0.0 ], [ 121.349342343990998, 24.981322847803298, 0.0 ], [ 121.349362772522994, 24.981336031188398, 0.0 ], [ 121.349379733877001, 24.981346921494598, 0.0 ], [ 121.349390268213, 24.981352793038099, 0.0 ], [ 121.349407577923998, 24.981362473131501, 0.0 ], [ 121.349424203379002, 24.981369326134701, 0.0 ], [ 121.349442939544005, 24.9813778439941, 0.0 ], [ 121.349463982182996, 24.981387237560501, 0.0 ], [ 121.349480996105996, 24.9813948326799, 0.0 ], [ 121.349503057955005, 24.981404681219601, 0.0 ], [ 121.349522724869999, 24.981414667368298, 0.0 ], [ 121.349545170233, 24.981426064306699, 0.0 ], [ 121.349563322707994, 24.981435183573101, 0.0 ], [ 121.349584814042004, 24.981447581655299, 0.0 ], [ 121.349598980920007, 24.981455754347198, 0.0 ], [ 121.349626088037994, 24.9814714830217, 0.0 ], [ 121.349651308231998, 24.9814865024778, 0.0 ], [ 121.349675744590002, 24.981500821291799, 0.0 ], [ 121.349770976982995, 24.981559993768201, 0.0 ], [ 121.349808524948003, 24.9815843403894, 0.0 ], [ 121.349829944679996, 24.9815982292325, 0.0 ], [ 121.349848418532005, 24.9816102079219, 0.0 ], [ 121.349869862331005, 24.981631125171599, 0.0 ], [ 121.349892334230006, 24.9816520555095, 0.0 ], [ 121.349916918797007, 24.981672089533401, 0.0 ], [ 121.349927932205006, 24.9816819508858, 0.0 ], [ 121.349951152290004, 24.9817014100832, 0.0 ], [ 121.349967872720995, 24.981715663534601, 0.0 ], [ 121.349986136043, 24.981731378854601, 0.0 ], [ 121.350003389660003, 24.9817428337434, 0.0 ], [ 121.350015699213003, 24.9817510954109, 0.0 ], [ 121.350045551543005, 24.981771545876899, 0.0 ], [ 121.350070635666995, 24.9817875789929, 0.0 ], [ 121.350092822475006, 24.981802704243499, 0.0 ], [ 121.350118563939006, 24.981818433964101, 0.0 ], [ 121.350129051338001, 24.981824129507501, 0.0 ], [ 121.350152087091004, 24.981835157526099, 0.0 ], [ 121.350163151179999, 24.981840879351399, 0.0 ], [ 121.350206226956999, 24.981862732497799, 0.0 ], [ 121.350234761826997, 24.9818756387109, 0.0 ], [ 121.350246135459997, 24.981880782959902, 0.0 ], [ 121.350291072817001, 24.981899643692699, 0.0 ], [ 121.350316793586003, 24.981911672149799, 0.0 ], [ 121.350338660177997, 24.981923319659298, 0.0 ], [ 121.350361815715999, 24.981936523981101, 0.0 ], [ 121.350377332031002, 24.981944864873501, 0.0 ], [ 121.350392714050002, 24.981952156831401, 0.0 ], [ 121.350408743383994, 24.981960926900399, 0.0 ], [ 121.350424106651005, 24.981970002282701, 0.0 ], [ 121.350438805817006, 24.9819799903613, 0.0 ], [ 121.350458849166003, 24.981993306750599, 0.0 ], [ 121.350487442230005, 24.982016434668001, 0.0 ], [ 121.350524573246005, 24.982050416054701, 0.0 ], [ 121.350561703335998, 24.982084063408099, 0.0 ], [ 121.350588176174995, 24.982109385635098, 0.0 ], [ 121.350628320333001, 24.9821674193206, 0.0 ], [ 121.350656492620004, 24.982207037641199, 0.0 ], [ 121.350680991942994, 24.982253390918, 0.0 ], [ 121.350725615420004, 24.982337185432499, 0.0 ], [ 121.350736906568997, 24.982355998349099, 0.0 ], [ 121.350754221608994, 24.982388083519702, 0.0 ], [ 121.350785560944004, 24.982448526130799, 0.0 ], [ 121.350809496940002, 24.9825015149069, 0.0 ], [ 121.350819724855995, 24.9825302287067, 0.0 ], [ 121.350830380302995, 24.982564969686599, 0.0 ], [ 121.350838182931, 24.982591929404201, 0.0 ], [ 121.350840431189994, 24.9826038712648, 0.0 ], [ 121.350848757475006, 24.982636910101, 0.0 ], [ 121.350852168987004, 24.982650541232498, 0.0 ], [ 121.350858739512006, 24.9826764184082, 0.0 ], [ 121.350859723029004, 24.9827050263494, 0.0 ], [ 121.350859248977002, 24.9827398770089, 0.0 ], [ 121.350858907558006, 24.982774284719898, 0.0 ], [ 121.350851707605997, 24.982798954895099, 0.0 ], [ 121.350846085696006, 24.982818928210101, 0.0 ], [ 121.350834924607994, 24.9828655698165, 0.0 ], [ 121.350827099658005, 24.982895619363202, 0.0 ], [ 121.350821304473001, 24.982924681140901, 0.0 ], [ 121.350815135160005, 24.982967843255, 0.0 ], [ 121.350813968899999, 24.982991145605599, 0.0 ], [ 121.350814118662996, 24.983002200977701, 0.0 ], [ 121.350814996541999, 24.9830058319999, 0.0 ], [ 121.350815548932999, 24.983007568229699, 0.0 ], [ 121.350816232927997, 24.983009408765099, 0.0 ], [ 121.350817092162998, 24.983011399175201, 0.0 ], [ 121.350817736264005, 24.983012723462, 0.0 ], [ 121.350818563399002, 24.983014265607299, 0.0 ], [ 121.350819878306993, 24.983016437060201, 0.0 ], [ 121.350821045347004, 24.983018143457699, 0.0 ], [ 121.350822128249007, 24.983019524991999, 0.0 ], [ 121.350823104409002, 24.983020775496399, 0.0 ], [ 121.350824860724003, 24.983022725072601, 0.0 ], [ 121.350826121775995, 24.983023990171599, 0.0 ], [ 121.350826908333005, 24.983024729658201, 0.0 ], [ 121.350827786668006, 24.983025514474601, 0.0 ], [ 121.350828944100996, 24.983026487923301, 0.0 ], [ 121.350830049211993, 24.983027358135399, 0.0 ], [ 121.350832600369998, 24.9830291700119, 0.0 ], [ 121.350834327525007, 24.983030257331201, 0.0 ], [ 121.350836059081004, 24.983031246400401, 0.0 ], [ 121.350839309674996, 24.983032856960399, 0.0 ], [ 121.350842007286005, 24.9830339730376, 0.0 ], [ 121.350846059076005, 24.983035311582299, 0.0 ], [ 121.350849709770003, 24.983036198694698, 0.0 ], [ 121.350856949095999, 24.983037264401599, 0.0 ], [ 121.350868049040997, 24.9830370238363, 0.0 ], [ 121.350878158414005, 24.983036055296001, 0.0 ], [ 121.350891633424993, 24.983033762806802, 0.0 ], [ 121.350911957161998, 24.983029112932002, 0.0 ], [ 121.350964950074996, 24.9830116520017, 0.0 ], [ 121.351015615738007, 24.982994636950298, 0.0 ], [ 121.351109996885, 24.982960968591499, 0.0 ], [ 121.351169957398, 24.982938198740602, 0.0 ], [ 121.351206650419996, 24.982924264643898, 0.0 ], [ 121.351347139314996, 24.982873681223602, 0.0 ], [ 121.351394368864007, 24.982854357490101, 0.0 ], [ 121.351482591587995, 24.982829212185099, 0.0 ], [ 121.351529438068994, 24.982816140111201, 0.0 ], [ 121.351583339849, 24.982801520869, 0.0 ], [ 121.351628682937999, 24.982789288126501, 0.0 ], [ 121.351683082581005, 24.982775289794599, 0.0 ], [ 121.351728464542006, 24.9827636119111, 0.0 ], [ 121.351785260189999, 24.982749651722401, 0.0 ], [ 121.351852580689993, 24.982733270477802, 0.0 ], [ 121.351909289334998, 24.982720270449398, 0.0 ], [ 121.351982111246002, 24.982703800576999, 0.0 ], [ 121.352041110610003, 24.982691112468501, 0.0 ], [ 121.352106954828002, 24.982677292235199, 0.0 ], [ 121.352164653385998, 24.982665601189101, 0.0 ], [ 121.352203583128997, 24.982657535941399, 0.0 ], [ 121.352255373291001, 24.982646503979399, 0.0 ], [ 121.352314002344997, 24.982633961323799, 0.0 ], [ 121.352389794920001, 24.982616586904498, 0.0 ], [ 121.352403529335007, 24.982613438471901, 0.0 ], [ 121.352424417660004, 24.982613400078101, 0.0 ], [ 121.352477867100006, 24.982615604531301, 0.0 ], [ 121.352531870587001, 24.982617559681799, 0.0 ], [ 121.352547368668993, 24.9826181207731, 0.0 ], [ 121.352586253935996, 24.982625124442901, 0.0 ], [ 121.352595831380995, 24.982627013310399, 0.0 ], [ 121.352626960142004, 24.982640611250201, 0.0 ], [ 121.352663308334996, 24.9826564891946, 0.0 ], [ 121.352693745086995, 24.982669785188801, 0.0 ], [ 121.352697826649006, 24.982673265947302, 0.0 ], [ 121.352707503123, 24.9826838997229, 0.0 ], [ 121.352716365190005, 24.982694965848001, 0.0 ], [ 121.352724987425006, 24.982705597797501, 0.0 ], [ 121.352731462196999, 24.9827164522078, 0.0 ], [ 121.352738863959004, 24.9827319871562, 0.0 ], [ 121.352746884346999, 24.982759238207102, 0.0 ], [ 121.352754331878998, 24.982799847396699, 0.0 ], [ 121.352759338962002, 24.9828415753644, 0.0 ], [ 121.352760691103995, 24.982887207793599, 0.0 ], [ 121.352755279470003, 24.9829178297692, 0.0 ], [ 121.352750211735, 24.982930900339898, 0.0 ], [ 121.352737314015002, 24.9829585115151, 0.0 ], [ 121.352727010121001, 24.982973896280299, 0.0 ], [ 121.352724392314997, 24.982977804930702, 0.0 ], [ 121.352715506094995, 24.982990976980801, 0.0 ], [ 121.352704398745004, 24.983004279022602, 0.0 ], [ 121.352690159068999, 24.983021493103401, 0.0 ], [ 121.352669063242004, 24.983039504416698, 0.0 ], [ 121.352641982296007, 24.9830632566871, 0.0 ], [ 121.352630942717994, 24.983069882886799, 0.0 ], [ 121.352601082440003, 24.9830878056814, 0.0 ], [ 121.352552743741001, 24.983117824747001, 0.0 ], [ 121.352516291678, 24.983136575739, 0.0 ], [ 121.352475658352006, 24.983155096942401, 0.0 ], [ 121.35241988544, 24.983181378225499, 0.0 ], [ 121.352379313553001, 24.983201829679601, 0.0 ], [ 121.352342823513993, 24.983219676278701, 0.0 ], [ 121.352337220422001, 24.983223209882102, 0.0 ], [ 121.352319990938, 24.983236666735099, 0.0 ], [ 121.352300686475999, 24.983254080392602, 0.0 ], [ 121.352293791785002, 24.983261600181599, 0.0 ], [ 121.352290726348002, 24.983267024944901, 0.0 ], [ 121.352288847636999, 24.983271459483198, 0.0 ], [ 121.352286432612004, 24.9832773719525, 0.0 ], [ 121.352285167229994, 24.9832831495352, 0.0 ], [ 121.352284990374997, 24.983292757550601, 0.0 ], [ 121.352285964917002, 24.9833028459242, 0.0 ], [ 121.352289730761001, 24.9833136446134, 0.0 ], [ 121.352292567488007, 24.9833201316399, 0.0 ], [ 121.352296230210996, 24.983325408629899, 0.0 ], [ 121.352299319108994, 24.983328991988699, 0.0 ], [ 121.352305244283002, 24.983334510211201, 0.0 ], [ 121.352314328291996, 24.983341530708199, 0.0 ], [ 121.352323087547006, 24.983347074219498, 0.0 ], [ 121.352327443299004, 24.9833496877947, 0.0 ], [ 121.352330963352998, 24.983351614878501, 0.0 ], [ 121.352333588085997, 24.983352979114901, 0.0 ], [ 121.352336105321001, 24.983354159397901, 0.0 ], [ 121.352337513126002, 24.983354815780899, 0.0 ], [ 121.352339299047003, 24.983355720484099, 0.0 ], [ 121.35234327757, 24.9833569810062, 0.0 ], [ 121.352348474408998, 24.983358070257101, 0.0 ], [ 121.352403307445002, 24.983366649234199, 0.0 ], [ 121.352644438276997, 24.983385389523001, 0.0 ], [ 121.352720369506997, 24.983402202536301, 0.0 ], [ 121.352804408438004, 24.983440194811799, 0.0 ], [ 121.352867007032998, 24.983474065889901, 0.0 ], [ 121.352869890958004, 24.983476256990699, 0.0 ], [ 121.352871880799, 24.983478543144301, 0.0 ], [ 121.352901682094995, 24.9835273608203, 0.0 ], [ 121.352911204348004, 24.983569801102, 0.0 ], [ 121.352911919570005, 24.983603587580301, 0.0 ], [ 121.352910138794996, 24.983630059219099, 0.0 ], [ 121.352903391739005, 24.983650911257602, 0.0 ], [ 121.352891512289006, 24.9836678308926, 0.0 ], [ 121.352638570839005, 24.984015547625201, 0.0 ], [ 121.352632905383004, 24.984023335859298, 0.0 ], [ 121.352621026988999, 24.984038233260499, 0.0 ], [ 121.352619230741993, 24.984040803888, 0.0 ], [ 121.352618715405995, 24.984041433215001, 0.0 ], [ 121.352617815548996, 24.984042708710099, 0.0 ], [ 121.352617446939007, 24.984043313206801, 0.0 ], [ 121.352616762956004, 24.9840446098558, 0.0 ], [ 121.352616466075006, 24.9840452672873, 0.0 ], [ 121.352615896398007, 24.9840467789762, 0.0 ], [ 121.352615437205003, 24.9840484270734, 0.0 ], [ 121.352615137353993, 24.984050031489701, 0.0 ], [ 121.352614960479997, 24.984051868785901, 0.0 ], [ 121.352614942331996, 24.984053336522798, 0.0 ], [ 121.352615009301005, 24.984054552094801, 0.0 ], [ 121.352615131915002, 24.984055633441201, 0.0 ], [ 121.352615253901007, 24.9840563911836, 0.0 ], [ 121.352615373770007, 24.984056999129901, 0.0 ], [ 121.352615672428001, 24.984058208478299, 0.0 ], [ 121.352615950876995, 24.984059113837901, 0.0 ], [ 121.352616353005999, 24.984060204605498, 0.0 ], [ 121.352616777780995, 24.984061176977502, 0.0 ], [ 121.352617031484002, 24.984061694626099, 0.0 ], [ 121.352617332234999, 24.984062260211601, 0.0 ], [ 121.352617836689006, 24.9840631140173, 0.0 ], [ 121.352618310666998, 24.9840638289574, 0.0 ], [ 121.352618726195999, 24.984064398841099, 0.0 ], [ 121.352619487558002, 24.984065329592301, 0.0 ], [ 121.352620734764002, 24.984066602240201, 0.0 ], [ 121.352621753940994, 24.984067457998801, 0.0 ], [ 121.352624732566994, 24.9840697165336, 0.0 ], [ 121.352679719928005, 24.984100226977301, 0.0 ], [ 121.352868088918001, 24.984203316574199, 0.0 ], [ 121.352923485179005, 24.984260568385899, 0.0 ], [ 121.352933787538007, 24.984271215824101, 0.0 ], [ 121.352957050190994, 24.9843110023752, 0.0 ], [ 121.352974404741005, 24.9843804517478, 0.0 ], [ 121.352982725898997, 24.984454086382701, 0.0 ], [ 121.35298364594, 24.984474257990801, 0.0 ], [ 121.352984257041996, 24.984487998655698, 0.0 ], [ 121.352984540643007, 24.984497356555899, 0.0 ], [ 121.352984047589004, 24.984504610574501, 0.0 ], [ 121.352982815100006, 24.984510527440399, 0.0 ], [ 121.352972659014, 24.984541632865199, 0.0 ], [ 121.352924658743007, 24.984671667662699, 0.0 ], [ 121.352703021625999, 24.985272088432598, 0.0 ], [ 121.352700486366004, 24.985277390324001, 0.0 ], [ 121.352698166715001, 24.9852822942069, 0.0 ], [ 121.352696045250994, 24.985285626500801, 0.0 ], [ 121.352694529350003, 24.985287709589901, 0.0 ], [ 121.352693114513997, 24.985289746212398, 0.0 ], [ 121.352691547340996, 24.9852916908617, 0.0 ], [ 121.352690485693998, 24.9852929873745, 0.0 ], [ 121.352688816124001, 24.9852946086774, 0.0 ], [ 121.352687652870998, 24.985295859204001, 0.0 ], [ 121.352686033899005, 24.985297480387, 0.0 ], [ 121.352683554383006, 24.9852997506676, 0.0 ], [ 121.352671688163994, 24.985310973084001, 0.0 ], [ 121.352511177628998, 24.985444728868401, 0.0 ], [ 121.352509679647994, 24.9854465797399, 0.0 ], [ 121.352508270631006, 24.985448785502701, 0.0 ], [ 121.352503489496996, 24.985456910440998, 0.0 ], [ 121.352500643569002, 24.9854623333209, 0.0 ], [ 121.352495379513002, 24.985474084089699, 0.0 ], [ 121.352491543867998, 24.985485023752702, 0.0 ], [ 121.352488826018003, 24.985495385017298, 0.0 ], [ 121.352486776651006, 24.985507337483, 0.0 ], [ 121.352486096554003, 24.985514617272301, 0.0 ], [ 121.352485858289995, 24.985523890347, 0.0 ], [ 121.352486486615007, 24.985534702986101, 0.0 ], [ 121.352487932453002, 24.9855445273068, 0.0 ], [ 121.352490540025002, 24.985555350933101, 0.0 ], [ 121.352494487298003, 24.985566670865499, 0.0 ], [ 121.352499165292997, 24.985576777154101, 0.0 ], [ 121.352502902645995, 24.985583434818999, 0.0 ], [ 121.352510101895007, 24.985594088004699, 0.0 ], [ 121.352517857372007, 24.9856034532, 0.0 ], [ 121.352522925119004, 24.985608739208299, 0.0 ], [ 121.352534484188993, 24.985618994800902, 0.0 ], [ 121.352543615369996, 24.9856257304031, 0.0 ], [ 121.352551921458996, 24.985631033846701, 0.0 ], [ 121.352557358249001, 24.985634141501901, 0.0 ], [ 121.352565823012, 24.985638475750498, 0.0 ], [ 121.352573786849007, 24.985642050665401, 0.0 ], [ 121.352583202367001, 24.9856457149588, 0.0 ], [ 121.352591051955002, 24.985648346136699, 0.0 ], [ 121.352601626956996, 24.985651333833601, 0.0 ], [ 121.352614736177998, 24.985654256784098, 0.0 ], [ 121.352638910590002, 24.9856583253714, 0.0 ], [ 121.352690976069994, 24.985668003318501, 0.0 ], [ 121.352690976069994, 24.985668003318501, 0.0 ], [ 121.352752879193005, 24.985679509864099, 0.0 ], [ 121.352752879193005, 24.985679509864099, 0.0 ], [ 121.352788350534993, 24.9856825866176, 0.0 ], [ 121.352930561972997, 24.985694921829101, 0.0 ], [ 121.352957898040998, 24.985693893067101, 0.0 ], [ 121.352995396417995, 24.985692482590299, 0.0 ], [ 121.353052477009001, 24.985690725580799, 0.0 ], [ 121.353086068899998, 24.985689071210501, 0.0 ], [ 121.353166317483002, 24.985680311593299, 0.0 ], [ 121.353282912159997, 24.9856662593895, 0.0 ], [ 121.353315184343998, 24.985662261791099, 0.0 ], [ 121.353337544881001, 24.985658862483401, 0.0 ], [ 121.353385977273007, 24.9856598225536, 0.0 ], [ 121.353412807842005, 24.9856627552664, 0.0 ], [ 121.353441882653001, 24.9856683438788, 0.0 ], [ 121.353461297411997, 24.985673082761402, 0.0 ], [ 121.353486230715006, 24.9856812262286, 0.0 ], [ 121.353513375321, 24.985693892260802, 0.0 ], [ 121.353513375321, 24.985693892260802, 0.0 ], [ 121.353514663604997, 24.985694407099601, 0.0 ], [ 121.353520129893994, 24.9856967860668, 0.0 ], [ 121.353524751948001, 24.985699508783298, 0.0 ], [ 121.353526940438002, 24.985701006487801, 0.0 ], [ 121.353529422655996, 24.9857028774748, 0.0 ], [ 121.353531678807002, 24.985704746424599, 0.0 ], [ 121.353534716057993, 24.9857075367307, 0.0 ], [ 121.353536401099007, 24.985709232698401, 0.0 ], [ 121.353538501653006, 24.985711510122599, 0.0 ], [ 121.353542299555997, 24.985716155184299, 0.0 ], [ 121.353544264611998, 24.9857188744908, 0.0 ], [ 121.353545995212997, 24.985721486140399, 0.0 ], [ 121.353548010108, 24.9857248349497, 0.0 ], [ 121.353551621394004, 24.985731975984301, 0.0 ], [ 121.353554642738999, 24.985739876501899, 0.0 ], [ 121.353556244868997, 24.985745632895199, 0.0 ], [ 121.353556925109004, 24.9857488520461, 0.0 ], [ 121.353557411096006, 24.985751797492799, 0.0 ], [ 121.353557827043005, 24.985755424205301, 0.0 ], [ 121.353558052652005, 24.985759897843099, 0.0 ], [ 121.353557957896001, 24.9857641004083, 0.0 ], [ 121.353557345249996, 24.985769709097099, 0.0 ], [ 121.353556693908004, 24.985783047395699, 0.0 ], [ 121.353555390829001, 24.985809732083901, 0.0 ], [ 121.353553554558999, 24.9858473355294, 0.0 ], [ 121.353552362059006, 24.985871755721998, 0.0 ], [ 121.353552126500006, 24.985876579542499, 0.0 ], [ 121.353552773591005, 24.9858837460404, 0.0 ], [ 121.353553175637003, 24.985888198687402, 0.0 ], [ 121.353553306123004, 24.985898067267701, 0.0 ], [ 121.353553541617003, 24.985915877673001, 0.0 ], [ 121.353553952257002, 24.9859469342186, 0.0 ], [ 121.353554039765001, 24.9859535524587, 0.0 ], [ 121.3535594274, 24.9859718813602, 0.0 ], [ 121.353563019166003, 24.985984100655799, 0.0 ], [ 121.353572240410998, 24.986010721963702, 0.0 ], [ 121.353574743820005, 24.986016199978501, 0.0 ], [ 121.353581390361995, 24.986026990593299, 0.0 ], [ 121.353593469849002, 24.986046601548502, 0.0 ], [ 121.353606881264, 24.986066325674201, 0.0 ], [ 121.353621796132003, 24.986087118922502, 0.0 ], [ 121.353636982321007, 24.9861063029695, 0.0 ], [ 121.353654370867005, 24.986125740625798, 0.0 ], [ 121.353668877212996, 24.986139871617802, 0.0 ], [ 121.353676742614994, 24.9861475334997, 0.0 ], [ 121.353699573163993, 24.9861636567265, 0.0 ], [ 121.353731253429004, 24.9861834581633, 0.0 ], [ 121.353744688562003, 24.986192106577999, 0.0 ], [ 121.353762864554994, 24.986203806758201, 0.0 ], [ 121.353786725907, 24.986220754421002, 0.0 ], [ 121.353817487091007, 24.986243056495201, 0.0 ], [ 121.353840915461006, 24.986260516701499, 0.0 ], [ 121.353883288896, 24.986295384081799, 0.0 ], [ 121.353895857623002, 24.986305688145901, 0.0 ], [ 121.353924188139004, 24.986329415769202, 0.0 ], [ 121.353942281591003, 24.9863452936202, 0.0 ], [ 121.353971619324994, 24.986370375303999, 0.0 ], [ 121.354011512775003, 24.986403515710698, 0.0 ], [ 121.354051087686997, 24.9864365303109, 0.0 ], [ 121.354086659249006, 24.986465423479999, 0.0 ], [ 121.354096826996994, 24.986473662719298, 0.0 ], [ 121.354112004236995, 24.986484513096102, 0.0 ], [ 121.354124472416004, 24.986493426732, 0.0 ], [ 121.354136921117004, 24.986501404335201, 0.0 ], [ 121.354151602970006, 24.986509220302501, 0.0 ], [ 121.354167001262994, 24.986516961317101, 0.0 ], [ 121.354183900313004, 24.986524379146299, 0.0 ], [ 121.354200304271004, 24.986531725021901, 0.0 ], [ 121.354217745395005, 24.986539200880902, 0.0 ], [ 121.354238696693002, 24.986546349199301, 0.0 ], [ 121.354251487471004, 24.986550149257901, 0.0 ], [ 121.354269519666005, 24.9865549395318, 0.0 ], [ 121.354282226772, 24.986558043470101, 0.0 ], [ 121.354310979084005, 24.986565209353, 0.0 ], [ 121.354324483791999, 24.986568346486099, 0.0 ], [ 121.354360975614, 24.986576487610499, 0.0 ], [ 121.354410058498004, 24.986587976537699, 0.0 ], [ 121.354426112102004, 24.986591777752398, 0.0 ], [ 121.354448976485003, 24.986597049284601, 0.0 ], [ 121.354477056798004, 24.986603437255301, 0.0 ], [ 121.354512261604, 24.986612740297002, 0.0 ], [ 121.354545750358994, 24.986622216245699, 0.0 ], [ 121.354581517870997, 24.986633265002201, 0.0 ], [ 121.354609782813, 24.986644363181, 0.0 ], [ 121.354634569078996, 24.986655333680801, 0.0 ], [ 121.354648774999006, 24.986662224174299, 0.0 ], [ 121.354670119163004, 24.986672682278101, 0.0 ], [ 121.354689257231996, 24.986682232670798, 0.0 ], [ 121.354692634852, 24.9866840736575, 0.0 ], [ 121.354715665528005, 24.986698397591098, 0.0 ], [ 121.354728048555998, 24.9867075765296, 0.0 ], [ 121.354749901746999, 24.9867243999166, 0.0 ], [ 121.354766617154993, 24.986739005662901, 0.0 ], [ 121.354777705648999, 24.9867544743942, 0.0 ], [ 121.354790387788995, 24.9867780448598, 0.0 ], [ 121.354797891649994, 24.986795712527499, 0.0 ], [ 121.354806110840002, 24.9868162061649, 0.0 ], [ 121.354809867417998, 24.986825708675902, 0.0 ], [ 121.354814586133003, 24.986839188861101, 0.0 ], [ 121.354821156865995, 24.986859672927402, 0.0 ], [ 121.354829490878998, 24.986887004121201, 0.0 ], [ 121.354834278854995, 24.9869065328398, 0.0 ], [ 121.354838286293003, 24.986922877976301, 0.0 ], [ 121.354840051682999, 24.986938616295902, 0.0 ], [ 121.354841720096999, 24.9869534900673, 0.0 ], [ 121.354842134888003, 24.986967540424502, 0.0 ], [ 121.354842566421993, 24.9869821579146, 0.0 ], [ 121.354840564203997, 24.9870025480318, 0.0 ], [ 121.354839179172998, 24.987016652856902, 0.0 ], [ 121.354836525812004, 24.987039528288101, 0.0 ], [ 121.354834844029, 24.987052324331898, 0.0 ], [ 121.354831509964995, 24.987069871103799, 0.0 ], [ 121.354827392874, 24.987086626714401, 0.0 ], [ 121.354824643911002, 24.987097428432001, 0.0 ], [ 121.354821476602993, 24.987110112209301, 0.0 ], [ 121.354814486457002, 24.987137784567199, 0.0 ], [ 121.354810832712005, 24.987150813467998, 0.0 ], [ 121.354808886984998, 24.987163339974, 0.0 ], [ 121.354807187367001, 24.987178623475501, 0.0 ], [ 121.354807017224999, 24.987190988965299, 0.0 ], [ 121.354807095883004, 24.987198263691401, 0.0 ], [ 121.354808242466007, 24.987206445355501, 0.0 ], [ 121.354814661348001, 24.987217857469901, 0.0 ], [ 121.354831824103996, 24.987238143792599, 0.0 ], [ 121.354848637016005, 24.987255852906699, 0.0 ], [ 121.354856907070001, 24.987264563789001, 0.0 ], [ 121.354869832283001, 24.987274582626299, 0.0 ], [ 121.354896757464005, 24.987292740142401, 0.0 ], [ 121.354906148778994, 24.987298157131502, 0.0 ], [ 121.354915866968, 24.987302604853099, 0.0 ], [ 121.354922722433997, 24.987304213911202, 0.0 ], [ 121.354933447294002, 24.987306331060701, 0.0 ], [ 121.354968520903, 24.987311027210499, 0.0 ], [ 121.354986906755002, 24.987312558541401, 0.0 ], [ 121.355021827160002, 24.987314474276499, 0.0 ], [ 121.355043747367006, 24.9873144219785, 0.0 ], [ 121.355069122751999, 24.9873141798776, 0.0 ], [ 121.355094992519994, 24.987313908141001, 0.0 ], [ 121.355120863067, 24.987313795849701, 0.0 ], [ 121.355134587611005, 24.987313763096498, 0.0 ], [ 121.355160035544998, 24.9873115297605, 0.0 ], [ 121.355208170851, 24.987306488018099, 0.0 ], [ 121.355239385738997, 24.987302627869301, 0.0 ], [ 121.355268506995998, 24.987299026620601, 0.0 ], [ 121.355301853572996, 24.9872949028451, 0.0 ], [ 121.355338718797, 24.987291081996201, 0.0 ], [ 121.355365454901005, 24.987286732784401, 0.0 ], [ 121.355382642847005, 24.987281828411199, 0.0 ], [ 121.355442847323005, 24.9872654812165, 0.0 ], [ 121.355473880518005, 24.987257147151901, 0.0 ], [ 121.355529957125, 24.987240821936599, 0.0 ], [ 121.355555974591994, 24.987232980733499, 0.0 ], [ 121.355574089515002, 24.987227521213899, 0.0 ], [ 121.355594146898, 24.9872214762675, 0.0 ], [ 121.355609193331006, 24.987217393976, 0.0 ], [ 121.355625485358004, 24.987214056901799, 0.0 ], [ 121.355652390103998, 24.987208546034299, 0.0 ], [ 121.355669571646004, 24.987205643425199, 0.0 ], [ 121.355687317877994, 24.9872032920339, 0.0 ], [ 121.355709459726995, 24.987200358216299, 0.0 ], [ 121.355727377247007, 24.987198238376902, 0.0 ], [ 121.355740031066006, 24.987197055207599, 0.0 ], [ 121.355751844246996, 24.987197026966701, 0.0 ], [ 121.355769141208995, 24.987196601308, 0.0 ], [ 121.355773976680993, 24.987196470731501, 0.0 ], [ 121.355776945733993, 24.9871963905555, 0.0 ], [ 121.355790447380997, 24.9871965503682, 0.0 ], [ 121.355810945290997, 24.987197078117401, 0.0 ], [ 121.355822026767996, 24.987197597242499, 0.0 ], [ 121.355833610496006, 24.987199085932499, 0.0 ], [ 121.355841271060996, 24.987200676816101, 0.0 ], [ 121.355847798908997, 24.987203427772201, 0.0 ], [ 121.355857259963997, 24.9872075610926, 0.0 ], [ 121.355870957866003, 24.987213545393899, 0.0 ], [ 121.355878819772002, 24.987217054480698, 0.0 ], [ 121.355884101974993, 24.9872198403027, 0.0 ], [ 121.355898430742002, 24.9872273654283, 0.0 ], [ 121.355909894584997, 24.987233169914699, 0.0 ], [ 121.355939670408006, 24.987251079113801, 0.0 ], [ 121.355958053207999, 24.987263105575199, 0.0 ], [ 121.355973542629002, 24.987277140536499, 0.0 ], [ 121.355991107438001, 24.987294453082502, 0.0 ], [ 121.356012605461004, 24.987318352048899, 0.0 ], [ 121.356031501033002, 24.987339357907299, 0.0 ], [ 121.356058175125995, 24.987375499914499, 0.0 ], [ 121.356068964054003, 24.9873905305402, 0.0 ], [ 121.356085841734995, 24.987416129936499, 0.0 ], [ 121.356097091273995, 24.9874376966184, 0.0 ], [ 121.356111516797, 24.987469749946701, 0.0 ], [ 121.356138725997994, 24.9875294994889, 0.0 ], [ 121.356151206801997, 24.9875567623085, 0.0 ], [ 121.356164284312001, 24.987585328547901, 0.0 ], [ 121.356179919243004, 24.9876194811457, 0.0 ], [ 121.356191471112993, 24.987644714780501, 0.0 ], [ 121.356220742852997, 24.9877086552356, 0.0 ], [ 121.356233522264006, 24.987736570237001, 0.0 ], [ 121.356243756126005, 24.987758924799799, 0.0 ], [ 121.356269624904996, 24.987815431799699, 0.0 ], [ 121.356280251311006, 24.987841000323101, 0.0 ], [ 121.356289507911001, 24.9878606130065, 0.0 ], [ 121.356293174409004, 24.9878683222158, 0.0 ], [ 121.356299152942, 24.987878376159301, 0.0 ], [ 121.356305484128995, 24.9878874171749, 0.0 ], [ 121.356318950675998, 24.987905036087799, 0.0 ], [ 121.356334109920994, 24.987927857707799, 0.0 ], [ 121.356346334109006, 24.987945210973599, 0.0 ], [ 121.356371249372003, 24.987982627368101, 0.0 ], [ 121.356392582869006, 24.988017536200299, 0.0 ], [ 121.356414609796005, 24.988052533786199, 0.0 ], [ 121.356424515841994, 24.988069256317999, 0.0 ], [ 121.356433338070005, 24.988084654874701, 0.0 ], [ 121.356477153764004, 24.988155236221999, 0.0 ], [ 121.356501316141006, 24.988191087020201, 0.0 ], [ 121.356512675421996, 24.988205636569901, 0.0 ], [ 121.356522202695004, 24.988217066821001, 0.0 ], [ 121.356534302259007, 24.988227202963898, 0.0 ], [ 121.356544404169995, 24.9882319433645, 0.0 ], [ 121.356554129567002, 24.988235010119901, 0.0 ], [ 121.356569828245995, 24.988237904113401, 0.0 ], [ 121.356584827850995, 24.988235707334699, 0.0 ], [ 121.356609296317998, 24.988230518779599, 0.0 ], [ 121.356654109866, 24.988218486735899, 0.0 ], [ 121.356682054157005, 24.988210927754299, 0.0 ], [ 121.356866302466997, 24.9881638092183, 0.0 ], [ 121.356901229729999, 24.988154286224301, 0.0 ] ] ] } }
]
}
