{
"type": "FeatureCollection",
"name": "堤防管理里程(里程樁點)",
"crs": { "type": "name", "properties": { "name": "urn:ogc:def:crs:OGC:1.3:CRS84" } },
"features": [
{ "type": "Feature", "properties": { "Display": "0K+000", "River": "塔寮坑溪排水右岸", "Name": "塔寮坑溪排水右岸0K+000" }, "geometry": { "type": "Point", "coordinates": [ 121.446634271711005, 25.0285344732673, -9999.0 ] } },
{ "type": "Feature", "properties": { "Display": "0K+010", "River": "塔寮坑溪排水右岸", "Name": "塔寮坑溪排水右岸0K+010" }, "geometry": { "type": "Point", "coordinates": [ 121.446566420451006, 25.0285991131069, -9999.0 ] } },
{ "type": "Feature", "properties": { "Display": "0K+020", "River": "塔寮坑溪排水右岸", "Name": "塔寮坑溪排水右岸0K+020" }, "geometry": { "type": "Point", "coordinates": [ 121.446528874842002, 25.028682662483099, -9999.0 ] } },
{ "type": "Feature", "properties": { "Display": "0K+030", "River": "塔寮坑溪排水右岸", "Name": "塔寮坑溪排水右岸0K+030" }, "geometry": { "type": "Point", "coordinates": [ 121.446491329181995, 25.028766211849501, -9999.0 ] } },
{ "type": "Feature", "properties": { "Display": "0K+040", "River": "塔寮坑溪排水右岸", "Name": "塔寮坑溪排水右岸0K+040" }, "geometry": { "type": "Point", "coordinates": [ 121.446456447448995, 25.028850067552, -9999.0 ] } },
{ "type": "Feature", "properties": { "Display": "0K+050", "River": "塔寮坑溪排水右岸", "Name": "塔寮坑溪排水右岸0K+050" }, "geometry": { "type": "Point", "coordinates": [ 121.446455468004999, 25.028940344355199, -9999.0 ] } },
{ "type": "Feature", "properties": { "Display": "0K+060", "River": "塔寮坑溪排水右岸", "Name": "塔寮坑溪排水右岸0K+060" }, "geometry": { "type": "Point", "coordinates": [ 121.446430857769002, 25.029025573526798, -9999.0 ] } },
{ "type": "Feature", "properties": { "Display": "0K+070", "River": "塔寮坑溪排水右岸", "Name": "塔寮坑溪排水右岸0K+070" }, "geometry": { "type": "Point", "coordinates": [ 121.446383403208003, 25.0291047205836, -9999.0 ] } },
{ "type": "Feature", "properties": { "Display": "0K+080", "River": "塔寮坑溪排水右岸", "Name": "塔寮坑溪排水右岸0K+080" }, "geometry": { "type": "Point", "coordinates": [ 121.446324207320004, 25.029176847283502, -9999.0 ] } },
{ "type": "Feature", "properties": { "Display": "0K+090", "River": "塔寮坑溪排水右岸", "Name": "塔寮坑溪排水右岸0K+090" }, "geometry": { "type": "Point", "coordinates": [ 121.446245484732998, 25.029231115410202, -9999.0 ] } },
{ "type": "Feature", "properties": { "Display": "0K+100", "River": "塔寮坑溪排水右岸", "Name": "塔寮坑溪排水右岸0K+100" }, "geometry": { "type": "Point", "coordinates": [ 121.446152152826997, 25.029261008313, -9999.0 ] } },
{ "type": "Feature", "properties": { "Display": "0K+110", "River": "塔寮坑溪排水右岸", "Name": "塔寮坑溪排水右岸0K+110" }, "geometry": { "type": "Point", "coordinates": [ 121.446058059272005, 25.029289314019799, -9999.0 ] } },
{ "type": "Feature", "properties": { "Display": "0K+120", "River": "塔寮坑溪排水右岸", "Name": "塔寮坑溪排水右岸0K+120" }, "geometry": { "type": "Point", "coordinates": [ 121.445963016324995, 25.029314834147399, -9999.0 ] } },
{ "type": "Feature", "properties": { "Display": "0K+130", "River": "塔寮坑溪排水右岸", "Name": "塔寮坑溪排水右岸0K+130" }, "geometry": { "type": "Point", "coordinates": [ 121.445868943191002, 25.029343099802301, -9999.0 ] } },
{ "type": "Feature", "properties": { "Display": "0K+140", "River": "塔寮坑溪排水右岸", "Name": "塔寮坑溪排水右岸0K+140" }, "geometry": { "type": "Point", "coordinates": [ 121.445774542937002, 25.0293704280433, -9999.0 ] } },
{ "type": "Feature", "properties": { "Display": "0K+150", "River": "塔寮坑溪排水右岸", "Name": "塔寮坑溪排水右岸0K+150" }, "geometry": { "type": "Point", "coordinates": [ 121.445678728971004, 25.029393132812501, -9999.0 ] } },
{ "type": "Feature", "properties": { "Display": "0K+160", "River": "塔寮坑溪排水右岸", "Name": "塔寮坑溪排水右岸0K+160" }, "geometry": { "type": "Point", "coordinates": [ 121.445580330301993, 25.029403074794899, -9999.0 ] } },
{ "type": "Feature", "properties": { "Display": "0K+170", "River": "塔寮坑溪排水右岸", "Name": "塔寮坑溪排水右岸0K+170" }, "geometry": { "type": "Point", "coordinates": [ 121.445481246889003, 25.029403970484999, -9999.0 ] } },
{ "type": "Feature", "properties": { "Display": "0K+180", "River": "塔寮坑溪排水右岸", "Name": "塔寮坑溪排水右岸0K+180" }, "geometry": { "type": "Point", "coordinates": [ 121.445382636744995, 25.029411852899798, -9999.0 ] } },
{ "type": "Feature", "properties": { "Display": "0K+190", "River": "塔寮坑溪排水右岸", "Name": "塔寮坑溪排水右岸0K+190" }, "geometry": { "type": "Point", "coordinates": [ 121.445285816018995, 25.029430639816599, -9999.0 ] } },
{ "type": "Feature", "properties": { "Display": "0K+200", "River": "塔寮坑溪排水右岸", "Name": "塔寮坑溪排水右岸0K+200" }, "geometry": { "type": "Point", "coordinates": [ 121.445192619709999, 25.0294607633558, -9999.0 ] } },
{ "type": "Feature", "properties": { "Display": "0K+210", "River": "塔寮坑溪排水右岸", "Name": "塔寮坑溪排水右岸0K+210" }, "geometry": { "type": "Point", "coordinates": [ 121.445111231270005, 25.029511910805599, -9999.0 ] } },
{ "type": "Feature", "properties": { "Display": "0K+220", "River": "塔寮坑溪排水右岸", "Name": "塔寮坑溪排水右岸0K+220" }, "geometry": { "type": "Point", "coordinates": [ 121.445046817426999, 25.029580257775802, -9999.0 ] } },
{ "type": "Feature", "properties": { "Display": "0K+230", "River": "塔寮坑溪排水右岸", "Name": "塔寮坑溪排水右岸0K+230" }, "geometry": { "type": "Point", "coordinates": [ 121.444984268007005, 25.029650272757099, -9999.0 ] } },
{ "type": "Feature", "properties": { "Display": "0K+240", "River": "塔寮坑溪排水右岸", "Name": "塔寮坑溪排水右岸0K+240" }, "geometry": { "type": "Point", "coordinates": [ 121.444921662582999, 25.029720246289401, -9999.0 ] } },
{ "type": "Feature", "properties": { "Display": "0K+250", "River": "塔寮坑溪排水右岸", "Name": "塔寮坑溪排水右岸0K+250" }, "geometry": { "type": "Point", "coordinates": [ 121.444857182872994, 25.0297887986153, -9999.0 ] } },
{ "type": "Feature", "properties": { "Display": "0K+260", "River": "塔寮坑溪排水右岸", "Name": "塔寮坑溪排水右岸0K+260" }, "geometry": { "type": "Point", "coordinates": [ 121.444789380508993, 25.029854516969898, -9999.0 ] } },
{ "type": "Feature", "properties": { "Display": "0K+270", "River": "塔寮坑溪排水右岸", "Name": "塔寮坑溪排水右岸0K+270" }, "geometry": { "type": "Point", "coordinates": [ 121.444711356023006, 25.029905662809099, -9999.0 ] } },
{ "type": "Feature", "properties": { "Display": "0K+280", "River": "塔寮坑溪排水右岸", "Name": "塔寮坑溪排水右岸0K+280" }, "geometry": { "type": "Point", "coordinates": [ 121.444613844128995, 25.029917110647599, -9999.0 ] } },
{ "type": "Feature", "properties": { "Display": "0K+290", "River": "塔寮坑溪排水右岸", "Name": "塔寮坑溪排水右岸0K+290" }, "geometry": { "type": "Point", "coordinates": [ 121.444514801647998, 25.0299143061469, -9999.0 ] } },
{ "type": "Feature", "properties": { "Display": "0K+300", "River": "塔寮坑溪排水右岸", "Name": "塔寮坑溪排水右岸0K+300" }, "geometry": { "type": "Point", "coordinates": [ 121.444415759169004, 25.029911501580202, -9999.0 ] } },
{ "type": "Feature", "properties": { "Display": "0K+310", "River": "塔寮坑溪排水右岸", "Name": "塔寮坑溪排水右岸0K+310" }, "geometry": { "type": "Point", "coordinates": [ 121.444316742281998, 25.029908191675698, -9999.0 ] } },
{ "type": "Feature", "properties": { "Display": "0K+320", "River": "塔寮坑溪排水右岸", "Name": "塔寮坑溪排水右岸0K+320" }, "geometry": { "type": "Point", "coordinates": [ 121.444218355242995, 25.0298975419675, -9999.0 ] } },
{ "type": "Feature", "properties": { "Display": "0K+330", "River": "塔寮坑溪排水右岸", "Name": "塔寮坑溪排水右岸0K+330" }, "geometry": { "type": "Point", "coordinates": [ 121.444121039242006, 25.029881328153799, -9999.0 ] } },
{ "type": "Feature", "properties": { "Display": "0K+340", "River": "塔寮坑溪排水右岸", "Name": "塔寮坑溪排水右岸0K+340" }, "geometry": { "type": "Point", "coordinates": [ 121.444024731750005, 25.029860082718699, -9999.0 ] } },
{ "type": "Feature", "properties": { "Display": "0K+350", "River": "塔寮坑溪排水右岸", "Name": "塔寮坑溪排水右岸0K+350" }, "geometry": { "type": "Point", "coordinates": [ 121.443929726180002, 25.029834521657101, -9999.0 ] } },
{ "type": "Feature", "properties": { "Display": "0K+360", "River": "塔寮坑溪排水右岸", "Name": "塔寮坑溪排水右岸0K+360" }, "geometry": { "type": "Point", "coordinates": [ 121.443835261871001, 25.029807319565101, -9999.0 ] } },
{ "type": "Feature", "properties": { "Display": "0K+370", "River": "塔寮坑溪排水右岸", "Name": "塔寮坑溪排水右岸0K+370" }, "geometry": { "type": "Point", "coordinates": [ 121.443742886427003, 25.029774682471999, -9999.0 ] } },
{ "type": "Feature", "properties": { "Display": "0K+380", "River": "塔寮坑溪排水右岸", "Name": "塔寮坑溪排水右岸0K+380" }, "geometry": { "type": "Point", "coordinates": [ 121.443651153504007, 25.0297405443239, -9999.0 ] } },
{ "type": "Feature", "properties": { "Display": "0K+390", "River": "塔寮坑溪排水右岸", "Name": "塔寮坑溪排水右岸0K+390" }, "geometry": { "type": "Point", "coordinates": [ 121.443559282779006, 25.0297067393136, -9999.0 ] } },
{ "type": "Feature", "properties": { "Display": "0K+400", "River": "塔寮坑溪排水右岸", "Name": "塔寮坑溪排水右岸0K+400" }, "geometry": { "type": "Point", "coordinates": [ 121.443464239470003, 25.029681954046399, -9999.0 ] } },
{ "type": "Feature", "properties": { "Display": "0K+410", "River": "塔寮坑溪排水右岸", "Name": "塔寮坑溪排水右岸0K+410" }, "geometry": { "type": "Point", "coordinates": [ 121.443369243324994, 25.029656949990301, -9999.0 ] } },
{ "type": "Feature", "properties": { "Display": "0K+420", "River": "塔寮坑溪排水右岸", "Name": "塔寮坑溪排水右岸0K+420" }, "geometry": { "type": "Point", "coordinates": [ 121.443273043873006, 25.029640506547199, -9999.0 ] } },
{ "type": "Feature", "properties": { "Display": "0K+430", "River": "塔寮坑溪排水右岸", "Name": "塔寮坑溪排水右岸0K+430" }, "geometry": { "type": "Point", "coordinates": [ 121.443190418106994, 25.029593964962601, -9999.0 ] } },
{ "type": "Feature", "properties": { "Display": "0K+440", "River": "塔寮坑溪排水右岸", "Name": "塔寮坑溪排水右岸0K+440" }, "geometry": { "type": "Point", "coordinates": [ 121.443102400564996, 25.02956077644, -9999.0 ] } },
{ "type": "Feature", "properties": { "Display": "0K+450", "River": "塔寮坑溪排水右岸", "Name": "塔寮坑溪排水右岸0K+450" }, "geometry": { "type": "Point", "coordinates": [ 121.443008229461, 25.029533665307198, -9999.0 ] } },
{ "type": "Feature", "properties": { "Display": "0K+460", "River": "塔寮坑溪排水右岸", "Name": "塔寮坑溪排水右岸0K+460" }, "geometry": { "type": "Point", "coordinates": [ 121.442914586181999, 25.029504145489, -9999.0 ] } },
{ "type": "Feature", "properties": { "Display": "0K+470", "River": "塔寮坑溪排水右岸", "Name": "塔寮坑溪排水右岸0K+470" }, "geometry": { "type": "Point", "coordinates": [ 121.442820942946994, 25.029474625611101, -9999.0 ] } },
{ "type": "Feature", "properties": { "Display": "0K+480", "River": "塔寮坑溪排水右岸", "Name": "塔寮坑溪排水右岸0K+480" }, "geometry": { "type": "Point", "coordinates": [ 121.442727285333007, 25.029445143784901, -9999.0 ] } },
{ "type": "Feature", "properties": { "Display": "0K+490", "River": "塔寮坑溪排水右岸", "Name": "塔寮坑溪排水右岸0K+490" }, "geometry": { "type": "Point", "coordinates": [ 121.442633572508996, 25.029415807906499, -9999.0 ] } },
{ "type": "Feature", "properties": { "Display": "0K+500", "River": "塔寮坑溪排水右岸", "Name": "塔寮坑溪排水右岸0K+500" }, "geometry": { "type": "Point", "coordinates": [ 121.442539859728996, 25.029386471968301, -9999.0 ] } },
{ "type": "Feature", "properties": { "Display": "0K+510", "River": "塔寮坑溪排水右岸", "Name": "塔寮坑溪排水右岸0K+510" }, "geometry": { "type": "Point", "coordinates": [ 121.442447397069998, 25.029354074225299, -9999.0 ] } },
{ "type": "Feature", "properties": { "Display": "0K+520", "River": "塔寮坑溪排水右岸", "Name": "塔寮坑溪排水右岸0K+520" }, "geometry": { "type": "Point", "coordinates": [ 121.442355424303997, 25.029320476673899, -9999.0 ] } },
{ "type": "Feature", "properties": { "Display": "0K+530", "River": "塔寮坑溪排水右岸", "Name": "塔寮坑溪排水右岸0K+530" }, "geometry": { "type": "Point", "coordinates": [ 121.442263451586996, 25.029286879064799, -9999.0 ] } },
{ "type": "Feature", "properties": { "Display": "0K+540", "River": "塔寮坑溪排水右岸", "Name": "塔寮坑溪排水右岸0K+540" }, "geometry": { "type": "Point", "coordinates": [ 121.442171478920002, 25.029253281397899, -9999.0 ] } },
{ "type": "Feature", "properties": { "Display": "0K+550", "River": "塔寮坑溪排水右岸", "Name": "塔寮坑溪排水右岸0K+550" }, "geometry": { "type": "Point", "coordinates": [ 121.442079506301994, 25.029219683673301, -9999.0 ] } },
{ "type": "Feature", "properties": { "Display": "0K+560", "River": "塔寮坑溪排水右岸", "Name": "塔寮坑溪排水右岸0K+560" }, "geometry": { "type": "Point", "coordinates": [ 121.441994176498, 25.029174023400099, -9999.0 ] } },
{ "type": "Feature", "properties": { "Display": "0K+570", "River": "塔寮坑溪排水右岸", "Name": "塔寮坑溪排水右岸0K+570" }, "geometry": { "type": "Point", "coordinates": [ 121.441911093927004, 25.0291248457211, -9999.0 ] } },
{ "type": "Feature", "properties": { "Display": "0K+580", "River": "塔寮坑溪排水右岸", "Name": "塔寮坑溪排水右岸0K+580" }, "geometry": { "type": "Point", "coordinates": [ 121.441832895127007, 25.029069795651601, -9999.0 ] } },
{ "type": "Feature", "properties": { "Display": "0K+590", "River": "塔寮坑溪排水右岸", "Name": "塔寮坑溪排水右岸0K+590" }, "geometry": { "type": "Point", "coordinates": [ 121.441773710128999, 25.028997388116998, -9999.0 ] } },
{ "type": "Feature", "properties": { "Display": "0K+600", "River": "塔寮坑溪排水右岸", "Name": "塔寮坑溪排水右岸0K+600" }, "geometry": { "type": "Point", "coordinates": [ 121.441715756338994, 25.028924175928999, -9999.0 ] } },
{ "type": "Feature", "properties": { "Display": "0K+610", "River": "塔寮坑溪排水右岸", "Name": "塔寮坑溪排水右岸0K+610" }, "geometry": { "type": "Point", "coordinates": [ 121.441661986304993, 25.028848342855898, -9999.0 ] } },
{ "type": "Feature", "properties": { "Display": "0K+620", "River": "塔寮坑溪排水右岸", "Name": "塔寮坑溪排水右岸0K+620" }, "geometry": { "type": "Point", "coordinates": [ 121.441611490799005, 25.028770742955501, -9999.0 ] } },
{ "type": "Feature", "properties": { "Display": "0K+630", "River": "塔寮坑溪排水右岸", "Name": "塔寮坑溪排水右岸0K+630" }, "geometry": { "type": "Point", "coordinates": [ 121.441564593815002, 25.028691226550901, -9999.0 ] } },
{ "type": "Feature", "properties": { "Display": "0K+640", "River": "塔寮坑溪排水右岸", "Name": "塔寮坑溪排水右岸0K+640" }, "geometry": { "type": "Point", "coordinates": [ 121.441526418615993, 25.028607914288099, -9999.0 ] } },
{ "type": "Feature", "properties": { "Display": "0K+650", "River": "塔寮坑溪排水右岸", "Name": "塔寮坑溪排水右岸0K+650" }, "geometry": { "type": "Point", "coordinates": [ 121.441503218790004, 25.0285275809645, -9999.0 ] } },
{ "type": "Feature", "properties": { "Display": "0K+660", "River": "塔寮坑溪排水右岸", "Name": "塔寮坑溪排水右岸0K+660" }, "geometry": { "type": "Point", "coordinates": [ 121.441479985157002, 25.0284398442165, -9999.0 ] } },
{ "type": "Feature", "properties": { "Display": "0K+670", "River": "塔寮坑溪排水右岸", "Name": "塔寮坑溪排水右岸0K+670" }, "geometry": { "type": "Point", "coordinates": [ 121.441454738133004, 25.028352542578499, -9999.0 ] } },
{ "type": "Feature", "properties": { "Display": "0K+680", "River": "塔寮坑溪排水右岸", "Name": "塔寮坑溪排水右岸0K+680" }, "geometry": { "type": "Point", "coordinates": [ 121.441429491147005, 25.028265240934601, -9999.0 ] } },
{ "type": "Feature", "properties": { "Display": "0K+690", "River": "塔寮坑溪排水右岸", "Name": "塔寮坑溪排水右岸0K+690" }, "geometry": { "type": "Point", "coordinates": [ 121.441404244197003, 25.028177939284902, -9999.0 ] } },
{ "type": "Feature", "properties": { "Display": "0K+700", "River": "塔寮坑溪排水右岸", "Name": "塔寮坑溪排水右岸0K+700" }, "geometry": { "type": "Point", "coordinates": [ 121.441378997282996, 25.0280906376295, -9999.0 ] } },
{ "type": "Feature", "properties": { "Display": "0K+710", "River": "塔寮坑溪排水右岸", "Name": "塔寮坑溪排水右岸0K+710" }, "geometry": { "type": "Point", "coordinates": [ 121.441353534035002, 25.028003388730799, -9999.0 ] } },
{ "type": "Feature", "properties": { "Display": "0K+720", "River": "塔寮坑溪排水右岸", "Name": "塔寮坑溪排水右岸0K+720" }, "geometry": { "type": "Point", "coordinates": [ 121.441327544193996, 25.0279162682458, -9999.0 ] } },
{ "type": "Feature", "properties": { "Display": "0K+730", "River": "塔寮坑溪排水右岸", "Name": "塔寮坑溪排水右岸0K+730" }, "geometry": { "type": "Point", "coordinates": [ 121.441301554389995, 25.027829147754801, -9999.0 ] } },
{ "type": "Feature", "properties": { "Display": "0K+740", "River": "塔寮坑溪排水右岸", "Name": "塔寮坑溪排水右岸0K+740" }, "geometry": { "type": "Point", "coordinates": [ 121.441262119279997, 25.027764845133198, -9999.0 ] } },
{ "type": "Feature", "properties": { "Display": "0K+750", "River": "塔寮坑溪排水右岸", "Name": "塔寮坑溪排水右岸0K+750" }, "geometry": { "type": "Point", "coordinates": [ 121.441258085258994, 25.0276748052855, -9999.0 ] } },
{ "type": "Feature", "properties": { "Display": "0K+760", "River": "塔寮坑溪排水右岸", "Name": "塔寮坑溪排水右岸0K+760" }, "geometry": { "type": "Point", "coordinates": [ 121.441246144960999, 25.02758520691, -9999.0 ] } },
{ "type": "Feature", "properties": { "Display": "0K+770", "River": "塔寮坑溪排水右岸", "Name": "塔寮坑溪排水右岸0K+770" }, "geometry": { "type": "Point", "coordinates": [ 121.441200744534001, 25.027509825776001, -9999.0 ] } },
{ "type": "Feature", "properties": { "Display": "0K+780", "River": "塔寮坑溪排水右岸", "Name": "塔寮坑溪排水右岸0K+780" }, "geometry": { "type": "Point", "coordinates": [ 121.441167635563005, 25.027535469363201, -9999.0 ] } },
{ "type": "Feature", "properties": { "Display": "0K+790", "River": "塔寮坑溪排水右岸", "Name": "塔寮坑溪排水右岸0K+790" }, "geometry": { "type": "Point", "coordinates": [ 121.441184902337, 25.027624144172499, -9999.0 ] } },
{ "type": "Feature", "properties": { "Display": "0K+800", "River": "塔寮坑溪排水右岸", "Name": "塔寮坑溪排水右岸0K+800" }, "geometry": { "type": "Point", "coordinates": [ 121.441159608834994, 25.027698462290701, -9999.0 ] } },
{ "type": "Feature", "properties": { "Display": "0K+810", "River": "塔寮坑溪排水右岸", "Name": "塔寮坑溪排水右岸0K+810" }, "geometry": { "type": "Point", "coordinates": [ 121.441140005817005, 25.027778468078701, -9999.0 ] } },
{ "type": "Feature", "properties": { "Display": "0K+820", "River": "塔寮坑溪排水右岸", "Name": "塔寮坑溪排水右岸0K+820" }, "geometry": { "type": "Point", "coordinates": [ 121.441068116015998, 25.027716344774898, -9999.0 ] } },
{ "type": "Feature", "properties": { "Display": "0K+830", "River": "塔寮坑溪排水右岸", "Name": "塔寮坑溪排水右岸0K+830" }, "geometry": { "type": "Point", "coordinates": [ 121.440991715658996, 25.027659020435198, -9999.0 ] } },
{ "type": "Feature", "properties": { "Display": "0K+840", "River": "塔寮坑溪排水右岸", "Name": "塔寮坑溪排水右岸0K+840" }, "geometry": { "type": "Point", "coordinates": [ 121.440908808581995, 25.0276095764624, -9999.0 ] } },
{ "type": "Feature", "properties": { "Display": "0K+850", "River": "塔寮坑溪排水右岸", "Name": "塔寮坑溪排水右岸0K+850" }, "geometry": { "type": "Point", "coordinates": [ 121.440823372482996, 25.027564111993598, -9999.0 ] } },
{ "type": "Feature", "properties": { "Display": "0K+860", "River": "塔寮坑溪排水右岸", "Name": "塔寮坑溪排水右岸0K+860" }, "geometry": { "type": "Point", "coordinates": [ 121.440733228059997, 25.027526709224301, -9999.0 ] } },
{ "type": "Feature", "properties": { "Display": "0K+870", "River": "塔寮坑溪排水右岸", "Name": "塔寮坑溪排水右岸0K+870" }, "geometry": { "type": "Point", "coordinates": [ 121.440639397851001, 25.027497762214399, -9999.0 ] } },
{ "type": "Feature", "properties": { "Display": "0K+880", "River": "塔寮坑溪排水右岸", "Name": "塔寮坑溪排水右岸0K+880" }, "geometry": { "type": "Point", "coordinates": [ 121.440544647284995, 25.027471356215202, -9999.0 ] } },
{ "type": "Feature", "properties": { "Display": "0K+890", "River": "塔寮坑溪排水右岸", "Name": "塔寮坑溪排水右岸0K+890" }, "geometry": { "type": "Point", "coordinates": [ 121.440450356553001, 25.027443623779501, -9999.0 ] } },
{ "type": "Feature", "properties": { "Display": "0K+900", "River": "塔寮坑溪排水右岸", "Name": "塔寮坑溪排水右岸0K+900" }, "geometry": { "type": "Point", "coordinates": [ 121.440355108724006, 25.0274187324978, -9999.0 ] } },
{ "type": "Feature", "properties": { "Display": "0K+910", "River": "塔寮坑溪排水右岸", "Name": "塔寮坑溪排水右岸0K+910" }, "geometry": { "type": "Point", "coordinates": [ 121.440258864640001, 25.027397310261701, -9999.0 ] } },
{ "type": "Feature", "properties": { "Display": "0K+920", "River": "塔寮坑溪排水右岸", "Name": "塔寮坑溪排水右岸0K+920" }, "geometry": { "type": "Point", "coordinates": [ 121.440161544641995, 25.027380929049901, -9999.0 ] } },
{ "type": "Feature", "properties": { "Display": "0K+930", "River": "塔寮坑溪排水右岸", "Name": "塔寮坑溪排水右岸0K+930" }, "geometry": { "type": "Point", "coordinates": [ 121.440064674362006, 25.0273638006902, -9999.0 ] } },
{ "type": "Feature", "properties": { "Display": "0K+940", "River": "塔寮坑溪排水右岸", "Name": "塔寮坑溪排水右岸0K+940" }, "geometry": { "type": "Point", "coordinates": [ 121.439965898609998, 25.027358409805299, -9999.0 ] } },
{ "type": "Feature", "properties": { "Display": "0K+950", "River": "塔寮坑溪排水右岸", "Name": "塔寮坑溪排水右岸0K+950" }, "geometry": { "type": "Point", "coordinates": [ 121.439866908007005, 25.0273623989779, -9999.0 ] } },
{ "type": "Feature", "properties": { "Display": "0K+960", "River": "塔寮坑溪排水右岸", "Name": "塔寮坑溪排水右岸0K+960" }, "geometry": { "type": "Point", "coordinates": [ 121.439767947090004, 25.027366975318401, -9999.0 ] } },
{ "type": "Feature", "properties": { "Display": "0K+970", "River": "塔寮坑溪排水右岸", "Name": "塔寮坑溪排水右岸0K+970" }, "geometry": { "type": "Point", "coordinates": [ 121.439669018521002, 25.027372088691099, -9999.0 ] } },
{ "type": "Feature", "properties": { "Display": "0K+980", "River": "塔寮坑溪排水右岸", "Name": "塔寮坑溪排水右岸0K+980" }, "geometry": { "type": "Point", "coordinates": [ 121.439570743155002, 25.027383185180799, -9999.0 ] } },
{ "type": "Feature", "properties": { "Display": "0K+990", "River": "塔寮坑溪排水右岸", "Name": "塔寮坑溪排水右岸0K+990" }, "geometry": { "type": "Point", "coordinates": [ 121.439473483418993, 25.027400139736802, -9999.0 ] } },
{ "type": "Feature", "properties": { "Display": "1K+000", "River": "塔寮坑溪排水右岸", "Name": "塔寮坑溪排水右岸1K+000" }, "geometry": { "type": "Point", "coordinates": [ 121.439377948083006, 25.027423973892201, -9999.0 ] } },
{ "type": "Feature", "properties": { "Display": "1K+010", "River": "塔寮坑溪排水右岸", "Name": "塔寮坑溪排水右岸1K+010" }, "geometry": { "type": "Point", "coordinates": [ 121.439283672385997, 25.027451733587402, -9999.0 ] } },
{ "type": "Feature", "properties": { "Display": "1K+020", "River": "塔寮坑溪排水右岸", "Name": "塔寮坑溪排水右岸1K+020" }, "geometry": { "type": "Point", "coordinates": [ 121.439190778170996, 25.027483127141402, -9999.0 ] } },
{ "type": "Feature", "properties": { "Display": "1K+030", "River": "塔寮坑溪排水右岸", "Name": "塔寮坑溪排水右岸1K+030" }, "geometry": { "type": "Point", "coordinates": [ 121.439099181442003, 25.027517550736, -9999.0 ] } },
{ "type": "Feature", "properties": { "Display": "1K+040", "River": "塔寮坑溪排水右岸", "Name": "塔寮坑溪排水右岸1K+040" }, "geometry": { "type": "Point", "coordinates": [ 121.439008717299998, 25.0275543319013, -9999.0 ] } },
{ "type": "Feature", "properties": { "Display": "1K+050", "River": "塔寮坑溪排水右岸", "Name": "塔寮坑溪排水右岸1K+050" }, "geometry": { "type": "Point", "coordinates": [ 121.438920091360004, 25.0275947083787, -9999.0 ] } },
{ "type": "Feature", "properties": { "Display": "1K+060", "River": "塔寮坑溪排水右岸", "Name": "塔寮坑溪排水右岸1K+060" }, "geometry": { "type": "Point", "coordinates": [ 121.438832540516998, 25.027636988187499, -9999.0 ] } },
{ "type": "Feature", "properties": { "Display": "1K+070", "River": "塔寮坑溪排水右岸", "Name": "塔寮坑溪排水右岸1K+070" }, "geometry": { "type": "Point", "coordinates": [ 121.438744585750996, 25.0276785642424, -9999.0 ] } },
{ "type": "Feature", "properties": { "Display": "1K+080", "River": "塔寮坑溪排水右岸", "Name": "塔寮坑溪排水右岸1K+080" }, "geometry": { "type": "Point", "coordinates": [ 121.438656230221, 25.027719431098198, -9999.0 ] } },
{ "type": "Feature", "properties": { "Display": "1K+090", "River": "塔寮坑溪排水右岸", "Name": "塔寮坑溪排水右岸1K+090" }, "geometry": { "type": "Point", "coordinates": [ 121.438565232068001, 25.027754989348399, -9999.0 ] } },
{ "type": "Feature", "properties": { "Display": "1K+100", "River": "塔寮坑溪排水右岸", "Name": "塔寮坑溪排水右岸1K+100" }, "geometry": { "type": "Point", "coordinates": [ 121.438469797428994, 25.027779008994798, -9999.0 ] } },
{ "type": "Feature", "properties": { "Display": "1K+110", "River": "塔寮坑溪排水右岸", "Name": "塔寮坑溪排水右岸1K+110" }, "geometry": { "type": "Point", "coordinates": [ 121.438373195801006, 25.027799059330299, -9999.0 ] } },
{ "type": "Feature", "properties": { "Display": "1K+120", "River": "塔寮坑溪排水右岸", "Name": "塔寮坑溪排水右岸1K+120" }, "geometry": { "type": "Point", "coordinates": [ 121.438274841533996, 25.0278099328339, -9999.0 ] } },
{ "type": "Feature", "properties": { "Display": "1K+130", "River": "塔寮坑溪排水右岸", "Name": "塔寮坑溪排水右岸1K+130" }, "geometry": { "type": "Point", "coordinates": [ 121.438176440424996, 25.027820549952501, -9999.0 ] } },
{ "type": "Feature", "properties": { "Display": "1K+140", "River": "塔寮坑溪排水右岸", "Name": "塔寮坑溪排水右岸1K+140" }, "geometry": { "type": "Point", "coordinates": [ 121.438077573873997, 25.0278193783905, -9999.0 ] } },
{ "type": "Feature", "properties": { "Display": "1K+150", "River": "塔寮坑溪排水右岸", "Name": "塔寮坑溪排水右岸1K+150" }, "geometry": { "type": "Point", "coordinates": [ 121.437982429914001, 25.027795021334899, -9999.0 ] } },
{ "type": "Feature", "properties": { "Display": "1K+160", "River": "塔寮坑溪排水右岸", "Name": "塔寮坑溪排水右岸1K+160" }, "geometry": { "type": "Point", "coordinates": [ 121.437887095912004, 25.027770519074402, -9999.0 ] } },
{ "type": "Feature", "properties": { "Display": "1K+170", "River": "塔寮坑溪排水右岸", "Name": "塔寮坑溪排水右岸1K+170" }, "geometry": { "type": "Point", "coordinates": [ 121.437791179184998, 25.0277478591637, -9999.0 ] } },
{ "type": "Feature", "properties": { "Display": "1K+180", "River": "塔寮坑溪排水右岸", "Name": "塔寮坑溪排水右岸1K+180" }, "geometry": { "type": "Point", "coordinates": [ 121.437694909203003, 25.027726496427299, -9999.0 ] } },
{ "type": "Feature", "properties": { "Display": "1K+190", "River": "塔寮坑溪排水右岸", "Name": "塔寮坑溪排水右岸1K+190" }, "geometry": { "type": "Point", "coordinates": [ 121.437597895348006, 25.0277085097308, -9999.0 ] } },
{ "type": "Feature", "properties": { "Display": "1K+200", "River": "塔寮坑溪排水右岸", "Name": "塔寮坑溪排水右岸1K+200" }, "geometry": { "type": "Point", "coordinates": [ 121.437499841881007, 25.0276954941877, -9999.0 ] } },
{ "type": "Feature", "properties": { "Display": "1K+210", "River": "塔寮坑溪排水右岸", "Name": "塔寮坑溪排水右岸1K+210" }, "geometry": { "type": "Point", "coordinates": [ 121.437401788432993, 25.0276824785795, -9999.0 ] } },
{ "type": "Feature", "properties": { "Display": "1K+220", "River": "塔寮坑溪排水右岸", "Name": "塔寮坑溪排水右岸1K+220" }, "geometry": { "type": "Point", "coordinates": [ 121.437303735005003, 25.027669462906399, -9999.0 ] } },
{ "type": "Feature", "properties": { "Display": "1K+230", "River": "塔寮坑溪排水右岸", "Name": "塔寮坑溪排水右岸1K+230" }, "geometry": { "type": "Point", "coordinates": [ 121.437205681597007, 25.027656447168301, -9999.0 ] } },
{ "type": "Feature", "properties": { "Display": "1K+240", "River": "塔寮坑溪排水右岸", "Name": "塔寮坑溪排水右岸1K+240" }, "geometry": { "type": "Point", "coordinates": [ 121.437107235412, 25.027646303150298, -9999.0 ] } },
{ "type": "Feature", "properties": { "Display": "1K+250", "River": "塔寮坑溪排水右岸", "Name": "塔寮坑溪排水右岸1K+250" }, "geometry": { "type": "Point", "coordinates": [ 121.437008674954996, 25.027636994623499, -9999.0 ] } },
{ "type": "Feature", "properties": { "Display": "1K+260", "River": "塔寮坑溪排水右岸", "Name": "塔寮坑溪排水右岸1K+260" }, "geometry": { "type": "Point", "coordinates": [ 121.436910024672997, 25.027628977871899, -9999.0 ] } },
{ "type": "Feature", "properties": { "Display": "1K+270", "River": "塔寮坑溪排水右岸", "Name": "塔寮坑溪排水右岸1K+270" }, "geometry": { "type": "Point", "coordinates": [ 121.436810962942005, 25.027626877485201, -9999.0 ] } },
{ "type": "Feature", "properties": { "Display": "1K+280", "River": "塔寮坑溪排水右岸", "Name": "塔寮坑溪排水右岸1K+280" }, "geometry": { "type": "Point", "coordinates": [ 121.436712141059999, 25.0276328653236, -9999.0 ] } },
{ "type": "Feature", "properties": { "Display": "1K+290", "River": "塔寮坑溪排水右岸", "Name": "塔寮坑溪排水右岸1K+290" }, "geometry": { "type": "Point", "coordinates": [ 121.436613343641994, 25.027639779727501, -9999.0 ] } },
{ "type": "Feature", "properties": { "Display": "1K+300", "River": "塔寮坑溪排水右岸", "Name": "塔寮坑溪排水右岸1K+300" }, "geometry": { "type": "Point", "coordinates": [ 121.436514520830997, 25.027646387426199, -9999.0 ] } },
{ "type": "Feature", "properties": { "Display": "1K+310", "River": "塔寮坑溪排水右岸", "Name": "塔寮坑溪排水右岸1K+310" }, "geometry": { "type": "Point", "coordinates": [ 121.436415698009, 25.027652995059402, -9999.0 ] } },
{ "type": "Feature", "properties": { "Display": "1K+320", "River": "塔寮坑溪排水右岸", "Name": "塔寮坑溪排水右岸1K+320" }, "geometry": { "type": "Point", "coordinates": [ 121.436316879071001, 25.027659650668799, -9999.0 ] } },
{ "type": "Feature", "properties": { "Display": "1K+330", "River": "塔寮坑溪排水右岸", "Name": "塔寮坑溪排水右岸1K+330" }, "geometry": { "type": "Point", "coordinates": [ 121.436218063785006, 25.0276663513675, -9999.0 ] } },
{ "type": "Feature", "properties": { "Display": "1K+340", "River": "塔寮坑溪排水右岸", "Name": "塔寮坑溪排水右岸1K+340" }, "geometry": { "type": "Point", "coordinates": [ 121.436119248487003, 25.027673052000502, -9999.0 ] } },
{ "type": "Feature", "properties": { "Display": "1K+350", "River": "塔寮坑溪排水右岸", "Name": "塔寮坑溪排水右岸1K+350" }, "geometry": { "type": "Point", "coordinates": [ 121.436020423071, 25.027679624479301, -9999.0 ] } },
{ "type": "Feature", "properties": { "Display": "1K+360", "River": "塔寮坑溪排水右岸", "Name": "塔寮坑溪排水右岸1K+360" }, "geometry": { "type": "Point", "coordinates": [ 121.435921580829003, 25.0276859833413, -9999.0 ] } },
{ "type": "Feature", "properties": { "Display": "1K+370", "River": "塔寮坑溪排水右岸", "Name": "塔寮坑溪排水右岸1K+370" }, "geometry": { "type": "Point", "coordinates": [ 121.435822796874007, 25.027693042147501, -9999.0 ] } },
{ "type": "Feature", "properties": { "Display": "1K+380", "River": "塔寮坑溪排水右岸", "Name": "塔寮坑溪排水右岸1K+380" }, "geometry": { "type": "Point", "coordinates": [ 121.435724074801001, 25.0277008003745, -9999.0 ] } },
{ "type": "Feature", "properties": { "Display": "1K+390", "River": "塔寮坑溪排水右岸", "Name": "塔寮坑溪排水右岸1K+390" }, "geometry": { "type": "Point", "coordinates": [ 121.435625441832997, 25.0277094451179, -9999.0 ] } },
{ "type": "Feature", "properties": { "Display": "1K+400", "River": "塔寮坑溪排水右岸", "Name": "塔寮坑溪排水右岸1K+400" }, "geometry": { "type": "Point", "coordinates": [ 121.435526792136997, 25.027717930783599, -9999.0 ] } },
{ "type": "Feature", "properties": { "Display": "1K+410", "River": "塔寮坑溪排水右岸", "Name": "塔寮坑溪排水右岸1K+410" }, "geometry": { "type": "Point", "coordinates": [ 121.435428108159996, 25.027726078015402, -9999.0 ] } },
{ "type": "Feature", "properties": { "Display": "1K+420", "River": "塔寮坑溪排水右岸", "Name": "塔寮坑溪排水右岸1K+420" }, "geometry": { "type": "Point", "coordinates": [ 121.435329383118003, 25.027733805137, -9999.0 ] } },
{ "type": "Feature", "properties": { "Display": "1K+430", "River": "塔寮坑溪排水右岸", "Name": "塔寮坑溪排水右岸1K+430" }, "geometry": { "type": "Point", "coordinates": [ 121.435230486997, 25.027739393662699, -9999.0 ] } },
{ "type": "Feature", "properties": { "Display": "1K+440", "River": "塔寮坑溪排水右岸", "Name": "塔寮坑溪排水右岸1K+440" }, "geometry": { "type": "Point", "coordinates": [ 121.435131575537994, 25.027744790514198, -9999.0 ] } },
{ "type": "Feature", "properties": { "Display": "1K+450", "River": "塔寮坑溪排水右岸", "Name": "塔寮坑溪排水右岸1K+450" }, "geometry": { "type": "Point", "coordinates": [ 121.435032664069993, 25.027750187300001, -9999.0 ] } },
{ "type": "Feature", "properties": { "Display": "1K+460", "River": "塔寮坑溪排水右岸", "Name": "塔寮坑溪排水右岸1K+460" }, "geometry": { "type": "Point", "coordinates": [ 121.434933712306005, 25.0277549290252, -9999.0 ] } },
{ "type": "Feature", "properties": { "Display": "1K+470", "River": "塔寮坑溪排水右岸", "Name": "塔寮坑溪排水右岸1K+470" }, "geometry": { "type": "Point", "coordinates": [ 121.434834759349997, 25.027759652630699, -9999.0 ] } },
{ "type": "Feature", "properties": { "Display": "1K+480", "River": "塔寮坑溪排水右岸", "Name": "塔寮坑溪排水右岸1K+480" }, "geometry": { "type": "Point", "coordinates": [ 121.434735832528006, 25.0277647980041, -9999.0 ] } },
{ "type": "Feature", "properties": { "Display": "1K+490", "River": "塔寮坑溪排水右岸", "Name": "塔寮坑溪排水右岸1K+490" }, "geometry": { "type": "Point", "coordinates": [ 121.434636924922998, 25.027770253554898, -9999.0 ] } },
{ "type": "Feature", "properties": { "Display": "1K+500", "River": "塔寮坑溪排水右岸", "Name": "塔寮坑溪排水右岸1K+500" }, "geometry": { "type": "Point", "coordinates": [ 121.434538138959994, 25.027771708846998, -9999.0 ] } },
{ "type": "Feature", "properties": { "Display": "1K+510", "River": "塔寮坑溪排水右岸", "Name": "塔寮坑溪排水右岸1K+510" }, "geometry": { "type": "Point", "coordinates": [ 121.434440216656995, 25.027758189502698, -9999.0 ] } },
{ "type": "Feature", "properties": { "Display": "1K+520", "River": "塔寮坑溪排水右岸", "Name": "塔寮坑溪排水右岸1K+520" }, "geometry": { "type": "Point", "coordinates": [ 121.434343388841995, 25.027739282039899, -9999.0 ] } },
{ "type": "Feature", "properties": { "Display": "1K+530", "River": "塔寮坑溪排水右岸", "Name": "塔寮坑溪排水右岸1K+530" }, "geometry": { "type": "Point", "coordinates": [ 121.434248532395998, 25.0277132289573, -9999.0 ] } },
{ "type": "Feature", "properties": { "Display": "1K+540", "River": "塔寮坑溪排水右岸", "Name": "塔寮坑溪排水右岸1K+540" }, "geometry": { "type": "Point", "coordinates": [ 121.434154366399, 25.027685126897801, -9999.0 ] } },
{ "type": "Feature", "properties": { "Display": "1K+550", "River": "塔寮坑溪排水右岸", "Name": "塔寮坑溪排水右岸1K+550" }, "geometry": { "type": "Point", "coordinates": [ 121.434061441400004, 25.027653857789598, -9999.0 ] } },
{ "type": "Feature", "properties": { "Display": "1K+560", "River": "塔寮坑溪排水右岸", "Name": "塔寮坑溪排水右岸1K+560" }, "geometry": { "type": "Point", "coordinates": [ 121.433969032839002, 25.027621270764499, -9999.0 ] } },
{ "type": "Feature", "properties": { "Display": "1K+570", "River": "塔寮坑溪排水右岸", "Name": "塔寮坑溪排水右岸1K+570" }, "geometry": { "type": "Point", "coordinates": [ 121.433876743623003, 25.0275884059823, -9999.0 ] } },
{ "type": "Feature", "properties": { "Display": "1K+580", "River": "塔寮坑溪排水右岸", "Name": "塔寮坑溪排水右岸1K+580" }, "geometry": { "type": "Point", "coordinates": [ 121.433784608908994, 25.0275551816049, -9999.0 ] } },
{ "type": "Feature", "properties": { "Display": "1K+590", "River": "塔寮坑溪排水右岸", "Name": "塔寮坑溪排水右岸1K+590" }, "geometry": { "type": "Point", "coordinates": [ 121.433690086387998, 25.027528198014, -9999.0 ] } },
{ "type": "Feature", "properties": { "Display": "1K+600", "River": "塔寮坑溪排水右岸", "Name": "塔寮坑溪排水右岸1K+600" }, "geometry": { "type": "Point", "coordinates": [ 121.433595154770998, 25.027502340310601, -9999.0 ] } },
{ "type": "Feature", "properties": { "Display": "1K+610", "River": "塔寮坑溪排水右岸", "Name": "塔寮坑溪排水右岸1K+610" }, "geometry": { "type": "Point", "coordinates": [ 121.433498359197998, 25.027483225184699, -9999.0 ] } },
{ "type": "Feature", "properties": { "Display": "1K+620", "River": "塔寮坑溪排水右岸", "Name": "塔寮坑溪排水右岸1K+620" }, "geometry": { "type": "Point", "coordinates": [ 121.433399878551, 25.027473615184899, -9999.0 ] } },
{ "type": "Feature", "properties": { "Display": "1K+630", "River": "塔寮坑溪排水右岸", "Name": "塔寮坑溪排水右岸1K+630" }, "geometry": { "type": "Point", "coordinates": [ 121.433300860895002, 25.027473359546001, -9999.0 ] } },
{ "type": "Feature", "properties": { "Display": "1K+640", "River": "塔寮坑溪排水右岸", "Name": "塔寮坑溪排水右岸1K+640" }, "geometry": { "type": "Point", "coordinates": [ 121.433202004717003, 25.0274718759776, -9999.0 ] } },
{ "type": "Feature", "properties": { "Display": "1K+650", "River": "塔寮坑溪排水右岸", "Name": "塔寮坑溪排水右岸1K+650" }, "geometry": { "type": "Point", "coordinates": [ 121.433103328715006, 25.027463647120001, -9999.0 ] } },
{ "type": "Feature", "properties": { "Display": "1K+660", "River": "塔寮坑溪排水右岸", "Name": "塔寮坑溪排水右岸1K+660" }, "geometry": { "type": "Point", "coordinates": [ 121.433004408095996, 25.027459089281901, -9999.0 ] } },
{ "type": "Feature", "properties": { "Display": "1K+670", "River": "塔寮坑溪排水右岸", "Name": "塔寮坑溪排水右岸1K+670" }, "geometry": { "type": "Point", "coordinates": [ 121.432905479642997, 25.027455834594299, -9999.0 ] } },
{ "type": "Feature", "properties": { "Display": "1K+680", "River": "塔寮坑溪排水右岸", "Name": "塔寮坑溪排水右岸1K+680" }, "geometry": { "type": "Point", "coordinates": [ 121.432807063007999, 25.0274658800354, -9999.0 ] } },
{ "type": "Feature", "properties": { "Display": "1K+690", "River": "塔寮坑溪排水右岸", "Name": "塔寮坑溪排水右岸1K+690" }, "geometry": { "type": "Point", "coordinates": [ 121.432711166486001, 25.0274882718589, -9999.0 ] } },
{ "type": "Feature", "properties": { "Display": "1K+700", "River": "塔寮坑溪排水右岸", "Name": "塔寮坑溪排水右岸1K+700" }, "geometry": { "type": "Point", "coordinates": [ 121.432615390186996, 25.027511039513499, -9999.0 ] } },
{ "type": "Feature", "properties": { "Display": "1K+710", "River": "塔寮坑溪排水右岸", "Name": "塔寮坑溪排水右岸1K+710" }, "geometry": { "type": "Point", "coordinates": [ 121.432519486949005, 25.0274942744981, -9999.0 ] } },
{ "type": "Feature", "properties": { "Display": "1K+720", "River": "塔寮坑溪排水右岸", "Name": "塔寮坑溪排水右岸1K+720" }, "geometry": { "type": "Point", "coordinates": [ 121.432429897701994, 25.0274558024465, -9999.0 ] } },
{ "type": "Feature", "properties": { "Display": "1K+730", "River": "塔寮坑溪排水右岸", "Name": "塔寮坑溪排水右岸1K+730" }, "geometry": { "type": "Point", "coordinates": [ 121.432340521737999, 25.027416821542499, -9999.0 ] } },
{ "type": "Feature", "properties": { "Display": "1K+740", "River": "塔寮坑溪排水右岸", "Name": "塔寮坑溪排水右岸1K+740" }, "geometry": { "type": "Point", "coordinates": [ 121.432251139284006, 25.027377852776301, -9999.0 ] } },
{ "type": "Feature", "properties": { "Display": "1K+750", "River": "塔寮坑溪排水右岸", "Name": "塔寮坑溪排水右岸1K+750" }, "geometry": { "type": "Point", "coordinates": [ 121.432161756886998, 25.027338883955402, -9999.0 ] } },
{ "type": "Feature", "properties": { "Display": "1K+760", "River": "塔寮坑溪排水右岸", "Name": "塔寮坑溪排水右岸1K+760" }, "geometry": { "type": "Point", "coordinates": [ 121.432074104470004, 25.027297074991701, -9999.0 ] } },
{ "type": "Feature", "properties": { "Display": "1K+770", "River": "塔寮坑溪排水右岸", "Name": "塔寮坑溪排水右岸1K+770" }, "geometry": { "type": "Point", "coordinates": [ 121.431987601223994, 25.027253678425701, -9999.0 ] } },
{ "type": "Feature", "properties": { "Display": "1K+780", "River": "塔寮坑溪排水右岸", "Name": "塔寮坑溪排水右岸1K+780" }, "geometry": { "type": "Point", "coordinates": [ 121.431889761864994, 25.0272419232125, -9999.0 ] } },
{ "type": "Feature", "properties": { "Display": "1K+790", "River": "塔寮坑溪排水右岸", "Name": "塔寮坑溪排水右岸1K+790" }, "geometry": { "type": "Point", "coordinates": [ 121.431790998495003, 25.0272428630063, -9999.0 ] } },
{ "type": "Feature", "properties": { "Display": "1K+800", "River": "塔寮坑溪排水右岸", "Name": "塔寮坑溪排水右岸1K+800" }, "geometry": { "type": "Point", "coordinates": [ 121.431692180840002, 25.0272494709507, -9999.0 ] } },
{ "type": "Feature", "properties": { "Display": "1K+810", "River": "塔寮坑溪排水右岸", "Name": "塔寮坑溪排水右岸1K+810" }, "geometry": { "type": "Point", "coordinates": [ 121.431593171947995, 25.027253076285799, -9999.0 ] } },
{ "type": "Feature", "properties": { "Display": "1K+820", "River": "塔寮坑溪排水右岸", "Name": "塔寮坑溪排水右岸1K+820" }, "geometry": { "type": "Point", "coordinates": [ 121.431494153482006, 25.027256272202901, -9999.0 ] } },
{ "type": "Feature", "properties": { "Display": "1K+830", "River": "塔寮坑溪排水右岸", "Name": "塔寮坑溪排水右岸1K+830" }, "geometry": { "type": "Point", "coordinates": [ 121.431395137902001, 25.027259730662902, -9999.0 ] } },
{ "type": "Feature", "properties": { "Display": "1K+840", "River": "塔寮坑溪排水右岸", "Name": "塔寮坑溪排水右岸1K+840" }, "geometry": { "type": "Point", "coordinates": [ 121.431296061170002, 25.027260572532999, -9999.0 ] } },
{ "type": "Feature", "properties": { "Display": "1K+850", "River": "塔寮坑溪排水右岸", "Name": "塔寮坑溪排水右岸1K+850" }, "geometry": { "type": "Point", "coordinates": [ 121.431196974290003, 25.027261032125701, -9999.0 ] } },
{ "type": "Feature", "properties": { "Display": "1K+860", "River": "塔寮坑溪排水右岸", "Name": "塔寮坑溪排水右岸1K+860" }, "geometry": { "type": "Point", "coordinates": [ 121.431097887451003, 25.027261497796001, -9999.0 ] } },
{ "type": "Feature", "properties": { "Display": "1K+870", "River": "塔寮坑溪排水右岸", "Name": "塔寮坑溪排水右岸1K+870" }, "geometry": { "type": "Point", "coordinates": [ 121.430998800034004, 25.027261883125199, -9999.0 ] } },
{ "type": "Feature", "properties": { "Display": "1K+880", "River": "塔寮坑溪排水右岸", "Name": "塔寮坑溪排水右岸1K+880" }, "geometry": { "type": "Point", "coordinates": [ 121.430901063872, 25.027272753008099, -9999.0 ] } },
{ "type": "Feature", "properties": { "Display": "1K+890", "River": "塔寮坑溪排水右岸", "Name": "塔寮坑溪排水右岸1K+890" }, "geometry": { "type": "Point", "coordinates": [ 121.430803556038995, 25.0272888084125, -9999.0 ] } },
{ "type": "Feature", "properties": { "Display": "1K+900", "River": "塔寮坑溪排水右岸", "Name": "塔寮坑溪排水右岸1K+900" }, "geometry": { "type": "Point", "coordinates": [ 121.430707750004004, 25.027311153683701, -9999.0 ] } },
{ "type": "Feature", "properties": { "Display": "1K+910", "River": "塔寮坑溪排水右岸", "Name": "塔寮坑溪排水右岸1K+910" }, "geometry": { "type": "Point", "coordinates": [ 121.430610973439002, 25.027330092596401, -9999.0 ] } },
{ "type": "Feature", "properties": { "Display": "1K+920", "River": "塔寮坑溪排水右岸", "Name": "塔寮坑溪排水右岸1K+920" }, "geometry": { "type": "Point", "coordinates": [ 121.430512393743001, 25.027338259958899, -9999.0 ] } },
{ "type": "Feature", "properties": { "Display": "1K+930", "River": "塔寮坑溪排水右岸", "Name": "塔寮坑溪排水右岸1K+930" }, "geometry": { "type": "Point", "coordinates": [ 121.430413520889005, 25.0273346635324, -9999.0 ] } },
{ "type": "Feature", "properties": { "Display": "1K+940", "River": "塔寮坑溪排水右岸", "Name": "塔寮坑溪排水右岸1K+940" }, "geometry": { "type": "Point", "coordinates": [ 121.430364263735996, 25.027404408384101, -4280.358470279569701 ] } },
{ "type": "Feature", "properties": { "Display": "1K+950", "River": "塔寮坑溪排水右岸", "Name": "塔寮坑溪排水右岸1K+950" }, "geometry": { "type": "Point", "coordinates": [ 121.430361573810004, 25.0274802257047, 0.0 ] } },
{ "type": "Feature", "properties": { "Display": "1K+960", "River": "塔寮坑溪排水右岸", "Name": "塔寮坑溪排水右岸1K+960" }, "geometry": { "type": "Point", "coordinates": [ 121.430294233322996, 25.027531060234299, 0.0 ] } },
{ "type": "Feature", "properties": { "Display": "1K+970", "River": "塔寮坑溪排水右岸", "Name": "塔寮坑溪排水右岸1K+970" }, "geometry": { "type": "Point", "coordinates": [ 121.430201269050002, 25.027562307550099, 0.0 ] } },
{ "type": "Feature", "properties": { "Display": "1K+980", "River": "塔寮坑溪排水右岸", "Name": "塔寮坑溪排水右岸1K+980" }, "geometry": { "type": "Point", "coordinates": [ 121.430108370726003, 25.027593712644901, 0.0 ] } },
{ "type": "Feature", "properties": { "Display": "1K+990", "River": "塔寮坑溪排水右岸", "Name": "塔寮坑溪排水右岸1K+990" }, "geometry": { "type": "Point", "coordinates": [ 121.430016152592003, 25.027626744506399, 0.0 ] } },
{ "type": "Feature", "properties": { "Display": "2K+000", "River": "塔寮坑溪排水右岸", "Name": "塔寮坑溪排水右岸2K+000" }, "geometry": { "type": "Point", "coordinates": [ 121.429923088034997, 25.027657723687, 0.0 ] } },
{ "type": "Feature", "properties": { "Display": "2K+010", "River": "塔寮坑溪排水右岸", "Name": "塔寮坑溪排水右岸2K+010" }, "geometry": { "type": "Point", "coordinates": [ 121.429829810433006, 25.0276881862493, 0.0 ] } },
{ "type": "Feature", "properties": { "Display": "2K+020", "River": "塔寮坑溪排水右岸", "Name": "塔寮坑溪排水右岸2K+020" }, "geometry": { "type": "Point", "coordinates": [ 121.429736534981998, 25.027718654306099, 0.0 ] } },
{ "type": "Feature", "properties": { "Display": "2K+030", "River": "塔寮坑溪排水右岸", "Name": "塔寮坑溪排水右岸2K+030" }, "geometry": { "type": "Point", "coordinates": [ 121.429643378552001, 25.027749423257202, 0.0 ] } },
{ "type": "Feature", "properties": { "Display": "2K+040", "River": "塔寮坑溪排水右岸", "Name": "塔寮坑溪排水右岸2K+040" }, "geometry": { "type": "Point", "coordinates": [ 121.429548598680995, 25.027775401742598, 0.0 ] } },
{ "type": "Feature", "properties": { "Display": "2K+050", "River": "塔寮坑溪排水右岸", "Name": "塔寮坑溪排水右岸2K+050" }, "geometry": { "type": "Point", "coordinates": [ 121.429456941477994, 25.0278095680444, 0.0 ] } },
{ "type": "Feature", "properties": { "Display": "2K+060", "River": "塔寮坑溪排水右岸", "Name": "塔寮坑溪排水右岸2K+060" }, "geometry": { "type": "Point", "coordinates": [ 121.429369076167006, 25.027851148500201, 0.0 ] } },
{ "type": "Feature", "properties": { "Display": "2K+070", "River": "塔寮坑溪排水右岸", "Name": "塔寮坑溪排水右岸2K+070" }, "geometry": { "type": "Point", "coordinates": [ 121.429282861363006, 25.027895604321301, 0.0 ] } },
{ "type": "Feature", "properties": { "Display": "2K+080", "River": "塔寮坑溪排水右岸", "Name": "塔寮坑溪排水右岸2K+080" }, "geometry": { "type": "Point", "coordinates": [ 121.429202968382995, 25.027949009332701, 0.0 ] } },
{ "type": "Feature", "properties": { "Display": "2K+090", "River": "塔寮坑溪排水右岸", "Name": "塔寮坑溪排水右岸2K+090" }, "geometry": { "type": "Point", "coordinates": [ 121.429123075334999, 25.028002414301699, 0.0 ] } },
{ "type": "Feature", "properties": { "Display": "2K+100", "River": "塔寮坑溪排水右岸", "Name": "塔寮坑溪排水右岸2K+100" }, "geometry": { "type": "Point", "coordinates": [ 121.429040198593995, 25.028051882702901, 0.0 ] } },
{ "type": "Feature", "properties": { "Display": "2K+110", "River": "塔寮坑溪排水右岸", "Name": "塔寮坑溪排水右岸2K+110" }, "geometry": { "type": "Point", "coordinates": [ 121.428957993454006, 25.0281022859972, 0.0 ] } },
{ "type": "Feature", "properties": { "Display": "2K+120", "River": "塔寮坑溪排水右岸", "Name": "塔寮坑溪排水右岸2K+120" }, "geometry": { "type": "Point", "coordinates": [ 121.428872487042995, 25.0281478858487, 0.0 ] } },
{ "type": "Feature", "properties": { "Display": "2K+130", "River": "塔寮坑溪排水右岸", "Name": "塔寮坑溪排水右岸2K+130" }, "geometry": { "type": "Point", "coordinates": [ 121.428783081041004, 25.028186753663999, 0.0 ] } },
{ "type": "Feature", "properties": { "Display": "2K+140", "River": "塔寮坑溪排水右岸", "Name": "塔寮坑溪排水右岸2K+140" }, "geometry": { "type": "Point", "coordinates": [ 121.428688529997004, 25.0282127972261, 0.0 ] } },
{ "type": "Feature", "properties": { "Display": "2K+150", "River": "塔寮坑溪排水右岸", "Name": "塔寮坑溪排水右岸2K+150" }, "geometry": { "type": "Point", "coordinates": [ 121.428590175721993, 25.028223498812, 0.0 ] } },
{ "type": "Feature", "properties": { "Display": "2K+160", "River": "塔寮坑溪排水右岸", "Name": "塔寮坑溪排水右岸2K+160" }, "geometry": { "type": "Point", "coordinates": [ 121.428491173859996, 25.028224954275998, 0.0 ] } },
{ "type": "Feature", "properties": { "Display": "2K+170", "River": "塔寮坑溪排水右岸", "Name": "塔寮坑溪排水右岸2K+170" }, "geometry": { "type": "Point", "coordinates": [ 121.428392162704, 25.0282236014394, 0.0 ] } },
{ "type": "Feature", "properties": { "Display": "2K+180", "River": "塔寮坑溪排水右岸", "Name": "塔寮坑溪排水右岸2K+180" }, "geometry": { "type": "Point", "coordinates": [ 121.428294177582998, 25.028210681222198, 0.0 ] } },
{ "type": "Feature", "properties": { "Display": "2K+190", "River": "塔寮坑溪排水右岸", "Name": "塔寮坑溪排水右岸2K+190" }, "geometry": { "type": "Point", "coordinates": [ 121.428197924431004, 25.0281894804723, 0.0 ] } },
{ "type": "Feature", "properties": { "Display": "2K+200", "River": "塔寮坑溪排水右岸", "Name": "塔寮坑溪排水右岸2K+200" }, "geometry": { "type": "Point", "coordinates": [ 121.428104131750999, 25.028160481775199, 0.0 ] } },
{ "type": "Feature", "properties": { "Display": "2K+210", "River": "塔寮坑溪排水右岸", "Name": "塔寮坑溪排水右岸2K+210" }, "geometry": { "type": "Point", "coordinates": [ 121.428011370389001, 25.0281288061806, 0.0 ] } },
{ "type": "Feature", "properties": { "Display": "2K+220", "River": "塔寮坑溪排水右岸", "Name": "塔寮坑溪排水右岸2K+220" }, "geometry": { "type": "Point", "coordinates": [ 121.427920213429999, 25.028093412650701, 0.0 ] } },
{ "type": "Feature", "properties": { "Display": "2K+230", "River": "塔寮坑溪排水右岸", "Name": "塔寮坑溪排水右岸2K+230" }, "geometry": { "type": "Point", "coordinates": [ 121.427829056522, 25.028058019064002, 0.0 ] } },
{ "type": "Feature", "properties": { "Display": "2K+240", "River": "塔寮坑溪排水右岸", "Name": "塔寮坑溪排水右岸2K+240" }, "geometry": { "type": "Point", "coordinates": [ 121.427737899665999, 25.028022625420501, 0.0 ] } },
{ "type": "Feature", "properties": { "Display": "2K+250", "River": "塔寮坑溪排水右岸", "Name": "塔寮坑溪排水右岸2K+250" }, "geometry": { "type": "Point", "coordinates": [ 121.427648673516998, 25.0279834306941, 0.0 ] } },
{ "type": "Feature", "properties": { "Display": "2K+260", "River": "塔寮坑溪排水右岸", "Name": "塔寮坑溪排水右岸2K+260" }, "geometry": { "type": "Point", "coordinates": [ 121.427557387186994, 25.027948371094901, 0.0 ] } },
{ "type": "Feature", "properties": { "Display": "2K+270", "River": "塔寮坑溪排水右岸", "Name": "塔寮坑溪排水右岸2K+270" }, "geometry": { "type": "Point", "coordinates": [ 121.427463313212002, 25.0279202688323, 0.0 ] } },
{ "type": "Feature", "properties": { "Display": "2K+280", "River": "塔寮坑溪排水右岸", "Name": "塔寮坑溪排水右岸2K+280" }, "geometry": { "type": "Point", "coordinates": [ 121.427365500167994, 25.027907120074499, 0.0 ] } },
{ "type": "Feature", "properties": { "Display": "2K+290", "River": "塔寮坑溪排水右岸", "Name": "塔寮坑溪排水右岸2K+290" }, "geometry": { "type": "Point", "coordinates": [ 121.427266594941997, 25.0279039216705, 0.0 ] } },
{ "type": "Feature", "properties": { "Display": "2K+300", "River": "塔寮坑溪排水右岸", "Name": "塔寮坑溪排水右岸2K+300" }, "geometry": { "type": "Point", "coordinates": [ 121.427167578474993, 25.0279070162706, 0.0 ] } },
{ "type": "Feature", "properties": { "Display": "2K+310", "River": "塔寮坑溪排水右岸", "Name": "塔寮坑溪排水右岸2K+310" }, "geometry": { "type": "Point", "coordinates": [ 121.427068767853996, 25.027913590425101, 0.0 ] } },
{ "type": "Feature", "properties": { "Display": "2K+320", "River": "塔寮坑溪排水右岸", "Name": "塔寮坑溪排水右岸2K+320" }, "geometry": { "type": "Point", "coordinates": [ 121.426970509179995, 25.027925252745302, 0.0 ] } },
{ "type": "Feature", "properties": { "Display": "2K+330", "River": "塔寮坑溪排水右岸", "Name": "塔寮坑溪排水右岸2K+330" }, "geometry": { "type": "Point", "coordinates": [ 121.426872118733002, 25.0279339967603, 0.0 ] } },
{ "type": "Feature", "properties": { "Display": "2K+340", "River": "塔寮坑溪排水右岸", "Name": "塔寮坑溪排水右岸2K+340" }, "geometry": { "type": "Point", "coordinates": [ 121.426773140723995, 25.0279297267377, 0.0 ] } },
{ "type": "Feature", "properties": { "Display": "2K+350", "River": "塔寮坑溪排水右岸", "Name": "塔寮坑溪排水右岸2K+350" }, "geometry": { "type": "Point", "coordinates": [ 121.426674162720005, 25.0279254566492, 0.0 ] } },
{ "type": "Feature", "properties": { "Display": "2K+360", "River": "塔寮坑溪排水右岸", "Name": "塔寮坑溪排水右岸2K+360" }, "geometry": { "type": "Point", "coordinates": [ 121.426575609389999, 25.0279180945201, 0.0 ] } },
{ "type": "Feature", "properties": { "Display": "2K+370", "River": "塔寮坑溪排水右岸", "Name": "塔寮坑溪排水右岸2K+370" }, "geometry": { "type": "Point", "coordinates": [ 121.426478528597002, 25.027900011064499, 0.0 ] } },
{ "type": "Feature", "properties": { "Display": "2K+380", "River": "塔寮坑溪排水右岸", "Name": "塔寮坑溪排水右岸2K+380" }, "geometry": { "type": "Point", "coordinates": [ 121.426380332706998, 25.027896783668201, 0.0 ] } },
{ "type": "Feature", "properties": { "Display": "2K+390", "River": "塔寮坑溪排水右岸", "Name": "塔寮坑溪排水右岸2K+390" }, "geometry": { "type": "Point", "coordinates": [ 121.426282812465999, 25.0279126384081, 0.0 ] } },
{ "type": "Feature", "properties": { "Display": "2K+400", "River": "塔寮坑溪排水右岸", "Name": "塔寮坑溪排水右岸2K+400" }, "geometry": { "type": "Point", "coordinates": [ 121.426185664414007, 25.0279107211135, 0.0 ] } },
{ "type": "Feature", "properties": { "Display": "2K+410", "River": "塔寮坑溪排水右岸", "Name": "塔寮坑溪排水右岸2K+410" }, "geometry": { "type": "Point", "coordinates": [ 121.426088450848994, 25.027893239798502, 0.0 ] } },
{ "type": "Feature", "properties": { "Display": "2K+420", "River": "塔寮坑溪排水右岸", "Name": "塔寮坑溪排水右岸2K+420" }, "geometry": { "type": "Point", "coordinates": [ 121.425991231750999, 25.0278757841428, 0.0 ] } },
{ "type": "Feature", "properties": { "Display": "2K+430", "River": "塔寮坑溪排水右岸", "Name": "塔寮坑溪排水右岸2K+430" }, "geometry": { "type": "Point", "coordinates": [ 121.425894001027004, 25.027858382346, 0.0 ] } },
{ "type": "Feature", "properties": { "Display": "2K+440", "River": "塔寮坑溪排水右岸", "Name": "塔寮坑溪排水右岸2K+440" }, "geometry": { "type": "Point", "coordinates": [ 121.425796770329995, 25.027840980485198, 0.0 ] } },
{ "type": "Feature", "properties": { "Display": "2K+450", "River": "塔寮坑溪排水右岸", "Name": "塔寮坑溪排水右岸2K+450" }, "geometry": { "type": "Point", "coordinates": [ 121.425699442516006, 25.027824054034198, 0.0 ] } },
{ "type": "Feature", "properties": { "Display": "2K+460", "River": "塔寮坑溪排水右岸", "Name": "塔寮坑溪排水右岸2K+460" }, "geometry": { "type": "Point", "coordinates": [ 121.425601851877005, 25.0278084140738, 0.0 ] } },
{ "type": "Feature", "properties": { "Display": "2K+470", "River": "塔寮坑溪排水右岸", "Name": "塔寮坑溪排水右岸2K+470" }, "geometry": { "type": "Point", "coordinates": [ 121.425504261260997, 25.027792774049001, 0.0 ] } },
{ "type": "Feature", "properties": { "Display": "2K+480", "River": "塔寮坑溪排水右岸", "Name": "塔寮坑溪排水右岸2K+480" }, "geometry": { "type": "Point", "coordinates": [ 121.42540667067, 25.027777133959798, 0.0 ] } },
{ "type": "Feature", "properties": { "Display": "2K+490", "River": "塔寮坑溪排水右岸", "Name": "塔寮坑溪排水右岸2K+490" }, "geometry": { "type": "Point", "coordinates": [ 121.425309018193005, 25.027761819467599, 0.0 ] } },
{ "type": "Feature", "properties": { "Display": "2K+500", "River": "塔寮坑溪排水右岸", "Name": "塔寮坑溪排水右岸2K+500" }, "geometry": { "type": "Point", "coordinates": [ 121.425211564628, 25.027745656190302, 0.0 ] } },
{ "type": "Feature", "properties": { "Display": "2K+510", "River": "塔寮坑溪排水右岸", "Name": "塔寮坑溪排水右岸2K+510" }, "geometry": { "type": "Point", "coordinates": [ 121.425115338149993, 25.027724113573299, 0.0 ] } },
{ "type": "Feature", "properties": { "Display": "2K+520", "River": "塔寮坑溪排水右岸", "Name": "塔寮坑溪排水右岸2K+520" }, "geometry": { "type": "Point", "coordinates": [ 121.425022572719001, 25.027693245047999, 0.0 ] } },
{ "type": "Feature", "properties": { "Display": "2K+530", "River": "塔寮坑溪排水右岸", "Name": "塔寮坑溪排水右岸2K+530" }, "geometry": { "type": "Point", "coordinates": [ 121.424931881307003, 25.027656905112298, 0.0 ] } },
{ "type": "Feature", "properties": { "Display": "2K+540", "River": "塔寮坑溪排水右岸", "Name": "塔寮坑溪排水右岸2K+540" }, "geometry": { "type": "Point", "coordinates": [ 121.424845381083003, 25.027612870817801, 0.0 ] } },
{ "type": "Feature", "properties": { "Display": "2K+550", "River": "塔寮坑溪排水右岸", "Name": "塔寮坑溪排水右岸2K+550" }, "geometry": { "type": "Point", "coordinates": [ 121.424759524438002, 25.027567798829701, 0.0 ] } },
{ "type": "Feature", "properties": { "Display": "2K+560", "River": "塔寮坑溪排水右岸", "Name": "塔寮坑溪排水右岸2K+560" }, "geometry": { "type": "Point", "coordinates": [ 121.424673501639006, 25.0275229904118, 0.0 ] } },
{ "type": "Feature", "properties": { "Display": "2K+570", "River": "塔寮坑溪排水右岸", "Name": "塔寮坑溪排水右岸2K+570" }, "geometry": { "type": "Point", "coordinates": [ 121.424587888272995, 25.0274775367151, 0.0 ] } },
{ "type": "Feature", "properties": { "Display": "2K+580", "River": "塔寮坑溪排水右岸", "Name": "塔寮坑溪排水右岸2K+580" }, "geometry": { "type": "Point", "coordinates": [ 121.424501853707, 25.027432748372199, 0.0 ] } },
{ "type": "Feature", "properties": { "Display": "2K+590", "River": "塔寮坑溪排水右岸", "Name": "塔寮坑溪排水右岸2K+590" }, "geometry": { "type": "Point", "coordinates": [ 121.424415481251998, 25.027388502479301, 0.0 ] } },
{ "type": "Feature", "properties": { "Display": "2K+600", "River": "塔寮坑溪排水右岸", "Name": "塔寮坑溪排水右岸2K+600" }, "geometry": { "type": "Point", "coordinates": [ 121.424329384147001, 25.027343814133701, 0.0 ] } },
{ "type": "Feature", "properties": { "Display": "2K+610", "River": "塔寮坑溪排水右岸", "Name": "塔寮坑溪排水右岸2K+610" }, "geometry": { "type": "Point", "coordinates": [ 121.424243430960004, 25.027298896013601, 0.0 ] } },
{ "type": "Feature", "properties": { "Display": "2K+620", "River": "塔寮坑溪排水右岸", "Name": "塔寮坑溪排水右岸2K+620" }, "geometry": { "type": "Point", "coordinates": [ 121.424157862460007, 25.027253373272099, 0.0 ] } },
{ "type": "Feature", "properties": { "Display": "2K+630", "River": "塔寮坑溪排水右岸", "Name": "塔寮坑溪排水右岸2K+630" }, "geometry": { "type": "Point", "coordinates": [ 121.424071957137997, 25.0272083784842, 0.0 ] } },
{ "type": "Feature", "properties": { "Display": "2K+640", "River": "塔寮坑溪排水右岸", "Name": "塔寮坑溪排水右岸2K+640" }, "geometry": { "type": "Point", "coordinates": [ 121.423986115112001, 25.027163284750799, 0.0 ] } },
{ "type": "Feature", "properties": { "Display": "2K+650", "River": "塔寮坑溪排水右岸", "Name": "塔寮坑溪排水右岸2K+650" }, "geometry": { "type": "Point", "coordinates": [ 121.423900786459001, 25.027117388183399, 0.0 ] } },
{ "type": "Feature", "properties": { "Display": "2K+660", "River": "塔寮坑溪排水右岸", "Name": "塔寮坑溪排水右岸2K+660" }, "geometry": { "type": "Point", "coordinates": [ 121.423814988668994, 25.0270722257983, 0.0 ] } },
{ "type": "Feature", "properties": { "Display": "2K+670", "River": "塔寮坑溪排水右岸", "Name": "塔寮坑溪排水右岸2K+670" }, "geometry": { "type": "Point", "coordinates": [ 121.423729503684996, 25.027026571458801, 0.0 ] } },
{ "type": "Feature", "properties": { "Display": "2K+680", "River": "塔寮坑溪排水右岸", "Name": "塔寮坑溪排水右岸2K+680" }, "geometry": { "type": "Point", "coordinates": [ 121.423644018763, 25.0269809170691, 0.0 ] } },
{ "type": "Feature", "properties": { "Display": "2K+690", "River": "塔寮坑溪排水右岸", "Name": "塔寮坑溪排水右岸2K+690" }, "geometry": { "type": "Point", "coordinates": [ 121.423556180923001, 25.026939182859099, 0.0 ] } },
{ "type": "Feature", "properties": { "Display": "2K+700", "River": "塔寮坑溪排水右岸", "Name": "塔寮坑溪排水右岸2K+700" }, "geometry": { "type": "Point", "coordinates": [ 121.423466850183999, 25.026900237393502, 0.0 ] } },
{ "type": "Feature", "properties": { "Display": "2K+710", "River": "塔寮坑溪排水右岸", "Name": "塔寮坑溪排水右岸2K+710" }, "geometry": { "type": "Point", "coordinates": [ 121.423378227049994, 25.026860330042599, 0.0 ] } },
{ "type": "Feature", "properties": { "Display": "2K+720", "River": "塔寮坑溪排水右岸", "Name": "塔寮坑溪排水右岸2K+720" }, "geometry": { "type": "Point", "coordinates": [ 121.423293268725004, 25.026813868267102, 0.0 ] } },
{ "type": "Feature", "properties": { "Display": "2K+730", "River": "塔寮坑溪排水右岸", "Name": "塔寮坑溪排水右岸2K+730" }, "geometry": { "type": "Point", "coordinates": [ 121.423208167344001, 25.026767625143499, 0.0 ] } },
{ "type": "Feature", "properties": { "Display": "2K+740", "River": "塔寮坑溪排水右岸", "Name": "塔寮坑溪排水右岸2K+740" }, "geometry": { "type": "Point", "coordinates": [ 121.423123004535, 25.026721531734001, 0.0 ] } },
{ "type": "Feature", "properties": { "Display": "2K+750", "River": "塔寮坑溪排水右岸", "Name": "塔寮坑溪排水右岸2K+750" }, "geometry": { "type": "Point", "coordinates": [ 121.423038709278998, 25.0266740768167, 0.0 ] } },
{ "type": "Feature", "properties": { "Display": "2K+760", "River": "塔寮坑溪排水右岸", "Name": "塔寮坑溪排水右岸2K+760" }, "geometry": { "type": "Point", "coordinates": [ 121.422954414089006, 25.0266266218505, 0.0 ] } },
{ "type": "Feature", "properties": { "Display": "2K+770", "River": "塔寮坑溪排水右岸", "Name": "塔寮坑溪排水右岸2K+770" }, "geometry": { "type": "Point", "coordinates": [ 121.422889265074005, 25.026573722433401, 0.0 ] } },
{ "type": "Feature", "properties": { "Display": "2K+780", "River": "塔寮坑溪排水右岸", "Name": "塔寮坑溪排水右岸2K+780" }, "geometry": { "type": "Point", "coordinates": [ 121.422806547139004, 25.026524016854399, 0.0 ] } },
{ "type": "Feature", "properties": { "Display": "2K+790", "River": "塔寮坑溪排水右岸", "Name": "塔寮坑溪排水右岸2K+790" }, "geometry": { "type": "Point", "coordinates": [ 121.422723829269998, 25.026474311228199, 0.0 ] } },
{ "type": "Feature", "properties": { "Display": "2K+800", "River": "塔寮坑溪排水右岸", "Name": "塔寮坑溪排水右岸2K+800" }, "geometry": { "type": "Point", "coordinates": [ 121.422639389612002, 25.026427157116601, 0.0 ] } },
{ "type": "Feature", "properties": { "Display": "2K+810", "River": "塔寮坑溪排水右岸", "Name": "塔寮坑溪排水右岸2K+810" }, "geometry": { "type": "Point", "coordinates": [ 121.422553374572999, 25.0263823375535, 0.0 ] } },
{ "type": "Feature", "properties": { "Display": "2K+820", "River": "塔寮坑溪排水右岸", "Name": "塔寮坑溪排水右岸2K+820" }, "geometry": { "type": "Point", "coordinates": [ 121.422467359595998, 25.026337517939599, 0.0 ] } },
{ "type": "Feature", "properties": { "Display": "2K+830", "River": "塔寮坑溪排水右岸", "Name": "塔寮坑溪排水右岸2K+830" }, "geometry": { "type": "Point", "coordinates": [ 121.422381028274003, 25.026293223487201, 0.0 ] } },
{ "type": "Feature", "properties": { "Display": "2K+840", "River": "塔寮坑溪排水右岸", "Name": "塔寮坑溪排水右岸2K+840" }, "geometry": { "type": "Point", "coordinates": [ 121.422293344558994, 25.026251173956101, 0.0 ] } },
{ "type": "Feature", "properties": { "Display": "2K+850", "River": "塔寮坑溪排水右岸", "Name": "塔寮坑溪排水右岸2K+850" }, "geometry": { "type": "Point", "coordinates": [ 121.422217738518995, 25.0261932955741, 0.0 ] } },
{ "type": "Feature", "properties": { "Display": "2K+860", "River": "塔寮坑溪排水右岸", "Name": "塔寮坑溪排水右岸2K+860" }, "geometry": { "type": "Point", "coordinates": [ 121.422144940885005, 25.0261320675904, 0.0 ] } },
{ "type": "Feature", "properties": { "Display": "2K+870", "River": "塔寮坑溪排水右岸", "Name": "塔寮坑溪排水右岸2K+870" }, "geometry": { "type": "Point", "coordinates": [ 121.422073680311001, 25.026069343646299, 0.0 ] } },
{ "type": "Feature", "properties": { "Display": "2K+880", "River": "塔寮坑溪排水右岸", "Name": "塔寮坑溪排水右岸2K+880" }, "geometry": { "type": "Point", "coordinates": [ 121.422005586355994, 25.026003757932401, 0.0 ] } },
{ "type": "Feature", "properties": { "Display": "2K+890", "River": "塔寮坑溪排水右岸", "Name": "塔寮坑溪排水右岸2K+890" }, "geometry": { "type": "Point", "coordinates": [ 121.421939666780005, 25.025936399399502, 0.0 ] } },
{ "type": "Feature", "properties": { "Display": "2K+900", "River": "塔寮坑溪排水右岸", "Name": "塔寮坑溪排水右岸2K+900" }, "geometry": { "type": "Point", "coordinates": [ 121.421875771738996, 25.025867395693901, 0.0 ] } },
{ "type": "Feature", "properties": { "Display": "2K+910", "River": "塔寮坑溪排水右岸", "Name": "塔寮坑溪排水右岸2K+910" }, "geometry": { "type": "Point", "coordinates": [ 121.421812592961999, 25.0257978463097, 0.0 ] } },
{ "type": "Feature", "properties": { "Display": "2K+920", "River": "塔寮坑溪排水右岸", "Name": "塔寮坑溪排水右岸2K+920" }, "geometry": { "type": "Point", "coordinates": [ 121.421749414256993, 25.0257282968971, 0.0 ] } },
{ "type": "Feature", "properties": { "Display": "2K+930", "River": "塔寮坑溪排水右岸", "Name": "塔寮坑溪排水右岸2K+930" }, "geometry": { "type": "Point", "coordinates": [ 121.421685555891003, 25.025659265070299, 0.0 ] } },
{ "type": "Feature", "properties": { "Display": "2K+940", "River": "塔寮坑溪排水右岸", "Name": "塔寮坑溪排水右岸2K+940" }, "geometry": { "type": "Point", "coordinates": [ 121.421621649388001, 25.025590269925601, 0.0 ] } },
{ "type": "Feature", "properties": { "Display": "2K+950", "River": "塔寮坑溪排水右岸", "Name": "塔寮坑溪排水右岸2K+950" }, "geometry": { "type": "Point", "coordinates": [ 121.421594630775004, 25.025503503607599, 0.0 ] } },
{ "type": "Feature", "properties": { "Display": "2K+960", "River": "塔寮坑溪排水右岸", "Name": "塔寮坑溪排水右岸2K+960" }, "geometry": { "type": "Point", "coordinates": [ 121.421544591818005, 25.0254275919776, 0.0 ] } },
{ "type": "Feature", "properties": { "Display": "2K+970", "River": "塔寮坑溪排水右岸", "Name": "塔寮坑溪排水右岸2K+970" }, "geometry": { "type": "Point", "coordinates": [ 121.421481270250993, 25.025358436001301, 0.0 ] } },
{ "type": "Feature", "properties": { "Display": "2K+980", "River": "塔寮坑溪排水右岸", "Name": "塔寮坑溪排水右岸2K+980" }, "geometry": { "type": "Point", "coordinates": [ 121.421403485339994, 25.0253025089762, 0.0 ] } },
{ "type": "Feature", "properties": { "Display": "2K+990", "River": "塔寮坑溪排水右岸", "Name": "塔寮坑溪排水右岸2K+990" }, "geometry": { "type": "Point", "coordinates": [ 121.421328413417001, 25.0252436060318, 0.0 ] } },
{ "type": "Feature", "properties": { "Display": "3K+000", "River": "塔寮坑溪排水右岸", "Name": "塔寮坑溪排水右岸3K+000" }, "geometry": { "type": "Point", "coordinates": [ 121.421255845144998, 25.025182172533199, 0.0 ] } },
{ "type": "Feature", "properties": { "Display": "3K+010", "River": "塔寮坑溪排水右岸", "Name": "塔寮坑溪排水右岸3K+010" }, "geometry": { "type": "Point", "coordinates": [ 121.421185363020001, 25.025118730022001, 0.0 ] } },
{ "type": "Feature", "properties": { "Display": "3K+020", "River": "塔寮坑溪排水右岸", "Name": "塔寮坑溪排水右岸3K+020" }, "geometry": { "type": "Point", "coordinates": [ 121.421120333936997, 25.0250507031353, 0.0 ] } },
{ "type": "Feature", "properties": { "Display": "3K+030", "River": "塔寮坑溪排水右岸", "Name": "塔寮坑溪排水右岸3K+030" }, "geometry": { "type": "Point", "coordinates": [ 121.421064093439995, 25.0249764372223, 0.0 ] } },
{ "type": "Feature", "properties": { "Display": "3K+040", "River": "塔寮坑溪排水右岸", "Name": "塔寮坑溪排水右岸3K+040" }, "geometry": { "type": "Point", "coordinates": [ 121.421016741206998, 25.024897219658801, 0.0 ] } },
{ "type": "Feature", "properties": { "Display": "3K+050", "River": "塔寮坑溪排水右岸", "Name": "塔寮坑溪排水右岸3K+050" }, "geometry": { "type": "Point", "coordinates": [ 121.420978905783002, 25.0248138363572, 0.0 ] } },
{ "type": "Feature", "properties": { "Display": "3K+060", "River": "塔寮坑溪排水右岸", "Name": "塔寮坑溪排水右岸3K+060" }, "geometry": { "type": "Point", "coordinates": [ 121.420946416549, 25.024728549669799, 0.0 ] } },
{ "type": "Feature", "properties": { "Display": "3K+070", "River": "塔寮坑溪排水右岸", "Name": "塔寮坑溪排水右岸3K+070" }, "geometry": { "type": "Point", "coordinates": [ 121.420914211433995, 25.0246431698164, 0.0 ] } },
{ "type": "Feature", "properties": { "Display": "3K+080", "River": "塔寮坑溪排水右岸", "Name": "塔寮坑溪排水右岸3K+080" }, "geometry": { "type": "Point", "coordinates": [ 121.420882006363996, 25.0245577899544, 0.0 ] } },
{ "type": "Feature", "properties": { "Display": "3K+090", "River": "塔寮坑溪排水右岸", "Name": "塔寮坑溪排水右岸3K+090" }, "geometry": { "type": "Point", "coordinates": [ 121.420850313588005, 25.024472263689201, 0.0 ] } },
{ "type": "Feature", "properties": { "Display": "3K+100", "River": "塔寮坑溪排水右岸", "Name": "塔寮坑溪排水右岸3K+100" }, "geometry": { "type": "Point", "coordinates": [ 121.420823230761997, 25.024385419958701, 0.0 ] } },
{ "type": "Feature", "properties": { "Display": "3K+110", "River": "塔寮坑溪排水右岸", "Name": "塔寮坑溪排水右岸3K+110" }, "geometry": { "type": "Point", "coordinates": [ 121.420795454599002, 25.024298764117901, 0.0 ] } },
{ "type": "Feature", "properties": { "Display": "3K+120", "River": "塔寮坑溪排水右岸", "Name": "塔寮坑溪排水右岸3K+120" }, "geometry": { "type": "Point", "coordinates": [ 121.420766047951005, 25.024212550121899, 0.0 ] } },
{ "type": "Feature", "properties": { "Display": "3K+130", "River": "塔寮坑溪排水右岸", "Name": "塔寮坑溪排水右岸3K+130" }, "geometry": { "type": "Point", "coordinates": [ 121.420736641345002, 25.024126336118599, 0.0 ] } },
{ "type": "Feature", "properties": { "Display": "3K+140", "River": "塔寮坑溪排水右岸", "Name": "塔寮坑溪排水右岸3K+140" }, "geometry": { "type": "Point", "coordinates": [ 121.420707226117003, 25.024040124618701, 0.0 ] } },
{ "type": "Feature", "properties": { "Display": "3K+150", "River": "塔寮坑溪排水右岸", "Name": "塔寮坑溪排水右岸3K+150" }, "geometry": { "type": "Point", "coordinates": [ 121.420676567754001, 25.0239542733873, 0.0 ] } },
{ "type": "Feature", "properties": { "Display": "3K+160", "River": "塔寮坑溪排水右岸", "Name": "塔寮坑溪排水右岸3K+160" }, "geometry": { "type": "Point", "coordinates": [ 121.420645909434995, 25.023868422147999, 0.0 ] } },
{ "type": "Feature", "properties": { "Display": "3K+170", "River": "塔寮坑溪排水右岸", "Name": "塔寮坑溪排水右岸3K+170" }, "geometry": { "type": "Point", "coordinates": [ 121.420615251160001, 25.023782570900799, 0.0 ] } },
{ "type": "Feature", "properties": { "Display": "3K+180", "River": "塔寮坑溪排水右岸", "Name": "塔寮坑溪排水右岸3K+180" }, "geometry": { "type": "Point", "coordinates": [ 121.420584592927995, 25.023696719645798, 0.0 ] } },
{ "type": "Feature", "properties": { "Display": "3K+190", "River": "塔寮坑溪排水右岸", "Name": "塔寮坑溪排水右岸3K+190" }, "geometry": { "type": "Point", "coordinates": [ 121.420553934739004, 25.023610868382899, 0.0 ] } },
{ "type": "Feature", "properties": { "Display": "3K+200", "River": "塔寮坑溪排水右岸", "Name": "塔寮坑溪排水右岸3K+200" }, "geometry": { "type": "Point", "coordinates": [ 121.420523276593997, 25.023525017112199, 0.0 ] } },
{ "type": "Feature", "properties": { "Display": "3K+210", "River": "塔寮坑溪排水右岸", "Name": "塔寮坑溪排水右岸3K+210" }, "geometry": { "type": "Point", "coordinates": [ 121.420494916704001, 25.0234385150039, 0.0 ] } },
{ "type": "Feature", "properties": { "Display": "3K+220", "River": "塔寮坑溪排水右岸", "Name": "塔寮坑溪排水右岸3K+220" }, "geometry": { "type": "Point", "coordinates": [ 121.420466762908006, 25.023351954536899, 0.0 ] } },
{ "type": "Feature", "properties": { "Display": "3K+230", "River": "塔寮坑溪排水右岸", "Name": "塔寮坑溪排水右岸3K+230" }, "geometry": { "type": "Point", "coordinates": [ 121.420438609151006, 25.023265394063099, 0.0 ] } },
{ "type": "Feature", "properties": { "Display": "3K+240", "River": "塔寮坑溪排水右岸", "Name": "塔寮坑溪排水右岸3K+240" }, "geometry": { "type": "Point", "coordinates": [ 121.420410455435004, 25.023178833582399, 0.0 ] } },
{ "type": "Feature", "properties": { "Display": "3K+250", "River": "塔寮坑溪排水右岸", "Name": "塔寮坑溪排水右岸3K+250" }, "geometry": { "type": "Point", "coordinates": [ 121.420391403674998, 25.023092411294598, 0.0 ] } },
{ "type": "Feature", "properties": { "Display": "3K+260", "River": "塔寮坑溪排水右岸", "Name": "塔寮坑溪排水右岸3K+260" }, "geometry": { "type": "Point", "coordinates": [ 121.420355428454002, 25.023008652410201, 0.0 ] } },
{ "type": "Feature", "properties": { "Display": "3K+270", "River": "塔寮坑溪排水右岸", "Name": "塔寮坑溪排水右岸3K+270" }, "geometry": { "type": "Point", "coordinates": [ 121.420311553839994, 25.022927782969099, 0.0 ] } },
{ "type": "Feature", "properties": { "Display": "3K+280", "River": "塔寮坑溪排水右岸", "Name": "塔寮坑溪排水右岸3K+280" }, "geometry": { "type": "Point", "coordinates": [ 121.420280095121996, 25.022842229208301, 0.0 ] } },
{ "type": "Feature", "properties": { "Display": "3K+290", "River": "塔寮坑溪排水右岸", "Name": "塔寮坑溪排水右岸3K+290" }, "geometry": { "type": "Point", "coordinates": [ 121.420250249994993, 25.022756140470399, 0.0 ] } },
{ "type": "Feature", "properties": { "Display": "3K+300", "River": "塔寮坑溪排水右岸", "Name": "塔寮坑溪排水右岸3K+300" }, "geometry": { "type": "Point", "coordinates": [ 121.420220404911007, 25.022670051724901, 0.0 ] } },
{ "type": "Feature", "properties": { "Display": "3K+310", "River": "塔寮坑溪排水右岸", "Name": "塔寮坑溪排水右岸3K+310" }, "geometry": { "type": "Point", "coordinates": [ 121.420190559869994, 25.0225839629719, 0.0 ] } },
{ "type": "Feature", "properties": { "Display": "3K+320", "River": "塔寮坑溪排水右岸", "Name": "塔寮坑溪排水右岸3K+320" }, "geometry": { "type": "Point", "coordinates": [ 121.420160778378005, 25.022497855972698, 0.0 ] } },
{ "type": "Feature", "properties": { "Display": "3K+330", "River": "塔寮坑溪排水右岸", "Name": "塔寮坑溪排水右岸3K+330" }, "geometry": { "type": "Point", "coordinates": [ 121.420131050858004, 25.022411733477799, 0.0 ] } },
{ "type": "Feature", "properties": { "Display": "3K+340", "River": "塔寮坑溪排水右岸", "Name": "塔寮坑溪排水右岸3K+340" }, "geometry": { "type": "Point", "coordinates": [ 121.420101323381004, 25.0223256109754, 0.0 ] } },
{ "type": "Feature", "properties": { "Display": "3K+350", "River": "塔寮坑溪排水右岸", "Name": "塔寮坑溪排水右岸3K+350" }, "geometry": { "type": "Point", "coordinates": [ 121.420071595946993, 25.022239488465502, 0.0 ] } },
{ "type": "Feature", "properties": { "Display": "3K+360", "River": "塔寮坑溪排水右岸", "Name": "塔寮坑溪排水右岸3K+360" }, "geometry": { "type": "Point", "coordinates": [ 121.420041868553994, 25.0221533659481, 0.0 ] } },
{ "type": "Feature", "properties": { "Display": "3K+370", "River": "塔寮坑溪排水右岸", "Name": "塔寮坑溪排水右岸3K+370" }, "geometry": { "type": "Point", "coordinates": [ 121.420012168594994, 25.0220672355792, 0.0 ] } },
{ "type": "Feature", "properties": { "Display": "3K+380", "River": "塔寮坑溪排水右岸", "Name": "塔寮坑溪排水右岸3K+380" }, "geometry": { "type": "Point", "coordinates": [ 121.419982477481, 25.021981102681998, 0.0 ] } },
{ "type": "Feature", "properties": { "Display": "3K+390", "River": "塔寮坑溪排水右岸", "Name": "塔寮坑溪排水右岸3K+390" }, "geometry": { "type": "Point", "coordinates": [ 121.419952786408004, 25.021894969777399, 0.0 ] } },
{ "type": "Feature", "properties": { "Display": "3K+400", "River": "塔寮坑溪排水右岸", "Name": "塔寮坑溪排水右岸3K+400" }, "geometry": { "type": "Point", "coordinates": [ 121.419923095377996, 25.0218088368654, 0.0 ] } },
{ "type": "Feature", "properties": { "Display": "3K+410", "River": "塔寮坑溪排水右岸", "Name": "塔寮坑溪排水右岸3K+410" }, "geometry": { "type": "Point", "coordinates": [ 121.419892669104996, 25.021722917569999, 0.0 ] } },
{ "type": "Feature", "properties": { "Display": "3K+420", "River": "塔寮坑溪排水右岸", "Name": "塔寮坑溪排水右岸3K+420" }, "geometry": { "type": "Point", "coordinates": [ 121.419862159315997, 25.021637022543299, 0.0 ] } },
{ "type": "Feature", "properties": { "Display": "3K+430", "River": "塔寮坑溪排水右岸", "Name": "塔寮坑溪排水右岸3K+430" }, "geometry": { "type": "Point", "coordinates": [ 121.41983164957, 25.0215511275089, 0.0 ] } },
{ "type": "Feature", "properties": { "Display": "3K+440", "River": "塔寮坑溪排水右岸", "Name": "塔寮坑溪排水右岸3K+440" }, "geometry": { "type": "Point", "coordinates": [ 121.419801139867005, 25.021465232466699, 0.0 ] } },
{ "type": "Feature", "properties": { "Display": "3K+450", "River": "塔寮坑溪排水右岸", "Name": "塔寮坑溪排水右岸3K+450" }, "geometry": { "type": "Point", "coordinates": [ 121.419770630208006, 25.021379337416601, 0.0 ] } },
{ "type": "Feature", "properties": { "Display": "3K+460", "River": "塔寮坑溪排水右岸", "Name": "塔寮坑溪排水右岸3K+460" }, "geometry": { "type": "Point", "coordinates": [ 121.419743664365001, 25.021292483158401, 0.0 ] } },
{ "type": "Feature", "properties": { "Display": "3K+470", "River": "塔寮坑溪排水右岸", "Name": "塔寮坑溪排水右岸3K+470" }, "geometry": { "type": "Point", "coordinates": [ 121.419719991959994, 25.021204943276601, 0.0 ] } },
{ "type": "Feature", "properties": { "Display": "3K+480", "River": "塔寮坑溪排水右岸", "Name": "塔寮坑溪排水右岸3K+480" }, "geometry": { "type": "Point", "coordinates": [ 121.419707902973997, 25.021115336189599, 0.0 ] } },
{ "type": "Feature", "properties": { "Display": "3K+490", "River": "塔寮坑溪排水右岸", "Name": "塔寮坑溪排水右岸3K+490" }, "geometry": { "type": "Point", "coordinates": [ 121.419697200957003, 25.0210256240033, 0.0 ] } },
{ "type": "Feature", "properties": { "Display": "3K+500", "River": "塔寮坑溪排水右岸", "Name": "塔寮坑溪排水右岸3K+500" }, "geometry": { "type": "Point", "coordinates": [ 121.419693071805995, 25.0209354211629, 0.0 ] } },
{ "type": "Feature", "properties": { "Display": "3K+510", "River": "塔寮坑溪排水右岸", "Name": "塔寮坑溪排水右岸3K+510" }, "geometry": { "type": "Point", "coordinates": [ 121.419689283886001, 25.020845205586902, 0.0 ] } },
{ "type": "Feature", "properties": { "Display": "3K+520", "River": "塔寮坑溪排水右岸", "Name": "塔寮坑溪排水右岸3K+520" }, "geometry": { "type": "Point", "coordinates": [ 121.419685552933998, 25.020754988203201, 0.0 ] } },
{ "type": "Feature", "properties": { "Display": "3K+530", "River": "塔寮坑溪排水右岸", "Name": "塔寮坑溪排水右岸3K+530" }, "geometry": { "type": "Point", "coordinates": [ 121.419682448190997, 25.020664750960201, 0.0 ] } },
{ "type": "Feature", "properties": { "Display": "3K+540", "River": "塔寮坑溪排水右岸", "Name": "塔寮坑溪排水右岸3K+540" }, "geometry": { "type": "Point", "coordinates": [ 121.419679343452998, 25.020574513715999, 0.0 ] } },
{ "type": "Feature", "properties": { "Display": "3K+550", "River": "塔寮坑溪排水右岸", "Name": "塔寮坑溪排水右岸3K+550" }, "geometry": { "type": "Point", "coordinates": [ 121.419676238720996, 25.0204842764707, 0.0 ] } },
{ "type": "Feature", "properties": { "Display": "3K+560", "River": "塔寮坑溪排水右岸", "Name": "塔寮坑溪排水右岸3K+560" }, "geometry": { "type": "Point", "coordinates": [ 121.419673250532995, 25.0203940367245, 0.0 ] } },
{ "type": "Feature", "properties": { "Display": "3K+570", "River": "塔寮坑溪排水右岸", "Name": "塔寮坑溪排水右岸3K+570" }, "geometry": { "type": "Point", "coordinates": [ 121.419671691974003, 25.020303766313798, 0.0 ] } },
{ "type": "Feature", "properties": { "Display": "3K+580", "River": "塔寮坑溪排水右岸", "Name": "塔寮坑溪排水右岸3K+580" }, "geometry": { "type": "Point", "coordinates": [ 121.419670133417995, 25.020213495901999, 0.0 ] } },
{ "type": "Feature", "properties": { "Display": "3K+590", "River": "塔寮坑溪排水右岸", "Name": "塔寮坑溪排水右岸3K+590" }, "geometry": { "type": "Point", "coordinates": [ 121.419670102401994, 25.0201232220371, 0.0 ] } },
{ "type": "Feature", "properties": { "Display": "3K+600", "River": "塔寮坑溪排水右岸", "Name": "塔寮坑溪排水右岸3K+600" }, "geometry": { "type": "Point", "coordinates": [ 121.419671169517002, 25.020032945689501, 0.0 ] } },
{ "type": "Feature", "properties": { "Display": "3K+610", "River": "塔寮坑溪排水右岸", "Name": "塔寮坑溪排水右岸3K+610" }, "geometry": { "type": "Point", "coordinates": [ 121.419670935238003, 25.019942678504002, 0.0 ] } },
{ "type": "Feature", "properties": { "Display": "3K+620", "River": "塔寮坑溪排水右岸", "Name": "塔寮坑溪排水右岸3K+620" }, "geometry": { "type": "Point", "coordinates": [ 121.419663826106003, 25.019852674867501, 0.0 ] } },
{ "type": "Feature", "properties": { "Display": "3K+630", "River": "塔寮坑溪排水右岸", "Name": "塔寮坑溪排水右岸3K+630" }, "geometry": { "type": "Point", "coordinates": [ 121.419647244667999, 25.0197637271106, 0.0 ] } },
{ "type": "Feature", "properties": { "Display": "3K+640", "River": "塔寮坑溪排水右岸", "Name": "塔寮坑溪排水右岸3K+640" }, "geometry": { "type": "Point", "coordinates": [ 121.419621623965, 25.019676562767501, 0.0 ] } },
{ "type": "Feature", "properties": { "Display": "3K+650", "River": "塔寮坑溪排水右岸", "Name": "塔寮坑溪排水右岸3K+650" }, "geometry": { "type": "Point", "coordinates": [ 121.419577598155001, 25.0195959590183, 0.0 ] } },
{ "type": "Feature", "properties": { "Display": "3K+660", "River": "塔寮坑溪排水右岸", "Name": "塔寮坑溪排水右岸3K+660" }, "geometry": { "type": "Point", "coordinates": [ 121.419522900249007, 25.01952075254, 0.0 ] } },
{ "type": "Feature", "properties": { "Display": "3K+670", "River": "塔寮坑溪排水右岸", "Name": "塔寮坑溪排水右岸3K+670" }, "geometry": { "type": "Point", "coordinates": [ 121.419460682348003, 25.019450693340499, 0.0 ] } },
{ "type": "Feature", "properties": { "Display": "3K+680", "River": "塔寮坑溪排水右岸", "Name": "塔寮坑溪排水右岸3K+680" }, "geometry": { "type": "Point", "coordinates": [ 121.419382458811995, 25.019395698733302, 0.0 ] } },
{ "type": "Feature", "properties": { "Display": "3K+690", "River": "塔寮坑溪排水右岸", "Name": "塔寮坑溪排水右岸3K+690" }, "geometry": { "type": "Point", "coordinates": [ 121.419296554160994, 25.019350711412599, 0.0 ] } },
{ "type": "Feature", "properties": { "Display": "3K+700", "River": "塔寮坑溪排水右岸", "Name": "塔寮坑溪排水右岸3K+700" }, "geometry": { "type": "Point", "coordinates": [ 121.419205892597006, 25.0193160194843, 0.0 ] } },
{ "type": "Feature", "properties": { "Display": "3K+710", "River": "塔寮坑溪排水右岸", "Name": "塔寮坑溪排水右岸3K+710" }, "geometry": { "type": "Point", "coordinates": [ 121.419108409629999, 25.019300167641902, 0.0 ] } },
{ "type": "Feature", "properties": { "Display": "3K+720", "River": "塔寮坑溪排水右岸", "Name": "塔寮坑溪排水右岸3K+720" }, "geometry": { "type": "Point", "coordinates": [ 121.419009498552001, 25.0192960539414, 0.0 ] } },
{ "type": "Feature", "properties": { "Display": "3K+730", "River": "塔寮坑溪排水右岸", "Name": "塔寮坑溪排水右岸3K+730" }, "geometry": { "type": "Point", "coordinates": [ 121.418910472443002, 25.0192930711417, 0.0 ] } },
{ "type": "Feature", "properties": { "Display": "3K+740", "River": "塔寮坑溪排水右岸", "Name": "塔寮坑溪排水右岸3K+740" }, "geometry": { "type": "Point", "coordinates": [ 121.418811449331002, 25.019289957670502, 0.0 ] } },
{ "type": "Feature", "properties": { "Display": "3K+750", "River": "塔寮坑溪排水右岸", "Name": "塔寮坑溪排水右岸3K+750" }, "geometry": { "type": "Point", "coordinates": [ 121.418712426222001, 25.019286844133301, 0.0 ] } },
{ "type": "Feature", "properties": { "Display": "3K+760", "River": "塔寮坑溪排水右岸", "Name": "塔寮坑溪排水右岸3K+760" }, "geometry": { "type": "Point", "coordinates": [ 121.418613377330004, 25.0192849100399, 0.0 ] } },
{ "type": "Feature", "properties": { "Display": "3K+770", "River": "塔寮坑溪排水右岸", "Name": "塔寮坑溪排水右岸3K+770" }, "geometry": { "type": "Point", "coordinates": [ 121.418514296696998, 25.0192844276357, 0.0 ] } },
{ "type": "Feature", "properties": { "Display": "3K+780", "River": "塔寮坑溪排水右岸", "Name": "塔寮坑溪排水右岸3K+780" }, "geometry": { "type": "Point", "coordinates": [ 121.418415219829001, 25.019283530684199, 0.0 ] } },
{ "type": "Feature", "properties": { "Display": "3K+790", "River": "塔寮坑溪排水右岸", "Name": "塔寮坑溪排水右岸3K+790" }, "geometry": { "type": "Point", "coordinates": [ 121.418316143998993, 25.0192825193107, 0.0 ] } },
{ "type": "Feature", "properties": { "Display": "3K+800", "River": "塔寮坑溪排水右岸", "Name": "塔寮坑溪排水右岸3K+800" }, "geometry": { "type": "Point", "coordinates": [ 121.418217068169, 25.019281507871199, 0.0 ] } },
{ "type": "Feature", "properties": { "Display": "3K+810", "River": "塔寮坑溪排水右岸", "Name": "塔寮坑溪排水右岸3K+810" }, "geometry": { "type": "Point", "coordinates": [ 121.418117996872994, 25.019280179713899, 0.0 ] } },
{ "type": "Feature", "properties": { "Display": "3K+820", "River": "塔寮坑溪排水右岸", "Name": "塔寮坑溪排水右岸3K+820" }, "geometry": { "type": "Point", "coordinates": [ 121.418018925791998, 25.019278836514101, 0.0 ] } },
{ "type": "Feature", "properties": { "Display": "3K+830", "River": "塔寮坑溪排水右岸", "Name": "塔寮坑溪排水右岸3K+830" }, "geometry": { "type": "Point", "coordinates": [ 121.417919856018997, 25.019277440776602, 0.0 ] } },
{ "type": "Feature", "properties": { "Display": "3K+840", "River": "塔寮坑溪排水右岸", "Name": "塔寮坑溪排水右岸3K+840" }, "geometry": { "type": "Point", "coordinates": [ 121.417820820047993, 25.0192746877802, 0.0 ] } },
{ "type": "Feature", "properties": { "Display": "3K+850", "River": "塔寮坑溪排水右岸", "Name": "塔寮坑溪排水右岸3K+850" }, "geometry": { "type": "Point", "coordinates": [ 121.417721832241995, 25.019270902937301, 0.0 ] } },
{ "type": "Feature", "properties": { "Display": "3K+860", "River": "塔寮坑溪排水右岸", "Name": "塔寮坑溪排水右岸3K+860" }, "geometry": { "type": "Point", "coordinates": [ 121.417622897379999, 25.019265983875801, 0.0 ] } },
{ "type": "Feature", "properties": { "Display": "3K+870", "River": "塔寮坑溪排水右岸", "Name": "塔寮坑溪排水右岸3K+870" }, "geometry": { "type": "Point", "coordinates": [ 121.417523962526005, 25.019261064748299, 0.0 ] } },
{ "type": "Feature", "properties": { "Display": "3K+880", "River": "塔寮坑溪排水右岸", "Name": "塔寮坑溪排水右岸3K+880" }, "geometry": { "type": "Point", "coordinates": [ 121.417425068395005, 25.0192555255129, 0.0 ] } },
{ "type": "Feature", "properties": { "Display": "3K+890", "River": "塔寮坑溪排水右岸", "Name": "塔寮坑溪排水右岸3K+890" }, "geometry": { "type": "Point", "coordinates": [ 121.417326195673994, 25.019249660275399, 0.0 ] } },
{ "type": "Feature", "properties": { "Display": "3K+900", "River": "塔寮坑溪排水右岸", "Name": "塔寮坑溪排水右岸3K+900" }, "geometry": { "type": "Point", "coordinates": [ 121.417227322963001, 25.019243794971999, 0.0 ] } },
{ "type": "Feature", "properties": { "Display": "3K+910", "River": "塔寮坑溪排水右岸", "Name": "塔寮坑溪排水右岸3K+910" }, "geometry": { "type": "Point", "coordinates": [ 121.417128397414999, 25.0192395207572, 0.0 ] } },
{ "type": "Feature", "properties": { "Display": "3K+920", "River": "塔寮坑溪排水右岸", "Name": "塔寮坑溪排水右岸3K+920" }, "geometry": { "type": "Point", "coordinates": [ 121.417029516905998, 25.019233765701301, 0.0 ] } },
{ "type": "Feature", "properties": { "Display": "3K+930", "River": "塔寮坑溪排水右岸", "Name": "塔寮坑溪排水右岸3K+930" }, "geometry": { "type": "Point", "coordinates": [ 121.416930636405993, 25.0192280105794, 0.0 ] } },
{ "type": "Feature", "properties": { "Display": "3K+940", "River": "塔寮坑溪排水右岸", "Name": "塔寮坑溪排水右岸3K+940" }, "geometry": { "type": "Point", "coordinates": [ 121.416831654400994, 25.0192239740107, 0.0 ] } },
{ "type": "Feature", "properties": { "Display": "3K+950", "River": "塔寮坑溪排水右岸", "Name": "塔寮坑溪排水右岸3K+950" }, "geometry": { "type": "Point", "coordinates": [ 121.416732667180995, 25.0192200257415, 0.0 ] } },
{ "type": "Feature", "properties": { "Display": "3K+960", "River": "塔寮坑溪排水右岸", "Name": "塔寮坑溪排水右岸3K+960" }, "geometry": { "type": "Point", "coordinates": [ 121.416633680447006, 25.0192160675171, 0.0 ] } },
{ "type": "Feature", "properties": { "Display": "3K+970", "River": "塔寮坑溪排水右岸", "Name": "塔寮坑溪排水右岸3K+970" }, "geometry": { "type": "Point", "coordinates": [ 121.416534697052001, 25.019212040512802, 0.0 ] } },
{ "type": "Feature", "properties": { "Display": "3K+980", "River": "塔寮坑溪排水右岸", "Name": "塔寮坑溪排水右岸3K+980" }, "geometry": { "type": "Point", "coordinates": [ 121.416435713663006, 25.019208013442601, 0.0 ] } },
{ "type": "Feature", "properties": { "Display": "3K+990", "River": "塔寮坑溪排水右岸", "Name": "塔寮坑溪排水右岸3K+990" }, "geometry": { "type": "Point", "coordinates": [ 121.416336676056005, 25.019205506123601, 0.0 ] } },
{ "type": "Feature", "properties": { "Display": "4K+000", "River": "塔寮坑溪排水右岸", "Name": "塔寮坑溪排水右岸4K+000" }, "geometry": { "type": "Point", "coordinates": [ 121.416237614612001, 25.0192036669083, 0.0 ] } },
{ "type": "Feature", "properties": { "Display": "4K+010", "River": "塔寮坑溪排水右岸", "Name": "塔寮坑溪排水右岸4K+010" }, "geometry": { "type": "Point", "coordinates": [ 121.416138553170995, 25.0192018276271, 0.0 ] } },
{ "type": "Feature", "properties": { "Display": "4K+020", "River": "塔寮坑溪排水右岸", "Name": "塔寮坑溪排水右岸4K+020" }, "geometry": { "type": "Point", "coordinates": [ 121.416039491730999, 25.019199988279698, 0.0 ] } },
{ "type": "Feature", "properties": { "Display": "4K+030", "River": "塔寮坑溪排水右岸", "Name": "塔寮坑溪排水右岸4K+030" }, "geometry": { "type": "Point", "coordinates": [ 121.415940420507994, 25.019198700114998, 0.0 ] } },
{ "type": "Feature", "properties": { "Display": "4K+040", "River": "塔寮坑溪排水右岸", "Name": "塔寮坑溪排水右岸4K+040" }, "geometry": { "type": "Point", "coordinates": [ 121.415841345600995, 25.019197619465, 0.0 ] } },
{ "type": "Feature", "properties": { "Display": "4K+050", "River": "塔寮坑溪排水右岸", "Name": "塔寮坑溪排水右岸4K+050" }, "geometry": { "type": "Point", "coordinates": [ 121.415742270695006, 25.019196538749, 0.0 ] } },
{ "type": "Feature", "properties": { "Display": "4K+060", "River": "塔寮坑溪排水右岸", "Name": "塔寮坑溪排水右岸4K+060" }, "geometry": { "type": "Point", "coordinates": [ 121.415643195789997, 25.019195457966902, 0.0 ] } },
{ "type": "Feature", "properties": { "Display": "4K+070", "River": "塔寮坑溪排水右岸", "Name": "塔寮坑溪排水右岸4K+070" }, "geometry": { "type": "Point", "coordinates": [ 121.415544763106993, 25.019202560821402, 0.0 ] } },
{ "type": "Feature", "properties": { "Display": "4K+080", "River": "塔寮坑溪排水右岸", "Name": "塔寮坑溪排水右岸4K+080" }, "geometry": { "type": "Point", "coordinates": [ 121.415446864963002, 25.019216475352302, 0.0 ] } },
{ "type": "Feature", "properties": { "Display": "4K+090", "River": "塔寮坑溪排水右岸", "Name": "塔寮坑溪排水右岸4K+090" }, "geometry": { "type": "Point", "coordinates": [ 121.415352447569006, 25.019243098840501, 0.0 ] } },
{ "type": "Feature", "properties": { "Display": "4K+100", "River": "塔寮坑溪排水右岸", "Name": "塔寮坑溪排水右岸4K+100" }, "geometry": { "type": "Point", "coordinates": [ 121.415260351897999, 25.0192759793931, 0.0 ] } },
{ "type": "Feature", "properties": { "Display": "4K+110", "River": "塔寮坑溪排水右岸", "Name": "塔寮坑溪排水右岸4K+110" }, "geometry": { "type": "Point", "coordinates": [ 121.415171604315006, 25.019316124373798, 0.0 ] } },
{ "type": "Feature", "properties": { "Display": "4K+120", "River": "塔寮坑溪排水右岸", "Name": "塔寮坑溪排水右岸4K+120" }, "geometry": { "type": "Point", "coordinates": [ 121.415084643159005, 25.019359099964898, 0.0 ] } },
{ "type": "Feature", "properties": { "Display": "4K+130", "River": "塔寮坑溪排水右岸", "Name": "塔寮坑溪排水右岸4K+130" }, "geometry": { "type": "Point", "coordinates": [ 121.414994692026994, 25.019396955798399, 0.0 ] } },
{ "type": "Feature", "properties": { "Display": "4K+140", "River": "塔寮坑溪排水右岸", "Name": "塔寮坑溪排水右岸4K+140" }, "geometry": { "type": "Point", "coordinates": [ 121.414904916165, 25.019435153987001, 0.0 ] } },
{ "type": "Feature", "properties": { "Display": "4K+150", "River": "塔寮坑溪排水右岸", "Name": "塔寮坑溪排水右岸4K+150" }, "geometry": { "type": "Point", "coordinates": [ 121.414814483257999, 25.0194719706402, 0.0 ] } },
{ "type": "Feature", "properties": { "Display": "4K+160", "River": "塔寮坑溪排水右岸", "Name": "塔寮坑溪排水右岸4K+160" }, "geometry": { "type": "Point", "coordinates": [ 121.414721989596003, 25.019503379754099, 0.0 ] } },
{ "type": "Feature", "properties": { "Display": "4K+170", "River": "塔寮坑溪排水右岸", "Name": "塔寮坑溪排水右岸4K+170" }, "geometry": { "type": "Point", "coordinates": [ 121.414623514715998, 25.019512134927801, 0.0 ] } },
{ "type": "Feature", "properties": { "Display": "4K+180", "River": "塔寮坑溪排水右岸", "Name": "塔寮坑溪排水右岸4K+180" }, "geometry": { "type": "Point", "coordinates": [ 121.414525472424998, 25.019500404987401, 0.0 ] } },
{ "type": "Feature", "properties": { "Display": "4K+190", "River": "塔寮坑溪排水右岸", "Name": "塔寮坑溪排水右岸4K+190" }, "geometry": { "type": "Point", "coordinates": [ 121.414434215062997, 25.019465901166001, 0.0 ] } },
{ "type": "Feature", "properties": { "Display": "4K+200", "River": "塔寮坑溪排水右岸", "Name": "塔寮坑溪排水右岸4K+200" }, "geometry": { "type": "Point", "coordinates": [ 121.414355065958006, 25.0194119699845, 0.0 ] } },
{ "type": "Feature", "properties": { "Display": "4K+210", "River": "塔寮坑溪排水右岸", "Name": "塔寮坑溪排水右岸4K+210" }, "geometry": { "type": "Point", "coordinates": [ 121.414286445350996, 25.019346944601899, 0.0 ] } },
{ "type": "Feature", "properties": { "Display": "4K+220", "River": "塔寮坑溪排水右岸", "Name": "塔寮坑溪排水右岸4K+220" }, "geometry": { "type": "Point", "coordinates": [ 121.414222555628001, 25.019277968317301, 0.0 ] } },
{ "type": "Feature", "properties": { "Display": "4K+230", "River": "塔寮坑溪排水右岸", "Name": "塔寮坑溪排水右岸4K+230" }, "geometry": { "type": "Point", "coordinates": [ 121.414160040735993, 25.019207925058499, 0.0 ] } },
{ "type": "Feature", "properties": { "Display": "4K+240", "River": "塔寮坑溪排水右岸", "Name": "塔寮坑溪排水右岸4K+240" }, "geometry": { "type": "Point", "coordinates": [ 121.414097416781999, 25.019137962704299, 0.0 ] } },
{ "type": "Feature", "properties": { "Display": "4K+250", "River": "塔寮坑溪排水右岸", "Name": "塔寮坑溪排水右岸4K+250" }, "geometry": { "type": "Point", "coordinates": [ 121.414034792897993, 25.0190680003222, 0.0 ] } },
{ "type": "Feature", "properties": { "Display": "4K+260", "River": "塔寮坑溪排水右岸", "Name": "塔寮坑溪排水右岸4K+260" }, "geometry": { "type": "Point", "coordinates": [ 121.413972169085994, 25.018998037912102, 0.0 ] } },
{ "type": "Feature", "properties": { "Display": "4K+270", "River": "塔寮坑溪排水右岸", "Name": "塔寮坑溪排水右岸4K+270" }, "geometry": { "type": "Point", "coordinates": [ 121.413909633025995, 25.018928010390301, 0.0 ] } },
{ "type": "Feature", "properties": { "Display": "4K+280", "River": "塔寮坑溪排水右岸", "Name": "塔寮坑溪排水右岸4K+280" }, "geometry": { "type": "Point", "coordinates": [ 121.413847682325994, 25.018857558285301, 0.0 ] } },
{ "type": "Feature", "properties": { "Display": "4K+290", "River": "塔寮坑溪排水右岸", "Name": "塔寮坑溪排水右岸4K+290" }, "geometry": { "type": "Point", "coordinates": [ 121.413777498862004, 25.018794601584698, 0.0 ] } },
{ "type": "Feature", "properties": { "Display": "4K+300", "River": "塔寮坑溪排水右岸", "Name": "塔寮坑溪排水右岸4K+300" }, "geometry": { "type": "Point", "coordinates": [ 121.413697224488999, 25.018741680651399, 0.0 ] } },
{ "type": "Feature", "properties": { "Display": "4K+310", "River": "塔寮坑溪排水右岸", "Name": "塔寮坑溪排水右岸4K+310" }, "geometry": { "type": "Point", "coordinates": [ 121.413616955424004, 25.018688753076098, 0.0 ] } },
{ "type": "Feature", "properties": { "Display": "4K+320", "River": "塔寮坑溪排水右岸", "Name": "塔寮坑溪排水右岸4K+320" }, "geometry": { "type": "Point", "coordinates": [ 121.413532562794998, 25.018641753656699, 0.0 ] } },
{ "type": "Feature", "properties": { "Display": "4K+330", "River": "塔寮坑溪排水右岸", "Name": "塔寮坑溪排水右岸4K+330" }, "geometry": { "type": "Point", "coordinates": [ 121.413440942635006, 25.0186075906383, 0.0 ] } },
{ "type": "Feature", "properties": { "Display": "4K+340", "River": "塔寮坑溪排水右岸", "Name": "塔寮坑溪排水右岸4K+340" }, "geometry": { "type": "Point", "coordinates": [ 121.413345726003001, 25.018583182403301, 0.0 ] } },
{ "type": "Feature", "properties": { "Display": "4K+350", "River": "塔寮坑溪排水右岸", "Name": "塔寮坑溪排水右岸4K+350" }, "geometry": { "type": "Point", "coordinates": [ 121.413248153156005, 25.0185679910226, 0.0 ] } },
{ "type": "Feature", "properties": { "Display": "4K+360", "River": "塔寮坑溪排水右岸", "Name": "塔寮坑溪排水右岸4K+360" }, "geometry": { "type": "Point", "coordinates": [ 121.413149409990993, 25.018560558221399, 0.0 ] } },
{ "type": "Feature", "properties": { "Display": "4K+370", "River": "塔寮坑溪排水右岸", "Name": "塔寮坑溪排水右岸4K+370" }, "geometry": { "type": "Point", "coordinates": [ 121.413050606027994, 25.018553809337, 0.0 ] } },
{ "type": "Feature", "properties": { "Display": "4K+380", "River": "塔寮坑溪排水右岸", "Name": "塔寮坑溪排水右岸4K+380" }, "geometry": { "type": "Point", "coordinates": [ 121.412951789353997, 25.018547212737499, 0.0 ] } },
{ "type": "Feature", "properties": { "Display": "4K+390", "River": "塔寮坑溪排水右岸", "Name": "塔寮坑溪排水右岸4K+390" }, "geometry": { "type": "Point", "coordinates": [ 121.412852889275996, 25.018543534754802, 0.0 ] } },
{ "type": "Feature", "properties": { "Display": "4K+400", "River": "塔寮坑溪排水右岸", "Name": "塔寮坑溪排水右岸4K+400" }, "geometry": { "type": "Point", "coordinates": [ 121.412753830848004, 25.018543066831501, 0.0 ] } },
{ "type": "Feature", "properties": { "Display": "4K+410", "River": "塔寮坑溪排水右岸", "Name": "塔寮坑溪排水右岸4K+410" }, "geometry": { "type": "Point", "coordinates": [ 121.412654809757001, 25.018540167719198, 0.0 ] } },
{ "type": "Feature", "properties": { "Display": "4K+420", "River": "塔寮坑溪排水右岸", "Name": "塔寮坑溪排水右岸4K+420" }, "geometry": { "type": "Point", "coordinates": [ 121.412555919488, 25.0185345611463, 0.0 ] } },
{ "type": "Feature", "properties": { "Display": "4K+430", "River": "塔寮坑溪排水右岸", "Name": "塔寮坑溪排水右岸4K+430" }, "geometry": { "type": "Point", "coordinates": [ 121.412457029226999, 25.018528954507602, 0.0 ] } },
{ "type": "Feature", "properties": { "Display": "4K+440", "River": "塔寮坑溪排水右岸", "Name": "塔寮坑溪排水右岸4K+440" }, "geometry": { "type": "Point", "coordinates": [ 121.412358138974994, 25.018523347803001, 0.0 ] } },
{ "type": "Feature", "properties": { "Display": "4K+450", "River": "塔寮坑溪排水右岸", "Name": "塔寮坑溪排水右岸4K+450" }, "geometry": { "type": "Point", "coordinates": [ 121.412261509141004, 25.018503643907, 0.0 ] } },
{ "type": "Feature", "properties": { "Display": "4K+460", "River": "塔寮坑溪排水右岸", "Name": "塔寮坑溪排水右岸4K+460" }, "geometry": { "type": "Point", "coordinates": [ 121.412167132175, 25.0184762665363, 0.0 ] } },
{ "type": "Feature", "properties": { "Display": "4K+470", "River": "塔寮坑溪排水右岸", "Name": "塔寮坑溪排水右岸4K+470" }, "geometry": { "type": "Point", "coordinates": [ 121.412075976709005, 25.018440993158698, 0.0 ] } },
{ "type": "Feature", "properties": { "Display": "4K+480", "River": "塔寮坑溪排水右岸", "Name": "塔寮坑溪排水右岸4K+480" }, "geometry": { "type": "Point", "coordinates": [ 121.411988935021995, 25.0183979349707, 0.0 ] } },
{ "type": "Feature", "properties": { "Display": "4K+490", "River": "塔寮坑溪排水右岸", "Name": "塔寮坑溪排水右岸4K+490" }, "geometry": { "type": "Point", "coordinates": [ 121.411906923380002, 25.0183473353834, 0.0 ] } },
{ "type": "Feature", "properties": { "Display": "4K+500", "River": "塔寮坑溪排水右岸", "Name": "塔寮坑溪排水右岸4K+500" }, "geometry": { "type": "Point", "coordinates": [ 121.411830635076001, 25.0182897905636, 0.0 ] } },
{ "type": "Feature", "properties": { "Display": "4K+510", "River": "塔寮坑溪排水右岸", "Name": "塔寮坑溪排水右岸4K+510" }, "geometry": { "type": "Point", "coordinates": [ 121.411750171923003, 25.018237316957801, 0.0 ] } },
{ "type": "Feature", "properties": { "Display": "4K+520", "River": "塔寮坑溪排水右岸", "Name": "塔寮坑溪排水右岸4K+520" }, "geometry": { "type": "Point", "coordinates": [ 121.411668513326006, 25.0181861850125, 0.0 ] } },
{ "type": "Feature", "properties": { "Display": "4K+530", "River": "塔寮坑溪排水右岸", "Name": "塔寮坑溪排水右岸4K+530" }, "geometry": { "type": "Point", "coordinates": [ 121.411585873500997, 25.018136400359602, 0.0 ] } },
{ "type": "Feature", "properties": { "Display": "4K+540", "River": "塔寮坑溪排水右岸", "Name": "塔寮坑溪排水右岸4K+540" }, "geometry": { "type": "Point", "coordinates": [ 121.411501867317995, 25.018088550879899, 0.0 ] } },
{ "type": "Feature", "properties": { "Display": "4K+550", "River": "塔寮坑溪排水右岸", "Name": "塔寮坑溪排水右岸4K+550" }, "geometry": { "type": "Point", "coordinates": [ 121.411416469686003, 25.018042787258601, 0.0 ] } },
{ "type": "Feature", "properties": { "Display": "4K+560", "River": "塔寮坑溪排水右岸", "Name": "塔寮坑溪排水右岸4K+560" }, "geometry": { "type": "Point", "coordinates": [ 121.411326241823005, 25.018005768039401, 0.0 ] } },
{ "type": "Feature", "properties": { "Display": "4K+570", "River": "塔寮坑溪排水右岸", "Name": "塔寮坑溪排水右岸4K+570" }, "geometry": { "type": "Point", "coordinates": [ 121.411233854922997, 25.017973779030498, 0.0 ] } },
{ "type": "Feature", "properties": { "Display": "4K+580", "River": "塔寮坑溪排水右岸", "Name": "塔寮坑溪排水右岸4K+580" }, "geometry": { "type": "Point", "coordinates": [ 121.411136395422005, 25.017963189549601, 0.0 ] } },
{ "type": "Feature", "properties": { "Display": "4K+590", "River": "塔寮坑溪排水右岸", "Name": "塔寮坑溪排水右岸4K+590" }, "geometry": { "type": "Point", "coordinates": [ 121.411037437166996, 25.017967312425998, 0.0 ] } },
{ "type": "Feature", "properties": { "Display": "4K+600", "River": "塔寮坑溪排水右岸", "Name": "塔寮坑溪排水右岸4K+600" }, "geometry": { "type": "Point", "coordinates": [ 121.410938615437999, 25.017973840277001, 0.0 ] } },
{ "type": "Feature", "properties": { "Display": "4K+610", "River": "塔寮坑溪排水右岸", "Name": "塔寮坑溪排水右岸4K+610" }, "geometry": { "type": "Point", "coordinates": [ 121.410839924208005, 25.017981235755599, 0.0 ] } },
{ "type": "Feature", "properties": { "Display": "4K+620", "River": "塔寮坑溪排水右岸", "Name": "塔寮坑溪排水右岸4K+620" }, "geometry": { "type": "Point", "coordinates": [ 121.410742818971002, 25.017999175668798, 0.0 ] } },
{ "type": "Feature", "properties": { "Display": "4K+630", "River": "塔寮坑溪排水右岸", "Name": "塔寮坑溪排水右岸4K+630" }, "geometry": { "type": "Point", "coordinates": [ 121.410645713704, 25.018017115518798, 0.0 ] } },
{ "type": "Feature", "properties": { "Display": "4K+640", "River": "塔寮坑溪排水右岸", "Name": "塔寮坑溪排水右岸4K+640" }, "geometry": { "type": "Point", "coordinates": [ 121.410548608408007, 25.018035055305699, 0.0 ] } },
{ "type": "Feature", "properties": { "Display": "4K+650", "River": "塔寮坑溪排水右岸", "Name": "塔寮坑溪排水右岸4K+650" }, "geometry": { "type": "Point", "coordinates": [ 121.410451503082996, 25.0180529950295, 0.0 ] } },
{ "type": "Feature", "properties": { "Display": "4K+660", "River": "塔寮坑溪排水右岸", "Name": "塔寮坑溪排水右岸4K+660" }, "geometry": { "type": "Point", "coordinates": [ 121.410354397728995, 25.018070934690201, 0.0 ] } },
{ "type": "Feature", "properties": { "Display": "4K+670", "River": "塔寮坑溪排水右岸", "Name": "塔寮坑溪排水右岸4K+670" }, "geometry": { "type": "Point", "coordinates": [ 121.410257292346003, 25.018088874287798, 0.0 ] } },
{ "type": "Feature", "properties": { "Display": "4K+680", "River": "塔寮坑溪排水右岸", "Name": "塔寮坑溪排水右岸4K+680" }, "geometry": { "type": "Point", "coordinates": [ 121.410160186933993, 25.0181068138223, 0.0 ] } },
{ "type": "Feature", "properties": { "Display": "4K+690", "River": "塔寮坑溪排水右岸", "Name": "塔寮坑溪排水右岸4K+690" }, "geometry": { "type": "Point", "coordinates": [ 121.410071361563993, 25.018145758651301, 0.0 ] } },
{ "type": "Feature", "properties": { "Display": "4K+700", "River": "塔寮坑溪排水右岸", "Name": "塔寮坑溪排水右岸4K+700" }, "geometry": { "type": "Point", "coordinates": [ 121.409978151977, 25.018176165808399, 0.0 ] } },
{ "type": "Feature", "properties": { "Display": "4K+710", "River": "塔寮坑溪排水右岸", "Name": "塔寮坑溪排水右岸4K+710" }, "geometry": { "type": "Point", "coordinates": [ 121.409884514292003, 25.018205678746099, 0.0 ] } },
{ "type": "Feature", "properties": { "Display": "4K+720", "River": "塔寮坑溪排水右岸", "Name": "塔寮坑溪排水右岸4K+720" }, "geometry": { "type": "Point", "coordinates": [ 121.409790876561999, 25.018235191625401, 0.0 ] } },
{ "type": "Feature", "properties": { "Display": "4K+730", "River": "塔寮坑溪排水右岸", "Name": "塔寮坑溪排水右岸4K+730" }, "geometry": { "type": "Point", "coordinates": [ 121.409697238785995, 25.0182647044461, 0.0 ] } },
{ "type": "Feature", "properties": { "Display": "4K+740", "River": "塔寮坑溪排水右岸", "Name": "塔寮坑溪排水右岸4K+740" }, "geometry": { "type": "Point", "coordinates": [ 121.409603600964999, 25.0182942172083, 0.0 ] } },
{ "type": "Feature", "properties": { "Display": "4K+750", "River": "塔寮坑溪排水右岸", "Name": "塔寮坑溪排水右岸4K+750" }, "geometry": { "type": "Point", "coordinates": [ 121.409507891773004, 25.0183174963251, 0.0 ] } },
{ "type": "Feature", "properties": { "Display": "4K+760", "River": "塔寮坑溪排水右岸", "Name": "塔寮坑溪排水右岸4K+760" }, "geometry": { "type": "Point", "coordinates": [ 121.409411832328004, 25.018339579596301, 0.0 ] } },
{ "type": "Feature", "properties": { "Display": "4K+770", "River": "塔寮坑溪排水右岸", "Name": "塔寮坑溪排水右岸4K+770" }, "geometry": { "type": "Point", "coordinates": [ 121.409313531107998, 25.018349782428, 0.0 ] } },
{ "type": "Feature", "properties": { "Display": "4K+780", "River": "塔寮坑溪排水右岸", "Name": "塔寮坑溪排水右岸4K+780" }, "geometry": { "type": "Point", "coordinates": [ 121.409214819468005, 25.0183436122818, 0.0 ] } },
{ "type": "Feature", "properties": { "Display": "4K+790", "River": "塔寮坑溪排水右岸", "Name": "塔寮坑溪排水右岸4K+790" }, "geometry": { "type": "Point", "coordinates": [ 121.409118997443002, 25.0183211445813, 0.0 ] } },
{ "type": "Feature", "properties": { "Display": "4K+800", "River": "塔寮坑溪排水右岸", "Name": "塔寮坑溪排水右岸4K+800" }, "geometry": { "type": "Point", "coordinates": [ 121.409029224408002, 25.0182832526257, 0.0 ] } },
{ "type": "Feature", "properties": { "Display": "4K+810", "River": "塔寮坑溪排水右岸", "Name": "塔寮坑溪排水右岸4K+810" }, "geometry": { "type": "Point", "coordinates": [ 121.408949902768995, 25.0182294242185, 0.0 ] } },
{ "type": "Feature", "properties": { "Display": "4K+820", "River": "塔寮坑溪排水右岸", "Name": "塔寮坑溪排水右岸4K+820" }, "geometry": { "type": "Point", "coordinates": [ 121.408872784384997, 25.018172740872799, 0.0 ] } },
{ "type": "Feature", "properties": { "Display": "4K+830", "River": "塔寮坑溪排水右岸", "Name": "塔寮坑溪排水右岸4K+830" }, "geometry": { "type": "Point", "coordinates": [ 121.408795666071995, 25.018116057485699, 0.0 ] } },
{ "type": "Feature", "properties": { "Display": "4K+840", "River": "塔寮坑溪排水右岸", "Name": "塔寮坑溪排水右岸4K+840" }, "geometry": { "type": "Point", "coordinates": [ 121.408718547830006, 25.018059374057302, 0.0 ] } },
{ "type": "Feature", "properties": { "Display": "4K+850", "River": "塔寮坑溪排水右岸", "Name": "塔寮坑溪排水右岸4K+850" }, "geometry": { "type": "Point", "coordinates": [ 121.408645157006006, 25.017998820350101, 0.0 ] } },
{ "type": "Feature", "properties": { "Display": "4K+860", "River": "塔寮坑溪排水右岸", "Name": "塔寮坑溪排水右岸4K+860" }, "geometry": { "type": "Point", "coordinates": [ 121.408573420720003, 25.017936551698, 0.0 ] } },
{ "type": "Feature", "properties": { "Display": "4K+870", "River": "塔寮坑溪排水右岸", "Name": "塔寮坑溪排水右岸4K+870" }, "geometry": { "type": "Point", "coordinates": [ 121.408494382548994, 25.017882344541501, 0.0 ] } },
{ "type": "Feature", "properties": { "Display": "4K+880", "River": "塔寮坑溪排水右岸", "Name": "塔寮坑溪排水右岸4K+880" }, "geometry": { "type": "Point", "coordinates": [ 121.408410599665004, 25.017834150601399, 0.0 ] } },
{ "type": "Feature", "properties": { "Display": "4K+890", "River": "塔寮坑溪排水右岸", "Name": "塔寮坑溪排水右岸4K+890" }, "geometry": { "type": "Point", "coordinates": [ 121.408326816845999, 25.017785956613, 0.0 ] } },
{ "type": "Feature", "properties": { "Display": "4K+900", "River": "塔寮坑溪排水右岸", "Name": "塔寮坑溪排水右岸4K+900" }, "geometry": { "type": "Point", "coordinates": [ 121.408243034091996, 25.0177377625761, 0.0 ] } },
{ "type": "Feature", "properties": { "Display": "4K+910", "River": "塔寮坑溪排水右岸", "Name": "塔寮坑溪排水右岸4K+910" }, "geometry": { "type": "Point", "coordinates": [ 121.408159251403006, 25.017689568491001, 0.0 ] } },
{ "type": "Feature", "properties": { "Display": "4K+920", "River": "塔寮坑溪排水右岸", "Name": "塔寮坑溪排水右岸4K+920" }, "geometry": { "type": "Point", "coordinates": [ 121.408075468779003, 25.017641374357499, 0.0 ] } },
{ "type": "Feature", "properties": { "Display": "4K+930", "River": "塔寮坑溪排水右岸", "Name": "塔寮坑溪排水右岸4K+930" }, "geometry": { "type": "Point", "coordinates": [ 121.407991686220001, 25.017593180175599, 0.0 ] } },
{ "type": "Feature", "properties": { "Display": "4K+940", "River": "塔寮坑溪排水右岸", "Name": "塔寮坑溪排水右岸4K+940" }, "geometry": { "type": "Point", "coordinates": [ 121.407907903725999, 25.017544985945399, 0.0 ] } },
{ "type": "Feature", "properties": { "Display": "4K+950", "River": "塔寮坑溪排水右岸", "Name": "塔寮坑溪排水右岸4K+950" }, "geometry": { "type": "Point", "coordinates": [ 121.407824121296002, 25.017496791666801, 0.0 ] } },
{ "type": "Feature", "properties": { "Display": "4K+960", "River": "塔寮坑溪排水右岸", "Name": "塔寮坑溪排水右岸4K+960" }, "geometry": { "type": "Point", "coordinates": [ 121.407740338932001, 25.0174485973399, 0.0 ] } },
{ "type": "Feature", "properties": { "Display": "4K+970", "River": "塔寮坑溪排水右岸", "Name": "塔寮坑溪排水右岸4K+970" }, "geometry": { "type": "Point", "coordinates": [ 121.407654725881997, 25.017403725456301, 0.0 ] } },
{ "type": "Feature", "properties": { "Display": "4K+980", "River": "塔寮坑溪排水右岸", "Name": "塔寮坑溪排水右岸4K+980" }, "geometry": { "type": "Point", "coordinates": [ 121.407561924787004, 25.0173722295348, 0.0 ] } },
{ "type": "Feature", "properties": { "Display": "4K+990", "River": "塔寮坑溪排水右岸", "Name": "塔寮坑溪排水右岸4K+990" }, "geometry": { "type": "Point", "coordinates": [ 121.407466223932005, 25.0173488554105, 0.0 ] } },
{ "type": "Feature", "properties": { "Display": "5K+000", "River": "塔寮坑溪排水右岸", "Name": "塔寮坑溪排水右岸5K+000" }, "geometry": { "type": "Point", "coordinates": [ 121.407368717134005, 25.0173328279615, 0.0 ] } },
{ "type": "Feature", "properties": { "Display": "5K+010", "River": "塔寮坑溪排水右岸", "Name": "塔寮坑溪排水右岸5K+010" }, "geometry": { "type": "Point", "coordinates": [ 121.407271462352995, 25.017315621215499, 0.0 ] } },
{ "type": "Feature", "properties": { "Display": "5K+020", "River": "塔寮坑溪排水右岸", "Name": "塔寮坑溪排水右岸5K+020" }, "geometry": { "type": "Point", "coordinates": [ 121.407174479516996, 25.0172971419194, 0.0 ] } },
{ "type": "Feature", "properties": { "Display": "5K+030", "River": "塔寮坑溪排水右岸", "Name": "塔寮坑溪排水右岸5K+030" }, "geometry": { "type": "Point", "coordinates": [ 121.407077496708993, 25.017278662559701, 0.0 ] } },
{ "type": "Feature", "properties": { "Display": "5K+040", "River": "塔寮坑溪排水右岸", "Name": "塔寮坑溪排水右岸5K+040" }, "geometry": { "type": "Point", "coordinates": [ 121.406980513929, 25.017260183136301, 0.0 ] } },
{ "type": "Feature", "properties": { "Display": "5K+050", "River": "塔寮坑溪排水右岸", "Name": "塔寮坑溪排水右岸5K+050" }, "geometry": { "type": "Point", "coordinates": [ 121.406883531177996, 25.017241703649201, 0.0 ] } },
{ "type": "Feature", "properties": { "Display": "5K+060", "River": "塔寮坑溪排水右岸", "Name": "塔寮坑溪排水右岸5K+060" }, "geometry": { "type": "Point", "coordinates": [ 121.406786701669006, 25.017222720633001, 0.0 ] } },
{ "type": "Feature", "properties": { "Display": "5K+070", "River": "塔寮坑溪排水右岸", "Name": "塔寮坑溪排水右岸5K+070" }, "geometry": { "type": "Point", "coordinates": [ 121.406690175441, 25.0172023531373, 0.0 ] } },
{ "type": "Feature", "properties": { "Display": "5K+080", "River": "塔寮坑溪排水右岸", "Name": "塔寮坑溪排水右岸5K+080" }, "geometry": { "type": "Point", "coordinates": [ 121.406593649244996, 25.0171819855785, 0.0 ] } },
{ "type": "Feature", "properties": { "Display": "5K+090", "River": "塔寮坑溪排水右岸", "Name": "塔寮坑溪排水右岸5K+090" }, "geometry": { "type": "Point", "coordinates": [ 121.406497123079006, 25.0171616179565, 0.0 ] } },
{ "type": "Feature", "properties": { "Display": "5K+100", "River": "塔寮坑溪排水右岸", "Name": "塔寮坑溪排水右岸5K+100" }, "geometry": { "type": "Point", "coordinates": [ 121.406400596943996, 25.017141250271401, 0.0 ] } },
{ "type": "Feature", "properties": { "Display": "5K+110", "River": "塔寮坑溪排水右岸", "Name": "塔寮坑溪排水右岸5K+110" }, "geometry": { "type": "Point", "coordinates": [ 121.406304070839994, 25.017120882523201, 0.0 ] } },
{ "type": "Feature", "properties": { "Display": "5K+120", "River": "塔寮坑溪排水右岸", "Name": "塔寮坑溪排水右岸5K+120" }, "geometry": { "type": "Point", "coordinates": [ 121.406207544767, 25.017100514711899, 0.0 ] } },
{ "type": "Feature", "properties": { "Display": "5K+130", "River": "塔寮坑溪排水右岸", "Name": "塔寮坑溪排水右岸5K+130" }, "geometry": { "type": "Point", "coordinates": [ 121.406111018724999, 25.0170801468375, 0.0 ] } },
{ "type": "Feature", "properties": { "Display": "5K+140", "River": "塔寮坑溪排水右岸", "Name": "塔寮坑溪排水右岸5K+140" }, "geometry": { "type": "Point", "coordinates": [ 121.406014585283003, 25.017059421935802, 0.0 ] } },
{ "type": "Feature", "properties": { "Display": "5K+150", "River": "塔寮坑溪排水右岸", "Name": "塔寮坑溪排水右岸5K+150" }, "geometry": { "type": "Point", "coordinates": [ 121.405918263199993, 25.0170382676719, 0.0 ] } },
{ "type": "Feature", "properties": { "Display": "5K+160", "River": "塔寮坑溪排水右岸", "Name": "塔寮坑溪排水右岸5K+160" }, "geometry": { "type": "Point", "coordinates": [ 121.405821941149, 25.017017113345101, 0.0 ] } },
{ "type": "Feature", "properties": { "Display": "5K+170", "River": "塔寮坑溪排水右岸", "Name": "塔寮坑溪排水右岸5K+170" }, "geometry": { "type": "Point", "coordinates": [ 121.405725619129996, 25.016995958955501, 0.0 ] } },
{ "type": "Feature", "properties": { "Display": "5K+180", "River": "塔寮坑溪排水右岸", "Name": "塔寮坑溪排水右岸5K+180" }, "geometry": { "type": "Point", "coordinates": [ 121.405629297142994, 25.016974804502901, 0.0 ] } },
{ "type": "Feature", "properties": { "Display": "5K+190", "River": "塔寮坑溪排水右岸", "Name": "塔寮坑溪排水右岸5K+190" }, "geometry": { "type": "Point", "coordinates": [ 121.405531443640001, 25.016962364691299, 0.0 ] } },
{ "type": "Feature", "properties": { "Display": "5K+200", "River": "塔寮坑溪排水右岸", "Name": "塔寮坑溪排水右岸5K+200" }, "geometry": { "type": "Point", "coordinates": [ 121.405432688673002, 25.016955054343299, 0.0 ] } },
{ "type": "Feature", "properties": { "Display": "5K+210", "River": "塔寮坑溪排水右岸", "Name": "塔寮坑溪排水右岸5K+210" }, "geometry": { "type": "Point", "coordinates": [ 121.405349366159001, 25.0169718713618, 0.0 ] } },
{ "type": "Feature", "properties": { "Display": "5K+220", "River": "塔寮坑溪排水右岸", "Name": "塔寮坑溪排水右岸5K+220" }, "geometry": { "type": "Point", "coordinates": [ 121.405251821221995, 25.016987703603402, 0.0 ] } },
{ "type": "Feature", "properties": { "Display": "5K+230", "River": "塔寮坑溪排水右岸", "Name": "塔寮坑溪排水右岸5K+230" }, "geometry": { "type": "Point", "coordinates": [ 121.405154276260006, 25.0170035357812, 0.0 ] } },
{ "type": "Feature", "properties": { "Display": "5K+240", "River": "塔寮坑溪排水右岸", "Name": "塔寮坑溪排水右岸5K+240" }, "geometry": { "type": "Point", "coordinates": [ 121.405056731271003, 25.017019367895301, 0.0 ] } },
{ "type": "Feature", "properties": { "Display": "5K+250", "River": "塔寮坑溪排水右岸", "Name": "塔寮坑溪排水右岸5K+250" }, "geometry": { "type": "Point", "coordinates": [ 121.404959186255994, 25.017035199945798, 0.0 ] } },
{ "type": "Feature", "properties": { "Display": "5K+260", "River": "塔寮坑溪排水右岸", "Name": "塔寮坑溪排水右岸5K+260" }, "geometry": { "type": "Point", "coordinates": [ 121.404861641216002, 25.0170510319325, 0.0 ] } },
{ "type": "Feature", "properties": { "Display": "5K+270", "River": "塔寮坑溪排水右岸", "Name": "塔寮坑溪排水右岸5K+270" }, "geometry": { "type": "Point", "coordinates": [ 121.404764096148995, 25.017066863855401, 0.0 ] } },
{ "type": "Feature", "properties": { "Display": "5K+280", "River": "塔寮坑溪排水右岸", "Name": "塔寮坑溪排水右岸5K+280" }, "geometry": { "type": "Point", "coordinates": [ 121.404666551057005, 25.017082695714699, 0.0 ] } },
{ "type": "Feature", "properties": { "Display": "5K+290", "River": "塔寮坑溪排水右岸", "Name": "塔寮坑溪排水右岸5K+290" }, "geometry": { "type": "Point", "coordinates": [ 121.404569005938001, 25.017098527510299, 0.0 ] } },
{ "type": "Feature", "properties": { "Display": "5K+300", "River": "塔寮坑溪排水右岸", "Name": "塔寮坑溪排水右岸5K+300" }, "geometry": { "type": "Point", "coordinates": [ 121.404471460793999, 25.0171143592421, 0.0 ] } },
{ "type": "Feature", "properties": { "Display": "5K+310", "River": "塔寮坑溪排水右岸", "Name": "塔寮坑溪排水右岸5K+310" }, "geometry": { "type": "Point", "coordinates": [ 121.404373915622998, 25.017130190910201, 0.0 ] } },
{ "type": "Feature", "properties": { "Display": "5K+320", "River": "塔寮坑溪排水右岸", "Name": "塔寮坑溪排水右岸5K+320" }, "geometry": { "type": "Point", "coordinates": [ 121.404275816769001, 25.017141045210298, 0.0 ] } },
{ "type": "Feature", "properties": { "Display": "5K+330", "River": "塔寮坑溪排水右岸", "Name": "塔寮坑溪排水右岸5K+330" }, "geometry": { "type": "Point", "coordinates": [ 121.404180822838995, 25.0171180082937, 0.0 ] } },
{ "type": "Feature", "properties": { "Display": "5K+340", "River": "塔寮坑溪排水右岸", "Name": "塔寮坑溪排水右岸5K+340" }, "geometry": { "type": "Point", "coordinates": [ 121.404093318644996, 25.017075660197801, 0.0 ] } },
{ "type": "Feature", "properties": { "Display": "5K+350", "River": "塔寮坑溪排水右岸", "Name": "塔寮坑溪排水右岸5K+350" }, "geometry": { "type": "Point", "coordinates": [ 121.404005814509006, 25.017033312049399, 0.0 ] } },
{ "type": "Feature", "properties": { "Display": "5K+360", "River": "塔寮坑溪排水右岸", "Name": "塔寮坑溪排水右岸5K+360" }, "geometry": { "type": "Point", "coordinates": [ 121.403918310433994, 25.0169909638485, 0.0 ] } },
{ "type": "Feature", "properties": { "Display": "5K+370", "River": "塔寮坑溪排水右岸", "Name": "塔寮坑溪排水右岸5K+370" }, "geometry": { "type": "Point", "coordinates": [ 121.403829886756995, 25.016950242138599, 0.0 ] } },
{ "type": "Feature", "properties": { "Display": "5K+380", "River": "塔寮坑溪排水右岸", "Name": "塔寮坑溪排水右岸5K+380" }, "geometry": { "type": "Point", "coordinates": [ 121.403741248101994, 25.016909900697701, 0.0 ] } },
{ "type": "Feature", "properties": { "Display": "5K+390", "River": "塔寮坑溪排水右岸", "Name": "塔寮坑溪排水右岸5K+390" }, "geometry": { "type": "Point", "coordinates": [ 121.403652609502998, 25.016869559202899, 0.0 ] } },
{ "type": "Feature", "properties": { "Display": "5K+400", "River": "塔寮坑溪排水右岸", "Name": "塔寮坑溪排水右岸5K+400" }, "geometry": { "type": "Point", "coordinates": [ 121.403563970961997, 25.016829217654401, 0.0 ] } },
{ "type": "Feature", "properties": { "Display": "5K+410", "River": "塔寮坑溪排水右岸", "Name": "塔寮坑溪排水右岸5K+410" }, "geometry": { "type": "Point", "coordinates": [ 121.403475332477996, 25.0167888760521, 0.0 ] } },
{ "type": "Feature", "properties": { "Display": "5K+420", "River": "塔寮坑溪排水右岸", "Name": "塔寮坑溪排水右岸5K+420" }, "geometry": { "type": "Point", "coordinates": [ 121.403386694052003, 25.016748534396001, 0.0 ] } },
{ "type": "Feature", "properties": { "Display": "5K+430", "River": "塔寮坑溪排水右岸", "Name": "塔寮坑溪排水右岸5K+430" }, "geometry": { "type": "Point", "coordinates": [ 121.403298493771004, 25.0167074194175, 0.0 ] } },
{ "type": "Feature", "properties": { "Display": "5K+440", "River": "塔寮坑溪排水右岸", "Name": "塔寮坑溪排水右岸5K+440" }, "geometry": { "type": "Point", "coordinates": [ 121.403211065861996, 25.0166649411813, 0.0 ] } },
{ "type": "Feature", "properties": { "Display": "5K+450", "River": "塔寮坑溪排水右岸", "Name": "塔寮坑溪排水右岸5K+450" }, "geometry": { "type": "Point", "coordinates": [ 121.403123638012005, 25.016622462892698, 0.0 ] } },
{ "type": "Feature", "properties": { "Display": "5K+460", "River": "塔寮坑溪排水右岸", "Name": "塔寮坑溪排水右岸5K+460" }, "geometry": { "type": "Point", "coordinates": [ 121.403035764280006, 25.016580757829601, 0.0 ] } },
{ "type": "Feature", "properties": { "Display": "5K+470", "River": "塔寮坑溪排水右岸", "Name": "塔寮坑溪排水右岸5K+470" }, "geometry": { "type": "Point", "coordinates": [ 121.402947779467993, 25.016539245431002, 0.0 ] } },
{ "type": "Feature", "properties": { "Display": "5K+480", "River": "塔寮坑溪排水右岸", "Name": "塔寮坑溪排水右岸5K+480" }, "geometry": { "type": "Point", "coordinates": [ 121.402860599939004, 25.016496412203701, 0.0 ] } },
{ "type": "Feature", "properties": { "Display": "5K+490", "River": "塔寮坑溪排水右岸", "Name": "塔寮坑溪排水右岸5K+490" }, "geometry": { "type": "Point", "coordinates": [ 121.402779508384, 25.016444645827601, 0.0 ] } },
{ "type": "Feature", "properties": { "Display": "5K+500", "River": "塔寮坑溪排水右岸", "Name": "塔寮坑溪排水右岸5K+500" }, "geometry": { "type": "Point", "coordinates": [ 121.402705891096005, 25.016384330096798, 0.0 ] } },
{ "type": "Feature", "properties": { "Display": "5K+510", "River": "塔寮坑溪排水右岸", "Name": "塔寮坑溪排水右岸5K+510" }, "geometry": { "type": "Point", "coordinates": [ 121.402634020269005, 25.0163222717789, 0.0 ] } },
{ "type": "Feature", "properties": { "Display": "5K+520", "River": "塔寮坑溪排水右岸", "Name": "塔寮坑溪排水右岸5K+520" }, "geometry": { "type": "Point", "coordinates": [ 121.402556927993004, 25.016265560192199, 0.0 ] } },
{ "type": "Feature", "properties": { "Display": "5K+530", "River": "塔寮坑溪排水右岸", "Name": "塔寮坑溪排水右岸5K+530" }, "geometry": { "type": "Point", "coordinates": [ 121.402479835788, 25.016208848564101, 0.0 ] } },
{ "type": "Feature", "properties": { "Display": "5K+540", "River": "塔寮坑溪排水右岸", "Name": "塔寮坑溪排水右岸5K+540" }, "geometry": { "type": "Point", "coordinates": [ 121.402402743652999, 25.016152136894799, 0.0 ] } },
{ "type": "Feature", "properties": { "Display": "5K+550", "River": "塔寮坑溪排水右岸", "Name": "塔寮坑溪排水右岸5K+550" }, "geometry": { "type": "Point", "coordinates": [ 121.402325651588995, 25.0160954251843, 0.0 ] } },
{ "type": "Feature", "properties": { "Display": "5K+560", "River": "塔寮坑溪排水右岸", "Name": "塔寮坑溪排水右岸5K+560" }, "geometry": { "type": "Point", "coordinates": [ 121.402248559596003, 25.016038713432401, 0.0 ] } },
{ "type": "Feature", "properties": { "Display": "5K+570", "River": "塔寮坑溪排水右岸", "Name": "塔寮坑溪排水右岸5K+570" }, "geometry": { "type": "Point", "coordinates": [ 121.402171467673, 25.015982001639198, 0.0 ] } },
{ "type": "Feature", "properties": { "Display": "5K+580", "River": "塔寮坑溪排水右岸", "Name": "塔寮坑溪排水右岸5K+580" }, "geometry": { "type": "Point", "coordinates": [ 121.402094375819999, 25.015925289804802, 0.0 ] } },
{ "type": "Feature", "properties": { "Display": "5K+590", "River": "塔寮坑溪排水右岸", "Name": "塔寮坑溪排水右岸5K+590" }, "geometry": { "type": "Point", "coordinates": [ 121.402011639822007, 25.015876734627, 0.0 ] } },
{ "type": "Feature", "properties": { "Display": "5K+600", "River": "塔寮坑溪排水右岸", "Name": "塔寮坑溪排水右岸5K+600" }, "geometry": { "type": "Point", "coordinates": [ 121.401922249750996, 25.015837795568601, 0.0 ] } },
{ "type": "Feature", "properties": { "Display": "5K+610", "River": "塔寮坑溪排水右岸", "Name": "塔寮坑溪排水右岸5K+610" }, "geometry": { "type": "Point", "coordinates": [ 121.401832859734995, 25.0157988564555, 0.0 ] } },
{ "type": "Feature", "properties": { "Display": "5K+620", "River": "塔寮坑溪排水右岸", "Name": "塔寮坑溪排水右岸5K+620" }, "geometry": { "type": "Point", "coordinates": [ 121.401743469774999, 25.015759917287699, 0.0 ] } },
{ "type": "Feature", "properties": { "Display": "5K+630", "River": "塔寮坑溪排水右岸", "Name": "塔寮坑溪排水右岸5K+630" }, "geometry": { "type": "Point", "coordinates": [ 121.401654079870994, 25.015720978065399, 0.0 ] } },
{ "type": "Feature", "properties": { "Display": "5K+640", "River": "塔寮坑溪排水右岸", "Name": "塔寮坑溪排水右岸5K+640" }, "geometry": { "type": "Point", "coordinates": [ 121.401564690022994, 25.015682038788299, 0.0 ] } },
{ "type": "Feature", "properties": { "Display": "5K+650", "River": "塔寮坑溪排水右岸", "Name": "塔寮坑溪排水右岸5K+650" }, "geometry": { "type": "Point", "coordinates": [ 121.401471812002995, 25.015652304849699, 0.0 ] } },
{ "type": "Feature", "properties": { "Display": "5K+660", "River": "塔寮坑溪排水右岸", "Name": "塔寮坑溪排水右岸5K+660" }, "geometry": { "type": "Point", "coordinates": [ 121.401373119680002, 25.015649618441898, 0.0 ] } },
{ "type": "Feature", "properties": { "Display": "5K+670", "River": "塔寮坑溪排水右岸", "Name": "塔寮坑溪排水右岸5K+670" }, "geometry": { "type": "Point", "coordinates": [ 121.401274227447999, 25.0156551606457, 0.0 ] } },
{ "type": "Feature", "properties": { "Display": "5K+680", "River": "塔寮坑溪排水右岸", "Name": "塔寮坑溪排水右岸5K+680" }, "geometry": { "type": "Point", "coordinates": [ 121.401175336148995, 25.0156607198556, 0.0 ] } },
{ "type": "Feature", "properties": { "Display": "5K+690", "River": "塔寮坑溪排水右岸", "Name": "塔寮坑溪排水右岸5K+690" }, "geometry": { "type": "Point", "coordinates": [ 121.401076444840996, 25.015666278999799, 0.0 ] } },
{ "type": "Feature", "properties": { "Display": "5K+700", "River": "塔寮坑溪排水右岸", "Name": "塔寮坑溪排水右岸5K+700" }, "geometry": { "type": "Point", "coordinates": [ 121.400977553521997, 25.015671838078301, 0.0 ] } },
{ "type": "Feature", "properties": { "Display": "5K+710", "River": "塔寮坑溪排水右岸", "Name": "塔寮坑溪排水右岸5K+710" }, "geometry": { "type": "Point", "coordinates": [ 121.400878662194003, 25.015677397091199, 0.0 ] } },
{ "type": "Feature", "properties": { "Display": "5K+720", "River": "塔寮坑溪排水右岸", "Name": "塔寮坑溪排水右岸5K+720" }, "geometry": { "type": "Point", "coordinates": [ 121.400779770856005, 25.0156829560384, 0.0 ] } },
{ "type": "Feature", "properties": { "Display": "5K+730", "River": "塔寮坑溪排水右岸", "Name": "塔寮坑溪排水右岸5K+730" }, "geometry": { "type": "Point", "coordinates": [ 121.400680879508002, 25.015688514919901, 0.0 ] } },
{ "type": "Feature", "properties": { "Display": "5K+740", "River": "塔寮坑溪排水右岸", "Name": "塔寮坑溪排水右岸5K+740" }, "geometry": { "type": "Point", "coordinates": [ 121.400581988149995, 25.015694073735801, 0.0 ] } },
{ "type": "Feature", "properties": { "Display": "5K+750", "River": "塔寮坑溪排水右岸", "Name": "塔寮坑溪排水右岸5K+750" }, "geometry": { "type": "Point", "coordinates": [ 121.400483096781997, 25.015699632486001, 0.0 ] } },
{ "type": "Feature", "properties": { "Display": "5K+760", "River": "塔寮坑溪排水右岸", "Name": "塔寮坑溪排水右岸5K+760" }, "geometry": { "type": "Point", "coordinates": [ 121.400384205405004, 25.0157051911705, 0.0 ] } },
{ "type": "Feature", "properties": { "Display": "5K+770", "River": "塔寮坑溪排水右岸", "Name": "塔寮坑溪排水右岸5K+770" }, "geometry": { "type": "Point", "coordinates": [ 121.400285314016998, 25.015710749789399, 0.0 ] } },
{ "type": "Feature", "properties": { "Display": "5K+780", "River": "塔寮坑溪排水右岸", "Name": "塔寮坑溪排水右岸5K+780" }, "geometry": { "type": "Point", "coordinates": [ 121.400186422619996, 25.015716308342601, 0.0 ] } },
{ "type": "Feature", "properties": { "Display": "5K+790", "River": "塔寮坑溪排水右岸", "Name": "塔寮坑溪排水右岸5K+790" }, "geometry": { "type": "Point", "coordinates": [ 121.400087497287004, 25.0157213323773, 0.0 ] } },
{ "type": "Feature", "properties": { "Display": "5K+800", "River": "塔寮坑溪排水右岸", "Name": "塔寮坑溪排水右岸5K+800" }, "geometry": { "type": "Point", "coordinates": [ 121.399988562038999, 25.015726200290299, 0.0 ] } },
{ "type": "Feature", "properties": { "Display": "5K+810", "River": "塔寮坑溪排水右岸", "Name": "塔寮坑溪排水右岸5K+810" }, "geometry": { "type": "Point", "coordinates": [ 121.399889626782993, 25.015731068137399, 0.0 ] } },
{ "type": "Feature", "properties": { "Display": "5K+820", "River": "塔寮坑溪排水右岸", "Name": "塔寮坑溪排水右岸5K+820" }, "geometry": { "type": "Point", "coordinates": [ 121.399790691518007, 25.015735935918901, 0.0 ] } },
{ "type": "Feature", "properties": { "Display": "5K+830", "River": "塔寮坑溪排水右岸", "Name": "塔寮坑溪排水右岸5K+830" }, "geometry": { "type": "Point", "coordinates": [ 121.399691756243996, 25.0157408036346, 0.0 ] } },
{ "type": "Feature", "properties": { "Display": "5K+840", "River": "塔寮坑溪排水右岸", "Name": "塔寮坑溪排水右岸5K+840" }, "geometry": { "type": "Point", "coordinates": [ 121.399594088019995, 25.015754867333801, 0.0 ] } },
{ "type": "Feature", "properties": { "Display": "5K+850", "River": "塔寮坑溪排水右岸", "Name": "塔寮坑溪排水右岸5K+850" }, "geometry": { "type": "Point", "coordinates": [ 121.399496797411004, 25.0157719421059, 0.0 ] } },
{ "type": "Feature", "properties": { "Display": "5K+860", "River": "塔寮坑溪排水右岸", "Name": "塔寮坑溪排水右岸5K+860" }, "geometry": { "type": "Point", "coordinates": [ 121.399399461437994, 25.0157888041409, 0.0 ] } },
{ "type": "Feature", "properties": { "Display": "5K+870", "River": "塔寮坑溪排水右岸", "Name": "塔寮坑溪排水右岸5K+870" }, "geometry": { "type": "Point", "coordinates": [ 121.399302125435995, 25.015805666112598, 0.0 ] } },
{ "type": "Feature", "properties": { "Display": "5K+880", "River": "塔寮坑溪排水右岸", "Name": "塔寮坑溪排水右岸5K+880" }, "geometry": { "type": "Point", "coordinates": [ 121.399204827046006, 25.0158227071875, 0.0 ] } },
{ "type": "Feature", "properties": { "Display": "5K+890", "River": "塔寮坑溪排水右岸", "Name": "塔寮坑溪排水右岸5K+890" }, "geometry": { "type": "Point", "coordinates": [ 121.399107538020999, 25.015839792907101, 0.0 ] } },
{ "type": "Feature", "properties": { "Display": "5K+900", "River": "塔寮坑溪排水右岸", "Name": "塔寮坑溪排水右岸5K+900" }, "geometry": { "type": "Point", "coordinates": [ 121.399010248967002, 25.015856878563302, 0.0 ] } },
{ "type": "Feature", "properties": { "Display": "5K+910", "River": "塔寮坑溪排水右岸", "Name": "塔寮坑溪排水右岸5K+910" }, "geometry": { "type": "Point", "coordinates": [ 121.398912959886005, 25.015873964156199, 0.0 ] } },
{ "type": "Feature", "properties": { "Display": "5K+920", "River": "塔寮坑溪排水右岸", "Name": "塔寮坑溪排水右岸5K+920" }, "geometry": { "type": "Point", "coordinates": [ 121.398815670776003, 25.015891049685699, 0.0 ] } },
{ "type": "Feature", "properties": { "Display": "5K+930", "River": "塔寮坑溪排水右岸", "Name": "塔寮坑溪排水右岸5K+930" }, "geometry": { "type": "Point", "coordinates": [ 121.398718381639, 25.0159081351518, 0.0 ] } },
{ "type": "Feature", "properties": { "Display": "5K+940", "River": "塔寮坑溪排水右岸", "Name": "塔寮坑溪排水右岸5K+940" }, "geometry": { "type": "Point", "coordinates": [ 121.398621092474002, 25.0159252205546, 0.0 ] } },
{ "type": "Feature", "properties": { "Display": "5K+950", "River": "塔寮坑溪排水右岸", "Name": "塔寮坑溪排水右岸5K+950" }, "geometry": { "type": "Point", "coordinates": [ 121.398527048226001, 25.015953177030301, 0.0 ] } },
{ "type": "Feature", "properties": { "Display": "5K+960", "River": "塔寮坑溪排水右岸", "Name": "塔寮坑溪排水右岸5K+960" }, "geometry": { "type": "Point", "coordinates": [ 121.398433664744005, 25.015983347282599, 0.0 ] } },
{ "type": "Feature", "properties": { "Display": "5K+970", "River": "塔寮坑溪排水右岸", "Name": "塔寮坑溪排水右岸5K+970" }, "geometry": { "type": "Point", "coordinates": [ 121.398342072717, 25.015991759278201, 0.0 ] } },
{ "type": "Feature", "properties": { "Display": "5K+980", "River": "塔寮坑溪排水右岸", "Name": "塔寮坑溪排水右岸5K+980" }, "geometry": { "type": "Point", "coordinates": [ 121.398251961588002, 25.01598591706, 0.0 ] } },
{ "type": "Feature", "properties": { "Display": "5K+990", "River": "塔寮坑溪排水右岸", "Name": "塔寮坑溪排水右岸5K+990" }, "geometry": { "type": "Point", "coordinates": [ 121.398156005106998, 25.016006877681299, 0.0 ] } },
{ "type": "Feature", "properties": { "Display": "6K+000", "River": "塔寮坑溪排水右岸", "Name": "塔寮坑溪排水右岸6K+000" }, "geometry": { "type": "Point", "coordinates": [ 121.398058313460993, 25.0160219364341, 0.0 ] } },
{ "type": "Feature", "properties": { "Display": "6K+010", "River": "塔寮坑溪排水右岸", "Name": "塔寮坑溪排水右岸6K+010" }, "geometry": { "type": "Point", "coordinates": [ 121.397960706586005, 25.016037439512001, 0.0 ] } },
{ "type": "Feature", "properties": { "Display": "6K+020", "River": "塔寮坑溪排水右岸", "Name": "塔寮坑溪排水右岸6K+020" }, "geometry": { "type": "Point", "coordinates": [ 121.397863170068007, 25.0160533113783, 0.0 ] } },
{ "type": "Feature", "properties": { "Display": "6K+030", "River": "塔寮坑溪排水右岸", "Name": "塔寮坑溪排水右岸6K+030" }, "geometry": { "type": "Point", "coordinates": [ 121.397765240604997, 25.016066500836999, 0.0 ] } },
{ "type": "Feature", "properties": { "Display": "6K+040", "River": "塔寮坑溪排水右岸", "Name": "塔寮坑溪排水右岸6K+040" }, "geometry": { "type": "Point", "coordinates": [ 121.397667480074006, 25.016081184008499, 0.0 ] } },
{ "type": "Feature", "properties": { "Display": "6K+050", "River": "塔寮坑溪排水右岸", "Name": "塔寮坑溪排水右岸6K+050" }, "geometry": { "type": "Point", "coordinates": [ 121.397569719518998, 25.016095867116, 0.0 ] } },
{ "type": "Feature", "properties": { "Display": "6K+060", "River": "塔寮坑溪排水右岸", "Name": "塔寮坑溪排水右岸6K+060" }, "geometry": { "type": "Point", "coordinates": [ 121.397471958938993, 25.0161105501595, 0.0 ] } },
{ "type": "Feature", "properties": { "Display": "6K+070", "River": "塔寮坑溪排水右岸", "Name": "塔寮坑溪排水右岸6K+070" }, "geometry": { "type": "Point", "coordinates": [ 121.397373559122997, 25.0161028159851, 0.0 ] } },
{ "type": "Feature", "properties": { "Display": "6K+080", "River": "塔寮坑溪排水右岸", "Name": "塔寮坑溪排水右岸6K+080" }, "geometry": { "type": "Point", "coordinates": [ 121.397276126468, 25.016088337569201, 0.0 ] } },
{ "type": "Feature", "properties": { "Display": "6K+090", "River": "塔寮坑溪排水右岸", "Name": "塔寮坑溪排水右岸6K+090" }, "geometry": { "type": "Point", "coordinates": [ 121.397184163231998, 25.016054833331001, 0.0 ] } },
{ "type": "Feature", "properties": { "Display": "6K+100", "River": "塔寮坑溪排水右岸", "Name": "塔寮坑溪排水右岸6K+100" }, "geometry": { "type": "Point", "coordinates": [ 121.397102528581001, 25.0160064510894, 0.0 ] } },
{ "type": "Feature", "properties": { "Display": "6K+110", "River": "塔寮坑溪排水右岸", "Name": "塔寮坑溪排水右岸6K+110" }, "geometry": { "type": "Point", "coordinates": [ 121.397035368076999, 25.015985212655, 0.0 ] } },
{ "type": "Feature", "properties": { "Display": "6K+120", "River": "塔寮坑溪排水右岸", "Name": "塔寮坑溪排水右岸6K+120" }, "geometry": { "type": "Point", "coordinates": [ 121.396968221102, 25.015936431482299, 0.0 ] } },
{ "type": "Feature", "properties": { "Display": "6K+130", "River": "塔寮坑溪排水右岸", "Name": "塔寮坑溪排水右岸6K+130" }, "geometry": { "type": "Point", "coordinates": [ 121.396922578409999, 25.015864194394801, 0.0 ] } },
{ "type": "Feature", "properties": { "Display": "6K+140", "River": "塔寮坑溪排水右岸", "Name": "塔寮坑溪排水右岸6K+140" }, "geometry": { "type": "Point", "coordinates": [ 121.396858346260004, 25.015795459240099, 0.0 ] } },
{ "type": "Feature", "properties": { "Display": "6K+150", "River": "塔寮坑溪排水右岸", "Name": "塔寮坑溪排水右岸6K+150" }, "geometry": { "type": "Point", "coordinates": [ 121.396792140252998, 25.015728295870201, 0.0 ] } },
{ "type": "Feature", "properties": { "Display": "6K+160", "River": "塔寮坑溪排水右岸", "Name": "塔寮坑溪排水右岸6K+160" }, "geometry": { "type": "Point", "coordinates": [ 121.396725571887998, 25.015661426810599, 0.0 ] } },
{ "type": "Feature", "properties": { "Display": "6K+170", "River": "塔寮坑溪排水右岸", "Name": "塔寮坑溪排水右岸6K+170" }, "geometry": { "type": "Point", "coordinates": [ 121.396659003593996, 25.015594557719702, 0.0 ] } },
{ "type": "Feature", "properties": { "Display": "6K+180", "River": "塔寮坑溪排水右岸", "Name": "塔寮坑溪排水右岸6K+180" }, "geometry": { "type": "Point", "coordinates": [ 121.396592435372995, 25.015527688597601, 0.0 ] } },
{ "type": "Feature", "properties": { "Display": "6K+190", "River": "塔寮坑溪排水右岸", "Name": "塔寮坑溪排水右岸6K+190" }, "geometry": { "type": "Point", "coordinates": [ 121.396525867224, 25.015460819444101, 0.0 ] } },
{ "type": "Feature", "properties": { "Display": "6K+200", "River": "塔寮坑溪排水右岸", "Name": "塔寮坑溪排水右岸6K+200" }, "geometry": { "type": "Point", "coordinates": [ 121.396457894299004, 25.015395179192701, 0.0 ] } },
{ "type": "Feature", "properties": { "Display": "6K+210", "River": "塔寮坑溪排水右岸", "Name": "塔寮坑溪排水右岸6K+210" }, "geometry": { "type": "Point", "coordinates": [ 121.396387195078006, 25.015331930528301, 0.0 ] } },
{ "type": "Feature", "properties": { "Display": "6K+220", "River": "塔寮坑溪排水右岸", "Name": "塔寮坑溪排水右岸6K+220" }, "geometry": { "type": "Point", "coordinates": [ 121.396314885164003, 25.015270210320502, 0.0 ] } },
{ "type": "Feature", "properties": { "Display": "6K+230", "River": "塔寮坑溪排水右岸", "Name": "塔寮坑溪排水右岸6K+230" }, "geometry": { "type": "Point", "coordinates": [ 121.396242575322006, 25.015208490076098, 0.0 ] } },
{ "type": "Feature", "properties": { "Display": "6K+240", "River": "塔寮坑溪排水右岸", "Name": "塔寮坑溪排水右岸6K+240" }, "geometry": { "type": "Point", "coordinates": [ 121.396171335472999, 25.015145772589101, 0.0 ] } },
{ "type": "Feature", "properties": { "Display": "6K+250", "River": "塔寮坑溪排水右岸", "Name": "塔寮坑溪排水右岸6K+250" }, "geometry": { "type": "Point", "coordinates": [ 121.396101984655004, 25.015081294486901, 0.0 ] } },
{ "type": "Feature", "properties": { "Display": "6K+260", "River": "塔寮坑溪排水右岸", "Name": "塔寮坑溪排水右岸6K+260" }, "geometry": { "type": "Point", "coordinates": [ 121.396028362289996, 25.015020922572798, 0.0 ] } },
{ "type": "Feature", "properties": { "Display": "6K+270", "River": "塔寮坑溪排水右岸", "Name": "塔寮坑溪排水右岸6K+270" }, "geometry": { "type": "Point", "coordinates": [ 121.395952551644996, 25.0149627949252, 0.0 ] } },
{ "type": "Feature", "properties": { "Display": "6K+280", "River": "塔寮坑溪排水右岸", "Name": "塔寮坑溪排水右岸6K+280" }, "geometry": { "type": "Point", "coordinates": [ 121.395876741072001, 25.014904667237801, 0.0 ] } },
{ "type": "Feature", "properties": { "Display": "6K+290", "River": "塔寮坑溪排水右岸", "Name": "塔寮坑溪排水右岸6K+290" }, "geometry": { "type": "Point", "coordinates": [ 121.395800930570005, 25.014846539510302, 0.0 ] } },
{ "type": "Feature", "properties": { "Display": "6K+300", "River": "塔寮坑溪排水右岸", "Name": "塔寮坑溪排水右岸6K+300" }, "geometry": { "type": "Point", "coordinates": [ 121.395720793075995, 25.0147944782635, 0.0 ] } },
{ "type": "Feature", "properties": { "Display": "6K+310", "River": "塔寮坑溪排水右岸", "Name": "塔寮坑溪排水右岸6K+310" }, "geometry": { "type": "Point", "coordinates": [ 121.395629513566007, 25.014759440142001, 0.0 ] } },
{ "type": "Feature", "properties": { "Display": "6K+320", "River": "塔寮坑溪排水右岸", "Name": "塔寮坑溪排水右岸6K+320" }, "geometry": { "type": "Point", "coordinates": [ 121.395535626927, 25.014730633762301, 0.0 ] } },
{ "type": "Feature", "properties": { "Display": "6K+330", "River": "塔寮坑溪排水右岸", "Name": "塔寮坑溪排水右岸6K+330" }, "geometry": { "type": "Point", "coordinates": [ 121.395440190437, 25.0147064077428, 0.0 ] } },
{ "type": "Feature", "properties": { "Display": "6K+340", "River": "塔寮坑溪排水右岸", "Name": "塔寮坑溪排水右岸6K+340" }, "geometry": { "type": "Point", "coordinates": [ 121.395344417841997, 25.0146832805016, 0.0 ] } },
{ "type": "Feature", "properties": { "Display": "6K+350", "River": "塔寮坑溪排水右岸", "Name": "塔寮坑溪排水右岸6K+350" }, "geometry": { "type": "Point", "coordinates": [ 121.395248630238996, 25.0146602053109, 0.0 ] } },
{ "type": "Feature", "properties": { "Display": "6K+360", "River": "塔寮坑溪排水右岸", "Name": "塔寮坑溪排水右岸6K+360" }, "geometry": { "type": "Point", "coordinates": [ 121.395152754714005, 25.0146374352823, 0.0 ] } },
{ "type": "Feature", "properties": { "Display": "6K+370", "River": "塔寮坑溪排水右岸", "Name": "塔寮坑溪排水右岸6K+370" }, "geometry": { "type": "Point", "coordinates": [ 121.395056795174995, 25.014614960845801, 0.0 ] } },
{ "type": "Feature", "properties": { "Display": "6K+380", "River": "塔寮坑溪排水右岸", "Name": "塔寮坑溪排水右岸6K+380" }, "geometry": { "type": "Point", "coordinates": [ 121.394960577150997, 25.014593455030099, 0.0 ] } },
{ "type": "Feature", "properties": { "Display": "6K+390", "River": "塔寮坑溪排水右岸", "Name": "塔寮坑溪排水右岸6K+390" }, "geometry": { "type": "Point", "coordinates": [ 121.394863885806998, 25.014573756416901, 0.0 ] } },
{ "type": "Feature", "properties": { "Display": "6K+400", "River": "塔寮坑溪排水右岸", "Name": "塔寮坑溪排水右岸6K+400" }, "geometry": { "type": "Point", "coordinates": [ 121.394767382189002, 25.0145533498379, 0.0 ] } },
{ "type": "Feature", "properties": { "Display": "6K+410", "River": "塔寮坑溪排水右岸", "Name": "塔寮坑溪排水右岸6K+410" }, "geometry": { "type": "Point", "coordinates": [ 121.394669872188999, 25.0145377102513, 0.0 ] } },
{ "type": "Feature", "properties": { "Display": "6K+420", "River": "塔寮坑溪排水右岸", "Name": "塔寮坑溪排水右岸6K+420" }, "geometry": { "type": "Point", "coordinates": [ 121.394570956959001, 25.014533797355799, 0.0 ] } },
{ "type": "Feature", "properties": { "Display": "6K+430", "River": "塔寮坑溪排水右岸", "Name": "塔寮坑溪排水右岸6K+430" }, "geometry": { "type": "Point", "coordinates": [ 121.394472327591998, 25.0145416779059, 0.0 ] } },
{ "type": "Feature", "properties": { "Display": "6K+440", "River": "塔寮坑溪排水右岸", "Name": "塔寮坑溪排水右岸6K+440" }, "geometry": { "type": "Point", "coordinates": [ 121.394374684160994, 25.014556801165401, 0.0 ] } },
{ "type": "Feature", "properties": { "Display": "6K+450", "River": "塔寮坑溪排水右岸", "Name": "塔寮坑溪排水右岸6K+450" }, "geometry": { "type": "Point", "coordinates": [ 121.394278340621995, 25.014577618836402, 0.0 ] } },
{ "type": "Feature", "properties": { "Display": "6K+460", "River": "塔寮坑溪排水右岸", "Name": "塔寮坑溪排水右岸6K+460" }, "geometry": { "type": "Point", "coordinates": [ 121.394185481951993, 25.0146089381807, 0.0 ] } },
{ "type": "Feature", "properties": { "Display": "6K+470", "River": "塔寮坑溪排水右岸", "Name": "塔寮坑溪排水右岸6K+470" }, "geometry": { "type": "Point", "coordinates": [ 121.394097309071, 25.014649988345599, 0.0 ] } },
{ "type": "Feature", "properties": { "Display": "6K+480", "River": "塔寮坑溪排水右岸", "Name": "塔寮坑溪排水右岸6K+480" }, "geometry": { "type": "Point", "coordinates": [ 121.394017579394998, 25.014703341166602, 0.0 ] } },
{ "type": "Feature", "properties": { "Display": "6K+490", "River": "塔寮坑溪排水右岸", "Name": "塔寮坑溪排水右岸6K+490" }, "geometry": { "type": "Point", "coordinates": [ 121.393939941596997, 25.014759426060099, 0.0 ] } },
{ "type": "Feature", "properties": { "Display": "6K+500", "River": "塔寮坑溪排水右岸", "Name": "塔寮坑溪排水右岸6K+500" }, "geometry": { "type": "Point", "coordinates": [ 121.393860544568994, 25.014813391952401, 0.0 ] } },
{ "type": "Feature", "properties": { "Display": "6K+510", "River": "塔寮坑溪排水右岸", "Name": "塔寮坑溪排水右岸6K+510" }, "geometry": { "type": "Point", "coordinates": [ 121.393782848962999, 25.0148694148263, 0.0 ] } },
{ "type": "Feature", "properties": { "Display": "6K+520", "River": "塔寮坑溪排水右岸", "Name": "塔寮坑溪排水右岸6K+520" }, "geometry": { "type": "Point", "coordinates": [ 121.393705153287002, 25.014925437660001, 0.0 ] } },
{ "type": "Feature", "properties": { "Display": "6K+530", "River": "塔寮坑溪排水右岸", "Name": "塔寮坑溪排水右岸6K+530" }, "geometry": { "type": "Point", "coordinates": [ 121.393627457538997, 25.014981460453601, 0.0 ] } },
{ "type": "Feature", "properties": { "Display": "6K+540", "River": "塔寮坑溪排水右岸", "Name": "塔寮坑溪排水右岸6K+540" }, "geometry": { "type": "Point", "coordinates": [ 121.393554484448998, 25.015040091102598, 0.0 ] } },
{ "type": "Feature", "properties": { "Display": "6K+550", "River": "塔寮坑溪排水右岸", "Name": "塔寮坑溪排水右岸6K+550" }, "geometry": { "type": "Point", "coordinates": [ 121.393481538943007, 25.015101187059901, 0.0 ] } },
{ "type": "Feature", "properties": { "Display": "6K+560", "River": "塔寮坑溪排水右岸", "Name": "塔寮坑溪排水右岸6K+560" }, "geometry": { "type": "Point", "coordinates": [ 121.393408593363006, 25.015162282981802, 0.0 ] } },
{ "type": "Feature", "properties": { "Display": "6K+570", "River": "塔寮坑溪排水右岸", "Name": "塔寮坑溪排水右岸6K+570" }, "geometry": { "type": "Point", "coordinates": [ 121.393335028698004, 25.015222751007801, 0.0 ] } },
{ "type": "Feature", "properties": { "Display": "6K+580", "River": "塔寮坑溪排水右岸", "Name": "塔寮坑溪排水右岸6K+580" }, "geometry": { "type": "Point", "coordinates": [ 121.393260574858999, 25.015282317188301, 0.0 ] } },
{ "type": "Feature", "properties": { "Display": "6K+590", "River": "塔寮坑溪排水右岸", "Name": "塔寮坑溪排水右岸6K+590" }, "geometry": { "type": "Point", "coordinates": [ 121.393184360720994, 25.015339980940901, 0.0 ] } },
{ "type": "Feature", "properties": { "Display": "6K+600", "River": "塔寮坑溪排水右岸", "Name": "塔寮坑溪排水右岸6K+600" }, "geometry": { "type": "Point", "coordinates": [ 121.393105027098997, 25.0153939812954, 0.0 ] } },
{ "type": "Feature", "properties": { "Display": "6K+610", "River": "塔寮坑溪排水右岸", "Name": "塔寮坑溪排水右岸6K+610" }, "geometry": { "type": "Point", "coordinates": [ 121.393020098668998, 25.0154401996339, 0.0 ] } },
{ "type": "Feature", "properties": { "Display": "6K+620", "River": "塔寮坑溪排水右岸", "Name": "塔寮坑溪排水右岸6K+620" }, "geometry": { "type": "Point", "coordinates": [ 121.392926256219994, 25.0154679238372, 0.0 ] } },
{ "type": "Feature", "properties": { "Display": "6K+630", "River": "塔寮坑溪排水右岸", "Name": "塔寮坑溪排水右岸6K+630" }, "geometry": { "type": "Point", "coordinates": [ 121.392827851332001, 25.0154757169907, 0.0 ] } },
{ "type": "Feature", "properties": { "Display": "6K+640", "River": "塔寮坑溪排水右岸", "Name": "塔寮坑溪排水右岸6K+640" }, "geometry": { "type": "Point", "coordinates": [ 121.392731171380007, 25.015459273590398, 0.0 ] } },
{ "type": "Feature", "properties": { "Display": "6K+650", "River": "塔寮坑溪排水右岸", "Name": "塔寮坑溪排水右岸6K+650" }, "geometry": { "type": "Point", "coordinates": [ 121.392645216548999, 25.0154149560192, 0.0 ] } },
{ "type": "Feature", "properties": { "Display": "6K+660", "River": "塔寮坑溪排水右岸", "Name": "塔寮坑溪排水右岸6K+660" }, "geometry": { "type": "Point", "coordinates": [ 121.392573282450002, 25.015352875139101, 0.0 ] } },
{ "type": "Feature", "properties": { "Display": "6K+670", "River": "塔寮坑溪排水右岸", "Name": "塔寮坑溪排水右岸6K+670" }, "geometry": { "type": "Point", "coordinates": [ 121.392512499494003, 25.0152819182324, 0.0 ] } },
{ "type": "Feature", "properties": { "Display": "6K+680", "River": "塔寮坑溪排水右岸", "Name": "塔寮坑溪排水右岸6K+680" }, "geometry": { "type": "Point", "coordinates": [ 121.392456160327995, 25.0152076544728, 0.0 ] } },
{ "type": "Feature", "properties": { "Display": "6K+690", "River": "塔寮坑溪排水右岸", "Name": "塔寮坑溪排水右岸6K+690" }, "geometry": { "type": "Point", "coordinates": [ 121.392403231106996, 25.015131459575201, 0.0 ] } },
{ "type": "Feature", "properties": { "Display": "6K+700", "River": "塔寮坑溪排水右岸", "Name": "塔寮坑溪排水右岸6K+700" }, "geometry": { "type": "Point", "coordinates": [ 121.392371500275999, 25.015046386719199, 0.0 ] } },
{ "type": "Feature", "properties": { "Display": "6K+710", "River": "塔寮坑溪排水右岸", "Name": "塔寮坑溪排水右岸6K+710" }, "geometry": { "type": "Point", "coordinates": [ 121.392381317214998, 25.014957944691201, 0.0 ] } },
{ "type": "Feature", "properties": { "Display": "6K+720", "River": "塔寮坑溪排水右岸", "Name": "塔寮坑溪排水右岸6K+720" }, "geometry": { "type": "Point", "coordinates": [ 121.392418824806995, 25.014874436016701, 0.0 ] } },
{ "type": "Feature", "properties": { "Display": "6K+730", "River": "塔寮坑溪排水右岸", "Name": "塔寮坑溪排水右岸6K+730" }, "geometry": { "type": "Point", "coordinates": [ 121.392457910751006, 25.014791476105099, 0.0 ] } },
{ "type": "Feature", "properties": { "Display": "6K+740", "River": "塔寮坑溪排水右岸", "Name": "塔寮坑溪排水右岸6K+740" }, "geometry": { "type": "Point", "coordinates": [ 121.392496854827002, 25.0147084611515, 0.0 ] } },
{ "type": "Feature", "properties": { "Display": "6K+750", "River": "塔寮坑溪排水右岸", "Name": "塔寮坑溪排水右岸6K+750" }, "geometry": { "type": "Point", "coordinates": [ 121.392535408282001, 25.014625294628001, 0.0 ] } },
{ "type": "Feature", "properties": { "Display": "6K+760", "River": "塔寮坑溪排水右岸", "Name": "塔寮坑溪排水右岸6K+760" }, "geometry": { "type": "Point", "coordinates": [ 121.392574917527, 25.014542509869599, 0.0 ] } },
{ "type": "Feature", "properties": { "Display": "6K+770", "River": "塔寮坑溪排水右岸", "Name": "塔寮坑溪排水右岸6K+770" }, "geometry": { "type": "Point", "coordinates": [ 121.392622459655001, 25.0144635777818, 0.0 ] } },
{ "type": "Feature", "properties": { "Display": "6K+780", "River": "塔寮坑溪排水右岸", "Name": "塔寮坑溪排水右岸6K+780" }, "geometry": { "type": "Point", "coordinates": [ 121.392676206770005, 25.0143877342277, 0.0 ] } },
{ "type": "Feature", "properties": { "Display": "6K+790", "River": "塔寮坑溪排水右岸", "Name": "塔寮坑溪排水右岸6K+790" }, "geometry": { "type": "Point", "coordinates": [ 121.392717208633997, 25.014306071861199, 0.0 ] } },
{ "type": "Feature", "properties": { "Display": "6K+800", "River": "塔寮坑溪排水右岸", "Name": "塔寮坑溪排水右岸6K+800" }, "geometry": { "type": "Point", "coordinates": [ 121.392748325857994, 25.014220370361599, 0.0 ] } },
{ "type": "Feature", "properties": { "Display": "6K+810", "River": "塔寮坑溪排水右岸", "Name": "塔寮坑溪排水右岸6K+810" }, "geometry": { "type": "Point", "coordinates": [ 121.392775396049998, 25.014133535470101, 0.0 ] } },
{ "type": "Feature", "properties": { "Display": "6K+820", "River": "塔寮坑溪排水右岸", "Name": "塔寮坑溪排水右岸6K+820" }, "geometry": { "type": "Point", "coordinates": [ 121.392798563042007, 25.014045766395199, 0.0 ] } },
{ "type": "Feature", "properties": { "Display": "6K+830", "River": "塔寮坑溪排水右岸", "Name": "塔寮坑溪排水右岸6K+830" }, "geometry": { "type": "Point", "coordinates": [ 121.392809635337002, 25.013956269090201, 0.0 ] } },
{ "type": "Feature", "properties": { "Display": "6K+840", "River": "塔寮坑溪排水右岸", "Name": "塔寮坑溪排水右岸6K+840" }, "geometry": { "type": "Point", "coordinates": [ 121.392811202215, 25.0138659984745, 0.0 ] } },
{ "type": "Feature", "properties": { "Display": "6K+850", "River": "塔寮坑溪排水右岸", "Name": "塔寮坑溪排水右岸6K+850" }, "geometry": { "type": "Point", "coordinates": [ 121.392788583772003, 25.0137781448882, 0.0 ] } },
{ "type": "Feature", "properties": { "Display": "6K+860", "River": "塔寮坑溪排水右岸", "Name": "塔寮坑溪排水右岸6K+860" }, "geometry": { "type": "Point", "coordinates": [ 121.392754113075995, 25.0136935181411, 0.0 ] } },
{ "type": "Feature", "properties": { "Display": "6K+870", "River": "塔寮坑溪排水右岸", "Name": "塔寮坑溪排水右岸6K+870" }, "geometry": { "type": "Point", "coordinates": [ 121.392712653306006, 25.013611837932501, 0.0 ] } },
{ "type": "Feature", "properties": { "Display": "6K+880", "River": "塔寮坑溪排水右岸", "Name": "塔寮坑溪排水右岸6K+880" }, "geometry": { "type": "Point", "coordinates": [ 121.392657740464998, 25.0135370187303, 0.0 ] } },
{ "type": "Feature", "properties": { "Display": "6K+890", "River": "塔寮坑溪排水右岸", "Name": "塔寮坑溪排水右岸6K+890" }, "geometry": { "type": "Point", "coordinates": [ 121.392595905983001, 25.013466477535999, 0.0 ] } },
{ "type": "Feature", "properties": { "Display": "6K+900", "River": "塔寮坑溪排水右岸", "Name": "塔寮坑溪排水右岸6K+900" }, "geometry": { "type": "Point", "coordinates": [ 121.392528848075997, 25.013400158453098, 0.0 ] } },
{ "type": "Feature", "properties": { "Display": "6K+910", "River": "塔寮坑溪排水右岸", "Name": "塔寮坑溪排水右岸6K+910" }, "geometry": { "type": "Point", "coordinates": [ 121.392461871261006, 25.013333658140098, 0.0 ] } },
{ "type": "Feature", "properties": { "Display": "6K+920", "River": "塔寮坑溪排水右岸", "Name": "塔寮坑溪排水右岸6K+920" }, "geometry": { "type": "Point", "coordinates": [ 121.392377541442002, 25.013288633539698, 0.0 ] } },
{ "type": "Feature", "properties": { "Display": "6K+930", "River": "塔寮坑溪排水右岸", "Name": "塔寮坑溪排水右岸6K+930" }, "geometry": { "type": "Point", "coordinates": [ 121.392282671561006, 25.013262627099099, 0.0 ] } },
{ "type": "Feature", "properties": { "Display": "6K+940", "River": "塔寮坑溪排水右岸", "Name": "塔寮坑溪排水右岸6K+940" }, "geometry": { "type": "Point", "coordinates": [ 121.392186713979996, 25.0132405325223, 0.0 ] } },
{ "type": "Feature", "properties": { "Display": "6K+950", "River": "塔寮坑溪排水右岸", "Name": "塔寮坑溪排水右岸6K+950" }, "geometry": { "type": "Point", "coordinates": [ 121.392087956281003, 25.0132358912279, 0.0 ] } },
{ "type": "Feature", "properties": { "Display": "6K+960", "River": "塔寮坑溪排水右岸", "Name": "塔寮坑溪排水右岸6K+960" }, "geometry": { "type": "Point", "coordinates": [ 121.391990298343998, 25.013250096268902, 0.0 ] } },
{ "type": "Feature", "properties": { "Display": "6K+970", "River": "塔寮坑溪排水右岸", "Name": "塔寮坑溪排水右岸6K+970" }, "geometry": { "type": "Point", "coordinates": [ 121.391896073013996, 25.0132779689587, 0.0 ] } },
{ "type": "Feature", "properties": { "Display": "6K+980", "River": "塔寮坑溪排水右岸", "Name": "塔寮坑溪排水右岸6K+980" }, "geometry": { "type": "Point", "coordinates": [ 121.391807440435002, 25.013318289150199, 0.0 ] } },
{ "type": "Feature", "properties": { "Display": "6K+990", "River": "塔寮坑溪排水右岸", "Name": "塔寮坑溪排水右岸6K+990" }, "geometry": { "type": "Point", "coordinates": [ 121.391718421541995, 25.013357924777601, 0.0 ] } },
{ "type": "Feature", "properties": { "Display": "7K+000", "River": "塔寮坑溪排水右岸", "Name": "塔寮坑溪排水右岸7K+000" }, "geometry": { "type": "Point", "coordinates": [ 121.391627442317002, 25.013393382693899, 0.0 ] } },
{ "type": "Feature", "properties": { "Display": "7K+010", "River": "塔寮坑溪排水右岸", "Name": "塔寮坑溪排水右岸7K+010" }, "geometry": { "type": "Point", "coordinates": [ 121.391531108132995, 25.0134138479889, 0.0 ] } },
{ "type": "Feature", "properties": { "Display": "7K+020", "River": "塔寮坑溪排水右岸", "Name": "塔寮坑溪排水右岸7K+020" }, "geometry": { "type": "Point", "coordinates": [ 121.391433917143004, 25.0134313824923, 0.0 ] } },
{ "type": "Feature", "properties": { "Display": "7K+030", "River": "塔寮坑溪排水右岸", "Name": "塔寮坑溪排水右岸7K+030" }, "geometry": { "type": "Point", "coordinates": [ 121.391339775326998, 25.013459348059101, 0.0 ] } },
{ "type": "Feature", "properties": { "Display": "7K+040", "River": "塔寮坑溪排水右岸", "Name": "塔寮坑溪排水右岸7K+040" }, "geometry": { "type": "Point", "coordinates": [ 121.391245890137995, 25.0134881916191, 0.0 ] } },
{ "type": "Feature", "properties": { "Display": "7K+050", "River": "塔寮坑溪排水右岸", "Name": "塔寮坑溪排水右岸7K+050" }, "geometry": { "type": "Point", "coordinates": [ 121.391152568975997, 25.013518187492199, 0.0 ] } },
{ "type": "Feature", "properties": { "Display": "7K+060", "River": "塔寮坑溪排水右岸", "Name": "塔寮坑溪排水右岸7K+060" }, "geometry": { "type": "Point", "coordinates": [ 121.391066289554004, 25.013562569352501, 0.0 ] } },
{ "type": "Feature", "properties": { "Display": "7K+070", "River": "塔寮坑溪排水右岸", "Name": "塔寮坑溪排水右岸7K+070" }, "geometry": { "type": "Point", "coordinates": [ 121.390980010069995, 25.013606951163101, 0.0 ] } },
{ "type": "Feature", "properties": { "Display": "7K+080", "River": "塔寮坑溪排水右岸", "Name": "塔寮坑溪排水右岸7K+080" }, "geometry": { "type": "Point", "coordinates": [ 121.390892952323, 25.0136499939888, 0.0 ] } },
{ "type": "Feature", "properties": { "Display": "7K+090", "River": "塔寮坑溪排水右岸", "Name": "塔寮坑溪排水右岸7K+090" }, "geometry": { "type": "Point", "coordinates": [ 121.390803675333999, 25.013689114141901, 0.0 ] } },
{ "type": "Feature", "properties": { "Display": "7K+100", "River": "塔寮坑溪排水右岸", "Name": "塔寮坑溪排水右岸7K+100" }, "geometry": { "type": "Point", "coordinates": [ 121.390713344947002, 25.013726204819701, 0.0 ] } },
{ "type": "Feature", "properties": { "Display": "7K+110", "River": "塔寮坑溪排水右岸", "Name": "塔寮坑溪排水右岸7K+110" }, "geometry": { "type": "Point", "coordinates": [ 121.390622874290003, 25.013763002627801, 0.0 ] } },
{ "type": "Feature", "properties": { "Display": "7K+120", "River": "塔寮坑溪排水右岸", "Name": "塔寮坑溪排水右岸7K+120" }, "geometry": { "type": "Point", "coordinates": [ 121.390531598658995, 25.013798119452701, 0.0 ] } },
{ "type": "Feature", "properties": { "Display": "7K+130", "River": "塔寮坑溪排水右岸", "Name": "塔寮坑溪排水右岸7K+130" }, "geometry": { "type": "Point", "coordinates": [ 121.390439077837001, 25.013830314134999, 0.0 ] } },
{ "type": "Feature", "properties": { "Display": "7K+140", "River": "塔寮坑溪排水右岸", "Name": "塔寮坑溪排水右岸7K+140" }, "geometry": { "type": "Point", "coordinates": [ 121.390344099036, 25.013855462229898, 0.0 ] } },
{ "type": "Feature", "properties": { "Display": "7K+150", "River": "塔寮坑溪排水右岸", "Name": "塔寮坑溪排水右岸7K+150" }, "geometry": { "type": "Point", "coordinates": [ 121.390246365620001, 25.013869685897099, 0.0 ] } },
{ "type": "Feature", "properties": { "Display": "7K+160", "River": "塔寮坑溪排水右岸", "Name": "塔寮坑溪排水右岸7K+160" }, "geometry": { "type": "Point", "coordinates": [ 121.390147725956993, 25.0138703302874, 0.0 ] } },
{ "type": "Feature", "properties": { "Display": "7K+170", "River": "塔寮坑溪排水右岸", "Name": "塔寮坑溪排水右岸7K+170" }, "geometry": { "type": "Point", "coordinates": [ 121.390051726194997, 25.013848963910799, 0.0 ] } },
{ "type": "Feature", "properties": { "Display": "7K+180", "River": "塔寮坑溪排水右岸", "Name": "塔寮坑溪排水右岸7K+180" }, "geometry": { "type": "Point", "coordinates": [ 121.389961655094993, 25.013811599399101, 0.0 ] } },
{ "type": "Feature", "properties": { "Display": "7K+190", "River": "塔寮坑溪排水右岸", "Name": "塔寮坑溪排水右岸7K+190" }, "geometry": { "type": "Point", "coordinates": [ 121.389877453194998, 25.013764435988801, 0.0 ] } },
{ "type": "Feature", "properties": { "Display": "7K+200", "River": "塔寮坑溪排水右岸", "Name": "塔寮坑溪排水右岸7K+200" }, "geometry": { "type": "Point", "coordinates": [ 121.389795120425006, 25.013714213342499, 0.0 ] } },
{ "type": "Feature", "properties": { "Display": "7K+210", "River": "塔寮坑溪排水右岸", "Name": "塔寮坑溪排水右岸7K+210" }, "geometry": { "type": "Point", "coordinates": [ 121.389710743435998, 25.013667030158299, 0.0 ] } },
{ "type": "Feature", "properties": { "Display": "7K+220", "River": "塔寮坑溪排水右岸", "Name": "塔寮坑溪排水右岸7K+220" }, "geometry": { "type": "Point", "coordinates": [ 121.389624969135994, 25.013622093036599, 0.0 ] } },
{ "type": "Feature", "properties": { "Display": "7K+230", "River": "塔寮坑溪排水右岸", "Name": "塔寮坑溪排水右岸7K+230" }, "geometry": { "type": "Point", "coordinates": [ 121.389543228045994, 25.013571074321899, 0.0 ] } },
{ "type": "Feature", "properties": { "Display": "7K+240", "River": "塔寮坑溪排水右岸", "Name": "塔寮坑溪排水右岸7K+240" }, "geometry": { "type": "Point", "coordinates": [ 121.389461487022999, 25.013520055560999, 0.0 ] } },
{ "type": "Feature", "properties": { "Display": "7K+250", "River": "塔寮坑溪排水右岸", "Name": "塔寮坑溪排水右岸7K+250" }, "geometry": { "type": "Point", "coordinates": [ 121.389382839169002, 25.013465196777702, 0.0 ] } },
{ "type": "Feature", "properties": { "Display": "7K+260", "River": "塔寮坑溪排水右岸", "Name": "塔寮坑溪排水右岸7K+260" }, "geometry": { "type": "Point", "coordinates": [ 121.389309765754007, 25.0134044923328, 0.0 ] } },
{ "type": "Feature", "properties": { "Display": "7K+270", "River": "塔寮坑溪排水右岸", "Name": "塔寮坑溪排水右岸7K+270" }, "geometry": { "type": "Point", "coordinates": [ 121.389243922063997, 25.0133371474078, 0.0 ] } },
{ "type": "Feature", "properties": { "Display": "7K+280", "River": "塔寮坑溪排水右岸", "Name": "塔寮坑溪排水右岸7K+280" }, "geometry": { "type": "Point", "coordinates": [ 121.389181987849, 25.0132667100177, 0.0 ] } },
{ "type": "Feature", "properties": { "Display": "7K+290", "River": "塔寮坑溪排水右岸", "Name": "塔寮坑溪排水右岸7K+290" }, "geometry": { "type": "Point", "coordinates": [ 121.389123073578006, 25.013194123262199, 0.0 ] } },
{ "type": "Feature", "properties": { "Display": "7K+300", "River": "塔寮坑溪排水右岸", "Name": "塔寮坑溪排水右岸7K+300" }, "geometry": { "type": "Point", "coordinates": [ 121.389072056562995, 25.0131168592814, 0.0 ] } },
{ "type": "Feature", "properties": { "Display": "7K+310", "River": "塔寮坑溪排水右岸", "Name": "塔寮坑溪排水右岸7K+310" }, "geometry": { "type": "Point", "coordinates": [ 121.3890293101, 25.0130356877461, 0.0 ] } },
{ "type": "Feature", "properties": { "Display": "7K+320", "River": "塔寮坑溪排水右岸", "Name": "塔寮坑溪排水右岸7K+320" }, "geometry": { "type": "Point", "coordinates": [ 121.388993755095001, 25.012951419393801, 0.0 ] } },
{ "type": "Feature", "properties": { "Display": "7K+330", "River": "塔寮坑溪排水右岸", "Name": "塔寮坑溪排水右岸7K+330" }, "geometry": { "type": "Point", "coordinates": [ 121.388964610201995, 25.0128651737048, 0.0 ] } },
{ "type": "Feature", "properties": { "Display": "7K+340", "River": "塔寮坑溪排水右岸", "Name": "塔寮坑溪排水右岸7K+340" }, "geometry": { "type": "Point", "coordinates": [ 121.388941246249004, 25.0127775192875, 0.0 ] } },
{ "type": "Feature", "properties": { "Display": "7K+350", "River": "塔寮坑溪排水右岸", "Name": "塔寮坑溪排水右岸7K+350" }, "geometry": { "type": "Point", "coordinates": [ 121.388926586959002, 25.0126883687171, 0.0 ] } },
{ "type": "Feature", "properties": { "Display": "7K+360", "River": "塔寮坑溪排水右岸", "Name": "塔寮坑溪排水右岸7K+360" }, "geometry": { "type": "Point", "coordinates": [ 121.388945777055, 25.0126008020349, 0.0 ] } },
{ "type": "Feature", "properties": { "Display": "7K+370", "River": "塔寮坑溪排水右岸", "Name": "塔寮坑溪排水右岸7K+370" }, "geometry": { "type": "Point", "coordinates": [ 121.388996795807003, 25.012524129820498, 0.0 ] } },
{ "type": "Feature", "properties": { "Display": "7K+380", "River": "塔寮坑溪排水右岸", "Name": "塔寮坑溪排水右岸7K+380" }, "geometry": { "type": "Point", "coordinates": [ 121.389083007989001, 25.012482518238802, 0.0 ] } },
{ "type": "Feature", "properties": { "Display": "7K+390", "River": "塔寮坑溪排水右岸", "Name": "塔寮坑溪排水右岸7K+390" }, "geometry": { "type": "Point", "coordinates": [ 121.389180531324996, 25.012467370699799, 0.0 ] } },
{ "type": "Feature", "properties": { "Display": "7K+400", "River": "塔寮坑溪排水右岸", "Name": "塔寮坑溪排水右岸7K+400" }, "geometry": { "type": "Point", "coordinates": [ 121.389279115044005, 25.012458594080702, 0.0 ] } },
{ "type": "Feature", "properties": { "Display": "7K+410", "River": "塔寮坑溪排水右岸", "Name": "塔寮坑溪排水右岸7K+410" }, "geometry": { "type": "Point", "coordinates": [ 121.389377870367994, 25.0124548572253, 0.0 ] } },
{ "type": "Feature", "properties": { "Display": "7K+420", "River": "塔寮坑溪排水右岸", "Name": "塔寮坑溪排水右岸7K+420" }, "geometry": { "type": "Point", "coordinates": [ 121.389476406542002, 25.012464276336601, 0.0 ] } },
{ "type": "Feature", "properties": { "Display": "7K+430", "River": "塔寮坑溪排水右岸", "Name": "塔寮坑溪排水右岸7K+430" }, "geometry": { "type": "Point", "coordinates": [ 121.389575259254997, 25.0124655078294, 0.0 ] } },
{ "type": "Feature", "properties": { "Display": "7K+440", "River": "塔寮坑溪排水右岸", "Name": "塔寮坑溪排水右岸7K+440" }, "geometry": { "type": "Point", "coordinates": [ 121.389673901463993, 25.0124589886424, 0.0 ] } },
{ "type": "Feature", "properties": { "Display": "7K+450", "River": "塔寮坑溪排水右岸", "Name": "塔寮坑溪排水右岸7K+450" }, "geometry": { "type": "Point", "coordinates": [ 121.389760900210007, 25.0124177974979, 0.0 ] } },
{ "type": "Feature", "properties": { "Display": "7K+460", "River": "塔寮坑溪排水右岸", "Name": "塔寮坑溪排水右岸7K+460" }, "geometry": { "type": "Point", "coordinates": [ 121.389815563572, 25.0123436327871, 0.0 ] } },
{ "type": "Feature", "properties": { "Display": "7K+470", "River": "塔寮坑溪排水右岸", "Name": "塔寮坑溪排水右岸7K+470" }, "geometry": { "type": "Point", "coordinates": [ 121.389824522238996, 25.012254668119301, 0.0 ] } },
{ "type": "Feature", "properties": { "Display": "7K+480", "River": "塔寮坑溪排水右岸", "Name": "塔寮坑溪排水右岸7K+480" }, "geometry": { "type": "Point", "coordinates": [ 121.389800523985997, 25.012167098422001, 0.0 ] } },
{ "type": "Feature", "properties": { "Display": "7K+490", "River": "塔寮坑溪排水右岸", "Name": "塔寮坑溪排水右岸7K+490" }, "geometry": { "type": "Point", "coordinates": [ 121.389775624627006, 25.012079714017499, 0.0 ] } },
{ "type": "Feature", "properties": { "Display": "7K+500", "River": "塔寮坑溪排水右岸", "Name": "塔寮坑溪排水右岸7K+500" }, "geometry": { "type": "Point", "coordinates": [ 121.389750101499004, 25.0119924845642, 0.0 ] } },
{ "type": "Feature", "properties": { "Display": "7K+510", "River": "塔寮坑溪排水右岸", "Name": "塔寮坑溪排水右岸7K+510" }, "geometry": { "type": "Point", "coordinates": [ 121.389722889089001, 25.011905674742401, 0.0 ] } },
{ "type": "Feature", "properties": { "Display": "7K+520", "River": "塔寮坑溪排水右岸", "Name": "塔寮坑溪排水右岸7K+520" }, "geometry": { "type": "Point", "coordinates": [ 121.389677454508998, 25.0118268614263, 0.0 ] } },
{ "type": "Feature", "properties": { "Display": "7K+530", "River": "塔寮坑溪排水右岸", "Name": "塔寮坑溪排水右岸7K+530" }, "geometry": { "type": "Point", "coordinates": [ 121.389593634451003, 25.011779497234201, 0.0 ] } },
{ "type": "Feature", "properties": { "Display": "7K+540", "River": "塔寮坑溪排水右岸", "Name": "塔寮坑溪排水右岸7K+540" }, "geometry": { "type": "Point", "coordinates": [ 121.389506395097001, 25.011736712693601, 0.0 ] } },
{ "type": "Feature", "properties": { "Display": "7K+550", "River": "塔寮坑溪排水右岸", "Name": "塔寮坑溪排水右岸7K+550" }, "geometry": { "type": "Point", "coordinates": [ 121.389421565964, 25.011690069066798, 0.0 ] } },
{ "type": "Feature", "properties": { "Display": "7K+560", "River": "塔寮坑溪排水右岸", "Name": "塔寮坑溪排水右岸7K+560" }, "geometry": { "type": "Point", "coordinates": [ 121.389335680987003, 25.011650037707799, 0.0 ] } },
{ "type": "Feature", "properties": { "Display": "7K+570", "River": "塔寮坑溪排水右岸", "Name": "塔寮坑溪排水右岸7K+570" }, "geometry": { "type": "Point", "coordinates": [ 121.389239781827996, 25.011672717260598, 0.0 ] } },
{ "type": "Feature", "properties": { "Display": "7K+580", "River": "塔寮坑溪排水右岸", "Name": "塔寮坑溪排水右岸7K+580" }, "geometry": { "type": "Point", "coordinates": [ 121.389147670037005, 25.0117032031402, 0.0 ] } },
{ "type": "Feature", "properties": { "Display": "7K+590", "River": "塔寮坑溪排水右岸", "Name": "塔寮坑溪排水右岸7K+590" }, "geometry": { "type": "Point", "coordinates": [ 121.389064720841006, 25.011752574525499, 0.0 ] } },
{ "type": "Feature", "properties": { "Display": "7K+600", "River": "塔寮坑溪排水右岸", "Name": "塔寮坑溪排水右岸7K+600" }, "geometry": { "type": "Point", "coordinates": [ 121.388981771578997, 25.011801945865098, 0.0 ] } },
{ "type": "Feature", "properties": { "Display": "7K+610", "River": "塔寮坑溪排水右岸", "Name": "塔寮坑溪排水右岸7K+610" }, "geometry": { "type": "Point", "coordinates": [ 121.388898822249004, 25.011851317158801, 0.0 ] } },
{ "type": "Feature", "properties": { "Display": "7K+620", "River": "塔寮坑溪排水右岸", "Name": "塔寮坑溪排水右岸7K+620" }, "geometry": { "type": "Point", "coordinates": [ 121.388812353587994, 25.011895039559999, 0.0 ] } },
{ "type": "Feature", "properties": { "Display": "7K+630", "River": "塔寮坑溪排水右岸", "Name": "塔寮坑溪排水右岸7K+630" }, "geometry": { "type": "Point", "coordinates": [ 121.388723316373998, 25.0119346391539, 0.0 ] } },
{ "type": "Feature", "properties": { "Display": "7K+640", "River": "塔寮坑溪排水右岸", "Name": "塔寮坑溪排水右岸7K+640" }, "geometry": { "type": "Point", "coordinates": [ 121.388633287369998, 25.0119722984325, 0.0 ] } },
{ "type": "Feature", "properties": { "Display": "7K+650", "River": "塔寮坑溪排水右岸", "Name": "塔寮坑溪排水右岸7K+650" }, "geometry": { "type": "Point", "coordinates": [ 121.388536313583003, 25.011985604002, 0.0 ] } },
{ "type": "Feature", "properties": { "Display": "7K+660", "River": "塔寮坑溪排水右岸", "Name": "塔寮坑溪排水右岸7K+660" }, "geometry": { "type": "Point", "coordinates": [ 121.388437748997006, 25.011979781082999, 0.0 ] } },
{ "type": "Feature", "properties": { "Display": "7K+670", "River": "塔寮坑溪排水右岸", "Name": "塔寮坑溪排水右岸7K+670" }, "geometry": { "type": "Point", "coordinates": [ 121.388341138243007, 25.0119600601078, 0.0 ] } },
{ "type": "Feature", "properties": { "Display": "7K+680", "River": "塔寮坑溪排水右岸", "Name": "塔寮坑溪排水右岸7K+680" }, "geometry": { "type": "Point", "coordinates": [ 121.388244947787996, 25.011938428254599, 0.0 ] } },
{ "type": "Feature", "properties": { "Display": "7K+690", "River": "塔寮坑溪排水右岸", "Name": "塔寮坑溪排水右岸7K+690" }, "geometry": { "type": "Point", "coordinates": [ 121.388151028082007, 25.0119096815421, 0.0 ] } },
{ "type": "Feature", "properties": { "Display": "7K+700", "River": "塔寮坑溪排水右岸", "Name": "塔寮坑溪排水右岸7K+700" }, "geometry": { "type": "Point", "coordinates": [ 121.388057109098995, 25.011880932639698, 0.0 ] } },
{ "type": "Feature", "properties": { "Display": "7K+710", "River": "塔寮坑溪排水右岸", "Name": "塔寮坑溪排水右岸7K+710" }, "geometry": { "type": "Point", "coordinates": [ 121.387963190158004, 25.011852183677501, 0.0 ] } },
{ "type": "Feature", "properties": { "Display": "7K+720", "River": "塔寮坑溪排水右岸", "Name": "塔寮坑溪排水右岸7K+720" }, "geometry": { "type": "Point", "coordinates": [ 121.387885565439007, 25.011797112905299, 0.0 ] } },
{ "type": "Feature", "properties": { "Display": "7K+730", "River": "塔寮坑溪排水右岸", "Name": "塔寮坑溪排水右岸7K+730" }, "geometry": { "type": "Point", "coordinates": [ 121.387819122275005, 25.011730155281299, 0.0 ] } },
{ "type": "Feature", "properties": { "Display": "7K+740", "River": "塔寮坑溪排水右岸", "Name": "塔寮坑溪排水右岸7K+740" }, "geometry": { "type": "Point", "coordinates": [ 121.387752986967996, 25.011662931987502, 0.0 ] } },
{ "type": "Feature", "properties": { "Display": "7K+750", "River": "塔寮坑溪排水右岸", "Name": "塔寮坑溪排水右岸7K+750" }, "geometry": { "type": "Point", "coordinates": [ 121.387686851734003, 25.011595708662899, 0.0 ] } },
{ "type": "Feature", "properties": { "Display": "7K+760", "River": "塔寮坑溪排水右岸", "Name": "塔寮坑溪排水右岸7K+760" }, "geometry": { "type": "Point", "coordinates": [ 121.387622285145994, 25.011527232912101, 0.0 ] } },
{ "type": "Feature", "properties": { "Display": "7K+770", "River": "塔寮坑溪排水右岸", "Name": "塔寮坑溪排水右岸7K+770" }, "geometry": { "type": "Point", "coordinates": [ 121.387557878387994, 25.011458631376399, 0.0 ] } },
{ "type": "Feature", "properties": { "Display": "7K+780", "River": "塔寮坑溪排水右岸", "Name": "塔寮坑溪排水右岸7K+780" }, "geometry": { "type": "Point", "coordinates": [ 121.387496689366003, 25.011387625038399, 0.0 ] } },
{ "type": "Feature", "properties": { "Display": "7K+790", "River": "塔寮坑溪排水右岸", "Name": "塔寮坑溪排水右岸7K+790" }, "geometry": { "type": "Point", "coordinates": [ 121.387436058847996, 25.011316248377401, 0.0 ] } },
{ "type": "Feature", "properties": { "Display": "7K+800", "River": "塔寮坑溪排水右岸", "Name": "塔寮坑溪排水右岸7K+800" }, "geometry": { "type": "Point", "coordinates": [ 121.387381537319001, 25.011240888439101, 0.0 ] } },
{ "type": "Feature", "properties": { "Display": "7K+810", "River": "塔寮坑溪排水右岸", "Name": "塔寮坑溪排水右岸7K+810" }, "geometry": { "type": "Point", "coordinates": [ 121.387331866580993, 25.0111628006097, 0.0 ] } },
{ "type": "Feature", "properties": { "Display": "7K+820", "River": "塔寮坑溪排水右岸", "Name": "塔寮坑溪排水右岸7K+820" }, "geometry": { "type": "Point", "coordinates": [ 121.387287209582993, 25.011082242149001, 0.0 ] } },
{ "type": "Feature", "properties": { "Display": "7K+830", "River": "塔寮坑溪排水右岸", "Name": "塔寮坑溪排水右岸7K+830" }, "geometry": { "type": "Point", "coordinates": [ 121.387243935184998, 25.011001485015399, 0.0 ] } },
{ "type": "Feature", "properties": { "Display": "7K+840", "River": "塔寮坑溪排水右岸", "Name": "塔寮坑溪排水右岸7K+840" }, "geometry": { "type": "Point", "coordinates": [ 121.387188324600999, 25.0109267786004, 0.0 ] } },
{ "type": "Feature", "properties": { "Display": "7K+850", "River": "塔寮坑溪排水右岸", "Name": "塔寮坑溪排水右岸7K+850" }, "geometry": { "type": "Point", "coordinates": [ 121.387129239627996, 25.010854414724701, 0.0 ] } },
{ "type": "Feature", "properties": { "Display": "7K+860", "River": "塔寮坑溪排水右岸", "Name": "塔寮坑溪排水右岸7K+860" }, "geometry": { "type": "Point", "coordinates": [ 121.387066037408005, 25.010784888271999, 0.0 ] } },
{ "type": "Feature", "properties": { "Display": "7K+870", "River": "塔寮坑溪排水右岸", "Name": "塔寮坑溪排水右岸7K+870" }, "geometry": { "type": "Point", "coordinates": [ 121.387001315351995, 25.0107166517077, 0.0 ] } },
{ "type": "Feature", "properties": { "Display": "7K+880", "River": "塔寮坑溪排水右岸", "Name": "塔寮坑溪排水右岸7K+880" }, "geometry": { "type": "Point", "coordinates": [ 121.386931084501001, 25.010652979651798, 0.0 ] } },
{ "type": "Feature", "properties": { "Display": "7K+890", "River": "塔寮坑溪排水右岸", "Name": "塔寮坑溪排水右岸7K+890" }, "geometry": { "type": "Point", "coordinates": [ 121.386860263112993, 25.010589892241299, 0.0 ] } },
{ "type": "Feature", "properties": { "Display": "7K+900", "River": "塔寮坑溪排水右岸", "Name": "塔寮坑溪排水右岸7K+900" }, "geometry": { "type": "Point", "coordinates": [ 121.386779282841005, 25.010538127306301, 0.0 ] } },
{ "type": "Feature", "properties": { "Display": "7K+910", "River": "塔寮坑溪排水右岸", "Name": "塔寮坑溪排水右岸7K+910" }, "geometry": { "type": "Point", "coordinates": [ 121.386688825993005, 25.010501655790701, 0.0 ] } },
{ "type": "Feature", "properties": { "Display": "7K+920", "River": "塔寮坑溪排水右岸", "Name": "塔寮坑溪排水右岸7K+920" }, "geometry": { "type": "Point", "coordinates": [ 121.386593036830007, 25.010478743521201, 0.0 ] } },
{ "type": "Feature", "properties": { "Display": "7K+930", "River": "塔寮坑溪排水右岸", "Name": "塔寮坑溪排水右岸7K+930" }, "geometry": { "type": "Point", "coordinates": [ 121.386495871964001, 25.0104614760731, 0.0 ] } },
{ "type": "Feature", "properties": { "Display": "7K+940", "River": "塔寮坑溪排水右岸", "Name": "塔寮坑溪排水右岸7K+940" }, "geometry": { "type": "Point", "coordinates": [ 121.386397214699002, 25.010464053056701, 0.0 ] } },
{ "type": "Feature", "properties": { "Display": "7K+950", "River": "塔寮坑溪排水右岸", "Name": "塔寮坑溪排水右岸7K+950" }, "geometry": { "type": "Point", "coordinates": [ 121.386300475661002, 25.010482369800201, 0.0 ] } },
{ "type": "Feature", "properties": { "Display": "7K+960", "River": "塔寮坑溪排水右岸", "Name": "塔寮坑溪排水右岸7K+960" }, "geometry": { "type": "Point", "coordinates": [ 121.386209224368997, 25.0105162962539, 0.0 ] } },
{ "type": "Feature", "properties": { "Display": "7K+970", "River": "塔寮坑溪排水右岸", "Name": "塔寮坑溪排水右岸7K+970" }, "geometry": { "type": "Point", "coordinates": [ 121.386124845759994, 25.010563083461999, 0.0 ] } },
{ "type": "Feature", "properties": { "Display": "7K+980", "River": "塔寮坑溪排水右岸", "Name": "塔寮坑溪排水右岸7K+980" }, "geometry": { "type": "Point", "coordinates": [ 121.386054047342, 25.010626116486598, 0.0 ] } },
{ "type": "Feature", "properties": { "Display": "7K+990", "River": "塔寮坑溪排水右岸", "Name": "塔寮坑溪排水右岸7K+990" }, "geometry": { "type": "Point", "coordinates": [ 121.385983933153, 25.010689902916798, 0.0 ] } },
{ "type": "Feature", "properties": { "Display": "8K+000", "River": "塔寮坑溪排水右岸", "Name": "塔寮坑溪排水右岸8K+000" }, "geometry": { "type": "Point", "coordinates": [ 121.385913503333995, 25.010753399187202, 0.0 ] } },
{ "type": "Feature", "properties": { "Display": "8K+010", "River": "塔寮坑溪排水右岸", "Name": "塔寮坑溪排水右岸8K+010" }, "geometry": { "type": "Point", "coordinates": [ 121.385839231838006, 25.010812888921201, 0.0 ] } },
{ "type": "Feature", "properties": { "Display": "8K+020", "River": "塔寮坑溪排水右岸", "Name": "塔寮坑溪排水右岸8K+020" }, "geometry": { "type": "Point", "coordinates": [ 121.385760557873994, 25.010867761030699, 0.0 ] } },
{ "type": "Feature", "properties": { "Display": "8K+030", "River": "塔寮坑溪排水右岸", "Name": "塔寮坑溪排水右岸8K+030" }, "geometry": { "type": "Point", "coordinates": [ 121.385682257601005, 25.0109230776986, 0.0 ] } },
{ "type": "Feature", "properties": { "Display": "8K+040", "River": "塔寮坑溪排水右岸", "Name": "塔寮坑溪排水右岸8K+040" }, "geometry": { "type": "Point", "coordinates": [ 121.385602938565995, 25.010976926022501, 0.0 ] } },
{ "type": "Feature", "properties": { "Display": "8K+050", "River": "塔寮坑溪排水右岸", "Name": "塔寮坑溪排水右岸8K+050" }, "geometry": { "type": "Point", "coordinates": [ 121.385514271654003, 25.011016859364101, 0.0 ] } },
{ "type": "Feature", "properties": { "Display": "8K+060", "River": "塔寮坑溪排水右岸", "Name": "塔寮坑溪排水右岸8K+060" }, "geometry": { "type": "Point", "coordinates": [ 121.385422171261993, 25.011050027788599, 0.0 ] } },
{ "type": "Feature", "properties": { "Display": "8K+070", "River": "塔寮坑溪排水右岸", "Name": "塔寮坑溪排水右岸8K+070" }, "geometry": { "type": "Point", "coordinates": [ 121.385325319507004, 25.0110657453159, 0.0 ] } },
{ "type": "Feature", "properties": { "Display": "8K+080", "River": "塔寮坑溪排水右岸", "Name": "塔寮坑溪排水右岸8K+080" }, "geometry": { "type": "Point", "coordinates": [ 121.385226900161996, 25.011058622142802, 0.0 ] } },
{ "type": "Feature", "properties": { "Display": "8K+090", "River": "塔寮坑溪排水右岸", "Name": "塔寮坑溪排水右岸8K+090" }, "geometry": { "type": "Point", "coordinates": [ 121.385134535888994, 25.0110269574452, 0.0 ] } },
{ "type": "Feature", "properties": { "Display": "8K+100", "River": "塔寮坑溪排水右岸", "Name": "塔寮坑溪排水右岸8K+100" }, "geometry": { "type": "Point", "coordinates": [ 121.385047603424994, 25.010983649473499, 0.0 ] } },
{ "type": "Feature", "properties": { "Display": "8K+110", "River": "塔寮坑溪排水右岸", "Name": "塔寮坑溪排水右岸8K+110" }, "geometry": { "type": "Point", "coordinates": [ 121.384974854052999, 25.010922717467601, 0.0 ] } },
{ "type": "Feature", "properties": { "Display": "8K+120", "River": "塔寮坑溪排水右岸", "Name": "塔寮坑溪排水右岸8K+120" }, "geometry": { "type": "Point", "coordinates": [ 121.384906617531001, 25.010857261522698, 0.0 ] } },
{ "type": "Feature", "properties": { "Display": "8K+130", "River": "塔寮坑溪排水右岸", "Name": "塔寮坑溪排水右岸8K+130" }, "geometry": { "type": "Point", "coordinates": [ 121.384871928436993, 25.0107740330063, 0.0 ] } },
{ "type": "Feature", "properties": { "Display": "8K+140", "River": "塔寮坑溪排水右岸", "Name": "塔寮坑溪排水右岸8K+140" }, "geometry": { "type": "Point", "coordinates": [ 121.384781876749003, 25.010740455835599, 0.0 ] } },
{ "type": "Feature", "properties": { "Display": "8K+150", "River": "塔寮坑溪排水右岸", "Name": "塔寮坑溪排水右岸8K+150" }, "geometry": { "type": "Point", "coordinates": [ 121.384693949725005, 25.010701086638001, 0.0 ] } },
{ "type": "Feature", "properties": { "Display": "8K+160", "River": "塔寮坑溪排水右岸", "Name": "塔寮坑溪排水右岸8K+160" }, "geometry": { "type": "Point", "coordinates": [ 121.384607050409997, 25.010658471373301, 0.0 ] } },
{ "type": "Feature", "properties": { "Display": "8K+170", "River": "塔寮坑溪排水右岸", "Name": "塔寮坑溪排水右岸8K+170" }, "geometry": { "type": "Point", "coordinates": [ 121.384509084718005, 25.010648175804999, 0.0 ] } },
{ "type": "Feature", "properties": { "Display": "8K+180", "River": "塔寮坑溪排水右岸", "Name": "塔寮坑溪排水右岸8K+180" }, "geometry": { "type": "Point", "coordinates": [ 121.384414657207003, 25.010667991089701, 0.0 ] } },
{ "type": "Feature", "properties": { "Display": "8K+190", "River": "塔寮坑溪排水右岸", "Name": "塔寮坑溪排水右岸8K+190" }, "geometry": { "type": "Point", "coordinates": [ 121.384349663682997, 25.010734642488998, 0.0 ] } },
{ "type": "Feature", "properties": { "Display": "8K+200", "River": "塔寮坑溪排水右岸", "Name": "塔寮坑溪排水右岸8K+200" }, "geometry": { "type": "Point", "coordinates": [ 121.384289954566, 25.0108066872004, 0.0 ] } },
{ "type": "Feature", "properties": { "Display": "8K+210", "River": "塔寮坑溪排水右岸", "Name": "塔寮坑溪排水右岸8K+210" }, "geometry": { "type": "Point", "coordinates": [ 121.384230232601993, 25.0108787230917, 0.0 ] } },
{ "type": "Feature", "properties": { "Display": "8K+220", "River": "塔寮坑溪排水右岸", "Name": "塔寮坑溪排水右岸8K+220" }, "geometry": { "type": "Point", "coordinates": [ 121.384170505371003, 25.010950755381401, 0.0 ] } },
{ "type": "Feature", "properties": { "Display": "8K+230", "River": "塔寮坑溪排水右岸", "Name": "塔寮坑溪排水右岸8K+230" }, "geometry": { "type": "Point", "coordinates": [ 121.384110778069996, 25.0110227876472, 0.0 ] } },
{ "type": "Feature", "properties": { "Display": "8K+240", "River": "塔寮坑溪排水右岸", "Name": "塔寮坑溪排水右岸8K+240" }, "geometry": { "type": "Point", "coordinates": [ 121.384054140074994, 25.011096859646301, 0.0 ] } },
{ "type": "Feature", "properties": { "Display": "8K+250", "River": "塔寮坑溪排水右岸", "Name": "塔寮坑溪排水右岸8K+250" }, "geometry": { "type": "Point", "coordinates": [ 121.383997628501007, 25.0111710151381, 0.0 ] } },
{ "type": "Feature", "properties": { "Display": "8K+260", "River": "塔寮坑溪排水右岸", "Name": "塔寮坑溪排水右岸8K+260" }, "geometry": { "type": "Point", "coordinates": [ 121.383938002432004, 25.011241259290699, 0.0 ] } },
{ "type": "Feature", "properties": { "Display": "8K+270", "River": "塔寮坑溪排水右岸", "Name": "塔寮坑溪排水右岸8K+270" }, "geometry": { "type": "Point", "coordinates": [ 121.383842442654, 25.011263827687198, 0.0 ] } },
{ "type": "Feature", "properties": { "Display": "8K+280", "River": "塔寮坑溪排水右岸", "Name": "塔寮坑溪排水右岸8K+280" }, "geometry": { "type": "Point", "coordinates": [ 121.383743893624995, 25.011266065357699, 0.0 ] } },
{ "type": "Feature", "properties": { "Display": "8K+290", "River": "塔寮坑溪排水右岸", "Name": "塔寮坑溪排水右岸8K+290" }, "geometry": { "type": "Point", "coordinates": [ 121.383649768691001, 25.011238584323198, 0.0 ] } },
{ "type": "Feature", "properties": { "Display": "8K+300", "River": "塔寮坑溪排水右岸", "Name": "塔寮坑溪排水右岸8K+300" }, "geometry": { "type": "Point", "coordinates": [ 121.383567000447997, 25.0111901229238, 0.0 ] } },
{ "type": "Feature", "properties": { "Display": "8K+310", "River": "塔寮坑溪排水右岸", "Name": "塔寮坑溪排水右岸8K+310" }, "geometry": { "type": "Point", "coordinates": [ 121.383486482647001, 25.011137533283001, 0.0 ] } },
{ "type": "Feature", "properties": { "Display": "8K+320", "River": "塔寮坑溪排水右岸", "Name": "塔寮坑溪排水右岸8K+320" }, "geometry": { "type": "Point", "coordinates": [ 121.383405336275004, 25.0110857342843, 0.0 ] } },
{ "type": "Feature", "properties": { "Display": "8K+330", "River": "塔寮坑溪排水右岸", "Name": "塔寮坑溪排水右岸8K+330" }, "geometry": { "type": "Point", "coordinates": [ 121.383324567257006, 25.011033456411599, 0.0 ] } },
{ "type": "Feature", "properties": { "Display": "8K+340", "River": "塔寮坑溪排水右岸", "Name": "塔寮坑溪排水右岸8K+340" }, "geometry": { "type": "Point", "coordinates": [ 121.383245719474004, 25.010978829824399, 0.0 ] } },
{ "type": "Feature", "properties": { "Display": "8K+350", "River": "塔寮坑溪排水右岸", "Name": "塔寮坑溪排水右岸8K+350" }, "geometry": { "type": "Point", "coordinates": [ 121.383169987298999, 25.010920667475901, 0.0 ] } },
{ "type": "Feature", "properties": { "Display": "8K+360", "River": "塔寮坑溪排水右岸", "Name": "塔寮坑溪排水右岸8K+360" }, "geometry": { "type": "Point", "coordinates": [ 121.383097087218999, 25.010859528789499, 0.0 ] } },
{ "type": "Feature", "properties": { "Display": "8K+370", "River": "塔寮坑溪排水右岸", "Name": "塔寮坑溪排水右岸8K+370" }, "geometry": { "type": "Point", "coordinates": [ 121.383020506554999, 25.0108025044131, 0.0 ] } },
{ "type": "Feature", "properties": { "Display": "8K+380", "River": "塔寮坑溪排水右岸", "Name": "塔寮坑溪排水右岸8K+380" }, "geometry": { "type": "Point", "coordinates": [ 121.382931306757001, 25.010764867668499, 0.0 ] } },
{ "type": "Feature", "properties": { "Display": "8K+390", "River": "塔寮坑溪排水右岸", "Name": "塔寮坑溪排水右岸8K+390" }, "geometry": { "type": "Point", "coordinates": [ 121.382844812581993, 25.010724156374302, 0.0 ] } },
{ "type": "Feature", "properties": { "Display": "8K+400", "River": "塔寮坑溪排水右岸", "Name": "塔寮坑溪排水右岸8K+400" }, "geometry": { "type": "Point", "coordinates": [ 121.382747715479994, 25.010708780188502, 0.0 ] } },
{ "type": "Feature", "properties": { "Display": "8K+410", "River": "塔寮坑溪排水右岸", "Name": "塔寮坑溪排水右岸8K+410" }, "geometry": { "type": "Point", "coordinates": [ 121.382648685014004, 25.010706090755299, 0.0 ] } },
{ "type": "Feature", "properties": { "Display": "8K+420", "River": "塔寮坑溪排水右岸", "Name": "塔寮坑溪排水右岸8K+420" }, "geometry": { "type": "Point", "coordinates": [ 121.382550327499004, 25.010695709219299, 0.0 ] } },
{ "type": "Feature", "properties": { "Display": "8K+430", "River": "塔寮坑溪排水右岸", "Name": "塔寮坑溪排水右岸8K+430" }, "geometry": { "type": "Point", "coordinates": [ 121.382452273878002, 25.0106828437948, 0.0 ] } },
{ "type": "Feature", "properties": { "Display": "8K+440", "River": "塔寮坑溪排水右岸", "Name": "塔寮坑溪排水右岸8K+440" }, "geometry": { "type": "Point", "coordinates": [ 121.382355778649995, 25.010662962837198, 0.0 ] } },
{ "type": "Feature", "properties": { "Display": "8K+450", "River": "塔寮坑溪排水右岸", "Name": "塔寮坑溪排水右岸8K+450" }, "geometry": { "type": "Point", "coordinates": [ 121.382263807287003, 25.010630407950298, 0.0 ] } },
{ "type": "Feature", "properties": { "Display": "8K+460", "River": "塔寮坑溪排水右岸", "Name": "塔寮坑溪排水右岸8K+460" }, "geometry": { "type": "Point", "coordinates": [ 121.382178436941004, 25.010585098803102, 0.0 ] } },
{ "type": "Feature", "properties": { "Display": "8K+470", "River": "塔寮坑溪排水右岸", "Name": "塔寮坑溪排水右岸8K+470" }, "geometry": { "type": "Point", "coordinates": [ 121.382104322394994, 25.010525242081702, 0.0 ] } },
{ "type": "Feature", "properties": { "Display": "8K+480", "River": "塔寮坑溪排水右岸", "Name": "塔寮坑溪排水右岸8K+480" }, "geometry": { "type": "Point", "coordinates": [ 121.382039264645996, 25.010457448557599, 0.0 ] } },
{ "type": "Feature", "properties": { "Display": "8K+490", "River": "塔寮坑溪排水右岸", "Name": "塔寮坑溪排水右岸8K+490" }, "geometry": { "type": "Point", "coordinates": [ 121.381973913137003, 25.010389833134401, 0.0 ] } },
{ "type": "Feature", "properties": { "Display": "8K+500", "River": "塔寮坑溪排水右岸", "Name": "塔寮坑溪排水右岸8K+500" }, "geometry": { "type": "Point", "coordinates": [ 121.381910898814994, 25.010320345839801, 0.0 ] } },
{ "type": "Feature", "properties": { "Display": "8K+510", "River": "塔寮坑溪排水右岸", "Name": "塔寮坑溪排水右岸8K+510" }, "geometry": { "type": "Point", "coordinates": [ 121.381839430701007, 25.0102581182893, 0.0 ] } },
{ "type": "Feature", "properties": { "Display": "8K+520", "River": "塔寮坑溪排水右岸", "Name": "塔寮坑溪排水右岸8K+520" }, "geometry": { "type": "Point", "coordinates": [ 121.381759207578995, 25.010205269650999, 0.0 ] } },
{ "type": "Feature", "properties": { "Display": "8K+530", "River": "塔寮坑溪排水右岸", "Name": "塔寮坑溪排水右岸8K+530" }, "geometry": { "type": "Point", "coordinates": [ 121.381678363027007, 25.010153390023, 0.0 ] } },
{ "type": "Feature", "properties": { "Display": "8K+540", "River": "塔寮坑溪排水右岸", "Name": "塔寮坑溪排水右岸8K+540" }, "geometry": { "type": "Point", "coordinates": [ 121.381593604692, 25.0101070837257, 0.0 ] } },
{ "type": "Feature", "properties": { "Display": "8K+550", "River": "塔寮坑溪排水右岸", "Name": "塔寮坑溪排水右岸8K+550" }, "geometry": { "type": "Point", "coordinates": [ 121.381504604502993, 25.010067598744801, 0.0 ] } },
{ "type": "Feature", "properties": { "Display": "8K+560", "River": "塔寮坑溪排水右岸", "Name": "塔寮坑溪排水右岸8K+560" }, "geometry": { "type": "Point", "coordinates": [ 121.381408758589004, 25.010044747255499, 0.0 ] } },
{ "type": "Feature", "properties": { "Display": "8K+570", "River": "塔寮坑溪排水右岸", "Name": "塔寮坑溪排水右岸8K+570" }, "geometry": { "type": "Point", "coordinates": [ 121.381310436042995, 25.010036299044302, 0.0 ] } },
{ "type": "Feature", "properties": { "Display": "8K+580", "River": "塔寮坑溪排水右岸", "Name": "塔寮坑溪排水右岸8K+580" }, "geometry": { "type": "Point", "coordinates": [ 121.381213900649996, 25.0100562063047, 0.0 ] } },
{ "type": "Feature", "properties": { "Display": "8K+590", "River": "塔寮坑溪排水右岸", "Name": "塔寮坑溪排水右岸8K+590" }, "geometry": { "type": "Point", "coordinates": [ 121.38111912798, 25.01008248142, 0.0 ] } },
{ "type": "Feature", "properties": { "Display": "8K+600", "River": "塔寮坑溪排水右岸", "Name": "塔寮坑溪排水右岸8K+600" }, "geometry": { "type": "Point", "coordinates": [ 121.381023645165001, 25.010106425706901, 0.0 ] } },
{ "type": "Feature", "properties": { "Display": "8K+610", "River": "塔寮坑溪排水右岸", "Name": "塔寮坑溪排水右岸8K+610" }, "geometry": { "type": "Point", "coordinates": [ 121.380927807275, 25.010127603101299, 0.0 ] } },
{ "type": "Feature", "properties": { "Display": "8K+620", "River": "塔寮坑溪排水右岸", "Name": "塔寮坑溪排水右岸8K+620" }, "geometry": { "type": "Point", "coordinates": [ 121.380829429095002, 25.010128500706301, 0.0 ] } },
{ "type": "Feature", "properties": { "Display": "8K+630", "River": "塔寮坑溪排水右岸", "Name": "塔寮坑溪排水右岸8K+630" }, "geometry": { "type": "Point", "coordinates": [ 121.380730682603001, 25.0101354884684, 0.0 ] } },
{ "type": "Feature", "properties": { "Display": "8K+640", "River": "塔寮坑溪排水右岸", "Name": "塔寮坑溪排水右岸8K+640" }, "geometry": { "type": "Point", "coordinates": [ 121.380632603975997, 25.0101463470703, 0.0 ] } },
{ "type": "Feature", "properties": { "Display": "8K+650", "River": "塔寮坑溪排水右岸", "Name": "塔寮坑溪排水右岸8K+650" }, "geometry": { "type": "Point", "coordinates": [ 121.380534556970005, 25.0101591952976, 0.0 ] } },
{ "type": "Feature", "properties": { "Display": "8K+660", "River": "塔寮坑溪排水右岸", "Name": "塔寮坑溪排水右岸8K+660" }, "geometry": { "type": "Point", "coordinates": [ 121.380435816593007, 25.010166601321998, 0.0 ] } },
{ "type": "Feature", "properties": { "Display": "8K+670", "River": "塔寮坑溪排水右岸", "Name": "塔寮坑溪排水右岸8K+670" }, "geometry": { "type": "Point", "coordinates": [ 121.380342234644999, 25.010188421046401, 0.0 ] } },
{ "type": "Feature", "properties": { "Display": "8K+680", "River": "塔寮坑溪排水右岸", "Name": "塔寮坑溪排水右岸8K+680" }, "geometry": { "type": "Point", "coordinates": [ 121.380271934882003, 25.010251783748998, 0.0 ] } },
{ "type": "Feature", "properties": { "Display": "8K+690", "River": "塔寮坑溪排水右岸", "Name": "塔寮坑溪排水右岸8K+690" }, "geometry": { "type": "Point", "coordinates": [ 121.380198639596998, 25.010312526790099, 0.0 ] } },
{ "type": "Feature", "properties": { "Display": "8K+700", "River": "塔寮坑溪排水右岸", "Name": "塔寮坑溪排水右岸8K+700" }, "geometry": { "type": "Point", "coordinates": [ 121.380125567929994, 25.0103734946522, 0.0 ] } },
{ "type": "Feature", "properties": { "Display": "8K+710", "River": "塔寮坑溪排水右岸", "Name": "塔寮坑溪排水右岸8K+710" }, "geometry": { "type": "Point", "coordinates": [ 121.380046100358001, 25.010427187105599, 0.0 ] } },
{ "type": "Feature", "properties": { "Display": "8K+720", "River": "塔寮坑溪排水右岸", "Name": "塔寮坑溪排水右岸8K+720" }, "geometry": { "type": "Point", "coordinates": [ 121.379965319050996, 25.010479439476299, 0.0 ] } },
{ "type": "Feature", "properties": { "Display": "8K+730", "River": "塔寮坑溪排水右岸", "Name": "塔寮坑溪排水右岸8K+730" }, "geometry": { "type": "Point", "coordinates": [ 121.379884191062999, 25.010531254874099, 0.0 ] } },
{ "type": "Feature", "properties": { "Display": "8K+740", "River": "塔寮坑溪排水右岸", "Name": "塔寮坑溪排水右岸8K+740" }, "geometry": { "type": "Point", "coordinates": [ 121.379797776089006, 25.0105752865881, 0.0 ] } },
{ "type": "Feature", "properties": { "Display": "8K+750", "River": "塔寮坑溪排水右岸", "Name": "塔寮坑溪排水右岸8K+750" }, "geometry": { "type": "Point", "coordinates": [ 121.379703147187996, 25.0105935670252, 0.0 ] } },
{ "type": "Feature", "properties": { "Display": "8K+760", "River": "塔寮坑溪排水右岸", "Name": "塔寮坑溪排水右岸8K+760" }, "geometry": { "type": "Point", "coordinates": [ 121.379604461786997, 25.010601270134099, 0.0 ] } },
{ "type": "Feature", "properties": { "Display": "8K+770", "River": "塔寮坑溪排水右岸", "Name": "塔寮坑溪排水右岸8K+770" }, "geometry": { "type": "Point", "coordinates": [ 121.379506568541998, 25.0106147827786, 0.0 ] } },
{ "type": "Feature", "properties": { "Display": "8K+780", "River": "塔寮坑溪排水右岸", "Name": "塔寮坑溪排水右岸8K+780" }, "geometry": { "type": "Point", "coordinates": [ 121.379410505652004, 25.010636124601699, 0.0 ] } },
{ "type": "Feature", "properties": { "Display": "8K+790", "River": "塔寮坑溪排水右岸", "Name": "塔寮坑溪排水右岸8K+790" }, "geometry": { "type": "Point", "coordinates": [ 121.379315940715003, 25.010663055381201, 0.0 ] } },
{ "type": "Feature", "properties": { "Display": "8K+800", "River": "塔寮坑溪排水右岸", "Name": "塔寮坑溪排水右岸8K+800" }, "geometry": { "type": "Point", "coordinates": [ 121.379221375735995, 25.0106899861009, 0.0 ] } },
{ "type": "Feature", "properties": { "Display": "8K+810", "River": "塔寮坑溪排水右岸", "Name": "塔寮坑溪排水右岸8K+810" }, "geometry": { "type": "Point", "coordinates": [ 121.379129446411, 25.010723044976601, 0.0 ] } },
{ "type": "Feature", "properties": { "Display": "8K+820", "River": "塔寮坑溪排水右岸", "Name": "塔寮坑溪排水右岸8K+820" }, "geometry": { "type": "Point", "coordinates": [ 121.379044853973994, 25.010769751569001, 0.0 ] } },
{ "type": "Feature", "properties": { "Display": "8K+830", "River": "塔寮坑溪排水右岸", "Name": "塔寮坑溪排水右岸8K+830" }, "geometry": { "type": "Point", "coordinates": [ 121.378964487139996, 25.010822337480199, 0.0 ] } },
{ "type": "Feature", "properties": { "Display": "8K+840", "River": "塔寮坑溪排水右岸", "Name": "塔寮坑溪排水右岸8K+840" }, "geometry": { "type": "Point", "coordinates": [ 121.378886811944994, 25.010878305617201, 0.0 ] } },
{ "type": "Feature", "properties": { "Display": "8K+850", "River": "塔寮坑溪排水右岸", "Name": "塔寮坑溪排水右岸8K+850" }, "geometry": { "type": "Point", "coordinates": [ 121.378805103470995, 25.0109293655117, 0.0 ] } },
{ "type": "Feature", "properties": { "Display": "8K+860", "River": "塔寮坑溪排水右岸", "Name": "塔寮坑溪排水右岸8K+860" }, "geometry": { "type": "Point", "coordinates": [ 121.378722162876002, 25.0109784693982, 0.0 ] } },
{ "type": "Feature", "properties": { "Display": "8K+870", "River": "塔寮坑溪排水右岸", "Name": "塔寮坑溪排水右岸8K+870" }, "geometry": { "type": "Point", "coordinates": [ 121.378632567631996, 25.0110170086495, 0.0 ] } },
{ "type": "Feature", "properties": { "Display": "8K+880", "River": "塔寮坑溪排水右岸", "Name": "塔寮坑溪排水右岸8K+880" }, "geometry": { "type": "Point", "coordinates": [ 121.378541671125006, 25.011052755185101, 0.0 ] } },
{ "type": "Feature", "properties": { "Display": "8K+890", "River": "塔寮坑溪排水右岸", "Name": "塔寮坑溪排水右岸8K+890" }, "geometry": { "type": "Point", "coordinates": [ 121.378446021778998, 25.011075042317199, 0.0 ] } },
{ "type": "Feature", "properties": { "Display": "8K+900", "River": "塔寮坑溪排水右岸", "Name": "塔寮坑溪排水右岸8K+900" }, "geometry": { "type": "Point", "coordinates": [ 121.378349528746, 25.011064266722599, 0.0 ] } },
{ "type": "Feature", "properties": { "Display": "8K+910", "River": "塔寮坑溪排水右岸", "Name": "塔寮坑溪排水右岸8K+910" }, "geometry": { "type": "Point", "coordinates": [ 121.378278538264993, 25.011002978554298, 0.0 ] } },
{ "type": "Feature", "properties": { "Display": "8K+920", "River": "塔寮坑溪排水右岸", "Name": "塔寮坑溪排水右岸8K+920" }, "geometry": { "type": "Point", "coordinates": [ 121.378228539324994, 25.010925232838499, 0.0 ] } },
{ "type": "Feature", "properties": { "Display": "8K+930", "River": "塔寮坑溪排水右岸", "Name": "塔寮坑溪排水右岸8K+930" }, "geometry": { "type": "Point", "coordinates": [ 121.378182515389, 25.010845283026601, 0.0 ] } },
{ "type": "Feature", "properties": { "Display": "8K+940", "River": "塔寮坑溪排水右岸", "Name": "塔寮坑溪排水右岸8K+940" }, "geometry": { "type": "Point", "coordinates": [ 121.378136491513004, 25.010765333199, 0.0 ] } },
{ "type": "Feature", "properties": { "Display": "8K+950", "River": "塔寮坑溪排水右岸", "Name": "塔寮坑溪排水右岸8K+950" }, "geometry": { "type": "Point", "coordinates": [ 121.378106356401005, 25.0106794849092, 0.0 ] } },
{ "type": "Feature", "properties": { "Display": "8K+960", "River": "塔寮坑溪排水右岸", "Name": "塔寮坑溪排水右岸8K+960" }, "geometry": { "type": "Point", "coordinates": [ 121.378077966570999, 25.0105929887172, 0.0 ] } },
{ "type": "Feature", "properties": { "Display": "8K+970", "River": "塔寮坑溪排水右岸", "Name": "塔寮坑溪排水右岸8K+970" }, "geometry": { "type": "Point", "coordinates": [ 121.378046153428002, 25.010507489410301, 0.0 ] } },
{ "type": "Feature", "properties": { "Display": "8K+980", "River": "塔寮坑溪排水右岸", "Name": "塔寮坑溪排水右岸8K+980" }, "geometry": { "type": "Point", "coordinates": [ 121.377993295983003, 25.010432037693199, 0.0 ] } },
{ "type": "Feature", "properties": { "Display": "8K+990", "River": "塔寮坑溪排水右岸", "Name": "塔寮坑溪排水右岸8K+990" }, "geometry": { "type": "Point", "coordinates": [ 121.377914182161007, 25.0103786814785, 0.0 ] } },
{ "type": "Feature", "properties": { "Display": "9K+000", "River": "塔寮坑溪排水右岸", "Name": "塔寮坑溪排水右岸9K+000" }, "geometry": { "type": "Point", "coordinates": [ 121.377823909105999, 25.0103419434198, 0.0 ] } },
{ "type": "Feature", "properties": { "Display": "9K+010", "River": "塔寮坑溪排水右岸", "Name": "塔寮坑溪排水右岸9K+010" }, "geometry": { "type": "Point", "coordinates": [ 121.377731827774994, 25.0103086244462, 0.0 ] } },
{ "type": "Feature", "properties": { "Display": "9K+020", "River": "塔寮坑溪排水右岸", "Name": "塔寮坑溪排水右岸9K+020" }, "geometry": { "type": "Point", "coordinates": [ 121.377639746491994, 25.010275305414901, 0.0 ] } },
{ "type": "Feature", "properties": { "Display": "9K+030", "River": "塔寮坑溪排水右岸", "Name": "塔寮坑溪排水右岸9K+030" }, "geometry": { "type": "Point", "coordinates": [ 121.377547781898002, 25.010241721179501, 0.0 ] } },
{ "type": "Feature", "properties": { "Display": "9K+040", "River": "塔寮坑溪排水右岸", "Name": "塔寮坑溪排水右岸9K+040" }, "geometry": { "type": "Point", "coordinates": [ 121.377455940849998, 25.010207856152299, 0.0 ] } },
{ "type": "Feature", "properties": { "Display": "9K+050", "River": "塔寮坑溪排水右岸", "Name": "塔寮坑溪排水右岸9K+050" }, "geometry": { "type": "Point", "coordinates": [ 121.377364099850993, 25.0101739910676, 0.0 ] } },
{ "type": "Feature", "properties": { "Display": "9K+060", "River": "塔寮坑溪排水右岸", "Name": "塔寮坑溪排水右岸9K+060" }, "geometry": { "type": "Point", "coordinates": [ 121.377271773727998, 25.0101412617135, 0.0 ] } },
{ "type": "Feature", "properties": { "Display": "9K+070", "River": "塔寮坑溪排水右岸", "Name": "塔寮坑溪排水右岸9K+070" }, "geometry": { "type": "Point", "coordinates": [ 121.377180570166999, 25.010106431629598, 0.0 ] } },
{ "type": "Feature", "properties": { "Display": "9K+080", "River": "塔寮坑溪排水右岸", "Name": "塔寮坑溪排水右岸9K+080" }, "geometry": { "type": "Point", "coordinates": [ 121.377096235316003, 25.010059246384898, 0.0 ] } },
{ "type": "Feature", "properties": { "Display": "9K+090", "River": "塔寮坑溪排水右岸", "Name": "塔寮坑溪排水右岸9K+090" }, "geometry": { "type": "Point", "coordinates": [ 121.377011219718995, 25.0100129432358, 0.0 ] } },
{ "type": "Feature", "properties": { "Display": "9K+100", "River": "塔寮坑溪排水右岸", "Name": "塔寮坑溪排水右岸9K+100" }, "geometry": { "type": "Point", "coordinates": [ 121.376927297066999, 25.0099650947211, 0.0 ] } },
{ "type": "Feature", "properties": { "Display": "9K+110", "River": "塔寮坑溪排水右岸", "Name": "塔寮坑溪排水右岸9K+110" }, "geometry": { "type": "Point", "coordinates": [ 121.376840758982993, 25.009923387678601, 0.0 ] } },
{ "type": "Feature", "properties": { "Display": "9K+120", "River": "塔寮坑溪排水右岸", "Name": "塔寮坑溪排水右岸9K+120" }, "geometry": { "type": "Point", "coordinates": [ 121.376742983612004, 25.009910655998802, 0.0 ] } },
{ "type": "Feature", "properties": { "Display": "9K+130", "River": "塔寮坑溪排水右岸", "Name": "塔寮坑溪排水右岸9K+130" }, "geometry": { "type": "Point", "coordinates": [ 121.376644328240999, 25.009915033209801, 0.0 ] } },
{ "type": "Feature", "properties": { "Display": "9K+140", "River": "塔寮坑溪排水右岸", "Name": "塔寮坑溪排水右岸9K+140" }, "geometry": { "type": "Point", "coordinates": [ 121.376551885035994, 25.009946046466101, 0.0 ] } },
{ "type": "Feature", "properties": { "Display": "9K+150", "River": "塔寮坑溪排水右岸", "Name": "塔寮坑溪排水右岸9K+150" }, "geometry": { "type": "Point", "coordinates": [ 121.376470101474993, 25.009996765511801, 0.0 ] } },
{ "type": "Feature", "properties": { "Display": "9K+160", "River": "塔寮坑溪排水右岸", "Name": "塔寮坑溪排水右岸9K+160" }, "geometry": { "type": "Point", "coordinates": [ 121.376399303013997, 25.010059782325399, 0.0 ] } },
{ "type": "Feature", "properties": { "Display": "9K+170", "River": "塔寮坑溪排水右岸", "Name": "塔寮坑溪排水右岸9K+170" }, "geometry": { "type": "Point", "coordinates": [ 121.376312591146004, 25.010101368151901, 0.0 ] } },
{ "type": "Feature", "properties": { "Display": "9K+180", "River": "塔寮坑溪排水右岸", "Name": "塔寮坑溪排水右岸9K+180" }, "geometry": { "type": "Point", "coordinates": [ 121.376215224085001, 25.0100950851593, 0.0 ] } },
{ "type": "Feature", "properties": { "Display": "9K+190", "River": "塔寮坑溪排水右岸", "Name": "塔寮坑溪排水右岸9K+190" }, "geometry": { "type": "Point", "coordinates": [ 121.376116282726997, 25.0100949868757, 0.0 ] } },
{ "type": "Feature", "properties": { "Display": "9K+200", "River": "塔寮坑溪排水右岸", "Name": "塔寮坑溪排水右岸9K+200" }, "geometry": { "type": "Point", "coordinates": [ 121.376017672014001, 25.010101930805799, 0.0 ] } },
{ "type": "Feature", "properties": { "Display": "9K+210", "River": "塔寮坑溪排水右岸", "Name": "塔寮坑溪排水右岸9K+210" }, "geometry": { "type": "Point", "coordinates": [ 121.375921757284999, 25.010081260292601, 0.0 ] } },
{ "type": "Feature", "properties": { "Display": "9K+220", "River": "塔寮坑溪排水右岸", "Name": "塔寮坑溪排水右岸9K+220" }, "geometry": { "type": "Point", "coordinates": [ 121.375831591668998, 25.0100440626872, 0.0 ] } },
{ "type": "Feature", "properties": { "Display": "9K+230", "River": "塔寮坑溪排水右岸", "Name": "塔寮坑溪排水右岸9K+230" }, "geometry": { "type": "Point", "coordinates": [ 121.375739576770002, 25.010011431072702, 0.0 ] } },
{ "type": "Feature", "properties": { "Display": "9K+240", "River": "塔寮坑溪排水右岸", "Name": "塔寮坑溪排水右岸9K+240" }, "geometry": { "type": "Point", "coordinates": [ 121.375641518826995, 25.010002172522, 0.0 ] } },
{ "type": "Feature", "properties": { "Display": "9K+250", "River": "塔寮坑溪排水右岸", "Name": "塔寮坑溪排水右岸9K+250" }, "geometry": { "type": "Point", "coordinates": [ 121.375542461056995, 25.010002502231099, 0.0 ] } },
{ "type": "Feature", "properties": { "Display": "9K+260", "River": "塔寮坑溪排水右岸", "Name": "塔寮坑溪排水右岸9K+260" }, "geometry": { "type": "Point", "coordinates": [ 121.375446129425001, 25.009983902836598, 0.0 ] } },
{ "type": "Feature", "properties": { "Display": "9K+270", "River": "塔寮坑溪排水右岸", "Name": "塔寮坑溪排水右岸9K+270" }, "geometry": { "type": "Point", "coordinates": [ 121.375384286518994, 25.0099158740361, 0.0 ] } },
{ "type": "Feature", "properties": { "Display": "9K+280", "River": "塔寮坑溪排水右岸", "Name": "塔寮坑溪排水右岸9K+280" }, "geometry": { "type": "Point", "coordinates": [ 121.375338118974, 25.009836058687, 0.0 ] } },
{ "type": "Feature", "properties": { "Display": "9K+290", "River": "塔寮坑溪排水右岸", "Name": "塔寮坑溪排水右岸9K+290" }, "geometry": { "type": "Point", "coordinates": [ 121.375288056680006, 25.009758170125501, 0.0 ] } },
{ "type": "Feature", "properties": { "Display": "9K+300", "River": "塔寮坑溪排水右岸", "Name": "塔寮坑溪排水右岸9K+300" }, "geometry": { "type": "Point", "coordinates": [ 121.375237124882005, 25.009680740391499, 0.0 ] } },
{ "type": "Feature", "properties": { "Display": "9K+310", "River": "塔寮坑溪排水右岸", "Name": "塔寮坑溪排水右岸9K+310" }, "geometry": { "type": "Point", "coordinates": [ 121.375183888833007, 25.009604599107, 0.0 ] } },
{ "type": "Feature", "properties": { "Display": "9K+320", "River": "塔寮坑溪排水右岸", "Name": "塔寮坑溪排水右岸9K+320" }, "geometry": { "type": "Point", "coordinates": [ 121.375127878019995, 25.009530170303101, 0.0 ] } },
{ "type": "Feature", "properties": { "Display": "9K+330", "River": "塔寮坑溪排水右岸", "Name": "塔寮坑溪排水右岸9K+330" }, "geometry": { "type": "Point", "coordinates": [ 121.375046512892993, 25.0094804743899, 0.0 ] } },
{ "type": "Feature", "properties": { "Display": "9K+340", "River": "塔寮坑溪排水右岸", "Name": "塔寮坑溪排水右岸9K+340" }, "geometry": { "type": "Point", "coordinates": [ 121.374950198990007, 25.009461454903299, 0.0 ] } },
{ "type": "Feature", "properties": { "Display": "9K+350", "River": "塔寮坑溪排水右岸", "Name": "塔寮坑溪排水右岸9K+350" }, "geometry": { "type": "Point", "coordinates": [ 121.374852272205004, 25.009449215146901, 0.0 ] } },
{ "type": "Feature", "properties": { "Display": "9K+360", "River": "塔寮坑溪排水右岸", "Name": "塔寮坑溪排水右岸9K+360" }, "geometry": { "type": "Point", "coordinates": [ 121.374757993681001, 25.0094216553316, 0.0 ] } },
{ "type": "Feature", "properties": { "Display": "9K+370", "River": "塔寮坑溪排水右岸", "Name": "塔寮坑溪排水右岸9K+370" }, "geometry": { "type": "Point", "coordinates": [ 121.374669252491003, 25.009381628713101, 0.0 ] } },
{ "type": "Feature", "properties": { "Display": "9K+380", "River": "塔寮坑溪排水右岸", "Name": "塔寮坑溪排水右岸9K+380" }, "geometry": { "type": "Point", "coordinates": [ 121.374580844560995, 25.009340878223401, 0.0 ] } },
{ "type": "Feature", "properties": { "Display": "9K+390", "River": "塔寮坑溪排水右岸", "Name": "塔寮坑溪排水右岸9K+390" }, "geometry": { "type": "Point", "coordinates": [ 121.374492436688001, 25.009300127680199, 0.0 ] } },
{ "type": "Feature", "properties": { "Display": "9K+400", "River": "塔寮坑溪排水右岸", "Name": "塔寮坑溪排水右岸9K+400" }, "geometry": { "type": "Point", "coordinates": [ 121.374404028873002, 25.009259377083598, 0.0 ] } },
{ "type": "Feature", "properties": { "Display": "9K+410", "River": "塔寮坑溪排水右岸", "Name": "塔寮坑溪排水右岸9K+410" }, "geometry": { "type": "Point", "coordinates": [ 121.374308555072005, 25.009235420778801, 0.0 ] } },
{ "type": "Feature", "properties": { "Display": "9K+420", "River": "塔寮坑溪排水右岸", "Name": "塔寮坑溪排水右岸9K+420" }, "geometry": { "type": "Point", "coordinates": [ 121.374212323475007, 25.0092143817389, 0.0 ] } },
{ "type": "Feature", "properties": { "Display": "9K+430", "River": "塔寮坑溪排水右岸", "Name": "塔寮坑溪排水右岸9K+430" }, "geometry": { "type": "Point", "coordinates": [ 121.374114453556004, 25.009200346760299, 0.0 ] } },
{ "type": "Feature", "properties": { "Display": "9K+440", "River": "塔寮坑溪排水右岸", "Name": "塔寮坑溪排水右岸9K+440" }, "geometry": { "type": "Point", "coordinates": [ 121.374019326446003, 25.009175754642499, 0.0 ] } },
{ "type": "Feature", "properties": { "Display": "9K+450", "River": "塔寮坑溪排水右岸", "Name": "塔寮坑溪排水右岸9K+450" }, "geometry": { "type": "Point", "coordinates": [ 121.373926972527997, 25.0091435710025, 0.0 ] } },
{ "type": "Feature", "properties": { "Display": "9K+460", "River": "塔寮坑溪排水右岸", "Name": "塔寮坑溪排水右岸9K+460" }, "geometry": { "type": "Point", "coordinates": [ 121.373842571210005, 25.0090970346772, 0.0 ] } },
{ "type": "Feature", "properties": { "Display": "9K+470", "River": "塔寮坑溪排水右岸", "Name": "塔寮坑溪排水右岸9K+470" }, "geometry": { "type": "Point", "coordinates": [ 121.373762148661001, 25.009044308176801, 0.0 ] } },
{ "type": "Feature", "properties": { "Display": "9K+480", "River": "塔寮坑溪排水右岸", "Name": "塔寮坑溪排水右岸9K+480" }, "geometry": { "type": "Point", "coordinates": [ 121.373678029784998, 25.008996905427001, 0.0 ] } },
{ "type": "Feature", "properties": { "Display": "9K+490", "River": "塔寮坑溪排水右岸", "Name": "塔寮坑溪排水右岸9K+490" }, "geometry": { "type": "Point", "coordinates": [ 121.373591301646996, 25.0089532607495, 0.0 ] } },
{ "type": "Feature", "properties": { "Display": "9K+500", "River": "塔寮坑溪排水右岸", "Name": "塔寮坑溪排水右岸9K+500" }, "geometry": { "type": "Point", "coordinates": [ 121.373506244850006, 25.008907103687001, 0.0 ] } },
{ "type": "Feature", "properties": { "Display": "9K+510", "River": "塔寮坑溪排水右岸", "Name": "塔寮坑溪排水右岸9K+510" }, "geometry": { "type": "Point", "coordinates": [ 121.373423665374006, 25.0088572226678, 0.0 ] } },
{ "type": "Feature", "properties": { "Display": "9K+520", "River": "塔寮坑溪排水右岸", "Name": "塔寮坑溪排水右岸9K+520" }, "geometry": { "type": "Point", "coordinates": [ 121.373341085964995, 25.008807341601599, 0.0 ] } },
{ "type": "Feature", "properties": { "Display": "9K+530", "River": "塔寮坑溪排水右岸", "Name": "塔寮坑溪排水右岸9K+530" }, "geometry": { "type": "Point", "coordinates": [ 121.373256104302001, 25.0087609636272, 0.0 ] } },
{ "type": "Feature", "properties": { "Display": "9K+540", "River": "塔寮坑溪排水右岸", "Name": "塔寮坑溪排水右岸9K+540" }, "geometry": { "type": "Point", "coordinates": [ 121.373171734897994, 25.008713780784301, 0.0 ] } },
{ "type": "Feature", "properties": { "Display": "9K+550", "River": "塔寮坑溪排水右岸", "Name": "塔寮坑溪排水右岸9K+550" }, "geometry": { "type": "Point", "coordinates": [ 121.373096218271996, 25.008655887117101, 0.0 ] } },
{ "type": "Feature", "properties": { "Display": "9K+560", "River": "塔寮坑溪排水右岸", "Name": "塔寮坑溪排水右岸9K+560" }, "geometry": { "type": "Point", "coordinates": [ 121.373029508651001, 25.008589137867801, 0.0 ] } },
{ "type": "Feature", "properties": { "Display": "9K+570", "River": "塔寮坑溪排水右岸", "Name": "塔寮坑溪排水右岸9K+570" }, "geometry": { "type": "Point", "coordinates": [ 121.372962664381006, 25.008522502302199, 0.0 ] } },
{ "type": "Feature", "properties": { "Display": "9K+580", "River": "塔寮坑溪排水右岸", "Name": "塔寮坑溪排水右岸9K+580" }, "geometry": { "type": "Point", "coordinates": [ 121.372894728419993, 25.0084567882353, 0.0 ] } },
{ "type": "Feature", "properties": { "Display": "9K+590", "River": "塔寮坑溪排水右岸", "Name": "塔寮坑溪排水右岸9K+590" }, "geometry": { "type": "Point", "coordinates": [ 121.372826792533004, 25.008391074135901, 0.0 ] } },
{ "type": "Feature", "properties": { "Display": "9K+600", "River": "塔寮坑溪排水右岸", "Name": "塔寮坑溪排水右岸9K+600" }, "geometry": { "type": "Point", "coordinates": [ 121.372758856722001, 25.0083253599994, 0.0 ] } },
{ "type": "Feature", "properties": { "Display": "9K+610", "River": "塔寮坑溪排水右岸", "Name": "塔寮坑溪排水右岸9K+610" }, "geometry": { "type": "Point", "coordinates": [ 121.372690206287999, 25.008260265760502, 0.0 ] } },
{ "type": "Feature", "properties": { "Display": "9K+620", "River": "塔寮坑溪排水右岸", "Name": "塔寮坑溪排水右岸9K+620" }, "geometry": { "type": "Point", "coordinates": [ 121.372621479592993, 25.008195238428499, 0.0 ] } },
{ "type": "Feature", "properties": { "Display": "9K+630", "River": "塔寮坑溪排水右岸", "Name": "塔寮坑溪排水右岸9K+630" }, "geometry": { "type": "Point", "coordinates": [ 121.372551500585004, 25.008131339058998, 0.0 ] } },
{ "type": "Feature", "properties": { "Display": "9K+640", "River": "塔寮坑溪排水右岸", "Name": "塔寮坑溪排水右岸9K+640" }, "geometry": { "type": "Point", "coordinates": [ 121.372478985129007, 25.008069830862599, 0.0 ] } },
{ "type": "Feature", "properties": { "Display": "9K+650", "River": "塔寮坑溪排水右岸", "Name": "塔寮坑溪排水右岸9K+650" }, "geometry": { "type": "Point", "coordinates": [ 121.372403949412998, 25.008010886755802, 0.0 ] } },
{ "type": "Feature", "properties": { "Display": "9K+660", "River": "塔寮坑溪排水右岸", "Name": "塔寮坑溪排水右岸9K+660" }, "geometry": { "type": "Point", "coordinates": [ 121.372313277055994, 25.007983252173499, 0.0 ] } },
{ "type": "Feature", "properties": { "Display": "9K+670", "River": "塔寮坑溪排水右岸", "Name": "塔寮坑溪排水右岸9K+670" }, "geometry": { "type": "Point", "coordinates": [ 121.372242050658997, 25.008042464924198, 0.0 ] } },
{ "type": "Feature", "properties": { "Display": "9K+680", "River": "塔寮坑溪排水右岸", "Name": "塔寮坑溪排水右岸9K+680" }, "geometry": { "type": "Point", "coordinates": [ 121.372194919383006, 25.008121794776201, 0.0 ] } },
{ "type": "Feature", "properties": { "Display": "9K+690", "River": "塔寮坑溪排水右岸", "Name": "塔寮坑溪排水右岸9K+690" }, "geometry": { "type": "Point", "coordinates": [ 121.372160119368999, 25.008206239863998, 0.0 ] } },
{ "type": "Feature", "properties": { "Display": "9K+700", "River": "塔寮坑溪排水右岸", "Name": "塔寮坑溪排水右岸9K+700" }, "geometry": { "type": "Point", "coordinates": [ 121.372130680859001, 25.008292442716801, 0.0 ] } },
{ "type": "Feature", "properties": { "Display": "9K+710", "River": "塔寮坑溪排水右岸", "Name": "塔寮坑溪排水右岸9K+710" }, "geometry": { "type": "Point", "coordinates": [ 121.372109516742995, 25.008380346540999, 0.0 ] } },
{ "type": "Feature", "properties": { "Display": "9K+720", "River": "塔寮坑溪排水右岸", "Name": "塔寮坑溪排水右岸9K+720" }, "geometry": { "type": "Point", "coordinates": [ 121.372087025276997, 25.008467438633101, 0.0 ] } },
{ "type": "Feature", "properties": { "Display": "9K+730", "River": "塔寮坑溪排水右岸", "Name": "塔寮坑溪排水右岸9K+730" }, "geometry": { "type": "Point", "coordinates": [ 121.372009213748001, 25.008515560117999, 0.0 ] } },
{ "type": "Feature", "properties": { "Display": "9K+740", "River": "塔寮坑溪排水右岸", "Name": "塔寮坑溪排水右岸9K+740" }, "geometry": { "type": "Point", "coordinates": [ 121.371916652894996, 25.0084926211515, 0.0 ] } },
{ "type": "Feature", "properties": { "Display": "9K+750", "River": "塔寮坑溪排水右岸", "Name": "塔寮坑溪排水右岸9K+750" }, "geometry": { "type": "Point", "coordinates": [ 121.371867965603997, 25.008415890498899, 0.0 ] } },
{ "type": "Feature", "properties": { "Display": "9K+760", "River": "塔寮坑溪排水右岸", "Name": "塔寮坑溪排水右岸9K+760" }, "geometry": { "type": "Point", "coordinates": [ 121.371844332546004, 25.008328706920999, 0.0 ] } },
{ "type": "Feature", "properties": { "Display": "9K+770", "River": "塔寮坑溪排水右岸", "Name": "塔寮坑溪排水右岸9K+770" }, "geometry": { "type": "Point", "coordinates": [ 121.371801794266005, 25.0082472271075, 0.0 ] } },
{ "type": "Feature", "properties": { "Display": "9K+780", "River": "塔寮坑溪排水右岸", "Name": "塔寮坑溪排水右岸9K+780" }, "geometry": { "type": "Point", "coordinates": [ 121.371752338470998, 25.0081690054067, 0.0 ] } },
{ "type": "Feature", "properties": { "Display": "9K+790", "River": "塔寮坑溪排水右岸", "Name": "塔寮坑溪排水右岸9K+790" }, "geometry": { "type": "Point", "coordinates": [ 121.371691297149994, 25.008098145391301, 0.0 ] } },
{ "type": "Feature", "properties": { "Display": "9K+800", "River": "塔寮坑溪排水右岸", "Name": "塔寮坑溪排水右岸9K+800" }, "geometry": { "type": "Point", "coordinates": [ 121.371607709258001, 25.008052267851902, 0.0 ] } },
{ "type": "Feature", "properties": { "Display": "9K+810", "River": "塔寮坑溪排水右岸", "Name": "塔寮坑溪排水右岸9K+810" }, "geometry": { "type": "Point", "coordinates": [ 121.371515303346996, 25.008074012371399, 0.0 ] } },
{ "type": "Feature", "properties": { "Display": "9K+820", "River": "塔寮坑溪排水右岸", "Name": "塔寮坑溪排水右岸9K+820" }, "geometry": { "type": "Point", "coordinates": [ 121.371429198239994, 25.008049747083099, 0.0 ] } },
{ "type": "Feature", "properties": { "Display": "9K+830", "River": "塔寮坑溪排水右岸", "Name": "塔寮坑溪排水右岸9K+830" }, "geometry": { "type": "Point", "coordinates": [ 121.371417386044996, 25.007961394578, 0.0 ] } },
{ "type": "Feature", "properties": { "Display": "9K+840", "River": "塔寮坑溪排水右岸", "Name": "塔寮坑溪排水右岸9K+840" }, "geometry": { "type": "Point", "coordinates": [ 121.371413161666993, 25.007871209530801, 0.0 ] } },
{ "type": "Feature", "properties": { "Display": "9K+850", "River": "塔寮坑溪排水右岸", "Name": "塔寮坑溪排水右岸9K+850" }, "geometry": { "type": "Point", "coordinates": [ 121.371410712777006, 25.007780972274499, 0.0 ] } },
{ "type": "Feature", "properties": { "Display": "9K+860", "River": "塔寮坑溪排水右岸", "Name": "塔寮坑溪排水右岸9K+860" }, "geometry": { "type": "Point", "coordinates": [ 121.371410441278996, 25.0076906904468, 0.0 ] } },
{ "type": "Feature", "properties": { "Display": "9K+870", "River": "塔寮坑溪排水右岸", "Name": "塔寮坑溪排水右岸9K+870" }, "geometry": { "type": "Point", "coordinates": [ 121.371405784950994, 25.0076005977444, 0.0 ] } },
{ "type": "Feature", "properties": { "Display": "9K+880", "River": "塔寮坑溪排水右岸", "Name": "塔寮坑溪排水右岸9K+880" }, "geometry": { "type": "Point", "coordinates": [ 121.371391727412004, 25.007511254417, 0.0 ] } },
{ "type": "Feature", "properties": { "Display": "9K+890", "River": "塔寮坑溪排水右岸", "Name": "塔寮坑溪排水右岸9K+890" }, "geometry": { "type": "Point", "coordinates": [ 121.371369176583997, 25.007423454729199, 0.0 ] } },
{ "type": "Feature", "properties": { "Display": "9K+900", "River": "塔寮坑溪排水右岸", "Name": "塔寮坑溪排水右岸9K+900" }, "geometry": { "type": "Point", "coordinates": [ 121.371339527771994, 25.007337410051399, 0.0 ] } },
{ "type": "Feature", "properties": { "Display": "9K+910", "River": "塔寮坑溪排水右岸", "Name": "塔寮坑溪排水右岸9K+910" }, "geometry": { "type": "Point", "coordinates": [ 121.371304959499994, 25.007252805134399, 0.0 ] } },
{ "type": "Feature", "properties": { "Display": "9K+920", "River": "塔寮坑溪排水右岸", "Name": "塔寮坑溪排水右岸9K+920" }, "geometry": { "type": "Point", "coordinates": [ 121.371267892088994, 25.007169080065001, 0.0 ] } },
{ "type": "Feature", "properties": { "Display": "9K+930", "River": "塔寮坑溪排水右岸", "Name": "塔寮坑溪排水右岸9K+930" }, "geometry": { "type": "Point", "coordinates": [ 121.371240557633001, 25.007082356462298, 0.0 ] } },
{ "type": "Feature", "properties": { "Display": "9K+940", "River": "塔寮坑溪排水右岸", "Name": "塔寮坑溪排水右岸9K+940" }, "geometry": { "type": "Point", "coordinates": [ 121.371217957319004, 25.006994472290302, 0.0 ] } },
{ "type": "Feature", "properties": { "Display": "9K+950", "River": "塔寮坑溪排水右岸", "Name": "塔寮坑溪排水右岸9K+950" }, "geometry": { "type": "Point", "coordinates": [ 121.371211009381, 25.0069048169265, 0.0 ] } },
{ "type": "Feature", "properties": { "Display": "9K+960", "River": "塔寮坑溪排水右岸", "Name": "塔寮坑溪排水右岸9K+960" }, "geometry": { "type": "Point", "coordinates": [ 121.371208198139996, 25.0068149244978, 0.0 ] } },
{ "type": "Feature", "properties": { "Display": "9K+970", "River": "塔寮坑溪排水右岸", "Name": "塔寮坑溪排水右岸9K+970" }, "geometry": { "type": "Point", "coordinates": [ 121.371152351169002, 25.006742439457199, 0.0 ] } },
{ "type": "Feature", "properties": { "Display": "9K+980", "River": "塔寮坑溪排水右岸", "Name": "塔寮坑溪排水右岸9K+980" }, "geometry": { "type": "Point", "coordinates": [ 121.371098914293, 25.006668115451401, 0.0 ] } },
{ "type": "Feature", "properties": { "Display": "9K+990", "River": "塔寮坑溪排水右岸", "Name": "塔寮坑溪排水右岸9K+990" }, "geometry": { "type": "Point", "coordinates": [ 121.371098733753001, 25.006578034788699, 0.0 ] } },
{ "type": "Feature", "properties": { "Display": "10K+000", "River": "塔寮坑溪排水右岸", "Name": "塔寮坑溪排水右岸10K+000" }, "geometry": { "type": "Point", "coordinates": [ 121.371101955140006, 25.006487800343301, 0.0 ] } },
{ "type": "Feature", "properties": { "Display": "10K+010", "River": "塔寮坑溪排水右岸", "Name": "塔寮坑溪排水右岸10K+010" }, "geometry": { "type": "Point", "coordinates": [ 121.371104579633993, 25.0063975513911, 0.0 ] } },
{ "type": "Feature", "properties": { "Display": "10K+020", "River": "塔寮坑溪排水右岸", "Name": "塔寮坑溪排水右岸10K+020" }, "geometry": { "type": "Point", "coordinates": [ 121.371101243438005, 25.006307441769302, 0.0 ] } },
{ "type": "Feature", "properties": { "Display": "10K+030", "River": "塔寮坑溪排水右岸", "Name": "塔寮坑溪排水右岸10K+030" }, "geometry": { "type": "Point", "coordinates": [ 121.371091511602998, 25.0062176388886, 0.0 ] } },
{ "type": "Feature", "properties": { "Display": "10K+040", "River": "塔寮坑溪排水右岸", "Name": "塔寮坑溪排水右岸10K+040" }, "geometry": { "type": "Point", "coordinates": [ 121.371069844702006, 25.0061298178993, 0.0 ] } },
{ "type": "Feature", "properties": { "Display": "10K+050", "River": "塔寮坑溪排水右岸", "Name": "塔寮坑溪排水右岸10K+050" }, "geometry": { "type": "Point", "coordinates": [ 121.371032424077001, 25.0060462703001, 0.0 ] } },
{ "type": "Feature", "properties": { "Display": "10K+060", "River": "塔寮坑溪排水右岸", "Name": "塔寮坑溪排水右岸10K+060" }, "geometry": { "type": "Point", "coordinates": [ 121.370987720231994, 25.005965964461801, 0.0 ] } },
{ "type": "Feature", "properties": { "Display": "10K+070", "River": "塔寮坑溪排水右岸", "Name": "塔寮坑溪排水右岸10K+070" }, "geometry": { "type": "Point", "coordinates": [ 121.370925544475995, 25.005896101098902, 0.0 ] } },
{ "type": "Feature", "properties": { "Display": "10K+080", "River": "塔寮坑溪排水右岸", "Name": "塔寮坑溪排水右岸10K+080" }, "geometry": { "type": "Point", "coordinates": [ 121.370862415133004, 25.0058268458851, 0.0 ] } },
{ "type": "Feature", "properties": { "Display": "10K+090", "River": "塔寮坑溪排水右岸", "Name": "塔寮坑溪排水右岸10K+090" }, "geometry": { "type": "Point", "coordinates": [ 121.370807032412003, 25.005752039312402, 0.0 ] } },
{ "type": "Feature", "properties": { "Display": "10K+100", "River": "塔寮坑溪排水右岸", "Name": "塔寮坑溪排水右岸10K+100" }, "geometry": { "type": "Point", "coordinates": [ 121.370760230759998, 25.005672466109399, 0.0 ] } },
{ "type": "Feature", "properties": { "Display": "10K+110", "River": "塔寮坑溪排水右岸", "Name": "塔寮坑溪排水右岸10K+110" }, "geometry": { "type": "Point", "coordinates": [ 121.370716566073, 25.005591447225001, 0.0 ] } },
{ "type": "Feature", "properties": { "Display": "10K+120", "River": "塔寮坑溪排水右岸", "Name": "塔寮坑溪排水右岸10K+120" }, "geometry": { "type": "Point", "coordinates": [ 121.370679773719999, 25.005507723117901, 0.0 ] } },
{ "type": "Feature", "properties": { "Display": "10K+130", "River": "塔寮坑溪排水右岸", "Name": "塔寮坑溪排水右岸10K+130" }, "geometry": { "type": "Point", "coordinates": [ 121.370644623244004, 25.005423397748299, 0.0 ] } },
{ "type": "Feature", "properties": { "Display": "10K+140", "River": "塔寮坑溪排水右岸", "Name": "塔寮坑溪排水右岸10K+140" }, "geometry": { "type": "Point", "coordinates": [ 121.370601818932997, 25.005342092753398, 0.0 ] } },
{ "type": "Feature", "properties": { "Display": "10K+150", "River": "塔寮坑溪排水右岸", "Name": "塔寮坑溪排水右岸10K+150" }, "geometry": { "type": "Point", "coordinates": [ 121.370563898824997, 25.005258686389901, 0.0 ] } },
{ "type": "Feature", "properties": { "Display": "10K+160", "River": "塔寮坑溪排水右岸", "Name": "塔寮坑溪排水右岸10K+160" }, "geometry": { "type": "Point", "coordinates": [ 121.370523044278002, 25.005176439662002, 0.0 ] } },
{ "type": "Feature", "properties": { "Display": "10K+170", "River": "塔寮坑溪排水右岸", "Name": "塔寮坑溪排水右岸10K+170" }, "geometry": { "type": "Point", "coordinates": [ 121.370449242738999, 25.0051178222994, 0.0 ] } },
{ "type": "Feature", "properties": { "Display": "10K+180", "River": "塔寮坑溪排水右岸", "Name": "塔寮坑溪排水右岸10K+180" }, "geometry": { "type": "Point", "coordinates": [ 121.370372224120999, 25.005062480174601, 0.0 ] } },
{ "type": "Feature", "properties": { "Display": "10K+190", "River": "塔寮坑溪排水右岸", "Name": "塔寮坑溪排水右岸10K+190" }, "geometry": { "type": "Point", "coordinates": [ 121.370276989950995, 25.0050465631215, 0.0 ] } },
{ "type": "Feature", "properties": { "Display": "10K+200", "River": "塔寮坑溪排水右岸", "Name": "塔寮坑溪排水右岸10K+200" }, "geometry": { "type": "Point", "coordinates": [ 121.370178849113003, 25.005037176757501, 0.0 ] } },
{ "type": "Feature", "properties": { "Display": "10K+210", "River": "塔寮坑溪排水右岸", "Name": "塔寮坑溪排水右岸10K+210" }, "geometry": { "type": "Point", "coordinates": [ 121.370080289529994, 25.005028051942901, 0.0 ] } },
{ "type": "Feature", "properties": { "Display": "10K+220", "River": "塔寮坑溪排水右岸", "Name": "塔寮坑溪排水右岸10K+220" }, "geometry": { "type": "Point", "coordinates": [ 121.370001604349994, 25.004979343662999, 0.0 ] } },
{ "type": "Feature", "properties": { "Display": "10K+230", "River": "塔寮坑溪排水右岸", "Name": "塔寮坑溪排水右岸10K+230" }, "geometry": { "type": "Point", "coordinates": [ 121.370010843038003, 25.0048933235108, 0.0 ] } },
{ "type": "Feature", "properties": { "Display": "10K+240", "River": "塔寮坑溪排水右岸", "Name": "塔寮坑溪排水右岸10K+240" }, "geometry": { "type": "Point", "coordinates": [ 121.370068419738004, 25.0048198898218, 0.0 ] } },
{ "type": "Feature", "properties": { "Display": "10K+250", "River": "塔寮坑溪排水右岸", "Name": "塔寮坑溪排水右岸10K+250" }, "geometry": { "type": "Point", "coordinates": [ 121.370136217018995, 25.004755237715798, 0.0 ] } },
{ "type": "Feature", "properties": { "Display": "10K+260", "River": "塔寮坑溪排水右岸", "Name": "塔寮坑溪排水右岸10K+260" }, "geometry": { "type": "Point", "coordinates": [ 121.370216596516002, 25.0047024602212, 0.0 ] } },
{ "type": "Feature", "properties": { "Display": "10K+270", "River": "塔寮坑溪排水右岸", "Name": "塔寮坑溪排水右岸10K+270" }, "geometry": { "type": "Point", "coordinates": [ 121.370269132377004, 25.004633302996201, 0.0 ] } },
{ "type": "Feature", "properties": { "Display": "10K+280", "River": "塔寮坑溪排水右岸", "Name": "塔寮坑溪排水右岸10K+280" }, "geometry": { "type": "Point", "coordinates": [ 121.370239703470006, 25.004547845036502, 0.0 ] } },
{ "type": "Feature", "properties": { "Display": "10K+290", "River": "塔寮坑溪排水右岸", "Name": "塔寮坑溪排水右岸10K+290" }, "geometry": { "type": "Point", "coordinates": [ 121.370203757453993, 25.004463715144102, 0.0 ] } },
{ "type": "Feature", "properties": { "Display": "10K+300", "River": "塔寮坑溪排水右岸", "Name": "塔寮坑溪排水右岸10K+300" }, "geometry": { "type": "Point", "coordinates": [ 121.370167811488002, 25.004379585241502, 0.0 ] } },
{ "type": "Feature", "properties": { "Display": "10K+310", "River": "塔寮坑溪排水右岸", "Name": "塔寮坑溪排水右岸10K+310" }, "geometry": { "type": "Point", "coordinates": [ 121.370131865572006, 25.004295455328801, 0.0 ] } },
{ "type": "Feature", "properties": { "Display": "10K+320", "River": "塔寮坑溪排水右岸", "Name": "塔寮坑溪排水右岸10K+320" }, "geometry": { "type": "Point", "coordinates": [ 121.370103409926003, 25.004209535487199, 0.0 ] } },
{ "type": "Feature", "properties": { "Display": "10K+330", "River": "塔寮坑溪排水右岸", "Name": "塔寮坑溪排水右岸10K+330" }, "geometry": { "type": "Point", "coordinates": [ 121.370089427916, 25.0041201569212, 0.0 ] } },
{ "type": "Feature", "properties": { "Display": "10K+340", "River": "塔寮坑溪排水右岸", "Name": "塔寮坑溪排水右岸10K+340" }, "geometry": { "type": "Point", "coordinates": [ 121.370105634780003, 25.004034182148299, 0.0 ] } },
{ "type": "Feature", "properties": { "Display": "10K+350", "River": "塔寮坑溪排水右岸", "Name": "塔寮坑溪排水右岸10K+350" }, "geometry": { "type": "Point", "coordinates": [ 121.370133277700006, 25.003947502746399, 0.0 ] } },
{ "type": "Feature", "properties": { "Display": "10K+360", "River": "塔寮坑溪排水右岸", "Name": "塔寮坑溪排水右岸10K+360" }, "geometry": { "type": "Point", "coordinates": [ 121.370163177427003, 25.003861430931401, 0.0 ] } },
{ "type": "Feature", "properties": { "Display": "10K+370", "River": "塔寮坑溪排水右岸", "Name": "塔寮坑溪排水右岸10K+370" }, "geometry": { "type": "Point", "coordinates": [ 121.370192291972998, 25.0037751353101, 0.0 ] } },
{ "type": "Feature", "properties": { "Display": "10K+380", "River": "塔寮坑溪排水右岸", "Name": "塔寮坑溪排水右岸10K+380" }, "geometry": { "type": "Point", "coordinates": [ 121.370221416860005, 25.003688842592101, 0.0 ] } },
{ "type": "Feature", "properties": { "Display": "10K+390", "River": "塔寮坑溪排水右岸", "Name": "塔寮坑溪排水右岸10K+390" }, "geometry": { "type": "Point", "coordinates": [ 121.370250546509993, 25.003602551213699, 0.0 ] } },
{ "type": "Feature", "properties": { "Display": "10K+400", "River": "塔寮坑溪排水右岸", "Name": "塔寮坑溪排水右岸10K+400" }, "geometry": { "type": "Point", "coordinates": [ 121.370278831120004, 25.003516026785299, 0.0 ] } },
{ "type": "Feature", "properties": { "Display": "10K+410", "River": "塔寮坑溪排水右岸", "Name": "塔寮坑溪排水右岸10K+410" }, "geometry": { "type": "Point", "coordinates": [ 121.370308110498996, 25.003429985771302, 0.0 ] } },
{ "type": "Feature", "properties": { "Display": "10K+420", "River": "塔寮坑溪排水右岸", "Name": "塔寮坑溪排水右岸10K+420" }, "geometry": { "type": "Point", "coordinates": [ 121.370370630375007, 25.003359951446502, 0.0 ] } },
{ "type": "Feature", "properties": { "Display": "10K+430", "River": "塔寮坑溪排水右岸", "Name": "塔寮坑溪排水右岸10K+430" }, "geometry": { "type": "Point", "coordinates": [ 121.370433150180006, 25.003289917095501, 0.0 ] } },
{ "type": "Feature", "properties": { "Display": "10K+440", "River": "塔寮坑溪排水右岸", "Name": "塔寮坑溪排水右岸10K+440" }, "geometry": { "type": "Point", "coordinates": [ 121.370495669914007, 25.003219882718501, 0.0 ] } },
{ "type": "Feature", "properties": { "Display": "10K+450", "River": "塔寮坑溪排水右岸", "Name": "塔寮坑溪排水右岸10K+450" }, "geometry": { "type": "Point", "coordinates": [ 121.370559409538004, 25.003150770856799, 0.0 ] } },
{ "type": "Feature", "properties": { "Display": "10K+460", "River": "塔寮坑溪排水右岸", "Name": "塔寮坑溪排水右岸10K+460" }, "geometry": { "type": "Point", "coordinates": [ 121.370623107547004, 25.003081633540699, 0.0 ] } },
{ "type": "Feature", "properties": { "Display": "10K+470", "River": "塔寮坑溪排水右岸", "Name": "塔寮坑溪排水右岸10K+470" }, "geometry": { "type": "Point", "coordinates": [ 121.370683621498998, 25.003010151054799, 0.0 ] } },
{ "type": "Feature", "properties": { "Display": "0K+000", "River": "塔寮坑溪排水左岸", "Name": "塔寮坑溪排水左岸0K+000" }, "geometry": { "type": "Point", "coordinates": [ 121.446851702480998, 25.0287406510297, -9999.0 ] } },
{ "type": "Feature", "properties": { "Display": "0K+010", "River": "塔寮坑溪排水左岸", "Name": "塔寮坑溪排水左岸0K+010" }, "geometry": { "type": "Point", "coordinates": [ 121.446780486693001, 25.028803377637001, -9999.0 ] } },
{ "type": "Feature", "properties": { "Display": "0K+020", "River": "塔寮坑溪排水左岸", "Name": "塔寮坑溪排水左岸0K+020" }, "geometry": { "type": "Point", "coordinates": [ 121.446733390060004, 25.028881389309198, -9999.0 ] } },
{ "type": "Feature", "properties": { "Display": "0K+030", "River": "塔寮坑溪排水左岸", "Name": "塔寮坑溪排水左岸0K+030" }, "geometry": { "type": "Point", "coordinates": [ 121.446676775078004, 25.028952638294999, -9999.0 ] } },
{ "type": "Feature", "properties": { "Display": "0K+040", "River": "塔寮坑溪排水左岸", "Name": "塔寮坑溪排水左岸0K+040" }, "geometry": { "type": "Point", "coordinates": [ 121.446633150154, 25.029033699221301, -9999.0 ] } },
{ "type": "Feature", "properties": { "Display": "0K+050", "River": "塔寮坑溪排水左岸", "Name": "塔寮坑溪排水左岸0K+050" }, "geometry": { "type": "Point", "coordinates": [ 121.446594061758006, 25.029116611363701, -9999.0 ] } },
{ "type": "Feature", "properties": { "Display": "0K+060", "River": "塔寮坑溪排水左岸", "Name": "塔寮坑溪排水左岸0K+060" }, "geometry": { "type": "Point", "coordinates": [ 121.446551367184, 25.029197973985799, -9999.0 ] } },
{ "type": "Feature", "properties": { "Display": "0K+070", "River": "塔寮坑溪排水左岸", "Name": "塔寮坑溪排水左岸0K+070" }, "geometry": { "type": "Point", "coordinates": [ 121.446492486733007, 25.029270295390798, -9999.0 ] } },
{ "type": "Feature", "properties": { "Display": "0K+080", "River": "塔寮坑溪排水左岸", "Name": "塔寮坑溪排水左岸0K+080" }, "geometry": { "type": "Point", "coordinates": [ 121.446420641341007, 25.029332149783901, -9999.0 ] } },
{ "type": "Feature", "properties": { "Display": "0K+090", "River": "塔寮坑溪排水左岸", "Name": "塔寮坑溪排水左岸0K+090" }, "geometry": { "type": "Point", "coordinates": [ 121.446341594288, 25.029386587733399, -9999.0 ] } },
{ "type": "Feature", "properties": { "Display": "0K+100", "River": "塔寮坑溪排水左岸", "Name": "塔寮坑溪排水左岸0K+100" }, "geometry": { "type": "Point", "coordinates": [ 121.446256091901006, 25.0294315693918, -9999.0 ] } },
{ "type": "Feature", "properties": { "Display": "0K+110", "River": "塔寮坑溪排水左岸", "Name": "塔寮坑溪排水左岸0K+110" }, "geometry": { "type": "Point", "coordinates": [ 121.446161583076005, 25.029458547904799, -9999.0 ] } },
{ "type": "Feature", "properties": { "Display": "0K+120", "River": "塔寮坑溪排水左岸", "Name": "塔寮坑溪排水左岸0K+120" }, "geometry": { "type": "Point", "coordinates": [ 121.446065826942998, 25.029481767164199, -9999.0 ] } },
{ "type": "Feature", "properties": { "Display": "0K+130", "River": "塔寮坑溪排水左岸", "Name": "塔寮坑溪排水左岸0K+130" }, "geometry": { "type": "Point", "coordinates": [ 121.445969935167, 25.029504514709298, -9999.0 ] } },
{ "type": "Feature", "properties": { "Display": "0K+140", "River": "塔寮坑溪排水左岸", "Name": "塔寮坑溪排水左岸0K+140" }, "geometry": { "type": "Point", "coordinates": [ 121.445874036594006, 25.029527183793402, -9999.0 ] } },
{ "type": "Feature", "properties": { "Display": "0K+150", "River": "塔寮坑溪排水左岸", "Name": "塔寮坑溪排水左岸0K+150" }, "geometry": { "type": "Point", "coordinates": [ 121.445776568870997, 25.0295432028961, -9999.0 ] } },
{ "type": "Feature", "properties": { "Display": "0K+160", "River": "塔寮坑溪排水左岸", "Name": "塔寮坑溪排水左岸0K+160" }, "geometry": { "type": "Point", "coordinates": [ 121.445679274965997, 25.029560227477901, -9999.0 ] } },
{ "type": "Feature", "properties": { "Display": "0K+170", "River": "塔寮坑溪排水左岸", "Name": "塔寮坑溪排水左岸0K+170" }, "geometry": { "type": "Point", "coordinates": [ 121.445581969817994, 25.029577023681799, -9999.0 ] } },
{ "type": "Feature", "properties": { "Display": "0K+180", "River": "塔寮坑溪排水左岸", "Name": "塔寮坑溪排水左岸0K+180" }, "geometry": { "type": "Point", "coordinates": [ 121.445483666395006, 25.029588376703099, -9999.0 ] } },
{ "type": "Feature", "properties": { "Display": "0K+190", "River": "塔寮坑溪排水左岸", "Name": "塔寮坑溪排水左岸0K+190" }, "geometry": { "type": "Point", "coordinates": [ 121.445385180448, 25.029597797380301, -9999.0 ] } },
{ "type": "Feature", "properties": { "Display": "0K+200", "River": "塔寮坑溪排水左岸", "Name": "塔寮坑溪排水左岸0K+200" }, "geometry": { "type": "Point", "coordinates": [ 121.445290507915004, 25.029623712671501, -9999.0 ] } },
{ "type": "Feature", "properties": { "Display": "0K+210", "River": "塔寮坑溪排水左岸", "Name": "塔寮坑溪排水左岸0K+210" }, "geometry": { "type": "Point", "coordinates": [ 121.445212020870002, 25.029675551242899, -9999.0 ] } },
{ "type": "Feature", "properties": { "Display": "0K+220", "River": "塔寮坑溪排水左岸", "Name": "塔寮坑溪排水左岸0K+220" }, "geometry": { "type": "Point", "coordinates": [ 121.445180504101998, 25.029760493918101, -9999.0 ] } },
{ "type": "Feature", "properties": { "Display": "0K+230", "River": "塔寮坑溪排水左岸", "Name": "塔寮坑溪排水左岸0K+230" }, "geometry": { "type": "Point", "coordinates": [ 121.445145551408999, 25.029844881197299, -9999.0 ] } },
{ "type": "Feature", "properties": { "Display": "0K+240", "River": "塔寮坑溪排水左岸", "Name": "塔寮坑溪排水左岸0K+240" }, "geometry": { "type": "Point", "coordinates": [ 121.445088314085993, 25.0299185255415, -9999.0 ] } },
{ "type": "Feature", "properties": { "Display": "0K+250", "River": "塔寮坑溪排水左岸", "Name": "塔寮坑溪排水左岸0K+250" }, "geometry": { "type": "Point", "coordinates": [ 121.445024157774, 25.029987263366699, -9999.0 ] } },
{ "type": "Feature", "properties": { "Display": "0K+260", "River": "塔寮坑溪排水左岸", "Name": "塔寮坑溪排水左岸0K+260" }, "geometry": { "type": "Point", "coordinates": [ 121.444952393871006, 25.030049454296201, -9999.0 ] } },
{ "type": "Feature", "properties": { "Display": "0K+270", "River": "塔寮坑溪排水左岸", "Name": "塔寮坑溪排水左岸0K+270" }, "geometry": { "type": "Point", "coordinates": [ 121.444873782917995, 25.030102920587399, -9999.0 ] } },
{ "type": "Feature", "properties": { "Display": "0K+280", "River": "塔寮坑溪排水左岸", "Name": "塔寮坑溪排水左岸0K+280" }, "geometry": { "type": "Point", "coordinates": [ 121.444775092594, 25.0301110256767, -9999.0 ] } },
{ "type": "Feature", "properties": { "Display": "0K+290", "River": "塔寮坑溪排水左岸", "Name": "塔寮坑溪排水左岸0K+290" }, "geometry": { "type": "Point", "coordinates": [ 121.444676402255993, 25.030119130700701, -9999.0 ] } },
{ "type": "Feature", "properties": { "Display": "0K+300", "River": "塔寮坑溪排水左岸", "Name": "塔寮坑溪排水左岸0K+300" }, "geometry": { "type": "Point", "coordinates": [ 121.444577449158999, 25.030119420104, -9999.0 ] } },
{ "type": "Feature", "properties": { "Display": "0K+310", "River": "塔寮坑溪排水左岸", "Name": "塔寮坑溪排水左岸0K+310" }, "geometry": { "type": "Point", "coordinates": [ 121.444478399375001, 25.0301168333677, -9999.0 ] } },
{ "type": "Feature", "properties": { "Display": "0K+320", "River": "塔寮坑溪排水左岸", "Name": "塔寮坑溪排水左岸0K+320" }, "geometry": { "type": "Point", "coordinates": [ 121.444379349594001, 25.030114246565301, -9999.0 ] } },
{ "type": "Feature", "properties": { "Display": "0K+330", "River": "塔寮坑溪排水左岸", "Name": "塔寮坑溪排水左岸0K+330" }, "geometry": { "type": "Point", "coordinates": [ 121.444280362346007, 25.030110469550401, -9999.0 ] } },
{ "type": "Feature", "properties": { "Display": "0K+340", "River": "塔寮坑溪排水左岸", "Name": "塔寮坑溪排水左岸0K+340" }, "geometry": { "type": "Point", "coordinates": [ 121.444182510052997, 25.030096642545399, -9999.0 ] } },
{ "type": "Feature", "properties": { "Display": "0K+350", "River": "塔寮坑溪排水左岸", "Name": "塔寮坑溪排水左岸0K+350" }, "geometry": { "type": "Point", "coordinates": [ 121.444084843552005, 25.0300813922751, -9999.0 ] } },
{ "type": "Feature", "properties": { "Display": "0K+360", "River": "塔寮坑溪排水左岸", "Name": "塔寮坑溪排水左岸0K+360" }, "geometry": { "type": "Point", "coordinates": [ 121.443989247627002, 25.030058691666401, -9999.0 ] } },
{ "type": "Feature", "properties": { "Display": "0K+370", "River": "塔寮坑溪排水左岸", "Name": "塔寮坑溪排水左岸0K+370" }, "geometry": { "type": "Point", "coordinates": [ 121.443895314707007, 25.030029954142901, -9999.0 ] } },
{ "type": "Feature", "properties": { "Display": "0K+380", "River": "塔寮坑溪排水左岸", "Name": "塔寮坑溪排水左岸0K+380" }, "geometry": { "type": "Point", "coordinates": [ 121.443800517102005, 25.030003668955899, -9999.0 ] } },
{ "type": "Feature", "properties": { "Display": "0K+390", "River": "塔寮坑溪排水左岸", "Name": "塔寮坑溪排水左岸0K+390" }, "geometry": { "type": "Point", "coordinates": [ 121.443705719538002, 25.029977383707902, -9999.0 ] } },
{ "type": "Feature", "properties": { "Display": "0K+400", "River": "塔寮坑溪排水左岸", "Name": "塔寮坑溪排水左岸0K+400" }, "geometry": { "type": "Point", "coordinates": [ 121.443612064196998, 25.029948018649002, -9999.0 ] } },
{ "type": "Feature", "properties": { "Display": "0K+410", "River": "塔寮坑溪排水左岸", "Name": "塔寮坑溪排水左岸0K+410" }, "geometry": { "type": "Point", "coordinates": [ 121.443518985373004, 25.029917051616199, -9999.0 ] } },
{ "type": "Feature", "properties": { "Display": "0K+420", "River": "塔寮坑溪排水左岸", "Name": "塔寮坑溪排水左岸0K+420" }, "geometry": { "type": "Point", "coordinates": [ 121.443425906594996, 25.0298860845243, -9999.0 ] } },
{ "type": "Feature", "properties": { "Display": "0K+430", "River": "塔寮坑溪排水左岸", "Name": "塔寮坑溪排水左岸0K+430" }, "geometry": { "type": "Point", "coordinates": [ 121.443332200171, 25.029856760999898, -9999.0 ] } },
{ "type": "Feature", "properties": { "Display": "0K+440", "River": "塔寮坑溪排水左岸", "Name": "塔寮坑溪排水左岸0K+440" }, "geometry": { "type": "Point", "coordinates": [ 121.443239374561003, 25.029825631271802, -9999.0 ] } },
{ "type": "Feature", "properties": { "Display": "0K+450", "River": "塔寮坑溪排水左岸", "Name": "塔寮坑溪排水左岸0K+450" }, "geometry": { "type": "Point", "coordinates": [ 121.443150586822995, 25.029785546842302, -9999.0 ] } },
{ "type": "Feature", "properties": { "Display": "0K+460", "River": "塔寮坑溪排水左岸", "Name": "塔寮坑溪排水左岸0K+460" }, "geometry": { "type": "Point", "coordinates": [ 121.443058120356, 25.0297541473652, -9999.0 ] } },
{ "type": "Feature", "properties": { "Display": "0K+470", "River": "塔寮坑溪排水左岸", "Name": "塔寮坑溪排水左岸0K+470" }, "geometry": { "type": "Point", "coordinates": [ 121.442963373357003, 25.029727711752699, -9999.0 ] } },
{ "type": "Feature", "properties": { "Display": "0K+480", "River": "塔寮坑溪排水左岸", "Name": "塔寮坑溪排水左岸0K+480" }, "geometry": { "type": "Point", "coordinates": [ 121.442868722412996, 25.0297010018196, -9999.0 ] } },
{ "type": "Feature", "properties": { "Display": "0K+490", "River": "塔寮坑溪排水左岸", "Name": "塔寮坑溪排水左岸0K+490" }, "geometry": { "type": "Point", "coordinates": [ 121.442774886850998, 25.029671992937502, -9999.0 ] } },
{ "type": "Feature", "properties": { "Display": "0K+500", "River": "塔寮坑溪排水左岸", "Name": "塔寮坑溪排水左岸0K+500" }, "geometry": { "type": "Point", "coordinates": [ 121.442681051332997, 25.029642983995402, -9999.0 ] } },
{ "type": "Feature", "properties": { "Display": "0K+510", "River": "塔寮坑溪排水左岸", "Name": "塔寮坑溪排水左岸0K+510" }, "geometry": { "type": "Point", "coordinates": [ 121.442587388164, 25.029613518241099, -9999.0 ] } },
{ "type": "Feature", "properties": { "Display": "0K+520", "River": "塔寮坑溪排水左岸", "Name": "塔寮坑溪排水左岸0K+520" }, "geometry": { "type": "Point", "coordinates": [ 121.442493806181005, 25.029583837332101, -9999.0 ] } },
{ "type": "Feature", "properties": { "Display": "0K+530", "River": "塔寮坑溪排水左岸", "Name": "塔寮坑溪排水左岸0K+530" }, "geometry": { "type": "Point", "coordinates": [ 121.442400224243002, 25.0295541563633, -9999.0 ] } },
{ "type": "Feature", "properties": { "Display": "0K+540", "River": "塔寮坑溪排水左岸", "Name": "塔寮坑溪排水左岸0K+540" }, "geometry": { "type": "Point", "coordinates": [ 121.442307053376993, 25.029523432080001, -9999.0 ] } },
{ "type": "Feature", "properties": { "Display": "0K+550", "River": "塔寮坑溪排水左岸", "Name": "塔寮坑溪排水左岸0K+550" }, "geometry": { "type": "Point", "coordinates": [ 121.442214117236006, 25.0294921120833, -9999.0 ] } },
{ "type": "Feature", "properties": { "Display": "0K+560", "River": "塔寮坑溪排水左岸", "Name": "塔寮坑溪排水左岸0K+560" }, "geometry": { "type": "Point", "coordinates": [ 121.442121982394994, 25.0294588883785, -9999.0 ] } },
{ "type": "Feature", "properties": { "Display": "0K+570", "River": "塔寮坑溪排水左岸", "Name": "塔寮坑溪排水左岸0K+570" }, "geometry": { "type": "Point", "coordinates": [ 121.442031852995996, 25.029421562253301, -9999.0 ] } },
{ "type": "Feature", "properties": { "Display": "0K+580", "River": "塔寮坑溪排水左岸", "Name": "塔寮坑溪排水左岸0K+580" }, "geometry": { "type": "Point", "coordinates": [ 121.441944310107004, 25.029379308388801, -9999.0 ] } },
{ "type": "Feature", "properties": { "Display": "0K+590", "River": "塔寮坑溪排水左岸", "Name": "塔寮坑溪排水左岸0K+590" }, "geometry": { "type": "Point", "coordinates": [ 121.441859549626002, 25.029332686298801, -9999.0 ] } },
{ "type": "Feature", "properties": { "Display": "0K+600", "River": "塔寮坑溪排水左岸", "Name": "塔寮坑溪排水左岸0K+600" }, "geometry": { "type": "Point", "coordinates": [ 121.441779989571998, 25.029279122373701, -9999.0 ] } },
{ "type": "Feature", "properties": { "Display": "0K+610", "River": "塔寮坑溪排水左岸", "Name": "塔寮坑溪排水左岸0K+610" }, "geometry": { "type": "Point", "coordinates": [ 121.441706833070995, 25.029218286739599, -9999.0 ] } },
{ "type": "Feature", "properties": { "Display": "0K+620", "River": "塔寮坑溪排水左岸", "Name": "塔寮坑溪排水左岸0K+620" }, "geometry": { "type": "Point", "coordinates": [ 121.441642307993007, 25.029149844023301, -9999.0 ] } },
{ "type": "Feature", "properties": { "Display": "0K+630", "River": "塔寮坑溪排水左岸", "Name": "塔寮坑溪排水左岸0K+630" }, "geometry": { "type": "Point", "coordinates": [ 121.441578699578002, 25.029080623108101, -9999.0 ] } },
{ "type": "Feature", "properties": { "Display": "0K+640", "River": "塔寮坑溪排水左岸", "Name": "塔寮坑溪排水左岸0K+640" }, "geometry": { "type": "Point", "coordinates": [ 121.441515371958005, 25.029011185229599, -9999.0 ] } },
{ "type": "Feature", "properties": { "Display": "0K+650", "River": "塔寮坑溪排水左岸", "Name": "塔寮坑溪排水左岸0K+650" }, "geometry": { "type": "Point", "coordinates": [ 121.441460278617001, 25.028936258664402, -9999.0 ] } },
{ "type": "Feature", "properties": { "Display": "0K+660", "River": "塔寮坑溪排水左岸", "Name": "塔寮坑溪排水左岸0K+660" }, "geometry": { "type": "Point", "coordinates": [ 121.441410897270998, 25.028857988260601, -9999.0 ] } },
{ "type": "Feature", "properties": { "Display": "0K+670", "River": "塔寮坑溪排水左岸", "Name": "塔寮坑溪排水左岸0K+670" }, "geometry": { "type": "Point", "coordinates": [ 121.441366362045002, 25.0287774023342, -9999.0 ] } },
{ "type": "Feature", "properties": { "Display": "0K+680", "River": "塔寮坑溪排水左岸", "Name": "塔寮坑溪排水左岸0K+680" }, "geometry": { "type": "Point", "coordinates": [ 121.441326905585996, 25.028694635192601, -9999.0 ] } },
{ "type": "Feature", "properties": { "Display": "0K+690", "River": "塔寮坑溪排水左岸", "Name": "塔寮坑溪排水左岸0K+690" }, "geometry": { "type": "Point", "coordinates": [ 121.441298753759995, 25.028608142786702, -9999.0 ] } },
{ "type": "Feature", "properties": { "Display": "0K+700", "River": "塔寮坑溪排水左岸", "Name": "塔寮坑溪排水左岸0K+700" }, "geometry": { "type": "Point", "coordinates": [ 121.441268798310006, 25.028522085743599, -9999.0 ] } },
{ "type": "Feature", "properties": { "Display": "0K+710", "River": "塔寮坑溪排水左岸", "Name": "塔寮坑溪排水左岸0K+710" }, "geometry": { "type": "Point", "coordinates": [ 121.441238842903005, 25.028436028692902, -9999.0 ] } },
{ "type": "Feature", "properties": { "Display": "0K+720", "River": "塔寮坑溪排水左岸", "Name": "塔寮坑溪排水左岸0K+720" }, "geometry": { "type": "Point", "coordinates": [ 121.441212055104003, 25.028349113369401, -9999.0 ] } },
{ "type": "Feature", "properties": { "Display": "0K+730", "River": "塔寮坑溪排水左岸", "Name": "塔寮坑溪排水左岸0K+730" }, "geometry": { "type": "Point", "coordinates": [ 121.441184515149999, 25.028262405043399, -9999.0 ] } },
{ "type": "Feature", "properties": { "Display": "0K+740", "River": "塔寮坑溪排水左岸", "Name": "塔寮坑溪排水左岸0K+740" }, "geometry": { "type": "Point", "coordinates": [ 121.441153960923998, 25.028176522947401, -9999.0 ] } },
{ "type": "Feature", "properties": { "Display": "0K+750", "River": "塔寮坑溪排水左岸", "Name": "塔寮坑溪排水左岸0K+750" }, "geometry": { "type": "Point", "coordinates": [ 121.441109458270006, 25.028096355484202, -9999.0 ] } },
{ "type": "Feature", "properties": { "Display": "0K+760", "River": "塔寮坑溪排水左岸", "Name": "塔寮坑溪排水左岸0K+760" }, "geometry": { "type": "Point", "coordinates": [ 121.441052526079005, 25.028022695392199, -9999.0 ] } },
{ "type": "Feature", "properties": { "Display": "0K+770", "River": "塔寮坑溪排水左岸", "Name": "塔寮坑溪排水左岸0K+770" }, "geometry": { "type": "Point", "coordinates": [ 121.440985454328995, 25.027956240381702, -9999.0 ] } },
{ "type": "Feature", "properties": { "Display": "0K+780", "River": "塔寮坑溪排水左岸", "Name": "塔寮坑溪排水左岸0K+780" }, "geometry": { "type": "Point", "coordinates": [ 121.440918326242993, 25.027889844888001, -9999.0 ] } },
{ "type": "Feature", "properties": { "Display": "0K+790", "River": "塔寮坑溪排水左岸", "Name": "塔寮坑溪排水左岸0K+790" }, "geometry": { "type": "Point", "coordinates": [ 121.440836364885996, 25.027839108694401, -9999.0 ] } },
{ "type": "Feature", "properties": { "Display": "0K+800", "River": "塔寮坑溪排水左岸", "Name": "塔寮坑溪排水左岸0K+800" }, "geometry": { "type": "Point", "coordinates": [ 121.440754403596003, 25.027788372454399, -9999.0 ] } },
{ "type": "Feature", "properties": { "Display": "0K+810", "River": "塔寮坑溪排水左岸", "Name": "塔寮坑溪排水左岸0K+810" }, "geometry": { "type": "Point", "coordinates": [ 121.440670677485002, 25.0277404640571, -9999.0 ] } },
{ "type": "Feature", "properties": { "Display": "0K+820", "River": "塔寮坑溪排水左岸", "Name": "塔寮坑溪排水左岸0K+820" }, "geometry": { "type": "Point", "coordinates": [ 121.440578224991995, 25.027708230527502, -9999.0 ] } },
{ "type": "Feature", "properties": { "Display": "0K+830", "River": "塔寮坑溪排水左岸", "Name": "塔寮坑溪排水左岸0K+830" }, "geometry": { "type": "Point", "coordinates": [ 121.440484737421002, 25.027678307338, -9999.0 ] } },
{ "type": "Feature", "properties": { "Display": "0K+840", "River": "塔寮坑溪排水左岸", "Name": "塔寮坑溪排水左岸0K+840" }, "geometry": { "type": "Point", "coordinates": [ 121.440390598849007, 25.027650414977799, -9999.0 ] } },
{ "type": "Feature", "properties": { "Display": "0K+850", "River": "塔寮坑溪排水左岸", "Name": "塔寮坑溪排水左岸0K+850" }, "geometry": { "type": "Point", "coordinates": [ 121.440294131269994, 25.027629787844301, -9999.0 ] } },
{ "type": "Feature", "properties": { "Display": "0K+860", "River": "塔寮坑溪排水左岸", "Name": "塔寮坑溪排水左岸0K+860" }, "geometry": { "type": "Point", "coordinates": [ 121.440197663722003, 25.0276091606476, -9999.0 ] } },
{ "type": "Feature", "properties": { "Display": "0K+870", "River": "塔寮坑溪排水左岸", "Name": "塔寮坑溪排水左岸0K+870" }, "geometry": { "type": "Point", "coordinates": [ 121.440100743452007, 25.027591422874099, -9999.0 ] } },
{ "type": "Feature", "properties": { "Display": "0K+880", "River": "塔寮坑溪排水左岸", "Name": "塔寮坑溪排水左岸0K+880" }, "geometry": { "type": "Point", "coordinates": [ 121.440001791770996, 25.027586685670698, -9999.0 ] } },
{ "type": "Feature", "properties": { "Display": "0K+890", "River": "塔寮坑溪排水左岸", "Name": "塔寮坑溪排水左岸0K+890" }, "geometry": { "type": "Point", "coordinates": [ 121.439902791947006, 25.027585208060401, -9999.0 ] } },
{ "type": "Feature", "properties": { "Display": "0K+900", "River": "塔寮坑溪排水左岸", "Name": "塔寮坑溪排水左岸0K+900" }, "geometry": { "type": "Point", "coordinates": [ 121.439803784505997, 25.027588856345101, -9999.0 ] } },
{ "type": "Feature", "properties": { "Display": "0K+910", "River": "塔寮坑溪排水左岸", "Name": "塔寮坑溪排水左岸0K+910" }, "geometry": { "type": "Point", "coordinates": [ 121.439704835298997, 25.027593564265199, -9999.0 ] } },
{ "type": "Feature", "properties": { "Display": "0K+920", "River": "塔寮坑溪排水左岸", "Name": "塔寮坑溪排水左岸0K+920" }, "geometry": { "type": "Point", "coordinates": [ 121.439606184515995, 25.0276020403243, -9999.0 ] } },
{ "type": "Feature", "properties": { "Display": "0K+930", "River": "塔寮坑溪排水左岸", "Name": "塔寮坑溪排水左岸0K+930" }, "geometry": { "type": "Point", "coordinates": [ 121.439508195227006, 25.027615094658898, -9999.0 ] } },
{ "type": "Feature", "properties": { "Display": "0K+940", "River": "塔寮坑溪排水左岸", "Name": "塔寮坑溪排水左岸0K+940" }, "geometry": { "type": "Point", "coordinates": [ 121.439412366135997, 25.027637687337801, -9999.0 ] } },
{ "type": "Feature", "properties": { "Display": "0K+950", "River": "塔寮坑溪排水左岸", "Name": "塔寮坑溪排水左岸0K+950" }, "geometry": { "type": "Point", "coordinates": [ 121.439318010570005, 25.027665192391002, -9999.0 ] } },
{ "type": "Feature", "properties": { "Display": "0K+960", "River": "塔寮坑溪排水左岸", "Name": "塔寮坑溪排水左岸0K+960" }, "geometry": { "type": "Point", "coordinates": [ 121.439227587689999, 25.0277018475626, -9999.0 ] } },
{ "type": "Feature", "properties": { "Display": "0K+970", "River": "塔寮坑溪排水左岸", "Name": "塔寮坑溪排水左岸0K+970" }, "geometry": { "type": "Point", "coordinates": [ 121.439138970811001, 25.027742162073501, -9999.0 ] } },
{ "type": "Feature", "properties": { "Display": "0K+980", "River": "塔寮坑溪排水左岸", "Name": "塔寮坑溪排水左岸0K+980" }, "geometry": { "type": "Point", "coordinates": [ 121.439050149167002, 25.027782166950999, -9999.0 ] } },
{ "type": "Feature", "properties": { "Display": "0K+990", "River": "塔寮坑溪排水左岸", "Name": "塔寮坑溪排水左岸0K+990" }, "geometry": { "type": "Point", "coordinates": [ 121.438961626717003, 25.0278227290706, -9999.0 ] } },
{ "type": "Feature", "properties": { "Display": "1K+000", "River": "塔寮坑溪排水左岸", "Name": "塔寮坑溪排水左岸1K+000" }, "geometry": { "type": "Point", "coordinates": [ 121.438872571895004, 25.027862315998199, -9999.0 ] } },
{ "type": "Feature", "properties": { "Display": "1K+010", "River": "塔寮坑溪排水左岸", "Name": "塔寮坑溪排水左岸1K+010" }, "geometry": { "type": "Point", "coordinates": [ 121.438783564801994, 25.027901992073701, -9999.0 ] } },
{ "type": "Feature", "properties": { "Display": "1K+020", "River": "塔寮坑溪排水左岸", "Name": "塔寮坑溪排水左岸1K+020" }, "geometry": { "type": "Point", "coordinates": [ 121.438693513158, 25.0279396019159, -9999.0 ] } },
{ "type": "Feature", "properties": { "Display": "1K+030", "River": "塔寮坑溪排水左岸", "Name": "塔寮坑溪排水左岸1K+030" }, "geometry": { "type": "Point", "coordinates": [ 121.438600280418996, 25.027970165083101, -9999.0 ] } },
{ "type": "Feature", "properties": { "Display": "1K+040", "River": "塔寮坑溪排水左岸", "Name": "塔寮坑溪排水左岸1K+040" }, "geometry": { "type": "Point", "coordinates": [ 121.438505288292006, 25.027995766922601, -9999.0 ] } },
{ "type": "Feature", "properties": { "Display": "1K+050", "River": "塔寮坑溪排水左岸", "Name": "塔寮坑溪排水左岸1K+050" }, "geometry": { "type": "Point", "coordinates": [ 121.438408673538007, 25.028015769396301, -9999.0 ] } },
{ "type": "Feature", "properties": { "Display": "1K+060", "River": "塔寮坑溪排水左岸", "Name": "塔寮坑溪排水左岸1K+060" }, "geometry": { "type": "Point", "coordinates": [ 121.438310757813994, 25.028029493950001, -9999.0 ] } },
{ "type": "Feature", "properties": { "Display": "1K+070", "River": "塔寮坑溪排水左岸", "Name": "塔寮坑溪排水左岸1K+070" }, "geometry": { "type": "Point", "coordinates": [ 121.438212123794997, 25.0280378031668, -9999.0 ] } },
{ "type": "Feature", "properties": { "Display": "1K+080", "River": "塔寮坑溪排水左岸", "Name": "塔寮坑溪排水左岸1K+080" }, "geometry": { "type": "Point", "coordinates": [ 121.438113218609004, 25.028032539697701, -9999.0 ] } },
{ "type": "Feature", "properties": { "Display": "1K+090", "River": "塔寮坑溪排水左岸", "Name": "塔寮坑溪排水左岸1K+090" }, "geometry": { "type": "Point", "coordinates": [ 121.438015135496997, 25.0280200654799, -9999.0 ] } },
{ "type": "Feature", "properties": { "Display": "1K+100", "River": "塔寮坑溪排水左岸", "Name": "塔寮坑溪排水左岸1K+100" }, "geometry": { "type": "Point", "coordinates": [ 121.437917792632007, 25.028003229700001, -9999.0 ] } },
{ "type": "Feature", "properties": { "Display": "1K+110", "River": "塔寮坑溪排水左岸", "Name": "塔寮坑溪排水左岸1K+110" }, "geometry": { "type": "Point", "coordinates": [ 121.437820995416004, 25.0279839393713, -9999.0 ] } },
{ "type": "Feature", "properties": { "Display": "1K+120", "River": "塔寮坑溪排水左岸", "Name": "塔寮坑溪排水左岸1K+120" }, "geometry": { "type": "Point", "coordinates": [ 121.437724276596001, 25.0279643123901, -9999.0 ] } },
{ "type": "Feature", "properties": { "Display": "1K+130", "River": "塔寮坑溪排水左岸", "Name": "塔寮坑溪排水左岸1K+130" }, "geometry": { "type": "Point", "coordinates": [ 121.437627820486, 25.027943639718401, -9999.0 ] } },
{ "type": "Feature", "properties": { "Display": "1K+140", "River": "塔寮坑溪排水左岸", "Name": "塔寮坑溪排水左岸1K+140" }, "geometry": { "type": "Point", "coordinates": [ 121.437531326105002, 25.0279231159892, -9999.0 ] } },
{ "type": "Feature", "properties": { "Display": "1K+150", "River": "塔寮坑溪排水左岸", "Name": "塔寮坑溪排水左岸1K+150" }, "geometry": { "type": "Point", "coordinates": [ 121.437434584483995, 25.027903586224301, -9999.0 ] } },
{ "type": "Feature", "properties": { "Display": "1K+160", "River": "塔寮坑溪排水左岸", "Name": "塔寮坑溪排水左岸1K+160" }, "geometry": { "type": "Point", "coordinates": [ 121.437337591144001, 25.027885135901101, -9999.0 ] } },
{ "type": "Feature", "properties": { "Display": "1K+170", "River": "塔寮坑溪排水左岸", "Name": "塔寮坑溪排水左岸1K+170" }, "geometry": { "type": "Point", "coordinates": [ 121.437239846205998, 25.0278705291127, -9999.0 ] } },
{ "type": "Feature", "properties": { "Display": "1K+180", "River": "塔寮坑溪排水左岸", "Name": "塔寮坑溪排水左岸1K+180" }, "geometry": { "type": "Point", "coordinates": [ 121.437141392255, 25.027860595664201, -9999.0 ] } },
{ "type": "Feature", "properties": { "Display": "1K+190", "River": "塔寮坑溪排水左岸", "Name": "塔寮坑溪排水左岸1K+190" }, "geometry": { "type": "Point", "coordinates": [ 121.437042486731997, 25.027855339054799, -9999.0 ] } },
{ "type": "Feature", "properties": { "Display": "1K+200", "River": "塔寮坑溪排水左岸", "Name": "塔寮坑溪排水左岸1K+200" }, "geometry": { "type": "Point", "coordinates": [ 121.436943503579997, 25.027851172561999, -9999.0 ] } },
{ "type": "Feature", "properties": { "Display": "1K+210", "River": "塔寮坑溪排水左岸", "Name": "塔寮坑溪排水左岸1K+210" }, "geometry": { "type": "Point", "coordinates": [ 121.436844461082003, 25.0278512365783, -9999.0 ] } },
{ "type": "Feature", "properties": { "Display": "1K+220", "River": "塔寮坑溪排水左岸", "Name": "塔寮坑溪排水左岸1K+220" }, "geometry": { "type": "Point", "coordinates": [ 121.436745476867003, 25.027855325063001, -9999.0 ] } },
{ "type": "Feature", "properties": { "Display": "1K+230", "River": "塔寮坑溪排水左岸", "Name": "塔寮坑溪排水左岸1K+230" }, "geometry": { "type": "Point", "coordinates": [ 121.436646511524003, 25.0278597829919, -9999.0 ] } },
{ "type": "Feature", "properties": { "Display": "1K+240", "River": "塔寮坑溪排水左岸", "Name": "塔寮坑溪排水左岸1K+240" }, "geometry": { "type": "Point", "coordinates": [ 121.436547728931998, 25.027866872278999, -9999.0 ] } },
{ "type": "Feature", "properties": { "Display": "1K+250", "River": "塔寮坑溪排水左岸", "Name": "塔寮坑溪排水左岸1K+250" }, "geometry": { "type": "Point", "coordinates": [ 121.436449012043994, 25.027874684952401, -9999.0 ] } },
{ "type": "Feature", "properties": { "Display": "1K+260", "River": "塔寮坑溪排水左岸", "Name": "塔寮坑溪排水左岸1K+260" }, "geometry": { "type": "Point", "coordinates": [ 121.436350240943995, 25.027881901132901, -9999.0 ] } },
{ "type": "Feature", "properties": { "Display": "1K+270", "River": "塔寮坑溪排水左岸", "Name": "塔寮坑溪排水左岸1K+270" }, "geometry": { "type": "Point", "coordinates": [ 121.436251443245993, 25.027888814931899, -9999.0 ] } },
{ "type": "Feature", "properties": { "Display": "1K+280", "River": "塔寮坑溪排水左岸", "Name": "塔寮坑溪排水左岸1K+280" }, "geometry": { "type": "Point", "coordinates": [ 121.43615267749, 25.027896098550301, -9999.0 ] } },
{ "type": "Feature", "properties": { "Display": "1K+290", "River": "塔寮坑溪排水左岸", "Name": "塔寮坑溪排水左岸1K+290" }, "geometry": { "type": "Point", "coordinates": [ 121.436053921912006, 25.027903495879801, -9999.0 ] } },
{ "type": "Feature", "properties": { "Display": "1K+300", "River": "塔寮坑溪排水左岸", "Name": "塔寮坑溪排水左岸1K+300" }, "geometry": { "type": "Point", "coordinates": [ 121.435955128763993, 25.0279104595195, -9999.0 ] } },
{ "type": "Feature", "properties": { "Display": "1K+310", "River": "塔寮坑溪排水左岸", "Name": "塔寮坑溪排水左岸1K+310" }, "geometry": { "type": "Point", "coordinates": [ 121.435856416286001, 25.027918320231901, -9999.0 ] } },
{ "type": "Feature", "properties": { "Display": "1K+320", "River": "塔寮坑溪排水左岸", "Name": "塔寮坑溪排水左岸1K+320" }, "geometry": { "type": "Point", "coordinates": [ 121.435757703793001, 25.0279261808789, -9999.0 ] } },
{ "type": "Feature", "properties": { "Display": "1K+330", "River": "塔寮坑溪排水左岸", "Name": "塔寮坑溪排水左岸1K+330" }, "geometry": { "type": "Point", "coordinates": [ 121.435658954953993, 25.0279336407784, -9999.0 ] } },
{ "type": "Feature", "properties": { "Display": "1K+340", "River": "塔寮坑溪排水左岸", "Name": "塔寮坑溪排水左岸1K+340" }, "geometry": { "type": "Point", "coordinates": [ 121.435560164997, 25.027940647318399, -9999.0 ] } },
{ "type": "Feature", "properties": { "Display": "1K+350", "River": "塔寮坑溪排水左岸", "Name": "塔寮坑溪排水左岸1K+350" }, "geometry": { "type": "Point", "coordinates": [ 121.435461375027998, 25.0279476537929, -9999.0 ] } },
{ "type": "Feature", "properties": { "Display": "1K+360", "River": "塔寮坑溪排水左岸", "Name": "塔寮坑溪排水左岸1K+360" }, "geometry": { "type": "Point", "coordinates": [ 121.435362591436004, 25.027954733794498, -9999.0 ] } },
{ "type": "Feature", "properties": { "Display": "1K+370", "River": "塔寮坑溪排水左岸", "Name": "塔寮坑溪排水左岸1K+370" }, "geometry": { "type": "Point", "coordinates": [ 121.435263820903003, 25.027961964312599, -9999.0 ] } },
{ "type": "Feature", "properties": { "Display": "1K+380", "River": "塔寮坑溪排水左岸", "Name": "塔寮坑溪排水左岸1K+380" }, "geometry": { "type": "Point", "coordinates": [ 121.435165050357, 25.027969194765301, -9999.0 ] } },
{ "type": "Feature", "properties": { "Display": "1K+390", "River": "塔寮坑溪排水左岸", "Name": "塔寮坑溪排水左岸1K+390" }, "geometry": { "type": "Point", "coordinates": [ 121.435066279799003, 25.027976425152499, -9999.0 ] } },
{ "type": "Feature", "properties": { "Display": "1K+400", "River": "塔寮坑溪排水左岸", "Name": "塔寮坑溪排水左岸1K+400" }, "geometry": { "type": "Point", "coordinates": [ 121.434967752011005, 25.027985456812502, -9999.0 ] } },
{ "type": "Feature", "properties": { "Display": "1K+410", "River": "塔寮坑溪排水左岸", "Name": "塔寮坑溪排水左岸1K+410" }, "geometry": { "type": "Point", "coordinates": [ 121.434868997112005, 25.027992831404301, -9999.0 ] } },
{ "type": "Feature", "properties": { "Display": "1K+420", "River": "塔寮坑溪排水左岸", "Name": "塔寮坑溪排水左岸1K+420" }, "geometry": { "type": "Point", "coordinates": [ 121.434770021567005, 25.027994471043598, -9999.0 ] } },
{ "type": "Feature", "properties": { "Display": "1K+430", "River": "塔寮坑溪排水左岸", "Name": "塔寮坑溪排水左岸1K+430" }, "geometry": { "type": "Point", "coordinates": [ 121.434671055023003, 25.027990084745099, -9999.0 ] } },
{ "type": "Feature", "properties": { "Display": "1K+440", "River": "塔寮坑溪排水左岸", "Name": "塔寮坑溪排水左岸1K+440" }, "geometry": { "type": "Point", "coordinates": [ 121.434572313664006, 25.027982753870301, -9999.0 ] } },
{ "type": "Feature", "properties": { "Display": "1K+450", "River": "塔寮坑溪排水左岸", "Name": "塔寮坑溪排水左岸1K+450" }, "geometry": { "type": "Point", "coordinates": [ 121.434473880998993, 25.0279723948426, -9999.0 ] } },
{ "type": "Feature", "properties": { "Display": "1K+460", "River": "塔寮坑溪排水左岸", "Name": "塔寮坑溪排水左岸1K+460" }, "geometry": { "type": "Point", "coordinates": [ 121.434376065104004, 25.027958353720202, -9999.0 ] } },
{ "type": "Feature", "properties": { "Display": "1K+470", "River": "塔寮坑溪排水左岸", "Name": "塔寮坑溪排水左岸1K+470" }, "geometry": { "type": "Point", "coordinates": [ 121.434279240286003, 25.0279391650209, -9999.0 ] } },
{ "type": "Feature", "properties": { "Display": "1K+480", "River": "塔寮坑溪排水左岸", "Name": "塔寮坑溪排水左岸1K+480" }, "geometry": { "type": "Point", "coordinates": [ 121.434184114812993, 25.027914207998901, -9999.0 ] } },
{ "type": "Feature", "properties": { "Display": "1K+490", "River": "塔寮坑溪排水左岸", "Name": "塔寮坑溪排水左岸1K+490" }, "geometry": { "type": "Point", "coordinates": [ 121.434089985759996, 25.027886047706701, -9999.0 ] } },
{ "type": "Feature", "properties": { "Display": "1K+500", "River": "塔寮坑溪排水左岸", "Name": "塔寮坑溪排水左岸1K+500" }, "geometry": { "type": "Point", "coordinates": [ 121.433997305874996, 25.0278541063178, -9999.0 ] } },
{ "type": "Feature", "properties": { "Display": "1K+510", "River": "塔寮坑溪排水左岸", "Name": "塔寮坑溪排水左岸1K+510" }, "geometry": { "type": "Point", "coordinates": [ 121.433904626035996, 25.027822164870301, -9999.0 ] } },
{ "type": "Feature", "properties": { "Display": "1K+520", "River": "塔寮坑溪排水左岸", "Name": "塔寮坑溪排水左岸1K+520" }, "geometry": { "type": "Point", "coordinates": [ 121.433810961847996, 25.027792812242001, -9999.0 ] } },
{ "type": "Feature", "properties": { "Display": "1K+530", "River": "塔寮坑溪排水左岸", "Name": "塔寮坑溪排水左岸1K+530" }, "geometry": { "type": "Point", "coordinates": [ 121.433716457572004, 25.027765669022699, -9999.0 ] } },
{ "type": "Feature", "properties": { "Display": "1K+540", "River": "塔寮坑溪排水左岸", "Name": "塔寮坑溪排水左岸1K+540" }, "geometry": { "type": "Point", "coordinates": [ 121.433621503845004, 25.027739882709401, -9999.0 ] } },
{ "type": "Feature", "properties": { "Display": "1K+550", "River": "塔寮坑溪排水左岸", "Name": "塔寮坑溪排水左岸1K+550" }, "geometry": { "type": "Point", "coordinates": [ 121.433525737248999, 25.027716800574598, -9999.0 ] } },
{ "type": "Feature", "properties": { "Display": "1K+560", "River": "塔寮坑溪排水左岸", "Name": "塔寮坑溪排水左岸1K+560" }, "geometry": { "type": "Point", "coordinates": [ 121.433428283699996, 25.027701658759, -9999.0 ] } },
{ "type": "Feature", "properties": { "Display": "1K+570", "River": "塔寮坑溪排水左岸", "Name": "塔寮坑溪排水左岸1K+570" }, "geometry": { "type": "Point", "coordinates": [ 121.433330317935997, 25.027688687256902, -9999.0 ] } },
{ "type": "Feature", "properties": { "Display": "1K+580", "River": "塔寮坑溪排水左岸", "Name": "塔寮坑溪排水左岸1K+580" }, "geometry": { "type": "Point", "coordinates": [ 121.433232913949993, 25.027672110426501, -9999.0 ] } },
{ "type": "Feature", "properties": { "Display": "1K+590", "River": "塔寮坑溪排水左岸", "Name": "塔寮坑溪排水左岸1K+590" }, "geometry": { "type": "Point", "coordinates": [ 121.433134640332, 25.027660619395899, -9999.0 ] } },
{ "type": "Feature", "properties": { "Display": "1K+600", "River": "塔寮坑溪排水左岸", "Name": "塔寮坑溪排水左岸1K+600" }, "geometry": { "type": "Point", "coordinates": [ 121.433036226631998, 25.027650101334999, -9999.0 ] } },
{ "type": "Feature", "properties": { "Display": "1K+610", "River": "塔寮坑溪排水左岸", "Name": "塔寮坑溪排水左岸1K+610" }, "geometry": { "type": "Point", "coordinates": [ 121.432938022227006, 25.027657545046299, -9999.0 ] } },
{ "type": "Feature", "properties": { "Display": "1K+620", "River": "塔寮坑溪排水左岸", "Name": "塔寮坑溪排水左岸1K+620" }, "geometry": { "type": "Point", "coordinates": [ 121.432843033249, 25.027682844714001, -9999.0 ] } },
{ "type": "Feature", "properties": { "Display": "1K+630", "River": "塔寮坑溪排水左岸", "Name": "塔寮坑溪排水左岸1K+630" }, "geometry": { "type": "Point", "coordinates": [ 121.432750721695996, 25.0277147209985, -9999.0 ] } },
{ "type": "Feature", "properties": { "Display": "1K+640", "River": "塔寮坑溪排水左岸", "Name": "塔寮坑溪排水左岸1K+640" }, "geometry": { "type": "Point", "coordinates": [ 121.432663419535999, 25.027757420463701, -9999.0 ] } },
{ "type": "Feature", "properties": { "Display": "1K+650", "River": "塔寮坑溪排水左岸", "Name": "塔寮坑溪排水左岸1K+650" }, "geometry": { "type": "Point", "coordinates": [ 121.432574276205997, 25.0277967531737, -9999.0 ] } },
{ "type": "Feature", "properties": { "Display": "1K+660", "River": "塔寮坑溪排水左岸", "Name": "塔寮坑溪排水左岸1K+660" }, "geometry": { "type": "Point", "coordinates": [ 121.432480819535002, 25.027826319945699, -9999.0 ] } },
{ "type": "Feature", "properties": { "Display": "1K+670", "River": "塔寮坑溪排水左岸", "Name": "塔寮坑溪排水左岸1K+670" }, "geometry": { "type": "Point", "coordinates": [ 121.432382918260004, 25.027835540507098, -9999.0 ] } },
{ "type": "Feature", "properties": { "Display": "1K+680", "River": "塔寮坑溪排水左岸", "Name": "塔寮坑溪排水左岸1K+680" }, "geometry": { "type": "Point", "coordinates": [ 121.432285820572005, 25.027821813476201, -9999.0 ] } },
{ "type": "Feature", "properties": { "Display": "1K+690", "River": "塔寮坑溪排水左岸", "Name": "塔寮坑溪排水左岸1K+690" }, "geometry": { "type": "Point", "coordinates": [ 121.432195717176995, 25.027784299473002, -9999.0 ] } },
{ "type": "Feature", "properties": { "Display": "1K+700", "River": "塔寮坑溪排水左岸", "Name": "塔寮坑溪排水左岸1K+700" }, "geometry": { "type": "Point", "coordinates": [ 121.432111656561005, 25.027736875634002, -9999.0 ] } },
{ "type": "Feature", "properties": { "Display": "1K+710", "River": "塔寮坑溪排水左岸", "Name": "塔寮坑溪排水左岸1K+710" }, "geometry": { "type": "Point", "coordinates": [ 121.432031507028995, 25.027683803605701, -9999.0 ] } },
{ "type": "Feature", "properties": { "Display": "1K+720", "River": "塔寮坑溪排水左岸", "Name": "塔寮坑溪排水左岸1K+720" }, "geometry": { "type": "Point", "coordinates": [ 121.431949437363997, 25.027633212987102, -9999.0 ] } },
{ "type": "Feature", "properties": { "Display": "1K+730", "River": "塔寮坑溪排水左岸", "Name": "塔寮坑溪排水左岸1K+730" }, "geometry": { "type": "Point", "coordinates": [ 121.431871006411995, 25.027578047099901, -9999.0 ] } },
{ "type": "Feature", "properties": { "Display": "1K+740", "River": "塔寮坑溪排水左岸", "Name": "塔寮坑溪排水左岸1K+740" }, "geometry": { "type": "Point", "coordinates": [ 121.431787973019993, 25.0275296575774, -9999.0 ] } },
{ "type": "Feature", "properties": { "Display": "1K+750", "River": "塔寮坑溪排水左岸", "Name": "塔寮坑溪排水左岸1K+750" }, "geometry": { "type": "Point", "coordinates": [ 121.431690080913995, 25.027519028271001, -9999.0 ] } },
{ "type": "Feature", "properties": { "Display": "1K+760", "River": "塔寮坑溪排水左岸", "Name": "塔寮坑溪排水左岸1K+760" }, "geometry": { "type": "Point", "coordinates": [ 121.431591015837, 25.0275207501026, -9999.0 ] } },
{ "type": "Feature", "properties": { "Display": "1K+770", "River": "塔寮坑溪排水左岸", "Name": "塔寮坑溪排水左岸1K+770" }, "geometry": { "type": "Point", "coordinates": [ 121.431491946305997, 25.027522516849601, -9999.0 ] } },
{ "type": "Feature", "properties": { "Display": "1K+780", "River": "塔寮坑溪排水左岸", "Name": "塔寮坑溪排水左岸1K+780" }, "geometry": { "type": "Point", "coordinates": [ 121.431392921336993, 25.027525601548, -9999.0 ] } },
{ "type": "Feature", "properties": { "Display": "1K+790", "River": "塔寮坑溪排水左岸", "Name": "塔寮坑溪排水左岸1K+790" }, "geometry": { "type": "Point", "coordinates": [ 121.431294037035997, 25.027531390484398, -9999.0 ] } },
{ "type": "Feature", "properties": { "Display": "1K+800", "River": "塔寮坑溪排水左岸", "Name": "塔寮坑溪排水左岸1K+800" }, "geometry": { "type": "Point", "coordinates": [ 121.431195074182, 25.027535933218001, -9999.0 ] } },
{ "type": "Feature", "properties": { "Display": "1K+810", "River": "塔寮坑溪排水左岸", "Name": "塔寮坑溪排水左岸1K+810" }, "geometry": { "type": "Point", "coordinates": [ 121.431096112285005, 25.027540486530999, -9999.0 ] } },
{ "type": "Feature", "properties": { "Display": "1K+820", "River": "塔寮坑溪排水左岸", "Name": "塔寮坑溪排水左岸1K+820" }, "geometry": { "type": "Point", "coordinates": [ 121.430997174756996, 25.027545469042199, -9999.0 ] } },
{ "type": "Feature", "properties": { "Display": "1K+830", "River": "塔寮坑溪排水左岸", "Name": "塔寮坑溪排水左岸1K+830" }, "geometry": { "type": "Point", "coordinates": [ 121.430898335617997, 25.027551802263002, -9999.0 ] } },
{ "type": "Feature", "properties": { "Display": "1K+840", "River": "塔寮坑溪排水左岸", "Name": "塔寮坑溪排水左岸1K+840" }, "geometry": { "type": "Point", "coordinates": [ 121.430799543201005, 25.027558776951601, -9999.0 ] } },
{ "type": "Feature", "properties": { "Display": "1K+850", "River": "塔寮坑溪排水左岸", "Name": "塔寮坑溪排水左岸1K+850" }, "geometry": { "type": "Point", "coordinates": [ 121.430700653534004, 25.0275644554549, -9999.0 ] } },
{ "type": "Feature", "properties": { "Display": "1K+860", "River": "塔寮坑溪排水左岸", "Name": "塔寮坑溪排水左岸1K+860" }, "geometry": { "type": "Point", "coordinates": [ 121.430607275013003, 25.027594660056302, -9999.0 ] } },
{ "type": "Feature", "properties": { "Display": "1K+870", "River": "塔寮坑溪排水左岸", "Name": "塔寮坑溪排水左岸1K+870" }, "geometry": { "type": "Point", "coordinates": [ 121.430513896446001, 25.027624864599499, -9999.0 ] } },
{ "type": "Feature", "properties": { "Display": "1K+880", "River": "塔寮坑溪排水左岸", "Name": "塔寮坑溪排水左岸1K+880" }, "geometry": { "type": "Point", "coordinates": [ 121.430420517830996, 25.027655069084499, -9999.0 ] } },
{ "type": "Feature", "properties": { "Display": "1K+890", "River": "塔寮坑溪排水左岸", "Name": "塔寮坑溪排水左岸1K+890" }, "geometry": { "type": "Point", "coordinates": [ 121.430327759061996, 25.027686768959299, -9999.0 ] } },
{ "type": "Feature", "properties": { "Display": "1K+900", "River": "塔寮坑溪排水左岸", "Name": "塔寮坑溪排水左岸1K+900" }, "geometry": { "type": "Point", "coordinates": [ 121.430233878853002, 25.027715263224898, -9999.0 ] } },
{ "type": "Feature", "properties": { "Display": "1K+910", "River": "塔寮坑溪排水左岸", "Name": "塔寮坑溪排水左岸1K+910" }, "geometry": { "type": "Point", "coordinates": [ 121.430139878039995, 25.0277435829457, -9999.0 ] } },
{ "type": "Feature", "properties": { "Display": "1K+920", "River": "塔寮坑溪排水左岸", "Name": "塔寮坑溪排水左岸1K+920" }, "geometry": { "type": "Point", "coordinates": [ 121.430047039200005, 25.0277751387178, -9999.0 ] } },
{ "type": "Feature", "properties": { "Display": "1K+930", "River": "塔寮坑溪排水左岸", "Name": "塔寮坑溪排水左岸1K+930" }, "geometry": { "type": "Point", "coordinates": [ 121.429954026889007, 25.027806265067198, -9999.0 ] } },
{ "type": "Feature", "properties": { "Display": "1K+940", "River": "塔寮坑溪排水左岸", "Name": "塔寮坑溪排水左岸1K+940" }, "geometry": { "type": "Point", "coordinates": [ 121.429860883974996, 25.027837068125901, -9999.0 ] } },
{ "type": "Feature", "properties": { "Display": "1K+950", "River": "塔寮坑溪排水左岸", "Name": "塔寮坑溪排水左岸1K+950" }, "geometry": { "type": "Point", "coordinates": [ 121.429767741014004, 25.027867871126801, -9999.0 ] } },
{ "type": "Feature", "properties": { "Display": "1K+960", "River": "塔寮坑溪排水左岸", "Name": "塔寮坑溪排水左岸1K+960" }, "geometry": { "type": "Point", "coordinates": [ 121.429674598004993, 25.0278986740698, -9999.0 ] } },
{ "type": "Feature", "properties": { "Display": "1K+970", "River": "塔寮坑溪排水左岸", "Name": "塔寮坑溪排水左岸1K+970" }, "geometry": { "type": "Point", "coordinates": [ 121.429581876021999, 25.027930169795301, -9999.0 ] } },
{ "type": "Feature", "properties": { "Display": "1K+980", "River": "塔寮坑溪排水左岸", "Name": "塔寮坑溪排水左岸1K+980" }, "geometry": { "type": "Point", "coordinates": [ 121.429491102680998, 25.0279663722458, -9999.0 ] } },
{ "type": "Feature", "properties": { "Display": "1K+990", "River": "塔寮坑溪排水左岸", "Name": "塔寮坑溪排水左岸1K+990" }, "geometry": { "type": "Point", "coordinates": [ 121.429404197169006, 25.028008923950001, -9999.0 ] } },
{ "type": "Feature", "properties": { "Display": "2K+000", "River": "塔寮坑溪排水左岸", "Name": "塔寮坑溪排水左岸2K+000" }, "geometry": { "type": "Point", "coordinates": [ 121.429322460172003, 25.028059960070799, -9999.0 ] } },
{ "type": "Feature", "properties": { "Display": "2K+010", "River": "塔寮坑溪排水左岸", "Name": "塔寮坑溪排水左岸2K+010" }, "geometry": { "type": "Point", "coordinates": [ 121.429240723107, 25.028110996147301, -9999.0 ] } },
{ "type": "Feature", "properties": { "Display": "2K+020", "River": "塔寮坑溪排水左岸", "Name": "塔寮坑溪排水左岸2K+020" }, "geometry": { "type": "Point", "coordinates": [ 121.429158867696998, 25.028161873417599, -9999.0 ] } },
{ "type": "Feature", "properties": { "Display": "2K+030", "River": "塔寮坑溪排水左岸", "Name": "塔寮坑溪排水左岸2K+030" }, "geometry": { "type": "Point", "coordinates": [ 121.429076634504995, 25.028212243641001, -9999.0 ] } },
{ "type": "Feature", "properties": { "Display": "2K+040", "River": "塔寮坑溪排水左岸", "Name": "塔寮坑溪排水左岸2K+040" }, "geometry": { "type": "Point", "coordinates": [ 121.428990280427001, 25.028256323040299, -9999.0 ] } },
{ "type": "Feature", "properties": { "Display": "2K+050", "River": "塔寮坑溪排水左岸", "Name": "塔寮坑溪排水左岸2K+050" }, "geometry": { "type": "Point", "coordinates": [ 121.428901481471001, 25.028296052481199, -9999.0 ] } },
{ "type": "Feature", "properties": { "Display": "2K+060", "River": "塔寮坑溪排水左岸", "Name": "塔寮坑溪排水左岸2K+060" }, "geometry": { "type": "Point", "coordinates": [ 121.428807671773995, 25.028325026811402, -9999.0 ] } },
{ "type": "Feature", "properties": { "Display": "2K+070", "River": "塔寮坑溪排水左岸", "Name": "塔寮坑溪排水左岸2K+070" }, "geometry": { "type": "Point", "coordinates": [ 121.428712148825994, 25.028349029689299, -9999.0 ] } },
{ "type": "Feature", "properties": { "Display": "2K+080", "River": "塔寮坑溪排水左岸", "Name": "塔寮坑溪排水左岸2K+080" }, "geometry": { "type": "Point", "coordinates": [ 121.428615657961998, 25.028369160245301, -9999.0 ] } },
{ "type": "Feature", "properties": { "Display": "2K+090", "River": "塔寮坑溪排水左岸", "Name": "塔寮坑溪排水左岸2K+090" }, "geometry": { "type": "Point", "coordinates": [ 121.428517100972002, 25.028377658772499, -9999.0 ] } },
{ "type": "Feature", "properties": { "Display": "2K+100", "River": "塔寮坑溪排水左岸", "Name": "塔寮坑溪排水左岸2K+100" }, "geometry": { "type": "Point", "coordinates": [ 121.428418056224004, 25.028375262198399, -9999.0 ] } },
{ "type": "Feature", "properties": { "Display": "2K+110", "River": "塔寮坑溪排水左岸", "Name": "塔寮坑溪排水左岸2K+110" }, "geometry": { "type": "Point", "coordinates": [ 121.428319300254998, 25.028368394815701, -9999.0 ] } },
{ "type": "Feature", "properties": { "Display": "2K+120", "River": "塔寮坑溪排水左岸", "Name": "塔寮坑溪排水左岸2K+120" }, "geometry": { "type": "Point", "coordinates": [ 121.428221399525, 25.0283553128045, -9999.0 ] } },
{ "type": "Feature", "properties": { "Display": "2K+130", "River": "塔寮坑溪排水左岸", "Name": "塔寮坑溪排水左岸2K+130" }, "geometry": { "type": "Point", "coordinates": [ 121.428125616927005, 25.028332256707898, -9999.0 ] } },
{ "type": "Feature", "properties": { "Display": "2K+140", "River": "塔寮坑溪排水左岸", "Name": "塔寮坑溪排水左岸2K+140" }, "geometry": { "type": "Point", "coordinates": [ 121.428032699460999, 25.0283009763804, -9999.0 ] } },
{ "type": "Feature", "properties": { "Display": "2K+150", "River": "塔寮坑溪排水左岸", "Name": "塔寮坑溪排水左岸2K+150" }, "geometry": { "type": "Point", "coordinates": [ 121.427941751017002, 25.028265155179898, -9999.0 ] } },
{ "type": "Feature", "properties": { "Display": "2K+160", "River": "塔寮坑溪排水左岸", "Name": "塔寮坑溪排水左岸2K+160" }, "geometry": { "type": "Point", "coordinates": [ 121.427851261727, 25.028228366681802, -9999.0 ] } },
{ "type": "Feature", "properties": { "Display": "2K+170", "River": "塔寮坑溪排水左岸", "Name": "塔寮坑溪排水左岸2K+170" }, "geometry": { "type": "Point", "coordinates": [ 121.427760635726003, 25.028191860148699, -9999.0 ] } },
{ "type": "Feature", "properties": { "Display": "2K+180", "River": "塔寮坑溪排水左岸", "Name": "塔寮坑溪排水左岸2K+180" }, "geometry": { "type": "Point", "coordinates": [ 121.427670787864002, 25.028153798245501, -9999.0 ] } },
{ "type": "Feature", "properties": { "Display": "2K+190", "River": "塔寮坑溪排水左岸", "Name": "塔寮坑溪排水左岸2K+190" }, "geometry": { "type": "Point", "coordinates": [ 121.427578768299, 25.028120613437999, -9999.0 ] } },
{ "type": "Feature", "properties": { "Display": "2K+200", "River": "塔寮坑溪排水左岸", "Name": "塔寮坑溪排水左岸2K+200" }, "geometry": { "type": "Point", "coordinates": [ 121.427484352782002, 25.028093264780999, -9999.0 ] } },
{ "type": "Feature", "properties": { "Display": "2K+210", "River": "塔寮坑溪排水左岸", "Name": "塔寮坑溪排水左岸2K+210" }, "geometry": { "type": "Point", "coordinates": [ 121.427388417821007, 25.028070766607701, -9999.0 ] } },
{ "type": "Feature", "properties": { "Display": "2K+220", "River": "塔寮坑溪排水左岸", "Name": "塔寮坑溪排水左岸2K+220" }, "geometry": { "type": "Point", "coordinates": [ 121.427290238254002, 25.028059656155399, -9999.0 ] } },
{ "type": "Feature", "properties": { "Display": "2K+230", "River": "塔寮坑溪排水左岸", "Name": "塔寮坑溪排水左岸2K+230" }, "geometry": { "type": "Point", "coordinates": [ 121.427191201423, 25.0280587234572, -9999.0 ] } },
{ "type": "Feature", "properties": { "Display": "2K+240", "River": "塔寮坑溪排水左岸", "Name": "塔寮坑溪排水左岸2K+240" }, "geometry": { "type": "Point", "coordinates": [ 121.427092264240002, 25.028063687668599, -9999.0 ] } },
{ "type": "Feature", "properties": { "Display": "2K+250", "River": "塔寮坑溪排水左岸", "Name": "塔寮坑溪排水左岸2K+250" }, "geometry": { "type": "Point", "coordinates": [ 121.426994521775001, 25.0280751875849, -9999.0 ] } },
{ "type": "Feature", "properties": { "Display": "2K+260", "River": "塔寮坑溪排水左岸", "Name": "塔寮坑溪排水左岸2K+260" }, "geometry": { "type": "Point", "coordinates": [ 121.426899285274004, 25.028100116907702, -9999.0 ] } },
{ "type": "Feature", "properties": { "Display": "2K+270", "River": "塔寮坑溪排水左岸", "Name": "塔寮坑溪排水左岸2K+270" }, "geometry": { "type": "Point", "coordinates": [ 121.426804454323999, 25.028126294060201, -9999.0 ] } },
{ "type": "Feature", "properties": { "Display": "2K+280", "River": "塔寮坑溪排水左岸", "Name": "塔寮坑溪排水左岸2K+280" }, "geometry": { "type": "Point", "coordinates": [ 121.426709165177002, 25.028151040286001, -9999.0 ] } },
{ "type": "Feature", "properties": { "Display": "2K+290", "River": "塔寮坑溪排水左岸", "Name": "塔寮坑溪排水左岸2K+290" }, "geometry": { "type": "Point", "coordinates": [ 121.426613732128004, 25.028175337841901, -9999.0 ] } },
{ "type": "Feature", "properties": { "Display": "2K+300", "River": "塔寮坑溪排水左岸", "Name": "塔寮坑溪排水左岸2K+300" }, "geometry": { "type": "Point", "coordinates": [ 121.426517977797005, 25.0281905992289, -9999.0 ] } },
{ "type": "Feature", "properties": { "Display": "2K+310", "River": "塔寮坑溪排水左岸", "Name": "塔寮坑溪排水左岸2K+310" }, "geometry": { "type": "Point", "coordinates": [ 121.426421018962998, 25.028171979593498, -9999.0 ] } },
{ "type": "Feature", "properties": { "Display": "2K+320", "River": "塔寮坑溪排水左岸", "Name": "塔寮坑溪排水左岸2K+320" }, "geometry": { "type": "Point", "coordinates": [ 121.426326785227005, 25.0281556986459, -9999.0 ] } },
{ "type": "Feature", "properties": { "Display": "2K+330", "River": "塔寮坑溪排水左岸", "Name": "塔寮坑溪排水左岸2K+330" }, "geometry": { "type": "Point", "coordinates": [ 121.426238739078002, 25.0281142803337, -9999.0 ] } },
{ "type": "Feature", "properties": { "Display": "2K+340", "River": "塔寮坑溪排水左岸", "Name": "塔寮坑溪排水左岸2K+340" }, "geometry": { "type": "Point", "coordinates": [ 121.426145541321006, 25.0280868985739, -9999.0 ] } },
{ "type": "Feature", "properties": { "Display": "2K+350", "River": "塔寮坑溪排水左岸", "Name": "塔寮坑溪排水左岸2K+350" }, "geometry": { "type": "Point", "coordinates": [ 121.426047860633005, 25.028071731362399, -9999.0 ] } },
{ "type": "Feature", "properties": { "Display": "2K+360", "River": "塔寮坑溪排水左岸", "Name": "塔寮坑溪排水左岸2K+360" }, "geometry": { "type": "Point", "coordinates": [ 121.425950179967998, 25.028056564086398, -9999.0 ] } },
{ "type": "Feature", "properties": { "Display": "2K+370", "River": "塔寮坑溪排水左岸", "Name": "塔寮坑溪排水左岸2K+370" }, "geometry": { "type": "Point", "coordinates": [ 121.425852539757997, 25.028041182499202, -9999.0 ] } },
{ "type": "Feature", "properties": { "Display": "2K+380", "River": "塔寮坑溪排水左岸", "Name": "塔寮坑溪排水左岸2K+380" }, "geometry": { "type": "Point", "coordinates": [ 121.425754908729004, 25.028025752320801, -9999.0 ] } },
{ "type": "Feature", "properties": { "Display": "2K+390", "River": "塔寮坑溪排水左岸", "Name": "塔寮坑溪排水左岸2K+390" }, "geometry": { "type": "Point", "coordinates": [ 121.425657277723005, 25.028010322078, -9999.0 ] } },
{ "type": "Feature", "properties": { "Display": "2K+400", "River": "塔寮坑溪排水左岸", "Name": "塔寮坑溪排水左岸2K+400" }, "geometry": { "type": "Point", "coordinates": [ 121.425559646740993, 25.0279948917706, -9999.0 ] } },
{ "type": "Feature", "properties": { "Display": "2K+410", "River": "塔寮坑溪排水左岸", "Name": "塔寮坑溪排水左岸2K+410" }, "geometry": { "type": "Point", "coordinates": [ 121.425462015782998, 25.0279794613988, -9999.0 ] } },
{ "type": "Feature", "properties": { "Display": "2K+420", "River": "塔寮坑溪排水左岸", "Name": "塔寮坑溪排水左岸2K+420" }, "geometry": { "type": "Point", "coordinates": [ 121.425364384847001, 25.027964030962501, -9999.0 ] } },
{ "type": "Feature", "properties": { "Display": "2K+430", "River": "塔寮坑溪排水左岸", "Name": "塔寮坑溪排水左岸2K+430" }, "geometry": { "type": "Point", "coordinates": [ 121.425266703337002, 25.027948870978701, -9999.0 ] } },
{ "type": "Feature", "properties": { "Display": "2K+440", "River": "塔寮坑溪排水左岸", "Name": "塔寮坑溪排水左岸2K+440" }, "geometry": { "type": "Point", "coordinates": [ 121.425169330157999, 25.0279322554548, -9999.0 ] } },
{ "type": "Feature", "properties": { "Display": "2K+450", "River": "塔寮坑溪排水左岸", "Name": "塔寮坑溪排水左岸2K+450" }, "geometry": { "type": "Point", "coordinates": [ 121.425073025474006, 25.027911330635899, -9999.0 ] } },
{ "type": "Feature", "properties": { "Display": "2K+460", "River": "塔寮坑溪排水左岸", "Name": "塔寮坑溪排水左岸2K+460" }, "geometry": { "type": "Point", "coordinates": [ 121.424978979298004, 25.027883087122301, -9999.0 ] } },
{ "type": "Feature", "properties": { "Display": "2K+470", "River": "塔寮坑溪排水左岸", "Name": "塔寮坑溪排水左岸2K+470" }, "geometry": { "type": "Point", "coordinates": [ 121.424887540583995, 25.027848302470701, -9999.0 ] } },
{ "type": "Feature", "properties": { "Display": "2K+480", "River": "塔寮坑溪排水左岸", "Name": "塔寮坑溪排水左岸2K+480" }, "geometry": { "type": "Point", "coordinates": [ 121.424799418308993, 25.0278071788705, -9999.0 ] } },
{ "type": "Feature", "properties": { "Display": "2K+490", "River": "塔寮坑溪排水左岸", "Name": "塔寮坑溪排水左岸2K+490" }, "geometry": { "type": "Point", "coordinates": [ 121.424712183140002, 25.027764360187799, -9999.0 ] } },
{ "type": "Feature", "properties": { "Display": "2K+500", "River": "塔寮坑溪排水左岸", "Name": "塔寮坑溪排水左岸2K+500" }, "geometry": { "type": "Point", "coordinates": [ 121.424626037460001, 25.027719747955899, -9999.0 ] } },
{ "type": "Feature", "properties": { "Display": "2K+510", "River": "塔寮坑溪排水左岸", "Name": "塔寮坑溪排水左岸2K+510" }, "geometry": { "type": "Point", "coordinates": [ 121.424540768092996, 25.0276737914356, -9999.0 ] } },
{ "type": "Feature", "properties": { "Display": "2K+520", "River": "塔寮坑溪排水左岸", "Name": "塔寮坑溪排水左岸2K+520" }, "geometry": { "type": "Point", "coordinates": [ 121.424456553542001, 25.027626216792999, -9999.0 ] } },
{ "type": "Feature", "properties": { "Display": "2K+530", "River": "塔寮坑溪排水左岸", "Name": "塔寮坑溪排水左岸2K+530" }, "geometry": { "type": "Point", "coordinates": [ 121.424370944895003, 25.027580767200501, -9999.0 ] } },
{ "type": "Feature", "properties": { "Display": "2K+540", "River": "塔寮坑溪排水左岸", "Name": "塔寮坑溪排水左岸2K+540" }, "geometry": { "type": "Point", "coordinates": [ 121.424284976685996, 25.027535872099399, -9999.0 ] } },
{ "type": "Feature", "properties": { "Display": "2K+550", "River": "塔寮坑溪排水左岸", "Name": "塔寮坑溪排水左岸2K+550" }, "geometry": { "type": "Point", "coordinates": [ 121.424198794253002, 25.027491320196599, -9999.0 ] } },
{ "type": "Feature", "properties": { "Display": "2K+560", "River": "塔寮坑溪排水左岸", "Name": "塔寮坑溪排水左岸2K+560" }, "geometry": { "type": "Point", "coordinates": [ 121.424112862544007, 25.027446406683399, -9999.0 ] } },
{ "type": "Feature", "properties": { "Display": "2K+570", "River": "塔寮坑溪排水左岸", "Name": "塔寮坑溪排水左岸2K+570" }, "geometry": { "type": "Point", "coordinates": [ 121.424027800568993, 25.027400123588301, -9999.0 ] } },
{ "type": "Feature", "properties": { "Display": "2K+580", "River": "塔寮坑溪排水左岸", "Name": "塔寮坑溪排水左岸2K+580" }, "geometry": { "type": "Point", "coordinates": [ 121.423942192007999, 25.0273546617553, -9999.0 ] } },
{ "type": "Feature", "properties": { "Display": "2K+590", "River": "塔寮坑溪排水左岸", "Name": "塔寮坑溪排水左岸2K+590" }, "geometry": { "type": "Point", "coordinates": [ 121.423856602018006, 25.027309170727001, -9999.0 ] } },
{ "type": "Feature", "properties": { "Display": "2K+600", "River": "塔寮坑溪排水左岸", "Name": "塔寮坑溪排水左岸2K+600" }, "geometry": { "type": "Point", "coordinates": [ 121.423771004461003, 25.0272636915889, -9999.0 ] } },
{ "type": "Feature", "properties": { "Display": "2K+610", "River": "塔寮坑溪排水左岸", "Name": "塔寮坑溪排水左岸2K+610" }, "geometry": { "type": "Point", "coordinates": [ 121.423685331130997, 25.027218331073701, -9999.0 ] } },
{ "type": "Feature", "properties": { "Display": "2K+620", "River": "塔寮坑溪排水左岸", "Name": "塔寮坑溪排水左岸2K+620" }, "geometry": { "type": "Point", "coordinates": [ 121.423601308585006, 25.027170515070399, -9999.0 ] } },
{ "type": "Feature", "properties": { "Display": "2K+630", "River": "塔寮坑溪排水左岸", "Name": "塔寮坑溪排水左岸2K+630" }, "geometry": { "type": "Point", "coordinates": [ 121.423518032730996, 25.027121588414701, -9999.0 ] } },
{ "type": "Feature", "properties": { "Display": "2K+640", "River": "塔寮坑溪排水左岸", "Name": "塔寮坑溪排水左岸2K+640" }, "geometry": { "type": "Point", "coordinates": [ 121.423436619113005, 25.027070336015601, -9999.0 ] } },
{ "type": "Feature", "properties": { "Display": "2K+650", "River": "塔寮坑溪排水左岸", "Name": "塔寮坑溪排水左岸2K+650" }, "geometry": { "type": "Point", "coordinates": [ 121.423358174106994, 25.027015201561301, -9999.0 ] } },
{ "type": "Feature", "properties": { "Display": "2K+660", "River": "塔寮坑溪排水左岸", "Name": "塔寮坑溪排水左岸2K+660" }, "geometry": { "type": "Point", "coordinates": [ 121.423275140889999, 25.026966019624801, -9999.0 ] } },
{ "type": "Feature", "properties": { "Display": "2K+670", "River": "塔寮坑溪排水左岸", "Name": "塔寮坑溪排水左岸2K+670" }, "geometry": { "type": "Point", "coordinates": [ 121.423191269195996, 25.026917945663602, -9999.0 ] } },
{ "type": "Feature", "properties": { "Display": "2K+680", "River": "塔寮坑溪排水左岸", "Name": "塔寮坑溪排水左岸2K+680" }, "geometry": { "type": "Point", "coordinates": [ 121.423106870736007, 25.026870643074801, -9999.0 ] } },
{ "type": "Feature", "properties": { "Display": "2K+690", "River": "塔寮坑溪排水左岸", "Name": "塔寮坑溪排水左岸2K+690" }, "geometry": { "type": "Point", "coordinates": [ 121.423022472339994, 25.026823340437002, -9999.0 ] } },
{ "type": "Feature", "properties": { "Display": "2K+700", "River": "塔寮坑溪排水左岸", "Name": "塔寮坑溪排水左岸2K+700" }, "geometry": { "type": "Point", "coordinates": [ 121.422938074008002, 25.0267760377501, -9999.0 ] } },
{ "type": "Feature", "properties": { "Display": "2K+710", "River": "塔寮坑溪排水左岸", "Name": "塔寮坑溪排水左岸2K+710" }, "geometry": { "type": "Point", "coordinates": [ 121.422850154339002, 25.026740709059901, -9999.0 ] } },
{ "type": "Feature", "properties": { "Display": "2K+720", "River": "塔寮坑溪排水左岸", "Name": "塔寮坑溪排水左岸2K+720" }, "geometry": { "type": "Point", "coordinates": [ 121.422761526947994, 25.026700377013199, -9999.0 ] } },
{ "type": "Feature", "properties": { "Display": "2K+730", "River": "塔寮坑溪排水左岸", "Name": "塔寮坑溪排水左岸2K+730" }, "geometry": { "type": "Point", "coordinates": [ 121.422673556248995, 25.026658827568099, -9999.0 ] } },
{ "type": "Feature", "properties": { "Display": "2K+740", "River": "塔寮坑溪排水左岸", "Name": "塔寮坑溪排水左岸2K+740" }, "geometry": { "type": "Point", "coordinates": [ 121.422585585606996, 25.026617278069899, -9999.0 ] } },
{ "type": "Feature", "properties": { "Display": "2K+750", "River": "塔寮坑溪排水左岸", "Name": "塔寮坑溪排水左岸2K+750" }, "geometry": { "type": "Point", "coordinates": [ 121.422499233235001, 25.026573029027499, -9999.0 ] } },
{ "type": "Feature", "properties": { "Display": "2K+760", "River": "塔寮坑溪排水左岸", "Name": "塔寮坑溪排水左岸2K+760" }, "geometry": { "type": "Point", "coordinates": [ 121.422413319653998, 25.0265280480466, -9999.0 ] } },
{ "type": "Feature", "properties": { "Display": "2K+770", "River": "塔寮坑溪排水左岸", "Name": "塔寮坑溪排水左岸2K+770" }, "geometry": { "type": "Point", "coordinates": [ 121.422327573670998, 25.0264828056374, -9999.0 ] } },
{ "type": "Feature", "properties": { "Display": "2K+780", "River": "塔寮坑溪排水左岸", "Name": "塔寮坑溪排水左岸2K+780" }, "geometry": { "type": "Point", "coordinates": [ 121.422241889651005, 25.026437467994899, -9999.0 ] } },
{ "type": "Feature", "properties": { "Display": "2K+790", "River": "塔寮坑溪排水左岸", "Name": "塔寮坑溪排水左岸2K+790" }, "geometry": { "type": "Point", "coordinates": [ 121.422158547481999, 25.026388696698898, -9999.0 ] } },
{ "type": "Feature", "properties": { "Display": "2K+800", "River": "塔寮坑溪排水左岸", "Name": "塔寮坑溪排水左岸2K+800" }, "geometry": { "type": "Point", "coordinates": [ 121.422078318719002, 25.0263359304437, -9999.0 ] } },
{ "type": "Feature", "properties": { "Display": "2K+810", "River": "塔寮坑溪排水左岸", "Name": "塔寮坑溪排水左岸2K+810" }, "geometry": { "type": "Point", "coordinates": [ 121.422002277356, 25.026278046422799, -9999.0 ] } },
{ "type": "Feature", "properties": { "Display": "2K+820", "River": "塔寮坑溪排水左岸", "Name": "塔寮坑溪排水左岸2K+820" }, "geometry": { "type": "Point", "coordinates": [ 121.421921201315996, 25.026226474032899, -9999.0 ] } },
{ "type": "Feature", "properties": { "Display": "2K+830", "River": "塔寮坑溪排水左岸", "Name": "塔寮坑溪排水左岸2K+830" }, "geometry": { "type": "Point", "coordinates": [ 121.421836956769994, 25.026178948750999, -9999.0 ] } },
{ "type": "Feature", "properties": { "Display": "2K+840", "River": "塔寮坑溪排水左岸", "Name": "塔寮坑溪排水左岸2K+840" }, "geometry": { "type": "Point", "coordinates": [ 121.421750779985004, 25.026134448236899, -9999.0 ] } },
{ "type": "Feature", "properties": { "Display": "2K+850", "River": "塔寮坑溪排水左岸", "Name": "塔寮坑溪排水左岸2K+850" }, "geometry": { "type": "Point", "coordinates": [ 121.42171105061, 25.026055026461702, -4846.894291146670184 ] } },
{ "type": "Feature", "properties": { "Display": "2K+860", "River": "塔寮坑溪排水左岸", "Name": "塔寮坑溪排水左岸2K+860" }, "geometry": { "type": "Point", "coordinates": [ 121.421702648573003, 25.025990164884, 0.0 ] } },
{ "type": "Feature", "properties": { "Display": "2K+870", "River": "塔寮坑溪排水左岸", "Name": "塔寮坑溪排水左岸2K+870" }, "geometry": { "type": "Point", "coordinates": [ 121.421715667160996, 25.025964805272402, 0.0 ] } },
{ "type": "Feature", "properties": { "Display": "2K+880", "River": "塔寮坑溪排水左岸", "Name": "塔寮坑溪排水左岸2K+880" }, "geometry": { "type": "Point", "coordinates": [ 121.421652248312, 25.025895439960902, 0.0 ] } },
{ "type": "Feature", "properties": { "Display": "2K+890", "River": "塔寮坑溪排水左岸", "Name": "塔寮坑溪排水左岸2K+890" }, "geometry": { "type": "Point", "coordinates": [ 121.421588859246, 25.025826049645801, 0.0 ] } },
{ "type": "Feature", "properties": { "Display": "2K+900", "River": "塔寮坑溪排水左岸", "Name": "塔寮坑溪排水左岸2K+900" }, "geometry": { "type": "Point", "coordinates": [ 121.421525679116996, 25.025756501293198, 0.0 ] } },
{ "type": "Feature", "properties": { "Display": "2K+910", "River": "塔寮坑溪排水左岸", "Name": "塔寮坑溪排水左岸2K+910" }, "geometry": { "type": "Point", "coordinates": [ 121.421462499059999, 25.025686952912199, 0.0 ] } },
{ "type": "Feature", "properties": { "Display": "2K+920", "River": "塔寮坑溪排水左岸", "Name": "塔寮坑溪排水左岸2K+920" }, "geometry": { "type": "Point", "coordinates": [ 121.421395886222996, 25.025620228626298, 0.0 ] } },
{ "type": "Feature", "properties": { "Display": "2K+930", "River": "塔寮坑溪排水左岸", "Name": "塔寮坑溪排水左岸2K+930" }, "geometry": { "type": "Point", "coordinates": [ 121.421328709476995, 25.025554012669399, 0.0 ] } },
{ "type": "Feature", "properties": { "Display": "2K+940", "River": "塔寮坑溪排水左岸", "Name": "塔寮坑溪排水左岸2K+940" }, "geometry": { "type": "Point", "coordinates": [ 121.421267277734998, 25.0254831760464, 0.0 ] } },
{ "type": "Feature", "properties": { "Display": "2K+950", "River": "塔寮坑溪排水左岸", "Name": "塔寮坑溪排水左岸2K+950" }, "geometry": { "type": "Point", "coordinates": [ 121.421210289710999, 25.0254094683382, 0.0 ] } },
{ "type": "Feature", "properties": { "Display": "2K+960", "River": "塔寮坑溪排水左岸", "Name": "塔寮坑溪排水左岸2K+960" }, "geometry": { "type": "Point", "coordinates": [ 121.421153725351004, 25.025335728801799, 0.0 ] } },
{ "type": "Feature", "properties": { "Display": "2K+970", "River": "塔寮坑溪排水左岸", "Name": "塔寮坑溪排水左岸2K+970" }, "geometry": { "type": "Point", "coordinates": [ 121.421085059929993, 25.0252706399225, 0.0 ] } },
{ "type": "Feature", "properties": { "Display": "2K+980", "River": "塔寮坑溪排水左岸", "Name": "塔寮坑溪排水左岸2K+980" }, "geometry": { "type": "Point", "coordinates": [ 121.421016394581997, 25.025205551009901, 0.0 ] } },
{ "type": "Feature", "properties": { "Display": "2K+990", "River": "塔寮坑溪排水左岸", "Name": "塔寮坑溪排水左岸2K+990" }, "geometry": { "type": "Point", "coordinates": [ 121.420949862822994, 25.0251387012108, 0.0 ] } },
{ "type": "Feature", "properties": { "Display": "3K+000", "River": "塔寮坑溪排水左岸", "Name": "塔寮坑溪排水左岸3K+000" }, "geometry": { "type": "Point", "coordinates": [ 121.420891382310998, 25.025065885318, 0.0 ] } },
{ "type": "Feature", "properties": { "Display": "3K+010", "River": "塔寮坑溪排水左岸", "Name": "塔寮坑溪排水左岸3K+010" }, "geometry": { "type": "Point", "coordinates": [ 121.420843421000995, 25.024986947472001, 0.0 ] } },
{ "type": "Feature", "properties": { "Display": "3K+020", "River": "塔寮坑溪排水左岸", "Name": "塔寮坑溪排水左岸3K+020" }, "geometry": { "type": "Point", "coordinates": [ 121.420805942127004, 25.024903476945799, 0.0 ] } },
{ "type": "Feature", "properties": { "Display": "3K+030", "River": "塔寮坑溪排水左岸", "Name": "塔寮坑溪排水左岸3K+030" }, "geometry": { "type": "Point", "coordinates": [ 121.420774878645005, 25.0248177468848, 0.0 ] } },
{ "type": "Feature", "properties": { "Display": "3K+040", "River": "塔寮坑溪排水左岸", "Name": "塔寮坑溪排水左岸3K+040" }, "geometry": { "type": "Point", "coordinates": [ 121.420743971248001, 25.024731969767, 0.0 ] } },
{ "type": "Feature", "properties": { "Display": "3K+050", "River": "塔寮坑溪排水左岸", "Name": "塔寮坑溪排水左岸3K+050" }, "geometry": { "type": "Point", "coordinates": [ 121.420713063896002, 25.024646192641399, 0.0 ] } },
{ "type": "Feature", "properties": { "Display": "3K+060", "River": "塔寮坑溪排水左岸", "Name": "塔寮坑溪排水左岸3K+060" }, "geometry": { "type": "Point", "coordinates": [ 121.420682156587006, 25.0245604155077, 0.0 ] } },
{ "type": "Feature", "properties": { "Display": "3K+070", "River": "塔寮坑溪排水左岸", "Name": "塔寮坑溪排水左岸3K+070" }, "geometry": { "type": "Point", "coordinates": [ 121.420652195396997, 25.024474361147799, 0.0 ] } },
{ "type": "Feature", "properties": { "Display": "3K+080", "River": "塔寮坑溪排水左岸", "Name": "塔寮坑溪排水左岸3K+080" }, "geometry": { "type": "Point", "coordinates": [ 121.420622432602002, 25.024388248659399, 0.0 ] } },
{ "type": "Feature", "properties": { "Display": "3K+090", "River": "塔寮坑溪排水左岸", "Name": "塔寮坑溪排水左岸3K+090" }, "geometry": { "type": "Point", "coordinates": [ 121.420592669849, 25.024302136163499, 0.0 ] } },
{ "type": "Feature", "properties": { "Display": "3K+100", "River": "塔寮坑溪排水左岸", "Name": "塔寮坑溪排水左岸3K+100" }, "geometry": { "type": "Point", "coordinates": [ 121.420563143086994, 25.024215956401601, 0.0 ] } },
{ "type": "Feature", "properties": { "Display": "3K+110", "River": "塔寮坑溪排水左岸", "Name": "塔寮坑溪排水左岸3K+110" }, "geometry": { "type": "Point", "coordinates": [ 121.420533734900999, 25.0241297428434, 0.0 ] } },
{ "type": "Feature", "properties": { "Display": "3K+120", "River": "塔寮坑溪排水左岸", "Name": "塔寮坑溪排水左岸3K+120" }, "geometry": { "type": "Point", "coordinates": [ 121.420504326756998, 25.024043529277801, 0.0 ] } },
{ "type": "Feature", "properties": { "Display": "3K+130", "River": "塔寮坑溪排水左岸", "Name": "塔寮坑溪排水左岸3K+130" }, "geometry": { "type": "Point", "coordinates": [ 121.420474918655998, 25.023957315704799, 0.0 ] } },
{ "type": "Feature", "properties": { "Display": "3K+140", "River": "塔寮坑溪排水左岸", "Name": "塔寮坑溪排水左岸3K+140" }, "geometry": { "type": "Point", "coordinates": [ 121.420444747472004, 25.023871324750399, 0.0 ] } },
{ "type": "Feature", "properties": { "Display": "3K+150", "River": "塔寮坑溪排水左岸", "Name": "塔寮坑溪排水左岸3K+150" }, "geometry": { "type": "Point", "coordinates": [ 121.420414268822995, 25.023785421311, 0.0 ] } },
{ "type": "Feature", "properties": { "Display": "3K+160", "River": "塔寮坑溪排水左岸", "Name": "塔寮坑溪排水左岸3K+160" }, "geometry": { "type": "Point", "coordinates": [ 121.420384099439005, 25.023699426402001, 0.0 ] } },
{ "type": "Feature", "properties": { "Display": "3K+170", "River": "塔寮坑溪排水左岸", "Name": "塔寮坑溪排水左岸3K+170" }, "geometry": { "type": "Point", "coordinates": [ 121.420353930096994, 25.023613431485298, 0.0 ] } },
{ "type": "Feature", "properties": { "Display": "3K+180", "River": "塔寮坑溪排水左岸", "Name": "塔寮坑溪排水左岸3K+180" }, "geometry": { "type": "Point", "coordinates": [ 121.420323760797999, 25.023527436561, 0.0 ] } },
{ "type": "Feature", "properties": { "Display": "3K+190", "River": "塔寮坑溪排水左岸", "Name": "塔寮坑溪排水左岸3K+190" }, "geometry": { "type": "Point", "coordinates": [ 121.420293922856004, 25.023441346493701, 0.0 ] } },
{ "type": "Feature", "properties": { "Display": "3K+200", "River": "塔寮坑溪排水左岸", "Name": "塔寮坑溪排水左岸3K+200" }, "geometry": { "type": "Point", "coordinates": [ 121.420264527767998, 25.023355129268001, 0.0 ] } },
{ "type": "Feature", "properties": { "Display": "3K+210", "River": "塔寮坑溪排水左岸", "Name": "塔寮坑溪排水左岸3K+210" }, "geometry": { "type": "Point", "coordinates": [ 121.420235132721999, 25.023268912034801, 0.0 ] } },
{ "type": "Feature", "properties": { "Display": "3K+220", "River": "塔寮坑溪排水左岸", "Name": "塔寮坑溪排水左岸3K+220" }, "geometry": { "type": "Point", "coordinates": [ 121.420202083253997, 25.023184243483801, 0.0 ] } },
{ "type": "Feature", "properties": { "Display": "3K+230", "River": "塔寮坑溪排水左岸", "Name": "塔寮坑溪排水左岸3K+230" }, "geometry": { "type": "Point", "coordinates": [ 121.420159192198994, 25.023102939434398, 0.0 ] } },
{ "type": "Feature", "properties": { "Display": "3K+240", "River": "塔寮坑溪排水左岸", "Name": "塔寮坑溪排水左岸3K+240" }, "geometry": { "type": "Point", "coordinates": [ 121.420140922369995, 25.023014205855301, 0.0 ] } },
{ "type": "Feature", "properties": { "Display": "3K+250", "River": "塔寮坑溪排水左岸", "Name": "塔寮坑溪排水左岸3K+250" }, "geometry": { "type": "Point", "coordinates": [ 121.420116382765002, 25.022926818965001, 0.0 ] } },
{ "type": "Feature", "properties": { "Display": "3K+260", "River": "塔寮坑溪排水左岸", "Name": "塔寮坑溪排水左岸3K+260" }, "geometry": { "type": "Point", "coordinates": [ 121.420085870088997, 25.0228409247181, 0.0 ] } },
{ "type": "Feature", "properties": { "Display": "3K+270", "River": "塔寮坑溪排水左岸", "Name": "塔寮坑溪排水左岸3K+270" }, "geometry": { "type": "Point", "coordinates": [ 121.420055357455993, 25.022755030463401, 0.0 ] } },
{ "type": "Feature", "properties": { "Display": "3K+280", "River": "塔寮坑溪排水左岸", "Name": "塔寮坑溪排水左岸3K+280" }, "geometry": { "type": "Point", "coordinates": [ 121.420024844867001, 25.0226691362008, 0.0 ] } },
{ "type": "Feature", "properties": { "Display": "3K+290", "River": "塔寮坑溪排水左岸", "Name": "塔寮坑溪排水左岸3K+290" }, "geometry": { "type": "Point", "coordinates": [ 121.419994332320996, 25.022583241930501, 0.0 ] } },
{ "type": "Feature", "properties": { "Display": "3K+300", "River": "塔寮坑溪排水左岸", "Name": "塔寮坑溪排水左岸3K+300" }, "geometry": { "type": "Point", "coordinates": [ 121.419963819817994, 25.022497347652301, 0.0 ] } },
{ "type": "Feature", "properties": { "Display": "3K+310", "River": "塔寮坑溪排水左岸", "Name": "塔寮坑溪排水左岸3K+310" }, "geometry": { "type": "Point", "coordinates": [ 121.419933428159993, 25.0224114179053, 0.0 ] } },
{ "type": "Feature", "properties": { "Display": "3K+320", "River": "塔寮坑溪排水左岸", "Name": "塔寮坑溪排水左岸3K+320" }, "geometry": { "type": "Point", "coordinates": [ 121.419903172183993, 25.022325448334001, 0.0 ] } },
{ "type": "Feature", "properties": { "Display": "3K+330", "River": "塔寮坑溪排水左岸", "Name": "塔寮坑溪排水左岸3K+330" }, "geometry": { "type": "Point", "coordinates": [ 121.419873170198002, 25.0222394050936, 0.0 ] } },
{ "type": "Feature", "properties": { "Display": "3K+340", "River": "塔寮坑溪排水左岸", "Name": "塔寮坑溪排水左岸3K+340" }, "geometry": { "type": "Point", "coordinates": [ 121.419843312211995, 25.022153320088599, 0.0 ] } },
{ "type": "Feature", "properties": { "Display": "3K+350", "River": "塔寮坑溪排水左岸", "Name": "塔寮坑溪排水左岸3K+350" }, "geometry": { "type": "Point", "coordinates": [ 121.419813290030007, 25.022067282824601, 0.0 ] } },
{ "type": "Feature", "properties": { "Display": "3K+360", "River": "塔寮坑溪排水左岸", "Name": "塔寮坑溪排水左岸3K+360" }, "geometry": { "type": "Point", "coordinates": [ 121.419782962601005, 25.021981334276798, 0.0 ] } },
{ "type": "Feature", "properties": { "Display": "3K+370", "River": "塔寮坑溪排水左岸", "Name": "塔寮坑溪排水左岸3K+370" }, "geometry": { "type": "Point", "coordinates": [ 121.419752991804998, 25.021895281837601, 0.0 ] } },
{ "type": "Feature", "properties": { "Display": "3K+380", "River": "塔寮坑溪排水左岸", "Name": "塔寮坑溪排水左岸3K+380" }, "geometry": { "type": "Point", "coordinates": [ 121.419723021050999, 25.0218092293909, 0.0 ] } },
{ "type": "Feature", "properties": { "Display": "3K+390", "River": "塔寮坑溪排水左岸", "Name": "塔寮坑溪排水左岸3K+390" }, "geometry": { "type": "Point", "coordinates": [ 121.419693050340001, 25.021723176936501, 0.0 ] } },
{ "type": "Feature", "properties": { "Display": "3K+400", "River": "塔寮坑溪排水左岸", "Name": "塔寮坑溪排水左岸3K+400" }, "geometry": { "type": "Point", "coordinates": [ 121.419663079670997, 25.021637124474601, 0.0 ] } },
{ "type": "Feature", "properties": { "Display": "3K+410", "River": "塔寮坑溪排水左岸", "Name": "塔寮坑溪排水左岸3K+410" }, "geometry": { "type": "Point", "coordinates": [ 121.419633109044995, 25.021551072005199, 0.0 ] } },
{ "type": "Feature", "properties": { "Display": "3K+420", "River": "塔寮坑溪排水左岸", "Name": "塔寮坑溪排水左岸3K+420" }, "geometry": { "type": "Point", "coordinates": [ 121.419604635427007, 25.021464619962199, 0.0 ] } },
{ "type": "Feature", "properties": { "Display": "3K+430", "River": "塔寮坑溪排水左岸", "Name": "塔寮坑溪排水左岸3K+430" }, "geometry": { "type": "Point", "coordinates": [ 121.419578909668004, 25.021377434472502, 0.0 ] } },
{ "type": "Feature", "properties": { "Display": "3K+440", "River": "塔寮坑溪排水左岸", "Name": "塔寮坑溪排水左岸3K+440" }, "geometry": { "type": "Point", "coordinates": [ 121.419553183945993, 25.021290248976801, 0.0 ] } },
{ "type": "Feature", "properties": { "Display": "3K+450", "River": "塔寮坑溪排水左岸", "Name": "塔寮坑溪排水左岸3K+450" }, "geometry": { "type": "Point", "coordinates": [ 121.419529301937004, 25.0212026647669, 0.0 ] } },
{ "type": "Feature", "properties": { "Display": "3K+460", "River": "塔寮坑溪排水左岸", "Name": "塔寮坑溪排水左岸3K+460" }, "geometry": { "type": "Point", "coordinates": [ 121.419512954233994, 25.021113666930201, 0.0 ] } },
{ "type": "Feature", "properties": { "Display": "3K+470", "River": "塔寮坑溪排水左岸", "Name": "塔寮坑溪排水左岸3K+470" }, "geometry": { "type": "Point", "coordinates": [ 121.419504959419996, 25.021023714124301, 0.0 ] } },
{ "type": "Feature", "properties": { "Display": "3K+480", "River": "塔寮坑溪排水左岸", "Name": "塔寮坑溪排水左岸3K+480" }, "geometry": { "type": "Point", "coordinates": [ 121.419501298079993, 25.020933494208801, 0.0 ] } },
{ "type": "Feature", "properties": { "Display": "3K+490", "River": "塔寮坑溪排水左岸", "Name": "塔寮坑溪排水左岸3K+490" }, "geometry": { "type": "Point", "coordinates": [ 121.419498001514995, 25.020843263802401, 0.0 ] } },
{ "type": "Feature", "properties": { "Display": "3K+500", "River": "塔寮坑溪排水左岸", "Name": "塔寮坑溪排水左岸3K+500" }, "geometry": { "type": "Point", "coordinates": [ 121.419495411864006, 25.0207530130665, 0.0 ] } },
{ "type": "Feature", "properties": { "Display": "3K+510", "River": "塔寮坑溪排水左岸", "Name": "塔寮坑溪排水左岸3K+510" }, "geometry": { "type": "Point", "coordinates": [ 121.419492904671998, 25.020662760423502, 0.0 ] } },
{ "type": "Feature", "properties": { "Display": "3K+520", "River": "塔寮坑溪排水左岸", "Name": "塔寮坑溪排水左岸3K+520" }, "geometry": { "type": "Point", "coordinates": [ 121.419490468636994, 25.020572506134499, 0.0 ] } },
{ "type": "Feature", "properties": { "Display": "3K+530", "River": "塔寮坑溪排水左岸", "Name": "塔寮坑溪排水左岸3K+530" }, "geometry": { "type": "Point", "coordinates": [ 121.419488032607006, 25.0204822518443, 0.0 ] } },
{ "type": "Feature", "properties": { "Display": "3K+540", "River": "塔寮坑溪排水左岸", "Name": "塔寮坑溪排水左岸3K+540" }, "geometry": { "type": "Point", "coordinates": [ 121.419485596580998, 25.020391997552998, 0.0 ] } },
{ "type": "Feature", "properties": { "Display": "3K+550", "River": "塔寮坑溪排水左岸", "Name": "塔寮坑溪排水左岸3K+550" }, "geometry": { "type": "Point", "coordinates": [ 121.419483160560006, 25.0203017432605, 0.0 ] } },
{ "type": "Feature", "properties": { "Display": "3K+560", "River": "塔寮坑溪排水左岸", "Name": "塔寮坑溪排水左岸3K+560" }, "geometry": { "type": "Point", "coordinates": [ 121.419479843050993, 25.020211519654701, 0.0 ] } },
{ "type": "Feature", "properties": { "Display": "3K+570", "River": "塔寮坑溪排水左岸", "Name": "塔寮坑溪排水左岸3K+570" }, "geometry": { "type": "Point", "coordinates": [ 121.419474713884995, 25.020121359118299, 0.0 ] } },
{ "type": "Feature", "properties": { "Display": "3K+580", "River": "塔寮坑溪排水左岸", "Name": "塔寮坑溪排水左岸3K+580" }, "geometry": { "type": "Point", "coordinates": [ 121.419473589834993, 25.020031119313799, 0.0 ] } },
{ "type": "Feature", "properties": { "Display": "3K+590", "River": "塔寮坑溪排水左岸", "Name": "塔寮坑溪排水左岸3K+590" }, "geometry": { "type": "Point", "coordinates": [ 121.419468691896995, 25.019940948434002, 0.0 ] } },
{ "type": "Feature", "properties": { "Display": "3K+600", "River": "塔寮坑溪排水左岸", "Name": "塔寮坑溪排水左岸3K+600" }, "geometry": { "type": "Point", "coordinates": [ 121.419462752, 25.019850833586499, 0.0 ] } },
{ "type": "Feature", "properties": { "Display": "3K+610", "River": "塔寮坑溪排水左岸", "Name": "塔寮坑溪排水左岸3K+610" }, "geometry": { "type": "Point", "coordinates": [ 121.419454593780003, 25.019761023245199, 0.0 ] } },
{ "type": "Feature", "properties": { "Display": "3K+620", "River": "塔寮坑溪排水左岸", "Name": "塔寮坑溪排水左岸3K+620" }, "geometry": { "type": "Point", "coordinates": [ 121.419409440142005, 25.019680714628599, 0.0 ] } },
{ "type": "Feature", "properties": { "Display": "3K+630", "River": "塔寮坑溪排水左岸", "Name": "塔寮坑溪排水左岸3K+630" }, "geometry": { "type": "Point", "coordinates": [ 121.419350163529003, 25.019608473924599, 0.0 ] } },
{ "type": "Feature", "properties": { "Display": "3K+640", "River": "塔寮坑溪排水左岸", "Name": "塔寮坑溪排水左岸3K+640" }, "geometry": { "type": "Point", "coordinates": [ 121.419274242352998, 25.019551648976901, 0.0 ] } },
{ "type": "Feature", "properties": { "Display": "3K+650", "River": "塔寮坑溪排水左岸", "Name": "塔寮坑溪排水左岸3K+650" }, "geometry": { "type": "Point", "coordinates": [ 121.419190163788997, 25.019503883022502, 0.0 ] } },
{ "type": "Feature", "properties": { "Display": "3K+660", "River": "塔寮坑溪排水左岸", "Name": "塔寮坑溪排水左岸3K+660" }, "geometry": { "type": "Point", "coordinates": [ 121.419094950849995, 25.019484713662699, 0.0 ] } },
{ "type": "Feature", "properties": { "Display": "3K+670", "River": "塔寮坑溪排水左岸", "Name": "塔寮坑溪排水左岸3K+670" }, "geometry": { "type": "Point", "coordinates": [ 121.418996633554997, 25.019473517230502, 0.0 ] } },
{ "type": "Feature", "properties": { "Display": "3K+680", "River": "塔寮坑溪排水左岸", "Name": "塔寮坑溪排水左岸3K+680" }, "geometry": { "type": "Point", "coordinates": [ 121.418897671617998, 25.019469312797899, 0.0 ] } },
{ "type": "Feature", "properties": { "Display": "3K+690", "River": "塔寮坑溪排水左岸", "Name": "塔寮坑溪排水左岸3K+690" }, "geometry": { "type": "Point", "coordinates": [ 121.418798679850994, 25.019465456984602, 0.0 ] } },
{ "type": "Feature", "properties": { "Display": "3K+700", "River": "塔寮坑溪排水左岸", "Name": "塔寮坑溪排水左岸3K+700" }, "geometry": { "type": "Point", "coordinates": [ 121.418699685364004, 25.0194616592802, 0.0 ] } },
{ "type": "Feature", "properties": { "Display": "3K+710", "River": "塔寮坑溪排水左岸", "Name": "塔寮坑溪排水左岸3K+710" }, "geometry": { "type": "Point", "coordinates": [ 121.418600640164996, 25.0194592696431, 0.0 ] } },
{ "type": "Feature", "properties": { "Display": "3K+720", "River": "塔寮坑溪排水左岸", "Name": "塔寮坑溪排水左岸3K+720" }, "geometry": { "type": "Point", "coordinates": [ 121.418501587978, 25.019457080336501, 0.0 ] } },
{ "type": "Feature", "properties": { "Display": "3K+730", "River": "塔寮坑溪排水左岸", "Name": "塔寮坑溪排水左岸3K+730" }, "geometry": { "type": "Point", "coordinates": [ 121.418402621935002, 25.0194527103314, 0.0 ] } },
{ "type": "Feature", "properties": { "Display": "3K+740", "River": "塔寮坑溪排水左岸", "Name": "塔寮坑溪排水左岸3K+740" }, "geometry": { "type": "Point", "coordinates": [ 121.418303908536004, 25.0194534770371, 0.0 ] } },
{ "type": "Feature", "properties": { "Display": "3K+750", "River": "塔寮坑溪排水左岸", "Name": "塔寮坑溪排水左岸3K+750" }, "geometry": { "type": "Point", "coordinates": [ 121.418207245858994, 25.0194709857616, 0.0 ] } },
{ "type": "Feature", "properties": { "Display": "3K+760", "River": "塔寮坑溪排水左岸", "Name": "塔寮坑溪排水左岸3K+760" }, "geometry": { "type": "Point", "coordinates": [ 121.418126481132006, 25.0195223572073, 0.0 ] } },
{ "type": "Feature", "properties": { "Display": "3K+770", "River": "塔寮坑溪排水左岸", "Name": "塔寮坑溪排水左岸3K+770" }, "geometry": { "type": "Point", "coordinates": [ 121.418054422192995, 25.0195842338121, 0.0 ] } },
{ "type": "Feature", "properties": { "Display": "3K+780", "River": "塔寮坑溪排水左岸", "Name": "塔寮坑溪排水左岸3K+780" }, "geometry": { "type": "Point", "coordinates": [ 121.417987783914, 25.019651041303302, 0.0 ] } },
{ "type": "Feature", "properties": { "Display": "3K+790", "River": "塔寮坑溪排水左岸", "Name": "塔寮坑溪排水左岸3K+790" }, "geometry": { "type": "Point", "coordinates": [ 121.417919950203, 25.019716658898599, 0.0 ] } },
{ "type": "Feature", "properties": { "Display": "3K+800", "River": "塔寮坑溪排水左岸", "Name": "塔寮坑溪排水左岸3K+800" }, "geometry": { "type": "Point", "coordinates": [ 121.417841469435999, 25.0197717688689, 0.0 ] } },
{ "type": "Feature", "properties": { "Display": "3K+810", "River": "塔寮坑溪排水左岸", "Name": "塔寮坑溪排水左岸3K+810" }, "geometry": { "type": "Point", "coordinates": [ 121.417771247283994, 25.019835146876201, 0.0 ] } },
{ "type": "Feature", "properties": { "Display": "3K+820", "River": "塔寮坑溪排水左岸", "Name": "塔寮坑溪排水左岸3K+820" }, "geometry": { "type": "Point", "coordinates": [ 121.417705523243995, 25.019902707338598, 0.0 ] } },
{ "type": "Feature", "properties": { "Display": "3K+830", "River": "塔寮坑溪排水左岸", "Name": "塔寮坑溪排水左岸3K+830" }, "geometry": { "type": "Point", "coordinates": [ 121.417640275902002, 25.019970648927899, 0.0 ] } },
{ "type": "Feature", "properties": { "Display": "3K+840", "River": "塔寮坑溪排水左岸", "Name": "塔寮坑溪排水左岸3K+840" }, "geometry": { "type": "Point", "coordinates": [ 121.417551626266999, 25.019994161789, 0.0 ] } },
{ "type": "Feature", "properties": { "Display": "3K+850", "River": "塔寮坑溪排水左岸", "Name": "塔寮坑溪排水左岸3K+850" }, "geometry": { "type": "Point", "coordinates": [ 121.417483879589, 25.019983809350499, 0.0 ] } },
{ "type": "Feature", "properties": { "Display": "3K+860", "River": "塔寮坑溪排水左岸", "Name": "塔寮坑溪排水左岸3K+860" }, "geometry": { "type": "Point", "coordinates": [ 121.417545367851005, 25.019913015352099, 0.0 ] } },
{ "type": "Feature", "properties": { "Display": "3K+870", "River": "塔寮坑溪排水左岸", "Name": "塔寮坑溪排水左岸3K+870" }, "geometry": { "type": "Point", "coordinates": [ 121.417608315460001, 25.019843303629798, 0.0 ] } },
{ "type": "Feature", "properties": { "Display": "3K+880", "River": "塔寮坑溪排水左岸", "Name": "塔寮坑溪排水左岸3K+880" }, "geometry": { "type": "Point", "coordinates": [ 121.417671905785994, 25.019774068572499, 0.0 ] } },
{ "type": "Feature", "properties": { "Display": "3K+890", "River": "塔寮坑溪排水左岸", "Name": "塔寮坑溪排水左岸3K+890" }, "geometry": { "type": "Point", "coordinates": [ 121.417735496041004, 25.019704833488198, 0.0 ] } },
{ "type": "Feature", "properties": { "Display": "3K+900", "River": "塔寮坑溪排水左岸", "Name": "塔寮坑溪排水左岸3K+900" }, "geometry": { "type": "Point", "coordinates": [ 121.417799086225003, 25.019635598377, 0.0 ] } },
{ "type": "Feature", "properties": { "Display": "3K+910", "River": "塔寮坑溪排水左岸", "Name": "塔寮坑溪排水左岸3K+910" }, "geometry": { "type": "Point", "coordinates": [ 121.417862951792003, 25.019566577695599, 0.0 ] } },
{ "type": "Feature", "properties": { "Display": "3K+920", "River": "塔寮坑溪排水左岸", "Name": "塔寮坑溪排水左岸3K+920" }, "geometry": { "type": "Point", "coordinates": [ 121.417928084642, 25.019498543692599, 0.0 ] } },
{ "type": "Feature", "properties": { "Display": "3K+930", "River": "塔寮坑溪排水左岸", "Name": "塔寮坑溪排水左岸3K+930" }, "geometry": { "type": "Point", "coordinates": [ 121.417970112725996, 25.019438945214102, 0.0 ] } },
{ "type": "Feature", "properties": { "Display": "3K+940", "River": "塔寮坑溪排水左岸", "Name": "塔寮坑溪排水左岸3K+940" }, "geometry": { "type": "Point", "coordinates": [ 121.417871398014995, 25.0194313324102, 0.0 ] } },
{ "type": "Feature", "properties": { "Display": "3K+950", "River": "塔寮坑溪排水左岸", "Name": "塔寮坑溪排水左岸3K+950" }, "geometry": { "type": "Point", "coordinates": [ 121.417772401584998, 25.0194275773618, 0.0 ] } },
{ "type": "Feature", "properties": { "Display": "3K+960", "River": "塔寮坑溪排水左岸", "Name": "塔寮坑溪排水左岸3K+960" }, "geometry": { "type": "Point", "coordinates": [ 121.417673405160002, 25.019423822247401, 0.0 ] } },
{ "type": "Feature", "properties": { "Display": "3K+970", "River": "塔寮坑溪排水左岸", "Name": "塔寮坑溪排水左岸3K+970" }, "geometry": { "type": "Point", "coordinates": [ 121.417574408739995, 25.019420067066999, 0.0 ] } },
{ "type": "Feature", "properties": { "Display": "3K+980", "River": "塔寮坑溪排水左岸", "Name": "塔寮坑溪排水左岸3K+980" }, "geometry": { "type": "Point", "coordinates": [ 121.417475412325004, 25.019416311820699, 0.0 ] } },
{ "type": "Feature", "properties": { "Display": "3K+990", "River": "塔寮坑溪排水左岸", "Name": "塔寮坑溪排水左岸3K+990" }, "geometry": { "type": "Point", "coordinates": [ 121.417376448544999, 25.0194119180711, 0.0 ] } },
{ "type": "Feature", "properties": { "Display": "4K+000", "River": "塔寮坑溪排水左岸", "Name": "塔寮坑溪排水左岸4K+000" }, "geometry": { "type": "Point", "coordinates": [ 121.417277497574005, 25.0194072737605, 0.0 ] } },
{ "type": "Feature", "properties": { "Display": "4K+010", "River": "塔寮坑溪排水左岸", "Name": "塔寮坑溪排水左岸4K+010" }, "geometry": { "type": "Point", "coordinates": [ 121.417178546608994, 25.019402629383901, 0.0 ] } },
{ "type": "Feature", "properties": { "Display": "4K+020", "River": "塔寮坑溪排水左岸", "Name": "塔寮坑溪排水左岸4K+020" }, "geometry": { "type": "Point", "coordinates": [ 121.417079531038993, 25.0193993235943, 0.0 ] } },
{ "type": "Feature", "properties": { "Display": "4K+030", "River": "塔寮坑溪排水左岸", "Name": "塔寮坑溪排水左岸4K+030" }, "geometry": { "type": "Point", "coordinates": [ 121.416980533976002, 25.019395591098402, 0.0 ] } },
{ "type": "Feature", "properties": { "Display": "4K+040", "River": "塔寮坑溪排水左岸", "Name": "塔寮坑溪排水左岸4K+040" }, "geometry": { "type": "Point", "coordinates": [ 121.416881531208006, 25.019391977884599, 0.0 ] } },
{ "type": "Feature", "properties": { "Display": "4K+050", "River": "塔寮坑溪排水左岸", "Name": "塔寮坑溪排水左岸4K+050" }, "geometry": { "type": "Point", "coordinates": [ 121.416782528444998, 25.019388364604801, 0.0 ] } },
{ "type": "Feature", "properties": { "Display": "4K+060", "River": "塔寮坑溪排水左岸", "Name": "塔寮坑溪排水左岸4K+060" }, "geometry": { "type": "Point", "coordinates": [ 121.416683525685997, 25.019384751259, 0.0 ] } },
{ "type": "Feature", "properties": { "Display": "4K+070", "River": "塔寮坑溪排水左岸", "Name": "塔寮坑溪排水左岸4K+070" }, "geometry": { "type": "Point", "coordinates": [ 121.416584522932993, 25.019381137847098, 0.0 ] } },
{ "type": "Feature", "properties": { "Display": "4K+080", "River": "塔寮坑溪排水左岸", "Name": "塔寮坑溪排水左岸4K+080" }, "geometry": { "type": "Point", "coordinates": [ 121.416485520183997, 25.0193775243693, 0.0 ] } },
{ "type": "Feature", "properties": { "Display": "4K+090", "River": "塔寮坑溪排水左岸", "Name": "塔寮坑溪排水左岸4K+090" }, "geometry": { "type": "Point", "coordinates": [ 121.416386517438994, 25.0193739108255, 0.0 ] } },
{ "type": "Feature", "properties": { "Display": "4K+100", "River": "塔寮坑溪排水左岸", "Name": "塔寮坑溪排水左岸4K+100" }, "geometry": { "type": "Point", "coordinates": [ 121.416287514700002, 25.019370297215701, 0.0 ] } },
{ "type": "Feature", "properties": { "Display": "4K+110", "River": "塔寮坑溪排水左岸", "Name": "塔寮坑溪排水左岸4K+110" }, "geometry": { "type": "Point", "coordinates": [ 121.416188511965004, 25.019366683539801, 0.0 ] } },
{ "type": "Feature", "properties": { "Display": "4K+120", "River": "塔寮坑溪排水左岸", "Name": "塔寮坑溪排水左岸4K+120" }, "geometry": { "type": "Point", "coordinates": [ 121.416089509234993, 25.019363069798001, 0.0 ] } },
{ "type": "Feature", "properties": { "Display": "4K+130", "River": "塔寮坑溪排水左岸", "Name": "塔寮坑溪排水左岸4K+130" }, "geometry": { "type": "Point", "coordinates": [ 121.415990525621993, 25.0193590467854, 0.0 ] } },
{ "type": "Feature", "properties": { "Display": "4K+140", "River": "塔寮坑溪排水左岸", "Name": "塔寮坑溪排水左岸4K+140" }, "geometry": { "type": "Point", "coordinates": [ 121.415891543894006, 25.019354983462598, 0.0 ] } },
{ "type": "Feature", "properties": { "Display": "4K+150", "River": "塔寮坑溪排水左岸", "Name": "塔寮坑溪排水左岸4K+150" }, "geometry": { "type": "Point", "coordinates": [ 121.415792562171006, 25.019350920073901, 0.0 ] } },
{ "type": "Feature", "properties": { "Display": "4K+160", "River": "塔寮坑溪排水左岸", "Name": "塔寮坑溪排水左岸4K+160" }, "geometry": { "type": "Point", "coordinates": [ 121.415693505575007, 25.019348875753, 0.0 ] } },
{ "type": "Feature", "properties": { "Display": "4K+170", "River": "塔寮坑溪排水左岸", "Name": "塔寮坑溪排水左岸4K+170" }, "geometry": { "type": "Point", "coordinates": [ 121.415594628381996, 25.0193491784222, 0.0 ] } },
{ "type": "Feature", "properties": { "Display": "4K+180", "River": "塔寮坑溪排水左岸", "Name": "塔寮坑溪排水左岸4K+180" }, "geometry": { "type": "Point", "coordinates": [ 121.415496851794003, 25.019363785986702, 0.0 ] } },
{ "type": "Feature", "properties": { "Display": "4K+190", "River": "塔寮坑溪排水左岸", "Name": "塔寮坑溪排水左岸4K+190" }, "geometry": { "type": "Point", "coordinates": [ 121.415401580199998, 25.0193874364866, 0.0 ] } },
{ "type": "Feature", "properties": { "Display": "4K+200", "River": "塔寮坑溪排水左岸", "Name": "塔寮坑溪排水左岸4K+200" }, "geometry": { "type": "Point", "coordinates": [ 121.415308790835994, 25.019418875226499, 0.0 ] } },
{ "type": "Feature", "properties": { "Display": "4K+210", "River": "塔寮坑溪排水左岸", "Name": "塔寮坑溪排水左岸4K+210" }, "geometry": { "type": "Point", "coordinates": [ 121.415218937597004, 25.019456920511999, 0.0 ] } },
{ "type": "Feature", "properties": { "Display": "4K+220", "River": "塔寮坑溪排水左岸", "Name": "塔寮坑溪排水左岸4K+220" }, "geometry": { "type": "Point", "coordinates": [ 121.415129254871999, 25.019495301568099, 0.0 ] } },
{ "type": "Feature", "properties": { "Display": "4K+230", "River": "塔寮坑溪排水左岸", "Name": "塔寮坑溪排水左岸4K+230" }, "geometry": { "type": "Point", "coordinates": [ 121.415039572089995, 25.0195336825706, 0.0 ] } },
{ "type": "Feature", "properties": { "Display": "4K+240", "River": "塔寮坑溪排水左岸", "Name": "塔寮坑溪排水左岸4K+240" }, "geometry": { "type": "Point", "coordinates": [ 121.414949886656004, 25.0195720583969, 0.0 ] } },
{ "type": "Feature", "properties": { "Display": "4K+250", "River": "塔寮坑溪排水左岸", "Name": "塔寮坑溪排水左岸4K+250" }, "geometry": { "type": "Point", "coordinates": [ 121.414859583322993, 25.0196091982559, 0.0 ] } },
{ "type": "Feature", "properties": { "Display": "4K+260", "River": "塔寮坑溪排水左岸", "Name": "塔寮坑溪排水左岸4K+260" }, "geometry": { "type": "Point", "coordinates": [ 121.414765365378003, 25.019636802258699, 0.0 ] } },
{ "type": "Feature", "properties": { "Display": "4K+270", "River": "塔寮坑溪排水左岸", "Name": "塔寮坑溪排水左岸4K+270" }, "geometry": { "type": "Point", "coordinates": [ 121.414667648209999, 25.0196510836054, 0.0 ] } },
{ "type": "Feature", "properties": { "Display": "4K+280", "River": "塔寮坑溪排水左岸", "Name": "塔寮坑溪排水左岸4K+280" }, "geometry": { "type": "Point", "coordinates": [ 121.414568717874999, 25.01965011267, 0.0 ] } },
{ "type": "Feature", "properties": { "Display": "4K+290", "River": "塔寮坑溪排水左岸", "Name": "塔寮坑溪排水左岸4K+290" }, "geometry": { "type": "Point", "coordinates": [ 121.414471626300994, 25.0196329000185, 0.0 ] } },
{ "type": "Feature", "properties": { "Display": "4K+300", "River": "塔寮坑溪排水左岸", "Name": "塔寮坑溪排水左岸4K+300" }, "geometry": { "type": "Point", "coordinates": [ 121.414379495050994, 25.019600093476701, 0.0 ] } },
{ "type": "Feature", "properties": { "Display": "4K+310", "River": "塔寮坑溪排水左岸", "Name": "塔寮坑溪排水左岸4K+310" }, "geometry": { "type": "Point", "coordinates": [ 121.414295328454998, 25.019552692448599, 0.0 ] } },
{ "type": "Feature", "properties": { "Display": "4K+320", "River": "塔寮坑溪排水左岸", "Name": "塔寮坑溪排水左岸4K+320" }, "geometry": { "type": "Point", "coordinates": [ 121.414222212008994, 25.019491954645002, 0.0 ] } },
{ "type": "Feature", "properties": { "Display": "4K+330", "River": "塔寮坑溪排水左岸", "Name": "塔寮坑溪排水左岸4K+330" }, "geometry": { "type": "Point", "coordinates": [ 121.414158436628995, 25.019422883314999, 0.0 ] } },
{ "type": "Feature", "properties": { "Display": "4K+340", "River": "塔寮坑溪排水左岸", "Name": "塔寮坑溪排水左岸4K+340" }, "geometry": { "type": "Point", "coordinates": [ 121.414095064559007, 25.019353482426901, 0.0 ] } },
{ "type": "Feature", "properties": { "Display": "4K+350", "River": "塔寮坑溪排水左岸", "Name": "塔寮坑溪排水左岸4K+350" }, "geometry": { "type": "Point", "coordinates": [ 121.414031692560997, 25.0192840815102, 0.0 ] } },
{ "type": "Feature", "properties": { "Display": "4K+360", "River": "塔寮坑溪排水左岸", "Name": "塔寮坑溪排水左岸4K+360" }, "geometry": { "type": "Point", "coordinates": [ 121.413968320633998, 25.0192146805649, 0.0 ] } },
{ "type": "Feature", "properties": { "Display": "4K+370", "River": "塔寮坑溪排水左岸", "Name": "塔寮坑溪排水左岸4K+370" }, "geometry": { "type": "Point", "coordinates": [ 121.413907076686002, 25.0191437166269, 0.0 ] } },
{ "type": "Feature", "properties": { "Display": "4K+380", "River": "塔寮坑溪排水左岸", "Name": "塔寮坑溪排水左岸4K+380" }, "geometry": { "type": "Point", "coordinates": [ 121.413846145066003, 25.019072526837899, 0.0 ] } },
{ "type": "Feature", "properties": { "Display": "4K+390", "River": "塔寮坑溪排水左岸", "Name": "塔寮坑溪排水左岸4K+390" }, "geometry": { "type": "Point", "coordinates": [ 121.413788621684006, 25.018999071095401, 0.0 ] } },
{ "type": "Feature", "properties": { "Display": "4K+400", "River": "塔寮坑溪排水左岸", "Name": "塔寮坑溪排水左岸4K+400" }, "geometry": { "type": "Point", "coordinates": [ 121.413728515236002, 25.018927298898902, 0.0 ] } },
{ "type": "Feature", "properties": { "Display": "4K+410", "River": "塔寮坑溪排水左岸", "Name": "塔寮坑溪排水左岸4K+410" }, "geometry": { "type": "Point", "coordinates": [ 121.413659142534996, 25.018863949274898, 0.0 ] } },
{ "type": "Feature", "properties": { "Display": "4K+420", "River": "塔寮坑溪排水左岸", "Name": "塔寮坑溪排水左岸4K+420" }, "geometry": { "type": "Point", "coordinates": [ 121.413571842172999, 25.018821372581499, 0.0 ] } },
{ "type": "Feature", "properties": { "Display": "4K+430", "River": "塔寮坑溪排水左岸", "Name": "塔寮坑溪排水左岸4K+430" }, "geometry": { "type": "Point", "coordinates": [ 121.413484561988994, 25.0187788182382, 0.0 ] } },
{ "type": "Feature", "properties": { "Display": "4K+440", "River": "塔寮坑溪排水左岸", "Name": "塔寮坑溪排水左岸4K+440" }, "geometry": { "type": "Point", "coordinates": [ 121.413392262019997, 25.018746223171298, 0.0 ] } },
{ "type": "Feature", "properties": { "Display": "4K+450", "River": "塔寮坑溪排水左岸", "Name": "塔寮坑溪排水左岸4K+450" }, "geometry": { "type": "Point", "coordinates": [ 121.413296304835995, 25.018724068581101, 0.0 ] } },
{ "type": "Feature", "properties": { "Display": "4K+460", "River": "塔寮坑溪排水左岸", "Name": "塔寮坑溪排水左岸4K+460" }, "geometry": { "type": "Point", "coordinates": [ 121.413198122324005, 25.0187124755371, 0.0 ] } },
{ "type": "Feature", "properties": { "Display": "4K+470", "River": "塔寮坑溪排水左岸", "Name": "塔寮坑溪排水左岸4K+470" }, "geometry": { "type": "Point", "coordinates": [ 121.413099302909004, 25.0187059115454, 0.0 ] } },
{ "type": "Feature", "properties": { "Display": "4K+480", "River": "塔寮坑溪排水左岸", "Name": "塔寮坑溪排水左岸4K+480" }, "geometry": { "type": "Point", "coordinates": [ 121.413000483502998, 25.0186993474879, 0.0 ] } },
{ "type": "Feature", "properties": { "Display": "4K+490", "River": "塔寮坑溪排水左岸", "Name": "塔寮坑溪排水左岸4K+490" }, "geometry": { "type": "Point", "coordinates": [ 121.412901664106997, 25.0186927833646, 0.0 ] } },
{ "type": "Feature", "properties": { "Display": "4K+500", "River": "塔寮坑溪排水左岸", "Name": "塔寮坑溪排水左岸4K+500" }, "geometry": { "type": "Point", "coordinates": [ 121.412802844721, 25.0186862191754, 0.0 ] } },
{ "type": "Feature", "properties": { "Display": "4K+510", "River": "塔寮坑溪排水左岸", "Name": "塔寮坑溪排水左岸4K+510" }, "geometry": { "type": "Point", "coordinates": [ 121.412704161792007, 25.018679241648599, 0.0 ] } },
{ "type": "Feature", "properties": { "Display": "4K+520", "River": "塔寮坑溪排水左岸", "Name": "塔寮坑溪排水左岸4K+520" }, "geometry": { "type": "Point", "coordinates": [ 121.412605525659004, 25.018670690071101, 0.0 ] } },
{ "type": "Feature", "properties": { "Display": "4K+530", "River": "塔寮坑溪排水左岸", "Name": "塔寮坑溪排水左岸4K+530" }, "geometry": { "type": "Point", "coordinates": [ 121.412506889539003, 25.018662138427899, 0.0 ] } },
{ "type": "Feature", "properties": { "Display": "4K+540", "River": "塔寮坑溪排水左岸", "Name": "塔寮坑溪排水左岸4K+540" }, "geometry": { "type": "Point", "coordinates": [ 121.412408252435, 25.0186535965308, 0.0 ] } },
{ "type": "Feature", "properties": { "Display": "4K+550", "River": "塔寮坑溪排水左岸", "Name": "塔寮坑溪排水左岸4K+550" }, "geometry": { "type": "Point", "coordinates": [ 121.412309568682005, 25.018645514132398, 0.0 ] } },
{ "type": "Feature", "properties": { "Display": "4K+560", "River": "塔寮坑溪排水左岸", "Name": "塔寮坑溪排水左岸4K+560" }, "geometry": { "type": "Point", "coordinates": [ 121.412210660465007, 25.018640245474099, 0.0 ] } },
{ "type": "Feature", "properties": { "Display": "4K+570", "River": "塔寮坑溪排水左岸", "Name": "塔寮坑溪排水左岸4K+570" }, "geometry": { "type": "Point", "coordinates": [ 121.412111695365994, 25.018636914170699, 0.0 ] } },
{ "type": "Feature", "properties": { "Display": "4K+580", "River": "塔寮坑溪排水左岸", "Name": "塔寮坑溪排水左岸4K+580" }, "geometry": { "type": "Point", "coordinates": [ 121.412014231802999, 25.018622439381701, 0.0 ] } },
{ "type": "Feature", "properties": { "Display": "4K+590", "River": "塔寮坑溪排水左岸", "Name": "塔寮坑溪排水左岸4K+590" }, "geometry": { "type": "Point", "coordinates": [ 121.411925709917995, 25.0185830509031, 0.0 ] } },
{ "type": "Feature", "properties": { "Display": "4K+600", "River": "塔寮坑溪排水左岸", "Name": "塔寮坑溪排水左岸4K+600" }, "geometry": { "type": "Point", "coordinates": [ 121.411844685643999, 25.018531087611901, 0.0 ] } },
{ "type": "Feature", "properties": { "Display": "4K+610", "River": "塔寮坑溪排水左岸", "Name": "塔寮坑溪排水左岸4K+610" }, "geometry": { "type": "Point", "coordinates": [ 121.411763661437007, 25.018479124275299, 0.0 ] } },
{ "type": "Feature", "properties": { "Display": "4K+620", "River": "塔寮坑溪排水左岸", "Name": "塔寮坑溪排水左岸4K+620" }, "geometry": { "type": "Point", "coordinates": [ 121.411682637298995, 25.0184271608933, 0.0 ] } },
{ "type": "Feature", "properties": { "Display": "4K+630", "River": "塔寮坑溪排水左岸", "Name": "塔寮坑溪排水左岸4K+630" }, "geometry": { "type": "Point", "coordinates": [ 121.411601613228001, 25.0183751974659, 0.0 ] } },
{ "type": "Feature", "properties": { "Display": "4K+640", "River": "塔寮坑溪排水左岸", "Name": "塔寮坑溪排水左岸4K+640" }, "geometry": { "type": "Point", "coordinates": [ 121.411520589225006, 25.018323233993101, 0.0 ] } },
{ "type": "Feature", "properties": { "Display": "4K+650", "River": "塔寮坑溪排水左岸", "Name": "塔寮坑溪排水左岸4K+650" }, "geometry": { "type": "Point", "coordinates": [ 121.411438847032997, 25.018272246833298, 0.0 ] } },
{ "type": "Feature", "properties": { "Display": "4K+660", "River": "塔寮坑溪排水左岸", "Name": "塔寮坑溪排水左岸4K+660" }, "geometry": { "type": "Point", "coordinates": [ 121.411355310106998, 25.018223699373301, 0.0 ] } },
{ "type": "Feature", "properties": { "Display": "4K+670", "River": "塔寮坑溪排水左岸", "Name": "塔寮坑溪排水左岸4K+670" }, "geometry": { "type": "Point", "coordinates": [ 121.411265200705998, 25.018187102813702, 0.0 ] } },
{ "type": "Feature", "properties": { "Display": "4K+680", "River": "塔寮坑溪排水左岸", "Name": "塔寮坑溪排水左岸4K+680" }, "geometry": { "type": "Point", "coordinates": [ 121.411169583242994, 25.0181670166651, 0.0 ] } },
{ "type": "Feature", "properties": { "Display": "4K+690", "River": "塔寮坑溪排水左岸", "Name": "塔寮坑溪排水左岸4K+690" }, "geometry": { "type": "Point", "coordinates": [ 121.411070515665003, 25.0181680838372, 0.0 ] } },
{ "type": "Feature", "properties": { "Display": "4K+700", "River": "塔寮坑溪排水左岸", "Name": "塔寮坑溪排水左岸4K+700" }, "geometry": { "type": "Point", "coordinates": [ 121.410971457212995, 25.018170019576701, 0.0 ] } },
{ "type": "Feature", "properties": { "Display": "4K+710", "River": "塔寮坑溪排水左岸", "Name": "塔寮坑溪排水左岸4K+710" }, "geometry": { "type": "Point", "coordinates": [ 121.410872398758002, 25.0181719552502, 0.0 ] } },
{ "type": "Feature", "properties": { "Display": "4K+720", "River": "塔寮坑溪排水左岸", "Name": "塔寮坑溪排水左岸4K+720" }, "geometry": { "type": "Point", "coordinates": [ 121.410773696706002, 25.018177889866902, 0.0 ] } },
{ "type": "Feature", "properties": { "Display": "4K+730", "River": "塔寮坑溪排水左岸", "Name": "塔寮坑溪排水左岸4K+730" }, "geometry": { "type": "Point", "coordinates": [ 121.410675593478004, 25.0181905435694, 0.0 ] } },
{ "type": "Feature", "properties": { "Display": "4K+740", "River": "塔寮坑溪排水左岸", "Name": "塔寮坑溪排水左岸4K+740" }, "geometry": { "type": "Point", "coordinates": [ 121.410578506454002, 25.018208147477299, 0.0 ] } },
{ "type": "Feature", "properties": { "Display": "4K+750", "River": "塔寮坑溪排水左岸", "Name": "塔寮坑溪排水左岸4K+750" }, "geometry": { "type": "Point", "coordinates": [ 121.410482016662996, 25.0182286607305, 0.0 ] } },
{ "type": "Feature", "properties": { "Display": "4K+760", "River": "塔寮坑溪排水左岸", "Name": "塔寮坑溪排水左岸4K+760" }, "geometry": { "type": "Point", "coordinates": [ 121.410387781452002, 25.018256349486698, 0.0 ] } },
{ "type": "Feature", "properties": { "Display": "4K+770", "River": "塔寮坑溪排水左岸", "Name": "塔寮坑溪排水左岸4K+770" }, "geometry": { "type": "Point", "coordinates": [ 121.410293997322, 25.018285473943099, 0.0 ] } },
{ "type": "Feature", "properties": { "Display": "4K+780", "River": "塔寮坑溪排水左岸", "Name": "塔寮坑溪排水左岸4K+780" }, "geometry": { "type": "Point", "coordinates": [ 121.410200213146993, 25.018314598340901, 0.0 ] } },
{ "type": "Feature", "properties": { "Display": "4K+790", "River": "塔寮坑溪排水左岸", "Name": "塔寮坑溪排水左岸4K+790" }, "geometry": { "type": "Point", "coordinates": [ 121.410106428926994, 25.018343722679901, 0.0 ] } },
{ "type": "Feature", "properties": { "Display": "4K+800", "River": "塔寮坑溪排水左岸", "Name": "塔寮坑溪排水左岸4K+800" }, "geometry": { "type": "Point", "coordinates": [ 121.410012644662004, 25.018372846960201, 0.0 ] } },
{ "type": "Feature", "properties": { "Display": "4K+810", "River": "塔寮坑溪排水左岸", "Name": "塔寮坑溪排水左岸4K+810" }, "geometry": { "type": "Point", "coordinates": [ 121.409918860351993, 25.018401971181799, 0.0 ] } },
{ "type": "Feature", "properties": { "Display": "4K+820", "River": "塔寮坑溪排水左岸", "Name": "塔寮坑溪排水左岸4K+820" }, "geometry": { "type": "Point", "coordinates": [ 121.409825075997006, 25.018431095344798, 0.0 ] } },
{ "type": "Feature", "properties": { "Display": "4K+830", "River": "塔寮坑溪排水左岸", "Name": "塔寮坑溪排水左岸4K+830" }, "geometry": { "type": "Point", "coordinates": [ 121.409731681265995, 25.018461231426201, 0.0 ] } },
{ "type": "Feature", "properties": { "Display": "4K+840", "River": "塔寮坑溪排水左岸", "Name": "塔寮坑溪排水左岸4K+840" }, "geometry": { "type": "Point", "coordinates": [ 121.409635327719997, 25.018480062423301, 0.0 ] } },
{ "type": "Feature", "properties": { "Display": "4K+850", "River": "塔寮坑溪排水左岸", "Name": "塔寮坑溪排水左岸4K+850" }, "geometry": { "type": "Point", "coordinates": [ 121.409536885080001, 25.018490298163801, 0.0 ] } },
{ "type": "Feature", "properties": { "Display": "4K+860", "River": "塔寮坑溪排水左岸", "Name": "塔寮坑溪排水左岸4K+860" }, "geometry": { "type": "Point", "coordinates": [ 121.409438442422996, 25.018500533839301, 0.0 ] } },
{ "type": "Feature", "properties": { "Display": "4K+870", "River": "塔寮坑溪排水左岸", "Name": "塔寮坑溪排水左岸4K+870" }, "geometry": { "type": "Point", "coordinates": [ 121.409339999747999, 25.018510769449801, 0.0 ] } },
{ "type": "Feature", "properties": { "Display": "4K+880", "River": "塔寮坑溪排水左岸", "Name": "塔寮坑溪排水左岸4K+880" }, "geometry": { "type": "Point", "coordinates": [ 121.409241443046994, 25.0185051645242, 0.0 ] } },
{ "type": "Feature", "properties": { "Display": "4K+890", "River": "塔寮坑溪排水左岸", "Name": "塔寮坑溪排水左岸4K+890" }, "geometry": { "type": "Point", "coordinates": [ 121.409144885942993, 25.018484937160299, 0.0 ] } },
{ "type": "Feature", "properties": { "Display": "4K+900", "River": "塔寮坑溪排水左岸", "Name": "塔寮坑溪排水左岸4K+900" }, "geometry": { "type": "Point", "coordinates": [ 121.409049798531996, 25.018459633909298, 0.0 ] } },
{ "type": "Feature", "properties": { "Display": "4K+910", "River": "塔寮坑溪排水左岸", "Name": "塔寮坑溪排水左岸4K+910" }, "geometry": { "type": "Point", "coordinates": [ 121.408953938045997, 25.018436825844098, 0.0 ] } },
{ "type": "Feature", "properties": { "Display": "4K+920", "River": "塔寮坑溪排水左岸", "Name": "塔寮坑溪排水左岸4K+920" }, "geometry": { "type": "Point", "coordinates": [ 121.408866817692996, 25.018395043115, 0.0 ] } },
{ "type": "Feature", "properties": { "Display": "4K+930", "River": "塔寮坑溪排水左岸", "Name": "塔寮坑溪排水左岸4K+930" }, "geometry": { "type": "Point", "coordinates": [ 121.408793904473001, 25.0183339611485, 0.0 ] } },
{ "type": "Feature", "properties": { "Display": "4K+940", "River": "塔寮坑溪排水左岸", "Name": "塔寮坑溪排水左岸4K+940" }, "geometry": { "type": "Point", "coordinates": [ 121.408718540425994, 25.018275351337302, 0.0 ] } },
{ "type": "Feature", "properties": { "Display": "4K+950", "River": "塔寮坑溪排水左岸", "Name": "塔寮坑溪排水左岸4K+950" }, "geometry": { "type": "Point", "coordinates": [ 121.408643176449999, 25.018216741486601, 0.0 ] } },
{ "type": "Feature", "properties": { "Display": "4K+960", "River": "塔寮坑溪排水左岸", "Name": "塔寮坑溪排水左岸4K+960" }, "geometry": { "type": "Point", "coordinates": [ 121.408567812545002, 25.018158131596199, 0.0 ] } },
{ "type": "Feature", "properties": { "Display": "4K+970", "River": "塔寮坑溪排水左岸", "Name": "塔寮坑溪排水左岸4K+970" }, "geometry": { "type": "Point", "coordinates": [ 121.408489685633995, 25.018102669284101, 0.0 ] } },
{ "type": "Feature", "properties": { "Display": "4K+980", "River": "塔寮坑溪排水左岸", "Name": "塔寮坑溪排水左岸4K+980" }, "geometry": { "type": "Point", "coordinates": [ 121.408409857283004, 25.018049191593398, 0.0 ] } },
{ "type": "Feature", "properties": { "Display": "4K+990", "River": "塔寮坑溪排水左岸", "Name": "塔寮坑溪排水左岸4K+990" }, "geometry": { "type": "Point", "coordinates": [ 121.408330029000993, 25.0179957138586, 0.0 ] } },
{ "type": "Feature", "properties": { "Display": "5K+000", "River": "塔寮坑溪排水左岸", "Name": "塔寮坑溪排水左岸5K+000" }, "geometry": { "type": "Point", "coordinates": [ 121.408250200788004, 25.017942236079701, 0.0 ] } },
{ "type": "Feature", "properties": { "Display": "5K+010", "River": "塔寮坑溪排水左岸", "Name": "塔寮坑溪排水左岸5K+010" }, "geometry": { "type": "Point", "coordinates": [ 121.408168109174994, 25.017891696965201, 0.0 ] } },
{ "type": "Feature", "properties": { "Display": "5K+020", "River": "塔寮坑溪排水左岸", "Name": "塔寮坑溪排水左岸5K+020" }, "geometry": { "type": "Point", "coordinates": [ 121.408085774938996, 25.017841472892702, 0.0 ] } },
{ "type": "Feature", "properties": { "Display": "5K+030", "River": "塔寮坑溪排水左岸", "Name": "塔寮坑溪排水左岸5K+030" }, "geometry": { "type": "Point", "coordinates": [ 121.408003440770003, 25.017791248773499, 0.0 ] } },
{ "type": "Feature", "properties": { "Display": "5K+040", "River": "塔寮坑溪排水左岸", "Name": "塔寮坑溪排水左岸5K+040" }, "geometry": { "type": "Point", "coordinates": [ 121.407919984488004, 25.017742628027001, 0.0 ] } },
{ "type": "Feature", "properties": { "Display": "5K+050", "River": "塔寮坑溪排水左岸", "Name": "塔寮坑溪排水左岸5K+050" }, "geometry": { "type": "Point", "coordinates": [ 121.407833980058001, 25.017697861701699, 0.0 ] } },
{ "type": "Feature", "properties": { "Display": "5K+060", "River": "塔寮坑溪排水左岸", "Name": "塔寮坑溪排水左岸5K+060" }, "geometry": { "type": "Point", "coordinates": [ 121.407746731434003, 25.017655077405301, 0.0 ] } },
{ "type": "Feature", "properties": { "Display": "5K+070", "River": "塔寮坑溪排水左岸", "Name": "塔寮坑溪排水左岸5K+070" }, "geometry": { "type": "Point", "coordinates": [ 121.407657682768999, 25.017615501962499, 0.0 ] } },
{ "type": "Feature", "properties": { "Display": "5K+080", "River": "塔寮坑溪排水左岸", "Name": "塔寮坑溪排水左岸5K+080" }, "geometry": { "type": "Point", "coordinates": [ 121.407568375471001, 25.0175764250342, 0.0 ] } },
{ "type": "Feature", "properties": { "Display": "5K+090", "River": "塔寮坑溪排水左岸", "Name": "塔寮坑溪排水左岸5K+090" }, "geometry": { "type": "Point", "coordinates": [ 121.407476761550996, 25.017542041647999, 0.0 ] } },
{ "type": "Feature", "properties": { "Display": "5K+100", "River": "塔寮坑溪排水左岸", "Name": "塔寮坑溪排水左岸5K+100" }, "geometry": { "type": "Point", "coordinates": [ 121.407385147680998, 25.017507658204501, 0.0 ] } },
{ "type": "Feature", "properties": { "Display": "5K+110", "River": "塔寮坑溪排水左岸", "Name": "塔寮坑溪排水左岸5K+110" }, "geometry": { "type": "Point", "coordinates": [ 121.407289932078996, 25.017482974589999, 0.0 ] } },
{ "type": "Feature", "properties": { "Display": "5K+120", "River": "塔寮坑溪排水左岸", "Name": "塔寮坑溪排水左岸5K+120" }, "geometry": { "type": "Point", "coordinates": [ 121.407193735730999, 25.0174613880789, 0.0 ] } },
{ "type": "Feature", "properties": { "Display": "5K+130", "River": "塔寮坑溪排水左岸", "Name": "塔寮坑溪排水左岸5K+130" }, "geometry": { "type": "Point", "coordinates": [ 121.407097295124004, 25.017440685859299, 0.0 ] } },
{ "type": "Feature", "properties": { "Display": "5K+140", "River": "塔寮坑溪排水左岸", "Name": "塔寮坑溪排水左岸5K+140" }, "geometry": { "type": "Point", "coordinates": [ 121.407000835892006, 25.017420061943898, 0.0 ] } },
{ "type": "Feature", "properties": { "Display": "5K+150", "River": "塔寮坑溪排水左岸", "Name": "塔寮坑溪排水左岸5K+150" }, "geometry": { "type": "Point", "coordinates": [ 121.406903650065004, 25.017402489996101, 0.0 ] } },
{ "type": "Feature", "properties": { "Display": "5K+160", "River": "塔寮坑溪排水左岸", "Name": "塔寮坑溪排水左岸5K+160" }, "geometry": { "type": "Point", "coordinates": [ 121.406806415914005, 25.017385211271399, 0.0 ] } },
{ "type": "Feature", "properties": { "Display": "5K+170", "River": "塔寮坑溪排水左岸", "Name": "塔寮坑溪排水左岸5K+170" }, "geometry": { "type": "Point", "coordinates": [ 121.406709587264999, 25.017366072168301, 0.0 ] } },
{ "type": "Feature", "properties": { "Display": "5K+180", "River": "塔寮坑溪排水左岸", "Name": "塔寮坑溪排水左岸5K+180" }, "geometry": { "type": "Point", "coordinates": [ 121.406612758646006, 25.017346933001701, 0.0 ] } },
{ "type": "Feature", "properties": { "Display": "5K+190", "River": "塔寮坑溪排水左岸", "Name": "塔寮坑溪排水左岸5K+190" }, "geometry": { "type": "Point", "coordinates": [ 121.406515930054994, 25.017327793771599, 0.0 ] } },
{ "type": "Feature", "properties": { "Display": "5K+200", "River": "塔寮坑溪排水左岸", "Name": "塔寮坑溪排水左岸5K+200" }, "geometry": { "type": "Point", "coordinates": [ 121.406419101493995, 25.017308654478001, 0.0 ] } },
{ "type": "Feature", "properties": { "Display": "5K+210", "River": "塔寮坑溪排水左岸", "Name": "塔寮坑溪排水左岸5K+210" }, "geometry": { "type": "Point", "coordinates": [ 121.406322272962001, 25.0172895151209, 0.0 ] } },
{ "type": "Feature", "properties": { "Display": "5K+220", "River": "塔寮坑溪排水左岸", "Name": "塔寮坑溪排水左岸5K+220" }, "geometry": { "type": "Point", "coordinates": [ 121.406225478804004, 25.017270232078001, 0.0 ] } },
{ "type": "Feature", "properties": { "Display": "5K+230", "River": "塔寮坑溪排水左岸", "Name": "塔寮坑溪排水左岸5K+230" }, "geometry": { "type": "Point", "coordinates": [ 121.406128689382996, 25.017250929284099, 0.0 ] } },
{ "type": "Feature", "properties": { "Display": "5K+240", "River": "塔寮坑溪排水左岸", "Name": "塔寮坑溪排水左岸5K+240" }, "geometry": { "type": "Point", "coordinates": [ 121.406031899991007, 25.0172316264267, 0.0 ] } },
{ "type": "Feature", "properties": { "Display": "5K+250", "River": "塔寮坑溪排水左岸", "Name": "塔寮坑溪排水左岸5K+250" }, "geometry": { "type": "Point", "coordinates": [ 121.405935110629002, 25.017212323505898, 0.0 ] } },
{ "type": "Feature", "properties": { "Display": "5K+260", "River": "塔寮坑溪排水左岸", "Name": "塔寮坑溪排水左岸5K+260" }, "geometry": { "type": "Point", "coordinates": [ 121.405838321296002, 25.017193020521599, 0.0 ] } },
{ "type": "Feature", "properties": { "Display": "5K+270", "River": "塔寮坑溪排水左岸", "Name": "塔寮坑溪排水左岸5K+270" }, "geometry": { "type": "Point", "coordinates": [ 121.405741531993002, 25.017173717473899, 0.0 ] } },
{ "type": "Feature", "properties": { "Display": "5K+280", "River": "塔寮坑溪排水左岸", "Name": "塔寮坑溪排水左岸5K+280" }, "geometry": { "type": "Point", "coordinates": [ 121.405644742719005, 25.0171544143628, 0.0 ] } },
{ "type": "Feature", "properties": { "Display": "5K+290", "River": "塔寮坑溪排水左岸", "Name": "塔寮坑溪排水左岸5K+290" }, "geometry": { "type": "Point", "coordinates": [ 121.405547138239001, 25.0171398224496, 0.0 ] } },
{ "type": "Feature", "properties": { "Display": "5K+300", "River": "塔寮坑溪排水左岸", "Name": "塔寮坑溪排水左岸5K+300" }, "geometry": { "type": "Point", "coordinates": [ 121.405448429833996, 25.0171333162615, 0.0 ] } },
{ "type": "Feature", "properties": { "Display": "5K+310", "River": "塔寮坑溪排水左岸", "Name": "塔寮坑溪排水左岸5K+310" }, "geometry": { "type": "Point", "coordinates": [ 121.405349368431999, 25.0171350867219, 0.0 ] } },
{ "type": "Feature", "properties": { "Display": "5K+320", "River": "塔寮坑溪排水左岸", "Name": "塔寮坑溪排水左岸5K+320" }, "geometry": { "type": "Point", "coordinates": [ 121.405250724246997, 25.017141557034901, 0.0 ] } },
{ "type": "Feature", "properties": { "Display": "5K+330", "River": "塔寮坑溪排水左岸", "Name": "塔寮坑溪排水左岸5K+330" }, "geometry": { "type": "Point", "coordinates": [ 121.405152638440001, 25.017154317484199, 0.0 ] } },
{ "type": "Feature", "properties": { "Display": "5K+340", "River": "塔寮坑溪排水左岸", "Name": "塔寮坑溪排水左岸5K+340" }, "geometry": { "type": "Point", "coordinates": [ 121.405054549148005, 25.017167055713099, 0.0 ] } },
{ "type": "Feature", "properties": { "Display": "5K+350", "River": "塔寮坑溪排水左岸", "Name": "塔寮坑溪排水左岸5K+350" }, "geometry": { "type": "Point", "coordinates": [ 121.404956463236005, 25.017179812095399, 0.0 ] } },
{ "type": "Feature", "properties": { "Display": "5K+360", "River": "塔寮坑溪排水左岸", "Name": "塔寮坑溪排水左岸5K+360" }, "geometry": { "type": "Point", "coordinates": [ 121.404858669877001, 25.017194317147698, 0.0 ] } },
{ "type": "Feature", "properties": { "Display": "5K+370", "River": "塔寮坑溪排水左岸", "Name": "塔寮坑溪排水左岸5K+370" }, "geometry": { "type": "Point", "coordinates": [ 121.40476088986, 25.0172088965627, 0.0 ] } },
{ "type": "Feature", "properties": { "Display": "5K+380", "River": "塔寮坑溪排水左岸", "Name": "塔寮坑溪排水左岸5K+380" }, "geometry": { "type": "Point", "coordinates": [ 121.404663123635999, 25.0172235528435, 0.0 ] } },
{ "type": "Feature", "properties": { "Display": "5K+390", "River": "塔寮坑溪排水左岸", "Name": "塔寮坑溪排水左岸5K+390" }, "geometry": { "type": "Point", "coordinates": [ 121.404565357387995, 25.017238209060199, 0.0 ] } },
{ "type": "Feature", "properties": { "Display": "5K+400", "River": "塔寮坑溪排水左岸", "Name": "塔寮坑溪排水左岸5K+400" }, "geometry": { "type": "Point", "coordinates": [ 121.404467591114994, 25.0172528652128, 0.0 ] } },
{ "type": "Feature", "properties": { "Display": "5K+410", "River": "塔寮坑溪排水左岸", "Name": "塔寮坑溪排水左岸5K+410" }, "geometry": { "type": "Point", "coordinates": [ 121.404369640092, 25.017266309539401, 0.0 ] } },
{ "type": "Feature", "properties": { "Display": "5K+420", "River": "塔寮坑溪排水左岸", "Name": "塔寮坑溪排水左岸5K+420" }, "geometry": { "type": "Point", "coordinates": [ 121.404271462089, 25.0172784007984, 0.0 ] } },
{ "type": "Feature", "properties": { "Display": "5K+430", "River": "塔寮坑溪排水左岸", "Name": "塔寮坑溪排水左岸5K+430" }, "geometry": { "type": "Point", "coordinates": [ 121.404175754882004, 25.017267921629099, 0.0 ] } },
{ "type": "Feature", "properties": { "Display": "5K+440", "River": "塔寮坑溪排水左岸", "Name": "塔寮坑溪排水左岸5K+440" }, "geometry": { "type": "Point", "coordinates": [ 121.404088089991006, 25.017225850200099, 0.0 ] } },
{ "type": "Feature", "properties": { "Display": "5K+450", "River": "塔寮坑溪排水左岸", "Name": "塔寮坑溪排水左岸5K+450" }, "geometry": { "type": "Point", "coordinates": [ 121.404000425158998, 25.017183778718401, 0.0 ] } },
{ "type": "Feature", "properties": { "Display": "5K+460", "River": "塔寮坑溪排水左岸", "Name": "塔寮坑溪排水左岸5K+460" }, "geometry": { "type": "Point", "coordinates": [ 121.403912760386007, 25.017141707183999, 0.0 ] } },
{ "type": "Feature", "properties": { "Display": "5K+470", "River": "塔寮坑溪排水左岸", "Name": "塔寮坑溪排水左岸5K+470" }, "geometry": { "type": "Point", "coordinates": [ 121.403825095673, 25.017099635596999, 0.0 ] } },
{ "type": "Feature", "properties": { "Display": "5K+480", "River": "塔寮坑溪排水左岸", "Name": "塔寮坑溪排水左岸5K+480" }, "geometry": { "type": "Point", "coordinates": [ 121.403737431018996, 25.017057563957302, 0.0 ] } },
{ "type": "Feature", "properties": { "Display": "5K+490", "River": "塔寮坑溪排水左岸", "Name": "塔寮坑溪排水左岸5K+490" }, "geometry": { "type": "Point", "coordinates": [ 121.403649766423996, 25.0170154922649, 0.0 ] } },
{ "type": "Feature", "properties": { "Display": "5K+500", "River": "塔寮坑溪排水左岸", "Name": "塔寮坑溪排水左岸5K+500" }, "geometry": { "type": "Point", "coordinates": [ 121.403561933638997, 25.016973713157999, 0.0 ] } },
{ "type": "Feature", "properties": { "Display": "5K+510", "River": "塔寮坑溪排水左岸", "Name": "塔寮坑溪排水左岸5K+510" }, "geometry": { "type": "Point", "coordinates": [ 121.403474066903996, 25.016931993150902, 0.0 ] } },
{ "type": "Feature", "properties": { "Display": "5K+520", "River": "塔寮坑溪排水左岸", "Name": "塔寮坑溪排水左岸5K+520" }, "geometry": { "type": "Point", "coordinates": [ 121.403386200227004, 25.016890273091001, 0.0 ] } },
{ "type": "Feature", "properties": { "Display": "5K+530", "River": "塔寮坑溪排水左岸", "Name": "塔寮坑溪排水左岸5K+530" }, "geometry": { "type": "Point", "coordinates": [ 121.403298333609001, 25.0168485529781, 0.0 ] } },
{ "type": "Feature", "properties": { "Display": "5K+540", "River": "塔寮坑溪排水左岸", "Name": "塔寮坑溪排水左岸5K+540" }, "geometry": { "type": "Point", "coordinates": [ 121.403210467050997, 25.0168068328123, 0.0 ] } },
{ "type": "Feature", "properties": { "Display": "5K+550", "River": "塔寮坑溪排水左岸", "Name": "塔寮坑溪排水左岸5K+550" }, "geometry": { "type": "Point", "coordinates": [ 121.403122600551001, 25.016765112593699, 0.0 ] } },
{ "type": "Feature", "properties": { "Display": "5K+560", "River": "塔寮坑溪排水左岸", "Name": "塔寮坑溪排水左岸5K+560" }, "geometry": { "type": "Point", "coordinates": [ 121.403034734109994, 25.016723392322099, 0.0 ] } },
{ "type": "Feature", "properties": { "Display": "5K+570", "River": "塔寮坑溪排水左岸", "Name": "塔寮坑溪排水左岸5K+570" }, "geometry": { "type": "Point", "coordinates": [ 121.402946166692999, 25.0166829237189, 0.0 ] } },
{ "type": "Feature", "properties": { "Display": "5K+580", "River": "塔寮坑溪排水左岸", "Name": "塔寮坑溪排水左岸5K+580" }, "geometry": { "type": "Point", "coordinates": [ 121.402857534378995, 25.016642571040801, 0.0 ] } },
{ "type": "Feature", "properties": { "Display": "5K+590", "River": "塔寮坑溪排水左岸", "Name": "塔寮坑溪排水左岸5K+590" }, "geometry": { "type": "Point", "coordinates": [ 121.402773464247005, 25.016595367466, 0.0 ] } },
{ "type": "Feature", "properties": { "Display": "5K+600", "River": "塔寮坑溪排水左岸", "Name": "塔寮坑溪排水左岸5K+600" }, "geometry": { "type": "Point", "coordinates": [ 121.402693618946998, 25.0165419265883, 0.0 ] } },
{ "type": "Feature", "properties": { "Display": "5K+610", "River": "塔寮坑溪排水左岸", "Name": "塔寮坑溪排水左岸5K+610" }, "geometry": { "type": "Point", "coordinates": [ 121.402615656744004, 25.016486210996501, 0.0 ] } },
{ "type": "Feature", "properties": { "Display": "5K+620", "River": "塔寮坑溪排水左岸", "Name": "塔寮坑溪排水左岸5K+620" }, "geometry": { "type": "Point", "coordinates": [ 121.402537694610999, 25.016430495362599, 0.0 ] } },
{ "type": "Feature", "properties": { "Display": "5K+630", "River": "塔寮坑溪排水左岸", "Name": "塔寮坑溪排水左岸5K+630" }, "geometry": { "type": "Point", "coordinates": [ 121.402459732547996, 25.016374779686501, 0.0 ] } },
{ "type": "Feature", "properties": { "Display": "5K+640", "River": "塔寮坑溪排水左岸", "Name": "塔寮坑溪排水左岸5K+640" }, "geometry": { "type": "Point", "coordinates": [ 121.402381770556005, 25.016319063968201, 0.0 ] } },
{ "type": "Feature", "properties": { "Display": "5K+650", "River": "塔寮坑溪排水左岸", "Name": "塔寮坑溪排水左岸5K+650" }, "geometry": { "type": "Point", "coordinates": [ 121.402303835354004, 25.0162633173058, 0.0 ] } },
{ "type": "Feature", "properties": { "Display": "5K+660", "River": "塔寮坑溪排水左岸", "Name": "塔寮坑溪排水左岸5K+660" }, "geometry": { "type": "Point", "coordinates": [ 121.402226147828003, 25.016207284252999, 0.0 ] } },
{ "type": "Feature", "properties": { "Display": "5K+670", "River": "塔寮坑溪排水左岸", "Name": "塔寮坑溪排水左岸5K+670" }, "geometry": { "type": "Point", "coordinates": [ 121.402148460372004, 25.016151251158401, 0.0 ] } },
{ "type": "Feature", "properties": { "Display": "5K+680", "River": "塔寮坑溪排水左岸", "Name": "塔寮坑溪排水左岸5K+680" }, "geometry": { "type": "Point", "coordinates": [ 121.402070772985994, 25.0160952180218, 0.0 ] } },
{ "type": "Feature", "properties": { "Display": "5K+690", "River": "塔寮坑溪排水左岸", "Name": "塔寮坑溪排水左岸5K+690" }, "geometry": { "type": "Point", "coordinates": [ 121.401990780901002, 25.016042068376699, 0.0 ] } },
{ "type": "Feature", "properties": { "Display": "5K+700", "River": "塔寮坑溪排水左岸", "Name": "塔寮坑溪排水左岸5K+700" }, "geometry": { "type": "Point", "coordinates": [ 121.401908417773996, 25.015991885216501, 0.0 ] } },
{ "type": "Feature", "properties": { "Display": "5K+710", "River": "塔寮坑溪排水左岸", "Name": "塔寮坑溪排水左岸5K+710" }, "geometry": { "type": "Point", "coordinates": [ 121.401826054713993, 25.015941702009499, 0.0 ] } },
{ "type": "Feature", "properties": { "Display": "5K+720", "River": "塔寮坑溪排水左岸", "Name": "塔寮坑溪排水左岸5K+720" }, "geometry": { "type": "Point", "coordinates": [ 121.401736750827993, 25.015903433081998, 0.0 ] } },
{ "type": "Feature", "properties": { "Display": "5K+730", "River": "塔寮坑溪排水左岸", "Name": "塔寮坑溪排水左岸5K+730" }, "geometry": { "type": "Point", "coordinates": [ 121.401644985222006, 25.0158693898302, 0.0 ] } },
{ "type": "Feature", "properties": { "Display": "5K+740", "River": "塔寮坑溪排水左岸", "Name": "塔寮坑溪排水左岸5K+740" }, "geometry": { "type": "Point", "coordinates": [ 121.401553219665999, 25.015835346521101, 0.0 ] } },
{ "type": "Feature", "properties": { "Display": "5K+750", "River": "塔寮坑溪排水左岸", "Name": "塔寮坑溪排水左岸5K+750" }, "geometry": { "type": "Point", "coordinates": [ 121.401456967601007, 25.015814511522699, 0.0 ] } },
{ "type": "Feature", "properties": { "Display": "5K+760", "River": "塔寮坑溪排水左岸", "Name": "塔寮坑溪排水左岸5K+760" }, "geometry": { "type": "Point", "coordinates": [ 121.401359788088001, 25.0157980711205, 0.0 ] } },
{ "type": "Feature", "properties": { "Display": "5K+770", "River": "塔寮坑溪排水左岸", "Name": "塔寮坑溪排水左岸5K+770" }, "geometry": { "type": "Point", "coordinates": [ 121.401260735752004, 25.0157959601664, 0.0 ] } },
{ "type": "Feature", "properties": { "Display": "5K+780", "River": "塔寮坑溪排水左岸", "Name": "塔寮坑溪排水左岸5K+780" }, "geometry": { "type": "Point", "coordinates": [ 121.401161707704006, 25.0157948409799, 0.0 ] } },
{ "type": "Feature", "properties": { "Display": "5K+790", "River": "塔寮坑溪排水左岸", "Name": "塔寮坑溪排水左岸5K+790" }, "geometry": { "type": "Point", "coordinates": [ 121.401062857265003, 25.015800975471901, 0.0 ] } },
{ "type": "Feature", "properties": { "Display": "5K+800", "River": "塔寮坑溪排水左岸", "Name": "塔寮坑溪排水左岸5K+800" }, "geometry": { "type": "Point", "coordinates": [ 121.400964006815997, 25.015807109898301, 0.0 ] } },
{ "type": "Feature", "properties": { "Display": "5K+810", "River": "塔寮坑溪排水左岸", "Name": "塔寮坑溪排水左岸5K+810" }, "geometry": { "type": "Point", "coordinates": [ 121.400865156356005, 25.0158132442591, 0.0 ] } },
{ "type": "Feature", "properties": { "Display": "5K+820", "River": "塔寮坑溪排水左岸", "Name": "塔寮坑溪排水左岸5K+820" }, "geometry": { "type": "Point", "coordinates": [ 121.400766305885, 25.015819378554301, 0.0 ] } },
{ "type": "Feature", "properties": { "Display": "5K+830", "River": "塔寮坑溪排水左岸", "Name": "塔寮坑溪排水左岸5K+830" }, "geometry": { "type": "Point", "coordinates": [ 121.400667455402996, 25.015825512783898, 0.0 ] } },
{ "type": "Feature", "properties": { "Display": "5K+840", "River": "塔寮坑溪排水左岸", "Name": "塔寮坑溪排水左岸5K+840" }, "geometry": { "type": "Point", "coordinates": [ 121.400568604911001, 25.015831646947898, 0.0 ] } },
{ "type": "Feature", "properties": { "Display": "5K+850", "River": "塔寮坑溪排水左岸", "Name": "塔寮坑溪排水左岸5K+850" }, "geometry": { "type": "Point", "coordinates": [ 121.400469754406998, 25.015837781046201, 0.0 ] } },
{ "type": "Feature", "properties": { "Display": "5K+860", "River": "塔寮坑溪排水左岸", "Name": "塔寮坑溪排水左岸5K+860" }, "geometry": { "type": "Point", "coordinates": [ 121.400370903893005, 25.015843915079, 0.0 ] } },
{ "type": "Feature", "properties": { "Display": "5K+870", "River": "塔寮坑溪排水左岸", "Name": "塔寮坑溪排水左岸5K+870" }, "geometry": { "type": "Point", "coordinates": [ 121.400272053367999, 25.0158500490462, 0.0 ] } },
{ "type": "Feature", "properties": { "Display": "5K+880", "River": "塔寮坑溪排水左岸", "Name": "塔寮坑溪排水左岸5K+880" }, "geometry": { "type": "Point", "coordinates": [ 121.400175193753, 25.0158676210382, 0.0 ] } },
{ "type": "Feature", "properties": { "Display": "5K+890", "River": "塔寮坑溪排水左岸", "Name": "塔寮坑溪排水左岸5K+890" }, "geometry": { "type": "Point", "coordinates": [ 121.400078738088993, 25.0158882604455, 0.0 ] } },
{ "type": "Feature", "properties": { "Display": "5K+900", "River": "塔寮坑溪排水左岸", "Name": "塔寮坑溪排水左岸5K+900" }, "geometry": { "type": "Point", "coordinates": [ 121.399982282390994, 25.015908899790499, 0.0 ] } },
{ "type": "Feature", "properties": { "Display": "5K+910", "River": "塔寮坑溪排水左岸", "Name": "塔寮坑溪排水左岸5K+910" }, "geometry": { "type": "Point", "coordinates": [ 121.399885826659002, 25.015929539073301, 0.0 ] } },
{ "type": "Feature", "properties": { "Display": "5K+920", "River": "塔寮坑溪排水左岸", "Name": "塔寮坑溪排水左岸5K+920" }, "geometry": { "type": "Point", "coordinates": [ 121.399789370894993, 25.015950178293899, 0.0 ] } },
{ "type": "Feature", "properties": { "Display": "5K+930", "River": "塔寮坑溪排水左岸", "Name": "塔寮坑溪排水左岸5K+930" }, "geometry": { "type": "Point", "coordinates": [ 121.399692915098001, 25.015970817452299, 0.0 ] } },
{ "type": "Feature", "properties": { "Display": "5K+940", "River": "塔寮坑溪排水左岸", "Name": "塔寮坑溪排水左岸5K+940" }, "geometry": { "type": "Point", "coordinates": [ 121.399596104927994, 25.015989951840599, 0.0 ] } },
{ "type": "Feature", "properties": { "Display": "5K+950", "River": "塔寮坑溪排水左岸", "Name": "塔寮坑溪排水左岸5K+950" }, "geometry": { "type": "Point", "coordinates": [ 121.399499053300005, 25.0160080924509, 0.0 ] } },
{ "type": "Feature", "properties": { "Display": "5K+960", "River": "塔寮坑溪排水左岸", "Name": "塔寮坑溪排水左岸5K+960" }, "geometry": { "type": "Point", "coordinates": [ 121.399402282989001, 25.0160274708816, 0.0 ] } },
{ "type": "Feature", "properties": { "Display": "5K+970", "River": "塔寮坑溪排水左岸", "Name": "塔寮坑溪排水左岸5K+970" }, "geometry": { "type": "Point", "coordinates": [ 121.399305512645995, 25.016046849249701, 0.0 ] } },
{ "type": "Feature", "properties": { "Display": "5K+980", "River": "塔寮坑溪排水左岸", "Name": "塔寮坑溪排水左岸5K+980" }, "geometry": { "type": "Point", "coordinates": [ 121.399208742271995, 25.0160662275551, 0.0 ] } },
{ "type": "Feature", "properties": { "Display": "5K+990", "River": "塔寮坑溪排水左岸", "Name": "塔寮坑溪排水左岸5K+990" }, "geometry": { "type": "Point", "coordinates": [ 121.399110840560994, 25.016079718741, 0.0 ] } },
{ "type": "Feature", "properties": { "Display": "6K+000", "River": "塔寮坑溪排水左岸", "Name": "塔寮坑溪排水左岸6K+000" }, "geometry": { "type": "Point", "coordinates": [ 121.399012601677995, 25.016091455405, 0.0 ] } },
{ "type": "Feature", "properties": { "Display": "6K+010", "River": "塔寮坑溪排水左岸", "Name": "塔寮坑溪排水左岸6K+010" }, "geometry": { "type": "Point", "coordinates": [ 121.398916278409999, 25.0161113362803, 0.0 ] } },
{ "type": "Feature", "properties": { "Display": "6K+020", "River": "塔寮坑溪排水左岸", "Name": "塔寮坑溪排水左岸6K+020" }, "geometry": { "type": "Point", "coordinates": [ 121.398821389776003, 25.0161373165604, 0.0 ] } },
{ "type": "Feature", "properties": { "Display": "6K+030", "River": "塔寮坑溪排水左岸", "Name": "塔寮坑溪排水左岸6K+030" }, "geometry": { "type": "Point", "coordinates": [ 121.398726813080998, 25.016163357551701, 0.0 ] } },
{ "type": "Feature", "properties": { "Display": "6K+040", "River": "塔寮坑溪排水左岸", "Name": "塔寮坑溪排水左岸6K+040" }, "geometry": { "type": "Point", "coordinates": [ 121.398722613532001, 25.016219157398599, 0.0 ] } },
{ "type": "Feature", "properties": { "Display": "6K+050", "River": "塔寮坑溪排水左岸", "Name": "塔寮坑溪排水左岸6K+050" }, "geometry": { "type": "Point", "coordinates": [ 121.398624436405996, 25.016230335833299, 0.0 ] } },
{ "type": "Feature", "properties": { "Display": "6K+060", "River": "塔寮坑溪排水左岸", "Name": "塔寮坑溪排水左岸6K+060" }, "geometry": { "type": "Point", "coordinates": [ 121.398525700947999, 25.016237856241101, 0.0 ] } },
{ "type": "Feature", "properties": { "Display": "6K+070", "River": "塔寮坑溪排水左岸", "Name": "塔寮坑溪排水左岸6K+070" }, "geometry": { "type": "Point", "coordinates": [ 121.398426965477, 25.016245376583399, 0.0 ] } },
{ "type": "Feature", "properties": { "Display": "6K+080", "River": "塔寮坑溪排水左岸", "Name": "塔寮坑溪排水左岸6K+080" }, "geometry": { "type": "Point", "coordinates": [ 121.398328229993993, 25.016252896860401, 0.0 ] } },
{ "type": "Feature", "properties": { "Display": "6K+090", "River": "塔寮坑溪排水左岸", "Name": "塔寮坑溪排水左岸6K+090" }, "geometry": { "type": "Point", "coordinates": [ 121.398229492504996, 25.016260394241002, 0.0 ] } },
{ "type": "Feature", "properties": { "Display": "6K+100", "River": "塔寮坑溪排水左岸", "Name": "塔寮坑溪排水左岸6K+100" }, "geometry": { "type": "Point", "coordinates": [ 121.398130688802993, 25.016267129465799, 0.0 ] } },
{ "type": "Feature", "properties": { "Display": "6K+110", "River": "塔寮坑溪排水左岸", "Name": "塔寮坑溪排水左岸6K+110" }, "geometry": { "type": "Point", "coordinates": [ 121.398031878167004, 25.016273780133002, 0.0 ] } },
{ "type": "Feature", "properties": { "Display": "6K+120", "River": "塔寮坑溪排水左岸", "Name": "塔寮坑溪排水左岸6K+120" }, "geometry": { "type": "Point", "coordinates": [ 121.39793306752, 25.0162804307346, 0.0 ] } },
{ "type": "Feature", "properties": { "Display": "6K+130", "River": "塔寮坑溪排水左岸", "Name": "塔寮坑溪排水左岸6K+130" }, "geometry": { "type": "Point", "coordinates": [ 121.397834220115996, 25.0162865859545, 0.0 ] } },
{ "type": "Feature", "properties": { "Display": "6K+140", "River": "塔寮坑溪排水左岸", "Name": "塔寮坑溪排水左岸6K+140" }, "geometry": { "type": "Point", "coordinates": [ 121.397735324204007, 25.0162920846806, 0.0 ] } },
{ "type": "Feature", "properties": { "Display": "6K+150", "River": "塔寮坑溪排水左岸", "Name": "塔寮坑溪排水左岸6K+150" }, "geometry": { "type": "Point", "coordinates": [ 121.397636428282993, 25.016297583340901, 0.0 ] } },
{ "type": "Feature", "properties": { "Display": "6K+160", "River": "塔寮坑溪排水左岸", "Name": "塔寮坑溪排水左岸6K+160" }, "geometry": { "type": "Point", "coordinates": [ 121.397537532352004, 25.016303081935501, 0.0 ] } },
{ "type": "Feature", "properties": { "Display": "6K+170", "River": "塔寮坑溪排水左岸", "Name": "塔寮坑溪排水左岸6K+170" }, "geometry": { "type": "Point", "coordinates": [ 121.397462492491002, 25.016280512916701, 0.0 ] } },
{ "type": "Feature", "properties": { "Display": "6K+180", "River": "塔寮坑溪排水左岸", "Name": "塔寮坑溪排水左岸6K+180" }, "geometry": { "type": "Point", "coordinates": [ 121.397363424459996, 25.016279392249501, 0.0 ] } },
{ "type": "Feature", "properties": { "Display": "6K+190", "River": "塔寮坑溪排水左岸", "Name": "塔寮坑溪排水左岸6K+190" }, "geometry": { "type": "Point", "coordinates": [ 121.397264880405004, 25.0162743725231, 0.0 ] } },
{ "type": "Feature", "properties": { "Display": "6K+200", "River": "塔寮坑溪排水左岸", "Name": "塔寮坑溪排水左岸6K+200" }, "geometry": { "type": "Point", "coordinates": [ 121.397171221880996, 25.0162480433989, 0.0 ] } },
{ "type": "Feature", "properties": { "Display": "6K+210", "River": "塔寮坑溪排水左岸", "Name": "塔寮坑溪排水左岸6K+210" }, "geometry": { "type": "Point", "coordinates": [ 121.397083009604003, 25.0162069519297, 0.0 ] } },
{ "type": "Feature", "properties": { "Display": "6K+220", "River": "塔寮坑溪排水左岸", "Name": "塔寮坑溪排水左岸6K+220" }, "geometry": { "type": "Point", "coordinates": [ 121.396999069279005, 25.016159220998901, 0.0 ] } },
{ "type": "Feature", "properties": { "Display": "6K+230", "River": "塔寮坑溪排水左岸", "Name": "塔寮坑溪排水左岸6K+230" }, "geometry": { "type": "Point", "coordinates": [ 121.396919077608999, 25.0161064268007, 0.0 ] } },
{ "type": "Feature", "properties": { "Display": "6K+240", "River": "塔寮坑溪排水左岸", "Name": "塔寮坑溪排水左岸6K+240" }, "geometry": { "type": "Point", "coordinates": [ 121.396855241992995, 25.0160375251156, 0.0 ] } },
{ "type": "Feature", "properties": { "Display": "6K+250", "River": "塔寮坑溪排水左岸", "Name": "塔寮坑溪排水左岸6K+250" }, "geometry": { "type": "Point", "coordinates": [ 121.396793061194998, 25.015967236292202, 0.0 ] } },
{ "type": "Feature", "properties": { "Display": "6K+260", "River": "塔寮坑溪排水左岸", "Name": "塔寮坑溪排水左岸6K+260" }, "geometry": { "type": "Point", "coordinates": [ 121.396730880468994, 25.015896947441099, 0.0 ] } },
{ "type": "Feature", "properties": { "Display": "6K+270", "River": "塔寮坑溪排水左岸", "Name": "塔寮坑溪排水左岸6K+270" }, "geometry": { "type": "Point", "coordinates": [ 121.396668699814001, 25.015826658562599, 0.0 ] } },
{ "type": "Feature", "properties": { "Display": "6K+280", "River": "塔寮坑溪排水左岸", "Name": "塔寮坑溪排水左岸6K+280" }, "geometry": { "type": "Point", "coordinates": [ 121.396606519228996, 25.015756369656501, 0.0 ] } },
{ "type": "Feature", "properties": { "Display": "6K+290", "River": "塔寮坑溪排水左岸", "Name": "塔寮坑溪排水左岸6K+290" }, "geometry": { "type": "Point", "coordinates": [ 121.396543218499005, 25.015686955094498, 0.0 ] } },
{ "type": "Feature", "properties": { "Display": "6K+300", "River": "塔寮坑溪排水左岸", "Name": "塔寮坑溪排水左岸6K+300" }, "geometry": { "type": "Point", "coordinates": [ 121.396475876539995, 25.0156207325583, 0.0 ] } },
{ "type": "Feature", "properties": { "Display": "6K+310", "River": "塔寮坑溪排水左岸", "Name": "塔寮坑溪排水左岸6K+310" }, "geometry": { "type": "Point", "coordinates": [ 121.396408502956007, 25.0155545365206, 0.0 ] } },
{ "type": "Feature", "properties": { "Display": "6K+320", "River": "塔寮坑溪排水左岸", "Name": "塔寮坑溪排水左岸6K+320" }, "geometry": { "type": "Point", "coordinates": [ 121.396341129443996, 25.015488340450901, 0.0 ] } },
{ "type": "Feature", "properties": { "Display": "6K+330", "River": "塔寮坑溪排水左岸", "Name": "塔寮坑溪排水左岸6K+330" }, "geometry": { "type": "Point", "coordinates": [ 121.396275072663997, 25.0154210698581, 0.0 ] } },
{ "type": "Feature", "properties": { "Display": "6K+340", "River": "塔寮坑溪排水左岸", "Name": "塔寮坑溪排水左岸6K+340" }, "geometry": { "type": "Point", "coordinates": [ 121.396206634750001, 25.015355798858302, 0.0 ] } },
{ "type": "Feature", "properties": { "Display": "6K+350", "River": "塔寮坑溪排水左岸", "Name": "塔寮坑溪排水左岸6K+350" }, "geometry": { "type": "Point", "coordinates": [ 121.396135311424004, 25.0152937725688, 0.0 ] } },
{ "type": "Feature", "properties": { "Display": "6K+360", "River": "塔寮坑溪排水左岸", "Name": "塔寮坑溪排水左岸6K+360" }, "geometry": { "type": "Point", "coordinates": [ 121.396055090627002, 25.0152407867858, 0.0 ] } },
{ "type": "Feature", "properties": { "Display": "6K+370", "River": "塔寮坑溪排水左岸", "Name": "塔寮坑溪排水左岸6K+370" }, "geometry": { "type": "Point", "coordinates": [ 121.395971638581003, 25.015192438849699, 0.0 ] } },
{ "type": "Feature", "properties": { "Display": "6K+380", "River": "塔寮坑溪排水左岸", "Name": "塔寮坑溪排水左岸6K+380" }, "geometry": { "type": "Point", "coordinates": [ 121.395884884086996, 25.015148830938301, 0.0 ] } },
{ "type": "Feature", "properties": { "Display": "6K+390", "River": "塔寮坑溪排水左岸", "Name": "塔寮坑溪排水左岸6K+390" }, "geometry": { "type": "Point", "coordinates": [ 121.395798129653997, 25.015105222975301, 0.0 ] } },
{ "type": "Feature", "properties": { "Display": "6K+400", "River": "塔寮坑溪排水左岸", "Name": "塔寮坑溪排水左岸6K+400" }, "geometry": { "type": "Point", "coordinates": [ 121.395711375280996, 25.0150616149607, 0.0 ] } },
{ "type": "Feature", "properties": { "Display": "6K+410", "River": "塔寮坑溪排水左岸", "Name": "塔寮坑溪排水左岸6K+410" }, "geometry": { "type": "Point", "coordinates": [ 121.395624620969997, 25.015018006894401, 0.0 ] } },
{ "type": "Feature", "properties": { "Display": "6K+420", "River": "塔寮坑溪排水左岸", "Name": "塔寮坑溪排水左岸6K+420" }, "geometry": { "type": "Point", "coordinates": [ 121.395537866718996, 25.014974398776499, 0.0 ] } },
{ "type": "Feature", "properties": { "Display": "6K+430", "River": "塔寮坑溪排水左岸", "Name": "塔寮坑溪排水左岸6K+430" }, "geometry": { "type": "Point", "coordinates": [ 121.395451112529003, 25.014930790607, 0.0 ] } },
{ "type": "Feature", "properties": { "Display": "6K+440", "River": "塔寮坑溪排水左岸", "Name": "塔寮坑溪排水左岸6K+440" }, "geometry": { "type": "Point", "coordinates": [ 121.395363762851005, 25.014888460587201, 0.0 ] } },
{ "type": "Feature", "properties": { "Display": "6K+450", "River": "塔寮坑溪排水左岸", "Name": "塔寮坑溪排水左岸6K+450" }, "geometry": { "type": "Point", "coordinates": [ 121.395269076874001, 25.014861876211398, 0.0 ] } },
{ "type": "Feature", "properties": { "Display": "6K+460", "River": "塔寮坑溪排水左岸", "Name": "塔寮坑溪排水左岸6K+460" }, "geometry": { "type": "Point", "coordinates": [ 121.395174390937001, 25.014835291774698, 0.0 ] } },
{ "type": "Feature", "properties": { "Display": "6K+470", "River": "塔寮坑溪排水左岸", "Name": "塔寮坑溪排水左岸6K+470" }, "geometry": { "type": "Point", "coordinates": [ 121.395079705040004, 25.014808707277101, 0.0 ] } },
{ "type": "Feature", "properties": { "Display": "6K+480", "River": "塔寮坑溪排水左岸", "Name": "塔寮坑溪排水左岸6K+480" }, "geometry": { "type": "Point", "coordinates": [ 121.394984139374003, 25.0147849174706, 0.0 ] } },
{ "type": "Feature", "properties": { "Display": "6K+490", "River": "塔寮坑溪排水左岸", "Name": "塔寮坑溪排水左岸6K+490" }, "geometry": { "type": "Point", "coordinates": [ 121.394888386142995, 25.014761723521602, 0.0 ] } },
{ "type": "Feature", "properties": { "Display": "6K+500", "River": "塔寮坑溪排水左岸", "Name": "塔寮坑溪排水左岸6K+500" }, "geometry": { "type": "Point", "coordinates": [ 121.394792632947997, 25.014738529510499, 0.0 ] } },
{ "type": "Feature", "properties": { "Display": "6K+510", "River": "塔寮坑溪排水左岸", "Name": "塔寮坑溪排水左岸6K+510" }, "geometry": { "type": "Point", "coordinates": [ 121.394696879788, 25.014715335437199, 0.0 ] } },
{ "type": "Feature", "properties": { "Display": "6K+520", "River": "塔寮坑溪排水左岸", "Name": "塔寮坑溪排水左岸6K+520" }, "geometry": { "type": "Point", "coordinates": [ 121.394599093197002, 25.014703139898302, 0.0 ] } },
{ "type": "Feature", "properties": { "Display": "6K+530", "River": "塔寮坑溪排水左岸", "Name": "塔寮坑溪排水左岸6K+530" }, "geometry": { "type": "Point", "coordinates": [ 121.394500020666996, 25.014702139551201, 0.0 ] } },
{ "type": "Feature", "properties": { "Display": "6K+540", "River": "塔寮坑溪排水左岸", "Name": "塔寮坑溪排水左岸6K+540" }, "geometry": { "type": "Point", "coordinates": [ 121.394400948137999, 25.014701139138001, 0.0 ] } },
{ "type": "Feature", "properties": { "Display": "6K+550", "River": "塔寮坑溪排水左岸", "Name": "塔寮坑溪排水左岸6K+550" }, "geometry": { "type": "Point", "coordinates": [ 121.394305405970997, 25.0147233052936, 0.0 ] } },
{ "type": "Feature", "properties": { "Display": "6K+560", "River": "塔寮坑溪排水左岸", "Name": "塔寮坑溪排水左岸6K+560" }, "geometry": { "type": "Point", "coordinates": [ 121.394218903007001, 25.014767119716101, 0.0 ] } },
{ "type": "Feature", "properties": { "Display": "6K+570", "River": "塔寮坑溪排水左岸", "Name": "塔寮坑溪排水左岸6K+570" }, "geometry": { "type": "Point", "coordinates": [ 121.394133104378, 25.0148122701723, 0.0 ] } },
{ "type": "Feature", "properties": { "Display": "6K+580", "River": "塔寮坑溪排水左岸", "Name": "塔寮坑溪排水左岸6K+580" }, "geometry": { "type": "Point", "coordinates": [ 121.394050929827998, 25.014862702534799, 0.0 ] } },
{ "type": "Feature", "properties": { "Display": "6K+590", "River": "塔寮坑溪排水左岸", "Name": "塔寮坑溪排水左岸6K+590" }, "geometry": { "type": "Point", "coordinates": [ 121.393972932512995, 25.014918221421301, 0.0 ] } },
{ "type": "Feature", "properties": { "Display": "6K+600", "River": "塔寮坑溪排水左岸", "Name": "塔寮坑溪排水左岸6K+600" }, "geometry": { "type": "Point", "coordinates": [ 121.393896747135003, 25.0149759408344, 0.0 ] } },
{ "type": "Feature", "properties": { "Display": "6K+610", "River": "塔寮坑溪排水左岸", "Name": "塔寮坑溪排水左岸6K+610" }, "geometry": { "type": "Point", "coordinates": [ 121.393822852889002, 25.0150360326897, 0.0 ] } },
{ "type": "Feature", "properties": { "Display": "6K+620", "River": "塔寮坑溪排水左岸", "Name": "塔寮坑溪排水左岸6K+620" }, "geometry": { "type": "Point", "coordinates": [ 121.393746461679996, 25.015093316950601, 0.0 ] } },
{ "type": "Feature", "properties": { "Display": "6K+630", "River": "塔寮坑溪排水左岸", "Name": "塔寮坑溪排水左岸6K+630" }, "geometry": { "type": "Point", "coordinates": [ 121.393676272476, 25.015157037387699, 0.0 ] } },
{ "type": "Feature", "properties": { "Display": "6K+640", "River": "塔寮坑溪排水左岸", "Name": "塔寮坑溪排水左岸6K+640" }, "geometry": { "type": "Point", "coordinates": [ 121.393606083199003, 25.015220757791901, 0.0 ] } },
{ "type": "Feature", "properties": { "Display": "6K+650", "River": "塔寮坑溪排水左岸", "Name": "塔寮坑溪排水左岸6K+650" }, "geometry": { "type": "Point", "coordinates": [ 121.393540948883995, 25.0152886762375, 0.0 ] } },
{ "type": "Feature", "properties": { "Display": "6K+660", "River": "塔寮坑溪排水左岸", "Name": "塔寮坑溪排水左岸6K+660" }, "geometry": { "type": "Point", "coordinates": [ 121.393472111115997, 25.015353363685001, 0.0 ] } },
{ "type": "Feature", "properties": { "Display": "6K+670", "River": "塔寮坑溪排水左岸", "Name": "塔寮坑溪排水左岸6K+670" }, "geometry": { "type": "Point", "coordinates": [ 121.393397657264998, 25.015412929933301, 0.0 ] } },
{ "type": "Feature", "properties": { "Display": "6K+680", "River": "塔寮坑溪排水左岸", "Name": "塔寮坑溪排水左岸6K+680" }, "geometry": { "type": "Point", "coordinates": [ 121.393321763748006, 25.015470940285301, 0.0 ] } },
{ "type": "Feature", "properties": { "Display": "6K+690", "River": "塔寮坑溪排水左岸", "Name": "塔寮坑溪排水左岸6K+690" }, "geometry": { "type": "Point", "coordinates": [ 121.393243364645002, 25.015526068358898, 0.0 ] } },
{ "type": "Feature", "properties": { "Display": "6K+700", "River": "塔寮坑溪排水左岸", "Name": "塔寮坑溪排水左岸6K+700" }, "geometry": { "type": "Point", "coordinates": [ 121.393160987011001, 25.0155760394933, 0.0 ] } },
{ "type": "Feature", "properties": { "Display": "6K+710", "River": "塔寮坑溪排水左岸", "Name": "塔寮坑溪排水左岸6K+710" }, "geometry": { "type": "Point", "coordinates": [ 121.393072566645998, 25.0156163785399, 0.0 ] } },
{ "type": "Feature", "properties": { "Display": "6K+720", "River": "塔寮坑溪排水左岸", "Name": "塔寮坑溪排水左岸6K+720" }, "geometry": { "type": "Point", "coordinates": [ 121.392978091534999, 25.015642841408098, 0.0 ] } },
{ "type": "Feature", "properties": { "Display": "6K+730", "River": "塔寮坑溪排水左岸", "Name": "塔寮坑溪排水左岸6K+730" }, "geometry": { "type": "Point", "coordinates": [ 121.392880104846995, 25.015655821632201, 0.0 ] } },
{ "type": "Feature", "properties": { "Display": "6K+740", "River": "塔寮坑溪排水左岸", "Name": "塔寮坑溪排水左岸6K+740" }, "geometry": { "type": "Point", "coordinates": [ 121.392781213424001, 25.015653886346801, 0.0 ] } },
{ "type": "Feature", "properties": { "Display": "6K+750", "River": "塔寮坑溪排水左岸", "Name": "塔寮坑溪排水左岸6K+750" }, "geometry": { "type": "Point", "coordinates": [ 121.392684445504997, 25.015636196614899, 0.0 ] } },
{ "type": "Feature", "properties": { "Display": "6K+760", "River": "塔寮坑溪排水左岸", "Name": "塔寮坑溪排水左岸6K+760" }, "geometry": { "type": "Point", "coordinates": [ 121.392593891188, 25.015600017195499, 0.0 ] } },
{ "type": "Feature", "properties": { "Display": "6K+770", "River": "塔寮坑溪排水左岸", "Name": "塔寮坑溪排水左岸6K+770" }, "geometry": { "type": "Point", "coordinates": [ 121.392512418996006, 25.0155490384338, 0.0 ] } },
{ "type": "Feature", "properties": { "Display": "6K+780", "River": "塔寮坑溪排水左岸", "Name": "塔寮坑溪排水左岸6K+780" }, "geometry": { "type": "Point", "coordinates": [ 121.392440414654999, 25.0154870221421, 0.0 ] } },
{ "type": "Feature", "properties": { "Display": "6K+790", "River": "塔寮坑溪排水左岸", "Name": "塔寮坑溪排水左岸6K+790" }, "geometry": { "type": "Point", "coordinates": [ 121.392375698246994, 25.015419043070398, 0.0 ] } },
{ "type": "Feature", "properties": { "Display": "6K+800", "River": "塔寮坑溪排水左岸", "Name": "塔寮坑溪排水左岸6K+800" }, "geometry": { "type": "Point", "coordinates": [ 121.392319260682996, 25.0153448396965, 0.0 ] } },
{ "type": "Feature", "properties": { "Display": "6K+810", "River": "塔寮坑溪排水左岸", "Name": "塔寮坑溪排水左岸6K+810" }, "geometry": { "type": "Point", "coordinates": [ 121.392264017962006, 25.015269902597002, 0.0 ] } },
{ "type": "Feature", "properties": { "Display": "6K+820", "River": "塔寮坑溪排水左岸", "Name": "塔寮坑溪排水左岸6K+820" }, "geometry": { "type": "Point", "coordinates": [ 121.392215686382002, 25.0151914319699, 0.0 ] } },
{ "type": "Feature", "properties": { "Display": "6K+830", "River": "塔寮坑溪排水左岸", "Name": "塔寮坑溪排水左岸6K+830" }, "geometry": { "type": "Point", "coordinates": [ 121.392182331230003, 25.0151066195365, 0.0 ] } },
{ "type": "Feature", "properties": { "Display": "6K+840", "River": "塔寮坑溪排水左岸", "Name": "塔寮坑溪排水左岸6K+840" }, "geometry": { "type": "Point", "coordinates": [ 121.392170582153, 25.015017264924701, 0.0 ] } },
{ "type": "Feature", "properties": { "Display": "6K+850", "River": "塔寮坑溪排水左岸", "Name": "塔寮坑溪排水左岸6K+850" }, "geometry": { "type": "Point", "coordinates": [ 121.392184194232996, 25.014928934534801, 0.0 ] } },
{ "type": "Feature", "properties": { "Display": "6K+860", "River": "塔寮坑溪排水左岸", "Name": "塔寮坑溪排水左岸6K+860" }, "geometry": { "type": "Point", "coordinates": [ 121.392217527015006, 25.014844053635699, 0.0 ] } },
{ "type": "Feature", "properties": { "Display": "6K+870", "River": "塔寮坑溪排水左岸", "Name": "塔寮坑溪排水左岸6K+870" }, "geometry": { "type": "Point", "coordinates": [ 121.392256583792005, 25.014761082532701, 0.0 ] } },
{ "type": "Feature", "properties": { "Display": "6K+880", "River": "塔寮坑溪排水左岸", "Name": "塔寮坑溪排水左岸6K+880" }, "geometry": { "type": "Point", "coordinates": [ 121.392295669811006, 25.0146781226616, 0.0 ] } },
{ "type": "Feature", "properties": { "Display": "6K+890", "River": "塔寮坑溪排水左岸", "Name": "塔寮坑溪排水左岸6K+890" }, "geometry": { "type": "Point", "coordinates": [ 121.392334340538994, 25.014595001646899, 0.0 ] } },
{ "type": "Feature", "properties": { "Display": "6K+900", "River": "塔寮坑溪排水左岸", "Name": "塔寮坑溪排水左岸6K+900" }, "geometry": { "type": "Point", "coordinates": [ 121.392372894069993, 25.014511835163301, 0.0 ] } },
{ "type": "Feature", "properties": { "Display": "6K+910", "River": "塔寮坑溪排水左岸", "Name": "塔寮坑溪排水左岸6K+910" }, "geometry": { "type": "Point", "coordinates": [ 121.392413603980003, 25.014429529979498, 0.0 ] } },
{ "type": "Feature", "properties": { "Display": "6K+920", "River": "塔寮坑溪排水左岸", "Name": "塔寮坑溪排水左岸6K+920" }, "geometry": { "type": "Point", "coordinates": [ 121.392467093869996, 25.014353559056001, 0.0 ] } },
{ "type": "Feature", "properties": { "Display": "6K+930", "River": "塔寮坑溪排水左岸", "Name": "塔寮坑溪排水左岸6K+930" }, "geometry": { "type": "Point", "coordinates": [ 121.392520848333007, 25.014277719851201, 0.0 ] } },
{ "type": "Feature", "properties": { "Display": "6K+940", "River": "塔寮坑溪排水左岸", "Name": "塔寮坑溪排水左岸6K+940" }, "geometry": { "type": "Point", "coordinates": [ 121.392573685279999, 25.014201381652502, 0.0 ] } },
{ "type": "Feature", "properties": { "Display": "6K+950", "River": "塔寮坑溪排水左岸", "Name": "塔寮坑溪排水左岸6K+950" }, "geometry": { "type": "Point", "coordinates": [ 121.392610721796004, 25.0141179106765, 0.0 ] } },
{ "type": "Feature", "properties": { "Display": "6K+960", "River": "塔寮坑溪排水左岸", "Name": "塔寮坑溪排水左岸6K+960" }, "geometry": { "type": "Point", "coordinates": [ 121.392623516377995, 25.014028841284802, 0.0 ] } },
{ "type": "Feature", "properties": { "Display": "6K+970", "River": "塔寮坑溪排水左岸", "Name": "塔寮坑溪排水左岸6K+970" }, "geometry": { "type": "Point", "coordinates": [ 121.392615750499004, 25.0139388371352, 0.0 ] } },
{ "type": "Feature", "properties": { "Display": "6K+980", "River": "塔寮坑溪排水左岸", "Name": "塔寮坑溪排水左岸6K+980" }, "geometry": { "type": "Point", "coordinates": [ 121.392602403902004, 25.013849791343901, 0.0 ] } },
{ "type": "Feature", "properties": { "Display": "6K+990", "River": "塔寮坑溪排水左岸", "Name": "塔寮坑溪排水左岸6K+990" }, "geometry": { "type": "Point", "coordinates": [ 121.392565525071007, 25.013766264403301, 0.0 ] } },
{ "type": "Feature", "properties": { "Display": "7K+000", "River": "塔寮坑溪排水左岸", "Name": "塔寮坑溪排水左岸7K+000" }, "geometry": { "type": "Point", "coordinates": [ 121.392521383347002, 25.013685450805902, 0.0 ] } },
{ "type": "Feature", "properties": { "Display": "7K+010", "River": "塔寮坑溪排水左岸", "Name": "塔寮坑溪排水左岸7K+010" }, "geometry": { "type": "Point", "coordinates": [ 121.392474569594, 25.0136058955725, 0.0 ] } },
{ "type": "Feature", "properties": { "Display": "7K+020", "River": "塔寮坑溪排水左岸", "Name": "塔寮坑溪排水左岸7K+020" }, "geometry": { "type": "Point", "coordinates": [ 121.392428321780002, 25.0135261211841, 0.0 ] } },
{ "type": "Feature", "properties": { "Display": "7K+030", "River": "塔寮坑溪排水左岸", "Name": "塔寮坑溪排水左岸7K+030" }, "geometry": { "type": "Point", "coordinates": [ 121.392366676929996, 25.013455919690799, 0.0 ] } },
{ "type": "Feature", "properties": { "Display": "7K+040", "River": "塔寮坑溪排水左岸", "Name": "塔寮坑溪排水左岸7K+040" }, "geometry": { "type": "Point", "coordinates": [ 121.392284270020994, 25.013406469324501, 0.0 ] } },
{ "type": "Feature", "properties": { "Display": "7K+050", "River": "塔寮坑溪排水左岸", "Name": "塔寮坑溪排水左岸7K+050" }, "geometry": { "type": "Point", "coordinates": [ 121.392189137993, 25.013382594862701, 0.0 ] } },
{ "type": "Feature", "properties": { "Display": "7K+060", "River": "塔寮坑溪排水左岸", "Name": "塔寮坑溪排水左岸7K+060" }, "geometry": { "type": "Point", "coordinates": [ 121.392090563221998, 25.013386644135899, 0.0 ] } },
{ "type": "Feature", "properties": { "Display": "7K+070", "River": "塔寮坑溪排水左岸", "Name": "塔寮坑溪排水左岸7K+070" }, "geometry": { "type": "Point", "coordinates": [ 121.391995947994005, 25.0134132344748, 0.0 ] } },
{ "type": "Feature", "properties": { "Display": "7K+080", "River": "塔寮坑溪排水左岸", "Name": "塔寮坑溪排水左岸7K+080" }, "geometry": { "type": "Point", "coordinates": [ 121.391901686815004, 25.0134410394671, 0.0 ] } },
{ "type": "Feature", "properties": { "Display": "7K+090", "River": "塔寮坑溪排水左岸", "Name": "塔寮坑溪排水左岸7K+090" }, "geometry": { "type": "Point", "coordinates": [ 121.391807386943995, 25.013468736969401, 0.0 ] } },
{ "type": "Feature", "properties": { "Display": "7K+100", "River": "塔寮坑溪排水左岸", "Name": "塔寮坑溪排水左岸7K+100" }, "geometry": { "type": "Point", "coordinates": [ 121.391713087029999, 25.0134964344123, 0.0 ] } },
{ "type": "Feature", "properties": { "Display": "7K+110", "River": "塔寮坑溪排水左岸", "Name": "塔寮坑溪排水左岸7K+110" }, "geometry": { "type": "Point", "coordinates": [ 121.391618787073995, 25.013524131795801, 0.0 ] } },
{ "type": "Feature", "properties": { "Display": "7K+120", "River": "塔寮坑溪排水左岸", "Name": "塔寮坑溪排水左岸7K+120" }, "geometry": { "type": "Point", "coordinates": [ 121.391525232807993, 25.013553607829898, 0.0 ] } },
{ "type": "Feature", "properties": { "Display": "7K+130", "River": "塔寮坑溪排水左岸", "Name": "塔寮坑溪排水左岸7K+130" }, "geometry": { "type": "Point", "coordinates": [ 121.391434686742997, 25.013590259028302, 0.0 ] } },
{ "type": "Feature", "properties": { "Display": "7K+140", "River": "塔寮坑溪排水左岸", "Name": "塔寮坑溪排水左岸7K+140" }, "geometry": { "type": "Point", "coordinates": [ 121.391343991366, 25.013626602270101, 0.0 ] } },
{ "type": "Feature", "properties": { "Display": "7K+150", "River": "塔寮坑溪排水左岸", "Name": "塔寮坑溪排水左岸7K+150" }, "geometry": { "type": "Point", "coordinates": [ 121.391253278365994, 25.0136629092144, 0.0 ] } },
{ "type": "Feature", "properties": { "Display": "7K+160", "River": "塔寮坑溪排水左岸", "Name": "塔寮坑溪排水左岸7K+160" }, "geometry": { "type": "Point", "coordinates": [ 121.391162565312001, 25.013699216103898, 0.0 ] } },
{ "type": "Feature", "properties": { "Display": "7K+170", "River": "塔寮坑溪排水左岸", "Name": "塔寮坑溪排水左岸7K+170" }, "geometry": { "type": "Point", "coordinates": [ 121.391071852204007, 25.0137355229385, 0.0 ] } },
{ "type": "Feature", "properties": { "Display": "7K+180", "River": "塔寮坑溪排水左岸", "Name": "塔寮坑溪排水左岸7K+180" }, "geometry": { "type": "Point", "coordinates": [ 121.390981393855995, 25.013772333529701, 0.0 ] } },
{ "type": "Feature", "properties": { "Display": "7K+190", "River": "塔寮坑溪排水左岸", "Name": "塔寮坑溪排水左岸7K+190" }, "geometry": { "type": "Point", "coordinates": [ 121.390891931534, 25.013811131109001, 0.0 ] } },
{ "type": "Feature", "properties": { "Display": "7K+200", "River": "塔寮坑溪排水左岸", "Name": "塔寮坑溪排水左岸7K+200" }, "geometry": { "type": "Point", "coordinates": [ 121.390801678160997, 25.013848373743599, 0.0 ] } },
{ "type": "Feature", "properties": { "Display": "7K+210", "River": "塔寮坑溪排水左岸", "Name": "塔寮坑溪排水左岸7K+210" }, "geometry": { "type": "Point", "coordinates": [ 121.390711347657998, 25.013885464420799, 0.0 ] } },
{ "type": "Feature", "properties": { "Display": "7K+220", "River": "塔寮坑溪排水左岸", "Name": "塔寮坑溪排水左岸7K+220" }, "geometry": { "type": "Point", "coordinates": [ 121.390620192593005, 25.013920833213401, 0.0 ] } },
{ "type": "Feature", "properties": { "Display": "7K+230", "River": "塔寮坑溪排水左岸", "Name": "塔寮坑溪排水左岸7K+230" }, "geometry": { "type": "Point", "coordinates": [ 121.390528385940001, 25.0139547041139, 0.0 ] } },
{ "type": "Feature", "properties": { "Display": "7K+240", "River": "塔寮坑溪排水左岸", "Name": "塔寮坑溪排水左岸7K+240" }, "geometry": { "type": "Point", "coordinates": [ 121.390434970919003, 25.0139847616732, 0.0 ] } },
{ "type": "Feature", "properties": { "Display": "7K+250", "River": "塔寮坑溪排水左岸", "Name": "塔寮坑溪排水左岸7K+250" }, "geometry": { "type": "Point", "coordinates": [ 121.390338242492007, 25.014004206804898, 0.0 ] } },
{ "type": "Feature", "properties": { "Display": "7K+260", "River": "塔寮坑溪排水左岸", "Name": "塔寮坑溪排水左岸7K+260" }, "geometry": { "type": "Point", "coordinates": [ 121.390239928504997, 25.0140149592713, 0.0 ] } },
{ "type": "Feature", "properties": { "Display": "7K+270", "River": "塔寮坑溪排水左岸", "Name": "塔寮坑溪排水左岸7K+270" }, "geometry": { "type": "Point", "coordinates": [ 121.390141283188996, 25.0140153385166, 0.0 ] } },
{ "type": "Feature", "properties": { "Display": "7K+280", "River": "塔寮坑溪排水左岸", "Name": "塔寮坑溪排水左岸7K+280" }, "geometry": { "type": "Point", "coordinates": [ 121.390043983045999, 25.0139986854733, 0.0 ] } },
{ "type": "Feature", "properties": { "Display": "7K+290", "River": "塔寮坑溪排水左岸", "Name": "塔寮坑溪排水左岸7K+290" }, "geometry": { "type": "Point", "coordinates": [ 121.389951281649004, 25.013967367377401, 0.0 ] } },
{ "type": "Feature", "properties": { "Display": "7K+300", "River": "塔寮坑溪排水左岸", "Name": "塔寮坑溪排水左岸7K+300" }, "geometry": { "type": "Point", "coordinates": [ 121.389861782127994, 25.0139287067284, 0.0 ] } },
{ "type": "Feature", "properties": { "Display": "7K+310", "River": "塔寮坑溪排水左岸", "Name": "塔寮坑溪排水左岸7K+310" }, "geometry": { "type": "Point", "coordinates": [ 121.389779300548, 25.013878692142502, 0.0 ] } },
{ "type": "Feature", "properties": { "Display": "7K+320", "River": "塔寮坑溪排水左岸", "Name": "塔寮坑溪排水左岸7K+320" }, "geometry": { "type": "Point", "coordinates": [ 121.389695599255006, 25.013830384197501, 0.0 ] } },
{ "type": "Feature", "properties": { "Display": "7K+330", "River": "塔寮坑溪排水左岸", "Name": "塔寮坑溪排水左岸7K+330" }, "geometry": { "type": "Point", "coordinates": [ 121.389612703037997, 25.013780963021699, 0.0 ] } },
{ "type": "Feature", "properties": { "Display": "7K+340", "River": "塔寮坑溪排水左岸", "Name": "塔寮坑溪排水左岸7K+340" }, "geometry": { "type": "Point", "coordinates": [ 121.389528793245006, 25.013732956446098, 0.0 ] } },
{ "type": "Feature", "properties": { "Display": "7K+350", "River": "塔寮坑溪排水左岸", "Name": "塔寮坑溪排水左岸7K+350" }, "geometry": { "type": "Point", "coordinates": [ 121.389445001431, 25.013684788768099, 0.0 ] } },
{ "type": "Feature", "properties": { "Display": "7K+360", "River": "塔寮坑溪排水左岸", "Name": "塔寮坑溪排水左岸7K+360" }, "geometry": { "type": "Point", "coordinates": [ 121.389364135479994, 25.013632624856999, 0.0 ] } },
{ "type": "Feature", "properties": { "Display": "7K+370", "River": "塔寮坑溪排水左岸", "Name": "塔寮坑溪排水左岸7K+370" }, "geometry": { "type": "Point", "coordinates": [ 121.389285169599006, 25.013578173538399, 0.0 ] } },
{ "type": "Feature", "properties": { "Display": "7K+380", "River": "塔寮坑溪排水左岸", "Name": "塔寮坑溪排水左岸7K+380" }, "geometry": { "type": "Point", "coordinates": [ 121.389210768192001, 25.013518753607201, 0.0 ] } },
{ "type": "Feature", "properties": { "Display": "7K+390", "River": "塔寮坑溪排水左岸", "Name": "塔寮坑溪排水左岸7K+390" }, "geometry": { "type": "Point", "coordinates": [ 121.389145248589998, 25.013451103575701, 0.0 ] } },
{ "type": "Feature", "properties": { "Display": "7K+400", "River": "塔寮坑溪排水左岸", "Name": "塔寮坑溪排水左岸7K+400" }, "geometry": { "type": "Point", "coordinates": [ 121.389081342927994, 25.013382112139599, 0.0 ] } },
{ "type": "Feature", "properties": { "Display": "7K+410", "River": "塔寮坑溪排水左岸", "Name": "塔寮坑溪排水左岸7K+410" }, "geometry": { "type": "Point", "coordinates": [ 121.389020941444997, 25.0133106127061, 0.0 ] } },
{ "type": "Feature", "properties": { "Display": "7K+420", "River": "塔寮坑溪排水左岸", "Name": "塔寮坑溪排水左岸7K+420" }, "geometry": { "type": "Point", "coordinates": [ 121.388964378495999, 25.013236665893398, 0.0 ] } },
{ "type": "Feature", "properties": { "Display": "7K+430", "River": "塔寮坑溪排水左岸", "Name": "塔寮坑溪排水左岸7K+430" }, "geometry": { "type": "Point", "coordinates": [ 121.388915502488004, 25.0131581338721, 0.0 ] } },
{ "type": "Feature", "properties": { "Display": "7K+440", "River": "塔寮坑溪排水左岸", "Name": "塔寮坑溪排水左岸7K+440" }, "geometry": { "type": "Point", "coordinates": [ 121.388876253134995, 25.013075456387899, 0.0 ] } },
{ "type": "Feature", "properties": { "Display": "7K+450", "River": "塔寮坑溪排水左岸", "Name": "塔寮坑溪排水左岸7K+450" }, "geometry": { "type": "Point", "coordinates": [ 121.388840698223007, 25.012991187998399, 0.0 ] } },
{ "type": "Feature", "properties": { "Display": "7K+460", "River": "塔寮坑溪排水左岸", "Name": "塔寮坑溪排水左岸7K+460" }, "geometry": { "type": "Point", "coordinates": [ 121.388812149461003, 25.0129047584193, 0.0 ] } },
{ "type": "Feature", "properties": { "Display": "7K+470", "River": "塔寮坑溪排水左岸", "Name": "塔寮坑溪排水左岸7K+470" }, "geometry": { "type": "Point", "coordinates": [ 121.388788344093001, 25.0128172039615, 0.0 ] } },
{ "type": "Feature", "properties": { "Display": "7K+480", "River": "塔寮坑溪排水左岸", "Name": "塔寮坑溪排水左岸7K+480" }, "geometry": { "type": "Point", "coordinates": [ 121.388771081922997, 25.0127283220436, 0.0 ] } },
{ "type": "Feature", "properties": { "Display": "7K+490", "River": "塔寮坑溪排水左岸", "Name": "塔寮坑溪排水左岸7K+490" }, "geometry": { "type": "Point", "coordinates": [ 121.388771225080006, 25.012638564321101, 0.0 ] } },
{ "type": "Feature", "properties": { "Display": "7K+500", "River": "塔寮坑溪排水左岸", "Name": "塔寮坑溪排水左岸7K+500" }, "geometry": { "type": "Point", "coordinates": [ 121.388796145993993, 25.0125517368541, 0.0 ] } },
{ "type": "Feature", "properties": { "Display": "7K+510", "River": "塔寮坑溪排水左岸", "Name": "塔寮坑溪排水左岸7K+510" }, "geometry": { "type": "Point", "coordinates": [ 121.388841934653996, 25.012472027496099, 0.0 ] } },
{ "type": "Feature", "properties": { "Display": "7K+520", "River": "塔寮坑溪排水左岸", "Name": "塔寮坑溪排水左岸7K+520" }, "geometry": { "type": "Point", "coordinates": [ 121.388906544058003, 25.012404696292201, 0.0 ] } },
{ "type": "Feature", "properties": { "Display": "7K+530", "River": "塔寮坑溪排水左岸", "Name": "塔寮坑溪排水左岸7K+530" }, "geometry": { "type": "Point", "coordinates": [ 121.388990442202996, 25.012358856068602, 0.0 ] } },
{ "type": "Feature", "properties": { "Display": "7K+540", "River": "塔寮坑溪排水左岸", "Name": "塔寮坑溪排水左岸7K+540" }, "geometry": { "type": "Point", "coordinates": [ 121.389085359364003, 25.012333759657398, 0.0 ] } },
{ "type": "Feature", "properties": { "Display": "7K+550", "River": "塔寮坑溪排水左岸", "Name": "塔寮坑溪排水左岸7K+550" }, "geometry": { "type": "Point", "coordinates": [ 121.389183452767, 25.012321591579301, 0.0 ] } },
{ "type": "Feature", "properties": { "Display": "7K+560", "River": "塔寮坑溪排水左岸", "Name": "塔寮坑溪排水左岸7K+560" }, "geometry": { "type": "Point", "coordinates": [ 121.389282113261999, 25.012313541788199, 0.0 ] } },
{ "type": "Feature", "properties": { "Display": "7K+570", "River": "塔寮坑溪排水左岸", "Name": "塔寮坑溪排水左岸7K+570" }, "geometry": { "type": "Point", "coordinates": [ 121.389379974468, 25.0123201510177, 0.0 ] } },
{ "type": "Feature", "properties": { "Display": "7K+580", "River": "塔寮坑溪排水左岸", "Name": "塔寮坑溪排水左岸7K+580" }, "geometry": { "type": "Point", "coordinates": [ 121.389478260966996, 25.012331062022401, 0.0 ] } },
{ "type": "Feature", "properties": { "Display": "7K+590", "River": "塔寮坑溪排水左岸", "Name": "塔寮坑溪排水左岸7K+590" }, "geometry": { "type": "Point", "coordinates": [ 121.389577302218001, 25.0123322321631, 0.0 ] } },
{ "type": "Feature", "properties": { "Display": "7K+600", "River": "塔寮坑溪排水左岸", "Name": "塔寮坑溪排水左岸7K+600" }, "geometry": { "type": "Point", "coordinates": [ 121.389667768769996, 25.012305796742599, 0.0 ] } },
{ "type": "Feature", "properties": { "Display": "7K+610", "River": "塔寮坑溪排水左岸", "Name": "塔寮坑溪排水左岸7K+610" }, "geometry": { "type": "Point", "coordinates": [ 121.389663815450007, 25.012218869724499, 0.0 ] } },
{ "type": "Feature", "properties": { "Display": "7K+620", "River": "塔寮坑溪排水左岸", "Name": "塔寮坑溪排水左岸7K+620" }, "geometry": { "type": "Point", "coordinates": [ 121.389637901697995, 25.012131730554302, 0.0 ] } },
{ "type": "Feature", "properties": { "Display": "7K+630", "River": "塔寮坑溪排水左岸", "Name": "塔寮坑溪排水左岸7K+630" }, "geometry": { "type": "Point", "coordinates": [ 121.389611896201004, 25.0120446145865, 0.0 ] } },
{ "type": "Feature", "properties": { "Display": "7K+640", "River": "塔寮坑溪排水左岸", "Name": "塔寮坑溪排水左岸7K+640" }, "geometry": { "type": "Point", "coordinates": [ 121.389584827383999, 25.011957767491602, 0.0 ] } },
{ "type": "Feature", "properties": { "Display": "7K+650", "River": "塔寮坑溪排水左岸", "Name": "塔寮坑溪排水左岸7K+650" }, "geometry": { "type": "Point", "coordinates": [ 121.389522242525999, 25.0118956405618, 0.0 ] } },
{ "type": "Feature", "properties": { "Display": "7K+660", "River": "塔寮坑溪排水左岸", "Name": "塔寮坑溪排水左岸7K+660" }, "geometry": { "type": "Point", "coordinates": [ 121.389433853078998, 25.011854978095201, 0.0 ] } },
{ "type": "Feature", "properties": { "Display": "7K+670", "River": "塔寮坑溪排水左岸", "Name": "塔寮坑溪排水左岸7K+670" }, "geometry": { "type": "Point", "coordinates": [ 121.389338294463002, 25.0118339696578, 0.0 ] } },
{ "type": "Feature", "properties": { "Display": "7K+680", "River": "塔寮坑溪排水左岸", "Name": "塔寮坑溪排水左岸7K+680" }, "geometry": { "type": "Point", "coordinates": [ 121.389239584947006, 25.011828925949299, 0.0 ] } },
{ "type": "Feature", "properties": { "Display": "7K+690", "River": "塔寮坑溪排水左岸", "Name": "塔寮坑溪排水左岸7K+690" }, "geometry": { "type": "Point", "coordinates": [ 121.389150155796003, 25.011863475692198, 0.0 ] } },
{ "type": "Feature", "properties": { "Display": "7K+700", "River": "塔寮坑溪排水左岸", "Name": "塔寮坑溪排水左岸7K+700" }, "geometry": { "type": "Point", "coordinates": [ 121.389067206495, 25.0119128470796, 0.0 ] } },
{ "type": "Feature", "properties": { "Display": "7K+710", "River": "塔寮坑溪排水左岸", "Name": "塔寮坑溪排水左岸7K+710" }, "geometry": { "type": "Point", "coordinates": [ 121.388984257127007, 25.011962218421299, 0.0 ] } },
{ "type": "Feature", "properties": { "Display": "7K+720", "River": "塔寮坑溪排水左岸", "Name": "塔寮坑溪排水左岸7K+720" }, "geometry": { "type": "Point", "coordinates": [ 121.388898663337997, 25.012007345208399, 0.0 ] } },
{ "type": "Feature", "properties": { "Display": "7K+730", "River": "塔寮坑溪排水左岸", "Name": "塔寮坑溪排水左岸7K+730" }, "geometry": { "type": "Point", "coordinates": [ 121.388809626026998, 25.012046944769999, 0.0 ] } },
{ "type": "Feature", "properties": { "Display": "7K+740", "River": "塔寮坑溪排水左岸", "Name": "塔寮坑溪排水左岸7K+740" }, "geometry": { "type": "Point", "coordinates": [ 121.388719999402994, 25.012085391431, 0.0 ] } },
{ "type": "Feature", "properties": { "Display": "7K+750", "River": "塔寮坑溪排水左岸", "Name": "塔寮坑溪排水左岸7K+750" }, "geometry": { "type": "Point", "coordinates": [ 121.388627157678002, 25.012114659361401, 0.0 ] } },
{ "type": "Feature", "properties": { "Display": "7K+760", "River": "塔寮坑溪排水左岸", "Name": "塔寮坑溪排水左岸7K+760" }, "geometry": { "type": "Point", "coordinates": [ 121.388528536954993, 25.0121210602396, 0.0 ] } },
{ "type": "Feature", "properties": { "Display": "7K+770", "River": "塔寮坑溪排水左岸", "Name": "塔寮坑溪排水左岸7K+770" }, "geometry": { "type": "Point", "coordinates": [ 121.388429933086996, 25.012115715058499, 0.0 ] } },
{ "type": "Feature", "properties": { "Display": "7K+780", "River": "塔寮坑溪排水左岸", "Name": "塔寮坑溪排水左岸7K+780" }, "geometry": { "type": "Point", "coordinates": [ 121.388332946204997, 25.012097703768202, 0.0 ] } },
{ "type": "Feature", "properties": { "Display": "7K+790", "River": "塔寮坑溪排水左岸", "Name": "塔寮坑溪排水左岸7K+790" }, "geometry": { "type": "Point", "coordinates": [ 121.388236755647995, 25.012076071896299, 0.0 ] } },
{ "type": "Feature", "properties": { "Display": "7K+800", "River": "塔寮坑溪排水左岸", "Name": "塔寮坑溪排水左岸7K+800" }, "geometry": { "type": "Point", "coordinates": [ 121.388142048475004, 25.012049792212999, 0.0 ] } },
{ "type": "Feature", "properties": { "Display": "7K+810", "River": "塔寮坑溪排水左岸", "Name": "塔寮坑溪排水左岸7K+810" }, "geometry": { "type": "Point", "coordinates": [ 121.388048129397006, 25.0120210432775, 0.0 ] } },
{ "type": "Feature", "properties": { "Display": "7K+820", "River": "塔寮坑溪排水左岸", "Name": "塔寮坑溪排水左岸7K+820" }, "geometry": { "type": "Point", "coordinates": [ 121.387954210363006, 25.011992294281999, 0.0 ] } },
{ "type": "Feature", "properties": { "Display": "7K+830", "River": "塔寮坑溪排水左岸", "Name": "塔寮坑溪排水左岸7K+830" }, "geometry": { "type": "Point", "coordinates": [ 121.387863705616994, 25.011956732884201, 0.0 ] } },
{ "type": "Feature", "properties": { "Display": "7K+840", "River": "塔寮坑溪排水左岸", "Name": "塔寮坑溪排水左岸7K+840" }, "geometry": { "type": "Point", "coordinates": [ 121.387787139766999, 25.011899700989499, 0.0 ] } },
{ "type": "Feature", "properties": { "Display": "7K+850", "River": "塔寮坑溪排水左岸", "Name": "塔寮坑溪排水左岸7K+850" }, "geometry": { "type": "Point", "coordinates": [ 121.387721331061002, 25.011832212002201, 0.0 ] } },
{ "type": "Feature", "properties": { "Display": "7K+860", "River": "塔寮坑溪排水左岸", "Name": "塔寮坑溪排水左岸7K+860" }, "geometry": { "type": "Point", "coordinates": [ 121.387655522428005, 25.011764722984299, 0.0 ] } },
{ "type": "Feature", "properties": { "Display": "7K+870", "River": "塔寮坑溪排水左岸", "Name": "塔寮坑溪排水左岸7K+870" }, "geometry": { "type": "Point", "coordinates": [ 121.387589713866006, 25.011697233935902, 0.0 ] } },
{ "type": "Feature", "properties": { "Display": "7K+880", "River": "塔寮坑溪排水左岸", "Name": "塔寮坑溪排水左岸7K+880" }, "geometry": { "type": "Point", "coordinates": [ 121.387523905376995, 25.011629744856801, 0.0 ] } },
{ "type": "Feature", "properties": { "Display": "7K+890", "River": "塔寮坑溪排水左岸", "Name": "塔寮坑溪排水左岸7K+890" }, "geometry": { "type": "Point", "coordinates": [ 121.387459139124005, 25.011561457876699, 0.0 ] } },
{ "type": "Feature", "properties": { "Display": "7K+900", "River": "塔寮坑溪排水左岸", "Name": "塔寮坑溪排水左岸7K+900" }, "geometry": { "type": "Point", "coordinates": [ 121.387397531798996, 25.0114907524801, 0.0 ] } },
{ "type": "Feature", "properties": { "Display": "7K+910", "River": "塔寮坑溪排水左岸", "Name": "塔寮坑溪排水左岸7K+910" }, "geometry": { "type": "Point", "coordinates": [ 121.387335924544004, 25.011420047056401, 0.0 ] } },
{ "type": "Feature", "properties": { "Display": "7K+920", "River": "塔寮坑溪排水左岸", "Name": "塔寮坑溪排水左岸7K+920" }, "geometry": { "type": "Point", "coordinates": [ 121.387279662813, 25.0113458091292, 0.0 ] } },
{ "type": "Feature", "properties": { "Display": "7K+930", "River": "塔寮坑溪排水左岸", "Name": "塔寮坑溪排水左岸7K+930" }, "geometry": { "type": "Point", "coordinates": [ 121.387227555875, 25.011269084419599, 0.0 ] } },
{ "type": "Feature", "properties": { "Display": "7K+940", "River": "塔寮坑溪排水左岸", "Name": "塔寮坑溪排水左岸7K+940" }, "geometry": { "type": "Point", "coordinates": [ 121.387179359848005, 25.011190224873001, 0.0 ] } },
{ "type": "Feature", "properties": { "Display": "7K+950", "River": "塔寮坑溪排水左岸", "Name": "塔寮坑溪排水左岸7K+950" }, "geometry": { "type": "Point", "coordinates": [ 121.387136723693999, 25.011108730250498, 0.0 ] } },
{ "type": "Feature", "properties": { "Display": "7K+960", "River": "塔寮坑溪排水左岸", "Name": "塔寮坑溪排水左岸7K+960" }, "geometry": { "type": "Point", "coordinates": [ 121.387087977327994, 25.011030465097701, 0.0 ] } },
{ "type": "Feature", "properties": { "Display": "7K+970", "River": "塔寮坑溪排水左岸", "Name": "塔寮坑溪排水左岸7K+970" }, "geometry": { "type": "Point", "coordinates": [ 121.387027346430003, 25.0109590624606, 0.0 ] } },
{ "type": "Feature", "properties": { "Display": "7K+980", "River": "塔寮坑溪排水左岸", "Name": "塔寮坑溪排水左岸7K+980" }, "geometry": { "type": "Point", "coordinates": [ 121.386964900888998, 25.010888980337601, 0.0 ] } },
{ "type": "Feature", "properties": { "Display": "7K+990", "River": "塔寮坑溪排水左岸", "Name": "塔寮坑溪排水左岸7K+990" }, "geometry": { "type": "Point", "coordinates": [ 121.386900759892995, 25.010820228554699, 0.0 ] } },
{ "type": "Feature", "properties": { "Display": "8K+000", "River": "塔寮坑溪排水左岸", "Name": "塔寮坑溪排水左岸8K+000" }, "geometry": { "type": "Point", "coordinates": [ 121.386831987907001, 25.010755239685299, 0.0 ] } },
{ "type": "Feature", "properties": { "Display": "8K+010", "River": "塔寮坑溪排水左岸", "Name": "塔寮坑溪排水左岸8K+010" }, "geometry": { "type": "Point", "coordinates": [ 121.386761931856995, 25.010691461102901, 0.0 ] } },
{ "type": "Feature", "properties": { "Display": "8K+020", "River": "塔寮坑溪排水左岸", "Name": "塔寮坑溪排水左岸8K+020" }, "geometry": { "type": "Point", "coordinates": [ 121.386678552657003, 25.010643237012701, 0.0 ] } },
{ "type": "Feature", "properties": { "Display": "8K+030", "River": "塔寮坑溪排水左岸", "Name": "塔寮坑溪排水左岸8K+030" }, "geometry": { "type": "Point", "coordinates": [ 121.386584315318999, 25.0106159280244, 0.0 ] } },
{ "type": "Feature", "properties": { "Display": "8K+040", "River": "塔寮坑溪排水左岸", "Name": "塔寮坑溪排水左岸8K+040" }, "geometry": { "type": "Point", "coordinates": [ 121.386487424297002, 25.010597132370599, 0.0 ] } },
{ "type": "Feature", "properties": { "Display": "8K+050", "River": "塔寮坑溪排水左岸", "Name": "塔寮坑溪排水左岸8K+050" }, "geometry": { "type": "Point", "coordinates": [ 121.386388918823002, 25.010601566457201, 0.0 ] } },
{ "type": "Feature", "properties": { "Display": "8K+060", "River": "塔寮坑溪排水左岸", "Name": "塔寮坑溪排水左岸8K+060" }, "geometry": { "type": "Point", "coordinates": [ 121.386294814954994, 25.010628416324899, 0.0 ] } },
{ "type": "Feature", "properties": { "Display": "8K+070", "River": "塔寮坑溪排水左岸", "Name": "塔寮坑溪排水左岸8K+070" }, "geometry": { "type": "Point", "coordinates": [ 121.386210409921006, 25.010674913786801, 0.0 ] } },
{ "type": "Feature", "properties": { "Display": "8K+080", "River": "塔寮坑溪排水左岸", "Name": "塔寮坑溪排水左岸8K+080" }, "geometry": { "type": "Point", "coordinates": [ 121.386140529702999, 25.0107389134435, 0.0 ] } },
{ "type": "Feature", "properties": { "Display": "8K+090", "River": "塔寮坑溪排水左岸", "Name": "塔寮坑溪排水左岸8K+090" }, "geometry": { "type": "Point", "coordinates": [ 121.386070321383002, 25.010802614152102, 0.0 ] } },
{ "type": "Feature", "properties": { "Display": "8K+100", "River": "塔寮坑溪排水左岸", "Name": "塔寮坑溪排水左岸8K+100" }, "geometry": { "type": "Point", "coordinates": [ 121.385999727061005, 25.010865958420499, 0.0 ] } },
{ "type": "Feature", "properties": { "Display": "8K+110", "River": "塔寮坑溪排水左岸", "Name": "塔寮坑溪排水左岸8K+110" }, "geometry": { "type": "Point", "coordinates": [ 121.385922497631995, 25.0109219581533, 0.0 ] } },
{ "type": "Feature", "properties": { "Display": "8K+120", "River": "塔寮坑溪排水左岸", "Name": "塔寮坑溪排水左岸8K+120" }, "geometry": { "type": "Point", "coordinates": [ 121.385839202382002, 25.010970797469799, 0.0 ] } },
{ "type": "Feature", "properties": { "Display": "8K+130", "River": "塔寮坑溪排水左岸", "Name": "塔寮坑溪排水左岸8K+130" }, "geometry": { "type": "Point", "coordinates": [ 121.385754565851997, 25.011017730052, 0.0 ] } },
{ "type": "Feature", "properties": { "Display": "8K+140", "River": "塔寮坑溪排水左岸", "Name": "塔寮坑溪排水左岸8K+140" }, "geometry": { "type": "Point", "coordinates": [ 121.385669463463003, 25.0110638642428, 0.0 ] } },
{ "type": "Feature", "properties": { "Display": "8K+150", "River": "塔寮坑溪排水左岸", "Name": "塔寮坑溪排水左岸8K+150" }, "geometry": { "type": "Point", "coordinates": [ 121.385581941417001, 25.011105913823901, 0.0 ] } },
{ "type": "Feature", "properties": { "Display": "8K+160", "River": "塔寮坑溪排水左岸", "Name": "塔寮坑溪排水左岸8K+160" }, "geometry": { "type": "Point", "coordinates": [ 121.385492518413997, 25.0111447838717, 0.0 ] } },
{ "type": "Feature", "properties": { "Display": "8K+170", "River": "塔寮坑溪排水左岸", "Name": "塔寮坑溪排水左岸8K+170" }, "geometry": { "type": "Point", "coordinates": [ 121.385402254843996, 25.0111817383616, 0.0 ] } },
{ "type": "Feature", "properties": { "Display": "8K+180", "River": "塔寮坑溪排水左岸", "Name": "塔寮坑溪排水左岸8K+180" }, "geometry": { "type": "Point", "coordinates": [ 121.385306425657006, 25.011203030752998, 0.0 ] } },
{ "type": "Feature", "properties": { "Display": "8K+190", "River": "塔寮坑溪排水左岸", "Name": "塔寮坑溪排水左岸8K+190" }, "geometry": { "type": "Point", "coordinates": [ 121.385207697381006, 25.011199398703901, 0.0 ] } },
{ "type": "Feature", "properties": { "Display": "8K+200", "River": "塔寮坑溪排水左岸", "Name": "塔寮坑溪排水左岸8K+200" }, "geometry": { "type": "Point", "coordinates": [ 121.385114866519004, 25.0111691064646, 0.0 ] } },
{ "type": "Feature", "properties": { "Display": "8K+210", "River": "塔寮坑溪排水左岸", "Name": "塔寮坑溪排水左岸8K+210" }, "geometry": { "type": "Point", "coordinates": [ 121.385035072465001, 25.0111168690607, 0.0 ] } },
{ "type": "Feature", "properties": { "Display": "8K+220", "River": "塔寮坑溪排水左岸", "Name": "塔寮坑溪排水左岸8K+220" }, "geometry": { "type": "Point", "coordinates": [ 121.384959592287998, 25.011058388350001, 0.0 ] } },
{ "type": "Feature", "properties": { "Display": "8K+230", "River": "塔寮坑溪排水左岸", "Name": "塔寮坑溪排水左岸8K+230" }, "geometry": { "type": "Point", "coordinates": [ 121.384883704621004, 25.011000346672599, 0.0 ] } },
{ "type": "Feature", "properties": { "Display": "8K+240", "River": "塔寮坑溪排水左岸", "Name": "塔寮坑溪排水左岸8K+240" }, "geometry": { "type": "Point", "coordinates": [ 121.384805305615998, 25.010945202757501, 0.0 ] } },
{ "type": "Feature", "properties": { "Display": "8K+250", "River": "塔寮坑溪排水左岸", "Name": "塔寮坑溪排水左岸8K+250" }, "geometry": { "type": "Point", "coordinates": [ 121.384725756688994, 25.010891385722999, 0.0 ] } },
{ "type": "Feature", "properties": { "Display": "8K+260", "River": "塔寮坑溪排水左岸", "Name": "塔寮坑溪排水左岸8K+260" }, "geometry": { "type": "Point", "coordinates": [ 121.384645033862995, 25.0108390531603, 0.0 ] } },
{ "type": "Feature", "properties": { "Display": "8K+270", "River": "塔寮坑溪排水左岸", "Name": "塔寮坑溪排水左岸8K+270" }, "geometry": { "type": "Point", "coordinates": [ 121.384561414272994, 25.010793414098099, 0.0 ] } },
{ "type": "Feature", "properties": { "Display": "8K+280", "River": "塔寮坑溪排水左岸", "Name": "塔寮坑溪排水左岸8K+280" }, "geometry": { "type": "Point", "coordinates": [ 121.384466804392005, 25.010810796062501, 0.0 ] } },
{ "type": "Feature", "properties": { "Display": "8K+290", "River": "塔寮坑溪排水左岸", "Name": "塔寮坑溪排水左岸8K+290" }, "geometry": { "type": "Point", "coordinates": [ 121.384402593323003, 25.010878884981999, 0.0 ] } },
{ "type": "Feature", "properties": { "Display": "8K+300", "River": "塔寮坑溪排水左岸", "Name": "塔寮坑溪排水左岸8K+300" }, "geometry": { "type": "Point", "coordinates": [ 121.384345338605002, 25.010952565538599, 0.0 ] } },
{ "type": "Feature", "properties": { "Display": "8K+310", "River": "塔寮坑溪排水左岸", "Name": "塔寮坑溪排水左岸8K+310" }, "geometry": { "type": "Point", "coordinates": [ 121.384287940036003, 25.011026149311199, 0.0 ] } },
{ "type": "Feature", "properties": { "Display": "8K+320", "River": "塔寮坑溪排水左岸", "Name": "塔寮坑溪排水左岸8K+320" }, "geometry": { "type": "Point", "coordinates": [ 121.384227500844005, 25.011097686832201, 0.0 ] } },
{ "type": "Feature", "properties": { "Display": "8K+330", "River": "塔寮坑溪排水左岸", "Name": "塔寮坑溪排水左岸8K+330" }, "geometry": { "type": "Point", "coordinates": [ 121.384167061582005, 25.0111692243287, 0.0 ] } },
{ "type": "Feature", "properties": { "Display": "8K+340", "River": "塔寮坑溪排水左岸", "Name": "塔寮坑溪排水左岸8K+340" }, "geometry": { "type": "Point", "coordinates": [ 121.384106622250002, 25.011240761800899, 0.0 ] } },
{ "type": "Feature", "properties": { "Display": "8K+350", "River": "塔寮坑溪排水左岸", "Name": "塔寮坑溪排水左岸8K+350" }, "geometry": { "type": "Point", "coordinates": [ 121.384041312541996, 25.011306242669399, 0.0 ] } },
{ "type": "Feature", "properties": { "Display": "8K+360", "River": "塔寮坑溪排水左岸", "Name": "塔寮坑溪排水左岸8K+360" }, "geometry": { "type": "Point", "coordinates": [ 121.383965473621004, 25.0113606177792, 0.0 ] } },
{ "type": "Feature", "properties": { "Display": "8K+370", "River": "塔寮坑溪排水左岸", "Name": "塔寮坑溪排水左岸8K+370" }, "geometry": { "type": "Point", "coordinates": [ 121.383871456761, 25.011388572700898, 0.0 ] } },
{ "type": "Feature", "properties": { "Display": "8K+380", "River": "塔寮坑溪排水左岸", "Name": "塔寮坑溪排水左岸8K+380" }, "geometry": { "type": "Point", "coordinates": [ 121.383773574258001, 25.0113942724828, 0.0 ] } },
{ "type": "Feature", "properties": { "Display": "8K+390", "River": "塔寮坑溪排水左岸", "Name": "塔寮坑溪排水左岸8K+390" }, "geometry": { "type": "Point", "coordinates": [ 121.383678005628994, 25.011371757998202, 0.0 ] } },
{ "type": "Feature", "properties": { "Display": "8K+400", "River": "塔寮坑溪排水左岸", "Name": "塔寮坑溪排水左岸8K+400" }, "geometry": { "type": "Point", "coordinates": [ 121.383586275021997, 25.011337901510899, 0.0 ] } },
{ "type": "Feature", "properties": { "Display": "8K+410", "River": "塔寮坑溪排水左岸", "Name": "塔寮坑溪排水左岸8K+410" }, "geometry": { "type": "Point", "coordinates": [ 121.383498548953, 25.0112959429777, 0.0 ] } },
{ "type": "Feature", "properties": { "Display": "8K+420", "River": "塔寮坑溪排水左岸", "Name": "塔寮坑溪排水左岸8K+420" }, "geometry": { "type": "Point", "coordinates": [ 121.383413690837997, 25.0112495582969, 0.0 ] } },
{ "type": "Feature", "properties": { "Display": "8K+430", "River": "塔寮坑溪排水左岸", "Name": "塔寮坑溪排水左岸8K+430" }, "geometry": { "type": "Point", "coordinates": [ 121.383332662116004, 25.011197851125701, 0.0 ] } },
{ "type": "Feature", "properties": { "Display": "8K+440", "River": "塔寮坑溪排水左岸", "Name": "塔寮坑溪排水左岸8K+440" }, "geometry": { "type": "Point", "coordinates": [ 121.383258430365998, 25.0111380576075, 0.0 ] } },
{ "type": "Feature", "properties": { "Display": "8K+450", "River": "塔寮坑溪排水左岸", "Name": "塔寮坑溪排水左岸8K+450" }, "geometry": { "type": "Point", "coordinates": [ 121.383184198687005, 25.011078264051001, 0.0 ] } },
{ "type": "Feature", "properties": { "Display": "8K+460", "River": "塔寮坑溪排水左岸", "Name": "塔寮坑溪排水左岸8K+460" }, "geometry": { "type": "Point", "coordinates": [ 121.383109967080003, 25.011018470456001, 0.0 ] } },
{ "type": "Feature", "properties": { "Display": "8K+470", "River": "塔寮坑溪排水左岸", "Name": "塔寮坑溪排水左岸8K+470" }, "geometry": { "type": "Point", "coordinates": [ 121.383035735543999, 25.0109586768227, 0.0 ] } },
{ "type": "Feature", "properties": { "Display": "8K+480", "River": "塔寮坑溪排水左岸", "Name": "塔寮坑溪排水左岸8K+480" }, "geometry": { "type": "Point", "coordinates": [ 121.382959126597996, 25.010901496681399, 0.0 ] } },
{ "type": "Feature", "properties": { "Display": "8K+490", "River": "塔寮坑溪排水左岸", "Name": "塔寮坑溪排水左岸8K+490" }, "geometry": { "type": "Point", "coordinates": [ 121.382868164840005, 25.010872974409999, 0.0 ] } },
{ "type": "Feature", "properties": { "Display": "8K+500", "River": "塔寮坑溪排水左岸", "Name": "塔寮坑溪排水左岸8K+500" }, "geometry": { "type": "Point", "coordinates": [ 121.382769180194003, 25.0108713243146, 0.0 ] } },
{ "type": "Feature", "properties": { "Display": "8K+510", "River": "塔寮坑溪排水左岸", "Name": "塔寮坑溪排水左岸8K+510" }, "geometry": { "type": "Point", "coordinates": [ 121.382674289811007, 25.0108947329941, 0.0 ] } },
{ "type": "Feature", "properties": { "Display": "8K+520", "River": "塔寮坑溪排水左岸", "Name": "塔寮坑溪排水左岸8K+520" }, "geometry": { "type": "Point", "coordinates": [ 121.382575483796003, 25.010897764576001, 0.0 ] } },
{ "type": "Feature", "properties": { "Display": "8K+530", "River": "塔寮坑溪排水左岸", "Name": "塔寮坑溪排水左岸8K+530" }, "geometry": { "type": "Point", "coordinates": [ 121.382477042814998, 25.010888179139702, 0.0 ] } },
{ "type": "Feature", "properties": { "Display": "8K+540", "River": "塔寮坑溪排水左岸", "Name": "塔寮坑溪排水左岸8K+540" }, "geometry": { "type": "Point", "coordinates": [ 121.382380004894003, 25.010869962736301, 0.0 ] } },
{ "type": "Feature", "properties": { "Display": "8K+550", "River": "塔寮坑溪排水左岸", "Name": "塔寮坑溪排水左岸8K+550" }, "geometry": { "type": "Point", "coordinates": [ 121.382287125019005, 25.010839505187899, 0.0 ] } },
{ "type": "Feature", "properties": { "Display": "8K+560", "River": "塔寮坑溪排水左岸", "Name": "塔寮坑溪排水左岸8K+560" }, "geometry": { "type": "Point", "coordinates": [ 121.382202081884003, 25.010793239691999, 0.0 ] } },
{ "type": "Feature", "properties": { "Display": "8K+570", "River": "塔寮坑溪排水左岸", "Name": "塔寮坑溪排水左岸8K+570" }, "geometry": { "type": "Point", "coordinates": [ 121.382121707870994, 25.0107404930618, 0.0 ] } },
{ "type": "Feature", "properties": { "Display": "8K+580", "River": "塔寮坑溪排水左岸", "Name": "塔寮坑溪排水左岸8K+580" }, "geometry": { "type": "Point", "coordinates": [ 121.382054163174999, 25.010674839918501, 0.0 ] } },
{ "type": "Feature", "properties": { "Display": "8K+590", "River": "塔寮坑溪排水左岸", "Name": "塔寮坑溪排水左岸8K+590" }, "geometry": { "type": "Point", "coordinates": [ 121.381993290758004, 25.010603692905701, 0.0 ] } },
{ "type": "Feature", "properties": { "Display": "8K+600", "River": "塔寮坑溪排水左岸", "Name": "塔寮坑溪排水左岸8K+600" }, "geometry": { "type": "Point", "coordinates": [ 121.381934434740998, 25.0105310676717, 0.0 ] } },
{ "type": "Feature", "properties": { "Display": "8K+610", "River": "塔寮坑溪排水左岸", "Name": "塔寮坑溪排水左岸8K+610" }, "geometry": { "type": "Point", "coordinates": [ 121.381868991767007, 25.010463500645901, 0.0 ] } },
{ "type": "Feature", "properties": { "Display": "8K+620", "River": "塔寮坑溪排水左岸", "Name": "塔寮坑溪排水左岸8K+620" }, "geometry": { "type": "Point", "coordinates": [ 121.381800412331003, 25.010398343255201, 0.0 ] } },
{ "type": "Feature", "properties": { "Display": "8K+630", "River": "塔寮坑溪排水左岸", "Name": "塔寮坑溪排水左岸8K+630" }, "geometry": { "type": "Point", "coordinates": [ 121.381730898650005, 25.0103340131121, 0.0 ] } },
{ "type": "Feature", "properties": { "Display": "8K+640", "River": "塔寮坑溪排水左岸", "Name": "塔寮坑溪排水左岸8K+640" }, "geometry": { "type": "Point", "coordinates": [ 121.381658014126003, 25.0102730129672, 0.0 ] } },
{ "type": "Feature", "properties": { "Display": "8K+650", "River": "塔寮坑溪排水左岸", "Name": "塔寮坑溪排水左岸8K+650" }, "geometry": { "type": "Point", "coordinates": [ 121.381575036206002, 25.010224763287301, 0.0 ] } },
{ "type": "Feature", "properties": { "Display": "8K+660", "River": "塔寮坑溪排水左岸", "Name": "塔寮坑溪排水左岸8K+660" }, "geometry": { "type": "Point", "coordinates": [ 121.381482423104003, 25.010193642975601, 0.0 ] } },
{ "type": "Feature", "properties": { "Display": "8K+670", "River": "塔寮坑溪排水左岸", "Name": "塔寮坑溪排水左岸8K+670" }, "geometry": { "type": "Point", "coordinates": [ 121.381388184157998, 25.0101668172152, 0.0 ] } },
{ "type": "Feature", "properties": { "Display": "8K+680", "River": "塔寮坑溪排水左岸", "Name": "塔寮坑溪排水左岸8K+680" }, "geometry": { "type": "Point", "coordinates": [ 121.381290517745001, 25.010178222877499, 0.0 ] } },
{ "type": "Feature", "properties": { "Display": "8K+690", "River": "塔寮坑溪排水左岸", "Name": "塔寮坑溪排水左岸8K+690" }, "geometry": { "type": "Point", "coordinates": [ 121.381194228579005, 25.010199479240502, 0.0 ] } },
{ "type": "Feature", "properties": { "Display": "8K+700", "River": "塔寮坑溪排水左岸", "Name": "塔寮坑溪排水左岸8K+700" }, "geometry": { "type": "Point", "coordinates": [ 121.381097844774999, 25.0102203771681, 0.0 ] } },
{ "type": "Feature", "properties": { "Display": "8K+710", "River": "塔寮坑溪排水左岸", "Name": "塔寮坑溪排水左岸8K+710" }, "geometry": { "type": "Point", "coordinates": [ 121.381001241220005, 25.010240370937499, 0.0 ] } },
{ "type": "Feature", "properties": { "Display": "8K+720", "River": "塔寮坑溪排水左岸", "Name": "塔寮坑溪排水左岸8K+720" }, "geometry": { "type": "Point", "coordinates": [ 121.380903170639002, 25.010251263769401, 0.0 ] } },
{ "type": "Feature", "properties": { "Display": "8K+730", "River": "塔寮坑溪排水左岸", "Name": "塔寮坑溪排水左岸8K+730" }, "geometry": { "type": "Point", "coordinates": [ 121.380804317537994, 25.010255670337401, 0.0 ] } },
{ "type": "Feature", "properties": { "Display": "8K+740", "River": "塔寮坑溪排水左岸", "Name": "塔寮坑溪排水左岸8K+740" }, "geometry": { "type": "Point", "coordinates": [ 121.380705958695003, 25.010266101868901, 0.0 ] } },
{ "type": "Feature", "properties": { "Display": "8K+750", "River": "塔寮坑溪排水左岸", "Name": "塔寮坑溪排水左岸8K+750" }, "geometry": { "type": "Point", "coordinates": [ 121.380607878394997, 25.0102788248082, 0.0 ] } },
{ "type": "Feature", "properties": { "Display": "8K+760", "River": "塔寮坑溪排水左岸", "Name": "塔寮坑溪排水左岸8K+760" }, "geometry": { "type": "Point", "coordinates": [ 121.380509565381004, 25.0102900018803, 0.0 ] } },
{ "type": "Feature", "properties": { "Display": "8K+770", "River": "塔寮坑溪排水左岸", "Name": "塔寮坑溪排水左岸8K+770" }, "geometry": { "type": "Point", "coordinates": [ 121.380412957450005, 25.010307173570698, 0.0 ] } },
{ "type": "Feature", "properties": { "Display": "8K+780", "River": "塔寮坑溪排水左岸", "Name": "塔寮坑溪排水左岸8K+780" }, "geometry": { "type": "Point", "coordinates": [ 121.380368905398996, 25.010382669311198, 0.0 ] } },
{ "type": "Feature", "properties": { "Display": "8K+790", "River": "塔寮坑溪排水左岸", "Name": "塔寮坑溪排水左岸8K+790" }, "geometry": { "type": "Point", "coordinates": [ 121.380367793909002, 25.010472821336499, 0.0 ] } },
{ "type": "Feature", "properties": { "Display": "8K+800", "River": "塔寮坑溪排水左岸", "Name": "塔寮坑溪排水左岸8K+800" }, "geometry": { "type": "Point", "coordinates": [ 121.380361857199006, 25.010562150245601, 0.0 ] } },
{ "type": "Feature", "properties": { "Display": "8K+810", "River": "塔寮坑溪排水左岸", "Name": "塔寮坑溪排水左岸8K+810" }, "geometry": { "type": "Point", "coordinates": [ 121.380310455403006, 25.010637638411399, 0.0 ] } },
{ "type": "Feature", "properties": { "Display": "8K+820", "River": "塔寮坑溪排水左岸", "Name": "塔寮坑溪排水左岸8K+820" }, "geometry": { "type": "Point", "coordinates": [ 121.380223944568002, 25.010680032334999, 0.0 ] } },
{ "type": "Feature", "properties": { "Display": "8K+830", "River": "塔寮坑溪排水左岸", "Name": "塔寮坑溪排水左岸8K+830" }, "geometry": { "type": "Point", "coordinates": [ 121.380127575423003, 25.010700276243799, 0.0 ] } },
{ "type": "Feature", "properties": { "Display": "8K+840", "River": "塔寮坑溪排水左岸", "Name": "塔寮坑溪排水左岸8K+840" }, "geometry": { "type": "Point", "coordinates": [ 121.380029012757007, 25.010708772251999, 0.0 ] } },
{ "type": "Feature", "properties": { "Display": "8K+850", "River": "塔寮坑溪排水左岸", "Name": "塔寮坑溪排水左岸8K+850" }, "geometry": { "type": "Point", "coordinates": [ 121.379929992867005, 25.010705746524199, 0.0 ] } },
{ "type": "Feature", "properties": { "Display": "8K+860", "River": "塔寮坑溪排水左岸", "Name": "塔寮坑溪排水左岸8K+860" }, "geometry": { "type": "Point", "coordinates": [ 121.379831000384996, 25.0107020648374, 0.0 ] } },
{ "type": "Feature", "properties": { "Display": "8K+870", "River": "塔寮坑溪排水左岸", "Name": "塔寮坑溪排水左岸8K+870" }, "geometry": { "type": "Point", "coordinates": [ 121.379732015863993, 25.010700864835901, 0.0 ] } },
{ "type": "Feature", "properties": { "Display": "8K+880", "River": "塔寮坑溪排水左岸", "Name": "塔寮坑溪排水左岸8K+880" }, "geometry": { "type": "Point", "coordinates": [ 121.379633249242005, 25.0107075328341, 0.0 ] } },
{ "type": "Feature", "properties": { "Display": "8K+890", "River": "塔寮坑溪排水左岸", "Name": "塔寮坑溪排水左岸8K+890" }, "geometry": { "type": "Point", "coordinates": [ 121.379535223738003, 25.010720176303099, 0.0 ] } },
{ "type": "Feature", "properties": { "Display": "8K+900", "River": "塔寮坑溪排水左岸", "Name": "塔寮坑溪排水左岸8K+900" }, "geometry": { "type": "Point", "coordinates": [ 121.379439148811002, 25.010741473453301, 0.0 ] } },
{ "type": "Feature", "properties": { "Display": "8K+910", "River": "塔寮坑溪排水左岸", "Name": "塔寮坑溪排水左岸8K+910" }, "geometry": { "type": "Point", "coordinates": [ 121.379344583801, 25.0107684042522, 0.0 ] } },
{ "type": "Feature", "properties": { "Display": "8K+920", "River": "塔寮坑溪排水左岸", "Name": "塔寮坑溪排水左岸8K+920" }, "geometry": { "type": "Point", "coordinates": [ 121.379250018749005, 25.0107953349913, 0.0 ] } },
{ "type": "Feature", "properties": { "Display": "8K+930", "River": "塔寮坑溪排水左岸", "Name": "塔寮坑溪排水左岸8K+930" }, "geometry": { "type": "Point", "coordinates": [ 121.379159364759005, 25.010831027093701, 0.0 ] } },
{ "type": "Feature", "properties": { "Display": "8K+940", "River": "塔寮坑溪排水左岸", "Name": "塔寮坑溪排水左岸8K+940" }, "geometry": { "type": "Point", "coordinates": [ 121.379076389885, 25.010880361984199, 0.0 ] } },
{ "type": "Feature", "properties": { "Display": "8K+950", "River": "塔寮坑溪排水左岸", "Name": "塔寮坑溪排水左岸8K+950" }, "geometry": { "type": "Point", "coordinates": [ 121.378998920344003, 25.0109365596253, 0.0 ] } },
{ "type": "Feature", "properties": { "Display": "8K+960", "River": "塔寮坑溪排水左岸", "Name": "塔寮坑溪排水左岸8K+960" }, "geometry": { "type": "Point", "coordinates": [ 121.378918870543004, 25.0109896380831, 0.0 ] } },
{ "type": "Feature", "properties": { "Display": "8K+970", "River": "塔寮坑溪排水左岸", "Name": "塔寮坑溪排水左岸8K+970" }, "geometry": { "type": "Point", "coordinates": [ 121.378837162010001, 25.011040697995899, 0.0 ] } },
{ "type": "Feature", "properties": { "Display": "8K+980", "River": "塔寮坑溪排水左岸", "Name": "塔寮坑溪排水左岸8K+980" }, "geometry": { "type": "Point", "coordinates": [ 121.378761756310993, 25.011098873937001, 0.0 ] } },
{ "type": "Feature", "properties": { "Display": "8K+990", "River": "塔寮坑溪排水左岸", "Name": "塔寮坑溪排水左岸8K+990" }, "geometry": { "type": "Point", "coordinates": [ 121.378682641232004, 25.0111530515507, 0.0 ] } },
{ "type": "Feature", "properties": { "Display": "9K+000", "River": "塔寮坑溪排水左岸", "Name": "塔寮坑溪排水左岸9K+000" }, "geometry": { "type": "Point", "coordinates": [ 121.378595610085995, 25.011196025693199, 0.0 ] } },
{ "type": "Feature", "properties": { "Display": "9K+010", "River": "塔寮坑溪排水左岸", "Name": "塔寮坑溪排水左岸9K+010" }, "geometry": { "type": "Point", "coordinates": [ 121.378505030550002, 25.0112324813465, 0.0 ] } },
{ "type": "Feature", "properties": { "Display": "9K+020", "River": "塔寮坑溪排水左岸", "Name": "塔寮坑溪排水左岸9K+020" }, "geometry": { "type": "Point", "coordinates": [ 121.378408860202995, 25.0112534714631, 0.0 ] } },
{ "type": "Feature", "properties": { "Display": "9K+030", "River": "塔寮坑溪排水左岸", "Name": "塔寮坑溪排水左岸9K+030" }, "geometry": { "type": "Point", "coordinates": [ 121.378312652109997, 25.011240138113202, 0.0 ] } },
{ "type": "Feature", "properties": { "Display": "9K+040", "River": "塔寮坑溪排水左岸", "Name": "塔寮坑溪排水左岸9K+040" }, "geometry": { "type": "Point", "coordinates": [ 121.37824294472, 25.011177319276602, 0.0 ] } },
{ "type": "Feature", "properties": { "Display": "9K+050", "River": "塔寮坑溪排水左岸", "Name": "塔寮坑溪排水左岸9K+050" }, "geometry": { "type": "Point", "coordinates": [ 121.378190976785007, 25.011100549093101, 0.0 ] } },
{ "type": "Feature", "properties": { "Display": "9K+060", "River": "塔寮坑溪排水左岸", "Name": "塔寮坑溪排水左岸9K+060" }, "geometry": { "type": "Point", "coordinates": [ 121.378147400849002, 25.011019506833598, 0.0 ] } },
{ "type": "Feature", "properties": { "Display": "9K+070", "River": "塔寮坑溪排水左岸", "Name": "塔寮坑溪排水左岸9K+070" }, "geometry": { "type": "Point", "coordinates": [ 121.378101690067993, 25.010939407963502, 0.0 ] } },
{ "type": "Feature", "properties": { "Display": "9K+080", "River": "塔寮坑溪排水左岸", "Name": "塔寮坑溪排水左岸9K+080" }, "geometry": { "type": "Point", "coordinates": [ 121.378055979346001, 25.010859309077698, 0.0 ] } },
{ "type": "Feature", "properties": { "Display": "9K+090", "River": "塔寮坑溪排水左岸", "Name": "塔寮坑溪排水左岸9K+090" }, "geometry": { "type": "Point", "coordinates": [ 121.378014482953006, 25.010777653672299, 0.0 ] } },
{ "type": "Feature", "properties": { "Display": "9K+100", "River": "塔寮坑溪排水左岸", "Name": "塔寮坑溪排水左岸9K+100" }, "geometry": { "type": "Point", "coordinates": [ 121.377986093163003, 25.010691157463601, 0.0 ] } },
{ "type": "Feature", "properties": { "Display": "9K+110", "River": "塔寮坑溪排水左岸", "Name": "塔寮坑溪排水左岸9K+110" }, "geometry": { "type": "Point", "coordinates": [ 121.377956938186003, 25.0106048840839, 0.0 ] } },
{ "type": "Feature", "properties": { "Display": "9K+120", "River": "塔寮坑溪排水左岸", "Name": "塔寮坑溪排水左岸9K+120" }, "geometry": { "type": "Point", "coordinates": [ 121.377918896276995, 25.010522320347899, 0.0 ] } },
{ "type": "Feature", "properties": { "Display": "9K+130", "River": "塔寮坑溪排水左岸", "Name": "塔寮坑溪排水左岸9K+130" }, "geometry": { "type": "Point", "coordinates": [ 121.377842994600996, 25.010466376635399, 0.0 ] } },
{ "type": "Feature", "properties": { "Display": "9K+140", "River": "塔寮坑溪排水左岸", "Name": "塔寮坑溪排水左岸9K+140" }, "geometry": { "type": "Point", "coordinates": [ 121.377751339379003, 25.010432251814201, 0.0 ] } },
{ "type": "Feature", "properties": { "Display": "9K+150", "River": "塔寮坑溪排水左岸", "Name": "塔寮坑溪排水左岸9K+150" }, "geometry": { "type": "Point", "coordinates": [ 121.377659257998005, 25.010398932798601, 0.0 ] } },
{ "type": "Feature", "properties": { "Display": "9K+160", "River": "塔寮坑溪排水左岸", "Name": "塔寮坑溪排水左岸9K+160" }, "geometry": { "type": "Point", "coordinates": [ 121.377567176666005, 25.010365613725199, 0.0 ] } },
{ "type": "Feature", "properties": { "Display": "9K+170", "River": "塔寮坑溪排水左岸", "Name": "塔寮坑溪排水左岸9K+170" }, "geometry": { "type": "Point", "coordinates": [ 121.377475285911999, 25.010331861481198, 0.0 ] } },
{ "type": "Feature", "properties": { "Display": "9K+180", "River": "塔寮坑溪排水左岸", "Name": "塔寮坑溪排水左岸9K+180" }, "geometry": { "type": "Point", "coordinates": [ 121.377383444816004, 25.010297996408902, 0.0 ] } },
{ "type": "Feature", "properties": { "Display": "9K+190", "River": "塔寮坑溪排水左岸", "Name": "塔寮坑溪排水左岸9K+190" }, "geometry": { "type": "Point", "coordinates": [ 121.377291603768995, 25.010264131279101, 0.0 ] } },
{ "type": "Feature", "properties": { "Display": "9K+200", "River": "塔寮坑溪排水左岸", "Name": "塔寮坑溪排水左岸9K+200" }, "geometry": { "type": "Point", "coordinates": [ 121.377198972002006, 25.010232117275699, 0.0 ] } },
{ "type": "Feature", "properties": { "Display": "9K+210", "River": "塔寮坑溪排水左岸", "Name": "塔寮坑溪排水左岸9K+210" }, "geometry": { "type": "Point", "coordinates": [ 121.377107977365, 25.010196729786099, 0.0 ] } },
{ "type": "Feature", "properties": { "Display": "9K+220", "River": "塔寮坑溪排水左岸", "Name": "塔寮坑溪排水左岸9K+220" }, "geometry": { "type": "Point", "coordinates": [ 121.377018918724005, 25.010157172323101, 0.0 ] } },
{ "type": "Feature", "properties": { "Display": "9K+230", "River": "塔寮坑溪排水左岸", "Name": "塔寮坑溪排水左岸9K+230" }, "geometry": { "type": "Point", "coordinates": [ 121.376929499491993, 25.010118370091298, 0.0 ] } },
{ "type": "Feature", "properties": { "Display": "9K+240", "River": "塔寮坑溪排水左岸", "Name": "塔寮坑溪排水左岸9K+240" }, "geometry": { "type": "Point", "coordinates": [ 121.376834597297005, 25.0100936034951, 0.0 ] } },
{ "type": "Feature", "properties": { "Display": "9K+250", "River": "塔寮坑溪排水左岸", "Name": "塔寮坑溪排水左岸9K+250" }, "geometry": { "type": "Point", "coordinates": [ 121.376737441059007, 25.010075921115401, 0.0 ] } },
{ "type": "Feature", "properties": { "Display": "9K+260", "River": "塔寮坑溪排水左岸", "Name": "塔寮坑溪排水左岸9K+260" }, "geometry": { "type": "Point", "coordinates": [ 121.376638867392003, 25.010067389922899, 0.0 ] } },
{ "type": "Feature", "properties": { "Display": "9K+270", "River": "塔寮坑溪排水左岸", "Name": "塔寮坑溪排水左岸9K+270" }, "geometry": { "type": "Point", "coordinates": [ 121.376544989939006, 25.0100809465855, 0.0 ] } },
{ "type": "Feature", "properties": { "Display": "9K+280", "River": "塔寮坑溪排水左岸", "Name": "塔寮坑溪排水左岸9K+280" }, "geometry": { "type": "Point", "coordinates": [ 121.376474237389004, 25.0101440132552, 0.0 ] } },
{ "type": "Feature", "properties": { "Display": "9K+290", "River": "塔寮坑溪排水左岸", "Name": "塔寮坑溪排水左岸9K+290" }, "geometry": { "type": "Point", "coordinates": [ 121.376390630949999, 25.0101917299171, 0.0 ] } },
{ "type": "Feature", "properties": { "Display": "9K+300", "River": "塔寮坑溪排水左岸", "Name": "塔寮坑溪排水左岸9K+300" }, "geometry": { "type": "Point", "coordinates": [ 121.376294849665001, 25.0102132782546, 0.0 ] } },
{ "type": "Feature", "properties": { "Display": "9K+310", "River": "塔寮坑溪排水左岸", "Name": "塔寮坑溪排水左岸9K+310" }, "geometry": { "type": "Point", "coordinates": [ 121.376197025645993, 25.010202297221099, 0.0 ] } },
{ "type": "Feature", "properties": { "Display": "9K+320", "River": "塔寮坑溪排水左岸", "Name": "塔寮坑溪排水左岸9K+320" }, "geometry": { "type": "Point", "coordinates": [ 121.376098217180001, 25.010205939009602, 0.0 ] } },
{ "type": "Feature", "properties": { "Display": "9K+330", "River": "塔寮坑溪排水左岸", "Name": "塔寮坑溪排水左岸9K+330" }, "geometry": { "type": "Point", "coordinates": [ 121.375999453988996, 25.010209348362899, 0.0 ] } },
{ "type": "Feature", "properties": { "Display": "9K+340", "River": "塔寮坑溪排水左岸", "Name": "塔寮坑溪排水左岸9K+340" }, "geometry": { "type": "Point", "coordinates": [ 121.375902776488005, 25.010190691106299, 0.0 ] } },
{ "type": "Feature", "properties": { "Display": "9K+350", "River": "塔寮坑溪排水左岸", "Name": "塔寮坑溪排水左岸9K+350" }, "geometry": { "type": "Point", "coordinates": [ 121.375812199018, 25.010154674890501, 0.0 ] } },
{ "type": "Feature", "properties": { "Display": "9K+360", "River": "塔寮坑溪排水左岸", "Name": "塔寮坑溪排水左岸9K+360" }, "geometry": { "type": "Point", "coordinates": [ 121.375721333577005, 25.010119087402, 0.0 ] } },
{ "type": "Feature", "properties": { "Display": "9K+370", "River": "塔寮坑溪排水左岸", "Name": "塔寮坑溪排水左岸9K+370" }, "geometry": { "type": "Point", "coordinates": [ 121.375623261702998, 25.010110252068699, 0.0 ] } },
{ "type": "Feature", "properties": { "Display": "9K+380", "River": "塔寮坑溪排水左岸", "Name": "塔寮坑溪排水左岸9K+380" }, "geometry": { "type": "Point", "coordinates": [ 121.375524199327998, 25.010111072025001, 0.0 ] } },
{ "type": "Feature", "properties": { "Display": "9K+390", "River": "塔寮坑溪排水左岸", "Name": "塔寮坑溪排水左岸9K+390" }, "geometry": { "type": "Point", "coordinates": [ 121.375425414994993, 25.010107966514401, 0.0 ] } },
{ "type": "Feature", "properties": { "Display": "9K+400", "River": "塔寮坑溪排水左岸", "Name": "塔寮坑溪排水左岸9K+400" }, "geometry": { "type": "Point", "coordinates": [ 121.375330969361002, 25.010081649333301, 0.0 ] } },
{ "type": "Feature", "properties": { "Display": "9K+410", "River": "塔寮坑溪排水左岸", "Name": "塔寮坑溪排水左岸9K+410" }, "geometry": { "type": "Point", "coordinates": [ 121.375270087819004, 25.010014343935101, 0.0 ] } },
{ "type": "Feature", "properties": { "Display": "9K+420", "River": "塔寮坑溪排水左岸", "Name": "塔寮坑溪排水左岸9K+420" }, "geometry": { "type": "Point", "coordinates": [ 121.375243526114005, 25.0099277025001, 0.0 ] } },
{ "type": "Feature", "properties": { "Display": "9K+430", "River": "塔寮坑溪排水左岸", "Name": "塔寮坑溪排水左岸9K+430" }, "geometry": { "type": "Point", "coordinates": [ 121.375206109410001, 25.0098447743704, 0.0 ] } },
{ "type": "Feature", "properties": { "Display": "9K+440", "River": "塔寮坑溪排水左岸", "Name": "塔寮坑溪排水左岸9K+440" }, "geometry": { "type": "Point", "coordinates": [ 121.375155727923001, 25.009767036908499, 0.0 ] } },
{ "type": "Feature", "properties": { "Display": "9K+450", "River": "塔寮坑溪排水左岸", "Name": "塔寮坑溪排水左岸9K+450" }, "geometry": { "type": "Point", "coordinates": [ 121.375103040838994, 25.0096905886464, 0.0 ] } },
{ "type": "Feature", "properties": { "Display": "9K+460", "River": "塔寮坑溪排水左岸", "Name": "塔寮坑溪排水左岸9K+460" }, "geometry": { "type": "Point", "coordinates": [ 121.375048552717004, 25.009615220083301, 0.0 ] } },
{ "type": "Feature", "properties": { "Display": "9K+470", "River": "塔寮坑溪排水左岸", "Name": "塔寮坑溪排水左岸9K+470" }, "geometry": { "type": "Point", "coordinates": [ 121.374965370927001, 25.009572476728501, 0.0 ] } },
{ "type": "Feature", "properties": { "Display": "9K+480", "River": "塔寮坑溪排水左岸", "Name": "塔寮坑溪排水左岸9K+480" }, "geometry": { "type": "Point", "coordinates": [ 121.374866865819001, 25.009563524770599, 0.0 ] } },
{ "type": "Feature", "properties": { "Display": "9K+490", "River": "塔寮坑溪排水左岸", "Name": "塔寮坑溪排水左岸9K+490" }, "geometry": { "type": "Point", "coordinates": [ 121.374771290861005, 25.009540117865601, 0.0 ] } },
{ "type": "Feature", "properties": { "Display": "9K+500", "River": "塔寮坑溪排水左岸", "Name": "塔寮坑溪排水左岸9K+500" }, "geometry": { "type": "Point", "coordinates": [ 121.374679102757995, 25.009507578832999, 0.0 ] } },
{ "type": "Feature", "properties": { "Display": "9K+510", "River": "塔寮坑溪排水左岸", "Name": "塔寮坑溪排水左岸9K+510" }, "geometry": { "type": "Point", "coordinates": [ 121.374590694733001, 25.0094668283513, 0.0 ] } },
{ "type": "Feature", "properties": { "Display": "9K+520", "River": "塔寮坑溪排水左岸", "Name": "塔寮坑溪排水左岸9K+520" }, "geometry": { "type": "Point", "coordinates": [ 121.374502286766997, 25.009426077816201, 0.0 ] } },
{ "type": "Feature", "properties": { "Display": "9K+530", "River": "塔寮坑溪排水左岸", "Name": "塔寮坑溪排水左岸9K+530" }, "geometry": { "type": "Point", "coordinates": [ 121.374413878857993, 25.009385327227601, 0.0 ] } },
{ "type": "Feature", "properties": { "Display": "9K+540", "River": "塔寮坑溪排水左岸", "Name": "塔寮坑溪排水左岸9K+540" }, "geometry": { "type": "Point", "coordinates": [ 121.374322712937001, 25.009351131869899, 0.0 ] } },
{ "type": "Feature", "properties": { "Display": "9K+550", "River": "塔寮坑溪排水左岸", "Name": "塔寮坑溪排水左岸9K+550" }, "geometry": { "type": "Point", "coordinates": [ 121.374227069200003, 25.009327579275901, 0.0 ] } },
{ "type": "Feature", "properties": { "Display": "9K+560", "River": "塔寮坑溪排水左岸", "Name": "塔寮坑溪排水左岸9K+560" }, "geometry": { "type": "Point", "coordinates": [ 121.374129518548003, 25.009312179021698, 0.0 ] } },
{ "type": "Feature", "properties": { "Display": "9K+570", "River": "塔寮坑溪排水左岸", "Name": "塔寮坑溪排水左岸9K+570" }, "geometry": { "type": "Point", "coordinates": [ 121.374032877505996, 25.009293413743201, 0.0 ] } },
{ "type": "Feature", "properties": { "Display": "9K+580", "River": "塔寮坑溪排水左岸", "Name": "塔寮坑溪排水左岸9K+580" }, "geometry": { "type": "Point", "coordinates": [ 121.373938490810005, 25.009265971491502, 0.0 ] } },
{ "type": "Feature", "properties": { "Display": "9K+590", "River": "塔寮坑溪排水左岸", "Name": "塔寮坑溪排水左岸9K+590" }, "geometry": { "type": "Point", "coordinates": [ 121.373847956483999, 25.009229543376399, 0.0 ] } },
{ "type": "Feature", "properties": { "Display": "9K+600", "River": "塔寮坑溪排水左岸", "Name": "塔寮坑溪排水左岸9K+600" }, "geometry": { "type": "Point", "coordinates": [ 121.373765505031997, 25.009179973333499, 0.0 ] } },
{ "type": "Feature", "properties": { "Display": "9K+610", "River": "塔寮坑溪排水左岸", "Name": "塔寮坑溪排水左岸9K+610" }, "geometry": { "type": "Point", "coordinates": [ 121.37368508246, 25.009127246795199, 0.0 ] } },
{ "type": "Feature", "properties": { "Display": "9K+620", "River": "塔寮坑溪排水左岸", "Name": "塔寮坑溪排水左岸9K+620" }, "geometry": { "type": "Point", "coordinates": [ 121.373599913928004, 25.0090813557429, 0.0 ] } },
{ "type": "Feature", "properties": { "Display": "9K+630", "River": "塔寮坑溪排水左岸", "Name": "塔寮坑溪排水左岸9K+630" }, "geometry": { "type": "Point", "coordinates": [ 121.373513185757005, 25.009037711020099, 0.0 ] } },
{ "type": "Feature", "properties": { "Display": "9K+640", "River": "塔寮坑溪排水左岸", "Name": "塔寮坑溪排水左岸9K+640" }, "geometry": { "type": "Point", "coordinates": [ 121.373428915084006, 25.008990372138399, 0.0 ] } },
{ "type": "Feature", "properties": { "Display": "9K+650", "River": "塔寮坑溪排水左岸", "Name": "塔寮坑溪排水左岸9K+650" }, "geometry": { "type": "Point", "coordinates": [ 121.373346335584998, 25.0089404910754, 0.0 ] } },
{ "type": "Feature", "properties": { "Display": "9K+660", "River": "塔寮坑溪排水左岸", "Name": "塔寮坑溪排水左岸9K+660" }, "geometry": { "type": "Point", "coordinates": [ 121.373263683043007, 25.008890716573401, 0.0 ] } },
{ "type": "Feature", "properties": { "Display": "9K+670", "River": "塔寮坑溪排水左岸", "Name": "塔寮坑溪排水左岸9K+670" }, "geometry": { "type": "Point", "coordinates": [ 121.373178286523, 25.008844943469601, 0.0 ] } },
{ "type": "Feature", "properties": { "Display": "9K+680", "River": "塔寮坑溪排水左岸", "Name": "塔寮坑溪排水左岸9K+680" }, "geometry": { "type": "Point", "coordinates": [ 121.373094751432006, 25.008796615337399, 0.0 ] } },
{ "type": "Feature", "properties": { "Display": "9K+690", "River": "塔寮坑溪排水左岸", "Name": "塔寮坑溪排水左岸9K+690" }, "geometry": { "type": "Point", "coordinates": [ 121.373018718576006, 25.008739240693998, 0.0 ] } },
{ "type": "Feature", "properties": { "Display": "9K+700", "River": "塔寮坑溪排水左岸", "Name": "塔寮坑溪排水左岸9K+700" }, "geometry": { "type": "Point", "coordinates": [ 121.372952008949994, 25.008672491411598, 0.0 ] } },
{ "type": "Feature", "properties": { "Display": "9K+710", "River": "塔寮坑溪排水左岸", "Name": "塔寮坑溪排水左岸9K+710" }, "geometry": { "type": "Point", "coordinates": [ 121.372885299394994, 25.008605742097899, 0.0 ] } },
{ "type": "Feature", "properties": { "Display": "9K+720", "River": "塔寮坑溪排水左岸", "Name": "塔寮坑溪排水左岸9K+720" }, "geometry": { "type": "Point", "coordinates": [ 121.372817407493002, 25.0085399908032, 0.0 ] } },
{ "type": "Feature", "properties": { "Display": "9K+730", "River": "塔寮坑溪排水左岸", "Name": "塔寮坑溪排水左岸9K+730" }, "geometry": { "type": "Point", "coordinates": [ 121.372749471598993, 25.0084742766693, 0.0 ] } },
{ "type": "Feature", "properties": { "Display": "9K+740", "River": "塔寮坑溪排水左岸", "Name": "塔寮坑溪排水左岸9K+740" }, "geometry": { "type": "Point", "coordinates": [ 121.372680956769997, 25.008409068099301, 0.0 ] } },
{ "type": "Feature", "properties": { "Display": "9K+750", "River": "塔寮坑溪排水左岸", "Name": "塔寮坑溪排水左岸9K+750" }, "geometry": { "type": "Point", "coordinates": [ 121.372611220056996, 25.008344941479798, 0.0 ] } },
{ "type": "Feature", "properties": { "Display": "9K+760", "River": "塔寮坑溪排水左岸", "Name": "塔寮坑溪排水左岸9K+760" }, "geometry": { "type": "Point", "coordinates": [ 121.372539612284001, 25.008282557277301, 0.0 ] } },
{ "type": "Feature", "properties": { "Display": "9K+770", "River": "塔寮坑溪排水左岸", "Name": "塔寮坑溪排水左岸9K+770" }, "geometry": { "type": "Point", "coordinates": [ 121.372463750094994, 25.008224598357199, 0.0 ] } },
{ "type": "Feature", "properties": { "Display": "9K+780", "River": "塔寮坑溪排水左岸", "Name": "塔寮坑溪排水左岸9K+780" }, "geometry": { "type": "Point", "coordinates": [ 121.372372959928001, 25.008192670205599, 0.0 ] } },
{ "type": "Feature", "properties": { "Display": "9K+790", "River": "塔寮坑溪排水左岸", "Name": "塔寮坑溪排水左岸9K+790" }, "geometry": { "type": "Point", "coordinates": [ 121.372295754602007, 25.008244629842, 0.0 ] } },
{ "type": "Feature", "properties": { "Display": "9K+800", "River": "塔寮坑溪排水左岸", "Name": "塔寮坑溪排水左岸9K+800" }, "geometry": { "type": "Point", "coordinates": [ 121.372248913907001, 25.008323969035999, 0.0 ] } },
{ "type": "Feature", "properties": { "Display": "9K+810", "River": "塔寮坑溪排水左岸", "Name": "塔寮坑溪排水左岸9K+810" }, "geometry": { "type": "Point", "coordinates": [ 121.372225701112001, 25.008411216817301, 0.0 ] } },
{ "type": "Feature", "properties": { "Display": "9K+820", "River": "塔寮坑溪排水左岸", "Name": "塔寮坑溪排水左岸9K+820" }, "geometry": { "type": "Point", "coordinates": [ 121.372223602644993, 25.008501361658499, 0.0 ] } },
{ "type": "Feature", "properties": { "Display": "9K+830", "River": "塔寮坑溪排水左岸", "Name": "塔寮坑溪排水左岸9K+830" }, "geometry": { "type": "Point", "coordinates": [ 121.372188352964997, 25.008583828583902, 0.0 ] } },
{ "type": "Feature", "properties": { "Display": "9K+840", "River": "塔寮坑溪排水左岸", "Name": "塔寮坑溪排水左岸9K+840" }, "geometry": { "type": "Point", "coordinates": [ 121.372111201837001, 25.008638420705399, 0.0 ] } },
{ "type": "Feature", "properties": { "Display": "9K+850", "River": "塔寮坑溪排水左岸", "Name": "塔寮坑溪排水左岸9K+850" }, "geometry": { "type": "Point", "coordinates": [ 121.372014879331999, 25.008657056481098, 0.0 ] } },
{ "type": "Feature", "properties": { "Display": "9K+860", "River": "塔寮坑溪排水左岸", "Name": "塔寮坑溪排水左岸9K+860" }, "geometry": { "type": "Point", "coordinates": [ 121.371917252052, 25.008645250513698, 0.0 ] } },
{ "type": "Feature", "properties": { "Display": "9K+870", "River": "塔寮坑溪排水左岸", "Name": "塔寮坑溪排水左岸9K+870" }, "geometry": { "type": "Point", "coordinates": [ 121.371834234302995, 25.008598208179599, 0.0 ] } },
{ "type": "Feature", "properties": { "Display": "9K+880", "River": "塔寮坑溪排水左岸", "Name": "塔寮坑溪排水左岸9K+880" }, "geometry": { "type": "Point", "coordinates": [ 121.371782748759998, 25.008521842021601, 0.0 ] } },
{ "type": "Feature", "properties": { "Display": "9K+890", "River": "塔寮坑溪排水左岸", "Name": "塔寮坑溪排水左岸9K+890" }, "geometry": { "type": "Point", "coordinates": [ 121.371747858860004, 25.008437411673601, 0.0 ] } },
{ "type": "Feature", "properties": { "Display": "9K+900", "River": "塔寮坑溪排水左岸", "Name": "塔寮坑溪排水左岸9K+900" }, "geometry": { "type": "Point", "coordinates": [ 121.371727442741999, 25.008349246658199, 0.0 ] } },
{ "type": "Feature", "properties": { "Display": "9K+910", "River": "塔寮坑溪排水左岸", "Name": "塔寮坑溪排水左岸9K+910" }, "geometry": { "type": "Point", "coordinates": [ 121.371679635120998, 25.008271048779498, 0.0 ] } },
{ "type": "Feature", "properties": { "Display": "9K+920", "River": "塔寮坑溪排水左岸", "Name": "塔寮坑溪排水左岸9K+920" }, "geometry": { "type": "Point", "coordinates": [ 121.371593612208002, 25.008231194000501, 0.0 ] } },
{ "type": "Feature", "properties": { "Display": "9K+930", "River": "塔寮坑溪排水左岸", "Name": "塔寮坑溪排水左岸9K+930" }, "geometry": { "type": "Point", "coordinates": [ 121.371497804550998, 25.008248778142701, 0.0 ] } },
{ "type": "Feature", "properties": { "Display": "9K+940", "River": "塔寮坑溪排水左岸", "Name": "塔寮坑溪排水左岸9K+940" }, "geometry": { "type": "Point", "coordinates": [ 121.371402200263006, 25.008242033777002, 0.0 ] } },
{ "type": "Feature", "properties": { "Display": "9K+950", "River": "塔寮坑溪排水左岸", "Name": "塔寮坑溪排水左岸9K+950" }, "geometry": { "type": "Point", "coordinates": [ 121.371335290716004, 25.008177101374699, 0.0 ] } },
{ "type": "Feature", "properties": { "Display": "9K+960", "River": "塔寮坑溪排水左岸", "Name": "塔寮坑溪排水左岸9K+960" }, "geometry": { "type": "Point", "coordinates": [ 121.371300607324002, 25.0080929854077, 0.0 ] } },
{ "type": "Feature", "properties": { "Display": "9K+970", "River": "塔寮坑溪排水左岸", "Name": "塔寮坑溪排水左岸9K+970" }, "geometry": { "type": "Point", "coordinates": [ 121.371286054115004, 25.0080038180079, 0.0 ] } },
{ "type": "Feature", "properties": { "Display": "9K+980", "River": "塔寮坑溪排水左岸", "Name": "塔寮坑溪排水左岸9K+980" }, "geometry": { "type": "Point", "coordinates": [ 121.371284644132999, 25.0079135970444, 0.0 ] } },
{ "type": "Feature", "properties": { "Display": "9K+990", "River": "塔寮坑溪排水左岸", "Name": "塔寮坑溪排水左岸9K+990" }, "geometry": { "type": "Point", "coordinates": [ 121.371290501090996, 25.007823474466999, 0.0 ] } },
{ "type": "Feature", "properties": { "Display": "10K+000", "River": "塔寮坑溪排水左岸", "Name": "塔寮坑溪排水左岸10K+000" }, "geometry": { "type": "Point", "coordinates": [ 121.371291680818999, 25.007733213573701, 0.0 ] } },
{ "type": "Feature", "properties": { "Display": "10K+010", "River": "塔寮坑溪排水左岸", "Name": "塔寮坑溪排水左岸10K+010" }, "geometry": { "type": "Point", "coordinates": [ 121.371290676222003, 25.007642963367399, 0.0 ] } },
{ "type": "Feature", "properties": { "Display": "10K+020", "River": "塔寮坑溪排水左岸", "Name": "塔寮坑溪排水左岸10K+020" }, "geometry": { "type": "Point", "coordinates": [ 121.371278578605995, 25.007553399898701, 0.0 ] } },
{ "type": "Feature", "properties": { "Display": "10K+030", "River": "塔寮坑溪排水左岸", "Name": "塔寮坑溪排水左岸10K+030" }, "geometry": { "type": "Point", "coordinates": [ 121.371258354226995, 25.007465153769001, 0.0 ] } },
{ "type": "Feature", "properties": { "Display": "10K+040", "River": "塔寮坑溪排水左岸", "Name": "塔寮坑溪排水左岸10K+040" }, "geometry": { "type": "Point", "coordinates": [ 121.371229588001995, 25.007378853430598, 0.0 ] } },
{ "type": "Feature", "properties": { "Display": "10K+050", "River": "塔寮坑溪排水左岸", "Name": "塔寮坑溪排水左岸10K+050" }, "geometry": { "type": "Point", "coordinates": [ 121.371195097195994, 25.0072942212377, 0.0 ] } },
{ "type": "Feature", "properties": { "Display": "10K+060", "River": "塔寮坑溪排水左岸", "Name": "塔寮坑溪排水左岸10K+060" }, "geometry": { "type": "Point", "coordinates": [ 121.371158029848004, 25.0072104961402, 0.0 ] } },
{ "type": "Feature", "properties": { "Display": "10K+070", "River": "塔寮坑溪排水左岸", "Name": "塔寮坑溪排水左岸10K+070" }, "geometry": { "type": "Point", "coordinates": [ 121.371129837859996, 25.007124036726001, 0.0 ] } },
{ "type": "Feature", "properties": { "Display": "10K+080", "River": "塔寮坑溪排水左岸", "Name": "塔寮坑溪排水左岸10K+080" }, "geometry": { "type": "Point", "coordinates": [ 121.371106414368001, 25.007036339653901, 0.0 ] } },
{ "type": "Feature", "properties": { "Display": "10K+090", "River": "塔寮坑溪排水左岸", "Name": "塔寮坑溪排水左岸10K+090" }, "geometry": { "type": "Point", "coordinates": [ 121.371090970509997, 25.006947354363199, 0.0 ] } },
{ "type": "Feature", "properties": { "Display": "10K+100", "River": "塔寮坑溪排水左岸", "Name": "塔寮坑溪排水左岸10K+100" }, "geometry": { "type": "Point", "coordinates": [ 121.371084017873997, 25.006858145119502, 0.0 ] } },
{ "type": "Feature", "properties": { "Display": "10K+110", "River": "塔寮坑溪排水左岸", "Name": "塔寮坑溪排水左岸10K+110" }, "geometry": { "type": "Point", "coordinates": [ 121.371031145220996, 25.006782924533901, 0.0 ] } },
{ "type": "Feature", "properties": { "Display": "10K+120", "River": "塔寮坑溪排水左岸", "Name": "塔寮坑溪排水左岸10K+120" }, "geometry": { "type": "Point", "coordinates": [ 121.370985753534001, 25.006703332216301, 0.0 ] } },
{ "type": "Feature", "properties": { "Display": "10K+130", "River": "塔寮坑溪排水左岸", "Name": "塔寮坑溪排水左岸10K+130" }, "geometry": { "type": "Point", "coordinates": [ 121.370978508205994, 25.006613771963998, 0.0 ] } },
{ "type": "Feature", "properties": { "Display": "10K+140", "River": "塔寮坑溪排水左岸", "Name": "塔寮坑溪排水左岸10K+140" }, "geometry": { "type": "Point", "coordinates": [ 121.370981729685994, 25.0065235375207, 0.0 ] } },
{ "type": "Feature", "properties": { "Display": "10K+150", "River": "塔寮坑溪排水左岸", "Name": "塔寮坑溪排水左岸10K+150" }, "geometry": { "type": "Point", "coordinates": [ 121.370984851071995, 25.006433300643799, 0.0 ] } },
{ "type": "Feature", "properties": { "Display": "10K+160", "River": "塔寮坑溪排水左岸", "Name": "塔寮坑溪排水左岸10K+160" }, "geometry": { "type": "Point", "coordinates": [ 121.370985200630003, 25.006343086515301, 0.0 ] } },
{ "type": "Feature", "properties": { "Display": "10K+170", "River": "塔寮坑溪排水左岸", "Name": "塔寮坑溪排水左岸10K+170" }, "geometry": { "type": "Point", "coordinates": [ 121.370976985862995, 25.006253115218598, 0.0 ] } },
{ "type": "Feature", "properties": { "Display": "10K+180", "River": "塔寮坑溪排水左岸", "Name": "塔寮坑溪排水左岸10K+180" }, "geometry": { "type": "Point", "coordinates": [ 121.370957352095004, 25.006164881761102, 0.0 ] } },
{ "type": "Feature", "properties": { "Display": "10K+190", "River": "塔寮坑溪排水左岸", "Name": "塔寮坑溪排水左岸10K+190" }, "geometry": { "type": "Point", "coordinates": [ 121.370919457127997, 25.0060815106985, 0.0 ] } },
{ "type": "Feature", "properties": { "Display": "10K+200", "River": "塔寮坑溪排水左岸", "Name": "塔寮坑溪排水左岸10K+200" }, "geometry": { "type": "Point", "coordinates": [ 121.370871913951007, 25.006002624760701, 0.0 ] } },
{ "type": "Feature", "properties": { "Display": "10K+210", "River": "塔寮坑溪排水左岸", "Name": "塔寮坑溪排水左岸10K+210" }, "geometry": { "type": "Point", "coordinates": [ 121.370804258475999, 25.005936698902701, 0.0 ] } },
{ "type": "Feature", "properties": { "Display": "10K+220", "River": "塔寮坑溪排水左岸", "Name": "塔寮坑溪排水左岸10K+220" }, "geometry": { "type": "Point", "coordinates": [ 121.370746031959001, 25.005863840692001, 0.0 ] } },
{ "type": "Feature", "properties": { "Display": "10K+230", "River": "塔寮坑溪排水左岸", "Name": "塔寮坑溪排水左岸10K+230" }, "geometry": { "type": "Point", "coordinates": [ 121.370693103620994, 25.005787670737899, 0.0 ] } },
{ "type": "Feature", "properties": { "Display": "10K+240", "River": "塔寮坑溪排水左岸", "Name": "塔寮坑溪排水左岸10K+240" }, "geometry": { "type": "Point", "coordinates": [ 121.370646302026998, 25.005708097498999, 0.0 ] } },
{ "type": "Feature", "properties": { "Display": "10K+250", "River": "塔寮坑溪排水左岸", "Name": "塔寮坑溪排水左岸10K+250" }, "geometry": { "type": "Point", "coordinates": [ 121.370603339333002, 25.005626755091399, 0.0 ] } },
{ "type": "Feature", "properties": { "Display": "10K+260", "River": "塔寮坑溪排水左岸", "Name": "塔寮坑溪排水左岸10K+260" }, "geometry": { "type": "Point", "coordinates": [ 121.370567254942003, 25.0055427610801, 0.0 ] } },
{ "type": "Feature", "properties": { "Display": "10K+270", "River": "塔寮坑溪排水左岸", "Name": "塔寮坑溪排水左岸10K+270" }, "geometry": { "type": "Point", "coordinates": [ 121.370530918693007, 25.0054589092497, 0.0 ] } },
{ "type": "Feature", "properties": { "Display": "10K+280", "River": "塔寮坑溪排水左岸", "Name": "塔寮坑溪排水左岸10K+280" }, "geometry": { "type": "Point", "coordinates": [ 121.370485344407001, 25.005378746656898, 0.0 ] } },
{ "type": "Feature", "properties": { "Display": "10K+290", "River": "塔寮坑溪排水左岸", "Name": "塔寮坑溪排水左岸10K+290" }, "geometry": { "type": "Point", "coordinates": [ 121.370436715129003, 25.0053001942651, 0.0 ] } },
{ "type": "Feature", "properties": { "Display": "10K+300", "River": "塔寮坑溪排水左岸", "Name": "塔寮坑溪排水左岸10K+300" }, "geometry": { "type": "Point", "coordinates": [ 121.370365461982004, 25.005241532624499, 0.0 ] } },
{ "type": "Feature", "properties": { "Display": "10K+310", "River": "塔寮坑溪排水左岸", "Name": "塔寮坑溪排水左岸10K+310" }, "geometry": { "type": "Point", "coordinates": [ 121.370269608813999, 25.005219383709701, 0.0 ] } },
{ "type": "Feature", "properties": { "Display": "10K+320", "River": "塔寮坑溪排水左岸", "Name": "塔寮坑溪排水左岸10K+320" }, "geometry": { "type": "Point", "coordinates": [ 121.370178414845995, 25.005184461212298, 0.0 ] } },
{ "type": "Feature", "properties": { "Display": "10K+330", "River": "塔寮坑溪排水左岸", "Name": "塔寮坑溪排水左岸10K+330" }, "geometry": { "type": "Point", "coordinates": [ 121.370086741280005, 25.005150232620601, 0.0 ] } },
{ "type": "Feature", "properties": { "Display": "10K+340", "River": "塔寮坑溪排水左岸", "Name": "塔寮坑溪排水左岸10K+340" }, "geometry": { "type": "Point", "coordinates": [ 121.369994821985003, 25.005116552731099, 0.0 ] } },
{ "type": "Feature", "properties": { "Display": "10K+350", "River": "塔寮坑溪排水左岸", "Name": "塔寮坑溪排水左岸10K+350" }, "geometry": { "type": "Point", "coordinates": [ 121.369904830569993, 25.005079279662699, 0.0 ] } },
{ "type": "Feature", "properties": { "Display": "10K+360", "River": "塔寮坑溪排水左岸", "Name": "塔寮坑溪排水左岸10K+360" }, "geometry": { "type": "Point", "coordinates": [ 121.369840523093998, 25.005011919731, 0.0 ] } },
{ "type": "Feature", "properties": { "Display": "10K+370", "River": "塔寮坑溪排水左岸", "Name": "塔寮坑溪排水左岸10K+370" }, "geometry": { "type": "Point", "coordinates": [ 121.369839561950997, 25.004924268731301, 0.0 ] } },
{ "type": "Feature", "properties": { "Display": "10K+380", "River": "塔寮坑溪排水左岸", "Name": "塔寮坑溪排水左岸10K+380" }, "geometry": { "type": "Point", "coordinates": [ 121.369906692235006, 25.004859211846501, 0.0 ] } },
{ "type": "Feature", "properties": { "Display": "10K+390", "River": "塔寮坑溪排水左岸", "Name": "塔寮坑溪排水左岸10K+390" }, "geometry": { "type": "Point", "coordinates": [ 121.369984159677998, 25.0048030665676, 0.0 ] } },
{ "type": "Feature", "properties": { "Display": "10K+400", "River": "塔寮坑溪排水左岸", "Name": "塔寮坑溪排水左岸10K+400" }, "geometry": { "type": "Point", "coordinates": [ 121.370071317281003, 25.004760275816299, 0.0 ] } },
{ "type": "Feature", "properties": { "Display": "10K+410", "River": "塔寮坑溪排水左岸", "Name": "塔寮坑溪排水左岸10K+410" }, "geometry": { "type": "Point", "coordinates": [ 121.370156442844007, 25.004715003397401, 0.0 ] } },
{ "type": "Feature", "properties": { "Display": "10K+420", "River": "塔寮坑溪排水左岸", "Name": "塔寮坑溪排水左岸10K+420" }, "geometry": { "type": "Point", "coordinates": [ 121.370236100629, 25.004661470497702, 0.0 ] } },
{ "type": "Feature", "properties": { "Display": "10K+430", "River": "塔寮坑溪排水左岸", "Name": "塔寮坑溪排水左岸10K+430" }, "geometry": { "type": "Point", "coordinates": [ 121.370225002568006, 25.004577059524902, 0.0 ] } },
{ "type": "Feature", "properties": { "Display": "10K+440", "River": "塔寮坑溪排水左岸", "Name": "塔寮坑溪排水左岸10K+440" }, "geometry": { "type": "Point", "coordinates": [ 121.370189029930003, 25.004492939080102, 0.0 ] } },
{ "type": "Feature", "properties": { "Display": "10K+450", "River": "塔寮坑溪排水左岸", "Name": "塔寮坑溪排水左岸10K+450" }, "geometry": { "type": "Point", "coordinates": [ 121.370153057341, 25.004408818625102, 0.0 ] } },
{ "type": "Feature", "properties": { "Display": "10K+460", "River": "塔寮坑溪排水左岸", "Name": "塔寮坑溪排水左岸10K+460" }, "geometry": { "type": "Point", "coordinates": [ 121.370117084802004, 25.004324698159898, 0.0 ] } },
{ "type": "Feature", "properties": { "Display": "10K+470", "River": "塔寮坑溪排水左岸", "Name": "塔寮坑溪排水左岸10K+470" }, "geometry": { "type": "Point", "coordinates": [ 121.370082439948007, 25.004240277722001, 0.0 ] } },
{ "type": "Feature", "properties": { "Display": "10K+480", "River": "塔寮坑溪排水左岸", "Name": "塔寮坑溪排水左岸10K+480" }, "geometry": { "type": "Point", "coordinates": [ 121.370071124350005, 25.0041505863312, 0.0 ] } },
{ "type": "Feature", "properties": { "Display": "10K+490", "River": "塔寮坑溪排水左岸", "Name": "塔寮坑溪排水左岸10K+490" }, "geometry": { "type": "Point", "coordinates": [ 121.370057382846994, 25.004061283603502, 0.0 ] } },
{ "type": "Feature", "properties": { "Display": "10K+500", "River": "塔寮坑溪排水左岸", "Name": "塔寮坑溪排水左岸10K+500" }, "geometry": { "type": "Point", "coordinates": [ 121.370082889995004, 25.003974584896401, 0.0 ] } },
{ "type": "Feature", "properties": { "Display": "10K+510", "River": "塔寮坑溪排水左岸", "Name": "塔寮坑溪排水左岸10K+510" }, "geometry": { "type": "Point", "coordinates": [ 121.370111268689001, 25.003888085941199, 0.0 ] } },
{ "type": "Feature", "properties": { "Display": "10K+520", "River": "塔寮坑溪排水左岸", "Name": "塔寮坑溪排水左岸10K+520" }, "geometry": { "type": "Point", "coordinates": [ 121.370139647344004, 25.00380158698, 0.0 ] } },
{ "type": "Feature", "properties": { "Display": "10K+530", "River": "塔寮坑溪排水左岸", "Name": "塔寮坑溪排水左岸10K+530" }, "geometry": { "type": "Point", "coordinates": [ 121.370168214540001, 25.003715140192401, 0.0 ] } },
{ "type": "Feature", "properties": { "Display": "10K+540", "River": "塔寮坑溪排水左岸", "Name": "塔寮坑溪排水左岸10K+540" }, "geometry": { "type": "Point", "coordinates": [ 121.370197401810003, 25.0036288649829, 0.0 ] } },
{ "type": "Feature", "properties": { "Display": "10K+550", "River": "塔寮坑溪排水左岸", "Name": "塔寮坑溪排水左岸10K+550" }, "geometry": { "type": "Point", "coordinates": [ 121.370226589039007, 25.0035425897671, 0.0 ] } },
{ "type": "Feature", "properties": { "Display": "10K+560", "River": "塔寮坑溪排水左岸", "Name": "塔寮坑溪排水左岸10K+560" }, "geometry": { "type": "Point", "coordinates": [ 121.370255776228007, 25.003456314545002, 0.0 ] } },
{ "type": "Feature", "properties": { "Display": "10K+570", "River": "塔寮坑溪排水左岸", "Name": "塔寮坑溪排水左岸10K+570" }, "geometry": { "type": "Point", "coordinates": [ 121.370304324629004, 25.003379354304101, 0.0 ] } },
{ "type": "Feature", "properties": { "Display": "10K+580", "River": "塔寮坑溪排水左岸", "Name": "塔寮坑溪排水左岸10K+580" }, "geometry": { "type": "Point", "coordinates": [ 121.370367041847999, 25.003309466684598, 0.0 ] } },
{ "type": "Feature", "properties": { "Display": "10K+590", "River": "塔寮坑溪排水左岸", "Name": "塔寮坑溪排水左岸10K+590" }, "geometry": { "type": "Point", "coordinates": [ 121.370429758995996, 25.003239579038901, 0.0 ] } },
{ "type": "Feature", "properties": { "Display": "10K+600", "River": "塔寮坑溪排水左岸", "Name": "塔寮坑溪排水左岸10K+600" }, "geometry": { "type": "Point", "coordinates": [ 121.370492476072997, 25.0031696913668, 0.0 ] } },
{ "type": "Feature", "properties": { "Display": "10K+610", "River": "塔寮坑溪排水左岸", "Name": "塔寮坑溪排水左岸10K+610" }, "geometry": { "type": "Point", "coordinates": [ 121.370555193078999, 25.003099803668501, 0.0 ] } },
{ "type": "Feature", "properties": { "Display": "10K+620", "River": "塔寮坑溪排水左岸", "Name": "塔寮坑溪排水左岸10K+620" }, "geometry": { "type": "Point", "coordinates": [ 121.370615458439005, 25.003028197803999, 0.0 ] } },
{ "type": "Feature", "properties": { "Display": "10K+630", "River": "塔寮坑溪排水左岸", "Name": "塔寮坑溪排水左岸10K+630" }, "geometry": { "type": "Point", "coordinates": [ 121.370675736858004, 25.0029565544361, 0.0 ] } },
{ "type": "Feature", "properties": { "Display": "0K+000", "River": "大內坑溪排水右岸", "Name": "大內坑溪排水右岸0K+000" }, "geometry": { "type": "Point", "coordinates": [ 121.756055367396002, 25.102096063268199, 0.0 ] } },
{ "type": "Feature", "properties": { "Display": "0K+010", "River": "大內坑溪排水右岸", "Name": "大內坑溪排水右岸0K+010" }, "geometry": { "type": "Point", "coordinates": [ 121.756107630528007, 25.102165968083401, 0.0 ] } },
{ "type": "Feature", "properties": { "Display": "0K+020", "River": "大內坑溪排水右岸", "Name": "大內坑溪排水右岸0K+020" }, "geometry": { "type": "Point", "coordinates": [ 121.756148568444004, 25.102221437818802, 0.0 ] } },
{ "type": "Feature", "properties": { "Display": "0K+030", "River": "大內坑溪排水右岸", "Name": "大內坑溪排水右岸0K+030" }, "geometry": { "type": "Point", "coordinates": [ 121.756194792266996, 25.102301210259899, 0.0 ] } },
{ "type": "Feature", "properties": { "Display": "0K+040", "River": "大內坑溪排水右岸", "Name": "大內坑溪排水右岸0K+040" }, "geometry": { "type": "Point", "coordinates": [ 121.756166781952004, 25.1023751648932, 0.0 ] } },
{ "type": "Feature", "properties": { "Display": "0K+050", "River": "大內坑溪排水右岸", "Name": "大內坑溪排水右岸0K+050" }, "geometry": { "type": "Point", "coordinates": [ 121.756239526982995, 25.1024200074568, 0.0 ] } },
{ "type": "Feature", "properties": { "Display": "0K+060", "River": "大內坑溪排水右岸", "Name": "大內坑溪排水右岸0K+060" }, "geometry": { "type": "Point", "coordinates": [ 121.756201976791004, 25.102503247125501, 0.0 ] } },
{ "type": "Feature", "properties": { "Display": "0K+070", "River": "大內坑溪排水右岸", "Name": "大內坑溪排水右岸0K+070" }, "geometry": { "type": "Point", "coordinates": [ 121.756208247198003, 25.102582061492701, 0.0 ] } },
{ "type": "Feature", "properties": { "Display": "0K+080", "River": "大內坑溪排水右岸", "Name": "大內坑溪排水右岸0K+080" }, "geometry": { "type": "Point", "coordinates": [ 121.756256801646998, 25.102654654488401, 0.0 ] } },
{ "type": "Feature", "properties": { "Display": "0K+090", "River": "大內坑溪排水右岸", "Name": "大內坑溪排水右岸0K+090" }, "geometry": { "type": "Point", "coordinates": [ 121.756319106481996, 25.1027228384247, 0.0 ] } },
{ "type": "Feature", "properties": { "Display": "0K+100", "River": "大內坑溪排水右岸", "Name": "大內坑溪排水右岸0K+100" }, "geometry": { "type": "Point", "coordinates": [ 121.756383672054, 25.1027898634092, 0.0 ] } },
{ "type": "Feature", "properties": { "Display": "0K+110", "River": "大內坑溪排水右岸", "Name": "大內坑溪排水右岸0K+110" }, "geometry": { "type": "Point", "coordinates": [ 121.756434569408, 25.102844462533501, 0.0 ] } },
{ "type": "Feature", "properties": { "Display": "0K+120", "River": "大內坑溪排水右岸", "Name": "大內坑溪排水右岸0K+120" }, "geometry": { "type": "Point", "coordinates": [ 121.756525587745998, 25.102877679277, 0.0 ] } },
{ "type": "Feature", "properties": { "Display": "0K+130", "River": "大內坑溪排水右岸", "Name": "大內坑溪排水右岸0K+130" }, "geometry": { "type": "Point", "coordinates": [ 121.756623546914, 25.102891468784598, 0.0 ] } },
{ "type": "Feature", "properties": { "Display": "0K+140", "River": "大內坑溪排水右岸", "Name": "大內坑溪排水右岸0K+140" }, "geometry": { "type": "Point", "coordinates": [ 121.756721643648007, 25.1029045181843, 0.0 ] } },
{ "type": "Feature", "properties": { "Display": "0K+150", "River": "大內坑溪排水右岸", "Name": "大內坑溪排水右岸0K+150" }, "geometry": { "type": "Point", "coordinates": [ 121.756820224039998, 25.102914053061799, 0.0 ] } },
{ "type": "Feature", "properties": { "Display": "0K+160", "River": "大內坑溪排水右岸", "Name": "大內坑溪排水右岸0K+160" }, "geometry": { "type": "Point", "coordinates": [ 121.756917972821995, 25.1029287599019, 0.0 ] } },
{ "type": "Feature", "properties": { "Display": "0K+170", "River": "大內坑溪排水右岸", "Name": "大內坑溪排水右岸0K+170" }, "geometry": { "type": "Point", "coordinates": [ 121.757014331180002, 25.102948622646299, 0.0 ] } },
{ "type": "Feature", "properties": { "Display": "0K+180", "River": "大內坑溪排水右岸", "Name": "大內坑溪排水右岸0K+180" }, "geometry": { "type": "Point", "coordinates": [ 121.757110556952995, 25.1029461455175, 0.0 ] } },
{ "type": "Feature", "properties": { "Display": "0K+190", "River": "大內坑溪排水右岸", "Name": "大內坑溪排水右岸0K+190" }, "geometry": { "type": "Point", "coordinates": [ 121.757204796034003, 25.102918208602901, 0.0 ] } },
{ "type": "Feature", "properties": { "Display": "0K+200", "River": "大內坑溪排水右岸", "Name": "大內坑溪排水右岸0K+200" }, "geometry": { "type": "Point", "coordinates": [ 121.757302623569998, 25.102913536070201, 0.0 ] } },
{ "type": "Feature", "properties": { "Display": "0K+210", "River": "大內坑溪排水右岸", "Name": "大內坑溪排水右岸0K+210" }, "geometry": { "type": "Point", "coordinates": [ 121.757401369739, 25.102915596165399, 0.0 ] } },
{ "type": "Feature", "properties": { "Display": "0K+220", "River": "大內坑溪排水右岸", "Name": "大內坑溪排水右岸0K+220" }, "geometry": { "type": "Point", "coordinates": [ 121.757427068742004, 25.1029873219737, 0.0 ] } },
{ "type": "Feature", "properties": { "Display": "0K+230", "River": "大內坑溪排水右岸", "Name": "大內坑溪排水右岸0K+230" }, "geometry": { "type": "Point", "coordinates": [ 121.757437816996003, 25.103077062377501, 0.0 ] } },
{ "type": "Feature", "properties": { "Display": "0K+240", "River": "大內坑溪排水右岸", "Name": "大內坑溪排水右岸0K+240" }, "geometry": { "type": "Point", "coordinates": [ 121.757449403943994, 25.1031667198124, 0.0 ] } },
{ "type": "Feature", "properties": { "Display": "0K+250", "River": "大內坑溪排水右岸", "Name": "大內坑溪排水右岸0K+250" }, "geometry": { "type": "Point", "coordinates": [ 121.757419929125007, 25.103230376185401, 0.0 ] } },
{ "type": "Feature", "properties": { "Display": "0K+260", "River": "大內坑溪排水右岸", "Name": "大內坑溪排水右岸0K+260" }, "geometry": { "type": "Point", "coordinates": [ 121.757437263022993, 25.103306044287802, 0.0 ] } },
{ "type": "Feature", "properties": { "Display": "0K+270", "River": "大內坑溪排水右岸", "Name": "大內坑溪排水右岸0K+270" }, "geometry": { "type": "Point", "coordinates": [ 121.757506296683005, 25.103370534960298, 0.0 ] } },
{ "type": "Feature", "properties": { "Display": "0K+280", "River": "大內坑溪排水右岸", "Name": "大內坑溪排水右岸0K+280" }, "geometry": { "type": "Point", "coordinates": [ 121.757568270362, 25.1034407091948, 0.0 ] } },
{ "type": "Feature", "properties": { "Display": "0K+290", "River": "大內坑溪排水右岸", "Name": "大內坑溪排水右岸0K+290" }, "geometry": { "type": "Point", "coordinates": [ 121.757595240954004, 25.103526438946702, 0.0 ] } },
{ "type": "Feature", "properties": { "Display": "0K+300", "River": "大內坑溪排水右岸", "Name": "大內坑溪排水右岸0K+300" }, "geometry": { "type": "Point", "coordinates": [ 121.757584787111995, 25.103613814503699, 0.0 ] } },
{ "type": "Feature", "properties": { "Display": "0K+310", "River": "大內坑溪排水右岸", "Name": "大內坑溪排水右岸0K+310" }, "geometry": { "type": "Point", "coordinates": [ 121.757669424495006, 25.103608736208699, 0.0 ] } },
{ "type": "Feature", "properties": { "Display": "0K+320", "River": "大內坑溪排水右岸", "Name": "大內坑溪排水右岸0K+320" }, "geometry": { "type": "Point", "coordinates": [ 121.757700416714002, 25.1035250437893, 0.0 ] } },
{ "type": "Feature", "properties": { "Display": "0K+330", "River": "大內坑溪排水右岸", "Name": "大內坑溪排水右岸0K+330" }, "geometry": { "type": "Point", "coordinates": [ 121.757734332561995, 25.103442324601101, 0.0 ] } },
{ "type": "Feature", "properties": { "Display": "0K+340", "River": "大內坑溪排水右岸", "Name": "大內坑溪排水右岸0K+340" }, "geometry": { "type": "Point", "coordinates": [ 121.757800231001994, 25.103375709601099, 0.0 ] } },
{ "type": "Feature", "properties": { "Display": "0K+350", "River": "大內坑溪排水右岸", "Name": "大內坑溪排水右岸0K+350" }, "geometry": { "type": "Point", "coordinates": [ 121.757893504829994, 25.103359803117399, 0.0 ] } },
{ "type": "Feature", "properties": { "Display": "0K+360", "River": "大內坑溪排水右岸", "Name": "大內坑溪排水右岸0K+360" }, "geometry": { "type": "Point", "coordinates": [ 121.757977466981004, 25.103406791159799, 0.0 ] } },
{ "type": "Feature", "properties": { "Display": "0K+370", "River": "大內坑溪排水右岸", "Name": "大內坑溪排水右岸0K+370" }, "geometry": { "type": "Point", "coordinates": [ 121.758047664366003, 25.103470088900998, 0.0 ] } },
{ "type": "Feature", "properties": { "Display": "0K+380", "River": "大內坑溪排水右岸", "Name": "大內坑溪排水右岸0K+380" }, "geometry": { "type": "Point", "coordinates": [ 121.758085947965, 25.103553144800699, 0.0 ] } },
{ "type": "Feature", "properties": { "Display": "0K+390", "River": "大內坑溪排水右岸", "Name": "大內坑溪排水右岸0K+390" }, "geometry": { "type": "Point", "coordinates": [ 121.758118543400002, 25.103638393135402, 0.0 ] } },
{ "type": "Feature", "properties": { "Display": "0K+400", "River": "大內坑溪排水右岸", "Name": "大內坑溪排水右岸0K+400" }, "geometry": { "type": "Point", "coordinates": [ 121.758150888317005, 25.103723729953099, 0.0 ] } },
{ "type": "Feature", "properties": { "Display": "0K+410", "River": "大內坑溪排水右岸", "Name": "大內坑溪排水右岸0K+410" }, "geometry": { "type": "Point", "coordinates": [ 121.758194885755998, 25.103803605361001, 0.0 ] } },
{ "type": "Feature", "properties": { "Display": "0K+420", "River": "大內坑溪排水右岸", "Name": "大內坑溪排水右岸0K+420" }, "geometry": { "type": "Point", "coordinates": [ 121.758248082251995, 25.1038797220675, 0.0 ] } },
{ "type": "Feature", "properties": { "Display": "0K+430", "River": "大內坑溪排水右岸", "Name": "大內坑溪排水右岸0K+430" }, "geometry": { "type": "Point", "coordinates": [ 121.758297874421999, 25.103957757856101, 0.0 ] } },
{ "type": "Feature", "properties": { "Display": "0K+440", "River": "大內坑溪排水右岸", "Name": "大內坑溪排水右岸0K+440" }, "geometry": { "type": "Point", "coordinates": [ 121.758309971043005, 25.104047029487699, 0.0 ] } },
{ "type": "Feature", "properties": { "Display": "0K+450", "River": "大內坑溪排水右岸", "Name": "大內坑溪排水右岸0K+450" }, "geometry": { "type": "Point", "coordinates": [ 121.758320719615995, 25.104136718907402, 0.0 ] } },
{ "type": "Feature", "properties": { "Display": "0K+460", "River": "大內坑溪排水右岸", "Name": "大內坑溪排水右岸0K+460" }, "geometry": { "type": "Point", "coordinates": [ 121.758349542990004, 25.104223046623201, 0.0 ] } },
{ "type": "Feature", "properties": { "Display": "0K+470", "River": "大內坑溪排水右岸", "Name": "大內坑溪排水右岸0K+470" }, "geometry": { "type": "Point", "coordinates": [ 121.758404888754995, 25.104297378429699, 0.0 ] } },
{ "type": "Feature", "properties": { "Display": "0K+480", "River": "大內坑溪排水右岸", "Name": "大內坑溪排水右岸0K+480" }, "geometry": { "type": "Point", "coordinates": [ 121.758486363089006, 25.104348099747, 0.0 ] } },
{ "type": "Feature", "properties": { "Display": "0K+490", "River": "大內坑溪排水右岸", "Name": "大內坑溪排水右岸0K+490" }, "geometry": { "type": "Point", "coordinates": [ 121.758576076026998, 25.104386330958398, 0.0 ] } },
{ "type": "Feature", "properties": { "Display": "0K+500", "River": "大內坑溪排水右岸", "Name": "大內坑溪排水右岸0K+500" }, "geometry": { "type": "Point", "coordinates": [ 121.758668983831001, 25.104417846426301, 0.0 ] } },
{ "type": "Feature", "properties": { "Display": "0K+510", "River": "大內坑溪排水右岸", "Name": "大內坑溪排水右岸0K+510" }, "geometry": { "type": "Point", "coordinates": [ 121.758761891681999, 25.1044493618346, 0.0 ] } },
{ "type": "Feature", "properties": { "Display": "0K+520", "River": "大內坑溪排水右岸", "Name": "大內坑溪排水右岸0K+520" }, "geometry": { "type": "Point", "coordinates": [ 121.758854906647002, 25.104480382009001, 0.0 ] } },
{ "type": "Feature", "properties": { "Display": "0K+530", "River": "大內坑溪排水右岸", "Name": "大內坑溪排水右岸0K+530" }, "geometry": { "type": "Point", "coordinates": [ 121.758945706896995, 25.1045166343871, 0.0 ] } },
{ "type": "Feature", "properties": { "Display": "0K+540", "River": "大內坑溪排水右岸", "Name": "大內坑溪排水右岸0K+540" }, "geometry": { "type": "Point", "coordinates": [ 121.759037287363995, 25.1045511816675, 0.0 ] } },
{ "type": "Feature", "properties": { "Display": "0K+550", "River": "大內坑溪排水右岸", "Name": "大內坑溪排水右岸0K+550" }, "geometry": { "type": "Point", "coordinates": [ 121.759129496360003, 25.104584355355101, 0.0 ] } },
{ "type": "Feature", "properties": { "Display": "0K+560", "River": "大內坑溪排水右岸", "Name": "大內坑溪排水右岸0K+560" }, "geometry": { "type": "Point", "coordinates": [ 121.759212147701007, 25.104633217712902, 0.0 ] } },
{ "type": "Feature", "properties": { "Display": "0K+570", "River": "大內坑溪排水右岸", "Name": "大內坑溪排水右岸0K+570" }, "geometry": { "type": "Point", "coordinates": [ 121.759290893228993, 25.104686738160201, 0.0 ] } },
{ "type": "Feature", "properties": { "Display": "0K+580", "River": "大內坑溪排水右岸", "Name": "大內坑溪排水右岸0K+580" }, "geometry": { "type": "Point", "coordinates": [ 121.759378959597001, 25.104728206689099, 0.0 ] } },
{ "type": "Feature", "properties": { "Display": "0K+590", "River": "大內坑溪排水右岸", "Name": "大內坑溪排水右岸0K+590" }, "geometry": { "type": "Point", "coordinates": [ 121.759467279891993, 25.104769225550701, 0.0 ] } },
{ "type": "Feature", "properties": { "Display": "0K+600", "River": "大內坑溪排水右岸", "Name": "大內坑溪排水右岸0K+600" }, "geometry": { "type": "Point", "coordinates": [ 121.759555542371004, 25.104810332632098, 0.0 ] } },
{ "type": "Feature", "properties": { "Display": "0K+610", "River": "大內坑溪排水右岸", "Name": "大內坑溪排水右岸0K+610" }, "geometry": { "type": "Point", "coordinates": [ 121.759637106045005, 25.104861657147499, 0.0 ] } },
{ "type": "Feature", "properties": { "Display": "0K+620", "River": "大內坑溪排水右岸", "Name": "大內坑溪排水右岸0K+620" }, "geometry": { "type": "Point", "coordinates": [ 121.759689844926001, 25.104937622778401, 0.0 ] } },
{ "type": "Feature", "properties": { "Display": "0K+630", "River": "大內坑溪排水右岸", "Name": "大內坑溪排水右岸0K+630" }, "geometry": { "type": "Point", "coordinates": [ 121.759720115690001, 25.105023580175001, 0.0 ] } },
{ "type": "Feature", "properties": { "Display": "0K+640", "River": "大內坑溪排水右岸", "Name": "大內坑溪排水右岸0K+640" }, "geometry": { "type": "Point", "coordinates": [ 121.759733815437002, 25.1051123985558, 0.0 ] } },
{ "type": "Feature", "properties": { "Display": "0K+650", "River": "大內坑溪排水右岸", "Name": "大內坑溪排水右岸0K+650" }, "geometry": { "type": "Point", "coordinates": [ 121.759770778017995, 25.1051961663876, 0.0 ] } },
{ "type": "Feature", "properties": { "Display": "0K+660", "River": "大內坑溪排水右岸", "Name": "大內坑溪排水右岸0K+660" }, "geometry": { "type": "Point", "coordinates": [ 121.759807740650004, 25.105279934208099, 0.0 ] } },
{ "type": "Feature", "properties": { "Display": "0K+670", "River": "大內坑溪排水右岸", "Name": "大內坑溪排水右岸0K+670" }, "geometry": { "type": "Point", "coordinates": [ 121.759849272246996, 25.105361864807598, 0.0 ] } },
{ "type": "Feature", "properties": { "Display": "0K+680", "River": "大內坑溪排水右岸", "Name": "大內坑溪排水右岸0K+680" }, "geometry": { "type": "Point", "coordinates": [ 121.759897546274999, 25.105440488923101, 0.0 ] } },
{ "type": "Feature", "properties": { "Display": "0K+690", "River": "大內坑溪排水右岸", "Name": "大內坑溪排水右岸0K+690" }, "geometry": { "type": "Point", "coordinates": [ 121.759948754942002, 25.105517496659999, 0.0 ] } },
{ "type": "Feature", "properties": { "Display": "0K+700", "River": "大內坑溪排水右岸", "Name": "大內坑溪排水右岸0K+700" }, "geometry": { "type": "Point", "coordinates": [ 121.759984103671997, 25.105600288392601, 0.0 ] } },
{ "type": "Feature", "properties": { "Display": "0K+710", "River": "大內坑溪排水右岸", "Name": "大內坑溪排水右岸0K+710" }, "geometry": { "type": "Point", "coordinates": [ 121.759988379421003, 25.105690418970301, 0.0 ] } },
{ "type": "Feature", "properties": { "Display": "0K+720", "River": "大內坑溪排水右岸", "Name": "大內坑溪排水右岸0K+720" }, "geometry": { "type": "Point", "coordinates": [ 121.759991400694005, 25.105780649578001, 0.0 ] } },
{ "type": "Feature", "properties": { "Display": "0K+730", "River": "大內坑溪排水右岸", "Name": "大內坑溪排水右岸0K+730" }, "geometry": { "type": "Point", "coordinates": [ 121.759981162634006, 25.105870153199898, 0.0 ] } },
{ "type": "Feature", "properties": { "Display": "0K+740", "River": "大內坑溪排水右岸", "Name": "大內坑溪排水右岸0K+740" }, "geometry": { "type": "Point", "coordinates": [ 121.759960693064002, 25.105958398777499, 0.0 ] } },
{ "type": "Feature", "properties": { "Display": "0K+750", "River": "大內坑溪排水右岸", "Name": "大內坑溪排水右岸0K+750" }, "geometry": { "type": "Point", "coordinates": [ 121.759943775446004, 25.106047111918599, 0.0 ] } },
{ "type": "Feature", "properties": { "Display": "0K+760", "River": "大內坑溪排水右岸", "Name": "大內坑溪排水右岸0K+760" }, "geometry": { "type": "Point", "coordinates": [ 121.759936858139, 25.106136741684601, 0.0 ] } },
{ "type": "Feature", "properties": { "Display": "0K+770", "River": "大內坑溪排水右岸", "Name": "大內坑溪排水右岸0K+770" }, "geometry": { "type": "Point", "coordinates": [ 121.759977231223004, 25.106216659555901, 0.0 ] } },
{ "type": "Feature", "properties": { "Display": "0K+780", "River": "大內坑溪排水右岸", "Name": "大內坑溪排水右岸0K+780" }, "geometry": { "type": "Point", "coordinates": [ 121.760066326396995, 25.106253845998499, 0.0 ] } },
{ "type": "Feature", "properties": { "Display": "0K+790", "River": "大內坑溪排水右岸", "Name": "大內坑溪排水右岸0K+790" }, "geometry": { "type": "Point", "coordinates": [ 121.760149829037999, 25.106302318737601, 0.0 ] } },
{ "type": "Feature", "properties": { "Display": "0K+800", "River": "大內坑溪排水右岸", "Name": "大內坑溪排水右岸0K+800" }, "geometry": { "type": "Point", "coordinates": [ 121.76022245275, 25.106363466464501, 0.0 ] } },
{ "type": "Feature", "properties": { "Display": "0K+810", "River": "大內坑溪排水右岸", "Name": "大內坑溪排水右岸0K+810" }, "geometry": { "type": "Point", "coordinates": [ 121.760281405298002, 25.106435396935598, 0.0 ] } },
{ "type": "Feature", "properties": { "Display": "0K+820", "River": "大內坑溪排水右岸", "Name": "大內坑溪排水右岸0K+820" }, "geometry": { "type": "Point", "coordinates": [ 121.760325329656993, 25.1065163182733, 0.0 ] } },
{ "type": "Feature", "properties": { "Display": "0K+830", "River": "大內坑溪排水右岸", "Name": "大內坑溪排水右岸0K+830" }, "geometry": { "type": "Point", "coordinates": [ 121.760370397041996, 25.106596528410201, 0.0 ] } },
{ "type": "Feature", "properties": { "Display": "0K+840", "River": "大內坑溪排水右岸", "Name": "大內坑溪排水右岸0K+840" }, "geometry": { "type": "Point", "coordinates": [ 121.760383737913003, 25.106684939708199, 0.0 ] } },
{ "type": "Feature", "properties": { "Display": "0K+850", "River": "大內坑溪排水右岸", "Name": "大內坑溪排水右岸0K+850" }, "geometry": { "type": "Point", "coordinates": [ 121.760375284404006, 25.106774684251199, 0.0 ] } },
{ "type": "Feature", "properties": { "Display": "0K+860", "River": "大內坑溪排水右岸", "Name": "大內坑溪排水右岸0K+860" }, "geometry": { "type": "Point", "coordinates": [ 121.760340207271, 25.106858588044599, 0.0 ] } },
{ "type": "Feature", "properties": { "Display": "0K+870", "River": "大內坑溪排水右岸", "Name": "大內坑溪排水右岸0K+870" }, "geometry": { "type": "Point", "coordinates": [ 121.760298671350995, 25.1069405524768, 0.0 ] } },
{ "type": "Feature", "properties": { "Display": "0K+880", "River": "大內坑溪排水右岸", "Name": "大內坑溪排水右岸0K+880" }, "geometry": { "type": "Point", "coordinates": [ 121.760283368803002, 25.107028119722699, 0.0 ] } },
{ "type": "Feature", "properties": { "Display": "0K+890", "River": "大內坑溪排水右岸", "Name": "大內坑溪排水右岸0K+890" }, "geometry": { "type": "Point", "coordinates": [ 121.760301911634002, 25.1071166914444, 0.0 ] } },
{ "type": "Feature", "properties": { "Display": "0K+900", "River": "大內坑溪排水右岸", "Name": "大內坑溪排水右岸0K+900" }, "geometry": { "type": "Point", "coordinates": [ 121.760327554919002, 25.107203884574201, 0.0 ] } },
{ "type": "Feature", "properties": { "Display": "0K+910", "River": "大內坑溪排水右岸", "Name": "大內坑溪排水右岸0K+910" }, "geometry": { "type": "Point", "coordinates": [ 121.760353423525999, 25.107290990115601, 0.0 ] } },
{ "type": "Feature", "properties": { "Display": "0K+920", "River": "大內坑溪排水右岸", "Name": "大內坑溪排水右岸0K+920" }, "geometry": { "type": "Point", "coordinates": [ 121.760344010259999, 25.107380237273201, 0.0 ] } },
{ "type": "Feature", "properties": { "Display": "0K+930", "River": "大內坑溪排水右岸", "Name": "大內坑溪排水右岸0K+930" }, "geometry": { "type": "Point", "coordinates": [ 121.760366810609995, 25.1074664602327, 0.0 ] } },
{ "type": "Feature", "properties": { "Display": "0K+940", "River": "大內坑溪排水右岸", "Name": "大內坑溪排水右岸0K+940" }, "geometry": { "type": "Point", "coordinates": [ 121.760398169314001, 25.107551881349, 0.0 ] } },
{ "type": "Feature", "properties": { "Display": "0K+950", "River": "大內坑溪排水右岸", "Name": "大內坑溪排水右岸0K+950" }, "geometry": { "type": "Point", "coordinates": [ 121.760400836578, 25.107641799295301, 0.0 ] } },
{ "type": "Feature", "properties": { "Display": "0K+960", "River": "大內坑溪排水右岸", "Name": "大內坑溪排水右岸0K+960" }, "geometry": { "type": "Point", "coordinates": [ 121.760379697974997, 25.107728912336999, 0.0 ] } },
{ "type": "Feature", "properties": { "Display": "0K+970", "River": "大內坑溪排水右岸", "Name": "大內坑溪排水右岸0K+970" }, "geometry": { "type": "Point", "coordinates": [ 121.760364073378, 25.1078150649134, 0.0 ] } },
{ "type": "Feature", "properties": { "Display": "0K+980", "River": "大內坑溪排水右岸", "Name": "大內坑溪排水右岸0K+980" }, "geometry": { "type": "Point", "coordinates": [ 121.760396859514003, 25.107899940134899, 0.0 ] } },
{ "type": "Feature", "properties": { "Display": "0K+990", "River": "大內坑溪排水右岸", "Name": "大內坑溪排水右岸0K+990" }, "geometry": { "type": "Point", "coordinates": [ 121.760453942243004, 25.107973703246099, 0.0 ] } },
{ "type": "Feature", "properties": { "Display": "1K+000", "River": "大內坑溪排水右岸", "Name": "大內坑溪排水右岸1K+000" }, "geometry": { "type": "Point", "coordinates": [ 121.760508728993997, 25.1080489419594, 0.0 ] } },
{ "type": "Feature", "properties": { "Display": "1K+010", "River": "大內坑溪排水右岸", "Name": "大內坑溪排水右岸1K+010" }, "geometry": { "type": "Point", "coordinates": [ 121.760563827061006, 25.1081239950257, 0.0 ] } },
{ "type": "Feature", "properties": { "Display": "1K+020", "River": "大內坑溪排水右岸", "Name": "大內坑溪排水右岸1K+020" }, "geometry": { "type": "Point", "coordinates": [ 121.760616218099003, 25.1082005634373, 0.0 ] } },
{ "type": "Feature", "properties": { "Display": "1K+030", "River": "大內坑溪排水右岸", "Name": "大內坑溪排水右岸1K+030" }, "geometry": { "type": "Point", "coordinates": [ 121.760664398374999, 25.1082794639096, 0.0 ] } },
{ "type": "Feature", "properties": { "Display": "1K+040", "River": "大內坑溪排水右岸", "Name": "大內坑溪排水右岸1K+040" }, "geometry": { "type": "Point", "coordinates": [ 121.760690439803, 25.1083661051955, 0.0 ] } },
{ "type": "Feature", "properties": { "Display": "1K+050", "River": "大內坑溪排水右岸", "Name": "大內坑溪排水右岸1K+050" }, "geometry": { "type": "Point", "coordinates": [ 121.760696056822994, 25.1084560155156, 0.0 ] } },
{ "type": "Feature", "properties": { "Display": "1K+060", "River": "大內坑溪排水右岸", "Name": "大內坑溪排水右岸1K+060" }, "geometry": { "type": "Point", "coordinates": [ 121.760695249766002, 25.108545857302499, 0.0 ] } },
{ "type": "Feature", "properties": { "Display": "1K+070", "River": "大內坑溪排水右岸", "Name": "大內坑溪排水右岸1K+070" }, "geometry": { "type": "Point", "coordinates": [ 121.760692943503997, 25.108635780255799, 0.0 ] } },
{ "type": "Feature", "properties": { "Display": "1K+080", "River": "大內坑溪排水右岸", "Name": "大內坑溪排水右岸1K+080" }, "geometry": { "type": "Point", "coordinates": [ 121.760681517297002, 25.108725454724599, 0.0 ] } },
{ "type": "Feature", "properties": { "Display": "1K+090", "River": "大內坑溪排水右岸", "Name": "大內坑溪排水右岸1K+090" }, "geometry": { "type": "Point", "coordinates": [ 121.760660877928999, 25.108813690636801, 0.0 ] } },
{ "type": "Feature", "properties": { "Display": "1K+100", "River": "大內坑溪排水右岸", "Name": "大內坑溪排水右岸1K+100" }, "geometry": { "type": "Point", "coordinates": [ 121.760624970191998, 25.108897715565401, 0.0 ] } },
{ "type": "Feature", "properties": { "Display": "1K+110", "River": "大內坑溪排水右岸", "Name": "大內坑溪排水右岸1K+110" }, "geometry": { "type": "Point", "coordinates": [ 121.760554020903996, 25.108958755807802, 0.0 ] } },
{ "type": "Feature", "properties": { "Display": "1K+120", "River": "大內坑溪排水右岸", "Name": "大內坑溪排水右岸1K+120" }, "geometry": { "type": "Point", "coordinates": [ 121.760456615723996, 25.108966126502999, 0.0 ] } },
{ "type": "Feature", "properties": { "Display": "1K+130", "River": "大內坑溪排水右岸", "Name": "大內坑溪排水右岸1K+130" }, "geometry": { "type": "Point", "coordinates": [ 121.760357980161999, 25.108957301902699, 0.0 ] } },
{ "type": "Feature", "properties": { "Display": "1K+140", "River": "大內坑溪排水右岸", "Name": "大內坑溪排水右岸1K+140" }, "geometry": { "type": "Point", "coordinates": [ 121.760261312726001, 25.108968402264001, 0.0 ] } },
{ "type": "Feature", "properties": { "Display": "1K+150", "River": "大內坑溪排水右岸", "Name": "大內坑溪排水右岸1K+150" }, "geometry": { "type": "Point", "coordinates": [ 121.760172436505002, 25.1090077500434, 0.0 ] } },
{ "type": "Feature", "properties": { "Display": "1K+160", "River": "大內坑溪排水右岸", "Name": "大內坑溪排水右岸1K+160" }, "geometry": { "type": "Point", "coordinates": [ 121.760101935566993, 25.109070238526101, 0.0 ] } },
{ "type": "Feature", "properties": { "Display": "1K+170", "River": "大內坑溪排水右岸", "Name": "大內坑溪排水右岸1K+170" }, "geometry": { "type": "Point", "coordinates": [ 121.760042426327004, 25.1091423250022, 0.0 ] } },
{ "type": "Feature", "properties": { "Display": "1K+180", "River": "大內坑溪排水右岸", "Name": "大內坑溪排水右岸1K+180" }, "geometry": { "type": "Point", "coordinates": [ 121.759986235024996, 25.109216695682001, 0.0 ] } },
{ "type": "Feature", "properties": { "Display": "1K+190", "River": "大內坑溪排水右岸", "Name": "大內坑溪排水右岸1K+190" }, "geometry": { "type": "Point", "coordinates": [ 121.759930895058005, 25.109291601431998, 0.0 ] } },
{ "type": "Feature", "properties": { "Display": "1K+200", "River": "大內坑溪排水右岸", "Name": "大內坑溪排水右岸1K+200" }, "geometry": { "type": "Point", "coordinates": [ 121.759882237545, 25.109370179228002, 0.0 ] } },
{ "type": "Feature", "properties": { "Display": "1K+210", "River": "大內坑溪排水右岸", "Name": "大內坑溪排水右岸1K+210" }, "geometry": { "type": "Point", "coordinates": [ 121.759841762679002, 25.109452574403001, 0.0 ] } },
{ "type": "Feature", "properties": { "Display": "1K+220", "River": "大內坑溪排水右岸", "Name": "大內坑溪排水右岸1K+220" }, "geometry": { "type": "Point", "coordinates": [ 121.759813215917006, 25.1095388956028, 0.0 ] } },
{ "type": "Feature", "properties": { "Display": "1K+230", "River": "大內坑溪排水右岸", "Name": "大內坑溪排水右岸1K+230" }, "geometry": { "type": "Point", "coordinates": [ 121.759812309745996, 25.109627726669199, 0.0 ] } },
{ "type": "Feature", "properties": { "Display": "1K+240", "River": "大內坑溪排水右岸", "Name": "大內坑溪排水右岸1K+240" }, "geometry": { "type": "Point", "coordinates": [ 121.759869151985995, 25.109700324022899, 0.0 ] } },
{ "type": "Feature", "properties": { "Display": "1K+250", "River": "大內坑溪排水右岸", "Name": "大內坑溪排水右岸1K+250" }, "geometry": { "type": "Point", "coordinates": [ 121.759946647161996, 25.109756438647501, 0.0 ] } },
{ "type": "Feature", "properties": { "Display": "1K+260", "River": "大內坑溪排水右岸", "Name": "大內坑溪排水右岸1K+260" }, "geometry": { "type": "Point", "coordinates": [ 121.760023538084994, 25.109813433911601, 0.0 ] } },
{ "type": "Feature", "properties": { "Display": "1K+270", "River": "大內坑溪排水右岸", "Name": "大內坑溪排水右岸1K+270" }, "geometry": { "type": "Point", "coordinates": [ 121.760100429079998, 25.109870429133601, 0.0 ] } },
{ "type": "Feature", "properties": { "Display": "1K+280", "River": "大內坑溪排水右岸", "Name": "大內坑溪排水右岸1K+280" }, "geometry": { "type": "Point", "coordinates": [ 121.760177320145004, 25.1099274243137, 0.0 ] } },
{ "type": "Feature", "properties": { "Display": "1K+290", "River": "大內坑溪排水右岸", "Name": "大內坑溪排水右岸1K+290" }, "geometry": { "type": "Point", "coordinates": [ 121.760239340308999, 25.109997225361301, 0.0 ] } },
{ "type": "Feature", "properties": { "Display": "1K+300", "River": "大內坑溪排水右岸", "Name": "大內坑溪排水右岸1K+300" }, "geometry": { "type": "Point", "coordinates": [ 121.760280729822995, 25.1100791557657, 0.0 ] } },
{ "type": "Feature", "properties": { "Display": "1K+310", "River": "大內坑溪排水右岸", "Name": "大內坑溪排水右岸1K+310" }, "geometry": { "type": "Point", "coordinates": [ 121.760301435952002, 25.110167207020702, 0.0 ] } },
{ "type": "Feature", "properties": { "Display": "1K+320", "River": "大內坑溪排水右岸", "Name": "大內坑溪排水右岸1K+320" }, "geometry": { "type": "Point", "coordinates": [ 121.760295069324002, 25.110257115514699, 0.0 ] } },
{ "type": "Feature", "properties": { "Display": "1K+330", "River": "大內坑溪排水右岸", "Name": "大內坑溪排水右岸1K+330" }, "geometry": { "type": "Point", "coordinates": [ 121.760282471478007, 25.1103466570069, 0.0 ] } },
{ "type": "Feature", "properties": { "Display": "1K+340", "River": "大內坑溪排水右岸", "Name": "大內坑溪排水右岸1K+340" }, "geometry": { "type": "Point", "coordinates": [ 121.760268396372993, 25.110436018696799, 0.0 ] } },
{ "type": "Feature", "properties": { "Display": "1K+350", "River": "大內坑溪排水右岸", "Name": "大內坑溪排水右岸1K+350" }, "geometry": { "type": "Point", "coordinates": [ 121.760254490285007, 25.110525402264201, 0.0 ] } },
{ "type": "Feature", "properties": { "Display": "1K+360", "River": "大內坑溪排水右岸", "Name": "大內坑溪排水右岸1K+360" }, "geometry": { "type": "Point", "coordinates": [ 121.760240655141004, 25.110614795015199, 0.0 ] } },
{ "type": "Feature", "properties": { "Display": "1K+370", "River": "大內坑溪排水右岸", "Name": "大內坑溪排水右岸1K+370" }, "geometry": { "type": "Point", "coordinates": [ 121.760247627526994, 25.110704252280701, 0.0 ] } },
{ "type": "Feature", "properties": { "Display": "1K+380", "River": "大內坑溪排水右岸", "Name": "大內坑溪排水右岸1K+380" }, "geometry": { "type": "Point", "coordinates": [ 121.760271608018002, 25.110791788754, 0.0 ] } },
{ "type": "Feature", "properties": { "Display": "1K+390", "River": "大內坑溪排水右岸", "Name": "大內坑溪排水右岸1K+390" }, "geometry": { "type": "Point", "coordinates": [ 121.760304317901998, 25.1108764172543, 0.0 ] } },
{ "type": "Feature", "properties": { "Display": "1K+400", "River": "大內坑溪排水右岸", "Name": "大內坑溪排水右岸1K+400" }, "geometry": { "type": "Point", "coordinates": [ 121.760361520437002, 25.1109501220011, 0.0 ] } },
{ "type": "Feature", "properties": { "Display": "1K+410", "River": "大內坑溪排水右岸", "Name": "大內坑溪排水右岸1K+410" }, "geometry": { "type": "Point", "coordinates": [ 121.760419992406995, 25.111023029002499, 0.0 ] } },
{ "type": "Feature", "properties": { "Display": "1K+420", "River": "大內坑溪排水右岸", "Name": "大內坑溪排水右岸1K+420" }, "geometry": { "type": "Point", "coordinates": [ 121.760478576276, 25.111095861557299, 0.0 ] } },
{ "type": "Feature", "properties": { "Display": "1K+430", "River": "大內坑溪排水右岸", "Name": "大內坑溪排水右岸1K+430" }, "geometry": { "type": "Point", "coordinates": [ 121.760537160214, 25.111168694086501, 0.0 ] } },
{ "type": "Feature", "properties": { "Display": "1K+440", "River": "大內坑溪排水右岸", "Name": "大內坑溪排水右岸1K+440" }, "geometry": { "type": "Point", "coordinates": [ 121.760595744222996, 25.111241526590302, 0.0 ] } },
{ "type": "Feature", "properties": { "Display": "1K+450", "River": "大內坑溪排水右岸", "Name": "大內坑溪排水右岸1K+450" }, "geometry": { "type": "Point", "coordinates": [ 121.760653936663999, 25.111314571361, 0.0 ] } },
{ "type": "Feature", "properties": { "Display": "1K+460", "River": "大內坑溪排水右岸", "Name": "大內坑溪排水右岸1K+460" }, "geometry": { "type": "Point", "coordinates": [ 121.760707702652994, 25.111390035208899, 0.0 ] } },
{ "type": "Feature", "properties": { "Display": "1K+470", "River": "大內坑溪排水右岸", "Name": "大內坑溪排水右岸1K+470" }, "geometry": { "type": "Point", "coordinates": [ 121.760720350873996, 25.111478357806099, 0.0 ] } },
{ "type": "Feature", "properties": { "Display": "1K+480", "River": "大內坑溪排水右岸", "Name": "大內坑溪排水右岸1K+480" }, "geometry": { "type": "Point", "coordinates": [ 121.760710736801002, 25.111568179272599, 0.0 ] } },
{ "type": "Feature", "properties": { "Display": "1K+490", "River": "大內坑溪排水右岸", "Name": "大內坑溪排水右岸1K+490" }, "geometry": { "type": "Point", "coordinates": [ 121.760697197433998, 25.111657529758801, 0.0 ] } },
{ "type": "Feature", "properties": { "Display": "1K+500", "River": "大內坑溪排水右岸", "Name": "大內坑溪排水右岸1K+500" }, "geometry": { "type": "Point", "coordinates": [ 121.76067605339, 25.111745729109799, 0.0 ] } },
{ "type": "Feature", "properties": { "Display": "1K+510", "River": "大內坑溪排水右岸", "Name": "大內坑溪排水右岸1K+510" }, "geometry": { "type": "Point", "coordinates": [ 121.760656495001001, 25.111834221794599, 0.0 ] } },
{ "type": "Feature", "properties": { "Display": "1K+520", "River": "大內坑溪排水右岸", "Name": "大內坑溪排水右岸1K+520" }, "geometry": { "type": "Point", "coordinates": [ 121.760638159012004, 25.111922940614299, 0.0 ] } },
{ "type": "Feature", "properties": { "Display": "1K+530", "River": "大內坑溪排水右岸", "Name": "大內坑溪排水右岸1K+530" }, "geometry": { "type": "Point", "coordinates": [ 121.760619387987006, 25.112011568522298, 0.0 ] } },
{ "type": "Feature", "properties": { "Display": "1K+540", "River": "大內坑溪排水右岸", "Name": "大內坑溪排水右岸1K+540" }, "geometry": { "type": "Point", "coordinates": [ 121.760593489147993, 25.112098710235099, 0.0 ] } },
{ "type": "Feature", "properties": { "Display": "1K+550", "River": "大內坑溪排水右岸", "Name": "大內坑溪排水右岸1K+550" }, "geometry": { "type": "Point", "coordinates": [ 121.760567876083002, 25.1121859220783, 0.0 ] } },
{ "type": "Feature", "properties": { "Display": "1K+560", "River": "大內坑溪排水右岸", "Name": "大內坑溪排水右岸1K+560" }, "geometry": { "type": "Point", "coordinates": [ 121.760543079439998, 25.1122733235891, 0.0 ] } },
{ "type": "Feature", "properties": { "Display": "1K+570", "River": "大內坑溪排水右岸", "Name": "大內坑溪排水右岸1K+570" }, "geometry": { "type": "Point", "coordinates": [ 121.760519668846996, 25.112361047098499, 0.0 ] } },
{ "type": "Feature", "properties": { "Display": "1K+580", "River": "大內坑溪排水右岸", "Name": "大內坑溪排水右岸1K+580" }, "geometry": { "type": "Point", "coordinates": [ 121.760500034404004, 25.112449170817701, 0.0 ] } },
{ "type": "Feature", "properties": { "Display": "1K+590", "River": "大內坑溪排水右岸", "Name": "大內坑溪排水右岸1K+590" }, "geometry": { "type": "Point", "coordinates": [ 121.760500688202001, 25.112539444758401, 0.0 ] } },
{ "type": "Feature", "properties": { "Display": "1K+600", "River": "大內坑溪排水右岸", "Name": "大內坑溪排水右岸1K+600" }, "geometry": { "type": "Point", "coordinates": [ 121.760501342002001, 25.112629718697999, 0.0 ] } },
{ "type": "Feature", "properties": { "Display": "1K+610", "River": "大內坑溪排水右岸", "Name": "大內坑溪排水右岸1K+610" }, "geometry": { "type": "Point", "coordinates": [ 121.760520922698007, 25.112716810049601, 0.0 ] } },
{ "type": "Feature", "properties": { "Display": "1K+620", "River": "大內坑溪排水右岸", "Name": "大內坑溪排水右岸1K+620" }, "geometry": { "type": "Point", "coordinates": [ 121.760555727140002, 25.1128013415026, 0.0 ] } },
{ "type": "Feature", "properties": { "Display": "1K+630", "River": "大內坑溪排水右岸", "Name": "大內坑溪排水右岸1K+630" }, "geometry": { "type": "Point", "coordinates": [ 121.760590531630996, 25.112885872945299, 0.0 ] } },
{ "type": "Feature", "properties": { "Display": "1K+640", "River": "大內坑溪排水右岸", "Name": "大內坑溪排水右岸1K+640" }, "geometry": { "type": "Point", "coordinates": [ 121.760625336171003, 25.112970404377801, 0.0 ] } },
{ "type": "Feature", "properties": { "Display": "1K+650", "River": "大內坑溪排水右岸", "Name": "大內坑溪排水右岸1K+650" }, "geometry": { "type": "Point", "coordinates": [ 121.760660140761004, 25.113054935800101, 0.0 ] } },
{ "type": "Feature", "properties": { "Display": "1K+660", "River": "大內坑溪排水右岸", "Name": "大內坑溪排水右岸1K+660" }, "geometry": { "type": "Point", "coordinates": [ 121.760703774467999, 25.113135301356099, 0.0 ] } },
{ "type": "Feature", "properties": { "Display": "1K+670", "River": "大內坑溪排水右岸", "Name": "大內坑溪排水右岸1K+670" }, "geometry": { "type": "Point", "coordinates": [ 121.760778534466994, 25.113193955213301, 0.0 ] } },
{ "type": "Feature", "properties": { "Display": "1K+680", "River": "大內坑溪排水右岸", "Name": "大內坑溪排水右岸1K+680" }, "geometry": { "type": "Point", "coordinates": [ 121.760863405259997, 25.113240185707301, 0.0 ] } },
{ "type": "Feature", "properties": { "Display": "1K+690", "River": "大內坑溪排水右岸", "Name": "大內坑溪排水右岸1K+690" }, "geometry": { "type": "Point", "coordinates": [ 121.760955522474006, 25.1132733474718, 0.0 ] } },
{ "type": "Feature", "properties": { "Display": "1K+700", "River": "大內坑溪排水右岸", "Name": "大內坑溪排水右岸1K+700" }, "geometry": { "type": "Point", "coordinates": [ 121.761028520137998, 25.113328795787499, 0.0 ] } },
{ "type": "Feature", "properties": { "Display": "1K+710", "River": "大內坑溪排水右岸", "Name": "大內坑溪排水右岸1K+710" }, "geometry": { "type": "Point", "coordinates": [ 121.761062685661997, 25.1134135231868, 0.0 ] } },
{ "type": "Feature", "properties": { "Display": "1K+720", "River": "大內坑溪排水右岸", "Name": "大內坑溪排水右岸1K+720" }, "geometry": { "type": "Point", "coordinates": [ 121.761104410894006, 25.113495153307198, 0.0 ] } },
{ "type": "Feature", "properties": { "Display": "1K+730", "River": "大內坑溪排水右岸", "Name": "大內坑溪排水右岸1K+730" }, "geometry": { "type": "Point", "coordinates": [ 121.761159406673002, 25.113570247744999, 0.0 ] } },
{ "type": "Feature", "properties": { "Display": "1K+740", "River": "大內坑溪排水右岸", "Name": "大內坑溪排水右岸1K+740" }, "geometry": { "type": "Point", "coordinates": [ 121.761211001142001, 25.113647234796201, 0.0 ] } },
{ "type": "Feature", "properties": { "Display": "1K+750", "River": "大內坑溪排水右岸", "Name": "大內坑溪排水右岸1K+750" }, "geometry": { "type": "Point", "coordinates": [ 121.761226733507996, 25.113735815836399, 0.0 ] } },
{ "type": "Feature", "properties": { "Display": "1K+760", "River": "大內坑溪排水右岸", "Name": "大內坑溪排水右岸1K+760" }, "geometry": { "type": "Point", "coordinates": [ 121.761244820667997, 25.113824322812299, 0.0 ] } },
{ "type": "Feature", "properties": { "Display": "1K+770", "River": "大內坑溪排水右岸", "Name": "大內坑溪排水右岸1K+770" }, "geometry": { "type": "Point", "coordinates": [ 121.761272335643, 25.113911053163498, 0.0 ] } },
{ "type": "Feature", "properties": { "Display": "1K+780", "River": "大內坑溪排水右岸", "Name": "大內坑溪排水右岸1K+780" }, "geometry": { "type": "Point", "coordinates": [ 121.761309578850998, 25.113992842080801, 0.0 ] } },
{ "type": "Feature", "properties": { "Display": "1K+790", "River": "大內坑溪排水右岸", "Name": "大內坑溪排水右岸1K+790" }, "geometry": { "type": "Point", "coordinates": [ 121.761374026224004, 25.114059899882601, 0.0 ] } },
{ "type": "Feature", "properties": { "Display": "1K+800", "River": "大內坑溪排水右岸", "Name": "大內坑溪排水右岸1K+800" }, "geometry": { "type": "Point", "coordinates": [ 121.761406652839, 25.114144026997099, 0.0 ] } },
{ "type": "Feature", "properties": { "Display": "1K+810", "River": "大內坑溪排水右岸", "Name": "大內坑溪排水右岸1K+810" }, "geometry": { "type": "Point", "coordinates": [ 121.761413967652004, 25.1142340076923, 0.0 ] } },
{ "type": "Feature", "properties": { "Display": "1K+820", "River": "大內坑溪排水右岸", "Name": "大內坑溪排水右岸1K+820" }, "geometry": { "type": "Point", "coordinates": [ 121.761421026942003, 25.114322766712299, 0.0 ] } },
{ "type": "Feature", "properties": { "Display": "1K+830", "River": "大內坑溪排水右岸", "Name": "大內坑溪排水右岸1K+830" }, "geometry": { "type": "Point", "coordinates": [ 121.761399656034001, 25.114410777023899, 0.0 ] } },
{ "type": "Feature", "properties": { "Display": "1K+840", "River": "大內坑溪排水右岸", "Name": "大內坑溪排水右岸1K+840" }, "geometry": { "type": "Point", "coordinates": [ 121.761356179442998, 25.1144909371266, 0.0 ] } },
{ "type": "Feature", "properties": { "Display": "1K+850", "River": "大內坑溪排水右岸", "Name": "大內坑溪排水右岸1K+850" }, "geometry": { "type": "Point", "coordinates": [ 121.761310132054007, 25.114570168901299, 0.0 ] } },
{ "type": "Feature", "properties": { "Display": "1K+860", "River": "大內坑溪排水右岸", "Name": "大內坑溪排水右岸1K+860" }, "geometry": { "type": "Point", "coordinates": [ 121.761230637926005, 25.114623670797702, 0.0 ] } },
{ "type": "Feature", "properties": { "Display": "1K+870", "River": "大內坑溪排水右岸", "Name": "大內坑溪排水右岸1K+870" }, "geometry": { "type": "Point", "coordinates": [ 121.761141513886002, 25.114658473482901, 0.0 ] } },
{ "type": "Feature", "properties": { "Display": "1K+880", "River": "大內坑溪排水右岸", "Name": "大內坑溪排水右岸1K+880" }, "geometry": { "type": "Point", "coordinates": [ 121.761091112844994, 25.1147353889898, 0.0 ] } },
{ "type": "Feature", "properties": { "Display": "1K+890", "River": "大內坑溪排水右岸", "Name": "大內坑溪排水右岸1K+890" }, "geometry": { "type": "Point", "coordinates": [ 121.761035425041996, 25.114809584113299, 0.0 ] } },
{ "type": "Feature", "properties": { "Display": "1K+900", "River": "大內坑溪排水右岸", "Name": "大內坑溪排水右岸1K+900" }, "geometry": { "type": "Point", "coordinates": [ 121.761056670428005, 25.1148963301411, 0.0 ] } },
{ "type": "Feature", "properties": { "Display": "1K+910", "River": "大內坑溪排水右岸", "Name": "大內坑溪排水右岸1K+910" }, "geometry": { "type": "Point", "coordinates": [ 121.761065624406996, 25.114985358388999, 0.0 ] } },
{ "type": "Feature", "properties": { "Display": "1K+920", "River": "大內坑溪排水右岸", "Name": "大內坑溪排水右岸1K+920" }, "geometry": { "type": "Point", "coordinates": [ 121.761106513800996, 25.115066843852698, 0.0 ] } },
{ "type": "Feature", "properties": { "Display": "1K+930", "River": "大內坑溪排水右岸", "Name": "大內坑溪排水右岸1K+930" }, "geometry": { "type": "Point", "coordinates": [ 121.761144313174995, 25.115150230553599, 0.0 ] } },
{ "type": "Feature", "properties": { "Display": "1K+940", "River": "大內坑溪排水右岸", "Name": "大內坑溪排水右岸1K+940" }, "geometry": { "type": "Point", "coordinates": [ 121.761176197940003, 25.115235701642899, 0.0 ] } },
{ "type": "Feature", "properties": { "Display": "1K+950", "River": "大內坑溪排水右岸", "Name": "大內坑溪排水右岸1K+950" }, "geometry": { "type": "Point", "coordinates": [ 121.761205847997005, 25.115321846824799, 0.0 ] } },
{ "type": "Feature", "properties": { "Display": "0K+000", "River": "大內坑溪排水左岸", "Name": "大內坑溪排水左岸0K+000" }, "geometry": { "type": "Point", "coordinates": [ 121.756684603357996, 25.102164477492501, 0.0 ] } },
{ "type": "Feature", "properties": { "Display": "0K+010", "River": "大內坑溪排水左岸", "Name": "大內坑溪排水左岸0K+010" }, "geometry": { "type": "Point", "coordinates": [ 121.756772590273997, 25.102206083018601, 0.0 ] } },
{ "type": "Feature", "properties": { "Display": "0K+020", "River": "大內坑溪排水左岸", "Name": "大內坑溪排水左岸0K+020" }, "geometry": { "type": "Point", "coordinates": [ 121.756861004602001, 25.102246882133699, 0.0 ] } },
{ "type": "Feature", "properties": { "Display": "0K+030", "River": "大內坑溪排水左岸", "Name": "大內坑溪排水左岸0K+030" }, "geometry": { "type": "Point", "coordinates": [ 121.756950696895004, 25.1022852207429, 0.0 ] } },
{ "type": "Feature", "properties": { "Display": "0K+040", "River": "大內坑溪排水左岸", "Name": "大內坑溪排水左岸0K+040" }, "geometry": { "type": "Point", "coordinates": [ 121.757006915366006, 25.102352443119401, 0.0 ] } },
{ "type": "Feature", "properties": { "Display": "0K+050", "River": "大內坑溪排水左岸", "Name": "大內坑溪排水左岸0K+050" }, "geometry": { "type": "Point", "coordinates": [ 121.757048944290005, 25.102431888936501, 0.0 ] } },
{ "type": "Feature", "properties": { "Display": "0K+060", "River": "大內坑溪排水左岸", "Name": "大內坑溪排水左岸0K+060" }, "geometry": { "type": "Point", "coordinates": [ 121.757115476140001, 25.102437607363701, 0.0 ] } },
{ "type": "Feature", "properties": { "Display": "0K+070", "River": "大內坑溪排水左岸", "Name": "大內坑溪排水左岸0K+070" }, "geometry": { "type": "Point", "coordinates": [ 121.757206361572003, 25.1024056500287, 0.0 ] } },
{ "type": "Feature", "properties": { "Display": "0K+080", "River": "大內坑溪排水左岸", "Name": "大內坑溪排水左岸0K+080" }, "geometry": { "type": "Point", "coordinates": [ 121.757305426924006, 25.102406813153401, 0.0 ] } },
{ "type": "Feature", "properties": { "Display": "0K+090", "River": "大內坑溪排水左岸", "Name": "大內坑溪排水左岸0K+090" }, "geometry": { "type": "Point", "coordinates": [ 121.757401068449994, 25.102385137705301, 0.0 ] } },
{ "type": "Feature", "properties": { "Display": "0K+100", "River": "大內坑溪排水左岸", "Name": "大內坑溪排水左岸0K+100" }, "geometry": { "type": "Point", "coordinates": [ 121.757494966094001, 25.1024066123958, 0.0 ] } },
{ "type": "Feature", "properties": { "Display": "0K+110", "River": "大內坑溪排水左岸", "Name": "大內坑溪排水左岸0K+110" }, "geometry": { "type": "Point", "coordinates": [ 121.757552531453001, 25.1024769977384, 0.0 ] } },
{ "type": "Feature", "properties": { "Display": "0K+120", "River": "大內坑溪排水左岸", "Name": "大內坑溪排水左岸0K+120" }, "geometry": { "type": "Point", "coordinates": [ 121.757581031344003, 25.102563384977898, 0.0 ] } },
{ "type": "Feature", "properties": { "Display": "0K+130", "River": "大內坑溪排水左岸", "Name": "大內坑溪排水左岸0K+130" }, "geometry": { "type": "Point", "coordinates": [ 121.757600282919, 25.102647368688402, 0.0 ] } },
{ "type": "Feature", "properties": { "Display": "0K+140", "River": "大內坑溪排水左岸", "Name": "大內坑溪排水左岸0K+140" }, "geometry": { "type": "Point", "coordinates": [ 121.757586859114994, 25.102709065750702, 0.0 ] } },
{ "type": "Feature", "properties": { "Display": "0K+150", "River": "大內坑溪排水左岸", "Name": "大內坑溪排水左岸0K+150" }, "geometry": { "type": "Point", "coordinates": [ 121.757509224334996, 25.1027527793735, 0.0 ] } },
{ "type": "Feature", "properties": { "Display": "0K+160", "River": "大內坑溪排水左岸", "Name": "大內坑溪排水左岸0K+160" }, "geometry": { "type": "Point", "coordinates": [ 121.757512492074994, 25.1028430063974, 0.0 ] } },
{ "type": "Feature", "properties": { "Display": "0K+170", "River": "大內坑溪排水左岸", "Name": "大內坑溪排水左岸0K+170" }, "geometry": { "type": "Point", "coordinates": [ 121.757507438985996, 25.102932987790499, 0.0 ] } },
{ "type": "Feature", "properties": { "Display": "0K+180", "River": "大內坑溪排水左岸", "Name": "大內坑溪排水左岸0K+180" }, "geometry": { "type": "Point", "coordinates": [ 121.757506744287994, 25.103023241745799, 0.0 ] } },
{ "type": "Feature", "properties": { "Display": "0K+190", "River": "大內坑溪排水左岸", "Name": "大內坑溪排水左岸0K+190" }, "geometry": { "type": "Point", "coordinates": [ 121.757514373402998, 25.103113227465801, 0.0 ] } },
{ "type": "Feature", "properties": { "Display": "0K+200", "River": "大內坑溪排水左岸", "Name": "大內坑溪排水左岸0K+200" }, "geometry": { "type": "Point", "coordinates": [ 121.757523369514004, 25.103203131131799, 0.0 ] } },
{ "type": "Feature", "properties": { "Display": "0K+210", "River": "大內坑溪排水左岸", "Name": "大內坑溪排水左岸0K+210" }, "geometry": { "type": "Point", "coordinates": [ 121.757604975622002, 25.1032440192749, 0.0 ] } },
{ "type": "Feature", "properties": { "Display": "0K+220", "River": "大內坑溪排水左岸", "Name": "大內坑溪排水左岸0K+220" }, "geometry": { "type": "Point", "coordinates": [ 121.757693764218004, 25.1032813153242, 0.0 ] } },
{ "type": "Feature", "properties": { "Display": "0K+230", "River": "大內坑溪排水左岸", "Name": "大內坑溪排水左岸0K+230" }, "geometry": { "type": "Point", "coordinates": [ 121.757792724962002, 25.103280150962199, 0.0 ] } },
{ "type": "Feature", "properties": { "Display": "0K+240", "River": "大內坑溪排水左岸", "Name": "大內坑溪排水左岸0K+240" }, "geometry": { "type": "Point", "coordinates": [ 121.757887353537001, 25.103304274295301, 0.0 ] } },
{ "type": "Feature", "properties": { "Display": "0K+250", "River": "大內坑溪排水左岸", "Name": "大內坑溪排水左岸0K+250" }, "geometry": { "type": "Point", "coordinates": [ 121.757980956211995, 25.103333643316201, 0.0 ] } },
{ "type": "Feature", "properties": { "Display": "0K+260", "River": "大內坑溪排水左岸", "Name": "大內坑溪排水左岸0K+260" }, "geometry": { "type": "Point", "coordinates": [ 121.758060251738002, 25.103386681997701, 0.0 ] } },
{ "type": "Feature", "properties": { "Display": "0K+270", "River": "大內坑溪排水左岸", "Name": "大內坑溪排水左岸0K+270" }, "geometry": { "type": "Point", "coordinates": [ 121.758111733700005, 25.1034633850029, 0.0 ] } },
{ "type": "Feature", "properties": { "Display": "0K+280", "River": "大內坑溪排水左岸", "Name": "大內坑溪排水左岸0K+280" }, "geometry": { "type": "Point", "coordinates": [ 121.758139511058999, 25.103549878997999, 0.0 ] } },
{ "type": "Feature", "properties": { "Display": "0K+290", "River": "大內坑溪排水左岸", "Name": "大內坑溪排水左岸0K+290" }, "geometry": { "type": "Point", "coordinates": [ 121.758179480257994, 25.1036324886655, 0.0 ] } },
{ "type": "Feature", "properties": { "Display": "0K+300", "River": "大內坑溪排水左岸", "Name": "大內坑溪排水左岸0K+300" }, "geometry": { "type": "Point", "coordinates": [ 121.758216753903, 25.103716122117799, 0.0 ] } },
{ "type": "Feature", "properties": { "Display": "0K+310", "River": "大內坑溪排水左岸", "Name": "大內坑溪排水左岸0K+310" }, "geometry": { "type": "Point", "coordinates": [ 121.758257854868006, 25.103798162686299, 0.0 ] } },
{ "type": "Feature", "properties": { "Display": "0K+320", "River": "大內坑溪排水左岸", "Name": "大內坑溪排水左岸0K+320" }, "geometry": { "type": "Point", "coordinates": [ 121.758306858226007, 25.103875729745099, 0.0 ] } },
{ "type": "Feature", "properties": { "Display": "0K+330", "River": "大內坑溪排水左岸", "Name": "大內坑溪排水左岸0K+330" }, "geometry": { "type": "Point", "coordinates": [ 121.758349405505001, 25.103955800288201, 0.0 ] } },
{ "type": "Feature", "properties": { "Display": "0K+340", "River": "大內坑溪排水左岸", "Name": "大內坑溪排水左岸0K+340" }, "geometry": { "type": "Point", "coordinates": [ 121.758358249067996, 25.1040457164823, 0.0 ] } },
{ "type": "Feature", "properties": { "Display": "0K+350", "River": "大內坑溪排水左岸", "Name": "大內坑溪排水左岸0K+350" }, "geometry": { "type": "Point", "coordinates": [ 121.758367092645003, 25.104135632674499, 0.0 ] } },
{ "type": "Feature", "properties": { "Display": "0K+360", "River": "大內坑溪排水左岸", "Name": "大內坑溪排水左岸0K+360" }, "geometry": { "type": "Point", "coordinates": [ 121.758398991925006, 25.104220324209901, 0.0 ] } },
{ "type": "Feature", "properties": { "Display": "0K+370", "River": "大內坑溪排水左岸", "Name": "大內坑溪排水左岸0K+370" }, "geometry": { "type": "Point", "coordinates": [ 121.758474258375998, 25.1042759421155, 0.0 ] } },
{ "type": "Feature", "properties": { "Display": "0K+380", "River": "大內坑溪排水左岸", "Name": "大內坑溪排水左岸0K+380" }, "geometry": { "type": "Point", "coordinates": [ 121.758563605413002, 25.1043150492237, 0.0 ] } },
{ "type": "Feature", "properties": { "Display": "0K+390", "River": "大內坑溪排水左岸", "Name": "大內坑溪排水左岸0K+390" }, "geometry": { "type": "Point", "coordinates": [ 121.758655327572995, 25.104349042396201, 0.0 ] } },
{ "type": "Feature", "properties": { "Display": "0K+400", "River": "大內坑溪排水左岸", "Name": "大內坑溪排水左岸0K+400" }, "geometry": { "type": "Point", "coordinates": [ 121.758748046123998, 25.1043810126362, 0.0 ] } },
{ "type": "Feature", "properties": { "Display": "0K+410", "River": "大內坑溪排水左岸", "Name": "大內坑溪排水左岸0K+410" }, "geometry": { "type": "Point", "coordinates": [ 121.758841848247997, 25.104410249330002, 0.0 ] } },
{ "type": "Feature", "properties": { "Display": "0K+420", "River": "大內坑溪排水左岸", "Name": "大內坑溪排水左岸0K+420" }, "geometry": { "type": "Point", "coordinates": [ 121.758939678065005, 25.104424340254901, 0.0 ] } },
{ "type": "Feature", "properties": { "Display": "0K+430", "River": "大內坑溪排水左岸", "Name": "大內坑溪排水左岸0K+430" }, "geometry": { "type": "Point", "coordinates": [ 121.759035609452994, 25.104445286085099, 0.0 ] } },
{ "type": "Feature", "properties": { "Display": "0K+440", "River": "大內坑溪排水左岸", "Name": "大內坑溪排水左岸0K+440" }, "geometry": { "type": "Point", "coordinates": [ 121.759131214453006, 25.104468401658998, 0.0 ] } },
{ "type": "Feature", "properties": { "Display": "0K+450", "River": "大內坑溪排水左岸", "Name": "大內坑溪排水左岸0K+450" }, "geometry": { "type": "Point", "coordinates": [ 121.759222242115996, 25.1045040212157, 0.0 ] } },
{ "type": "Feature", "properties": { "Display": "0K+460", "River": "大內坑溪排水左岸", "Name": "大內坑溪排水左岸0K+460" }, "geometry": { "type": "Point", "coordinates": [ 121.759308942703001, 25.104547103101002, 0.0 ] } },
{ "type": "Feature", "properties": { "Display": "0K+470", "River": "大內坑溪排水左岸", "Name": "大內坑溪排水左岸0K+470" }, "geometry": { "type": "Point", "coordinates": [ 121.759391218972993, 25.1045974664362, 0.0 ] } },
{ "type": "Feature", "properties": { "Display": "0K+480", "River": "大內坑溪排水左岸", "Name": "大內坑溪排水左岸0K+480" }, "geometry": { "type": "Point", "coordinates": [ 121.759464093668001, 25.104658226629098, 0.0 ] } },
{ "type": "Feature", "properties": { "Display": "0K+490", "River": "大內坑溪排水左岸", "Name": "大內坑溪排水左岸0K+490" }, "geometry": { "type": "Point", "coordinates": [ 121.759537658235999, 25.104716822173, 0.0 ] } },
{ "type": "Feature", "properties": { "Display": "0K+500", "River": "大內坑溪排水左岸", "Name": "大內坑溪排水左岸0K+500" }, "geometry": { "type": "Point", "coordinates": [ 121.759617034125, 25.1047709157735, 0.0 ] } },
{ "type": "Feature", "properties": { "Display": "0K+510", "River": "大內坑溪排水左岸", "Name": "大內坑溪排水左岸0K+510" }, "geometry": { "type": "Point", "coordinates": [ 121.759691798090003, 25.104829557718102, 0.0 ] } },
{ "type": "Feature", "properties": { "Display": "0K+520", "River": "大內坑溪排水左岸", "Name": "大內坑溪排水左岸0K+520" }, "geometry": { "type": "Point", "coordinates": [ 121.759746092235005, 25.1049039745476, 0.0 ] } },
{ "type": "Feature", "properties": { "Display": "0K+530", "River": "大內坑溪排水左岸", "Name": "大內坑溪排水左岸0K+530" }, "geometry": { "type": "Point", "coordinates": [ 121.75978437098, 25.1049869822034, 0.0 ] } },
{ "type": "Feature", "properties": { "Display": "0K+540", "River": "大內坑溪排水左岸", "Name": "大內坑溪排水左岸0K+540" }, "geometry": { "type": "Point", "coordinates": [ 121.759805354720996, 25.105074964876401, 0.0 ] } },
{ "type": "Feature", "properties": { "Display": "0K+550", "River": "大內坑溪排水左岸", "Name": "大內坑溪排水左岸0K+550" }, "geometry": { "type": "Point", "coordinates": [ 121.759820193026997, 25.105162305792199, 0.0 ] } },
{ "type": "Feature", "properties": { "Display": "0K+560", "River": "大內坑溪排水左岸", "Name": "大內坑溪排水左岸0K+560" }, "geometry": { "type": "Point", "coordinates": [ 121.759866383160002, 25.105241846739599, 0.0 ] } },
{ "type": "Feature", "properties": { "Display": "0K+570", "River": "大內坑溪排水左岸", "Name": "大內坑溪排水左岸0K+570" }, "geometry": { "type": "Point", "coordinates": [ 121.759911659973, 25.105322013697599, 0.0 ] } },
{ "type": "Feature", "properties": { "Display": "0K+580", "River": "大內坑溪排水左岸", "Name": "大內坑溪排水左岸0K+580" }, "geometry": { "type": "Point", "coordinates": [ 121.759950802358006, 25.105404868090801, 0.0 ] } },
{ "type": "Feature", "properties": { "Display": "0K+590", "River": "大內坑溪排水左岸", "Name": "大內坑溪排水左岸0K+590" }, "geometry": { "type": "Point", "coordinates": [ 121.759987591327999, 25.1054886984133, 0.0 ] } },
{ "type": "Feature", "properties": { "Display": "0K+600", "River": "大內坑溪排水左岸", "Name": "大內坑溪排水左岸0K+600" }, "geometry": { "type": "Point", "coordinates": [ 121.760028639672001, 25.105570671742601, 0.0 ] } },
{ "type": "Feature", "properties": { "Display": "0K+610", "River": "大內坑溪排水左岸", "Name": "大內坑溪排水左岸0K+610" }, "geometry": { "type": "Point", "coordinates": [ 121.760052712877993, 25.105657921109401, 0.0 ] } },
{ "type": "Feature", "properties": { "Display": "0K+620", "River": "大內坑溪排水左岸", "Name": "大內坑溪排水左岸0K+620" }, "geometry": { "type": "Point", "coordinates": [ 121.760071806588002, 25.105746442577502, 0.0 ] } },
{ "type": "Feature", "properties": { "Display": "0K+630", "River": "大內坑溪排水左岸", "Name": "大內坑溪排水左岸0K+630" }, "geometry": { "type": "Point", "coordinates": [ 121.760086177817996, 25.105834965299099, 0.0 ] } },
{ "type": "Feature", "properties": { "Display": "0K+640", "River": "大內坑溪排水左岸", "Name": "大內坑溪排水左岸0K+640" }, "geometry": { "type": "Point", "coordinates": [ 121.760061207966004, 25.105921197682001, 0.0 ] } },
{ "type": "Feature", "properties": { "Display": "0K+650", "River": "大內坑溪排水左岸", "Name": "大內坑溪排水左岸0K+650" }, "geometry": { "type": "Point", "coordinates": [ 121.760006378872006, 25.105995183120498, 0.0 ] } },
{ "type": "Feature", "properties": { "Display": "0K+660", "River": "大內坑溪排水左岸", "Name": "大內坑溪排水左岸0K+660" }, "geometry": { "type": "Point", "coordinates": [ 121.759997001407001, 25.106084687695098, 0.0 ] } },
{ "type": "Feature", "properties": { "Display": "0K+670", "River": "大內坑溪排水左岸", "Name": "大內坑溪排水左岸0K+670" }, "geometry": { "type": "Point", "coordinates": [ 121.760037127608001, 25.106165712828499, 0.0 ] } },
{ "type": "Feature", "properties": { "Display": "0K+680", "River": "大內坑溪排水左岸", "Name": "大內坑溪排水左岸0K+680" }, "geometry": { "type": "Point", "coordinates": [ 121.760122925649995, 25.1062071930419, 0.0 ] } },
{ "type": "Feature", "properties": { "Display": "0K+690", "River": "大內坑溪排水左岸", "Name": "大內坑溪排水左岸0K+690" }, "geometry": { "type": "Point", "coordinates": [ 121.760205991901998, 25.106255172601202, 0.0 ] } },
{ "type": "Feature", "properties": { "Display": "0K+700", "River": "大內坑溪排水左岸", "Name": "大內坑溪排水左岸0K+700" }, "geometry": { "type": "Point", "coordinates": [ 121.760272639739, 25.106320376639101, 0.0 ] } },
{ "type": "Feature", "properties": { "Display": "0K+710", "River": "大內坑溪排水左岸", "Name": "大內坑溪排水左岸0K+710" }, "geometry": { "type": "Point", "coordinates": [ 121.760325103826005, 25.1063968869909, 0.0 ] } },
{ "type": "Feature", "properties": { "Display": "0K+720", "River": "大內坑溪排水左岸", "Name": "大內坑溪排水左岸0K+720" }, "geometry": { "type": "Point", "coordinates": [ 121.760378395443993, 25.106472731459299, 0.0 ] } },
{ "type": "Feature", "properties": { "Display": "0K+730", "River": "大內坑溪排水左岸", "Name": "大內坑溪排水左岸0K+730" }, "geometry": { "type": "Point", "coordinates": [ 121.760417078928, 25.106555628994901, 0.0 ] } },
{ "type": "Feature", "properties": { "Display": "0K+740", "River": "大內坑溪排水左岸", "Name": "大內坑溪排水左岸0K+740" }, "geometry": { "type": "Point", "coordinates": [ 121.760440034257996, 25.106643297110502, 0.0 ] } },
{ "type": "Feature", "properties": { "Display": "0K+750", "River": "大內坑溪排水左岸", "Name": "大內坑溪排水左岸0K+750" }, "geometry": { "type": "Point", "coordinates": [ 121.760445884793995, 25.106733415777299, 0.0 ] } },
{ "type": "Feature", "properties": { "Display": "0K+760", "River": "大內坑溪排水左岸", "Name": "大內坑溪排水左岸0K+760" }, "geometry": { "type": "Point", "coordinates": [ 121.760429352334, 25.106822023973201, 0.0 ] } },
{ "type": "Feature", "properties": { "Display": "0K+770", "River": "大內坑溪排水左岸", "Name": "大內坑溪排水左岸0K+770" }, "geometry": { "type": "Point", "coordinates": [ 121.760389632731005, 25.1069046299415, 0.0 ] } },
{ "type": "Feature", "properties": { "Display": "0K+780", "River": "大內坑溪排水左岸", "Name": "大內坑溪排水左岸0K+780" }, "geometry": { "type": "Point", "coordinates": [ 121.760362554677997, 25.106989860807701, 0.0 ] } },
{ "type": "Feature", "properties": { "Display": "0K+790", "River": "大內坑溪排水左岸", "Name": "大內坑溪排水左岸0K+790" }, "geometry": { "type": "Point", "coordinates": [ 121.760360305524998, 25.107075131854199, 0.0 ] } },
{ "type": "Feature", "properties": { "Display": "0K+800", "River": "大內坑溪排水左岸", "Name": "大內坑溪排水左岸0K+800" }, "geometry": { "type": "Point", "coordinates": [ 121.760381993262996, 25.107163213379401, 0.0 ] } },
{ "type": "Feature", "properties": { "Display": "0K+810", "River": "大內坑溪排水左岸", "Name": "大內坑溪排水左岸0K+810" }, "geometry": { "type": "Point", "coordinates": [ 121.760404754850995, 25.1072510781677, 0.0 ] } },
{ "type": "Feature", "properties": { "Display": "0K+820", "River": "大內坑溪排水左岸", "Name": "大內坑溪排水左岸0K+820" }, "geometry": { "type": "Point", "coordinates": [ 121.760417297044, 25.107340265962701, 0.0 ] } },
{ "type": "Feature", "properties": { "Display": "0K+830", "River": "大內坑溪排水左岸", "Name": "大內坑溪排水左岸0K+830" }, "geometry": { "type": "Point", "coordinates": [ 121.760443246953002, 25.1074259721772, 0.0 ] } },
{ "type": "Feature", "properties": { "Display": "0K+840", "River": "大內坑溪排水左岸", "Name": "大內坑溪排水左岸0K+840" }, "geometry": { "type": "Point", "coordinates": [ 121.760475401099001, 25.1075108629434, 0.0 ] } },
{ "type": "Feature", "properties": { "Display": "0K+850", "River": "大內坑溪排水左岸", "Name": "大內坑溪排水左岸0K+850" }, "geometry": { "type": "Point", "coordinates": [ 121.760492277338003, 25.1075998075267, 0.0 ] } },
{ "type": "Feature", "properties": { "Display": "0K+860", "River": "大內坑溪排水左岸", "Name": "大內坑溪排水左岸0K+860" }, "geometry": { "type": "Point", "coordinates": [ 121.760484384896003, 25.107689166412001, 0.0 ] } },
{ "type": "Feature", "properties": { "Display": "0K+870", "River": "大內坑溪排水左岸", "Name": "大內坑溪排水左岸0K+870" }, "geometry": { "type": "Point", "coordinates": [ 121.760471271463004, 25.1077786492929, 0.0 ] } },
{ "type": "Feature", "properties": { "Display": "0K+880", "River": "大內坑溪排水左岸", "Name": "大內坑溪排水左岸0K+880" }, "geometry": { "type": "Point", "coordinates": [ 121.760484548931004, 25.107868065136099, 0.0 ] } },
{ "type": "Feature", "properties": { "Display": "0K+890", "River": "大內坑溪排水左岸", "Name": "大內坑溪排水左岸0K+890" }, "geometry": { "type": "Point", "coordinates": [ 121.760531199197999, 25.107945753163499, 0.0 ] } },
{ "type": "Feature", "properties": { "Display": "0K+900", "River": "大內坑溪排水左岸", "Name": "大內坑溪排水左岸0K+900" }, "geometry": { "type": "Point", "coordinates": [ 121.760590192338, 25.1080183030471, 0.0 ] } },
{ "type": "Feature", "properties": { "Display": "0K+910", "River": "大內坑溪排水左岸", "Name": "大內坑溪排水左岸0K+910" }, "geometry": { "type": "Point", "coordinates": [ 121.760647622985005, 25.108091813226899, 0.0 ] } },
{ "type": "Feature", "properties": { "Display": "0K+920", "River": "大內坑溪排水左岸", "Name": "大內坑溪排水左岸0K+920" }, "geometry": { "type": "Point", "coordinates": [ 121.760705076660003, 25.108165301061501, 0.0 ] } },
{ "type": "Feature", "properties": { "Display": "0K+930", "River": "大內坑溪排水左岸", "Name": "大內坑溪排水左岸0K+930" }, "geometry": { "type": "Point", "coordinates": [ 121.760751155904998, 25.1082447089684, 0.0 ] } },
{ "type": "Feature", "properties": { "Display": "0K+940", "River": "大內坑溪排水左岸", "Name": "大內坑溪排水左岸0K+940" }, "geometry": { "type": "Point", "coordinates": [ 121.760779106940006, 25.108331002643801, 0.0 ] } },
{ "type": "Feature", "properties": { "Display": "0K+950", "River": "大內坑溪排水左岸", "Name": "大內坑溪排水左岸0K+950" }, "geometry": { "type": "Point", "coordinates": [ 121.760796057513005, 25.108419946655498, 0.0 ] } },
{ "type": "Feature", "properties": { "Display": "0K+960", "River": "大內坑溪排水左岸", "Name": "大內坑溪排水左岸0K+960" }, "geometry": { "type": "Point", "coordinates": [ 121.760793657839002, 25.1085092439377, 0.0 ] } },
{ "type": "Feature", "properties": { "Display": "0K+970", "River": "大內坑溪排水左岸", "Name": "大內坑溪排水左岸0K+970" }, "geometry": { "type": "Point", "coordinates": [ 121.760807377649002, 25.108596673131899, 0.0 ] } },
{ "type": "Feature", "properties": { "Display": "0K+980", "River": "大內坑溪排水左岸", "Name": "大內坑溪排水左岸0K+980" }, "geometry": { "type": "Point", "coordinates": [ 121.760793207809002, 25.108686022394501, 0.0 ] } },
{ "type": "Feature", "properties": { "Display": "0K+990", "River": "大內坑溪排水左岸", "Name": "大內坑溪排水左岸0K+990" }, "geometry": { "type": "Point", "coordinates": [ 121.760776636884998, 25.108774983554198, 0.0 ] } },
{ "type": "Feature", "properties": { "Display": "1K+000", "River": "大內坑溪排水左岸", "Name": "大內坑溪排水左岸1K+000" }, "geometry": { "type": "Point", "coordinates": [ 121.760756164054996, 25.108863314022699, 0.0 ] } },
{ "type": "Feature", "properties": { "Display": "1K+010", "River": "大內坑溪排水左岸", "Name": "大內坑溪排水左岸1K+010" }, "geometry": { "type": "Point", "coordinates": [ 121.760722634036995, 25.108947596633701, 0.0 ] } },
{ "type": "Feature", "properties": { "Display": "1K+020", "River": "大內坑溪排水左岸", "Name": "大內坑溪排水左岸1K+020" }, "geometry": { "type": "Point", "coordinates": [ 121.760655020837007, 25.109008848466001, 0.0 ] } },
{ "type": "Feature", "properties": { "Display": "1K+030", "River": "大內坑溪排水左岸", "Name": "大內坑溪排水左岸1K+030" }, "geometry": { "type": "Point", "coordinates": [ 121.760561993284995, 25.109038459479301, 0.0 ] } },
{ "type": "Feature", "properties": { "Display": "1K+040", "River": "大內坑溪排水左岸", "Name": "大內坑溪排水左岸1K+040" }, "geometry": { "type": "Point", "coordinates": [ 121.760464197543996, 25.109049392445399, 0.0 ] } },
{ "type": "Feature", "properties": { "Display": "1K+050", "River": "大內坑溪排水左岸", "Name": "大內坑溪排水左岸1K+050" }, "geometry": { "type": "Point", "coordinates": [ 121.760365613504007, 25.109040009395699, 0.0 ] } },
{ "type": "Feature", "properties": { "Display": "1K+060", "River": "大內坑溪排水左岸", "Name": "大內坑溪排水左岸1K+060" }, "geometry": { "type": "Point", "coordinates": [ 121.760269675971003, 25.1090525847024, 0.0 ] } },
{ "type": "Feature", "properties": { "Display": "1K+070", "River": "大內坑溪排水左岸", "Name": "大內坑溪排水左岸1K+070" }, "geometry": { "type": "Point", "coordinates": [ 121.760185088417003, 25.109098146851998, 0.0 ] } },
{ "type": "Feature", "properties": { "Display": "1K+080", "River": "大內坑溪排水左岸", "Name": "大內坑溪排水左岸1K+080" }, "geometry": { "type": "Point", "coordinates": [ 121.760116224832998, 25.109162945290699, 0.0 ] } },
{ "type": "Feature", "properties": { "Display": "1K+090", "River": "大內坑溪排水左岸", "Name": "大內坑溪排水左岸1K+090" }, "geometry": { "type": "Point", "coordinates": [ 121.760056772710996, 25.109235124848801, 0.0 ] } },
{ "type": "Feature", "properties": { "Display": "1K+100", "River": "大內坑溪排水左岸", "Name": "大內坑溪排水左岸1K+100" }, "geometry": { "type": "Point", "coordinates": [ 121.760008661282001, 25.1093140603477, 0.0 ] } },
{ "type": "Feature", "properties": { "Display": "1K+110", "River": "大內坑溪排水左岸", "Name": "大內坑溪排水左岸1K+110" }, "geometry": { "type": "Point", "coordinates": [ 121.759959921537998, 25.109392670945301, 0.0 ] } },
{ "type": "Feature", "properties": { "Display": "1K+120", "River": "大內坑溪排水左岸", "Name": "大內坑溪排水左岸1K+120" }, "geometry": { "type": "Point", "coordinates": [ 121.759920539033999, 25.1094746919015, 0.0 ] } },
{ "type": "Feature", "properties": { "Display": "1K+130", "River": "大內坑溪排水左岸", "Name": "大內坑溪排水左岸1K+130" }, "geometry": { "type": "Point", "coordinates": [ 121.759902424017994, 25.109563438815002, 0.0 ] } },
{ "type": "Feature", "properties": { "Display": "1K+140", "River": "大內坑溪排水左岸", "Name": "大內坑溪排水左岸1K+140" }, "geometry": { "type": "Point", "coordinates": [ 121.759928760034995, 25.109644607054499, 0.0 ] } },
{ "type": "Feature", "properties": { "Display": "1K+150", "River": "大內坑溪排水左岸", "Name": "大內坑溪排水左岸1K+150" }, "geometry": { "type": "Point", "coordinates": [ 121.760003222034996, 25.1097041554866, 0.0 ] } },
{ "type": "Feature", "properties": { "Display": "1K+160", "River": "大內坑溪排水左岸", "Name": "大內坑溪排水左岸1K+160" }, "geometry": { "type": "Point", "coordinates": [ 121.760078537696998, 25.109762868550899, 0.0 ] } },
{ "type": "Feature", "properties": { "Display": "1K+170", "River": "大內坑溪排水左岸", "Name": "大內坑溪排水左岸1K+170" }, "geometry": { "type": "Point", "coordinates": [ 121.760153853429998, 25.109821581574799, 0.0 ] } },
{ "type": "Feature", "properties": { "Display": "1K+180", "River": "大內坑溪排水左岸", "Name": "大內坑溪排水左岸1K+180" }, "geometry": { "type": "Point", "coordinates": [ 121.760230138530005, 25.109879215981898, 0.0 ] } },
{ "type": "Feature", "properties": { "Display": "1K+190", "River": "大內坑溪排水左岸", "Name": "大內坑溪排水左岸1K+190" }, "geometry": { "type": "Point", "coordinates": [ 121.760290802243006, 25.1099473822213, 0.0 ] } },
{ "type": "Feature", "properties": { "Display": "1K+200", "River": "大內坑溪排水左岸", "Name": "大內坑溪排水左岸1K+200" }, "geometry": { "type": "Point", "coordinates": [ 121.760329416396004, 25.110030521893901, 0.0 ] } },
{ "type": "Feature", "properties": { "Display": "1K+210", "River": "大內坑溪排水左岸", "Name": "大內坑溪排水左岸1K+210" }, "geometry": { "type": "Point", "coordinates": [ 121.760364399221004, 25.110114750178099, 0.0 ] } },
{ "type": "Feature", "properties": { "Display": "1K+220", "River": "大內坑溪排水左岸", "Name": "大內坑溪排水左岸1K+220" }, "geometry": { "type": "Point", "coordinates": [ 121.760379916280996, 25.110203833561801, 0.0 ] } },
{ "type": "Feature", "properties": { "Display": "1K+230", "River": "大內坑溪排水左岸", "Name": "大內坑溪排水左岸1K+230" }, "geometry": { "type": "Point", "coordinates": [ 121.760368758729996, 25.110293529100399, 0.0 ] } },
{ "type": "Feature", "properties": { "Display": "1K+240", "River": "大內坑溪排水左岸", "Name": "大內坑溪排水左岸1K+240" }, "geometry": { "type": "Point", "coordinates": [ 121.760357646809993, 25.1103831610139, 0.0 ] } },
{ "type": "Feature", "properties": { "Display": "1K+250", "River": "大內坑溪排水左岸", "Name": "大內坑溪排水左岸1K+250" }, "geometry": { "type": "Point", "coordinates": [ 121.760349959690998, 25.1104730780003, 0.0 ] } },
{ "type": "Feature", "properties": { "Display": "1K+260", "River": "大內坑溪排水左岸", "Name": "大內坑溪排水左岸1K+260" }, "geometry": { "type": "Point", "coordinates": [ 121.760334319934003, 25.110562223770899, 0.0 ] } },
{ "type": "Feature", "properties": { "Display": "1K+270", "River": "大內坑溪排水左岸", "Name": "大內坑溪排水左岸1K+270" }, "geometry": { "type": "Point", "coordinates": [ 121.760333826860006, 25.110652216107599, 0.0 ] } },
{ "type": "Feature", "properties": { "Display": "1K+280", "River": "大內坑溪排水左岸", "Name": "大內坑溪排水左岸1K+280" }, "geometry": { "type": "Point", "coordinates": [ 121.760343276114995, 25.110741345199099, 0.0 ] } },
{ "type": "Feature", "properties": { "Display": "1K+290", "River": "大內坑溪排水左岸", "Name": "大內坑溪排水左岸1K+290" }, "geometry": { "type": "Point", "coordinates": [ 121.760378585564993, 25.110825702684899, 0.0 ] } },
{ "type": "Feature", "properties": { "Display": "1K+300", "River": "大內坑溪排水左岸", "Name": "大內坑溪排水左岸1K+300" }, "geometry": { "type": "Point", "coordinates": [ 121.760428884453006, 25.110902663904799, 0.0 ] } },
{ "type": "Feature", "properties": { "Display": "1K+310", "River": "大內坑溪排水左岸", "Name": "大內坑溪排水左岸1K+310" }, "geometry": { "type": "Point", "coordinates": [ 121.760485830657998, 25.110976563584199, 0.0 ] } },
{ "type": "Feature", "properties": { "Display": "1K+320", "River": "大內坑溪排水左岸", "Name": "大內坑溪排水左岸1K+320" }, "geometry": { "type": "Point", "coordinates": [ 121.760541387740005, 25.1110513324696, 0.0 ] } },
{ "type": "Feature", "properties": { "Display": "1K+330", "River": "大內坑溪排水左岸", "Name": "大內坑溪排水左岸1K+330" }, "geometry": { "type": "Point", "coordinates": [ 121.760598371780006, 25.111125187024399, 0.0 ] } },
{ "type": "Feature", "properties": { "Display": "1K+340", "River": "大內坑溪排水左岸", "Name": "大內坑溪排水左岸1K+340" }, "geometry": { "type": "Point", "coordinates": [ 121.760660555510995, 25.1111953110751, 0.0 ] } },
{ "type": "Feature", "properties": { "Display": "1K+350", "River": "大內坑溪排水左岸", "Name": "大內坑溪排水左岸1K+350" }, "geometry": { "type": "Point", "coordinates": [ 121.760728027246003, 25.111261460954999, 0.0 ] } },
{ "type": "Feature", "properties": { "Display": "1K+360", "River": "大內坑溪排水左岸", "Name": "大內坑溪排水左岸1K+360" }, "geometry": { "type": "Point", "coordinates": [ 121.760776892416004, 25.1113398130815, 0.0 ] } },
{ "type": "Feature", "properties": { "Display": "1K+370", "River": "大內坑溪排水左岸", "Name": "大內坑溪排水左岸1K+370" }, "geometry": { "type": "Point", "coordinates": [ 121.760802692728006, 25.111426131265301, 0.0 ] } },
{ "type": "Feature", "properties": { "Display": "1K+380", "River": "大內坑溪排水左岸", "Name": "大內坑溪排水左岸1K+380" }, "geometry": { "type": "Point", "coordinates": [ 121.760796565194994, 25.111516102752301, 0.0 ] } },
{ "type": "Feature", "properties": { "Display": "1K+390", "River": "大內坑溪排水左岸", "Name": "大內坑溪排水左岸1K+390" }, "geometry": { "type": "Point", "coordinates": [ 121.760782957260005, 25.1116055244031, 0.0 ] } },
{ "type": "Feature", "properties": { "Display": "1K+400", "River": "大內坑溪排水左岸", "Name": "大內坑溪排水左岸1K+400" }, "geometry": { "type": "Point", "coordinates": [ 121.760769349306003, 25.111694946052001, 0.0 ] } },
{ "type": "Feature", "properties": { "Display": "1K+410", "River": "大內坑溪排水左岸", "Name": "大內坑溪排水左岸1K+410" }, "geometry": { "type": "Point", "coordinates": [ 121.760747521973002, 25.111782920397498, 0.0 ] } },
{ "type": "Feature", "properties": { "Display": "1K+420", "River": "大內坑溪排水左岸", "Name": "大內坑溪排水左岸1K+420" }, "geometry": { "type": "Point", "coordinates": [ 121.760723530169997, 25.111870513615099, 0.0 ] } },
{ "type": "Feature", "properties": { "Display": "1K+430", "River": "大內坑溪排水左岸", "Name": "大內坑溪排水左岸1K+430" }, "geometry": { "type": "Point", "coordinates": [ 121.760699688640003, 25.111958140635899, 0.0 ] } },
{ "type": "Feature", "properties": { "Display": "1K+440", "River": "大內坑溪排水左岸", "Name": "大內坑溪排水左岸1K+440" }, "geometry": { "type": "Point", "coordinates": [ 121.760674736165996, 25.1120454501573, 0.0 ] } },
{ "type": "Feature", "properties": { "Display": "1K+450", "River": "大內坑溪排水左岸", "Name": "大內坑溪排水左岸1K+450" }, "geometry": { "type": "Point", "coordinates": [ 121.760645154781002, 25.1121315387593, 0.0 ] } },
{ "type": "Feature", "properties": { "Display": "1K+460", "River": "大內坑溪排水左岸", "Name": "大內坑溪排水左岸1K+460" }, "geometry": { "type": "Point", "coordinates": [ 121.760619291081994, 25.112218689263099, 0.0 ] } },
{ "type": "Feature", "properties": { "Display": "1K+470", "River": "大內坑溪排水左岸", "Name": "大內坑溪排水左岸1K+470" }, "geometry": { "type": "Point", "coordinates": [ 121.760594665124003, 25.112306129023601, 0.0 ] } },
{ "type": "Feature", "properties": { "Display": "1K+480", "River": "大內坑溪排水左岸", "Name": "大內坑溪排水左岸1K+480" }, "geometry": { "type": "Point", "coordinates": [ 121.760571232003002, 25.112393847546901, 0.0 ] } },
{ "type": "Feature", "properties": { "Display": "1K+490", "River": "大內坑溪排水左岸", "Name": "大內坑溪排水左岸1K+490" }, "geometry": { "type": "Point", "coordinates": [ 121.760559210747004, 25.112482785492698, 0.0 ] } },
{ "type": "Feature", "properties": { "Display": "1K+500", "River": "大內坑溪排水左岸", "Name": "大內坑溪排水左岸1K+500" }, "geometry": { "type": "Point", "coordinates": [ 121.760559700347002, 25.112573060294, 0.0 ] } },
{ "type": "Feature", "properties": { "Display": "1K+510", "River": "大內坑溪排水左岸", "Name": "大內坑溪排水左岸1K+510" }, "geometry": { "type": "Point", "coordinates": [ 121.760561361832998, 25.112663140018199, 0.0 ] } },
{ "type": "Feature", "properties": { "Display": "1K+520", "River": "大內坑溪排水左岸", "Name": "大內坑溪排水左岸1K+520" }, "geometry": { "type": "Point", "coordinates": [ 121.760595986945006, 25.112747732494, 0.0 ] } },
{ "type": "Feature", "properties": { "Display": "1K+530", "River": "大內坑溪排水左岸", "Name": "大內坑溪排水左岸1K+530" }, "geometry": { "type": "Point", "coordinates": [ 121.760630612106993, 25.112832324959601, 0.0 ] } },
{ "type": "Feature", "properties": { "Display": "1K+540", "River": "大內坑溪排水左岸", "Name": "大內坑溪排水左岸1K+540" }, "geometry": { "type": "Point", "coordinates": [ 121.760665237316999, 25.112916917415099, 0.0 ] } },
{ "type": "Feature", "properties": { "Display": "1K+550", "River": "大內坑溪排水左岸", "Name": "大內坑溪排水左岸1K+550" }, "geometry": { "type": "Point", "coordinates": [ 121.760699862576999, 25.1130015098604, 0.0 ] } },
{ "type": "Feature", "properties": { "Display": "1K+560", "River": "大內坑溪排水左岸", "Name": "大內坑溪排水左岸1K+560" }, "geometry": { "type": "Point", "coordinates": [ 121.760736359760003, 25.11308531756, 0.0 ] } },
{ "type": "Feature", "properties": { "Display": "1K+570", "River": "大內坑溪排水左岸", "Name": "大內坑溪排水左岸1K+570" }, "geometry": { "type": "Point", "coordinates": [ 121.760801210324004, 25.113152764716901, 0.0 ] } },
{ "type": "Feature", "properties": { "Display": "1K+580", "River": "大內坑溪排水左岸", "Name": "大內坑溪排水左岸1K+580" }, "geometry": { "type": "Point", "coordinates": [ 121.760879289075007, 25.1132082272023, 0.0 ] } },
{ "type": "Feature", "properties": { "Display": "1K+590", "River": "大內坑溪排水左岸", "Name": "大內坑溪排水左岸1K+590" }, "geometry": { "type": "Point", "coordinates": [ 121.760970621876993, 25.1132419571152, 0.0 ] } },
{ "type": "Feature", "properties": { "Display": "1K+600", "River": "大內坑溪排水左岸", "Name": "大內坑溪排水左岸1K+600" }, "geometry": { "type": "Point", "coordinates": [ 121.761046480027005, 25.113294964303702, 0.0 ] } },
{ "type": "Feature", "properties": { "Display": "1K+610", "River": "大內坑溪排水左岸", "Name": "大內坑溪排水左岸1K+610" }, "geometry": { "type": "Point", "coordinates": [ 121.761086687255002, 25.113377455922901, 0.0 ] } },
{ "type": "Feature", "properties": { "Display": "1K+620", "River": "大內坑溪排水左岸", "Name": "大內坑溪排水左岸1K+620" }, "geometry": { "type": "Point", "coordinates": [ 121.761123210595997, 25.1134613765967, 0.0 ] } },
{ "type": "Feature", "properties": { "Display": "1K+630", "River": "大內坑溪排水左岸", "Name": "大內坑溪排水左岸1K+630" }, "geometry": { "type": "Point", "coordinates": [ 121.761173220805006, 25.113538905377599, 0.0 ] } },
{ "type": "Feature", "properties": { "Display": "1K+640", "River": "大內坑溪排水左岸", "Name": "大內坑溪排水左岸1K+640" }, "geometry": { "type": "Point", "coordinates": [ 121.761229145173004, 25.1136134476167, 0.0 ] } },
{ "type": "Feature", "properties": { "Display": "1K+650", "River": "大內坑溪排水左岸", "Name": "大內坑溪排水左岸1K+650" }, "geometry": { "type": "Point", "coordinates": [ 121.761258324794994, 25.113698920847298, 0.0 ] } },
{ "type": "Feature", "properties": { "Display": "1K+660", "River": "大內坑溪排水左岸", "Name": "大內坑溪排水左岸1K+660" }, "geometry": { "type": "Point", "coordinates": [ 121.761275494242, 25.113787771673099, 0.0 ] } },
{ "type": "Feature", "properties": { "Display": "1K+670", "River": "大內坑溪排水左岸", "Name": "大內坑溪排水左岸1K+670" }, "geometry": { "type": "Point", "coordinates": [ 121.761295443029994, 25.113876201574101, 0.0 ] } },
{ "type": "Feature", "properties": { "Display": "1K+680", "River": "大內坑溪排水左岸", "Name": "大內坑溪排水左岸1K+680" }, "geometry": { "type": "Point", "coordinates": [ 121.761319074484007, 25.113963521765399, 0.0 ] } },
{ "type": "Feature", "properties": { "Display": "1K+690", "River": "大內坑溪排水左岸", "Name": "大內坑溪排水左岸1K+690" }, "geometry": { "type": "Point", "coordinates": [ 121.761382128777001, 25.1140321500983, 0.0 ] } },
{ "type": "Feature", "properties": { "Display": "1K+700", "River": "大內坑溪排水左岸", "Name": "大內坑溪排水左岸1K+700" }, "geometry": { "type": "Point", "coordinates": [ 121.761422145626, 25.114114664802599, 0.0 ] } },
{ "type": "Feature", "properties": { "Display": "1K+710", "River": "大內坑溪排水左岸", "Name": "大內坑溪排水左岸1K+710" }, "geometry": { "type": "Point", "coordinates": [ 121.761433907332005, 25.1142037793757, 0.0 ] } },
{ "type": "Feature", "properties": { "Display": "1K+720", "River": "大內坑溪排水左岸", "Name": "大內坑溪排水左岸1K+720" }, "geometry": { "type": "Point", "coordinates": [ 121.761455503803006, 25.1142913166452, 0.0 ] } },
{ "type": "Feature", "properties": { "Display": "1K+730", "River": "大內坑溪排水左岸", "Name": "大內坑溪排水左岸1K+730" }, "geometry": { "type": "Point", "coordinates": [ 121.761438585372005, 25.1143793691616, 0.0 ] } },
{ "type": "Feature", "properties": { "Display": "1K+740", "River": "大內坑溪排水左岸", "Name": "大內坑溪排水左岸1K+740" }, "geometry": { "type": "Point", "coordinates": [ 121.761396013009005, 25.114460594816801, 0.0 ] } },
{ "type": "Feature", "properties": { "Display": "1K+750", "River": "大內坑溪排水左岸", "Name": "大內坑溪排水左岸1K+750" }, "geometry": { "type": "Point", "coordinates": [ 121.761355329954995, 25.114542915738198, 0.0 ] } },
{ "type": "Feature", "properties": { "Display": "1K+760", "River": "大內坑溪排水左岸", "Name": "大內坑溪排水左岸1K+760" }, "geometry": { "type": "Point", "coordinates": [ 121.761290846074004, 25.1146088728139, 0.0 ] } },
{ "type": "Feature", "properties": { "Display": "1K+770", "River": "大內坑溪排水左岸", "Name": "大內坑溪排水左岸1K+770" }, "geometry": { "type": "Point", "coordinates": [ 121.761204529710994, 25.114652492271901, 0.0 ] } },
{ "type": "Feature", "properties": { "Display": "1K+780", "River": "大內坑溪排水左岸", "Name": "大內坑溪排水左岸1K+780" }, "geometry": { "type": "Point", "coordinates": [ 121.761132075125005, 25.1147077855513, 0.0 ] } },
{ "type": "Feature", "properties": { "Display": "1K+790", "River": "大內坑溪排水左岸", "Name": "大內坑溪排水左岸1K+790" }, "geometry": { "type": "Point", "coordinates": [ 121.761085462416005, 25.1147871711891, 0.0 ] } },
{ "type": "Feature", "properties": { "Display": "1K+800", "River": "大內坑溪排水左岸", "Name": "大內坑溪排水左岸1K+800" }, "geometry": { "type": "Point", "coordinates": [ 121.761071527886003, 25.114869473415901, 0.0 ] } },
{ "type": "Feature", "properties": { "Display": "1K+810", "River": "大內坑溪排水左岸", "Name": "大內坑溪排水左岸1K+810" }, "geometry": { "type": "Point", "coordinates": [ 121.761085901545997, 25.1149568224807, 0.0 ] } },
{ "type": "Feature", "properties": { "Display": "1K+820", "River": "大內坑溪排水左岸", "Name": "大內坑溪排水左岸1K+820" }, "geometry": { "type": "Point", "coordinates": [ 121.761124109383005, 25.115039208471401, 0.0 ] } },
{ "type": "Feature", "properties": { "Display": "1K+830", "River": "大內坑溪排水左岸", "Name": "大內坑溪排水左岸1K+830" }, "geometry": { "type": "Point", "coordinates": [ 121.761160060774003, 25.115123246829899, 0.0 ] } },
{ "type": "Feature", "properties": { "Display": "1K+840", "River": "大內坑溪排水左岸", "Name": "大內坑溪排水左岸1K+840" }, "geometry": { "type": "Point", "coordinates": [ 121.761191865461001, 25.115208743318, 0.0 ] } },
{ "type": "Feature", "properties": { "Display": "1K+850", "River": "大內坑溪排水左岸", "Name": "大內坑溪排水左岸1K+850" }, "geometry": { "type": "Point", "coordinates": [ 121.761224293005, 25.115294045950002, 0.0 ] } },
{ "type": "Feature", "properties": { "Display": "1K+860", "River": "大內坑溪排水左岸", "Name": "大內坑溪排水左岸1K+860" }, "geometry": { "type": "Point", "coordinates": [ 121.761244712323006, 25.115379336302698, 0.0 ] } },
{ "type": "Feature", "properties": { "Display": "0K+000", "River": "深澳坑溪排水右岸", "Name": "深澳坑溪排水右岸0K+000" }, "geometry": { "type": "Point", "coordinates": [ 121.794975485433, 25.1128494375067, 0.0 ] } },
{ "type": "Feature", "properties": { "Display": "0K+010", "River": "深澳坑溪排水右岸", "Name": "深澳坑溪排水右岸0K+010" }, "geometry": { "type": "Point", "coordinates": [ 121.795034309960997, 25.112922108891599, 0.0 ] } },
{ "type": "Feature", "properties": { "Display": "0K+020", "River": "深澳坑溪排水右岸", "Name": "深澳坑溪排水右岸0K+020" }, "geometry": { "type": "Point", "coordinates": [ 121.795093940756999, 25.112994228178199, 0.0 ] } },
{ "type": "Feature", "properties": { "Display": "0K+030", "River": "深澳坑溪排水右岸", "Name": "深澳坑溪排水右岸0K+030" }, "geometry": { "type": "Point", "coordinates": [ 121.795153197931995, 25.113066578201, 0.0 ] } },
{ "type": "Feature", "properties": { "Display": "0K+040", "River": "深澳坑溪排水右岸", "Name": "深澳坑溪排水右岸0K+040" }, "geometry": { "type": "Point", "coordinates": [ 121.795211422397003, 25.113139601794799, 0.0 ] } },
{ "type": "Feature", "properties": { "Display": "0K+050", "River": "深澳坑溪排水右岸", "Name": "深澳坑溪排水右岸0K+050" }, "geometry": { "type": "Point", "coordinates": [ 121.795267607396994, 25.1132139843576, 0.0 ] } },
{ "type": "Feature", "properties": { "Display": "0K+060", "River": "深澳坑溪排水右岸", "Name": "深澳坑溪排水右岸0K+060" }, "geometry": { "type": "Point", "coordinates": [ 121.795331920072002, 25.113282501503999, 0.0 ] } },
{ "type": "Feature", "properties": { "Display": "0K+070", "River": "深澳坑溪排水右岸", "Name": "深澳坑溪排水右岸0K+070" }, "geometry": { "type": "Point", "coordinates": [ 121.795398651613993, 25.113349271085902, 0.0 ] } },
{ "type": "Feature", "properties": { "Display": "0K+080", "River": "深澳坑溪排水右岸", "Name": "深澳坑溪排水右岸0K+080" }, "geometry": { "type": "Point", "coordinates": [ 121.795459509213003, 25.113420136073199, 0.0 ] } },
{ "type": "Feature", "properties": { "Display": "0K+090", "River": "深澳坑溪排水右岸", "Name": "深澳坑溪排水右岸0K+090" }, "geometry": { "type": "Point", "coordinates": [ 121.795508424979005, 25.113498657761198, 0.0 ] } },
{ "type": "Feature", "properties": { "Display": "0K+100", "River": "深澳坑溪排水右岸", "Name": "深澳坑溪排水右岸0K+100" }, "geometry": { "type": "Point", "coordinates": [ 121.795563234981998, 25.113573807511901, 0.0 ] } },
{ "type": "Feature", "properties": { "Display": "0K+110", "River": "深澳坑溪排水右岸", "Name": "深澳坑溪排水右岸0K+110" }, "geometry": { "type": "Point", "coordinates": [ 121.795622378594999, 25.113646041999701, 0.0 ] } },
{ "type": "Feature", "properties": { "Display": "0K+120", "River": "深澳坑溪排水右岸", "Name": "深澳坑溪排水右岸0K+120" }, "geometry": { "type": "Point", "coordinates": [ 121.795683134650005, 25.1137173594636, 0.0 ] } },
{ "type": "Feature", "properties": { "Display": "0K+130", "River": "深澳坑溪排水右岸", "Name": "深澳坑溪排水右岸0K+130" }, "geometry": { "type": "Point", "coordinates": [ 121.795759880036002, 25.1137710411424, 0.0 ] } },
{ "type": "Feature", "properties": { "Display": "0K+140", "River": "深澳坑溪排水右岸", "Name": "深澳坑溪排水右岸0K+140" }, "geometry": { "type": "Point", "coordinates": [ 121.795855709991002, 25.113794008036901, 0.0 ] } },
{ "type": "Feature", "properties": { "Display": "0K+150", "River": "深澳坑溪排水右岸", "Name": "深澳坑溪排水右岸0K+150" }, "geometry": { "type": "Point", "coordinates": [ 121.795953696165, 25.113807679839098, 0.0 ] } },
{ "type": "Feature", "properties": { "Display": "0K+160", "River": "深澳坑溪排水右岸", "Name": "深澳坑溪排水右岸0K+160" }, "geometry": { "type": "Point", "coordinates": [ 121.796052675463997, 25.113812978694298, 0.0 ] } },
{ "type": "Feature", "properties": { "Display": "0K+170", "River": "深澳坑溪排水右岸", "Name": "深澳坑溪排水右岸0K+170" }, "geometry": { "type": "Point", "coordinates": [ 121.796151778104004, 25.113814689970098, 0.0 ] } },
{ "type": "Feature", "properties": { "Display": "0K+180", "River": "深澳坑溪排水右岸", "Name": "深澳坑溪排水右岸0K+180" }, "geometry": { "type": "Point", "coordinates": [ 121.796250919765995, 25.113814256373399, 0.0 ] } },
{ "type": "Feature", "properties": { "Display": "0K+190", "River": "深澳坑溪排水右岸", "Name": "深澳坑溪排水右岸0K+190" }, "geometry": { "type": "Point", "coordinates": [ 121.796349953570996, 25.113809842307699, 0.0 ] } },
{ "type": "Feature", "properties": { "Display": "0K+200", "River": "深澳坑溪排水右岸", "Name": "深澳坑溪排水右岸0K+200" }, "geometry": { "type": "Point", "coordinates": [ 121.796448901942, 25.1138042310629, 0.0 ] } },
{ "type": "Feature", "properties": { "Display": "0K+210", "River": "深澳坑溪排水右岸", "Name": "深澳坑溪排水右岸0K+210" }, "geometry": { "type": "Point", "coordinates": [ 121.796548030319002, 25.113802244329101, 0.0 ] } },
{ "type": "Feature", "properties": { "Display": "0K+220", "River": "深澳坑溪排水右岸", "Name": "深澳坑溪排水右岸0K+220" }, "geometry": { "type": "Point", "coordinates": [ 121.796644934751995, 25.113815192433499, 0.0 ] } },
{ "type": "Feature", "properties": { "Display": "0K+230", "River": "深澳坑溪排水右岸", "Name": "深澳坑溪排水右岸0K+230" }, "geometry": { "type": "Point", "coordinates": [ 121.796733033208, 25.113854891986101, 0.0 ] } },
{ "type": "Feature", "properties": { "Display": "0K+240", "River": "深澳坑溪排水右岸", "Name": "深澳坑溪排水右岸0K+240" }, "geometry": { "type": "Point", "coordinates": [ 121.796807818782, 25.113913978278699, 0.0 ] } },
{ "type": "Feature", "properties": { "Display": "0K+250", "River": "深澳坑溪排水右岸", "Name": "深澳坑溪排水右岸0K+250" }, "geometry": { "type": "Point", "coordinates": [ 121.796876479554996, 25.113979106493399, 0.0 ] } },
{ "type": "Feature", "properties": { "Display": "0K+260", "River": "深澳坑溪排水右岸", "Name": "深澳坑溪排水右岸0K+260" }, "geometry": { "type": "Point", "coordinates": [ 121.796946341744004, 25.114043148120999, 0.0 ] } },
{ "type": "Feature", "properties": { "Display": "0K+270", "River": "深澳坑溪排水右岸", "Name": "深澳坑溪排水右岸0K+270" }, "geometry": { "type": "Point", "coordinates": [ 121.797032649398005, 25.114087145341902, 0.0 ] } },
{ "type": "Feature", "properties": { "Display": "0K+280", "River": "深澳坑溪排水右岸", "Name": "深澳坑溪排水右岸0K+280" }, "geometry": { "type": "Point", "coordinates": [ 121.797126452276999, 25.114116142319698, 0.0 ] } },
{ "type": "Feature", "properties": { "Display": "0K+290", "River": "深澳坑溪排水右岸", "Name": "深澳坑溪排水右岸0K+290" }, "geometry": { "type": "Point", "coordinates": [ 121.797224923247995, 25.114125226287399, 0.0 ] } },
{ "type": "Feature", "properties": { "Display": "0K+300", "River": "深澳坑溪排水右岸", "Name": "深澳坑溪排水右岸0K+300" }, "geometry": { "type": "Point", "coordinates": [ 121.797324015925, 25.114127244757402, 0.0 ] } },
{ "type": "Feature", "properties": { "Display": "0K+310", "River": "深澳坑溪排水右岸", "Name": "深澳坑溪排水右岸0K+310" }, "geometry": { "type": "Point", "coordinates": [ 121.797423160365994, 25.114126191567301, 0.0 ] } },
{ "type": "Feature", "properties": { "Display": "0K+320", "River": "深澳坑溪排水右岸", "Name": "深澳坑溪排水右岸0K+320" }, "geometry": { "type": "Point", "coordinates": [ 121.797522290025, 25.114124391715698, 0.0 ] } },
{ "type": "Feature", "properties": { "Display": "0K+330", "River": "深澳坑溪排水右岸", "Name": "深澳坑溪排水右岸0K+330" }, "geometry": { "type": "Point", "coordinates": [ 121.797618916480999, 25.114136947639601, 0.0 ] } },
{ "type": "Feature", "properties": { "Display": "0K+340", "River": "深澳坑溪排水右岸", "Name": "深澳坑溪排水右岸0K+340" }, "geometry": { "type": "Point", "coordinates": [ 121.797693102759993, 25.1141942183813, 0.0 ] } },
{ "type": "Feature", "properties": { "Display": "0K+350", "River": "深澳坑溪排水右岸", "Name": "深澳坑溪排水右岸0K+350" }, "geometry": { "type": "Point", "coordinates": [ 121.797714991609993, 25.114282181504301, 0.0 ] } },
{ "type": "Feature", "properties": { "Display": "0K+360", "River": "深澳坑溪排水右岸", "Name": "深澳坑溪排水右岸0K+360" }, "geometry": { "type": "Point", "coordinates": [ 121.797713041156996, 25.114371602006099, 0.0 ] } },
{ "type": "Feature", "properties": { "Display": "0K+370", "River": "深澳坑溪排水右岸", "Name": "深澳坑溪排水右岸0K+370" }, "geometry": { "type": "Point", "coordinates": [ 121.797699983792, 25.114461087244099, 0.0 ] } },
{ "type": "Feature", "properties": { "Display": "0K+380", "River": "深澳坑溪排水右岸", "Name": "深澳坑溪排水右岸0K+380" }, "geometry": { "type": "Point", "coordinates": [ 121.797685846050996, 25.114550438016899, 0.0 ] } },
{ "type": "Feature", "properties": { "Display": "0K+390", "River": "深澳坑溪排水右岸", "Name": "深澳坑溪排水右岸0K+390" }, "geometry": { "type": "Point", "coordinates": [ 121.79767039347, 25.114639596883901, 0.0 ] } },
{ "type": "Feature", "properties": { "Display": "0K+400", "River": "深澳坑溪排水右岸", "Name": "深澳坑溪排水右岸0K+400" }, "geometry": { "type": "Point", "coordinates": [ 121.797652188936993, 25.114728337514499, 0.0 ] } },
{ "type": "Feature", "properties": { "Display": "0K+410", "River": "深澳坑溪排水右岸", "Name": "深澳坑溪排水右岸0K+410" }, "geometry": { "type": "Point", "coordinates": [ 121.797633984379004, 25.114817078142501, 0.0 ] } },
{ "type": "Feature", "properties": { "Display": "0K+420", "River": "深澳坑溪排水右岸", "Name": "深澳坑溪排水右岸0K+420" }, "geometry": { "type": "Point", "coordinates": [ 121.797615779796004, 25.114905818767902, 0.0 ] } },
{ "type": "Feature", "properties": { "Display": "0K+430", "River": "深澳坑溪排水右岸", "Name": "深澳坑溪排水右岸0K+430" }, "geometry": { "type": "Point", "coordinates": [ 121.797599632263996, 25.1149948439373, 0.0 ] } },
{ "type": "Feature", "properties": { "Display": "0K+440", "River": "深澳坑溪排水右岸", "Name": "深澳坑溪排水右岸0K+440" }, "geometry": { "type": "Point", "coordinates": [ 121.797588426089007, 25.115084539341201, 0.0 ] } },
{ "type": "Feature", "properties": { "Display": "0K+450", "River": "深澳坑溪排水右岸", "Name": "深澳坑溪排水右岸0K+450" }, "geometry": { "type": "Point", "coordinates": [ 121.797600766895002, 25.1151729635686, 0.0 ] } },
{ "type": "Feature", "properties": { "Display": "0K+460", "River": "深澳坑溪排水右岸", "Name": "深澳坑溪排水右岸0K+460" }, "geometry": { "type": "Point", "coordinates": [ 121.797629728809994, 25.115259199015998, 0.0 ] } },
{ "type": "Feature", "properties": { "Display": "0K+470", "River": "深澳坑溪排水右岸", "Name": "深澳坑溪排水右岸0K+470" }, "geometry": { "type": "Point", "coordinates": [ 121.797678241241002, 25.115337610045898, 0.0 ] } },
{ "type": "Feature", "properties": { "Display": "0K+480", "River": "深澳坑溪排水右岸", "Name": "深澳坑溪排水右岸0K+480" }, "geometry": { "type": "Point", "coordinates": [ 121.797735319851995, 25.115411245105399, 0.0 ] } },
{ "type": "Feature", "properties": { "Display": "0K+490", "River": "深澳坑溪排水右岸", "Name": "深澳坑溪排水右岸0K+490" }, "geometry": { "type": "Point", "coordinates": [ 121.797781800975002, 25.115490458804398, 0.0 ] } },
{ "type": "Feature", "properties": { "Display": "0K+500", "River": "深澳坑溪排水右岸", "Name": "深澳坑溪排水右岸0K+500" }, "geometry": { "type": "Point", "coordinates": [ 121.797806482132998, 25.115577551789599, 0.0 ] } },
{ "type": "Feature", "properties": { "Display": "0K+510", "River": "深澳坑溪排水右岸", "Name": "深澳坑溪排水右岸0K+510" }, "geometry": { "type": "Point", "coordinates": [ 121.797821389058996, 25.115666799659301, 0.0 ] } },
{ "type": "Feature", "properties": { "Display": "0K+520", "River": "深澳坑溪排水右岸", "Name": "深澳坑溪排水右岸0K+520" }, "geometry": { "type": "Point", "coordinates": [ 121.797831817811996, 25.115756551794298, 0.0 ] } },
{ "type": "Feature", "properties": { "Display": "0K+530", "River": "深澳坑溪排水右岸", "Name": "深澳坑溪排水右岸0K+530" }, "geometry": { "type": "Point", "coordinates": [ 121.797841177517995, 25.1158464238977, 0.0 ] } },
{ "type": "Feature", "properties": { "Display": "0K+540", "River": "深澳坑溪排水右岸", "Name": "深澳坑溪排水右岸0K+540" }, "geometry": { "type": "Point", "coordinates": [ 121.797848386059997, 25.115936459163802, 0.0 ] } },
{ "type": "Feature", "properties": { "Display": "0K+550", "River": "深澳坑溪排水右岸", "Name": "深澳坑溪排水右岸0K+550" }, "geometry": { "type": "Point", "coordinates": [ 121.797867541507003, 25.1160219738628, 0.0 ] } },
{ "type": "Feature", "properties": { "Display": "0K+560", "River": "深澳坑溪排水右岸", "Name": "深澳坑溪排水右岸0K+560" }, "geometry": { "type": "Point", "coordinates": [ 121.797888520654993, 25.116110205273301, 0.0 ] } },
{ "type": "Feature", "properties": { "Display": "0K+570", "River": "深澳坑溪排水右岸", "Name": "深澳坑溪排水右岸0K+570" }, "geometry": { "type": "Point", "coordinates": [ 121.797909499835001, 25.116198436679099, 0.0 ] } },
{ "type": "Feature", "properties": { "Display": "0K+580", "River": "深澳坑溪排水右岸", "Name": "深澳坑溪排水右岸0K+580" }, "geometry": { "type": "Point", "coordinates": [ 121.797933900019004, 25.1162856426464, 0.0 ] } },
{ "type": "Feature", "properties": { "Display": "0K+590", "River": "深澳坑溪排水右岸", "Name": "深澳坑溪排水右岸0K+590" }, "geometry": { "type": "Point", "coordinates": [ 121.797995706774003, 25.116355176915199, 0.0 ] } },
{ "type": "Feature", "properties": { "Display": "0K+600", "River": "深澳坑溪排水右岸", "Name": "深澳坑溪排水右岸0K+600" }, "geometry": { "type": "Point", "coordinates": [ 121.798083585431002, 25.1163968592153, 0.0 ] } },
{ "type": "Feature", "properties": { "Display": "0K+610", "River": "深澳坑溪排水右岸", "Name": "深澳坑溪排水右岸0K+610" }, "geometry": { "type": "Point", "coordinates": [ 121.798167749485003, 25.116443812504901, 0.0 ] } },
{ "type": "Feature", "properties": { "Display": "0K+620", "River": "深澳坑溪排水右岸", "Name": "深澳坑溪排水右岸0K+620" }, "geometry": { "type": "Point", "coordinates": [ 121.798253979709003, 25.116486976404101, 0.0 ] } },
{ "type": "Feature", "properties": { "Display": "0K+630", "River": "深澳坑溪排水右岸", "Name": "深澳坑溪排水右岸0K+630" }, "geometry": { "type": "Point", "coordinates": [ 121.798340382852004, 25.1165311209847, 0.0 ] } },
{ "type": "Feature", "properties": { "Display": "0K+640", "River": "深澳坑溪排水右岸", "Name": "深澳坑溪排水右岸0K+640" }, "geometry": { "type": "Point", "coordinates": [ 121.798420236626995, 25.1165844938376, 0.0 ] } },
{ "type": "Feature", "properties": { "Display": "0K+650", "River": "深澳坑溪排水右岸", "Name": "深澳坑溪排水右岸0K+650" }, "geometry": { "type": "Point", "coordinates": [ 121.798456439955999, 25.116661427074298, 0.0 ] } },
{ "type": "Feature", "properties": { "Display": "0K+660", "River": "深澳坑溪排水右岸", "Name": "深澳坑溪排水右岸0K+660" }, "geometry": { "type": "Point", "coordinates": [ 121.798368677846, 25.1166964475957, 0.0 ] } },
{ "type": "Feature", "properties": { "Display": "0K+670", "River": "深澳坑溪排水右岸", "Name": "深澳坑溪排水右岸0K+670" }, "geometry": { "type": "Point", "coordinates": [ 121.798270115449, 25.116702174587498, 0.0 ] } },
{ "type": "Feature", "properties": { "Display": "0K+680", "River": "深澳坑溪排水右岸", "Name": "深澳坑溪排水右岸0K+680" }, "geometry": { "type": "Point", "coordinates": [ 121.798171070405004, 25.1167026069974, 0.0 ] } },
{ "type": "Feature", "properties": { "Display": "0K+690", "River": "深澳坑溪排水右岸", "Name": "深澳坑溪排水右岸0K+690" }, "geometry": { "type": "Point", "coordinates": [ 121.798072463498997, 25.1166935884028, 0.0 ] } },
{ "type": "Feature", "properties": { "Display": "0K+700", "River": "深澳坑溪排水右岸", "Name": "深澳坑溪排水右岸0K+700" }, "geometry": { "type": "Point", "coordinates": [ 121.797973892152001, 25.116684730180999, 0.0 ] } },
{ "type": "Feature", "properties": { "Display": "0K+710", "River": "深澳坑溪排水右岸", "Name": "深澳坑溪排水右岸0K+710" }, "geometry": { "type": "Point", "coordinates": [ 121.797877906303995, 25.116662995026999, 0.0 ] } },
{ "type": "Feature", "properties": { "Display": "0K+720", "River": "深澳坑溪排水右岸", "Name": "深澳坑溪排水右岸0K+720" }, "geometry": { "type": "Point", "coordinates": [ 121.797780503468999, 25.1166479482096, 0.0 ] } },
{ "type": "Feature", "properties": { "Display": "0K+730", "River": "深澳坑溪排水右岸", "Name": "深澳坑溪排水右岸0K+730" }, "geometry": { "type": "Point", "coordinates": [ 121.797688608415001, 25.116674702913301, 0.0 ] } },
{ "type": "Feature", "properties": { "Display": "0K+740", "River": "深澳坑溪排水右岸", "Name": "深澳坑溪排水右岸0K+740" }, "geometry": { "type": "Point", "coordinates": [ 121.797620136196002, 25.116739453512398, 0.0 ] } },
{ "type": "Feature", "properties": { "Display": "0K+750", "River": "深澳坑溪排水右岸", "Name": "深澳坑溪排水右岸0K+750" }, "geometry": { "type": "Point", "coordinates": [ 121.797566674775993, 25.116815404657, 0.0 ] } },
{ "type": "Feature", "properties": { "Display": "0K+760", "River": "深澳坑溪排水右岸", "Name": "深澳坑溪排水右岸0K+760" }, "geometry": { "type": "Point", "coordinates": [ 121.797517695709999, 25.1168938698499, 0.0 ] } },
{ "type": "Feature", "properties": { "Display": "0K+770", "River": "深澳坑溪排水右岸", "Name": "深澳坑溪排水右岸0K+770" }, "geometry": { "type": "Point", "coordinates": [ 121.797474361872005, 25.116975067521601, 0.0 ] } },
{ "type": "Feature", "properties": { "Display": "0K+780", "River": "深澳坑溪排水右岸", "Name": "深澳坑溪排水右岸0K+780" }, "geometry": { "type": "Point", "coordinates": [ 121.797439261966005, 25.1170594371528, 0.0 ] } },
{ "type": "Feature", "properties": { "Display": "0K+790", "River": "深澳坑溪排水右岸", "Name": "深澳坑溪排水右岸0K+790" }, "geometry": { "type": "Point", "coordinates": [ 121.797406872657007, 25.1171447460822, 0.0 ] } },
{ "type": "Feature", "properties": { "Display": "0K+800", "River": "深澳坑溪排水右岸", "Name": "深澳坑溪排水右岸0K+800" }, "geometry": { "type": "Point", "coordinates": [ 121.797380982226997, 25.1172317815846, 0.0 ] } },
{ "type": "Feature", "properties": { "Display": "0K+810", "River": "深澳坑溪排水右岸", "Name": "深澳坑溪排水右岸0K+810" }, "geometry": { "type": "Point", "coordinates": [ 121.797373689395997, 25.117321717511899, 0.0 ] } },
{ "type": "Feature", "properties": { "Display": "0K+820", "River": "深澳坑溪排水右岸", "Name": "深澳坑溪排水右岸0K+820" }, "geometry": { "type": "Point", "coordinates": [ 121.797386312835997, 25.117411084444701, 0.0 ] } },
{ "type": "Feature", "properties": { "Display": "0K+830", "River": "深澳坑溪排水右岸", "Name": "深澳坑溪排水右岸0K+830" }, "geometry": { "type": "Point", "coordinates": [ 121.797415314374007, 25.117497312080701, 0.0 ] } },
{ "type": "Feature", "properties": { "Display": "0K+840", "River": "深澳坑溪排水右岸", "Name": "深澳坑溪排水右岸0K+840" }, "geometry": { "type": "Point", "coordinates": [ 121.797450992991998, 25.117581461997698, 0.0 ] } },
{ "type": "Feature", "properties": { "Display": "0K+850", "River": "深澳坑溪排水右岸", "Name": "深澳坑溪排水右岸0K+850" }, "geometry": { "type": "Point", "coordinates": [ 121.797496034510999, 25.117661383854099, 0.0 ] } },
{ "type": "Feature", "properties": { "Display": "0K+860", "River": "深澳坑溪排水右岸", "Name": "深澳坑溪排水右岸0K+860" }, "geometry": { "type": "Point", "coordinates": [ 121.797565511162006, 25.117725367626399, 0.0 ] } },
{ "type": "Feature", "properties": { "Display": "0K+870", "River": "深澳坑溪排水右岸", "Name": "深澳坑溪排水右岸0K+870" }, "geometry": { "type": "Point", "coordinates": [ 121.797657167010001, 25.1177559942372, 0.0 ] } },
{ "type": "Feature", "properties": { "Display": "0K+880", "River": "深澳坑溪排水右岸", "Name": "深澳坑溪排水右岸0K+880" }, "geometry": { "type": "Point", "coordinates": [ 121.797743419767997, 25.1177994827041, 0.0 ] } },
{ "type": "Feature", "properties": { "Display": "0K+890", "River": "深澳坑溪排水右岸", "Name": "深澳坑溪排水右岸0K+890" }, "geometry": { "type": "Point", "coordinates": [ 121.797829143241998, 25.1178447734471, 0.0 ] } },
{ "type": "Feature", "properties": { "Display": "0K+900", "River": "深澳坑溪排水右岸", "Name": "深澳坑溪排水右岸0K+900" }, "geometry": { "type": "Point", "coordinates": [ 121.797910103353999, 25.1178967072779, 0.0 ] } },
{ "type": "Feature", "properties": { "Display": "0K+910", "River": "深澳坑溪排水右岸", "Name": "深澳坑溪排水右岸0K+910" }, "geometry": { "type": "Point", "coordinates": [ 121.797983911814995, 25.117956748692698, 0.0 ] } },
{ "type": "Feature", "properties": { "Display": "0K+920", "River": "深澳坑溪排水右岸", "Name": "深澳坑溪排水右岸0K+920" }, "geometry": { "type": "Point", "coordinates": [ 121.798064887587998, 25.1180083300912, 0.0 ] } },
{ "type": "Feature", "properties": { "Display": "0K+930", "River": "深澳坑溪排水右岸", "Name": "深澳坑溪排水右岸0K+930" }, "geometry": { "type": "Point", "coordinates": [ 121.798162469855001, 25.1180212526634, 0.0 ] } },
{ "type": "Feature", "properties": { "Display": "0K+940", "River": "深澳坑溪排水右岸", "Name": "深澳坑溪排水右岸0K+940" }, "geometry": { "type": "Point", "coordinates": [ 121.798257312342002, 25.118022843563601, 0.0 ] } },
{ "type": "Feature", "properties": { "Display": "0K+950", "River": "深澳坑溪排水右岸", "Name": "深澳坑溪排水右岸0K+950" }, "geometry": { "type": "Point", "coordinates": [ 121.798332388733996, 25.1180792143169, 0.0 ] } },
{ "type": "Feature", "properties": { "Display": "0K+960", "River": "深澳坑溪排水右岸", "Name": "深澳坑溪排水右岸0K+960" }, "geometry": { "type": "Point", "coordinates": [ 121.798397103493002, 25.118147601307498, 0.0 ] } },
{ "type": "Feature", "properties": { "Display": "0K+970", "River": "深澳坑溪排水右岸", "Name": "深澳坑溪排水右岸0K+970" }, "geometry": { "type": "Point", "coordinates": [ 121.798465585301003, 25.118212802990101, 0.0 ] } },
{ "type": "Feature", "properties": { "Display": "0K+980", "River": "深澳坑溪排水右岸", "Name": "深澳坑溪排水右岸0K+980" }, "geometry": { "type": "Point", "coordinates": [ 121.798533026734006, 25.118278960643, 0.0 ] } },
{ "type": "Feature", "properties": { "Display": "0K+990", "River": "深澳坑溪排水右岸", "Name": "深澳坑溪排水右岸0K+990" }, "geometry": { "type": "Point", "coordinates": [ 121.798601635995993, 25.118344070615599, 0.0 ] } },
{ "type": "Feature", "properties": { "Display": "1K+000", "River": "深澳坑溪排水右岸", "Name": "深澳坑溪排水右岸1K+000" }, "geometry": { "type": "Point", "coordinates": [ 121.798670045456007, 25.118409369087999, 0.0 ] } },
{ "type": "Feature", "properties": { "Display": "1K+010", "River": "深澳坑溪排水右岸", "Name": "深澳坑溪排水右岸1K+010" }, "geometry": { "type": "Point", "coordinates": [ 121.798732206295, 25.118479235322098, 0.0 ] } },
{ "type": "Feature", "properties": { "Display": "1K+020", "River": "深澳坑溪排水右岸", "Name": "深澳坑溪排水右岸1K+020" }, "geometry": { "type": "Point", "coordinates": [ 121.798772785831005, 25.1185610173216, 0.0 ] } },
{ "type": "Feature", "properties": { "Display": "1K+030", "River": "深澳坑溪排水右岸", "Name": "深澳坑溪排水右岸1K+030" }, "geometry": { "type": "Point", "coordinates": [ 121.798802683168006, 25.118647065700699, 0.0 ] } },
{ "type": "Feature", "properties": { "Display": "1K+040", "River": "深澳坑溪排水右岸", "Name": "深澳坑溪排水右岸1K+040" }, "geometry": { "type": "Point", "coordinates": [ 121.798830527234998, 25.118733708488001, 0.0 ] } },
{ "type": "Feature", "properties": { "Display": "1K+050", "River": "深澳坑溪排水右岸", "Name": "深澳坑溪排水右岸1K+050" }, "geometry": { "type": "Point", "coordinates": [ 121.798844543482005, 25.118822680953201, 0.0 ] } },
{ "type": "Feature", "properties": { "Display": "1K+060", "River": "深澳坑溪排水右岸", "Name": "深澳坑溪排水右岸1K+060" }, "geometry": { "type": "Point", "coordinates": [ 121.798852598669001, 25.118912657724401, 0.0 ] } },
{ "type": "Feature", "properties": { "Display": "1K+070", "River": "深澳坑溪排水右岸", "Name": "深澳坑溪排水右岸1K+070" }, "geometry": { "type": "Point", "coordinates": [ 121.798856133148007, 25.119002378210698, 0.0 ] } },
{ "type": "Feature", "properties": { "Display": "1K+080", "River": "深澳坑溪排水右岸", "Name": "深澳坑溪排水右岸1K+080" }, "geometry": { "type": "Point", "coordinates": [ 121.798821448124002, 25.119084273111302, 0.0 ] } },
{ "type": "Feature", "properties": { "Display": "1K+090", "River": "深澳坑溪排水右岸", "Name": "深澳坑溪排水右岸1K+090" }, "geometry": { "type": "Point", "coordinates": [ 121.798755959293999, 25.119152009629701, 0.0 ] } },
{ "type": "Feature", "properties": { "Display": "1K+100", "River": "深澳坑溪排水右岸", "Name": "深澳坑溪排水右岸1K+100" }, "geometry": { "type": "Point", "coordinates": [ 121.798696884845995, 25.119224514665301, 0.0 ] } },
{ "type": "Feature", "properties": { "Display": "1K+110", "River": "深澳坑溪排水右岸", "Name": "深澳坑溪排水右岸1K+110" }, "geometry": { "type": "Point", "coordinates": [ 121.798640935181993, 25.119299032229101, 0.0 ] } },
{ "type": "Feature", "properties": { "Display": "1K+120", "River": "深澳坑溪排水右岸", "Name": "深澳坑溪排水右岸1K+120" }, "geometry": { "type": "Point", "coordinates": [ 121.798585513473, 25.119373889726699, 0.0 ] } },
{ "type": "Feature", "properties": { "Display": "1K+130", "River": "深澳坑溪排水右岸", "Name": "深澳坑溪排水右岸1K+130" }, "geometry": { "type": "Point", "coordinates": [ 121.798528644380994, 25.119447800612502, 0.0 ] } },
{ "type": "Feature", "properties": { "Display": "1K+140", "River": "深澳坑溪排水右岸", "Name": "深澳坑溪排水右岸1K+140" }, "geometry": { "type": "Point", "coordinates": [ 121.798471929223993, 25.119521711351801, 0.0 ] } },
{ "type": "Feature", "properties": { "Display": "1K+150", "River": "深澳坑溪排水右岸", "Name": "深澳坑溪排水右岸1K+150" }, "geometry": { "type": "Point", "coordinates": [ 121.798404687024004, 25.119585079334499, 0.0 ] } },
{ "type": "Feature", "properties": { "Display": "1K+160", "River": "深澳坑溪排水右岸", "Name": "深澳坑溪排水右岸1K+160" }, "geometry": { "type": "Point", "coordinates": [ 121.798309144558999, 25.1195625811296, 0.0 ] } },
{ "type": "Feature", "properties": { "Display": "1K+170", "River": "深澳坑溪排水右岸", "Name": "深澳坑溪排水右岸1K+170" }, "geometry": { "type": "Point", "coordinates": [ 121.798220058737996, 25.119524141071199, 0.0 ] } },
{ "type": "Feature", "properties": { "Display": "1K+180", "River": "深澳坑溪排水右岸", "Name": "深澳坑溪排水右岸1K+180" }, "geometry": { "type": "Point", "coordinates": [ 121.798125758495004, 25.119497466963001, 0.0 ] } },
{ "type": "Feature", "properties": { "Display": "1K+190", "River": "深澳坑溪排水右岸", "Name": "深澳坑溪排水右岸1K+190" }, "geometry": { "type": "Point", "coordinates": [ 121.798026799572, 25.119495896519702, 0.0 ] } },
{ "type": "Feature", "properties": { "Display": "1K+200", "River": "深澳坑溪排水右岸", "Name": "深澳坑溪排水右岸1K+200" }, "geometry": { "type": "Point", "coordinates": [ 121.797930404536004, 25.119513363685702, 0.0 ] } },
{ "type": "Feature", "properties": { "Display": "1K+210", "River": "深澳坑溪排水右岸", "Name": "深澳坑溪排水右岸1K+210" }, "geometry": { "type": "Point", "coordinates": [ 121.797839224273005, 25.119548811834399, 0.0 ] } },
{ "type": "Feature", "properties": { "Display": "1K+220", "River": "深澳坑溪排水右岸", "Name": "深澳坑溪排水右岸1K+220" }, "geometry": { "type": "Point", "coordinates": [ 121.797749737434003, 25.1195873658591, 0.0 ] } },
{ "type": "Feature", "properties": { "Display": "1K+230", "River": "深澳坑溪排水右岸", "Name": "深澳坑溪排水右岸1K+230" }, "geometry": { "type": "Point", "coordinates": [ 121.797664009672999, 25.1196308625866, 0.0 ] } },
{ "type": "Feature", "properties": { "Display": "1K+240", "River": "深澳坑溪排水右岸", "Name": "深澳坑溪排水右岸1K+240" }, "geometry": { "type": "Point", "coordinates": [ 121.797571468181005, 25.119663284479799, 0.0 ] } },
{ "type": "Feature", "properties": { "Display": "1K+250", "River": "深澳坑溪排水右岸", "Name": "深澳坑溪排水右岸1K+250" }, "geometry": { "type": "Point", "coordinates": [ 121.797483129930995, 25.119704088904001, 0.0 ] } },
{ "type": "Feature", "properties": { "Display": "1K+260", "River": "深澳坑溪排水右岸", "Name": "深澳坑溪排水右岸1K+260" }, "geometry": { "type": "Point", "coordinates": [ 121.797399799247998, 25.1197528471723, 0.0 ] } },
{ "type": "Feature", "properties": { "Display": "1K+270", "River": "深澳坑溪排水右岸", "Name": "深澳坑溪排水右岸1K+270" }, "geometry": { "type": "Point", "coordinates": [ 121.797318443245004, 25.119804454559301, 0.0 ] } },
{ "type": "Feature", "properties": { "Display": "1K+280", "River": "深澳坑溪排水右岸", "Name": "深澳坑溪排水右岸1K+280" }, "geometry": { "type": "Point", "coordinates": [ 121.797242769120999, 25.119862181316499, 0.0 ] } },
{ "type": "Feature", "properties": { "Display": "1K+290", "River": "深澳坑溪排水右岸", "Name": "深澳坑溪排水右岸1K+290" }, "geometry": { "type": "Point", "coordinates": [ 121.797158324760005, 25.1199082414042, 0.0 ] } },
{ "type": "Feature", "properties": { "Display": "1K+300", "River": "深澳坑溪排水右岸", "Name": "深澳坑溪排水右岸1K+300" }, "geometry": { "type": "Point", "coordinates": [ 121.797065399733, 25.119938755672901, 0.0 ] } },
{ "type": "Feature", "properties": { "Display": "1K+310", "River": "深澳坑溪排水右岸", "Name": "深澳坑溪排水右岸1K+310" }, "geometry": { "type": "Point", "coordinates": [ 121.796967663432, 25.1199531576159, 0.0 ] } },
{ "type": "Feature", "properties": { "Display": "1K+320", "River": "深澳坑溪排水右岸", "Name": "深澳坑溪排水右岸1K+320" }, "geometry": { "type": "Point", "coordinates": [ 121.796868830134997, 25.119959412192401, 0.0 ] } },
{ "type": "Feature", "properties": { "Display": "1K+330", "River": "深澳坑溪排水右岸", "Name": "深澳坑溪排水右岸1K+330" }, "geometry": { "type": "Point", "coordinates": [ 121.796769793927993, 25.1199587636067, 0.0 ] } },
{ "type": "Feature", "properties": { "Display": "1K+340", "River": "深澳坑溪排水右岸", "Name": "深澳坑溪排水右岸1K+340" }, "geometry": { "type": "Point", "coordinates": [ 121.796670718803995, 25.119962381895, 0.0 ] } },
{ "type": "Feature", "properties": { "Display": "1K+350", "River": "深澳坑溪排水右岸", "Name": "深澳坑溪排水右岸1K+350" }, "geometry": { "type": "Point", "coordinates": [ 121.796571606295004, 25.119964649526501, 0.0 ] } },
{ "type": "Feature", "properties": { "Display": "1K+360", "River": "深澳坑溪排水右岸", "Name": "深澳坑溪排水右岸1K+360" }, "geometry": { "type": "Point", "coordinates": [ 121.796472468595994, 25.119963181264399, 0.0 ] } },
{ "type": "Feature", "properties": { "Display": "1K+370", "River": "深澳坑溪排水右岸", "Name": "深澳坑溪排水右岸1K+370" }, "geometry": { "type": "Point", "coordinates": [ 121.796373746659995, 25.119971632174, 0.0 ] } },
{ "type": "Feature", "properties": { "Display": "1K+380", "River": "深澳坑溪排水右岸", "Name": "深澳坑溪排水右岸1K+380" }, "geometry": { "type": "Point", "coordinates": [ 121.796274993384998, 25.119979768337, 0.0 ] } },
{ "type": "Feature", "properties": { "Display": "1K+390", "River": "深澳坑溪排水右岸", "Name": "深澳坑溪排水右岸1K+390" }, "geometry": { "type": "Point", "coordinates": [ 121.796176087456004, 25.119984386062701, 0.0 ] } },
{ "type": "Feature", "properties": { "Display": "1K+400", "River": "深澳坑溪排水右岸", "Name": "深澳坑溪排水右岸1K+400" }, "geometry": { "type": "Point", "coordinates": [ 121.796077137970002, 25.119986896787101, 0.0 ] } },
{ "type": "Feature", "properties": { "Display": "1K+410", "River": "深澳坑溪排水右岸", "Name": "深澳坑溪排水右岸1K+410" }, "geometry": { "type": "Point", "coordinates": [ 121.795980444476996, 25.119968776957201, 0.0 ] } },
{ "type": "Feature", "properties": { "Display": "1K+420", "River": "深澳坑溪排水右岸", "Name": "深澳坑溪排水右岸1K+420" }, "geometry": { "type": "Point", "coordinates": [ 121.795893708842002, 25.119925482893802, 0.0 ] } },
{ "type": "Feature", "properties": { "Display": "1K+430", "River": "深澳坑溪排水右岸", "Name": "深澳坑溪排水右岸1K+430" }, "geometry": { "type": "Point", "coordinates": [ 121.795808752046, 25.1198789307774, 0.0 ] } },
{ "type": "Feature", "properties": { "Display": "1K+440", "River": "深澳坑溪排水右岸", "Name": "深澳坑溪排水右岸1K+440" }, "geometry": { "type": "Point", "coordinates": [ 121.795723795312995, 25.1198323786105, 0.0 ] } },
{ "type": "Feature", "properties": { "Display": "1K+450", "River": "深澳坑溪排水右岸", "Name": "深澳坑溪排水右岸1K+450" }, "geometry": { "type": "Point", "coordinates": [ 121.795638838643995, 25.119785826392999, 0.0 ] } },
{ "type": "Feature", "properties": { "Display": "1K+460", "River": "深澳坑溪排水右岸", "Name": "深澳坑溪排水右岸1K+460" }, "geometry": { "type": "Point", "coordinates": [ 121.795547412939001, 25.1197511175587, 0.0 ] } },
{ "type": "Feature", "properties": { "Display": "1K+470", "River": "深澳坑溪排水右岸", "Name": "深澳坑溪排水右岸1K+470" }, "geometry": { "type": "Point", "coordinates": [ 121.795450050918006, 25.1197358195097, 0.0 ] } },
{ "type": "Feature", "properties": { "Display": "1K+480", "River": "深澳坑溪排水右岸", "Name": "深澳坑溪排水右岸1K+480" }, "geometry": { "type": "Point", "coordinates": [ 121.795351304799993, 25.119727607802499, 0.0 ] } },
{ "type": "Feature", "properties": { "Display": "1K+490", "River": "深澳坑溪排水右岸", "Name": "深澳坑溪排水右岸1K+490" }, "geometry": { "type": "Point", "coordinates": [ 121.795252312651996, 25.119728886873101, 0.0 ] } },
{ "type": "Feature", "properties": { "Display": "1K+500", "River": "深澳坑溪排水右岸", "Name": "深澳坑溪排水右岸1K+500" }, "geometry": { "type": "Point", "coordinates": [ 121.795156277163002, 25.119750827185499, 0.0 ] } },
{ "type": "Feature", "properties": { "Display": "1K+510", "River": "深澳坑溪排水右岸", "Name": "深澳坑溪排水右岸1K+510" }, "geometry": { "type": "Point", "coordinates": [ 121.795062474374006, 25.119779941527501, 0.0 ] } },
{ "type": "Feature", "properties": { "Display": "1K+520", "River": "深澳坑溪排水右岸", "Name": "深澳坑溪排水右岸1K+520" }, "geometry": { "type": "Point", "coordinates": [ 121.794969860584004, 25.119812192250802, 0.0 ] } },
{ "type": "Feature", "properties": { "Display": "1K+530", "River": "深澳坑溪排水右岸", "Name": "深澳坑溪排水右岸1K+530" }, "geometry": { "type": "Point", "coordinates": [ 121.794877246743994, 25.119844442917199, 0.0 ] } },
{ "type": "Feature", "properties": { "Display": "1K+540", "River": "深澳坑溪排水右岸", "Name": "深澳坑溪排水右岸1K+540" }, "geometry": { "type": "Point", "coordinates": [ 121.794792918553, 25.119891800512299, 0.0 ] } },
{ "type": "Feature", "properties": { "Display": "1K+550", "River": "深澳坑溪排水右岸", "Name": "深澳坑溪排水右岸1K+550" }, "geometry": { "type": "Point", "coordinates": [ 121.794712630351995, 25.119943669082701, 0.0 ] } },
{ "type": "Feature", "properties": { "Display": "1K+560", "River": "深澳坑溪排水右岸", "Name": "深澳坑溪排水右岸1K+560" }, "geometry": { "type": "Point", "coordinates": [ 121.794651814885995, 25.1200144974122, 0.0 ] } },
{ "type": "Feature", "properties": { "Display": "1K+570", "River": "深澳坑溪排水右岸", "Name": "深澳坑溪排水右岸1K+570" }, "geometry": { "type": "Point", "coordinates": [ 121.794610399497998, 25.120096515935401, 0.0 ] } },
{ "type": "Feature", "properties": { "Display": "1K+580", "River": "深澳坑溪排水右岸", "Name": "深澳坑溪排水右岸1K+580" }, "geometry": { "type": "Point", "coordinates": [ 121.794570637410999, 25.120179183025702, 0.0 ] } },
{ "type": "Feature", "properties": { "Display": "1K+590", "River": "深澳坑溪排水右岸", "Name": "深澳坑溪排水右岸1K+590" }, "geometry": { "type": "Point", "coordinates": [ 121.794534955136001, 25.1202632023858, 0.0 ] } },
{ "type": "Feature", "properties": { "Display": "1K+600", "River": "深澳坑溪排水右岸", "Name": "深澳坑溪排水右岸1K+600" }, "geometry": { "type": "Point", "coordinates": [ 121.794523800419995, 25.120352026097802, 0.0 ] } },
{ "type": "Feature", "properties": { "Display": "1K+610", "River": "深澳坑溪排水右岸", "Name": "深澳坑溪排水右岸1K+610" }, "geometry": { "type": "Point", "coordinates": [ 121.794546462042007, 25.1204397862844, 0.0 ] } },
{ "type": "Feature", "properties": { "Display": "1K+620", "River": "深澳坑溪排水右岸", "Name": "深澳坑溪排水右岸1K+620" }, "geometry": { "type": "Point", "coordinates": [ 121.794572461087, 25.120526903116001, 0.0 ] } },
{ "type": "Feature", "properties": { "Display": "1K+630", "River": "深澳坑溪排水右岸", "Name": "深澳坑溪排水右岸1K+630" }, "geometry": { "type": "Point", "coordinates": [ 121.794594125195999, 25.120614636114599, 0.0 ] } },
{ "type": "Feature", "properties": { "Display": "1K+640", "River": "深澳坑溪排水右岸", "Name": "深澳坑溪排水右岸1K+640" }, "geometry": { "type": "Point", "coordinates": [ 121.794587534273006, 25.120703232467299, 0.0 ] } },
{ "type": "Feature", "properties": { "Display": "1K+650", "River": "深澳坑溪排水右岸", "Name": "深澳坑溪排水右岸1K+650" }, "geometry": { "type": "Point", "coordinates": [ 121.794530364587004, 25.120776550796499, 0.0 ] } },
{ "type": "Feature", "properties": { "Display": "1K+660", "River": "深澳坑溪排水右岸", "Name": "深澳坑溪排水右岸1K+660" }, "geometry": { "type": "Point", "coordinates": [ 121.794466336837004, 25.120845482783, 0.0 ] } },
{ "type": "Feature", "properties": { "Display": "1K+670", "River": "深澳坑溪排水右岸", "Name": "深澳坑溪排水右岸1K+670" }, "geometry": { "type": "Point", "coordinates": [ 121.794402662110997, 25.120914670177701, 0.0 ] } },
{ "type": "Feature", "properties": { "Display": "1K+680", "River": "深澳坑溪排水右岸", "Name": "深澳坑溪排水右岸1K+680" }, "geometry": { "type": "Point", "coordinates": [ 121.794334699795002, 25.120980369543599, 0.0 ] } },
{ "type": "Feature", "properties": { "Display": "1K+690", "River": "深澳坑溪排水右岸", "Name": "深澳坑溪排水右岸1K+690" }, "geometry": { "type": "Point", "coordinates": [ 121.794263731995002, 25.121043418231299, 0.0 ] } },
{ "type": "Feature", "properties": { "Display": "1K+700", "River": "深澳坑溪排水右岸", "Name": "深澳坑溪排水右岸1K+700" }, "geometry": { "type": "Point", "coordinates": [ 121.794184029533994, 25.1210943989912, 0.0 ] } },
{ "type": "Feature", "properties": { "Display": "1K+710", "River": "深澳坑溪排水右岸", "Name": "深澳坑溪排水右岸1K+710" }, "geometry": { "type": "Point", "coordinates": [ 121.794086356997994, 25.121103795911601, 0.0 ] } },
{ "type": "Feature", "properties": { "Display": "1K+720", "River": "深澳坑溪排水右岸", "Name": "深澳坑溪排水右岸1K+720" }, "geometry": { "type": "Point", "coordinates": [ 121.793987350197995, 25.121098892605499, 0.0 ] } },
{ "type": "Feature", "properties": { "Display": "1K+730", "River": "深澳坑溪排水右岸", "Name": "深澳坑溪排水右岸1K+730" }, "geometry": { "type": "Point", "coordinates": [ 121.793888281189993, 25.1210953659922, 0.0 ] } },
{ "type": "Feature", "properties": { "Display": "1K+740", "River": "深澳坑溪排水右岸", "Name": "深澳坑溪排水右岸1K+740" }, "geometry": { "type": "Point", "coordinates": [ 121.793790053460995, 25.121103354804202, 0.0 ] } },
{ "type": "Feature", "properties": { "Display": "1K+750", "River": "深澳坑溪排水右岸", "Name": "深澳坑溪排水右岸1K+750" }, "geometry": { "type": "Point", "coordinates": [ 121.793698819569002, 25.121136929487701, 0.0 ] } },
{ "type": "Feature", "properties": { "Display": "1K+760", "River": "深澳坑溪排水右岸", "Name": "深澳坑溪排水右岸1K+760" }, "geometry": { "type": "Point", "coordinates": [ 121.793618124871998, 25.121189392415999, 0.0 ] } },
{ "type": "Feature", "properties": { "Display": "1K+770", "River": "深澳坑溪排水右岸", "Name": "深澳坑溪排水右岸1K+770" }, "geometry": { "type": "Point", "coordinates": [ 121.793529710285995, 25.121230019838102, 0.0 ] } },
{ "type": "Feature", "properties": { "Display": "1K+780", "River": "深澳坑溪排水右岸", "Name": "深澳坑溪排水右岸1K+780" }, "geometry": { "type": "Point", "coordinates": [ 121.793439592148005, 25.121267661333398, 0.0 ] } },
{ "type": "Feature", "properties": { "Display": "1K+790", "River": "深澳坑溪排水右岸", "Name": "深澳坑溪排水右岸1K+790" }, "geometry": { "type": "Point", "coordinates": [ 121.793350372457994, 25.121307054506499, 0.0 ] } },
{ "type": "Feature", "properties": { "Display": "1K+800", "River": "深澳坑溪排水右岸", "Name": "深澳坑溪排水右岸1K+800" }, "geometry": { "type": "Point", "coordinates": [ 121.793261006052006, 25.1213380213714, 0.0 ] } },
{ "type": "Feature", "properties": { "Display": "1K+810", "River": "深澳坑溪排水右岸", "Name": "深澳坑溪排水右岸1K+810" }, "geometry": { "type": "Point", "coordinates": [ 121.793163052259004, 25.121323991888101, 0.0 ] } },
{ "type": "Feature", "properties": { "Display": "1K+820", "River": "深澳坑溪排水右岸", "Name": "深澳坑溪排水右岸1K+820" }, "geometry": { "type": "Point", "coordinates": [ 121.793064284550994, 25.121319560821298, 0.0 ] } },
{ "type": "Feature", "properties": { "Display": "1K+830", "River": "深澳坑溪排水右岸", "Name": "深澳坑溪排水右岸1K+830" }, "geometry": { "type": "Point", "coordinates": [ 121.792966510792994, 25.121331695848099, 0.0 ] } },
{ "type": "Feature", "properties": { "Display": "1K+840", "River": "深澳坑溪排水右岸", "Name": "深澳坑溪排水右岸1K+840" }, "geometry": { "type": "Point", "coordinates": [ 121.792876586998005, 25.121368808203201, 0.0 ] } },
{ "type": "Feature", "properties": { "Display": "1K+850", "River": "深澳坑溪排水右岸", "Name": "深澳坑溪排水右岸1K+850" }, "geometry": { "type": "Point", "coordinates": [ 121.792789932594005, 25.1214117899553, 0.0 ] } },
{ "type": "Feature", "properties": { "Display": "1K+860", "River": "深澳坑溪排水右岸", "Name": "深澳坑溪排水右岸1K+860" }, "geometry": { "type": "Point", "coordinates": [ 121.792706195771999, 25.121460141139899, 0.0 ] } },
{ "type": "Feature", "properties": { "Display": "1K+870", "River": "深澳坑溪排水右岸", "Name": "深澳坑溪排水右岸1K+870" }, "geometry": { "type": "Point", "coordinates": [ 121.792622755080998, 25.1215089143817, 0.0 ] } },
{ "type": "Feature", "properties": { "Display": "1K+880", "River": "深澳坑溪排水右岸", "Name": "深澳坑溪排水右岸1K+880" }, "geometry": { "type": "Point", "coordinates": [ 121.792540217698999, 25.1215589444272, 0.0 ] } },
{ "type": "Feature", "properties": { "Display": "1K+890", "River": "深澳坑溪排水右岸", "Name": "深澳坑溪排水右岸1K+890" }, "geometry": { "type": "Point", "coordinates": [ 121.792462494622001, 25.121614800105601, 0.0 ] } },
{ "type": "Feature", "properties": { "Display": "1K+900", "River": "深澳坑溪排水右岸", "Name": "深澳坑溪排水右岸1K+900" }, "geometry": { "type": "Point", "coordinates": [ 121.792401529938005, 25.121684675260202, 0.0 ] } },
{ "type": "Feature", "properties": { "Display": "1K+910", "River": "深澳坑溪排水右岸", "Name": "深澳坑溪排水右岸1K+910" }, "geometry": { "type": "Point", "coordinates": [ 121.792344351115005, 25.121758430067501, 0.0 ] } },
{ "type": "Feature", "properties": { "Display": "1K+920", "River": "深澳坑溪排水右岸", "Name": "深澳坑溪排水右岸1K+920" }, "geometry": { "type": "Point", "coordinates": [ 121.792279083311001, 25.121826023473702, 0.0 ] } },
{ "type": "Feature", "properties": { "Display": "1K+930", "River": "深澳坑溪排水右岸", "Name": "深澳坑溪排水右岸1K+930" }, "geometry": { "type": "Point", "coordinates": [ 121.792206664847996, 25.1218876836015, 0.0 ] } },
{ "type": "Feature", "properties": { "Display": "1K+940", "River": "深澳坑溪排水右岸", "Name": "深澳坑溪排水右岸1K+940" }, "geometry": { "type": "Point", "coordinates": [ 121.792134584088998, 25.121949677526601, 0.0 ] } },
{ "type": "Feature", "properties": { "Display": "1K+950", "River": "深澳坑溪排水右岸", "Name": "深澳坑溪排水右岸1K+950" }, "geometry": { "type": "Point", "coordinates": [ 121.792062503257, 25.122011671418001, 0.0 ] } },
{ "type": "Feature", "properties": { "Display": "1K+960", "River": "深澳坑溪排水右岸", "Name": "深澳坑溪排水右岸1K+960" }, "geometry": { "type": "Point", "coordinates": [ 121.791990422352995, 25.1220736652756, 0.0 ] } },
{ "type": "Feature", "properties": { "Display": "1K+970", "River": "深澳坑溪排水右岸", "Name": "深澳坑溪排水右岸1K+970" }, "geometry": { "type": "Point", "coordinates": [ 121.791918538074, 25.122135843560699, 0.0 ] } },
{ "type": "Feature", "properties": { "Display": "1K+980", "River": "深澳坑溪排水右岸", "Name": "深澳坑溪排水右岸1K+980" }, "geometry": { "type": "Point", "coordinates": [ 121.79184817881, 25.122199437052402, 0.0 ] } },
{ "type": "Feature", "properties": { "Display": "1K+990", "River": "深澳坑溪排水右岸", "Name": "深澳坑溪排水右岸1K+990" }, "geometry": { "type": "Point", "coordinates": [ 121.791805276806002, 25.122279617056801, 0.0 ] } },
{ "type": "Feature", "properties": { "Display": "2K+000", "River": "深澳坑溪排水右岸", "Name": "深澳坑溪排水右岸2K+000" }, "geometry": { "type": "Point", "coordinates": [ 121.791771043758999, 25.122364341022202, 0.0 ] } },
{ "type": "Feature", "properties": { "Display": "2K+010", "River": "深澳坑溪排水右岸", "Name": "深澳坑溪排水右岸2K+010" }, "geometry": { "type": "Point", "coordinates": [ 121.791736726024993, 25.1224490374839, 0.0 ] } },
{ "type": "Feature", "properties": { "Display": "2K+020", "River": "深澳坑溪排水右岸", "Name": "深澳坑溪排水右岸2K+020" }, "geometry": { "type": "Point", "coordinates": [ 121.791707333684997, 25.122535200862099, 0.0 ] } },
{ "type": "Feature", "properties": { "Display": "2K+030", "River": "深澳坑溪排水右岸", "Name": "深澳坑溪排水右岸2K+030" }, "geometry": { "type": "Point", "coordinates": [ 121.791680032493005, 25.122621987044301, 0.0 ] } },
{ "type": "Feature", "properties": { "Display": "2K+040", "River": "深澳坑溪排水右岸", "Name": "深澳坑溪排水右岸2K+040" }, "geometry": { "type": "Point", "coordinates": [ 121.791652581055004, 25.1227087337294, 0.0 ] } },
{ "type": "Feature", "properties": { "Display": "2K+050", "River": "深澳坑溪排水右岸", "Name": "深澳坑溪排水右岸2K+050" }, "geometry": { "type": "Point", "coordinates": [ 121.791624858800006, 25.122795409218199, 0.0 ] } },
{ "type": "Feature", "properties": { "Display": "2K+060", "River": "深澳坑溪排水右岸", "Name": "深澳坑溪排水右岸2K+060" }, "geometry": { "type": "Point", "coordinates": [ 121.791596830353996, 25.122882001333998, 0.0 ] } },
{ "type": "Feature", "properties": { "Display": "2K+070", "River": "深澳坑溪排水右岸", "Name": "深澳坑溪排水右岸2K+070" }, "geometry": { "type": "Point", "coordinates": [ 121.791570172592998, 25.122968906523202, 0.0 ] } },
{ "type": "Feature", "properties": { "Display": "2K+080", "River": "深澳坑溪排水右岸", "Name": "深澳坑溪排水右岸2K+080" }, "geometry": { "type": "Point", "coordinates": [ 121.791547233846003, 25.123056733050699, 0.0 ] } },
{ "type": "Feature", "properties": { "Display": "2K+090", "River": "深澳坑溪排水右岸", "Name": "深澳坑溪排水右岸2K+090" }, "geometry": { "type": "Point", "coordinates": [ 121.791523632752003, 25.123144407499801, 0.0 ] } },
{ "type": "Feature", "properties": { "Display": "2K+100", "River": "深澳坑溪排水右岸", "Name": "深澳坑溪排水右岸2K+100" }, "geometry": { "type": "Point", "coordinates": [ 121.791493784433001, 25.123230334705202, 0.0 ] } },
{ "type": "Feature", "properties": { "Display": "2K+110", "River": "深澳坑溪排水右岸", "Name": "深澳坑溪排水右岸2K+110" }, "geometry": { "type": "Point", "coordinates": [ 121.791422571856998, 25.123292607071399, 0.0 ] } },
{ "type": "Feature", "properties": { "Display": "2K+120", "River": "深澳坑溪排水右岸", "Name": "深澳坑溪排水右岸2K+120" }, "geometry": { "type": "Point", "coordinates": [ 121.791344226866002, 25.1233478671911, 0.0 ] } },
{ "type": "Feature", "properties": { "Display": "2K+130", "River": "深澳坑溪排水右岸", "Name": "深澳坑溪排水右岸2K+130" }, "geometry": { "type": "Point", "coordinates": [ 121.791263848409997, 25.1234007334163, 0.0 ] } },
{ "type": "Feature", "properties": { "Display": "2K+140", "River": "深澳坑溪排水右岸", "Name": "深澳坑溪排水右岸2K+140" }, "geometry": { "type": "Point", "coordinates": [ 121.791182453269997, 25.123451442416801, 0.0 ] } },
{ "type": "Feature", "properties": { "Display": "2K+150", "River": "深澳坑溪排水右岸", "Name": "深澳坑溪排水右岸2K+150" }, "geometry": { "type": "Point", "coordinates": [ 121.791085976557, 25.1234719660476, 0.0 ] } },
{ "type": "Feature", "properties": { "Display": "2K+160", "River": "深澳坑溪排水右岸", "Name": "深澳坑溪排水右岸2K+160" }, "geometry": { "type": "Point", "coordinates": [ 121.790990352335001, 25.123495858990498, 0.0 ] } },
{ "type": "Feature", "properties": { "Display": "2K+170", "River": "深澳坑溪排水右岸", "Name": "深澳坑溪排水右岸2K+170" }, "geometry": { "type": "Point", "coordinates": [ 121.790894728075003, 25.1235197518726, 0.0 ] } },
{ "type": "Feature", "properties": { "Display": "2K+180", "River": "深澳坑溪排水右岸", "Name": "深澳坑溪排水右岸2K+180" }, "geometry": { "type": "Point", "coordinates": [ 121.790799103775001, 25.123543644693701, 0.0 ] } },
{ "type": "Feature", "properties": { "Display": "2K+190", "River": "深澳坑溪排水右岸", "Name": "深澳坑溪排水右岸2K+190" }, "geometry": { "type": "Point", "coordinates": [ 121.790703443221005, 25.1235674137329, 0.0 ] } },
{ "type": "Feature", "properties": { "Display": "2K+200", "River": "深澳坑溪排水右岸", "Name": "深澳坑溪排水右岸2K+200" }, "geometry": { "type": "Point", "coordinates": [ 121.790607440201995, 25.123590012922001, 0.0 ] } },
{ "type": "Feature", "properties": { "Display": "2K+210", "River": "深澳坑溪排水右岸", "Name": "深澳坑溪排水右岸2K+210" }, "geometry": { "type": "Point", "coordinates": [ 121.790514153358004, 25.123620293425901, 0.0 ] } },
{ "type": "Feature", "properties": { "Display": "2K+220", "River": "深澳坑溪排水右岸", "Name": "深澳坑溪排水右岸2K+220" }, "geometry": { "type": "Point", "coordinates": [ 121.790423961214003, 25.1236574610787, 0.0 ] } },
{ "type": "Feature", "properties": { "Display": "2K+230", "River": "深澳坑溪排水右岸", "Name": "深澳坑溪排水右岸2K+230" }, "geometry": { "type": "Point", "coordinates": [ 121.790362952248003, 25.123727616227999, 0.0 ] } },
{ "type": "Feature", "properties": { "Display": "2K+240", "River": "深澳坑溪排水右岸", "Name": "深澳坑溪排水右岸2K+240" }, "geometry": { "type": "Point", "coordinates": [ 121.790315810183003, 25.123806997810899, 0.0 ] } },
{ "type": "Feature", "properties": { "Display": "2K+250", "River": "深澳坑溪排水右岸", "Name": "深澳坑溪排水右岸2K+250" }, "geometry": { "type": "Point", "coordinates": [ 121.790267892491997, 25.123885742625401, 0.0 ] } },
{ "type": "Feature", "properties": { "Display": "2K+260", "River": "深澳坑溪排水右岸", "Name": "深澳坑溪排水右岸2K+260" }, "geometry": { "type": "Point", "coordinates": [ 121.790197774286995, 25.1239495422023, 0.0 ] } },
{ "type": "Feature", "properties": { "Display": "2K+270", "River": "深澳坑溪排水右岸", "Name": "深澳坑溪排水右岸2K+270" }, "geometry": { "type": "Point", "coordinates": [ 121.790129957809, 25.1240152502372, 0.0 ] } },
{ "type": "Feature", "properties": { "Display": "2K+280", "River": "深澳坑溪排水右岸", "Name": "深澳坑溪排水右岸2K+280" }, "geometry": { "type": "Point", "coordinates": [ 121.790050857584006, 25.1240696915246, 0.0 ] } },
{ "type": "Feature", "properties": { "Display": "2K+290", "River": "深澳坑溪排水右岸", "Name": "深澳坑溪排水右岸2K+290" }, "geometry": { "type": "Point", "coordinates": [ 121.789971757287006, 25.124124132771101, 0.0 ] } },
{ "type": "Feature", "properties": { "Display": "2K+300", "River": "深澳坑溪排水右岸", "Name": "深澳坑溪排水右岸2K+300" }, "geometry": { "type": "Point", "coordinates": [ 121.789884753986996, 25.124167172590699, 0.0 ] } },
{ "type": "Feature", "properties": { "Display": "2K+310", "River": "深澳坑溪排水右岸", "Name": "深澳坑溪排水右岸2K+310" }, "geometry": { "type": "Point", "coordinates": [ 121.789792604631003, 25.124200469589901, 0.0 ] } },
{ "type": "Feature", "properties": { "Display": "2K+320", "River": "深澳坑溪排水右岸", "Name": "深澳坑溪排水右岸2K+320" }, "geometry": { "type": "Point", "coordinates": [ 121.789694024846995, 25.124208830186099, 0.0 ] } },
{ "type": "Feature", "properties": { "Display": "2K+330", "River": "深澳坑溪排水右岸", "Name": "深澳坑溪排水右岸2K+330" }, "geometry": { "type": "Point", "coordinates": [ 121.789611771219001, 25.124168090977399, 0.0 ] } },
{ "type": "Feature", "properties": { "Display": "2K+340", "River": "深澳坑溪排水右岸", "Name": "深澳坑溪排水右岸2K+340" }, "geometry": { "type": "Point", "coordinates": [ 121.789533691312997, 25.1241126509643, 0.0 ] } },
{ "type": "Feature", "properties": { "Display": "2K+350", "River": "深澳坑溪排水右岸", "Name": "深澳坑溪排水右岸2K+350" }, "geometry": { "type": "Point", "coordinates": [ 121.789451440942003, 25.124062226846998, 0.0 ] } },
{ "type": "Feature", "properties": { "Display": "2K+360", "River": "深澳坑溪排水右岸", "Name": "深澳坑溪排水右岸2K+360" }, "geometry": { "type": "Point", "coordinates": [ 121.789371539228995, 25.124008769254001, 0.0 ] } },
{ "type": "Feature", "properties": { "Display": "2K+370", "River": "深澳坑溪排水右岸", "Name": "深澳坑溪排水右岸2K+370" }, "geometry": { "type": "Point", "coordinates": [ 121.789291726011996, 25.123955197403799, 0.0 ] } },
{ "type": "Feature", "properties": { "Display": "2K+380", "River": "深澳坑溪排水右岸", "Name": "深澳坑溪排水右岸2K+380" }, "geometry": { "type": "Point", "coordinates": [ 121.789211621017998, 25.1239019890238, 0.0 ] } },
{ "type": "Feature", "properties": { "Display": "2K+390", "River": "深澳坑溪排水右岸", "Name": "深澳坑溪排水右岸2K+390" }, "geometry": { "type": "Point", "coordinates": [ 121.789128519662995, 25.123853144545102, 0.0 ] } },
{ "type": "Feature", "properties": { "Display": "2K+400", "River": "深澳坑溪排水右岸", "Name": "深澳坑溪排水右岸2K+400" }, "geometry": { "type": "Point", "coordinates": [ 121.789035650398006, 25.123823755942599, 0.0 ] } },
{ "type": "Feature", "properties": { "Display": "2K+410", "River": "深澳坑溪排水右岸", "Name": "深澳坑溪排水右岸2K+410" }, "geometry": { "type": "Point", "coordinates": [ 121.788937495067003, 25.1238316638761, 0.0 ] } },
{ "type": "Feature", "properties": { "Display": "2K+420", "River": "深澳坑溪排水右岸", "Name": "深澳坑溪排水右岸2K+420" }, "geometry": { "type": "Point", "coordinates": [ 121.788840320049005, 25.123849426735699, 0.0 ] } },
{ "type": "Feature", "properties": { "Display": "2K+430", "River": "深澳坑溪排水右岸", "Name": "深澳坑溪排水右岸2K+430" }, "geometry": { "type": "Point", "coordinates": [ 121.788744230339006, 25.1238717192976, 0.0 ] } },
{ "type": "Feature", "properties": { "Display": "2K+440", "River": "深澳坑溪排水右岸", "Name": "深澳坑溪排水右岸2K+440" }, "geometry": { "type": "Point", "coordinates": [ 121.788648667480004, 25.123895639493, 0.0 ] } },
{ "type": "Feature", "properties": { "Display": "2K+450", "River": "深澳坑溪排水右岸", "Name": "深澳坑溪排水右岸2K+450" }, "geometry": { "type": "Point", "coordinates": [ 121.788556454670996, 25.1239284185115, 0.0 ] } },
{ "type": "Feature", "properties": { "Display": "2K+460", "River": "深澳坑溪排水右岸", "Name": "深澳坑溪排水右岸2K+460" }, "geometry": { "type": "Point", "coordinates": [ 121.788467450061006, 25.123968199417501, 0.0 ] } },
{ "type": "Feature", "properties": { "Display": "2K+470", "River": "深澳坑溪排水右岸", "Name": "深澳坑溪排水右岸2K+470" }, "geometry": { "type": "Point", "coordinates": [ 121.788379158284997, 25.124009292554, 0.0 ] } },
{ "type": "Feature", "properties": { "Display": "2K+480", "River": "深澳坑溪排水右岸", "Name": "深澳坑溪排水右岸2K+480" }, "geometry": { "type": "Point", "coordinates": [ 121.788290366492006, 25.1240494815776, 0.0 ] } },
{ "type": "Feature", "properties": { "Display": "2K+490", "River": "深澳坑溪排水右岸", "Name": "深澳坑溪排水右岸2K+490" }, "geometry": { "type": "Point", "coordinates": [ 121.788201900030003, 25.124090258670201, 0.0 ] } },
{ "type": "Feature", "properties": { "Display": "2K+500", "River": "深澳坑溪排水右岸", "Name": "深澳坑溪排水右岸2K+500" }, "geometry": { "type": "Point", "coordinates": [ 121.788114175350003, 25.124132339638699, 0.0 ] } },
{ "type": "Feature", "properties": { "Display": "2K+510", "River": "深澳坑溪排水右岸", "Name": "深澳坑溪排水右岸2K+510" }, "geometry": { "type": "Point", "coordinates": [ 121.788026517126994, 25.124174540051101, 0.0 ] } },
{ "type": "Feature", "properties": { "Display": "2K+520", "River": "深澳坑溪排水右岸", "Name": "深澳坑溪排水右岸2K+520" }, "geometry": { "type": "Point", "coordinates": [ 121.787938196531002, 25.124215582106501, 0.0 ] } },
{ "type": "Feature", "properties": { "Display": "2K+530", "River": "深澳坑溪排水右岸", "Name": "深澳坑溪排水右岸2K+530" }, "geometry": { "type": "Point", "coordinates": [ 121.787849875876006, 25.124256624110501, 0.0 ] } },
{ "type": "Feature", "properties": { "Display": "2K+540", "River": "深澳坑溪排水右岸", "Name": "深澳坑溪排水右岸2K+540" }, "geometry": { "type": "Point", "coordinates": [ 121.787761555160003, 25.124297666063001, 0.0 ] } },
{ "type": "Feature", "properties": { "Display": "2K+550", "River": "深澳坑溪排水右岸", "Name": "深澳坑溪排水右岸2K+550" }, "geometry": { "type": "Point", "coordinates": [ 121.787679020254998, 25.124347603361901, 0.0 ] } },
{ "type": "Feature", "properties": { "Display": "2K+560", "River": "深澳坑溪排水右岸", "Name": "深澳坑溪排水右岸2K+560" }, "geometry": { "type": "Point", "coordinates": [ 121.787590229356994, 25.1243876912182, 0.0 ] } },
{ "type": "Feature", "properties": { "Display": "2K+570", "River": "深澳坑溪排水右岸", "Name": "深澳坑溪排水右岸2K+570" }, "geometry": { "type": "Point", "coordinates": [ 121.787495736432007, 25.1244148359809, 0.0 ] } },
{ "type": "Feature", "properties": { "Display": "2K+580", "River": "深澳坑溪排水右岸", "Name": "深澳坑溪排水右岸2K+580" }, "geometry": { "type": "Point", "coordinates": [ 121.787402119012, 25.124444322672801, 0.0 ] } },
{ "type": "Feature", "properties": { "Display": "2K+590", "River": "深澳坑溪排水右岸", "Name": "深澳坑溪排水右岸2K+590" }, "geometry": { "type": "Point", "coordinates": [ 121.787322700461004, 25.1244980228415, 0.0 ] } },
{ "type": "Feature", "properties": { "Display": "2K+600", "River": "深澳坑溪排水右岸", "Name": "深澳坑溪排水右岸2K+600" }, "geometry": { "type": "Point", "coordinates": [ 121.787250746243998, 25.124560132721999, 0.0 ] } },
{ "type": "Feature", "properties": { "Display": "2K+610", "River": "深澳坑溪排水右岸", "Name": "深澳坑溪排水右岸2K+610" }, "geometry": { "type": "Point", "coordinates": [ 121.787184474891006, 25.1246272671114, 0.0 ] } },
{ "type": "Feature", "properties": { "Display": "2K+620", "River": "深澳坑溪排水右岸", "Name": "深澳坑溪排水右岸2K+620" }, "geometry": { "type": "Point", "coordinates": [ 121.787113975173, 25.124690548271801, 0.0 ] } },
{ "type": "Feature", "properties": { "Display": "2K+630", "River": "深澳坑溪排水右岸", "Name": "深澳坑溪排水右岸2K+630" }, "geometry": { "type": "Point", "coordinates": [ 121.787030958291993, 25.124739807688499, 0.0 ] } },
{ "type": "Feature", "properties": { "Display": "2K+640", "River": "深澳坑溪排水右岸", "Name": "深澳坑溪排水右岸2K+640" }, "geometry": { "type": "Point", "coordinates": [ 121.786950165484001, 25.124792058765799, 0.0 ] } },
{ "type": "Feature", "properties": { "Display": "2K+650", "River": "深澳坑溪排水右岸", "Name": "深澳坑溪排水右岸2K+650" }, "geometry": { "type": "Point", "coordinates": [ 121.786862161295005, 25.124833593632101, 0.0 ] } },
{ "type": "Feature", "properties": { "Display": "2K+660", "River": "深澳坑溪排水右岸", "Name": "深澳坑溪排水右岸2K+660" }, "geometry": { "type": "Point", "coordinates": [ 121.786771562542995, 25.124870291007799, 0.0 ] } },
{ "type": "Feature", "properties": { "Display": "2K+670", "River": "深澳坑溪排水右岸", "Name": "深澳坑溪排水右岸2K+670" }, "geometry": { "type": "Point", "coordinates": [ 121.786686975191003, 25.1249166482392, 0.0 ] } },
{ "type": "Feature", "properties": { "Display": "2K+680", "River": "深澳坑溪排水右岸", "Name": "深澳坑溪排水右岸2K+680" }, "geometry": { "type": "Point", "coordinates": [ 121.786615973444, 25.1249795839129, 0.0 ] } },
{ "type": "Feature", "properties": { "Display": "2K+690", "River": "深澳坑溪排水右岸", "Name": "深澳坑溪排水右岸2K+690" }, "geometry": { "type": "Point", "coordinates": [ 121.786545755454, 25.1250433251973, 0.0 ] } },
{ "type": "Feature", "properties": { "Display": "2K+700", "River": "深澳坑溪排水右岸", "Name": "深澳坑溪排水右岸2K+700" }, "geometry": { "type": "Point", "coordinates": [ 121.786477159328001, 25.125108515435599, 0.0 ] } },
{ "type": "Feature", "properties": { "Display": "2K+710", "River": "深澳坑溪排水右岸", "Name": "深澳坑溪排水右岸2K+710" }, "geometry": { "type": "Point", "coordinates": [ 121.786408563129001, 25.125173705643299, 0.0 ] } },
{ "type": "Feature", "properties": { "Display": "2K+720", "River": "深澳坑溪排水右岸", "Name": "深澳坑溪排水右岸2K+720" }, "geometry": { "type": "Point", "coordinates": [ 121.786337627592999, 25.125236669387998, 0.0 ] } },
{ "type": "Feature", "properties": { "Display": "2K+730", "River": "深澳坑溪排水右岸", "Name": "深澳坑溪排水右岸2K+730" }, "geometry": { "type": "Point", "coordinates": [ 121.786263043557, 25.125296160647402, 0.0 ] } },
{ "type": "Feature", "properties": { "Display": "2K+740", "River": "深澳坑溪排水右岸", "Name": "深澳坑溪排水右岸2K+740" }, "geometry": { "type": "Point", "coordinates": [ 121.786194854317003, 25.125361575739198, 0.0 ] } },
{ "type": "Feature", "properties": { "Display": "2K+750", "River": "深澳坑溪排水右岸", "Name": "深澳坑溪排水右岸2K+750" }, "geometry": { "type": "Point", "coordinates": [ 121.786124258260998, 25.125424833486999, 0.0 ] } },
{ "type": "Feature", "properties": { "Display": "2K+760", "River": "深澳坑溪排水右岸", "Name": "深澳坑溪排水右岸2K+760" }, "geometry": { "type": "Point", "coordinates": [ 121.786044370007005, 25.125478275700299, 0.0 ] } },
{ "type": "Feature", "properties": { "Display": "2K+770", "River": "深澳坑溪排水右岸", "Name": "深澳坑溪排水右岸2K+770" }, "geometry": { "type": "Point", "coordinates": [ 121.785960764229998, 25.1255267785575, 0.0 ] } },
{ "type": "Feature", "properties": { "Display": "2K+780", "River": "深澳坑溪排水右岸", "Name": "深澳坑溪排水右岸2K+780" }, "geometry": { "type": "Point", "coordinates": [ 121.785874970071006, 25.125571975825402, 0.0 ] } },
{ "type": "Feature", "properties": { "Display": "2K+790", "River": "深澳坑溪排水右岸", "Name": "深澳坑溪排水右岸2K+790" }, "geometry": { "type": "Point", "coordinates": [ 121.785791124453993, 25.1256200318788, 0.0 ] } },
{ "type": "Feature", "properties": { "Display": "2K+800", "River": "深澳坑溪排水右岸", "Name": "深澳坑溪排水右岸2K+800" }, "geometry": { "type": "Point", "coordinates": [ 121.785722305115996, 25.1256849226729, 0.0 ] } },
{ "type": "Feature", "properties": { "Display": "2K+810", "River": "深澳坑溪排水右岸", "Name": "深澳坑溪排水右岸2K+810" }, "geometry": { "type": "Point", "coordinates": [ 121.785666911985004, 25.125759227897898, 0.0 ] } },
{ "type": "Feature", "properties": { "Display": "2K+820", "River": "深澳坑溪排水右岸", "Name": "深澳坑溪排水右岸2K+820" }, "geometry": { "type": "Point", "coordinates": [ 121.785639739532996, 25.1258458766413, 0.0 ] } },
{ "type": "Feature", "properties": { "Display": "2K+830", "River": "深澳坑溪排水右岸", "Name": "深澳坑溪排水右岸2K+830" }, "geometry": { "type": "Point", "coordinates": [ 121.785623328531997, 25.125934847048701, 0.0 ] } },
{ "type": "Feature", "properties": { "Display": "2K+840", "River": "深澳坑溪排水右岸", "Name": "深澳坑溪排水右岸2K+840" }, "geometry": { "type": "Point", "coordinates": [ 121.785645731740999, 25.126021724495601, 0.0 ] } },
{ "type": "Feature", "properties": { "Display": "2K+850", "River": "深澳坑溪排水右岸", "Name": "深澳坑溪排水右岸2K+850" }, "geometry": { "type": "Point", "coordinates": [ 121.785660601624997, 25.1261108107235, 0.0 ] } },
{ "type": "Feature", "properties": { "Display": "2K+860", "River": "深澳坑溪排水右岸", "Name": "深澳坑溪排水右岸2K+860" }, "geometry": { "type": "Point", "coordinates": [ 121.785692967545003, 25.126194397882401, 0.0 ] } },
{ "type": "Feature", "properties": { "Display": "2K+870", "River": "深澳坑溪排水右岸", "Name": "深澳坑溪排水右岸2K+870" }, "geometry": { "type": "Point", "coordinates": [ 121.78571986979, 25.126279347069399, 0.0 ] } },
{ "type": "Feature", "properties": { "Display": "2K+880", "River": "深澳坑溪排水右岸", "Name": "深澳坑溪排水右岸2K+880" }, "geometry": { "type": "Point", "coordinates": [ 121.785731078761003, 25.126368983181202, 0.0 ] } },
{ "type": "Feature", "properties": { "Display": "2K+890", "River": "深澳坑溪排水右岸", "Name": "深澳坑溪排水右岸2K+890" }, "geometry": { "type": "Point", "coordinates": [ 121.785751142178, 25.126457374514601, 0.0 ] } },
{ "type": "Feature", "properties": { "Display": "2K+900", "River": "深澳坑溪排水右岸", "Name": "深澳坑溪排水右岸2K+900" }, "geometry": { "type": "Point", "coordinates": [ 121.785754404106001, 25.126547470036598, 0.0 ] } },
{ "type": "Feature", "properties": { "Display": "2K+910", "River": "深澳坑溪排水右岸", "Name": "深澳坑溪排水右岸2K+910" }, "geometry": { "type": "Point", "coordinates": [ 121.785736573316996, 25.126635914687, 0.0 ] } },
{ "type": "Feature", "properties": { "Display": "2K+920", "River": "深澳坑溪排水右岸", "Name": "深澳坑溪排水右岸2K+920" }, "geometry": { "type": "Point", "coordinates": [ 121.785706298419996, 25.126721816864102, 0.0 ] } },
{ "type": "Feature", "properties": { "Display": "2K+930", "River": "深澳坑溪排水右岸", "Name": "深澳坑溪排水右岸2K+930" }, "geometry": { "type": "Point", "coordinates": [ 121.785678954717, 25.126808591460598, 0.0 ] } },
{ "type": "Feature", "properties": { "Display": "2K+940", "River": "深澳坑溪排水右岸", "Name": "深澳坑溪排水右岸2K+940" }, "geometry": { "type": "Point", "coordinates": [ 121.785651370406995, 25.126895303725199, 0.0 ] } },
{ "type": "Feature", "properties": { "Display": "2K+950", "River": "深澳坑溪排水右岸", "Name": "深澳坑溪排水右岸2K+950" }, "geometry": { "type": "Point", "coordinates": [ 121.785617297890994, 25.126979851138501, 0.0 ] } },
{ "type": "Feature", "properties": { "Display": "2K+960", "River": "深澳坑溪排水右岸", "Name": "深澳坑溪排水右岸2K+960" }, "geometry": { "type": "Point", "coordinates": [ 121.785575987580998, 25.1270618403538, 0.0 ] } },
{ "type": "Feature", "properties": { "Display": "2K+970", "River": "深澳坑溪排水右岸", "Name": "深澳坑溪排水右岸2K+970" }, "geometry": { "type": "Point", "coordinates": [ 121.785519874678002, 25.127136272240101, 0.0 ] } },
{ "type": "Feature", "properties": { "Display": "2K+980", "River": "深澳坑溪排水右岸", "Name": "深澳坑溪排水右岸2K+980" }, "geometry": { "type": "Point", "coordinates": [ 121.785472851280005, 25.127215061207099, 0.0 ] } },
{ "type": "Feature", "properties": { "Display": "2K+990", "River": "深澳坑溪排水右岸", "Name": "深澳坑溪排水右岸2K+990" }, "geometry": { "type": "Point", "coordinates": [ 121.785481832838002, 25.127302235193, 0.0 ] } },
{ "type": "Feature", "properties": { "Display": "3K+000", "River": "深澳坑溪排水右岸", "Name": "深澳坑溪排水右岸3K+000" }, "geometry": { "type": "Point", "coordinates": [ 121.785527863422004, 25.1273821938792, 0.0 ] } },
{ "type": "Feature", "properties": { "Display": "3K+010", "River": "深澳坑溪排水右岸", "Name": "深澳坑溪排水右岸3K+010" }, "geometry": { "type": "Point", "coordinates": [ 121.785568453482, 25.127464477245098, 0.0 ] } },
{ "type": "Feature", "properties": { "Display": "3K+020", "River": "深澳坑溪排水右岸", "Name": "深澳坑溪排水右岸3K+020" }, "geometry": { "type": "Point", "coordinates": [ 121.785588405862995, 25.127552313994599, 0.0 ] } },
{ "type": "Feature", "properties": { "Display": "3K+030", "River": "深澳坑溪排水右岸", "Name": "深澳坑溪排水右岸3K+030" }, "geometry": { "type": "Point", "coordinates": [ 121.785581937231996, 25.127638975541799, 0.0 ] } },
{ "type": "Feature", "properties": { "Display": "3K+040", "River": "深澳坑溪排水右岸", "Name": "深澳坑溪排水右岸3K+040" }, "geometry": { "type": "Point", "coordinates": [ 121.785499591214005, 25.1276867986534, 0.0 ] } },
{ "type": "Feature", "properties": { "Display": "3K+050", "River": "深澳坑溪排水右岸", "Name": "深澳坑溪排水右岸3K+050" }, "geometry": { "type": "Point", "coordinates": [ 121.785408039009994, 25.127720427070098, 0.0 ] } },
{ "type": "Feature", "properties": { "Display": "3K+060", "River": "深澳坑溪排水右岸", "Name": "深澳坑溪排水右岸3K+060" }, "geometry": { "type": "Point", "coordinates": [ 121.785319267381993, 25.1276920371307, 0.0 ] } },
{ "type": "Feature", "properties": { "Display": "3K+070", "River": "深澳坑溪排水右岸", "Name": "深澳坑溪排水右岸3K+070" }, "geometry": { "type": "Point", "coordinates": [ 121.785288402074002, 25.1276077147343, 0.0 ] } },
{ "type": "Feature", "properties": { "Display": "3K+080", "River": "深澳坑溪排水右岸", "Name": "深澳坑溪排水右岸3K+080" }, "geometry": { "type": "Point", "coordinates": [ 121.785263874386999, 25.127520257209401, 0.0 ] } },
{ "type": "Feature", "properties": { "Display": "3K+090", "River": "深澳坑溪排水右岸", "Name": "深澳坑溪排水右岸3K+090" }, "geometry": { "type": "Point", "coordinates": [ 121.785214547595004, 25.127442251701801, 0.0 ] } },
{ "type": "Feature", "properties": { "Display": "3K+100", "River": "深澳坑溪排水右岸", "Name": "深澳坑溪排水右岸3K+100" }, "geometry": { "type": "Point", "coordinates": [ 121.785150094030001, 25.1273771499833, 0.0 ] } },
{ "type": "Feature", "properties": { "Display": "3K+110", "River": "深澳坑溪排水右岸", "Name": "深澳坑溪排水右岸3K+110" }, "geometry": { "type": "Point", "coordinates": [ 121.785055573712995, 25.127364358394601, 0.0 ] } },
{ "type": "Feature", "properties": { "Display": "3K+120", "River": "深澳坑溪排水右岸", "Name": "深澳坑溪排水右岸3K+120" }, "geometry": { "type": "Point", "coordinates": [ 121.784956664500996, 25.127357896739301, 0.0 ] } },
{ "type": "Feature", "properties": { "Display": "3K+130", "River": "深澳坑溪排水右岸", "Name": "深澳坑溪排水右岸3K+130" }, "geometry": { "type": "Point", "coordinates": [ 121.784859310648002, 25.1273718639031, 0.0 ] } },
{ "type": "Feature", "properties": { "Display": "3K+140", "River": "深澳坑溪排水右岸", "Name": "深澳坑溪排水右岸3K+140" }, "geometry": { "type": "Point", "coordinates": [ 121.784761270717993, 25.127382974442099, 0.0 ] } },
{ "type": "Feature", "properties": { "Display": "3K+150", "River": "深澳坑溪排水右岸", "Name": "深澳坑溪排水右岸3K+150" }, "geometry": { "type": "Point", "coordinates": [ 121.784662471483998, 25.127386216026199, 0.0 ] } },
{ "type": "Feature", "properties": { "Display": "3K+160", "River": "深澳坑溪排水右岸", "Name": "深澳坑溪排水右岸3K+160" }, "geometry": { "type": "Point", "coordinates": [ 121.784564693888996, 25.1273734344994, 0.0 ] } },
{ "type": "Feature", "properties": { "Display": "3K+170", "River": "深澳坑溪排水右岸", "Name": "深澳坑溪排水右岸3K+170" }, "geometry": { "type": "Point", "coordinates": [ 121.784474832282996, 25.1273357291366, 0.0 ] } },
{ "type": "Feature", "properties": { "Display": "3K+180", "River": "深澳坑溪排水右岸", "Name": "深澳坑溪排水右岸3K+180" }, "geometry": { "type": "Point", "coordinates": [ 121.784386485797, 25.127294736382499, 0.0 ] } },
{ "type": "Feature", "properties": { "Display": "3K+190", "River": "深澳坑溪排水右岸", "Name": "深澳坑溪排水右岸3K+190" }, "geometry": { "type": "Point", "coordinates": [ 121.784295657716996, 25.1272587530189, 0.0 ] } },
{ "type": "Feature", "properties": { "Display": "3K+200", "River": "深澳坑溪排水右岸", "Name": "深澳坑溪排水右岸3K+200" }, "geometry": { "type": "Point", "coordinates": [ 121.784202428320995, 25.127228265995399, 0.0 ] } },
{ "type": "Feature", "properties": { "Display": "3K+210", "River": "深澳坑溪排水右岸", "Name": "深澳坑溪排水右岸3K+210" }, "geometry": { "type": "Point", "coordinates": [ 121.784107649139997, 25.127201719757199, 0.0 ] } },
{ "type": "Feature", "properties": { "Display": "3K+220", "River": "深澳坑溪排水右岸", "Name": "深澳坑溪排水右岸3K+220" }, "geometry": { "type": "Point", "coordinates": [ 121.784012869996999, 25.127175173457299, 0.0 ] } },
{ "type": "Feature", "properties": { "Display": "0K+000", "River": "深澳坑溪排水左岸", "Name": "深澳坑溪排水左岸0K+000" }, "geometry": { "type": "Point", "coordinates": [ 121.795129595763001, 25.1128213791063, 0.0 ] } },
{ "type": "Feature", "properties": { "Display": "0K+010", "River": "深澳坑溪排水左岸", "Name": "深澳坑溪排水左岸0K+010" }, "geometry": { "type": "Point", "coordinates": [ 121.795172630736005, 25.112902707891799, 0.0 ] } },
{ "type": "Feature", "properties": { "Display": "0K+020", "River": "深澳坑溪排水左岸", "Name": "深澳坑溪排水左岸0K+020" }, "geometry": { "type": "Point", "coordinates": [ 121.795215665767998, 25.112984036662599, 0.0 ] } },
{ "type": "Feature", "properties": { "Display": "0K+030", "River": "深澳坑溪排水左岸", "Name": "深澳坑溪排水左岸0K+030" }, "geometry": { "type": "Point", "coordinates": [ 121.795275323056998, 25.113055526320402, 0.0 ] } },
{ "type": "Feature", "properties": { "Display": "0K+040", "River": "深澳坑溪排水左岸", "Name": "深澳坑溪排水左岸0K+040" }, "geometry": { "type": "Point", "coordinates": [ 121.795335782543006, 25.1131268848392, 0.0 ] } },
{ "type": "Feature", "properties": { "Display": "0K+050", "River": "深澳坑溪排水左岸", "Name": "深澳坑溪排水左岸0K+050" }, "geometry": { "type": "Point", "coordinates": [ 121.795392518765993, 25.113200919913499, 0.0 ] } },
{ "type": "Feature", "properties": { "Display": "0K+060", "River": "深澳坑溪排水左岸", "Name": "深澳坑溪排水左岸0K+060" }, "geometry": { "type": "Point", "coordinates": [ 121.795450500377001, 25.113273953264901, 0.0 ] } },
{ "type": "Feature", "properties": { "Display": "0K+070", "River": "深澳坑溪排水左岸", "Name": "深澳坑溪排水左岸0K+070" }, "geometry": { "type": "Point", "coordinates": [ 121.795509872915005, 25.113344358832901, 0.0 ] } },
{ "type": "Feature", "properties": { "Display": "0K+080", "River": "深澳坑溪排水左岸", "Name": "深澳坑溪排水左岸0K+080" }, "geometry": { "type": "Point", "coordinates": [ 121.795562778158001, 25.113420683869499, 0.0 ] } },
{ "type": "Feature", "properties": { "Display": "0K+090", "River": "深澳坑溪排水左岸", "Name": "深澳坑溪排水左岸0K+090" }, "geometry": { "type": "Point", "coordinates": [ 121.795621328896004, 25.113493538162999, 0.0 ] } },
{ "type": "Feature", "properties": { "Display": "0K+100", "River": "深澳坑溪排水左岸", "Name": "深澳坑溪排水左岸0K+100" }, "geometry": { "type": "Point", "coordinates": [ 121.795680828068996, 25.1135657520935, 0.0 ] } },
{ "type": "Feature", "properties": { "Display": "0K+110", "River": "深澳坑溪排水左岸", "Name": "深澳坑溪排水左岸0K+110" }, "geometry": { "type": "Point", "coordinates": [ 121.795741328332994, 25.113637195940999, 0.0 ] } },
{ "type": "Feature", "properties": { "Display": "0K+120", "River": "深澳坑溪排水左岸", "Name": "深澳坑溪排水左岸0K+120" }, "geometry": { "type": "Point", "coordinates": [ 121.795821358265997, 25.113688639500701, 0.0 ] } },
{ "type": "Feature", "properties": { "Display": "0K+130", "River": "深澳坑溪排水左岸", "Name": "深澳坑溪排水左岸0K+130" }, "geometry": { "type": "Point", "coordinates": [ 121.795917419324994, 25.113708692391398, 0.0 ] } },
{ "type": "Feature", "properties": { "Display": "0K+140", "River": "深澳坑溪排水左岸", "Name": "深澳坑溪排水左岸0K+140" }, "geometry": { "type": "Point", "coordinates": [ 121.796016277088, 25.1137155221748, 0.0 ] } },
{ "type": "Feature", "properties": { "Display": "0K+150", "River": "深澳坑溪排水左岸", "Name": "深澳坑溪排水左岸0K+150" }, "geometry": { "type": "Point", "coordinates": [ 121.796115323825006, 25.113719687383401, 0.0 ] } },
{ "type": "Feature", "properties": { "Display": "0K+160", "River": "深澳坑溪排水左岸", "Name": "深澳坑溪排水左岸0K+160" }, "geometry": { "type": "Point", "coordinates": [ 121.796214391199001, 25.113722863031601, 0.0 ] } },
{ "type": "Feature", "properties": { "Display": "0K+170", "River": "深澳坑溪排水左岸", "Name": "深澳坑溪排水左岸0K+170" }, "geometry": { "type": "Point", "coordinates": [ 121.796313540203997, 25.113722123658501, 0.0 ] } },
{ "type": "Feature", "properties": { "Display": "0K+180", "River": "深澳坑溪排水左岸", "Name": "深澳坑溪排水左岸0K+180" }, "geometry": { "type": "Point", "coordinates": [ 121.796412579315998, 25.113718727757401, 0.0 ] } },
{ "type": "Feature", "properties": { "Display": "0K+190", "River": "深澳坑溪排水左岸", "Name": "深澳坑溪排水左岸0K+190" }, "geometry": { "type": "Point", "coordinates": [ 121.796511520771006, 25.113712863037001, 0.0 ] } },
{ "type": "Feature", "properties": { "Display": "0K+200", "River": "深澳坑溪排水左岸", "Name": "深澳坑溪排水左岸0K+200" }, "geometry": { "type": "Point", "coordinates": [ 121.796610094703993, 25.113717952484201, 0.0 ] } },
{ "type": "Feature", "properties": { "Display": "0K+210", "River": "深澳坑溪排水左岸", "Name": "深澳坑溪排水左岸0K+210" }, "geometry": { "type": "Point", "coordinates": [ 121.796704860852003, 25.113741663688401, 0.0 ] } },
{ "type": "Feature", "properties": { "Display": "0K+220", "River": "深澳坑溪排水左岸", "Name": "深澳坑溪排水左岸0K+220" }, "geometry": { "type": "Point", "coordinates": [ 121.796793495627995, 25.1137816108007, 0.0 ] } },
{ "type": "Feature", "properties": { "Display": "0K+230", "River": "深澳坑溪排水左岸", "Name": "深澳坑溪排水左岸0K+230" }, "geometry": { "type": "Point", "coordinates": [ 121.796872642443006, 25.113835543536499, 0.0 ] } },
{ "type": "Feature", "properties": { "Display": "0K+240", "River": "深澳坑溪排水左岸", "Name": "深澳坑溪排水左岸0K+240" }, "geometry": { "type": "Point", "coordinates": [ 121.796950070069002, 25.113891863321001, 0.0 ] } },
{ "type": "Feature", "properties": { "Display": "0K+250", "River": "深澳坑溪排水左岸", "Name": "深澳坑溪排水左岸0K+250" }, "geometry": { "type": "Point", "coordinates": [ 121.797029461612993, 25.113945923035502, 0.0 ] } },
{ "type": "Feature", "properties": { "Display": "0K+260", "River": "深澳坑溪排水左岸", "Name": "深澳坑溪排水左岸0K+260" }, "geometry": { "type": "Point", "coordinates": [ 121.797117757592005, 25.1139861272266, 0.0 ] } },
{ "type": "Feature", "properties": { "Display": "0K+270", "River": "深澳坑溪排水左岸", "Name": "深澳坑溪排水左岸0K+270" }, "geometry": { "type": "Point", "coordinates": [ 121.797212488445993, 25.114011673054002, 0.0 ] } },
{ "type": "Feature", "properties": { "Display": "0K+280", "River": "深澳坑溪排水左岸", "Name": "深澳坑溪排水左岸0K+280" }, "geometry": { "type": "Point", "coordinates": [ 121.797311376485993, 25.1140170263462, 0.0 ] } },
{ "type": "Feature", "properties": { "Display": "0K+290", "River": "深澳坑溪排水左岸", "Name": "深澳坑溪排水左岸0K+290" }, "geometry": { "type": "Point", "coordinates": [ 121.797409614179003, 25.114006199950399, 0.0 ] } },
{ "type": "Feature", "properties": { "Display": "0K+300", "River": "深澳坑溪排水左岸", "Name": "深澳坑溪排水左岸0K+300" }, "geometry": { "type": "Point", "coordinates": [ 121.797508702762997, 25.114003122517602, 0.0 ] } },
{ "type": "Feature", "properties": { "Display": "0K+310", "River": "深澳坑溪排水左岸", "Name": "深澳坑溪排水左岸0K+310" }, "geometry": { "type": "Point", "coordinates": [ 121.797607219642003, 25.114010093235599, 0.0 ] } },
{ "type": "Feature", "properties": { "Display": "0K+320", "River": "深澳坑溪排水左岸", "Name": "深澳坑溪排水左岸0K+320" }, "geometry": { "type": "Point", "coordinates": [ 121.797696464905002, 25.114048704716801, 0.0 ] } },
{ "type": "Feature", "properties": { "Display": "0K+330", "River": "深澳坑溪排水左岸", "Name": "深澳坑溪排水左岸0K+330" }, "geometry": { "type": "Point", "coordinates": [ 121.797775535550002, 25.114102784021501, 0.0 ] } },
{ "type": "Feature", "properties": { "Display": "0K+340", "River": "深澳坑溪排水左岸", "Name": "深澳坑溪排水左岸0K+340" }, "geometry": { "type": "Point", "coordinates": [ 121.797816582101007, 25.114183285756798, 0.0 ] } },
{ "type": "Feature", "properties": { "Display": "0K+350", "River": "深澳坑溪排水左岸", "Name": "深澳坑溪排水左岸0K+350" }, "geometry": { "type": "Point", "coordinates": [ 121.797834440727001, 25.114271808135101, 0.0 ] } },
{ "type": "Feature", "properties": { "Display": "0K+360", "River": "深澳坑溪排水左岸", "Name": "深澳坑溪排水左岸0K+360" }, "geometry": { "type": "Point", "coordinates": [ 121.797830850340006, 25.1143616149194, 0.0 ] } },
{ "type": "Feature", "properties": { "Display": "0K+370", "River": "深澳坑溪排水左岸", "Name": "深澳坑溪排水左岸0K+370" }, "geometry": { "type": "Point", "coordinates": [ 121.797818402068998, 25.114451175861699, 0.0 ] } },
{ "type": "Feature", "properties": { "Display": "0K+380", "River": "深澳坑溪排水左岸", "Name": "深澳坑溪排水左岸0K+380" }, "geometry": { "type": "Point", "coordinates": [ 121.797800763547997, 25.114540010193299, 0.0 ] } },
{ "type": "Feature", "properties": { "Display": "0K+390", "River": "深澳坑溪排水左岸", "Name": "深澳坑溪排水左岸0K+390" }, "geometry": { "type": "Point", "coordinates": [ 121.797783084718006, 25.114628838882901, 0.0 ] } },
{ "type": "Feature", "properties": { "Display": "0K+400", "River": "深澳坑溪排水左岸", "Name": "深澳坑溪排水左岸0K+400" }, "geometry": { "type": "Point", "coordinates": [ 121.797762508709994, 25.114717142155499, 0.0 ] } },
{ "type": "Feature", "properties": { "Display": "0K+410", "River": "深澳坑溪排水左岸", "Name": "深澳坑溪排水左岸0K+410" }, "geometry": { "type": "Point", "coordinates": [ 121.797741453797002, 25.114805358578199, 0.0 ] } },
{ "type": "Feature", "properties": { "Display": "0K+420", "River": "深澳坑溪排水左岸", "Name": "深澳坑溪排水左岸0K+420" }, "geometry": { "type": "Point", "coordinates": [ 121.797720749372004, 25.114893608159701, 0.0 ] } },
{ "type": "Feature", "properties": { "Display": "0K+430", "River": "深澳坑溪排水左岸", "Name": "深澳坑溪排水左岸0K+430" }, "geometry": { "type": "Point", "coordinates": [ 121.797721432778005, 25.114983881231801, 0.0 ] } },
{ "type": "Feature", "properties": { "Display": "0K+440", "River": "深澳坑溪排水左岸", "Name": "深澳坑溪排水左岸0K+440" }, "geometry": { "type": "Point", "coordinates": [ 121.797730799486004, 25.115073510796801, 0.0 ] } },
{ "type": "Feature", "properties": { "Display": "0K+450", "River": "深澳坑溪排水左岸", "Name": "深澳坑溪排水左岸0K+450" }, "geometry": { "type": "Point", "coordinates": [ 121.797751582687994, 25.115161621804699, 0.0 ] } },
{ "type": "Feature", "properties": { "Display": "0K+460", "River": "深澳坑溪排水左岸", "Name": "深澳坑溪排水左岸0K+460" }, "geometry": { "type": "Point", "coordinates": [ 121.797797723811996, 25.115241086675301, 0.0 ] } },
{ "type": "Feature", "properties": { "Display": "0K+470", "River": "深澳坑溪排水左岸", "Name": "深澳坑溪排水左岸0K+470" }, "geometry": { "type": "Point", "coordinates": [ 121.797863252162998, 25.1153084810318, 0.0 ] } },
{ "type": "Feature", "properties": { "Display": "0K+480", "River": "深澳坑溪排水左岸", "Name": "深澳坑溪排水左岸0K+480" }, "geometry": { "type": "Point", "coordinates": [ 121.797916204714994, 25.115383874724198, 0.0 ] } },
{ "type": "Feature", "properties": { "Display": "0K+490", "River": "深澳坑溪排水左岸", "Name": "深澳坑溪排水左岸0K+490" }, "geometry": { "type": "Point", "coordinates": [ 121.797947590147999, 25.115468780542098, 0.0 ] } },
{ "type": "Feature", "properties": { "Display": "0K+500", "River": "深澳坑溪排水左岸", "Name": "深澳坑溪排水左岸0K+500" }, "geometry": { "type": "Point", "coordinates": [ 121.797966545072001, 25.1155573889063, 0.0 ] } },
{ "type": "Feature", "properties": { "Display": "0K+510", "River": "深澳坑溪排水左岸", "Name": "深澳坑溪排水左岸0K+510" }, "geometry": { "type": "Point", "coordinates": [ 121.797984985745998, 25.115646089118201, 0.0 ] } },
{ "type": "Feature", "properties": { "Display": "0K+520", "River": "深澳坑溪排水左岸", "Name": "深澳坑溪排水左岸0K+520" }, "geometry": { "type": "Point", "coordinates": [ 121.798000976892993, 25.1157351301751, 0.0 ] } },
{ "type": "Feature", "properties": { "Display": "0K+530", "River": "深澳坑溪排水左岸", "Name": "深澳坑溪排水左岸0K+530" }, "geometry": { "type": "Point", "coordinates": [ 121.798012477431996, 25.1158247960879, 0.0 ] } },
{ "type": "Feature", "properties": { "Display": "0K+540", "River": "深澳坑溪排水左岸", "Name": "深澳坑溪排水左岸0K+540" }, "geometry": { "type": "Point", "coordinates": [ 121.798023977989999, 25.115914461998301, 0.0 ] } },
{ "type": "Feature", "properties": { "Display": "0K+550", "River": "深澳坑溪排水左岸", "Name": "深澳坑溪排水左岸0K+550" }, "geometry": { "type": "Point", "coordinates": [ 121.798035478567002, 25.116004127906301, 0.0 ] } },
{ "type": "Feature", "properties": { "Display": "0K+560", "River": "深澳坑溪排水左岸", "Name": "深澳坑溪排水左岸0K+560" }, "geometry": { "type": "Point", "coordinates": [ 121.798054788860995, 25.1160923147566, 0.0 ] } },
{ "type": "Feature", "properties": { "Display": "0K+570", "River": "深澳坑溪排水左岸", "Name": "深澳坑溪排水左岸0K+570" }, "geometry": { "type": "Point", "coordinates": [ 121.798069083100003, 25.116181432232001, 0.0 ] } },
{ "type": "Feature", "properties": { "Display": "0K+580", "River": "深澳坑溪排水左岸", "Name": "深澳坑溪排水左岸0K+580" }, "geometry": { "type": "Point", "coordinates": [ 121.798116784955994, 25.1162589356213, 0.0 ] } },
{ "type": "Feature", "properties": { "Display": "0K+590", "River": "深澳坑溪排水左岸", "Name": "深澳坑溪排水左岸0K+590" }, "geometry": { "type": "Point", "coordinates": [ 121.798200106235996, 25.116305307324598, 0.0 ] } },
{ "type": "Feature", "properties": { "Display": "0K+600", "River": "深澳坑溪排水左岸", "Name": "深澳坑溪排水左岸0K+600" }, "geometry": { "type": "Point", "coordinates": [ 121.798290629332001, 25.116342039269799, 0.0 ] } },
{ "type": "Feature", "properties": { "Display": "0K+610", "River": "深澳坑溪排水左岸", "Name": "深澳坑溪排水左岸0K+610" }, "geometry": { "type": "Point", "coordinates": [ 121.798381613860997, 25.116377916466401, 0.0 ] } },
{ "type": "Feature", "properties": { "Display": "0K+620", "River": "深澳坑溪排水左岸", "Name": "深澳坑溪排水左岸0K+620" }, "geometry": { "type": "Point", "coordinates": [ 121.798463172135996, 25.1164285239287, 0.0 ] } },
{ "type": "Feature", "properties": { "Display": "0K+630", "River": "深澳坑溪排水左岸", "Name": "深澳坑溪排水左岸0K+630" }, "geometry": { "type": "Point", "coordinates": [ 121.798534114570998, 25.116491516147299, 0.0 ] } },
{ "type": "Feature", "properties": { "Display": "0K+640", "River": "深澳坑溪排水左岸", "Name": "深澳坑溪排水左岸0K+640" }, "geometry": { "type": "Point", "coordinates": [ 121.798594764458997, 25.116562758252901, 0.0 ] } },
{ "type": "Feature", "properties": { "Display": "0K+650", "River": "深澳坑溪排水左岸", "Name": "深澳坑溪排水左岸0K+650" }, "geometry": { "type": "Point", "coordinates": [ 121.798636239236004, 25.116639037110598, 0.0 ] } },
{ "type": "Feature", "properties": { "Display": "0K+660", "River": "深澳坑溪排水左岸", "Name": "深澳坑溪排水左岸0K+660" }, "geometry": { "type": "Point", "coordinates": [ 121.798580053351998, 25.1167027709655, 0.0 ] } },
{ "type": "Feature", "properties": { "Display": "0K+670", "River": "深澳坑溪排水左岸", "Name": "深澳坑溪排水左岸0K+670" }, "geometry": { "type": "Point", "coordinates": [ 121.798508198524999, 25.116764252966199, 0.0 ] } },
{ "type": "Feature", "properties": { "Display": "0K+680", "River": "深澳坑溪排水左岸", "Name": "深澳坑溪排水左岸0K+680" }, "geometry": { "type": "Point", "coordinates": [ 121.798420517473005, 25.116805134303601, 0.0 ] } },
{ "type": "Feature", "properties": { "Display": "0K+690", "River": "深澳坑溪排水左岸", "Name": "深澳坑溪排水左岸0K+690" }, "geometry": { "type": "Point", "coordinates": [ 121.798322512793007, 25.1168162398045, 0.0 ] } },
{ "type": "Feature", "properties": { "Display": "0K+700", "River": "深澳坑溪排水左岸", "Name": "深澳坑溪排水左岸0K+700" }, "geometry": { "type": "Point", "coordinates": [ 121.798224189679004, 25.1168056778906, 0.0 ] } },
{ "type": "Feature", "properties": { "Display": "0K+710", "River": "深澳坑溪排水左岸", "Name": "深澳坑溪排水左岸0K+710" }, "geometry": { "type": "Point", "coordinates": [ 121.798126882893001, 25.116788973750801, 0.0 ] } },
{ "type": "Feature", "properties": { "Display": "0K+720", "River": "深澳坑溪排水左岸", "Name": "深澳坑溪排水左岸0K+720" }, "geometry": { "type": "Point", "coordinates": [ 121.798027899722001, 25.1167851415649, 0.0 ] } },
{ "type": "Feature", "properties": { "Display": "0K+730", "River": "深澳坑溪排水左岸", "Name": "深澳坑溪排水左岸0K+730" }, "geometry": { "type": "Point", "coordinates": [ 121.797929914001003, 25.116776348318499, 0.0 ] } },
{ "type": "Feature", "properties": { "Display": "0K+740", "River": "深澳坑溪排水左岸", "Name": "深澳坑溪排水左岸0K+740" }, "geometry": { "type": "Point", "coordinates": [ 121.797834466618994, 25.116752532203499, 0.0 ] } },
{ "type": "Feature", "properties": { "Display": "0K+750", "River": "深澳坑溪排水左岸", "Name": "深澳坑溪排水左岸0K+750" }, "geometry": { "type": "Point", "coordinates": [ 121.797738733692, 25.116766705637598, 0.0 ] } },
{ "type": "Feature", "properties": { "Display": "0K+760", "River": "深澳坑溪排水左岸", "Name": "深澳坑溪排水左岸0K+760" }, "geometry": { "type": "Point", "coordinates": [ 121.797669438580996, 25.116831251904099, 0.0 ] } },
{ "type": "Feature", "properties": { "Display": "0K+770", "River": "深澳坑溪排水左岸", "Name": "深澳坑溪排水左岸0K+770" }, "geometry": { "type": "Point", "coordinates": [ 121.797613587776993, 25.116905646752301, 0.0 ] } },
{ "type": "Feature", "properties": { "Display": "0K+780", "River": "深澳坑溪排水左岸", "Name": "深澳坑溪排水左岸0K+780" }, "geometry": { "type": "Point", "coordinates": [ 121.797573155902001, 25.116988014982599, 0.0 ] } },
{ "type": "Feature", "properties": { "Display": "0K+790", "River": "深澳坑溪排水左岸", "Name": "深澳坑溪排水左岸0K+790" }, "geometry": { "type": "Point", "coordinates": [ 121.797534270247994, 25.1170710319435, 0.0 ] } },
{ "type": "Feature", "properties": { "Display": "0K+800", "River": "深澳坑溪排水左岸", "Name": "深澳坑溪排水左岸0K+800" }, "geometry": { "type": "Point", "coordinates": [ 121.797505140680997, 25.117157263355701, 0.0 ] } },
{ "type": "Feature", "properties": { "Display": "0K+810", "River": "深澳坑溪排水左岸", "Name": "深澳坑溪排水左岸0K+810" }, "geometry": { "type": "Point", "coordinates": [ 121.797480506360003, 25.1172446619154, 0.0 ] } },
{ "type": "Feature", "properties": { "Display": "0K+820", "River": "深澳坑溪排水左岸", "Name": "深澳坑溪排水左岸0K+820" }, "geometry": { "type": "Point", "coordinates": [ 121.797469883139996, 25.117334128220101, 0.0 ] } },
{ "type": "Feature", "properties": { "Display": "0K+830", "River": "深澳坑溪排水左岸", "Name": "深澳坑溪排水左岸0K+830" }, "geometry": { "type": "Point", "coordinates": [ 121.797491634690999, 25.1174219889093, 0.0 ] } },
{ "type": "Feature", "properties": { "Display": "0K+840", "River": "深澳坑溪排水左岸", "Name": "深澳坑溪排水左岸0K+840" }, "geometry": { "type": "Point", "coordinates": [ 121.797530363711004, 25.117504921231401, 0.0 ] } },
{ "type": "Feature", "properties": { "Display": "0K+850", "River": "深澳坑溪排水左岸", "Name": "深澳坑溪排水左岸0K+850" }, "geometry": { "type": "Point", "coordinates": [ 121.797577212095007, 25.117584390071801, 0.0 ] } },
{ "type": "Feature", "properties": { "Display": "0K+860", "River": "深澳坑溪排水左岸", "Name": "深澳坑溪排水左岸0K+860" }, "geometry": { "type": "Point", "coordinates": [ 121.797645945515995, 25.117648922548401, 0.0 ] } },
{ "type": "Feature", "properties": { "Display": "0K+870", "River": "深澳坑溪排水左岸", "Name": "深澳坑溪排水左岸0K+870" }, "geometry": { "type": "Point", "coordinates": [ 121.797724038724994, 25.117703035747098, 0.0 ] } },
{ "type": "Feature", "properties": { "Display": "0K+880", "River": "深澳坑溪排水左岸", "Name": "深澳坑溪排水左岸0K+880" }, "geometry": { "type": "Point", "coordinates": [ 121.797818279816994, 25.1177275786977, 0.0 ] } },
{ "type": "Feature", "properties": { "Display": "0K+890", "River": "深澳坑溪排水左岸", "Name": "深澳坑溪排水左岸0K+890" }, "geometry": { "type": "Point", "coordinates": [ 121.797905792847004, 25.117770022122301, 0.0 ] } },
{ "type": "Feature", "properties": { "Display": "0K+900", "River": "深澳坑溪排水左岸", "Name": "深澳坑溪排水左岸0K+900" }, "geometry": { "type": "Point", "coordinates": [ 121.797990192407994, 25.117817148332701, 0.0 ] } },
{ "type": "Feature", "properties": { "Display": "0K+910", "River": "深澳坑溪排水左岸", "Name": "深澳坑溪排水左岸0K+910" }, "geometry": { "type": "Point", "coordinates": [ 121.798052245378997, 25.117886443255099, 0.0 ] } },
{ "type": "Feature", "properties": { "Display": "0K+920", "River": "深澳坑溪排水左岸", "Name": "深澳坑溪排水左岸0K+920" }, "geometry": { "type": "Point", "coordinates": [ 121.798126126466002, 25.117931460424899, 0.0 ] } },
{ "type": "Feature", "properties": { "Display": "0K+930", "River": "深澳坑溪排水左岸", "Name": "深澳坑溪排水左岸0K+930" }, "geometry": { "type": "Point", "coordinates": [ 121.798222402742994, 25.117927282533302, 0.0 ] } },
{ "type": "Feature", "properties": { "Display": "0K+940", "River": "深澳坑溪排水左岸", "Name": "深澳坑溪排水左岸0K+940" }, "geometry": { "type": "Point", "coordinates": [ 121.798319328993003, 25.1179457062855, 0.0 ] } },
{ "type": "Feature", "properties": { "Display": "0K+950", "River": "深澳坑溪排水左岸", "Name": "深澳坑溪排水左岸0K+950" }, "geometry": { "type": "Point", "coordinates": [ 121.798390244271999, 25.1180075383465, 0.0 ] } },
{ "type": "Feature", "properties": { "Display": "0K+960", "River": "深澳坑溪排水左岸", "Name": "深澳坑溪排水左岸0K+960" }, "geometry": { "type": "Point", "coordinates": [ 121.798457057844999, 25.118074241906498, 0.0 ] } },
{ "type": "Feature", "properties": { "Display": "0K+970", "River": "深澳坑溪排水左岸", "Name": "深澳坑溪排水左岸0K+970" }, "geometry": { "type": "Point", "coordinates": [ 121.798523871490005, 25.1181409454339, 0.0 ] } },
{ "type": "Feature", "properties": { "Display": "0K+980", "River": "深澳坑溪排水左岸", "Name": "深澳坑溪排水左岸0K+980" }, "geometry": { "type": "Point", "coordinates": [ 121.798590770263999, 25.118207578130502, 0.0 ] } },
{ "type": "Feature", "properties": { "Display": "0K+990", "River": "深澳坑溪排水左岸", "Name": "深澳坑溪排水左岸0K+990" }, "geometry": { "type": "Point", "coordinates": [ 121.798657768973996, 25.118274127670698, 0.0 ] } },
{ "type": "Feature", "properties": { "Display": "1K+000", "River": "深澳坑溪排水左岸", "Name": "深澳坑溪排水左岸1K+000" }, "geometry": { "type": "Point", "coordinates": [ 121.798720159750999, 25.118344067246799, 0.0 ] } },
{ "type": "Feature", "properties": { "Display": "1K+010", "River": "深澳坑溪排水左岸", "Name": "深澳坑溪排水左岸1K+010" }, "geometry": { "type": "Point", "coordinates": [ 121.798778094472993, 25.118417320089002, 0.0 ] } },
{ "type": "Feature", "properties": { "Display": "1K+020", "River": "深澳坑溪排水左岸", "Name": "深澳坑溪排水左岸1K+020" }, "geometry": { "type": "Point", "coordinates": [ 121.798827863068993, 25.1184951433404, 0.0 ] } },
{ "type": "Feature", "properties": { "Display": "1K+030", "River": "深澳坑溪排水左岸", "Name": "深澳坑溪排水左岸1K+030" }, "geometry": { "type": "Point", "coordinates": [ 121.798858783444999, 25.118580753507899, 0.0 ] } },
{ "type": "Feature", "properties": { "Display": "1K+040", "River": "深澳坑溪排水左岸", "Name": "深澳坑溪排水左岸1K+040" }, "geometry": { "type": "Point", "coordinates": [ 121.798886244162006, 25.118667497644299, 0.0 ] } },
{ "type": "Feature", "properties": { "Display": "1K+050", "River": "深澳坑溪排水左岸", "Name": "深澳坑溪排水左岸1K+050" }, "geometry": { "type": "Point", "coordinates": [ 121.798905659105003, 25.1187558816587, 0.0 ] } },
{ "type": "Feature", "properties": { "Display": "1K+060", "River": "深澳坑溪排水左岸", "Name": "深澳坑溪排水左岸1K+060" }, "geometry": { "type": "Point", "coordinates": [ 121.798921443276001, 25.118845005693299, 0.0 ] } },
{ "type": "Feature", "properties": { "Display": "1K+070", "River": "深澳坑溪排水左岸", "Name": "深澳坑溪排水左岸1K+070" }, "geometry": { "type": "Point", "coordinates": [ 121.798937227471001, 25.1189341297246, 0.0 ] } },
{ "type": "Feature", "properties": { "Display": "1K+080", "River": "深澳坑溪排水左岸", "Name": "深澳坑溪排水左岸1K+080" }, "geometry": { "type": "Point", "coordinates": [ 121.798953011690998, 25.119023253752601, 0.0 ] } },
{ "type": "Feature", "properties": { "Display": "1K+090", "River": "深澳坑溪排水左岸", "Name": "深澳坑溪排水左岸1K+090" }, "geometry": { "type": "Point", "coordinates": [ 121.798910489673005, 25.119102654164099, 0.0 ] } },
{ "type": "Feature", "properties": { "Display": "1K+100", "River": "深澳坑溪排水左岸", "Name": "深澳坑溪排水左岸1K+100" }, "geometry": { "type": "Point", "coordinates": [ 121.798843643213004, 25.1191692534825, 0.0 ] } },
{ "type": "Feature", "properties": { "Display": "1K+110", "River": "深澳坑溪排水左岸", "Name": "深澳坑溪排水左岸1K+110" }, "geometry": { "type": "Point", "coordinates": [ 121.798782585672001, 25.119240383742799, 0.0 ] } },
{ "type": "Feature", "properties": { "Display": "1K+120", "River": "深澳坑溪排水左岸", "Name": "深澳坑溪排水左岸1K+120" }, "geometry": { "type": "Point", "coordinates": [ 121.798725442035007, 25.119314102535501, 0.0 ] } },
{ "type": "Feature", "properties": { "Display": "1K+130", "River": "深澳坑溪排水左岸", "Name": "深澳坑溪排水左岸1K+130" }, "geometry": { "type": "Point", "coordinates": [ 121.798670535962998, 25.1193892682588, 0.0 ] } },
{ "type": "Feature", "properties": { "Display": "1K+140", "River": "深澳坑溪排水左岸", "Name": "深澳坑溪排水左岸1K+140" }, "geometry": { "type": "Point", "coordinates": [ 121.798617418377006, 25.119465497785701, 0.0 ] } },
{ "type": "Feature", "properties": { "Display": "1K+150", "River": "深澳坑溪排水左岸", "Name": "深澳坑溪排水左岸1K+150" }, "geometry": { "type": "Point", "coordinates": [ 121.798559372792994, 25.119538675354999, 0.0 ] } },
{ "type": "Feature", "properties": { "Display": "1K+160", "River": "深澳坑溪排水左岸", "Name": "深澳坑溪排水左岸1K+160" }, "geometry": { "type": "Point", "coordinates": [ 121.798498937581002, 25.119609331201001, 0.0 ] } },
{ "type": "Feature", "properties": { "Display": "1K+170", "River": "深澳坑溪排水左岸", "Name": "深澳坑溪排水左岸1K+170" }, "geometry": { "type": "Point", "coordinates": [ 121.798412811329001, 25.119653732114902, 0.0 ] } },
{ "type": "Feature", "properties": { "Display": "1K+180", "River": "深澳坑溪排水左岸", "Name": "深澳坑溪排水左岸1K+180" }, "geometry": { "type": "Point", "coordinates": [ 121.798315624617004, 25.119645054272802, 0.0 ] } },
{ "type": "Feature", "properties": { "Display": "1K+190", "River": "深澳坑溪排水左岸", "Name": "深澳坑溪排水左岸1K+190" }, "geometry": { "type": "Point", "coordinates": [ 121.798221684851995, 25.119616985514298, 0.0 ] } },
{ "type": "Feature", "properties": { "Display": "1K+200", "River": "深澳坑溪排水左岸", "Name": "深澳坑溪排水左岸1K+200" }, "geometry": { "type": "Point", "coordinates": [ 121.798129114101997, 25.119585546237499, 0.0 ] } },
{ "type": "Feature", "properties": { "Display": "1K+210", "River": "深澳坑溪排水左岸", "Name": "深澳坑溪排水左岸1K+210" }, "geometry": { "type": "Point", "coordinates": [ 121.798068519199006, 25.119644716967201, 0.0 ] } },
{ "type": "Feature", "properties": { "Display": "1K+220", "River": "深澳坑溪排水左岸", "Name": "深澳坑溪排水左岸1K+220" }, "geometry": { "type": "Point", "coordinates": [ 121.798036338515004, 25.119730105630499, 0.0 ] } },
{ "type": "Feature", "properties": { "Display": "1K+230", "River": "深澳坑溪排水左岸", "Name": "深澳坑溪排水左岸1K+230" }, "geometry": { "type": "Point", "coordinates": [ 121.798001880986007, 25.119811185666101, 0.0 ] } },
{ "type": "Feature", "properties": { "Display": "1K+240", "River": "深澳坑溪排水左岸", "Name": "深澳坑溪排水左岸1K+240" }, "geometry": { "type": "Point", "coordinates": [ 121.797988145350999, 25.1197439361035, 0.0 ] } },
{ "type": "Feature", "properties": { "Display": "1K+250", "River": "深澳坑溪排水左岸", "Name": "深澳坑溪排水左岸1K+250" }, "geometry": { "type": "Point", "coordinates": [ 121.798018875653, 25.1196581057199, 0.0 ] } },
{ "type": "Feature", "properties": { "Display": "1K+260", "River": "深澳坑溪排水左岸", "Name": "深澳坑溪排水左岸1K+260" }, "geometry": { "type": "Point", "coordinates": [ 121.798039737403997, 25.119575161036799, 0.0 ] } },
{ "type": "Feature", "properties": { "Display": "1K+270", "River": "深澳坑溪排水左岸", "Name": "深澳坑溪排水左岸1K+270" }, "geometry": { "type": "Point", "coordinates": [ 121.797955230588997, 25.119575134716001, 0.0 ] } },
{ "type": "Feature", "properties": { "Display": "1K+280", "River": "深澳坑溪排水左岸", "Name": "深澳坑溪排水左岸1K+280" }, "geometry": { "type": "Point", "coordinates": [ 121.797863696674, 25.119609769215899, 0.0 ] } },
{ "type": "Feature", "properties": { "Display": "1K+290", "River": "深澳坑溪排水左岸", "Name": "深澳坑溪排水左岸1K+290" }, "geometry": { "type": "Point", "coordinates": [ 121.797774021433995, 25.119648082840001, 0.0 ] } },
{ "type": "Feature", "properties": { "Display": "1K+300", "River": "深澳坑溪排水左岸", "Name": "深澳坑溪排水左岸1K+300" }, "geometry": { "type": "Point", "coordinates": [ 121.797685693158996, 25.1196886363077, 0.0 ] } },
{ "type": "Feature", "properties": { "Display": "1K+310", "River": "深澳坑溪排水左岸", "Name": "深澳坑溪排水左岸1K+310" }, "geometry": { "type": "Point", "coordinates": [ 121.797593948835996, 25.1197228847122, 0.0 ] } },
{ "type": "Feature", "properties": { "Display": "1K+320", "River": "深澳坑溪排水左岸", "Name": "深澳坑溪排水左岸1K+320" }, "geometry": { "type": "Point", "coordinates": [ 121.797507953836998, 25.119767707063701, 0.0 ] } },
{ "type": "Feature", "properties": { "Display": "1K+330", "River": "深澳坑溪排水左岸", "Name": "深澳坑溪排水左岸1K+330" }, "geometry": { "type": "Point", "coordinates": [ 121.797425178750004, 25.119817314593298, 0.0 ] } },
{ "type": "Feature", "properties": { "Display": "1K+340", "River": "深澳坑溪排水左岸", "Name": "深澳坑溪排水左岸1K+340" }, "geometry": { "type": "Point", "coordinates": [ 121.797343598759994, 25.119868629458999, 0.0 ] } },
{ "type": "Feature", "properties": { "Display": "1K+350", "River": "深澳坑溪排水左岸", "Name": "深澳坑溪排水左岸1K+350" }, "geometry": { "type": "Point", "coordinates": [ 121.797268239703001, 25.119926971943102, 0.0 ] } },
{ "type": "Feature", "properties": { "Display": "1K+360", "River": "深澳坑溪排水左岸", "Name": "深澳坑溪排水左岸1K+360" }, "geometry": { "type": "Point", "coordinates": [ 121.797190428207998, 25.119982466302101, 0.0 ] } },
{ "type": "Feature", "properties": { "Display": "1K+370", "River": "深澳坑溪排水左岸", "Name": "深澳坑溪排水左岸1K+370" }, "geometry": { "type": "Point", "coordinates": [ 121.797105283188998, 25.1200277201037, 0.0 ] } },
{ "type": "Feature", "properties": { "Display": "1K+380", "River": "深澳坑溪排水左岸", "Name": "深澳坑溪排水左岸1K+380" }, "geometry": { "type": "Point", "coordinates": [ 121.797010131641002, 25.120052889977501, 0.0 ] } },
{ "type": "Feature", "properties": { "Display": "1K+390", "River": "深澳坑溪排水左岸", "Name": "深澳坑溪排水左岸1K+390" }, "geometry": { "type": "Point", "coordinates": [ 121.796913306641002, 25.1200718988412, 0.0 ] } },
{ "type": "Feature", "properties": { "Display": "1K+400", "River": "深澳坑溪排水左岸", "Name": "深澳坑溪排水左岸1K+400" }, "geometry": { "type": "Point", "coordinates": [ 121.796814912339997, 25.120082433202501, 0.0 ] } },
{ "type": "Feature", "properties": { "Display": "1K+410", "River": "深澳坑溪排水左岸", "Name": "深澳坑溪排水左岸1K+410" }, "geometry": { "type": "Point", "coordinates": [ 121.796715799373999, 25.120085137106901, 0.0 ] } },
{ "type": "Feature", "properties": { "Display": "1K+420", "River": "深澳坑溪排水左岸", "Name": "深澳坑溪排水左岸1K+420" }, "geometry": { "type": "Point", "coordinates": [ 121.796616686400995, 25.1200878409452, 0.0 ] } },
{ "type": "Feature", "properties": { "Display": "1K+430", "River": "深澳坑溪排水左岸", "Name": "深澳坑溪排水左岸1K+430" }, "geometry": { "type": "Point", "coordinates": [ 121.796517574671, 25.120090580729499, 0.0 ] } },
{ "type": "Feature", "properties": { "Display": "1K+440", "River": "深澳坑溪排水左岸", "Name": "深澳坑溪排水左岸1K+440" }, "geometry": { "type": "Point", "coordinates": [ 121.796418471796002, 25.1200935759394, 0.0 ] } },
{ "type": "Feature", "properties": { "Display": "1K+450", "River": "深澳坑溪排水左岸", "Name": "深澳坑溪排水左岸1K+450" }, "geometry": { "type": "Point", "coordinates": [ 121.796319368914993, 25.120096571083302, 0.0 ] } },
{ "type": "Feature", "properties": { "Display": "1K+460", "River": "深澳坑溪排水左岸", "Name": "深澳坑溪排水左岸1K+460" }, "geometry": { "type": "Point", "coordinates": [ 121.796220266027007, 25.120099566160999, 0.0 ] } },
{ "type": "Feature", "properties": { "Display": "1K+470", "River": "深澳坑溪排水左岸", "Name": "深澳坑溪排水左岸1K+470" }, "geometry": { "type": "Point", "coordinates": [ 121.796121271416993, 25.120100653879099, 0.0 ] } },
{ "type": "Feature", "properties": { "Display": "1K+480", "River": "深澳坑溪排水左岸", "Name": "深澳坑溪排水左岸1K+480" }, "geometry": { "type": "Point", "coordinates": [ 121.796022238809996, 25.120100496750201, 0.0 ] } },
{ "type": "Feature", "properties": { "Display": "1K+490", "River": "深澳坑溪排水左岸", "Name": "深澳坑溪排水左岸1K+490" }, "geometry": { "type": "Point", "coordinates": [ 121.795927886231993, 25.120074751531099, 0.0 ] } },
{ "type": "Feature", "properties": { "Display": "1K+500", "River": "深澳坑溪排水左岸", "Name": "深澳坑溪排水左岸1K+500" }, "geometry": { "type": "Point", "coordinates": [ 121.795836651645004, 25.1200397141683, 0.0 ] } },
{ "type": "Feature", "properties": { "Display": "1K+510", "River": "深澳坑溪排水左岸", "Name": "深澳坑溪排水左岸1K+510" }, "geometry": { "type": "Point", "coordinates": [ 121.795753206266994, 25.1199910975111, 0.0 ] } },
{ "type": "Feature", "properties": { "Display": "1K+520", "River": "深澳坑溪排水左岸", "Name": "深澳坑溪排水左岸1K+520" }, "geometry": { "type": "Point", "coordinates": [ 121.795666897583004, 25.119946910549402, 0.0 ] } },
{ "type": "Feature", "properties": { "Display": "1K+530", "River": "深澳坑溪排水左岸", "Name": "深澳坑溪排水左岸1K+530" }, "geometry": { "type": "Point", "coordinates": [ 121.795578749936993, 25.1199055671655, 0.0 ] } },
{ "type": "Feature", "properties": { "Display": "1K+540", "River": "深澳坑溪排水左岸", "Name": "深澳坑溪排水左岸1K+540" }, "geometry": { "type": "Point", "coordinates": [ 121.795488581477002, 25.119870766868601, 0.0 ] } },
{ "type": "Feature", "properties": { "Display": "1K+550", "River": "深澳坑溪排水左岸", "Name": "深澳坑溪排水左岸1K+550" }, "geometry": { "type": "Point", "coordinates": [ 121.795389684710997, 25.119864226944699, 0.0 ] } },
{ "type": "Feature", "properties": { "Display": "1K+560", "River": "深澳坑溪排水左岸", "Name": "深澳坑溪排水左岸1K+560" }, "geometry": { "type": "Point", "coordinates": [ 121.795290882540996, 25.11985889456, 0.0 ] } },
{ "type": "Feature", "properties": { "Display": "1K+570", "River": "深澳坑溪排水左岸", "Name": "深澳坑溪排水左岸1K+570" }, "geometry": { "type": "Point", "coordinates": [ 121.795194730971005, 25.119880850183598, 0.0 ] } },
{ "type": "Feature", "properties": { "Display": "1K+580", "River": "深澳坑溪排水左岸", "Name": "深澳坑溪排水左岸1K+580" }, "geometry": { "type": "Point", "coordinates": [ 121.795099405128994, 25.119905593654199, 0.0 ] } },
{ "type": "Feature", "properties": { "Display": "1K+590", "River": "深澳坑溪排水左岸", "Name": "深澳坑溪排水左岸1K+590" }, "geometry": { "type": "Point", "coordinates": [ 121.795005447598996, 25.119934443653701, 0.0 ] } },
{ "type": "Feature", "properties": { "Display": "1K+600", "River": "深澳坑溪排水左岸", "Name": "深澳坑溪排水左岸1K+600" }, "geometry": { "type": "Point", "coordinates": [ 121.794915950779995, 25.119973019835399, 0.0 ] } },
{ "type": "Feature", "properties": { "Display": "1K+610", "River": "深澳坑溪排水左岸", "Name": "深澳坑溪排水左岸1K+610" }, "geometry": { "type": "Point", "coordinates": [ 121.794830250011998, 25.120018417269598, 0.0 ] } },
{ "type": "Feature", "properties": { "Display": "1K+620", "River": "深澳坑溪排水左岸", "Name": "深澳坑溪排水左岸1K+620" }, "geometry": { "type": "Point", "coordinates": [ 121.794773678778995, 25.120091682641899, 0.0 ] } },
{ "type": "Feature", "properties": { "Display": "1K+630", "River": "深澳坑溪排水左岸", "Name": "深澳坑溪排水左岸1K+630" }, "geometry": { "type": "Point", "coordinates": [ 121.794729422534999, 25.120172361067599, 0.0 ] } },
{ "type": "Feature", "properties": { "Display": "1K+640", "River": "深澳坑溪排水左岸", "Name": "深澳坑溪排水左岸1K+640" }, "geometry": { "type": "Point", "coordinates": [ 121.794692167882005, 25.120255921732699, 0.0 ] } },
{ "type": "Feature", "properties": { "Display": "1K+650", "River": "深澳坑溪排水左岸", "Name": "深澳坑溪排水左岸1K+650" }, "geometry": { "type": "Point", "coordinates": [ 121.79467857201, 25.120343955871, 0.0 ] } },
{ "type": "Feature", "properties": { "Display": "1K+660", "River": "深澳坑溪排水左岸", "Name": "深澳坑溪排水左岸1K+660" }, "geometry": { "type": "Point", "coordinates": [ 121.794701211556998, 25.120431801599999, 0.0 ] } },
{ "type": "Feature", "properties": { "Display": "1K+670", "River": "深澳坑溪排水左岸", "Name": "深澳坑溪排水左岸1K+670" }, "geometry": { "type": "Point", "coordinates": [ 121.794725583068995, 25.120519306411499, 0.0 ] } },
{ "type": "Feature", "properties": { "Display": "1K+680", "River": "深澳坑溪排水左岸", "Name": "深澳坑溪排水左岸1K+680" }, "geometry": { "type": "Point", "coordinates": [ 121.794749439769006, 25.120606929858599, 0.0 ] } },
{ "type": "Feature", "properties": { "Display": "1K+690", "River": "深澳坑溪排水左岸", "Name": "深澳坑溪排水左岸1K+690" }, "geometry": { "type": "Point", "coordinates": [ 121.794755226730004, 25.120696801334301, 0.0 ] } },
{ "type": "Feature", "properties": { "Display": "1K+700", "River": "深澳坑溪排水左岸", "Name": "深澳坑溪排水左岸1K+700" }, "geometry": { "type": "Point", "coordinates": [ 121.794721536427005, 25.120780224818699, 0.0 ] } },
{ "type": "Feature", "properties": { "Display": "1K+710", "River": "深澳坑溪排水左岸", "Name": "深澳坑溪排水左岸1K+710" }, "geometry": { "type": "Point", "coordinates": [ 121.794665670946998, 25.1208544921537, 0.0 ] } },
{ "type": "Feature", "properties": { "Display": "1K+720", "River": "深澳坑溪排水左岸", "Name": "深澳坑溪排水左岸1K+720" }, "geometry": { "type": "Point", "coordinates": [ 121.794600426212995, 25.120922470855401, 0.0 ] } },
{ "type": "Feature", "properties": { "Display": "1K+730", "River": "深澳坑溪排水左岸", "Name": "深澳坑溪排水左岸1K+730" }, "geometry": { "type": "Point", "coordinates": [ 121.794536102945003, 25.120991173865601, 0.0 ] } },
{ "type": "Feature", "properties": { "Display": "1K+740", "River": "深澳坑溪排水左岸", "Name": "深澳坑溪排水左岸1K+740" }, "geometry": { "type": "Point", "coordinates": [ 121.794471381471993, 25.1210595671559, 0.0 ] } },
{ "type": "Feature", "properties": { "Display": "1K+750", "River": "深澳坑溪排水左岸", "Name": "深澳坑溪排水左岸1K+750" }, "geometry": { "type": "Point", "coordinates": [ 121.794406751525003, 25.121128032102099, 0.0 ] } },
{ "type": "Feature", "properties": { "Display": "1K+760", "River": "深澳坑溪排水左岸", "Name": "深澳坑溪排水左岸1K+760" }, "geometry": { "type": "Point", "coordinates": [ 121.794341518821, 25.121195917563298, 0.0 ] } },
{ "type": "Feature", "properties": { "Display": "1K+770", "River": "深澳坑溪排水左岸", "Name": "深澳坑溪排水左岸1K+770" }, "geometry": { "type": "Point", "coordinates": [ 121.794259058335996, 25.1212441783705, 0.0 ] } },
{ "type": "Feature", "properties": { "Display": "1K+780", "River": "深澳坑溪排水左岸", "Name": "深澳坑溪排水左岸1K+780" }, "geometry": { "type": "Point", "coordinates": [ 121.794160598109002, 25.121250411092799, 0.0 ] } },
{ "type": "Feature", "properties": { "Display": "1K+790", "River": "深澳坑溪排水左岸", "Name": "深澳坑溪排水左岸1K+790" }, "geometry": { "type": "Point", "coordinates": [ 121.794061508046994, 25.1212472543594, 0.0 ] } },
{ "type": "Feature", "properties": { "Display": "1K+800", "River": "深澳坑溪排水左岸", "Name": "深澳坑溪排水左岸1K+800" }, "geometry": { "type": "Point", "coordinates": [ 121.793963610055997, 25.1212338952955, 0.0 ] } },
{ "type": "Feature", "properties": { "Display": "1K+810", "River": "深澳坑溪排水左岸", "Name": "深澳坑溪排水左岸1K+810" }, "geometry": { "type": "Point", "coordinates": [ 121.793865859129994, 25.121226096189201, 0.0 ] } },
{ "type": "Feature", "properties": { "Display": "1K+820", "River": "深澳坑溪排水左岸", "Name": "深澳坑溪排水左岸1K+820" }, "geometry": { "type": "Point", "coordinates": [ 121.793768643236007, 25.12124265484, 0.0 ] } },
{ "type": "Feature", "properties": { "Display": "1K+830", "River": "深澳坑溪排水左岸", "Name": "深澳坑溪排水左岸1K+830" }, "geometry": { "type": "Point", "coordinates": [ 121.793682023472996, 25.121285529702298, 0.0 ] } },
{ "type": "Feature", "properties": { "Display": "1K+840", "River": "深澳坑溪排水左岸", "Name": "深澳坑溪排水左岸1K+840" }, "geometry": { "type": "Point", "coordinates": [ 121.793596543685993, 25.121331231669298, 0.0 ] } },
{ "type": "Feature", "properties": { "Display": "1K+850", "River": "深澳坑溪排水左岸", "Name": "深澳坑溪排水左岸1K+850" }, "geometry": { "type": "Point", "coordinates": [ 121.793508928126997, 25.121373503956999, 0.0 ] } },
{ "type": "Feature", "properties": { "Display": "1K+860", "River": "深澳坑溪排水左岸", "Name": "深澳坑溪排水左岸1K+860" }, "geometry": { "type": "Point", "coordinates": [ 121.793420813755006, 25.121414893198999, 0.0 ] } },
{ "type": "Feature", "properties": { "Display": "1K+870", "River": "深澳坑溪排水左岸", "Name": "深澳坑溪排水左岸1K+870" }, "geometry": { "type": "Point", "coordinates": [ 121.793329373850995, 25.121449100212701, 0.0 ] } },
{ "type": "Feature", "properties": { "Display": "1K+880", "River": "深澳坑溪排水左岸", "Name": "深澳坑溪排水左岸1K+880" }, "geometry": { "type": "Point", "coordinates": [ 121.79323137598, 25.121461013274299, 0.0 ] } },
{ "type": "Feature", "properties": { "Display": "1K+890", "River": "深澳坑溪排水左岸", "Name": "深澳坑溪排水左岸1K+890" }, "geometry": { "type": "Point", "coordinates": [ 121.793132425994003, 25.1214668665978, 0.0 ] } },
{ "type": "Feature", "properties": { "Display": "1K+900", "River": "深澳坑溪排水左岸", "Name": "深澳坑溪排水左岸1K+900" }, "geometry": { "type": "Point", "coordinates": [ 121.793033662170004, 25.1214747659266, 0.0 ] } },
{ "type": "Feature", "properties": { "Display": "1K+910", "River": "深澳坑溪排水左岸", "Name": "深澳坑溪排水左岸1K+910" }, "geometry": { "type": "Point", "coordinates": [ 121.792938658300002, 25.121498867557101, 0.0 ] } },
{ "type": "Feature", "properties": { "Display": "1K+920", "River": "深澳坑溪排水左岸", "Name": "深澳坑溪排水左岸1K+920" }, "geometry": { "type": "Point", "coordinates": [ 121.792847060827, 25.121532438459599, 0.0 ] } },
{ "type": "Feature", "properties": { "Display": "1K+930", "River": "深澳坑溪排水左岸", "Name": "深澳坑溪排水左岸1K+930" }, "geometry": { "type": "Point", "coordinates": [ 121.792762953806999, 25.121580254222501, 0.0 ] } },
{ "type": "Feature", "properties": { "Display": "1K+940", "River": "深澳坑溪排水左岸", "Name": "深澳坑溪排水左岸1K+940" }, "geometry": { "type": "Point", "coordinates": [ 121.792688118046001, 25.121639276745899, 0.0 ] } },
{ "type": "Feature", "properties": { "Display": "1K+950", "River": "深澳坑溪排水左岸", "Name": "深澳坑溪排水左岸1K+950" }, "geometry": { "type": "Point", "coordinates": [ 121.792614416635004, 25.1216996704763, 0.0 ] } },
{ "type": "Feature", "properties": { "Display": "1K+960", "River": "深澳坑溪排水左岸", "Name": "深澳坑溪排水左岸1K+960" }, "geometry": { "type": "Point", "coordinates": [ 121.792541322442005, 25.121760667903299, 0.0 ] } },
{ "type": "Feature", "properties": { "Display": "1K+970", "River": "深澳坑溪排水左岸", "Name": "深澳坑溪排水左岸1K+970" }, "geometry": { "type": "Point", "coordinates": [ 121.792468773748993, 25.1218222076707, 0.0 ] } },
{ "type": "Feature", "properties": { "Display": "1K+980", "River": "深澳坑溪排水左岸", "Name": "深澳坑溪排水左岸1K+980" }, "geometry": { "type": "Point", "coordinates": [ 121.792395148352995, 25.121882605270098, 0.0 ] } },
{ "type": "Feature", "properties": { "Display": "1K+990", "River": "深澳坑溪排水左岸", "Name": "深澳坑溪排水左岸1K+990" }, "geometry": { "type": "Point", "coordinates": [ 121.792324760778001, 25.121946170821001, 0.0 ] } },
{ "type": "Feature", "properties": { "Display": "2K+000", "River": "深澳坑溪排水左岸", "Name": "深澳坑溪排水左岸2K+000" }, "geometry": { "type": "Point", "coordinates": [ 121.792256454959002, 25.1220116111901, 0.0 ] } },
{ "type": "Feature", "properties": { "Display": "2K+010", "River": "深澳坑溪排水左岸", "Name": "深澳坑溪排水左岸2K+010" }, "geometry": { "type": "Point", "coordinates": [ 121.792188219561993, 25.122077112823501, 0.0 ] } },
{ "type": "Feature", "properties": { "Display": "2K+020", "River": "深澳坑溪排水左岸", "Name": "深澳坑溪排水左岸2K+020" }, "geometry": { "type": "Point", "coordinates": [ 121.79211985904, 25.1221425063152, 0.0 ] } },
{ "type": "Feature", "properties": { "Display": "2K+030", "River": "深澳坑溪排水左岸", "Name": "深澳坑溪排水左岸2K+030" }, "geometry": { "type": "Point", "coordinates": [ 121.792051498446, 25.122207899776701, 0.0 ] } },
{ "type": "Feature", "properties": { "Display": "2K+040", "River": "深澳坑溪排水左岸", "Name": "深澳坑溪排水左岸2K+040" }, "geometry": { "type": "Point", "coordinates": [ 121.791984045036003, 25.122274048007402, 0.0 ] } },
{ "type": "Feature", "properties": { "Display": "2K+050", "River": "深澳坑溪排水左岸", "Name": "深澳坑溪排水左岸2K+050" }, "geometry": { "type": "Point", "coordinates": [ 121.791922769921996, 25.1223446693764, 0.0 ] } },
{ "type": "Feature", "properties": { "Display": "2K+060", "River": "深澳坑溪排水左岸", "Name": "深澳坑溪排水左岸2K+060" }, "geometry": { "type": "Point", "coordinates": [ 121.791877849990996, 25.122424798579502, 0.0 ] } },
{ "type": "Feature", "properties": { "Display": "2K+070", "River": "深澳坑溪排水左岸", "Name": "深澳坑溪排水左岸2K+070" }, "geometry": { "type": "Point", "coordinates": [ 121.791847349368993, 25.12251063874, 0.0 ] } },
{ "type": "Feature", "properties": { "Display": "2K+080", "River": "深澳坑溪排水左岸", "Name": "深澳坑溪排水左岸2K+080" }, "geometry": { "type": "Point", "coordinates": [ 121.791820578626002, 25.1225975617735, 0.0 ] } },
{ "type": "Feature", "properties": { "Display": "2K+090", "River": "深澳坑溪排水左岸", "Name": "深澳坑溪排水左岸2K+090" }, "geometry": { "type": "Point", "coordinates": [ 121.791793807847, 25.122684484802001, 0.0 ] } },
{ "type": "Feature", "properties": { "Display": "2K+100", "River": "深澳坑溪排水左岸", "Name": "深澳坑溪排水左岸2K+100" }, "geometry": { "type": "Point", "coordinates": [ 121.791767037030993, 25.122771407825699, 0.0 ] } },
{ "type": "Feature", "properties": { "Display": "2K+110", "River": "深澳坑溪排水左岸", "Name": "深澳坑溪排水左岸2K+110" }, "geometry": { "type": "Point", "coordinates": [ 121.791740266179005, 25.122858330844402, 0.0 ] } },
{ "type": "Feature", "properties": { "Display": "2K+120", "River": "深澳坑溪排水左岸", "Name": "深澳坑溪排水左岸2K+120" }, "geometry": { "type": "Point", "coordinates": [ 121.791713495291006, 25.122945253858202, 0.0 ] } },
{ "type": "Feature", "properties": { "Display": "2K+130", "River": "深澳坑溪排水左岸", "Name": "深澳坑溪排水左岸2K+130" }, "geometry": { "type": "Point", "coordinates": [ 121.791686724366997, 25.123032176867099, 0.0 ] } },
{ "type": "Feature", "properties": { "Display": "2K+140", "River": "深澳坑溪排水左岸", "Name": "深澳坑溪排水左岸2K+140" }, "geometry": { "type": "Point", "coordinates": [ 121.791659953405997, 25.123119099871001, 0.0 ] } },
{ "type": "Feature", "properties": { "Display": "2K+150", "River": "深澳坑溪排水左岸", "Name": "深澳坑溪排水左岸2K+150" }, "geometry": { "type": "Point", "coordinates": [ 121.791632953724999, 25.123205963873701, 0.0 ] } },
{ "type": "Feature", "properties": { "Display": "2K+160", "River": "深澳坑溪排水左岸", "Name": "深澳坑溪排水左岸2K+160" }, "geometry": { "type": "Point", "coordinates": [ 121.791605655526993, 25.123292750868998, 0.0 ] } },
{ "type": "Feature", "properties": { "Display": "2K+170", "River": "深澳坑溪排水左岸", "Name": "深澳坑溪排水左岸2K+170" }, "geometry": { "type": "Point", "coordinates": [ 121.791547237003996, 25.123364374544799, 0.0 ] } },
{ "type": "Feature", "properties": { "Display": "2K+180", "River": "深澳坑溪排水左岸", "Name": "深澳坑溪排水左岸2K+180" }, "geometry": { "type": "Point", "coordinates": [ 121.791480332649996, 25.123431002682601, 0.0 ] } },
{ "type": "Feature", "properties": { "Display": "2K+190", "River": "深澳坑溪排水左岸", "Name": "深澳坑溪排水左岸2K+190" }, "geometry": { "type": "Point", "coordinates": [ 121.791408522812006, 25.123492963306099, 0.0 ] } },
{ "type": "Feature", "properties": { "Display": "2K+200", "River": "深澳坑溪排水左岸", "Name": "深澳坑溪排水左岸2K+200" }, "geometry": { "type": "Point", "coordinates": [ 121.791324325009001, 25.123540392966198, 0.0 ] } },
{ "type": "Feature", "properties": { "Display": "2K+210", "River": "深澳坑溪排水左岸", "Name": "深澳坑溪排水左岸2K+210" }, "geometry": { "type": "Point", "coordinates": [ 121.791233074683007, 25.1235753744307, 0.0 ] } },
{ "type": "Feature", "properties": { "Display": "2K+220", "River": "深澳坑溪排水左岸", "Name": "深澳坑溪排水左岸2K+220" }, "geometry": { "type": "Point", "coordinates": [ 121.791140636764993, 25.1236076635792, 0.0 ] } },
{ "type": "Feature", "properties": { "Display": "2K+230", "River": "深澳坑溪排水左岸", "Name": "深澳坑溪排水左岸2K+230" }, "geometry": { "type": "Point", "coordinates": [ 121.791045187031997, 25.123632128296901, 0.0 ] } },
{ "type": "Feature", "properties": { "Display": "2K+240", "River": "深澳坑溪排水左岸", "Name": "深澳坑溪排水左岸2K+240" }, "geometry": { "type": "Point", "coordinates": [ 121.790949737258998, 25.123656592953999, 0.0 ] } },
{ "type": "Feature", "properties": { "Display": "2K+250", "River": "深澳坑溪排水左岸", "Name": "深澳坑溪排水左岸2K+250" }, "geometry": { "type": "Point", "coordinates": [ 121.790854287447004, 25.123681057550399, 0.0 ] } },
{ "type": "Feature", "properties": { "Display": "2K+260", "River": "深澳坑溪排水左岸", "Name": "深澳坑溪排水左岸2K+260" }, "geometry": { "type": "Point", "coordinates": [ 121.790758837596002, 25.123705522086201, 0.0 ] } },
{ "type": "Feature", "properties": { "Display": "2K+270", "River": "深澳坑溪排水左岸", "Name": "深澳坑溪排水左岸2K+270" }, "geometry": { "type": "Point", "coordinates": [ 121.790663387704001, 25.123729986561401, 0.0 ] } },
{ "type": "Feature", "properties": { "Display": "2K+280", "River": "深澳坑溪排水左岸", "Name": "深澳坑溪排水左岸2K+280" }, "geometry": { "type": "Point", "coordinates": [ 121.790567937773005, 25.123754450976001, 0.0 ] } },
{ "type": "Feature", "properties": { "Display": "2K+290", "River": "深澳坑溪排水左岸", "Name": "深澳坑溪排水左岸2K+290" }, "geometry": { "type": "Point", "coordinates": [ 121.790486107847997, 25.123799130478801, 0.0 ] } },
{ "type": "Feature", "properties": { "Display": "2K+300", "River": "深澳坑溪排水左岸", "Name": "深澳坑溪排水左岸2K+300" }, "geometry": { "type": "Point", "coordinates": [ 121.790449370184007, 25.123882859895001, 0.0 ] } },
{ "type": "Feature", "properties": { "Display": "2K+310", "River": "深澳坑溪排水左岸", "Name": "深澳坑溪排水左岸2K+310" }, "geometry": { "type": "Point", "coordinates": [ 121.790408187950007, 25.123964493652899, 0.0 ] } },
{ "type": "Feature", "properties": { "Display": "2K+320", "River": "深澳坑溪排水左岸", "Name": "深澳坑溪排水左岸2K+320" }, "geometry": { "type": "Point", "coordinates": [ 121.790347686134993, 25.1240358806096, 0.0 ] } },
{ "type": "Feature", "properties": { "Display": "2K+330", "River": "深澳坑溪排水左岸", "Name": "深澳坑溪排水左岸2K+330" }, "geometry": { "type": "Point", "coordinates": [ 121.790278381514995, 25.1241003783053, 0.0 ] } },
{ "type": "Feature", "properties": { "Display": "2K+340", "River": "深澳坑溪排水左岸", "Name": "深澳坑溪排水左岸2K+340" }, "geometry": { "type": "Point", "coordinates": [ 121.790201980964, 25.124157570835902, 0.0 ] } },
{ "type": "Feature", "properties": { "Display": "2K+350", "River": "深澳坑溪排水左岸", "Name": "深澳坑溪排水左岸2K+350" }, "geometry": { "type": "Point", "coordinates": [ 121.790117257551998, 25.124204434579301, 0.0 ] } },
{ "type": "Feature", "properties": { "Display": "2K+360", "River": "深澳坑溪排水左岸", "Name": "深澳坑溪排水左岸2K+360" }, "geometry": { "type": "Point", "coordinates": [ 121.790028158202006, 25.124243974576899, 0.0 ] } },
{ "type": "Feature", "properties": { "Display": "2K+370", "River": "深澳坑溪排水左岸", "Name": "深澳坑溪排水左岸2K+370" }, "geometry": { "type": "Point", "coordinates": [ 121.789936776716004, 25.124278794955998, 0.0 ] } },
{ "type": "Feature", "properties": { "Display": "2K+380", "River": "深澳坑溪排水左岸", "Name": "深澳坑溪排水左岸2K+380" }, "geometry": { "type": "Point", "coordinates": [ 121.789842462023003, 25.124305516404501, 0.0 ] } },
{ "type": "Feature", "properties": { "Display": "2K+390", "River": "深澳坑溪排水左岸", "Name": "深澳坑溪排水左岸2K+390" }, "geometry": { "type": "Point", "coordinates": [ 121.789744149347996, 25.124316776121901, 0.0 ] } },
{ "type": "Feature", "properties": { "Display": "2K+400", "River": "深澳坑溪排水左岸", "Name": "深澳坑溪排水左岸2K+400" }, "geometry": { "type": "Point", "coordinates": [ 121.789646476902007, 25.1243061514663, 0.0 ] } },
{ "type": "Feature", "properties": { "Display": "2K+410", "River": "深澳坑溪排水左岸", "Name": "深澳坑溪排水左岸2K+410" }, "geometry": { "type": "Point", "coordinates": [ 121.789552903211003, 25.124277287209701, 0.0 ] } },
{ "type": "Feature", "properties": { "Display": "2K+420", "River": "深澳坑溪排水左岸", "Name": "深澳坑溪排水左岸2K+420" }, "geometry": { "type": "Point", "coordinates": [ 121.789475057871002, 25.1242213666734, 0.0 ] } },
{ "type": "Feature", "properties": { "Display": "2K+430", "River": "深澳坑溪排水左岸", "Name": "深澳坑溪排水左岸2K+430" }, "geometry": { "type": "Point", "coordinates": [ 121.789397212601003, 25.124165446094199, 0.0 ] } },
{ "type": "Feature", "properties": { "Display": "2K+440", "River": "深澳坑溪排水左岸", "Name": "深澳坑溪排水左岸2K+440" }, "geometry": { "type": "Point", "coordinates": [ 121.789319367401006, 25.124109525471901, 0.0 ] } },
{ "type": "Feature", "properties": { "Display": "2K+450", "River": "深澳坑溪排水左岸", "Name": "深澳坑溪排水左岸2K+450" }, "geometry": { "type": "Point", "coordinates": [ 121.789238227599995, 25.124057905007302, 0.0 ] } },
{ "type": "Feature", "properties": { "Display": "2K+460", "River": "深澳坑溪排水左岸", "Name": "深澳坑溪排水左岸2K+460" }, "geometry": { "type": "Point", "coordinates": [ 121.789154349567994, 25.124009794888899, 0.0 ] } },
{ "type": "Feature", "properties": { "Display": "2K+470", "River": "深澳坑溪排水左岸", "Name": "深澳坑溪排水左岸2K+470" }, "geometry": { "type": "Point", "coordinates": [ 121.789070692501994, 25.123961749008998, 0.0 ] } },
{ "type": "Feature", "properties": { "Display": "2K+480", "River": "深澳坑溪排水左岸", "Name": "深澳坑溪排水左岸2K+480" }, "geometry": { "type": "Point", "coordinates": [ 121.788976089288994, 25.1239466321145, 0.0 ] } },
{ "type": "Feature", "properties": { "Display": "2K+490", "River": "深澳坑溪排水左岸", "Name": "深澳坑溪排水左岸2K+490" }, "geometry": { "type": "Point", "coordinates": [ 121.788879658715004, 25.1239675739794, 0.0 ] } },
{ "type": "Feature", "properties": { "Display": "2K+500", "River": "深澳坑溪排水左岸", "Name": "深澳坑溪排水左岸2K+500" }, "geometry": { "type": "Point", "coordinates": [ 121.788783965826994, 25.123991239412799, 0.0 ] } },
{ "type": "Feature", "properties": { "Display": "2K+510", "River": "深澳坑溪排水左岸", "Name": "深澳坑溪排水左岸2K+510" }, "geometry": { "type": "Point", "coordinates": [ 121.788686082278005, 25.124005537581301, 0.0 ] } },
{ "type": "Feature", "properties": { "Display": "2K+520", "River": "深澳坑溪排水左岸", "Name": "深澳坑溪排水左岸2K+520" }, "geometry": { "type": "Point", "coordinates": [ 121.788595887111995, 25.124042407389499, 0.0 ] } },
{ "type": "Feature", "properties": { "Display": "2K+530", "River": "深澳坑溪排水左岸", "Name": "深澳坑溪排水左岸2K+530" }, "geometry": { "type": "Point", "coordinates": [ 121.788507160890006, 25.124082697145901, 0.0 ] } },
{ "type": "Feature", "properties": { "Display": "2K+540", "River": "深澳坑溪排水左岸", "Name": "深澳坑溪排水左岸2K+540" }, "geometry": { "type": "Point", "coordinates": [ 121.788418905745999, 25.124123855595201, 0.0 ] } },
{ "type": "Feature", "properties": { "Display": "2K+550", "River": "深澳坑溪排水左岸", "Name": "深澳坑溪排水左岸2K+550" }, "geometry": { "type": "Point", "coordinates": [ 121.788330650543003, 25.1241650139931, 0.0 ] } },
{ "type": "Feature", "properties": { "Display": "2K+560", "River": "深澳坑溪排水左岸", "Name": "深澳坑溪排水左岸2K+560" }, "geometry": { "type": "Point", "coordinates": [ 121.788237958758003, 25.124196769500202, 0.0 ] } },
{ "type": "Feature", "properties": { "Display": "2K+570", "River": "深澳坑溪排水左岸", "Name": "深澳坑溪排水左岸2K+570" }, "geometry": { "type": "Point", "coordinates": [ 121.788149320157999, 25.124237051383801, 0.0 ] } },
{ "type": "Feature", "properties": { "Display": "2K+580", "River": "深澳坑溪排水左岸", "Name": "深澳坑溪排水左岸2K+580" }, "geometry": { "type": "Point", "coordinates": [ 121.788061089563996, 25.1242782502956, 0.0 ] } },
{ "type": "Feature", "properties": { "Display": "2K+590", "River": "深澳坑溪排水左岸", "Name": "深澳坑溪排水左岸2K+590" }, "geometry": { "type": "Point", "coordinates": [ 121.787972475052996, 25.124318763991202, 0.0 ] } },
{ "type": "Feature", "properties": { "Display": "2K+600", "River": "深澳坑溪排水左岸", "Name": "深澳坑溪排水左岸2K+600" }, "geometry": { "type": "Point", "coordinates": [ 121.787883860481998, 25.124359277635101, 0.0 ] } },
{ "type": "Feature", "properties": { "Display": "2K+610", "River": "深澳坑溪排水左岸", "Name": "深澳坑溪排水左岸2K+610" }, "geometry": { "type": "Point", "coordinates": [ 121.787795190229005, 25.1243996902014, 0.0 ] } },
{ "type": "Feature", "properties": { "Display": "2K+620", "River": "深澳坑溪排水左岸", "Name": "深澳坑溪排水左岸2K+620" }, "geometry": { "type": "Point", "coordinates": [ 121.787705276701004, 25.124437363759998, 0.0 ] } },
{ "type": "Feature", "properties": { "Display": "2K+630", "River": "深澳坑溪排水左岸", "Name": "深澳坑溪排水左岸2K+630" }, "geometry": { "type": "Point", "coordinates": [ 121.787607860053996, 25.124453485549498, 0.0 ] } },
{ "type": "Feature", "properties": { "Display": "2K+640", "River": "深澳坑溪排水左岸", "Name": "深澳坑溪排水左岸2K+640" }, "geometry": { "type": "Point", "coordinates": [ 121.787512340803005, 25.124477227121801, 0.0 ] } },
{ "type": "Feature", "properties": { "Display": "2K+650", "River": "深澳坑溪排水左岸", "Name": "深澳坑溪排水左岸2K+650" }, "geometry": { "type": "Point", "coordinates": [ 121.787420208122001, 25.124509802944999, 0.0 ] } },
{ "type": "Feature", "properties": { "Display": "2K+660", "River": "深澳坑溪排水左岸", "Name": "深澳坑溪排水左岸2K+660" }, "geometry": { "type": "Point", "coordinates": [ 121.787343480686005, 25.124566687151201, 0.0 ] } },
{ "type": "Feature", "properties": { "Display": "2K+670", "River": "深澳坑溪排水左岸", "Name": "深澳坑溪排水左岸2K+670" }, "geometry": { "type": "Point", "coordinates": [ 121.787273575873002, 25.1246307145678, 0.0 ] } },
{ "type": "Feature", "properties": { "Display": "2K+680", "River": "深澳坑溪排水左岸", "Name": "深澳坑溪排水左岸2K+680" }, "geometry": { "type": "Point", "coordinates": [ 121.787203670988006, 25.124694741952599, 0.0 ] } },
{ "type": "Feature", "properties": { "Display": "2K+690", "River": "深澳坑溪排水左岸", "Name": "深澳坑溪排水左岸2K+690" }, "geometry": { "type": "Point", "coordinates": [ 121.787135239446997, 25.124760017636302, 0.0 ] } },
{ "type": "Feature", "properties": { "Display": "2K+700", "River": "深澳坑溪排水左岸", "Name": "深澳坑溪排水左岸2K+700" }, "geometry": { "type": "Point", "coordinates": [ 121.787061339009, 25.124818392813602, 0.0 ] } },
{ "type": "Feature", "properties": { "Display": "2K+710", "River": "深澳坑溪排水左岸", "Name": "深澳坑溪排水左岸2K+710" }, "geometry": { "type": "Point", "coordinates": [ 121.786971482671007, 25.124856492532299, 0.0 ] } },
{ "type": "Feature", "properties": { "Display": "2K+720", "River": "深澳坑溪排水左岸", "Name": "深澳坑溪排水左岸2K+720" }, "geometry": { "type": "Point", "coordinates": [ 121.786882741528004, 25.124896652890801, 0.0 ] } },
{ "type": "Feature", "properties": { "Display": "2K+730", "River": "深澳坑溪排水左岸", "Name": "深澳坑溪排水左岸2K+730" }, "geometry": { "type": "Point", "coordinates": [ 121.786790134471005, 25.124928779740401, 0.0 ] } },
{ "type": "Feature", "properties": { "Display": "2K+740", "River": "深澳坑溪排水左岸", "Name": "深澳坑溪排水左岸2K+740" }, "geometry": { "type": "Point", "coordinates": [ 121.786711694440001, 25.124982825910902, 0.0 ] } },
{ "type": "Feature", "properties": { "Display": "2K+750", "River": "深澳坑溪排水左岸", "Name": "深澳坑溪排水左岸2K+750" }, "geometry": { "type": "Point", "coordinates": [ 121.786641769903994, 25.1250468323917, 0.0 ] } },
{ "type": "Feature", "properties": { "Display": "2K+760", "River": "深澳坑溪排水左岸", "Name": "深澳坑溪排水左岸2K+760" }, "geometry": { "type": "Point", "coordinates": [ 121.786572224143995, 25.125111183316399, 0.0 ] } },
{ "type": "Feature", "properties": { "Display": "2K+770", "River": "深澳坑溪排水左岸", "Name": "深澳坑溪排水左岸2K+770" }, "geometry": { "type": "Point", "coordinates": [ 121.786504046725, 25.125176706352001, 0.0 ] } },
{ "type": "Feature", "properties": { "Display": "2K+780", "River": "深澳坑溪排水左岸", "Name": "深澳坑溪排水左岸2K+780" }, "geometry": { "type": "Point", "coordinates": [ 121.786437724536995, 25.1252438185548, 0.0 ] } },
{ "type": "Feature", "properties": { "Display": "2K+790", "River": "深澳坑溪排水左岸", "Name": "深澳坑溪排水左岸2K+790" }, "geometry": { "type": "Point", "coordinates": [ 121.786371402276998, 25.125310930729, 0.0 ] } },
{ "type": "Feature", "properties": { "Display": "2K+800", "River": "深澳坑溪排水左岸", "Name": "深澳坑溪排水左岸2K+800" }, "geometry": { "type": "Point", "coordinates": [ 121.786298847829997, 25.125371673353001, 0.0 ] } },
{ "type": "Feature", "properties": { "Display": "2K+810", "River": "深澳坑溪排水左岸", "Name": "深澳坑溪排水左岸2K+810" }, "geometry": { "type": "Point", "coordinates": [ 121.786222136283001, 25.125428878637202, 0.0 ] } },
{ "type": "Feature", "properties": { "Display": "2K+820", "River": "深澳坑溪排水左岸", "Name": "深澳坑溪排水左岸2K+820" }, "geometry": { "type": "Point", "coordinates": [ 121.78614519237, 25.125485824095598, 0.0 ] } },
{ "type": "Feature", "properties": { "Display": "2K+830", "River": "深澳坑溪排水左岸", "Name": "深澳坑溪排水左岸2K+830" }, "geometry": { "type": "Point", "coordinates": [ 121.786068098209995, 25.125542601565101, 0.0 ] } },
{ "type": "Feature", "properties": { "Display": "2K+840", "River": "深澳坑溪排水左岸", "Name": "深澳坑溪排水左岸2K+840" }, "geometry": { "type": "Point", "coordinates": [ 121.785986036213004, 25.125592933332399, 0.0 ] } },
{ "type": "Feature", "properties": { "Display": "2K+850", "River": "深澳坑溪排水左岸", "Name": "深澳坑溪排水左岸2K+850" }, "geometry": { "type": "Point", "coordinates": [ 121.785898104167003, 25.125634611436301, 0.0 ] } },
{ "type": "Feature", "properties": { "Display": "2K+860", "River": "深澳坑溪排水左岸", "Name": "深澳坑溪排水左岸2K+860" }, "geometry": { "type": "Point", "coordinates": [ 121.785813214119997, 25.125681023579599, 0.0 ] } },
{ "type": "Feature", "properties": { "Display": "2K+870", "River": "深澳坑溪排水左岸", "Name": "深澳坑溪排水左岸2K+870" }, "geometry": { "type": "Point", "coordinates": [ 121.785746386892001, 25.125747243046199, 0.0 ] } },
{ "type": "Feature", "properties": { "Display": "2K+880", "River": "深澳坑溪排水左岸", "Name": "深澳坑溪排水左岸2K+880" }, "geometry": { "type": "Point", "coordinates": [ 121.785708817607002, 25.125828806460198, 0.0 ] } },
{ "type": "Feature", "properties": { "Display": "2K+890", "River": "深澳坑溪排水左岸", "Name": "深澳坑溪排水左岸2K+890" }, "geometry": { "type": "Point", "coordinates": [ 121.785704485797993, 25.1259188617917, 0.0 ] } },
{ "type": "Feature", "properties": { "Display": "2K+900", "River": "深澳坑溪排水左岸", "Name": "深澳坑溪排水左岸2K+900" }, "geometry": { "type": "Point", "coordinates": [ 121.785712958475003, 25.126008795509701, 0.0 ] } },
{ "type": "Feature", "properties": { "Display": "2K+910", "River": "深澳坑溪排水左岸", "Name": "深澳坑溪排水左岸2K+910" }, "geometry": { "type": "Point", "coordinates": [ 121.785724491451006, 25.126098422029401, 0.0 ] } },
{ "type": "Feature", "properties": { "Display": "2K+920", "River": "深澳坑溪排水左岸", "Name": "深澳坑溪排水左岸2K+920" }, "geometry": { "type": "Point", "coordinates": [ 121.785756114701002, 25.126183464704599, 0.0 ] } },
{ "type": "Feature", "properties": { "Display": "2K+930", "River": "深澳坑溪排水左岸", "Name": "深澳坑溪排水左岸2K+930" }, "geometry": { "type": "Point", "coordinates": [ 121.785779718022994, 25.126271145369198, 0.0 ] } },
{ "type": "Feature", "properties": { "Display": "2K+940", "River": "深澳坑溪排水左岸", "Name": "深澳坑溪排水左岸2K+940" }, "geometry": { "type": "Point", "coordinates": [ 121.785802946439006, 25.1263589083601, 0.0 ] } },
{ "type": "Feature", "properties": { "Display": "2K+950", "River": "深澳坑溪排水左岸", "Name": "深澳坑溪排水左岸2K+950" }, "geometry": { "type": "Point", "coordinates": [ 121.785822898015994, 25.126447296070801, 0.0 ] } },
{ "type": "Feature", "properties": { "Display": "2K+960", "River": "深澳坑溪排水左岸", "Name": "深澳坑溪排水左岸2K+960" }, "geometry": { "type": "Point", "coordinates": [ 121.785830095850997, 25.126537320725699, 0.0 ] } },
{ "type": "Feature", "properties": { "Display": "2K+970", "River": "深澳坑溪排水左岸", "Name": "深澳坑溪排水左岸2K+970" }, "geometry": { "type": "Point", "coordinates": [ 121.785811269877001, 25.126624793000701, 0.0 ] } },
{ "type": "Feature", "properties": { "Display": "2K+980", "River": "深澳坑溪排水左岸", "Name": "深澳坑溪排水左岸2K+980" }, "geometry": { "type": "Point", "coordinates": [ 121.785785040088001, 25.12671185208, 0.0 ] } },
{ "type": "Feature", "properties": { "Display": "2K+990", "River": "深澳坑溪排水左岸", "Name": "深澳坑溪排水左岸2K+990" }, "geometry": { "type": "Point", "coordinates": [ 121.785758049275003, 25.1267987163131, 0.0 ] } },
{ "type": "Feature", "properties": { "Display": "3K+000", "River": "深澳坑溪排水左岸", "Name": "深澳坑溪排水左岸3K+000" }, "geometry": { "type": "Point", "coordinates": [ 121.785732242240002, 25.126885878835601, 0.0 ] } },
{ "type": "Feature", "properties": { "Display": "3K+010", "River": "深澳坑溪排水左岸", "Name": "深澳坑溪排水左岸3K+010" }, "geometry": { "type": "Point", "coordinates": [ 121.785703834109, 25.1269723323561, 0.0 ] } },
{ "type": "Feature", "properties": { "Display": "3K+020", "River": "深澳坑溪排水左岸", "Name": "深澳坑溪排水左岸3K+020" }, "geometry": { "type": "Point", "coordinates": [ 121.785660949144997, 25.127053354910402, 0.0 ] } },
{ "type": "Feature", "properties": { "Display": "3K+030", "River": "深澳坑溪排水左岸", "Name": "深澳坑溪排水左岸3K+030" }, "geometry": { "type": "Point", "coordinates": [ 121.785608862687994, 25.127130173965899, 0.0 ] } },
{ "type": "Feature", "properties": { "Display": "3K+040", "River": "深澳坑溪排水左岸", "Name": "深澳坑溪排水左岸3K+040" }, "geometry": { "type": "Point", "coordinates": [ 121.785559150275006, 25.1272082651689, 0.0 ] } },
{ "type": "Feature", "properties": { "Display": "3K+050", "River": "深澳坑溪排水左岸", "Name": "深澳坑溪排水左岸3K+050" }, "geometry": { "type": "Point", "coordinates": [ 121.785561860778003, 25.1272931211297, 0.0 ] } },
{ "type": "Feature", "properties": { "Display": "3K+060", "River": "深澳坑溪排水左岸", "Name": "深澳坑溪排水左岸3K+060" }, "geometry": { "type": "Point", "coordinates": [ 121.785608135027005, 25.1273728286683, 0.0 ] } },
{ "type": "Feature", "properties": { "Display": "3K+070", "River": "深澳坑溪排水左岸", "Name": "深澳坑溪排水左岸3K+070" }, "geometry": { "type": "Point", "coordinates": [ 121.785642979165999, 25.127456933065499, 0.0 ] } },
{ "type": "Feature", "properties": { "Display": "3K+080", "River": "深澳坑溪排水左岸", "Name": "深澳坑溪排水左岸3K+080" }, "geometry": { "type": "Point", "coordinates": [ 121.785657974697003, 25.127545869517899, 0.0 ] } },
{ "type": "Feature", "properties": { "Display": "3K+090", "River": "深澳坑溪排水左岸", "Name": "深澳坑溪排水左岸3K+090" }, "geometry": { "type": "Point", "coordinates": [ 121.785650753205999, 25.1276351567418, 0.0 ] } },
{ "type": "Feature", "properties": { "Display": "3K+100", "River": "深澳坑溪排水左岸", "Name": "深澳坑溪排水左岸3K+100" }, "geometry": { "type": "Point", "coordinates": [ 121.785611353163006, 25.127716771666101, 0.0 ] } },
{ "type": "Feature", "properties": { "Display": "3K+110", "River": "深澳坑溪排水左岸", "Name": "深澳坑溪排水左岸3K+110" }, "geometry": { "type": "Point", "coordinates": [ 121.785528377259993, 25.127762053483899, 0.0 ] } },
{ "type": "Feature", "properties": { "Display": "3K+120", "River": "深澳坑溪排水左岸", "Name": "深澳坑溪排水左岸3K+120" }, "geometry": { "type": "Point", "coordinates": [ 121.785432282730994, 25.1277843400797, 0.0 ] } },
{ "type": "Feature", "properties": { "Display": "3K+130", "River": "深澳坑溪排水左岸", "Name": "深澳坑溪排水左岸3K+130" }, "geometry": { "type": "Point", "coordinates": [ 121.785335065168994, 25.127773233211101, 0.0 ] } },
{ "type": "Feature", "properties": { "Display": "3K+140", "River": "深澳坑溪排水左岸", "Name": "深澳坑溪排水左岸3K+140" }, "geometry": { "type": "Point", "coordinates": [ 121.785262246108999, 25.1277256537124, 0.0 ] } },
{ "type": "Feature", "properties": { "Display": "3K+150", "River": "深澳坑溪排水左岸", "Name": "深澳坑溪排水左岸3K+150" }, "geometry": { "type": "Point", "coordinates": [ 121.785227947612, 25.127641002284498, 0.0 ] } },
{ "type": "Feature", "properties": { "Display": "3K+160", "River": "深澳坑溪排水左岸", "Name": "深澳坑溪排水左岸3K+160" }, "geometry": { "type": "Point", "coordinates": [ 121.785196386387, 25.127555421417298, 0.0 ] } },
{ "type": "Feature", "properties": { "Display": "3K+170", "River": "深澳坑溪排水左岸", "Name": "深澳坑溪排水左岸3K+170" }, "geometry": { "type": "Point", "coordinates": [ 121.785160030761006, 25.1274719078957, 0.0 ] } },
{ "type": "Feature", "properties": { "Display": "3K+180", "River": "深澳坑溪排水左岸", "Name": "深澳坑溪排水左岸3K+180" }, "geometry": { "type": "Point", "coordinates": [ 121.785072469903994, 25.127433910065601, 0.0 ] } },
{ "type": "Feature", "properties": { "Display": "3K+190", "River": "深澳坑溪排水左岸", "Name": "深澳坑溪排水左岸3K+190" }, "geometry": { "type": "Point", "coordinates": [ 121.784974707258002, 25.127425121145698, 0.0 ] } },
{ "type": "Feature", "properties": { "Display": "3K+200", "River": "深澳坑溪排水左岸", "Name": "深澳坑溪排水左岸3K+200" }, "geometry": { "type": "Point", "coordinates": [ 121.784875911962004, 25.127432736550499, 0.0 ] } },
{ "type": "Feature", "properties": { "Display": "3K+210", "River": "深澳坑溪排水左岸", "Name": "深澳坑溪排水左岸3K+210" }, "geometry": { "type": "Point", "coordinates": [ 121.784778396595996, 25.127444985470198, 0.0 ] } },
{ "type": "Feature", "properties": { "Display": "3K+220", "River": "深澳坑溪排水左岸", "Name": "深澳坑溪排水左岸3K+220" }, "geometry": { "type": "Point", "coordinates": [ 121.784679482963, 25.127448525473699, 0.0 ] } },
{ "type": "Feature", "properties": { "Display": "3K+230", "River": "深澳坑溪排水左岸", "Name": "深澳坑溪排水左岸3K+230" }, "geometry": { "type": "Point", "coordinates": [ 121.784580800160995, 25.1274453396727, 0.0 ] } },
{ "type": "Feature", "properties": { "Display": "3K+240", "River": "深澳坑溪排水左岸", "Name": "深澳坑溪排水左岸3K+240" }, "geometry": { "type": "Point", "coordinates": [ 121.784488894481001, 25.127412715558201, 0.0 ] } },
{ "type": "Feature", "properties": { "Display": "3K+250", "River": "深澳坑溪排水左岸", "Name": "深澳坑溪排水左岸3K+250" }, "geometry": { "type": "Point", "coordinates": [ 121.784400734415996, 25.127371384259199, 0.0 ] } },
{ "type": "Feature", "properties": { "Display": "3K+260", "River": "深澳坑溪排水左岸", "Name": "深澳坑溪排水左岸3K+260" }, "geometry": { "type": "Point", "coordinates": [ 121.784312463313995, 25.1273302632788, 0.0 ] } },
{ "type": "Feature", "properties": { "Display": "3K+270", "River": "深澳坑溪排水左岸", "Name": "深澳坑溪排水左岸3K+270" }, "geometry": { "type": "Point", "coordinates": [ 121.784220059719004, 25.127297841438001, 0.0 ] } },
{ "type": "Feature", "properties": { "Display": "3K+280", "River": "深澳坑溪排水左岸", "Name": "深澳坑溪排水左岸3K+280" }, "geometry": { "type": "Point", "coordinates": [ 121.784125824019995, 25.127269737211499, 0.0 ] } },
{ "type": "Feature", "properties": { "Display": "3K+290", "River": "深澳坑溪排水左岸", "Name": "深澳坑溪排水左岸3K+290" }, "geometry": { "type": "Point", "coordinates": [ 121.784033109114006, 25.127238241506401, 0.0 ] } },
{ "type": "Feature", "properties": { "Display": "0K+000", "River": "鶯歌溪排水右岸", "Name": "鶯歌溪排水右岸0K+000" }, "geometry": { "type": "Point", "coordinates": [ 121.353420738791996, 24.950801898034602, 0.0 ] } },
{ "type": "Feature", "properties": { "Display": "0K+010", "River": "鶯歌溪排水右岸", "Name": "鶯歌溪排水右岸0K+010" }, "geometry": { "type": "Point", "coordinates": [ 121.353340522647002, 24.9508548381441, 0.0 ] } },
{ "type": "Feature", "properties": { "Display": "0K+020", "River": "鶯歌溪排水右岸", "Name": "鶯歌溪排水右岸0K+020" }, "geometry": { "type": "Point", "coordinates": [ 121.353260306433, 24.950907778210698, 0.0 ] } },
{ "type": "Feature", "properties": { "Display": "0K+030", "River": "鶯歌溪排水右岸", "Name": "鶯歌溪排水右岸0K+030" }, "geometry": { "type": "Point", "coordinates": [ 121.353180090150005, 24.950960718234601, 0.0 ] } },
{ "type": "Feature", "properties": { "Display": "0K+040", "River": "鶯歌溪排水右岸", "Name": "鶯歌溪排水右岸0K+040" }, "geometry": { "type": "Point", "coordinates": [ 121.353099967443001, 24.951013774282899, 0.0 ] } },
{ "type": "Feature", "properties": { "Display": "0K+050", "River": "鶯歌溪排水右岸", "Name": "鶯歌溪排水右岸0K+050" }, "geometry": { "type": "Point", "coordinates": [ 121.353020644666003, 24.951067821852099, 0.0 ] } },
{ "type": "Feature", "properties": { "Display": "0K+060", "River": "鶯歌溪排水右岸", "Name": "鶯歌溪排水右岸0K+060" }, "geometry": { "type": "Point", "coordinates": [ 121.352941321821007, 24.951121869379399, 0.0 ] } },
{ "type": "Feature", "properties": { "Display": "0K+070", "River": "鶯歌溪排水右岸", "Name": "鶯歌溪排水右岸0K+070" }, "geometry": { "type": "Point", "coordinates": [ 121.352861998904999, 24.951175916864901, 0.0 ] } },
{ "type": "Feature", "properties": { "Display": "0K+080", "River": "鶯歌溪排水右岸", "Name": "鶯歌溪排水右岸0K+080" }, "geometry": { "type": "Point", "coordinates": [ 121.352782013549998, 24.951229141383902, 0.0 ] } },
{ "type": "Feature", "properties": { "Display": "0K+090", "River": "鶯歌溪排水右岸", "Name": "鶯歌溪排水右岸0K+090" }, "geometry": { "type": "Point", "coordinates": [ 121.352701665991006, 24.9512819159477, 0.0 ] } },
{ "type": "Feature", "properties": { "Display": "0K+100", "River": "鶯歌溪排水右岸", "Name": "鶯歌溪排水右岸0K+100" }, "geometry": { "type": "Point", "coordinates": [ 121.352621475891993, 24.951334888649502, 0.0 ] } },
{ "type": "Feature", "properties": { "Display": "0K+110", "River": "鶯歌溪排水右岸", "Name": "鶯歌溪排水右岸0K+110" }, "geometry": { "type": "Point", "coordinates": [ 121.352541450805006, 24.951388068991701, 0.0 ] } },
{ "type": "Feature", "properties": { "Display": "0K+120", "River": "鶯歌溪排水右岸", "Name": "鶯歌溪排水右岸0K+120" }, "geometry": { "type": "Point", "coordinates": [ 121.352461425648997, 24.9514412492913, 0.0 ] } },
{ "type": "Feature", "properties": { "Display": "0K+130", "River": "鶯歌溪排水右岸", "Name": "鶯歌溪排水右岸0K+130" }, "geometry": { "type": "Point", "coordinates": [ 121.352383075321995, 24.9514964630851, 0.0 ] } },
{ "type": "Feature", "properties": { "Display": "0K+140", "River": "鶯歌溪排水右岸", "Name": "鶯歌溪排水右岸0K+140" }, "geometry": { "type": "Point", "coordinates": [ 121.352304739668995, 24.951551694739301, 0.0 ] } },
{ "type": "Feature", "properties": { "Display": "0K+150", "River": "鶯歌溪排水右岸", "Name": "鶯歌溪排水右岸0K+150" }, "geometry": { "type": "Point", "coordinates": [ 121.352220569305004, 24.951599237467502, 0.0 ] } },
{ "type": "Feature", "properties": { "Display": "0K+160", "River": "鶯歌溪排水右岸", "Name": "鶯歌溪排水右岸0K+160" }, "geometry": { "type": "Point", "coordinates": [ 121.352136256736998, 24.951646592837701, 0.0 ] } },
{ "type": "Feature", "properties": { "Display": "0K+170", "River": "鶯歌溪排水右岸", "Name": "鶯歌溪排水右岸0K+170" }, "geometry": { "type": "Point", "coordinates": [ 121.352051944104005, 24.951693948160599, 0.0 ] } },
{ "type": "Feature", "properties": { "Display": "0K+180", "River": "鶯歌溪排水右岸", "Name": "鶯歌溪排水右岸0K+180" }, "geometry": { "type": "Point", "coordinates": [ 121.351968884778998, 24.951742997234, 0.0 ] } },
{ "type": "Feature", "properties": { "Display": "0K+190", "River": "鶯歌溪排水右岸", "Name": "鶯歌溪排水右岸0K+190" }, "geometry": { "type": "Point", "coordinates": [ 121.351889937487996, 24.951797498230398, 0.0 ] } },
{ "type": "Feature", "properties": { "Display": "0K+200", "River": "鶯歌溪排水右岸", "Name": "鶯歌溪排水右岸0K+200" }, "geometry": { "type": "Point", "coordinates": [ 121.351811121096006, 24.951852158696902, 0.0 ] } },
{ "type": "Feature", "properties": { "Display": "0K+210", "River": "鶯歌溪排水右岸", "Name": "鶯歌溪排水右岸0K+210" }, "geometry": { "type": "Point", "coordinates": [ 121.351732304633998, 24.951906819122001, 0.0 ] } },
{ "type": "Feature", "properties": { "Display": "0K+220", "River": "鶯歌溪排水右岸", "Name": "鶯歌溪排水右岸0K+220" }, "geometry": { "type": "Point", "coordinates": [ 121.351653488102002, 24.951961479505702, 0.0 ] } },
{ "type": "Feature", "properties": { "Display": "0K+230", "River": "鶯歌溪排水右岸", "Name": "鶯歌溪排水右岸0K+230" }, "geometry": { "type": "Point", "coordinates": [ 121.351586313238002, 24.952027682860901, 0.0 ] } },
{ "type": "Feature", "properties": { "Display": "0K+240", "River": "鶯歌溪排水右岸", "Name": "鶯歌溪排水右岸0K+240" }, "geometry": { "type": "Point", "coordinates": [ 121.351519318460007, 24.952094159665801, 0.0 ] } },
{ "type": "Feature", "properties": { "Display": "0K+250", "River": "鶯歌溪排水右岸", "Name": "鶯歌溪排水右岸0K+250" }, "geometry": { "type": "Point", "coordinates": [ 121.351442235904997, 24.952148297083301, 0.0 ] } },
{ "type": "Feature", "properties": { "Display": "0K+260", "River": "鶯歌溪排水右岸", "Name": "鶯歌溪排水右岸0K+260" }, "geometry": { "type": "Point", "coordinates": [ 121.351344800199996, 24.952155722039301, 0.0 ] } },
{ "type": "Feature", "properties": { "Display": "0K+270", "River": "鶯歌溪排水右岸", "Name": "鶯歌溪排水右岸0K+270" }, "geometry": { "type": "Point", "coordinates": [ 121.351251496431999, 24.9521827821487, 0.0 ] } },
{ "type": "Feature", "properties": { "Display": "0K+280", "River": "鶯歌溪排水右岸", "Name": "鶯歌溪排水右岸0K+280" }, "geometry": { "type": "Point", "coordinates": [ 121.351173420020004, 24.952238167849799, 0.0 ] } },
{ "type": "Feature", "properties": { "Display": "0K+290", "River": "鶯歌溪排水右岸", "Name": "鶯歌溪排水右岸0K+290" }, "geometry": { "type": "Point", "coordinates": [ 121.351094806646998, 24.952293044189201, 0.0 ] } },
{ "type": "Feature", "properties": { "Display": "0K+300", "River": "鶯歌溪排水右岸", "Name": "鶯歌溪排水右岸0K+300" }, "geometry": { "type": "Point", "coordinates": [ 121.351012702087004, 24.9523435146594, 0.0 ] } },
{ "type": "Feature", "properties": { "Display": "0K+310", "River": "鶯歌溪排水右岸", "Name": "鶯歌溪排水右岸0K+310" }, "geometry": { "type": "Point", "coordinates": [ 121.350927863826996, 24.952390044558399, 0.0 ] } },
{ "type": "Feature", "properties": { "Display": "0K+320", "River": "鶯歌溪排水右岸", "Name": "鶯歌溪排水右岸0K+320" }, "geometry": { "type": "Point", "coordinates": [ 121.350844545588004, 24.952438827887299, 0.0 ] } },
{ "type": "Feature", "properties": { "Display": "0K+330", "River": "鶯歌溪排水右岸", "Name": "鶯歌溪排水右岸0K+330" }, "geometry": { "type": "Point", "coordinates": [ 121.350761719006002, 24.952488307809201, 0.0 ] } },
{ "type": "Feature", "properties": { "Display": "0K+340", "River": "鶯歌溪排水右岸", "Name": "鶯歌溪排水右岸0K+340" }, "geometry": { "type": "Point", "coordinates": [ 121.350676893493997, 24.952534846459599, 0.0 ] } },
{ "type": "Feature", "properties": { "Display": "0K+350", "River": "鶯歌溪排水右岸", "Name": "鶯歌溪排水右岸0K+350" }, "geometry": { "type": "Point", "coordinates": [ 121.350588642342004, 24.952575765966799, 0.0 ] } },
{ "type": "Feature", "properties": { "Display": "0K+360", "River": "鶯歌溪排水右岸", "Name": "鶯歌溪排水右岸0K+360" }, "geometry": { "type": "Point", "coordinates": [ 121.350497739538, 24.9526115355592, 0.0 ] } },
{ "type": "Feature", "properties": { "Display": "0K+370", "River": "鶯歌溪排水右岸", "Name": "鶯歌溪排水右岸0K+370" }, "geometry": { "type": "Point", "coordinates": [ 121.350404765856993, 24.952642550200999, 0.0 ] } },
{ "type": "Feature", "properties": { "Display": "0K+380", "River": "鶯歌溪排水右岸", "Name": "鶯歌溪排水右岸0K+380" }, "geometry": { "type": "Point", "coordinates": [ 121.350310304816006, 24.952669632551199, 0.0 ] } },
{ "type": "Feature", "properties": { "Display": "0K+390", "River": "鶯歌溪排水右岸", "Name": "鶯歌溪排水右岸0K+390" }, "geometry": { "type": "Point", "coordinates": [ 121.350214806226006, 24.952693481971899, 0.0 ] } },
{ "type": "Feature", "properties": { "Display": "0K+400", "River": "鶯歌溪排水右岸", "Name": "鶯歌溪排水右岸0K+400" }, "geometry": { "type": "Point", "coordinates": [ 121.350118777652, 24.952715406512599, 0.0 ] } },
{ "type": "Feature", "properties": { "Display": "0K+410", "River": "鶯歌溪排水右岸", "Name": "鶯歌溪排水右岸0K+410" }, "geometry": { "type": "Point", "coordinates": [ 121.350022546220998, 24.952736699529598, 0.0 ] } },
{ "type": "Feature", "properties": { "Display": "0K+420", "River": "鶯歌溪排水右岸", "Name": "鶯歌溪排水右岸0K+420" }, "geometry": { "type": "Point", "coordinates": [ 121.349925080291996, 24.9527526349118, 0.0 ] } },
{ "type": "Feature", "properties": { "Display": "0K+430", "River": "鶯歌溪排水右岸", "Name": "鶯歌溪排水右岸0K+430" }, "geometry": { "type": "Point", "coordinates": [ 121.349827231128998, 24.952766526599699, 0.0 ] } },
{ "type": "Feature", "properties": { "Display": "0K+440", "River": "鶯歌溪排水右岸", "Name": "鶯歌溪排水右岸0K+440" }, "geometry": { "type": "Point", "coordinates": [ 121.349729350974002, 24.952780241122301, 0.0 ] } },
{ "type": "Feature", "properties": { "Display": "0K+450", "River": "鶯歌溪排水右岸", "Name": "鶯歌溪排水右岸0K+450" }, "geometry": { "type": "Point", "coordinates": [ 121.349631453976997, 24.952793855404099, 0.0 ] } },
{ "type": "Feature", "properties": { "Display": "0K+460", "River": "鶯歌溪排水右岸", "Name": "鶯歌溪排水右岸0K+460" }, "geometry": { "type": "Point", "coordinates": [ 121.349533531985003, 24.9528073196558, 0.0 ] } },
{ "type": "Feature", "properties": { "Display": "0K+470", "River": "鶯歌溪排水右岸", "Name": "鶯歌溪排水右岸0K+470" }, "geometry": { "type": "Point", "coordinates": [ 121.349435609970996, 24.9528207838434, 0.0 ] } },
{ "type": "Feature", "properties": { "Display": "0K+480", "River": "鶯歌溪排水右岸", "Name": "鶯歌溪排水右岸0K+480" }, "geometry": { "type": "Point", "coordinates": [ 121.349337687935005, 24.952834247966798, 0.0 ] } },
{ "type": "Feature", "properties": { "Display": "0K+490", "River": "鶯歌溪排水右岸", "Name": "鶯歌溪排水右岸0K+490" }, "geometry": { "type": "Point", "coordinates": [ 121.349239765877002, 24.952847712026099, 0.0 ] } },
{ "type": "Feature", "properties": { "Display": "0K+500", "River": "鶯歌溪排水右岸", "Name": "鶯歌溪排水右岸0K+500" }, "geometry": { "type": "Point", "coordinates": [ 121.349141843796005, 24.952861176021099, 0.0 ] } },
{ "type": "Feature", "properties": { "Display": "0K+510", "River": "鶯歌溪排水右岸", "Name": "鶯歌溪排水右岸0K+510" }, "geometry": { "type": "Point", "coordinates": [ 121.349043962683993, 24.9528748850455, 0.0 ] } },
{ "type": "Feature", "properties": { "Display": "0K+520", "River": "鶯歌溪排水右岸", "Name": "鶯歌溪排水右岸0K+520" }, "geometry": { "type": "Point", "coordinates": [ 121.348945881936004, 24.952887331552098, 0.0 ] } },
{ "type": "Feature", "properties": { "Display": "0K+530", "River": "鶯歌溪排水右岸", "Name": "鶯歌溪排水右岸0K+530" }, "geometry": { "type": "Point", "coordinates": [ 121.348847858799004, 24.952900153432701, 0.0 ] } },
{ "type": "Feature", "properties": { "Display": "0K+540", "River": "鶯歌溪排水右岸", "Name": "鶯歌溪排水右岸0K+540" }, "geometry": { "type": "Point", "coordinates": [ 121.348750088879001, 24.952914483763099, 0.0 ] } },
{ "type": "Feature", "properties": { "Display": "0K+550", "River": "鶯歌溪排水右岸", "Name": "鶯歌溪排水右岸0K+550" }, "geometry": { "type": "Point", "coordinates": [ 121.348652593240004, 24.952930310463099, 0.0 ] } },
{ "type": "Feature", "properties": { "Display": "0K+560", "River": "鶯歌溪排水右岸", "Name": "鶯歌溪排水右岸0K+560" }, "geometry": { "type": "Point", "coordinates": [ 121.348564883012997, 24.952930362475598, 0.0 ] } },
{ "type": "Feature", "properties": { "Display": "0K+570", "River": "鶯歌溪排水右岸", "Name": "鶯歌溪排水右岸0K+570" }, "geometry": { "type": "Point", "coordinates": [ 121.348466892874001, 24.9529434088461, 0.0 ] } },
{ "type": "Feature", "properties": { "Display": "0K+580", "River": "鶯歌溪排水右岸", "Name": "鶯歌溪排水右岸0K+580" }, "geometry": { "type": "Point", "coordinates": [ 121.348369060460001, 24.952957331807301, 0.0 ] } },
{ "type": "Feature", "properties": { "Display": "0K+590", "River": "鶯歌溪排水右岸", "Name": "鶯歌溪排水右岸0K+590" }, "geometry": { "type": "Point", "coordinates": [ 121.348271593755001, 24.952973179583399, 0.0 ] } },
{ "type": "Feature", "properties": { "Display": "0K+600", "River": "鶯歌溪排水右岸", "Name": "鶯歌溪排水右岸0K+600" }, "geometry": { "type": "Point", "coordinates": [ 121.348174733799993, 24.952991972765599, 0.0 ] } },
{ "type": "Feature", "properties": { "Display": "0K+610", "River": "鶯歌溪排水右岸", "Name": "鶯歌溪排水右岸0K+610" }, "geometry": { "type": "Point", "coordinates": [ 121.348077646511001, 24.953009766163198, 0.0 ] } },
{ "type": "Feature", "properties": { "Display": "0K+620", "River": "鶯歌溪排水右岸", "Name": "鶯歌溪排水右岸0K+620" }, "geometry": { "type": "Point", "coordinates": [ 121.347980845381002, 24.953028801911099, 0.0 ] } },
{ "type": "Feature", "properties": { "Display": "0K+630", "River": "鶯歌溪排水右岸", "Name": "鶯歌溪排水右岸0K+630" }, "geometry": { "type": "Point", "coordinates": [ 121.347883665509997, 24.9530461432851, 0.0 ] } },
{ "type": "Feature", "properties": { "Display": "0K+640", "River": "鶯歌溪排水右岸", "Name": "鶯歌溪排水右岸0K+640" }, "geometry": { "type": "Point", "coordinates": [ 121.347785938033994, 24.953060715455202, 0.0 ] } },
{ "type": "Feature", "properties": { "Display": "0K+650", "River": "鶯歌溪排水右岸", "Name": "鶯歌溪排水右岸0K+650" }, "geometry": { "type": "Point", "coordinates": [ 121.347687685994998, 24.9530719660657, 0.0 ] } },
{ "type": "Feature", "properties": { "Display": "0K+660", "River": "鶯歌溪排水右岸", "Name": "鶯歌溪排水右岸0K+660" }, "geometry": { "type": "Point", "coordinates": [ 121.347589026012997, 24.9530796265405, 0.0 ] } },
{ "type": "Feature", "properties": { "Display": "0K+670", "River": "鶯歌溪排水右岸", "Name": "鶯歌溪排水右岸0K+670" }, "geometry": { "type": "Point", "coordinates": [ 121.347490127908003, 24.9530839297772, 0.0 ] } },
{ "type": "Feature", "properties": { "Display": "0K+680", "River": "鶯歌溪排水右岸", "Name": "鶯歌溪排水右岸0K+680" }, "geometry": { "type": "Point", "coordinates": [ 121.347391109620006, 24.953083849480102, 0.0 ] } },
{ "type": "Feature", "properties": { "Display": "0K+690", "River": "鶯歌溪排水右岸", "Name": "鶯歌溪排水右岸0K+690" }, "geometry": { "type": "Point", "coordinates": [ 121.347292196764997, 24.953079593523601, 0.0 ] } },
{ "type": "Feature", "properties": { "Display": "0K+700", "River": "鶯歌溪排水右岸", "Name": "鶯歌溪排水右岸0K+700" }, "geometry": { "type": "Point", "coordinates": [ 121.347193510666003, 24.953072159519799, 0.0 ] } },
{ "type": "Feature", "properties": { "Display": "0K+710", "River": "鶯歌溪排水右岸", "Name": "鶯歌溪排水右岸0K+710" }, "geometry": { "type": "Point", "coordinates": [ 121.347095183771003, 24.953061438638301, 0.0 ] } },
{ "type": "Feature", "properties": { "Display": "0K+720", "River": "鶯歌溪排水右岸", "Name": "鶯歌溪排水右岸0K+720" }, "geometry": { "type": "Point", "coordinates": [ 121.346997251499005, 24.953048091757498, 0.0 ] } },
{ "type": "Feature", "properties": { "Display": "0K+730", "River": "鶯歌溪排水右岸", "Name": "鶯歌溪排水右岸0K+730" }, "geometry": { "type": "Point", "coordinates": [ 121.346899909184998, 24.9530315723201, 0.0 ] } },
{ "type": "Feature", "properties": { "Display": "0K+740", "River": "鶯歌溪排水右岸", "Name": "鶯歌溪排水右岸0K+740" }, "geometry": { "type": "Point", "coordinates": [ 121.346802770460997, 24.9530140297442, 0.0 ] } },
{ "type": "Feature", "properties": { "Display": "0K+750", "River": "鶯歌溪排水右岸", "Name": "鶯歌溪排水右岸0K+750" }, "geometry": { "type": "Point", "coordinates": [ 121.346706152519005, 24.952994226414098, 0.0 ] } },
{ "type": "Feature", "properties": { "Display": "0K+760", "River": "鶯歌溪排水右岸", "Name": "鶯歌溪排水右岸0K+760" }, "geometry": { "type": "Point", "coordinates": [ 121.346609882644998, 24.9529731056336, 0.0 ] } },
{ "type": "Feature", "properties": { "Display": "0K+770", "River": "鶯歌溪排水右岸", "Name": "鶯歌溪排水右岸0K+770" }, "geometry": { "type": "Point", "coordinates": [ 121.346514146416993, 24.952950043857001, 0.0 ] } },
{ "type": "Feature", "properties": { "Display": "0K+780", "River": "鶯歌溪排水右岸", "Name": "鶯歌溪排水右岸0K+780" }, "geometry": { "type": "Point", "coordinates": [ 121.346419667408995, 24.952922991297999, 0.0 ] } },
{ "type": "Feature", "properties": { "Display": "0K+790", "River": "鶯歌溪排水右岸", "Name": "鶯歌溪排水右岸0K+790" }, "geometry": { "type": "Point", "coordinates": [ 121.346325274638005, 24.952895689482201, 0.0 ] } },
{ "type": "Feature", "properties": { "Display": "0K+800", "River": "鶯歌溪排水右岸", "Name": "鶯歌溪排水右岸0K+800" }, "geometry": { "type": "Point", "coordinates": [ 121.346230530141995, 24.952869426230201, 0.0 ] } },
{ "type": "Feature", "properties": { "Display": "0K+810", "River": "鶯歌溪排水右岸", "Name": "鶯歌溪排水右岸0K+810" }, "geometry": { "type": "Point", "coordinates": [ 121.346136505350998, 24.9528411643719, 0.0 ] } },
{ "type": "Feature", "properties": { "Display": "0K+820", "River": "鶯歌溪排水右岸", "Name": "鶯歌溪排水右岸0K+820" }, "geometry": { "type": "Point", "coordinates": [ 121.346044584951997, 24.9528076074916, 0.0 ] } },
{ "type": "Feature", "properties": { "Display": "0K+830", "River": "鶯歌溪排水右岸", "Name": "鶯歌溪排水右岸0K+830" }, "geometry": { "type": "Point", "coordinates": [ 121.345953422763998, 24.952772344798799, 0.0 ] } },
{ "type": "Feature", "properties": { "Display": "0K+840", "River": "鶯歌溪排水右岸", "Name": "鶯歌溪排水右岸0K+840" }, "geometry": { "type": "Point", "coordinates": [ 121.345862140364005, 24.952737342483498, 0.0 ] } },
{ "type": "Feature", "properties": { "Display": "0K+850", "River": "鶯歌溪排水右岸", "Name": "鶯歌溪排水右岸0K+850" }, "geometry": { "type": "Point", "coordinates": [ 121.345770678071005, 24.952702730224502, 0.0 ] } },
{ "type": "Feature", "properties": { "Display": "0K+860", "River": "鶯歌溪排水右岸", "Name": "鶯歌溪排水右岸0K+860" }, "geometry": { "type": "Point", "coordinates": [ 121.345679406472001, 24.952667701149899, 0.0 ] } },
{ "type": "Feature", "properties": { "Display": "0K+870", "River": "鶯歌溪排水右岸", "Name": "鶯歌溪排水右岸0K+870" }, "geometry": { "type": "Point", "coordinates": [ 121.345588372028004, 24.952632184898, 0.0 ] } },
{ "type": "Feature", "properties": { "Display": "0K+880", "River": "鶯歌溪排水右岸", "Name": "鶯歌溪排水右岸0K+880" }, "geometry": { "type": "Point", "coordinates": [ 121.345506127822006, 24.952582168371102, 0.0 ] } },
{ "type": "Feature", "properties": { "Display": "0K+890", "River": "鶯歌溪排水右岸", "Name": "鶯歌溪排水右岸0K+890" }, "geometry": { "type": "Point", "coordinates": [ 121.345439668419004, 24.952515563001999, 0.0 ] } },
{ "type": "Feature", "properties": { "Display": "0K+900", "River": "鶯歌溪排水右岸", "Name": "鶯歌溪排水右岸0K+900" }, "geometry": { "type": "Point", "coordinates": [ 121.345382453970004, 24.952441899148599, 0.0 ] } },
{ "type": "Feature", "properties": { "Display": "0K+910", "River": "鶯歌溪排水右岸", "Name": "鶯歌溪排水右岸0K+910" }, "geometry": { "type": "Point", "coordinates": [ 121.345340484035006, 24.9523602524437, 0.0 ] } },
{ "type": "Feature", "properties": { "Display": "0K+920", "River": "鶯歌溪排水右岸", "Name": "鶯歌溪排水右岸0K+920" }, "geometry": { "type": "Point", "coordinates": [ 121.345276245991997, 24.952292533838399, 0.0 ] } },
{ "type": "Feature", "properties": { "Display": "0K+930", "River": "鶯歌溪排水右岸", "Name": "鶯歌溪排水右岸0K+930" }, "geometry": { "type": "Point", "coordinates": [ 121.345199007033997, 24.952236032352999, 0.0 ] } },
{ "type": "Feature", "properties": { "Display": "0K+940", "River": "鶯歌溪排水右岸", "Name": "鶯歌溪排水右岸0K+940" }, "geometry": { "type": "Point", "coordinates": [ 121.345120731719007, 24.9521807486827, 0.0 ] } },
{ "type": "Feature", "properties": { "Display": "0K+950", "River": "鶯歌溪排水右岸", "Name": "鶯歌溪排水右岸0K+950" }, "geometry": { "type": "Point", "coordinates": [ 121.345041346019002, 24.952126776988301, 0.0 ] } },
{ "type": "Feature", "properties": { "Display": "0K+960", "River": "鶯歌溪排水右岸", "Name": "鶯歌溪排水右岸0K+960" }, "geometry": { "type": "Point", "coordinates": [ 121.344961355471, 24.952073674290901, 0.0 ] } },
{ "type": "Feature", "properties": { "Display": "0K+970", "River": "鶯歌溪排水右岸", "Name": "鶯歌溪排水右岸0K+970" }, "geometry": { "type": "Point", "coordinates": [ 121.344874171436999, 24.952030862878299, 0.0 ] } },
{ "type": "Feature", "properties": { "Display": "0K+980", "River": "鶯歌溪排水右岸", "Name": "鶯歌溪排水右岸0K+980" }, "geometry": { "type": "Point", "coordinates": [ 121.344786400347999, 24.951989065088199, 0.0 ] } },
{ "type": "Feature", "properties": { "Display": "0K+990", "River": "鶯歌溪排水右岸", "Name": "鶯歌溪排水右岸0K+990" }, "geometry": { "type": "Point", "coordinates": [ 121.344695288327003, 24.951953806081502, 0.0 ] } },
{ "type": "Feature", "properties": { "Display": "1K+000", "River": "鶯歌溪排水右岸", "Name": "鶯歌溪排水右岸1K+000" }, "geometry": { "type": "Point", "coordinates": [ 121.344603304478994, 24.9519203641463, 0.0 ] } },
{ "type": "Feature", "properties": { "Display": "1K+010", "River": "鶯歌溪排水右岸", "Name": "鶯歌溪排水右岸1K+010" }, "geometry": { "type": "Point", "coordinates": [ 121.344509503226007, 24.951892114147899, 0.0 ] } },
{ "type": "Feature", "properties": { "Display": "1K+020", "River": "鶯歌溪排水右岸", "Name": "鶯歌溪排水右岸1K+020" }, "geometry": { "type": "Point", "coordinates": [ 121.344412721921003, 24.951872989336799, 0.0 ] } },
{ "type": "Feature", "properties": { "Display": "1K+030", "River": "鶯歌溪排水右岸", "Name": "鶯歌溪排水右岸1K+030" }, "geometry": { "type": "Point", "coordinates": [ 121.344315542505996, 24.9518559047272, 0.0 ] } },
{ "type": "Feature", "properties": { "Display": "1K+040", "River": "鶯歌溪排水右岸", "Name": "鶯歌溪排水右岸1K+040" }, "geometry": { "type": "Point", "coordinates": [ 121.344217262922001, 24.9518451906313, 0.0 ] } },
{ "type": "Feature", "properties": { "Display": "1K+050", "River": "鶯歌溪排水右岸", "Name": "鶯歌溪排水右岸1K+050" }, "geometry": { "type": "Point", "coordinates": [ 121.344118722657996, 24.9518478348831, 0.0 ] } },
{ "type": "Feature", "properties": { "Display": "1K+060", "River": "鶯歌溪排水右岸", "Name": "鶯歌溪排水右岸1K+060" }, "geometry": { "type": "Point", "coordinates": [ 121.344021397015993, 24.951864444002801, 0.0 ] } },
{ "type": "Feature", "properties": { "Display": "1K+070", "River": "鶯歌溪排水右岸", "Name": "鶯歌溪排水右岸1K+070" }, "geometry": { "type": "Point", "coordinates": [ 121.343925916244004, 24.951887811990701, 0.0 ] } },
{ "type": "Feature", "properties": { "Display": "1K+080", "River": "鶯歌溪排水右岸", "Name": "鶯歌溪排水右岸1K+080" }, "geometry": { "type": "Point", "coordinates": [ 121.343831877178999, 24.951916108591, 0.0 ] } },
{ "type": "Feature", "properties": { "Display": "1K+090", "River": "鶯歌溪排水右岸", "Name": "鶯歌溪排水右岸1K+090" }, "geometry": { "type": "Point", "coordinates": [ 121.343737695715006, 24.951944008181599, 0.0 ] } },
{ "type": "Feature", "properties": { "Display": "1K+100", "River": "鶯歌溪排水右岸", "Name": "鶯歌溪排水右岸1K+100" }, "geometry": { "type": "Point", "coordinates": [ 121.343653929382995, 24.951990988665798, 0.0 ] } },
{ "type": "Feature", "properties": { "Display": "1K+110", "River": "鶯歌溪排水右岸", "Name": "鶯歌溪排水右岸1K+110" }, "geometry": { "type": "Point", "coordinates": [ 121.343577486089998, 24.952048339303701, 0.0 ] } },
{ "type": "Feature", "properties": { "Display": "1K+120", "River": "鶯歌溪排水右岸", "Name": "鶯歌溪排水右岸1K+120" }, "geometry": { "type": "Point", "coordinates": [ 121.343500204723, 24.952104764518801, 0.0 ] } },
{ "type": "Feature", "properties": { "Display": "1K+130", "River": "鶯歌溪排水右岸", "Name": "鶯歌溪排水右岸1K+130" }, "geometry": { "type": "Point", "coordinates": [ 121.343423884960004, 24.952162213788199, 0.0 ] } },
{ "type": "Feature", "properties": { "Display": "1K+140", "River": "鶯歌溪排水右岸", "Name": "鶯歌溪排水右岸1K+140" }, "geometry": { "type": "Point", "coordinates": [ 121.343355608173994, 24.952227599260102, 0.0 ] } },
{ "type": "Feature", "properties": { "Display": "1K+150", "River": "鶯歌溪排水右岸", "Name": "鶯歌溪排水右岸1K+150" }, "geometry": { "type": "Point", "coordinates": [ 121.343291501406995, 24.952296372829, 0.0 ] } },
{ "type": "Feature", "properties": { "Display": "1K+160", "River": "鶯歌溪排水右岸", "Name": "鶯歌溪排水右岸1K+160" }, "geometry": { "type": "Point", "coordinates": [ 121.343231279866004, 24.9523680435024, 0.0 ] } },
{ "type": "Feature", "properties": { "Display": "1K+170", "River": "鶯歌溪排水右岸", "Name": "鶯歌溪排水右岸1K+170" }, "geometry": { "type": "Point", "coordinates": [ 121.343175542569995, 24.952442650067098, 0.0 ] } },
{ "type": "Feature", "properties": { "Display": "1K+180", "River": "鶯歌溪排水右岸", "Name": "鶯歌溪排水右岸1K+180" }, "geometry": { "type": "Point", "coordinates": [ 121.343122355502999, 24.952518801765802, 0.0 ] } },
{ "type": "Feature", "properties": { "Display": "1K+190", "River": "鶯歌溪排水右岸", "Name": "鶯歌溪排水右岸1K+190" }, "geometry": { "type": "Point", "coordinates": [ 121.343070421199997, 24.9525956732402, 0.0 ] } },
{ "type": "Feature", "properties": { "Display": "1K+200", "River": "鶯歌溪排水右岸", "Name": "鶯歌溪排水右岸1K+200" }, "geometry": { "type": "Point", "coordinates": [ 121.343021262346994, 24.9526739810976, 0.0 ] } },
{ "type": "Feature", "properties": { "Display": "1K+210", "River": "鶯歌溪排水右岸", "Name": "鶯歌溪排水右岸1K+210" }, "geometry": { "type": "Point", "coordinates": [ 121.342977347081998, 24.9527549004886, 0.0 ] } },
{ "type": "Feature", "properties": { "Display": "1K+220", "River": "鶯歌溪排水右岸", "Name": "鶯歌溪排水右岸1K+220" }, "geometry": { "type": "Point", "coordinates": [ 121.342936084551994, 24.952836948354602, 0.0 ] } },
{ "type": "Feature", "properties": { "Display": "1K+230", "River": "鶯歌溪排水右岸", "Name": "鶯歌溪排水右岸1K+230" }, "geometry": { "type": "Point", "coordinates": [ 121.342898569038994, 24.952920501989201, 0.0 ] } },
{ "type": "Feature", "properties": { "Display": "1K+240", "River": "鶯歌溪排水右岸", "Name": "鶯歌溪排水右岸1K+240" }, "geometry": { "type": "Point", "coordinates": [ 121.342859511997005, 24.953003458293601, 0.0 ] } },
{ "type": "Feature", "properties": { "Display": "1K+250", "River": "鶯歌溪排水右岸", "Name": "鶯歌溪排水右岸1K+250" }, "geometry": { "type": "Point", "coordinates": [ 121.342819476697997, 24.953086033977701, 0.0 ] } },
{ "type": "Feature", "properties": { "Display": "1K+260", "River": "鶯歌溪排水右岸", "Name": "鶯歌溪排水右岸1K+260" }, "geometry": { "type": "Point", "coordinates": [ 121.342778059788998, 24.9531680417867, 0.0 ] } },
{ "type": "Feature", "properties": { "Display": "1K+270", "River": "鶯歌溪排水右岸", "Name": "鶯歌溪排水右岸1K+270" }, "geometry": { "type": "Point", "coordinates": [ 121.342737458591003, 24.953250386518601, 0.0 ] } },
{ "type": "Feature", "properties": { "Display": "1K+280", "River": "鶯歌溪排水右岸", "Name": "鶯歌溪排水右岸1K+280" }, "geometry": { "type": "Point", "coordinates": [ 121.342697044378994, 24.953332809233899, 0.0 ] } },
{ "type": "Feature", "properties": { "Display": "1K+290", "River": "鶯歌溪排水右岸", "Name": "鶯歌溪排水右岸1K+290" }, "geometry": { "type": "Point", "coordinates": [ 121.342655409149003, 24.9534147066143, 0.0 ] } },
{ "type": "Feature", "properties": { "Display": "1K+300", "River": "鶯歌溪排水右岸", "Name": "鶯歌溪排水右岸1K+300" }, "geometry": { "type": "Point", "coordinates": [ 121.342609474745004, 24.953494682455801, 0.0 ] } },
{ "type": "Feature", "properties": { "Display": "1K+310", "River": "鶯歌溪排水右岸", "Name": "鶯歌溪排水右岸1K+310" }, "geometry": { "type": "Point", "coordinates": [ 121.342561476021999, 24.953573651866499, 0.0 ] } },
{ "type": "Feature", "properties": { "Display": "1K+320", "River": "鶯歌溪排水右岸", "Name": "鶯歌溪排水右岸1K+320" }, "geometry": { "type": "Point", "coordinates": [ 121.342514175912996, 24.953652946007001, 0.0 ] } },
{ "type": "Feature", "properties": { "Display": "1K+330", "River": "鶯歌溪排水右岸", "Name": "鶯歌溪排水右岸1K+330" }, "geometry": { "type": "Point", "coordinates": [ 121.342462969224002, 24.953730210625899, 0.0 ] } },
{ "type": "Feature", "properties": { "Display": "1K+340", "River": "鶯歌溪排水右岸", "Name": "鶯歌溪排水右岸1K+340" }, "geometry": { "type": "Point", "coordinates": [ 121.342411701420005, 24.9538074508752, 0.0 ] } },
{ "type": "Feature", "properties": { "Display": "1K+350", "River": "鶯歌溪排水右岸", "Name": "鶯歌溪排水右岸1K+350" }, "geometry": { "type": "Point", "coordinates": [ 121.342363872291003, 24.9538864816803, 0.0 ] } },
{ "type": "Feature", "properties": { "Display": "1K+360", "River": "鶯歌溪排水右岸", "Name": "鶯歌溪排水右岸1K+360" }, "geometry": { "type": "Point", "coordinates": [ 121.342326003668006, 24.953969833975201, 0.0 ] } },
{ "type": "Feature", "properties": { "Display": "1K+370", "River": "鶯歌溪排水右岸", "Name": "鶯歌溪排水右岸1K+370" }, "geometry": { "type": "Point", "coordinates": [ 121.342274608108994, 24.9540325483791, 0.0 ] } },
{ "type": "Feature", "properties": { "Display": "1K+380", "River": "鶯歌溪排水右岸", "Name": "鶯歌溪排水右岸1K+380" }, "geometry": { "type": "Point", "coordinates": [ 121.342175599070998, 24.9540306695773, 0.0 ] } },
{ "type": "Feature", "properties": { "Display": "1K+390", "River": "鶯歌溪排水右岸", "Name": "鶯歌溪排水右岸1K+390" }, "geometry": { "type": "Point", "coordinates": [ 121.342202173901995, 24.954082538277898, 0.0 ] } },
{ "type": "Feature", "properties": { "Display": "1K+400", "River": "鶯歌溪排水右岸", "Name": "鶯歌溪排水右岸1K+400" }, "geometry": { "type": "Point", "coordinates": [ 121.342245670360995, 24.954124515500499, 0.0 ] } },
{ "type": "Feature", "properties": { "Display": "1K+410", "River": "鶯歌溪排水右岸", "Name": "鶯歌溪排水右岸1K+410" }, "geometry": { "type": "Point", "coordinates": [ 121.342215162437995, 24.954210374197999, 0.0 ] } },
{ "type": "Feature", "properties": { "Display": "1K+420", "River": "鶯歌溪排水右岸", "Name": "鶯歌溪排水右岸1K+420" }, "geometry": { "type": "Point", "coordinates": [ 121.342186463182998, 24.954296782906098, 0.0 ] } },
{ "type": "Feature", "properties": { "Display": "1K+430", "River": "鶯歌溪排水右岸", "Name": "鶯歌溪排水右岸1K+430" }, "geometry": { "type": "Point", "coordinates": [ 121.342157448424999, 24.954383103977399, 0.0 ] } },
{ "type": "Feature", "properties": { "Display": "1K+440", "River": "鶯歌溪排水右岸", "Name": "鶯歌溪排水右岸1K+440" }, "geometry": { "type": "Point", "coordinates": [ 121.342128419025002, 24.954469420986602, 0.0 ] } },
{ "type": "Feature", "properties": { "Display": "1K+450", "River": "鶯歌溪排水右岸", "Name": "鶯歌溪排水右岸1K+450" }, "geometry": { "type": "Point", "coordinates": [ 121.342099273154005, 24.9545557053248, 0.0 ] } },
{ "type": "Feature", "properties": { "Display": "1K+460", "River": "鶯歌溪排水右岸", "Name": "鶯歌溪排水右岸1K+460" }, "geometry": { "type": "Point", "coordinates": [ 121.342070089044995, 24.954641978940799, 0.0 ] } },
{ "type": "Feature", "properties": { "Display": "1K+470", "River": "鶯歌溪排水右岸", "Name": "鶯歌溪排水右岸1K+470" }, "geometry": { "type": "Point", "coordinates": [ 121.342040982794003, 24.9547282744259, 0.0 ] } },
{ "type": "Feature", "properties": { "Display": "1K+480", "River": "鶯歌溪排水右岸", "Name": "鶯歌溪排水右岸1K+480" }, "geometry": { "type": "Point", "coordinates": [ 121.342011694985004, 24.954814518777599, 0.0 ] } },
{ "type": "Feature", "properties": { "Display": "1K+490", "River": "鶯歌溪排水右岸", "Name": "鶯歌溪排水右岸1K+490" }, "geometry": { "type": "Point", "coordinates": [ 121.341982488743994, 24.9549007803496, 0.0 ] } },
{ "type": "Feature", "properties": { "Display": "1K+500", "River": "鶯歌溪排水右岸", "Name": "鶯歌溪排水右岸1K+500" }, "geometry": { "type": "Point", "coordinates": [ 121.341955951101994, 24.954987761275401, 0.0 ] } },
{ "type": "Feature", "properties": { "Display": "1K+510", "River": "鶯歌溪排水右岸", "Name": "鶯歌溪排水右岸1K+510" }, "geometry": { "type": "Point", "coordinates": [ 121.341933056238005, 24.955075564388199, 0.0 ] } },
{ "type": "Feature", "properties": { "Display": "1K+520", "River": "鶯歌溪排水右岸", "Name": "鶯歌溪排水右岸1K+520" }, "geometry": { "type": "Point", "coordinates": [ 121.341914590813005, 24.9551642559654, 0.0 ] } },
{ "type": "Feature", "properties": { "Display": "1K+530", "River": "鶯歌溪排水右岸", "Name": "鶯歌溪排水右岸1K+530" }, "geometry": { "type": "Point", "coordinates": [ 121.341899239425999, 24.9552534374345, 0.0 ] } },
{ "type": "Feature", "properties": { "Display": "1K+540", "River": "鶯歌溪排水右岸", "Name": "鶯歌溪排水右岸1K+540" }, "geometry": { "type": "Point", "coordinates": [ 121.341885797212001, 24.95534287161, 0.0 ] } },
{ "type": "Feature", "properties": { "Display": "1K+550", "River": "鶯歌溪排水右岸", "Name": "鶯歌溪排水右岸1K+550" }, "geometry": { "type": "Point", "coordinates": [ 121.341877097647, 24.955432801288001, 0.0 ] } },
{ "type": "Feature", "properties": { "Display": "1K+560", "River": "鶯歌溪排水右岸", "Name": "鶯歌溪排水右岸1K+560" }, "geometry": { "type": "Point", "coordinates": [ 121.341877162599005, 24.955522920946301, 0.0 ] } },
{ "type": "Feature", "properties": { "Display": "1K+570", "River": "鶯歌溪排水右岸", "Name": "鶯歌溪排水右岸1K+570" }, "geometry": { "type": "Point", "coordinates": [ 121.341883625757006, 24.955613011276998, 0.0 ] } },
{ "type": "Feature", "properties": { "Display": "1K+580", "River": "鶯歌溪排水右岸", "Name": "鶯歌溪排水右岸1K+580" }, "geometry": { "type": "Point", "coordinates": [ 121.341889524272005, 24.955703128312599, 0.0 ] } },
{ "type": "Feature", "properties": { "Display": "1K+590", "River": "鶯歌溪排水右岸", "Name": "鶯歌溪排水右岸1K+590" }, "geometry": { "type": "Point", "coordinates": [ 121.341894154982995, 24.955793306057199, 0.0 ] } },
{ "type": "Feature", "properties": { "Display": "1K+600", "River": "鶯歌溪排水右岸", "Name": "鶯歌溪排水右岸1K+600" }, "geometry": { "type": "Point", "coordinates": [ 121.341904719083004, 24.9558828207524, 0.0 ] } },
{ "type": "Feature", "properties": { "Display": "1K+610", "River": "鶯歌溪排水右岸", "Name": "鶯歌溪排水右岸1K+610" }, "geometry": { "type": "Point", "coordinates": [ 121.341940115260002, 24.9559669521907, 0.0 ] } },
{ "type": "Feature", "properties": { "Display": "1K+620", "River": "鶯歌溪排水右岸", "Name": "鶯歌溪排水右岸1K+620" }, "geometry": { "type": "Point", "coordinates": [ 121.341979779526, 24.9560496774738, 0.0 ] } },
{ "type": "Feature", "properties": { "Display": "1K+630", "River": "鶯歌溪排水右岸", "Name": "鶯歌溪排水右岸1K+630" }, "geometry": { "type": "Point", "coordinates": [ 121.342019443845004, 24.956132402744899, 0.0 ] } },
{ "type": "Feature", "properties": { "Display": "1K+640", "River": "鶯歌溪排水右岸", "Name": "鶯歌溪排水右岸1K+640" }, "geometry": { "type": "Point", "coordinates": [ 121.342058906554001, 24.956215208075101, 0.0 ] } },
{ "type": "Feature", "properties": { "Display": "1K+650", "River": "鶯歌溪排水右岸", "Name": "鶯歌溪排水右岸1K+650" }, "geometry": { "type": "Point", "coordinates": [ 121.342098834647999, 24.956297821914902, 0.0 ] } },
{ "type": "Feature", "properties": { "Display": "1K+660", "River": "鶯歌溪排水右岸", "Name": "鶯歌溪排水右岸1K+660" }, "geometry": { "type": "Point", "coordinates": [ 121.342140701817996, 24.956379640045, 0.0 ] } },
{ "type": "Feature", "properties": { "Display": "1K+670", "River": "鶯歌溪排水右岸", "Name": "鶯歌溪排水右岸1K+670" }, "geometry": { "type": "Point", "coordinates": [ 121.342182692517, 24.956461405269199, 0.0 ] } },
{ "type": "Feature", "properties": { "Display": "1K+680", "River": "鶯歌溪排水右岸", "Name": "鶯歌溪排水右岸1K+680" }, "geometry": { "type": "Point", "coordinates": [ 121.342225000479999, 24.9565430346249, 0.0 ] } },
{ "type": "Feature", "properties": { "Display": "1K+690", "River": "鶯歌溪排水右岸", "Name": "鶯歌溪排水右岸1K+690" }, "geometry": { "type": "Point", "coordinates": [ 121.342266948642006, 24.9566248183013, 0.0 ] } },
{ "type": "Feature", "properties": { "Display": "1K+700", "River": "鶯歌溪排水右岸", "Name": "鶯歌溪排水右岸1K+700" }, "geometry": { "type": "Point", "coordinates": [ 121.342308896860004, 24.956706601964299, 0.0 ] } },
{ "type": "Feature", "properties": { "Display": "1K+710", "River": "鶯歌溪排水右岸", "Name": "鶯歌溪排水右岸1K+710" }, "geometry": { "type": "Point", "coordinates": [ 121.342350845134007, 24.9567883856141, 0.0 ] } },
{ "type": "Feature", "properties": { "Display": "1K+720", "River": "鶯歌溪排水右岸", "Name": "鶯歌溪排水右岸1K+720" }, "geometry": { "type": "Point", "coordinates": [ 121.342392793463006, 24.9568701692506, 0.0 ] } },
{ "type": "Feature", "properties": { "Display": "1K+730", "River": "鶯歌溪排水右岸", "Name": "鶯歌溪排水右岸1K+730" }, "geometry": { "type": "Point", "coordinates": [ 121.342420310112004, 24.956956758285202, 0.0 ] } },
{ "type": "Feature", "properties": { "Display": "1K+740", "River": "鶯歌溪排水右岸", "Name": "鶯歌溪排水右岸1K+740" }, "geometry": { "type": "Point", "coordinates": [ 121.342390819806994, 24.957010362516002, 0.0 ] } },
{ "type": "Feature", "properties": { "Display": "1K+750", "River": "鶯歌溪排水右岸", "Name": "鶯歌溪排水右岸1K+750" }, "geometry": { "type": "Point", "coordinates": [ 121.342398206007999, 24.9570898006642, 0.0 ] } },
{ "type": "Feature", "properties": { "Display": "1K+760", "River": "鶯歌溪排水右岸", "Name": "鶯歌溪排水右岸1K+760" }, "geometry": { "type": "Point", "coordinates": [ 121.342428600931996, 24.957173311298298, 0.0 ] } },
{ "type": "Feature", "properties": { "Display": "1K+770", "River": "鶯歌溪排水右岸", "Name": "鶯歌溪排水右岸1K+770" }, "geometry": { "type": "Point", "coordinates": [ 121.342450768625, 24.9572612835636, 0.0 ] } },
{ "type": "Feature", "properties": { "Display": "1K+780", "River": "鶯歌溪排水右岸", "Name": "鶯歌溪排水右岸1K+780" }, "geometry": { "type": "Point", "coordinates": [ 121.342472143433, 24.9573494385569, 0.0 ] } },
{ "type": "Feature", "properties": { "Display": "1K+790", "River": "鶯歌溪排水右岸", "Name": "鶯歌溪排水右岸1K+790" }, "geometry": { "type": "Point", "coordinates": [ 121.342489425208996, 24.957438285216099, 0.0 ] } },
{ "type": "Feature", "properties": { "Display": "1K+800", "River": "鶯歌溪排水右岸", "Name": "鶯歌溪排水右岸1K+800" }, "geometry": { "type": "Point", "coordinates": [ 121.342504103509, 24.957527571052498, 0.0 ] } },
{ "type": "Feature", "properties": { "Display": "1K+810", "River": "鶯歌溪排水右岸", "Name": "鶯歌溪排水右岸1K+810" }, "geometry": { "type": "Point", "coordinates": [ 121.342519332161999, 24.9576167784323, 0.0 ] } },
{ "type": "Feature", "properties": { "Display": "1K+820", "River": "鶯歌溪排水右岸", "Name": "鶯歌溪排水右岸1K+820" }, "geometry": { "type": "Point", "coordinates": [ 121.342535253918996, 24.9577058870053, 0.0 ] } },
{ "type": "Feature", "properties": { "Display": "1K+830", "River": "鶯歌溪排水右岸", "Name": "鶯歌溪排水右岸1K+830" }, "geometry": { "type": "Point", "coordinates": [ 121.342549056097994, 24.9577952747177, 0.0 ] } },
{ "type": "Feature", "properties": { "Display": "1K+840", "River": "鶯歌溪排水右岸", "Name": "鶯歌溪排水右岸1K+840" }, "geometry": { "type": "Point", "coordinates": [ 121.342563935149997, 24.9578845138799, 0.0 ] } },
{ "type": "Feature", "properties": { "Display": "1K+850", "River": "鶯歌溪排水右岸", "Name": "鶯歌溪排水右岸1K+850" }, "geometry": { "type": "Point", "coordinates": [ 121.342593473353006, 24.957970589372501, 0.0 ] } },
{ "type": "Feature", "properties": { "Display": "1K+860", "River": "鶯歌溪排水右岸", "Name": "鶯歌溪排水右岸1K+860" }, "geometry": { "type": "Point", "coordinates": [ 121.342624578900995, 24.958056299996901, 0.0 ] } },
{ "type": "Feature", "properties": { "Display": "1K+870", "River": "鶯歌溪排水右岸", "Name": "鶯歌溪排水右岸1K+870" }, "geometry": { "type": "Point", "coordinates": [ 121.342631182624999, 24.958145734892199, 0.0 ] } },
{ "type": "Feature", "properties": { "Display": "1K+880", "River": "鶯歌溪排水右岸", "Name": "鶯歌溪排水右岸1K+880" }, "geometry": { "type": "Point", "coordinates": [ 121.342611822699993, 24.958232634388601, 0.0 ] } },
{ "type": "Feature", "properties": { "Display": "1K+890", "River": "鶯歌溪排水右岸", "Name": "鶯歌溪排水右岸1K+890" }, "geometry": { "type": "Point", "coordinates": [ 121.342581198367995, 24.958318445726, 0.0 ] } },
{ "type": "Feature", "properties": { "Display": "1K+900", "River": "鶯歌溪排水右岸", "Name": "鶯歌溪排水右岸1K+900" }, "geometry": { "type": "Point", "coordinates": [ 121.342552347367004, 24.958404806247898, 0.0 ] } },
{ "type": "Feature", "properties": { "Display": "1K+910", "River": "鶯歌溪排水右岸", "Name": "鶯歌溪排水右岸1K+910" }, "geometry": { "type": "Point", "coordinates": [ 121.342521332420006, 24.958490547607699, 0.0 ] } },
{ "type": "Feature", "properties": { "Display": "1K+920", "River": "鶯歌溪排水右岸", "Name": "鶯歌溪排水右岸1K+920" }, "geometry": { "type": "Point", "coordinates": [ 121.342489652414002, 24.958576082611899, 0.0 ] } },
{ "type": "Feature", "properties": { "Display": "1K+930", "River": "鶯歌溪排水右岸", "Name": "鶯歌溪排水右岸1K+930" }, "geometry": { "type": "Point", "coordinates": [ 121.342456842890002, 24.958661267074699, 0.0 ] } },
{ "type": "Feature", "properties": { "Display": "1K+940", "River": "鶯歌溪排水右岸", "Name": "鶯歌溪排水右岸1K+940" }, "geometry": { "type": "Point", "coordinates": [ 121.342424026813006, 24.9587464494467, 0.0 ] } },
{ "type": "Feature", "properties": { "Display": "1K+950", "River": "鶯歌溪排水右岸", "Name": "鶯歌溪排水右岸1K+950" }, "geometry": { "type": "Point", "coordinates": [ 121.342391188552995, 24.958831624717401, 0.0 ] } },
{ "type": "Feature", "properties": { "Display": "1K+960", "River": "鶯歌溪排水右岸", "Name": "鶯歌溪排水右岸1K+960" }, "geometry": { "type": "Point", "coordinates": [ 121.342362284144997, 24.958917806020899, 0.0 ] } },
{ "type": "Feature", "properties": { "Display": "1K+970", "River": "鶯歌溪排水右岸", "Name": "鶯歌溪排水右岸1K+970" }, "geometry": { "type": "Point", "coordinates": [ 121.342341688241007, 24.959006115049998, 0.0 ] } },
{ "type": "Feature", "properties": { "Display": "1K+980", "River": "鶯歌溪排水右岸", "Name": "鶯歌溪排水右岸1K+980" }, "geometry": { "type": "Point", "coordinates": [ 121.342345015142001, 24.959095957810199, 0.0 ] } },
{ "type": "Feature", "properties": { "Display": "1K+990", "River": "鶯歌溪排水右岸", "Name": "鶯歌溪排水右岸1K+990" }, "geometry": { "type": "Point", "coordinates": [ 121.342350421456004, 24.959186100025899, 0.0 ] } },
{ "type": "Feature", "properties": { "Display": "2K+000", "River": "鶯歌溪排水右岸", "Name": "鶯歌溪排水右岸2K+000" }, "geometry": { "type": "Point", "coordinates": [ 121.342354897377007, 24.959276290760801, 0.0 ] } },
{ "type": "Feature", "properties": { "Display": "2K+010", "River": "鶯歌溪排水右岸", "Name": "鶯歌溪排水右岸2K+010" }, "geometry": { "type": "Point", "coordinates": [ 121.342359916004, 24.959366445891401, 0.0 ] } },
{ "type": "Feature", "properties": { "Display": "2K+020", "River": "鶯歌溪排水右岸", "Name": "鶯歌溪排水右岸2K+020" }, "geometry": { "type": "Point", "coordinates": [ 121.342368169950007, 24.959456414770099, 0.0 ] } },
{ "type": "Feature", "properties": { "Display": "2K+030", "River": "鶯歌溪排水右岸", "Name": "鶯歌溪排水右岸2K+030" }, "geometry": { "type": "Point", "coordinates": [ 121.342376423909997, 24.959546383647002, 0.0 ] } },
{ "type": "Feature", "properties": { "Display": "2K+040", "River": "鶯歌溪排水右岸", "Name": "鶯歌溪排水右岸2K+040" }, "geometry": { "type": "Point", "coordinates": [ 121.342393084440005, 24.9596352526079, 0.0 ] } },
{ "type": "Feature", "properties": { "Display": "2K+050", "River": "鶯歌溪排水右岸", "Name": "鶯歌溪排水右岸2K+050" }, "geometry": { "type": "Point", "coordinates": [ 121.342412920699005, 24.959723706056199, 0.0 ] } },
{ "type": "Feature", "properties": { "Display": "2K+060", "River": "鶯歌溪排水右岸", "Name": "鶯歌溪排水右岸2K+060" }, "geometry": { "type": "Point", "coordinates": [ 121.342432756986994, 24.959812159500501, 0.0 ] } },
{ "type": "Feature", "properties": { "Display": "2K+070", "River": "鶯歌溪排水右岸", "Name": "鶯歌溪排水右岸2K+070" }, "geometry": { "type": "Point", "coordinates": [ 121.342452076658006, 24.959900706707, 0.0 ] } },
{ "type": "Feature", "properties": { "Display": "2K+080", "River": "鶯歌溪排水右岸", "Name": "鶯歌溪排水右岸2K+080" }, "geometry": { "type": "Point", "coordinates": [ 121.342470913588997, 24.959989341527599, 0.0 ] } },
{ "type": "Feature", "properties": { "Display": "2K+090", "River": "鶯歌溪排水右岸", "Name": "鶯歌溪排水右岸2K+090" }, "geometry": { "type": "Point", "coordinates": [ 121.342489026299006, 24.9600780988123, 0.0 ] } },
{ "type": "Feature", "properties": { "Display": "2K+100", "River": "鶯歌溪排水右岸", "Name": "鶯歌溪排水右岸2K+100" }, "geometry": { "type": "Point", "coordinates": [ 121.342506311988998, 24.960166995944299, 0.0 ] } },
{ "type": "Feature", "properties": { "Display": "2K+110", "River": "鶯歌溪排水右岸", "Name": "鶯歌溪排水右岸2K+110" }, "geometry": { "type": "Point", "coordinates": [ 121.342521930954007, 24.960256117813099, 0.0 ] } },
{ "type": "Feature", "properties": { "Display": "2K+120", "River": "鶯歌溪排水右岸", "Name": "鶯歌溪排水右岸2K+120" }, "geometry": { "type": "Point", "coordinates": [ 121.342535236963997, 24.960345569834899, 0.0 ] } },
{ "type": "Feature", "properties": { "Display": "2K+130", "River": "鶯歌溪排水右岸", "Name": "鶯歌溪排水右岸2K+130" }, "geometry": { "type": "Point", "coordinates": [ 121.342552686450006, 24.9604344267971, 0.0 ] } },
{ "type": "Feature", "properties": { "Display": "2K+140", "River": "鶯歌溪排水右岸", "Name": "鶯歌溪排水右岸2K+140" }, "geometry": { "type": "Point", "coordinates": [ 121.342572771335995, 24.9605228334188, 0.0 ] } },
{ "type": "Feature", "properties": { "Display": "2K+150", "River": "鶯歌溪排水右岸", "Name": "鶯歌溪排水右岸2K+150" }, "geometry": { "type": "Point", "coordinates": [ 121.342592120006998, 24.9606113765904, 0.0 ] } },
{ "type": "Feature", "properties": { "Display": "2K+160", "River": "鶯歌溪排水右岸", "Name": "鶯歌溪排水右岸2K+160" }, "geometry": { "type": "Point", "coordinates": [ 121.342604863692998, 24.960700750851998, 0.0 ] } },
{ "type": "Feature", "properties": { "Display": "2K+170", "River": "鶯歌溪排水右岸", "Name": "鶯歌溪排水右岸2K+170" }, "geometry": { "type": "Point", "coordinates": [ 121.342607040275993, 24.960790997881901, 0.0 ] } },
{ "type": "Feature", "properties": { "Display": "2K+180", "River": "鶯歌溪排水右岸", "Name": "鶯歌溪排水右岸2K+180" }, "geometry": { "type": "Point", "coordinates": [ 121.342594240032, 24.9608803905131, 0.0 ] } },
{ "type": "Feature", "properties": { "Display": "2K+190", "River": "鶯歌溪排水右岸", "Name": "鶯歌溪排水右岸2K+190" }, "geometry": { "type": "Point", "coordinates": [ 121.342564710228999, 24.960966398530999, 0.0 ] } },
{ "type": "Feature", "properties": { "Display": "2K+200", "River": "鶯歌溪排水右岸", "Name": "鶯歌溪排水右岸2K+200" }, "geometry": { "type": "Point", "coordinates": [ 121.342501607618004, 24.961034838868301, 0.0 ] } },
{ "type": "Feature", "properties": { "Display": "2K+210", "River": "鶯歌溪排水右岸", "Name": "鶯歌溪排水右岸2K+210" }, "geometry": { "type": "Point", "coordinates": [ 121.342418222527002, 24.9610826225002, 0.0 ] } },
{ "type": "Feature", "properties": { "Display": "2K+220", "River": "鶯歌溪排水右岸", "Name": "鶯歌溪排水右岸2K+220" }, "geometry": { "type": "Point", "coordinates": [ 121.342320172049, 24.961095046435499, 0.0 ] } },
{ "type": "Feature", "properties": { "Display": "2K+230", "River": "鶯歌溪排水右岸", "Name": "鶯歌溪排水右岸2K+230" }, "geometry": { "type": "Point", "coordinates": [ 121.342221419289004, 24.961101170912901, 0.0 ] } },
{ "type": "Feature", "properties": { "Display": "2K+240", "River": "鶯歌溪排水右岸", "Name": "鶯歌溪排水右岸2K+240" }, "geometry": { "type": "Point", "coordinates": [ 121.342128481226993, 24.961073739240199, 0.0 ] } },
{ "type": "Feature", "properties": { "Display": "2K+250", "River": "鶯歌溪排水右岸", "Name": "鶯歌溪排水右岸2K+250" }, "geometry": { "type": "Point", "coordinates": [ 121.342036807884, 24.961039579167, 0.0 ] } },
{ "type": "Feature", "properties": { "Display": "2K+260", "River": "鶯歌溪排水右岸", "Name": "鶯歌溪排水右岸2K+260" }, "geometry": { "type": "Point", "coordinates": [ 121.341950898199002, 24.960997460793202, 0.0 ] } },
{ "type": "Feature", "properties": { "Display": "2K+270", "River": "鶯歌溪排水右岸", "Name": "鶯歌溪排水右岸2K+270" }, "geometry": { "type": "Point", "coordinates": [ 121.341856527226994, 24.960970077981099, 0.0 ] } },
{ "type": "Feature", "properties": { "Display": "2K+280", "River": "鶯歌溪排水右岸", "Name": "鶯歌溪排水右岸2K+280" }, "geometry": { "type": "Point", "coordinates": [ 121.341760360839999, 24.9609487110469, 0.0 ] } },
{ "type": "Feature", "properties": { "Display": "2K+290", "River": "鶯歌溪排水右岸", "Name": "鶯歌溪排水右岸2K+290" }, "geometry": { "type": "Point", "coordinates": [ 121.341663462702002, 24.960930053301499, 0.0 ] } },
{ "type": "Feature", "properties": { "Display": "2K+300", "River": "鶯歌溪排水右岸", "Name": "鶯歌溪排水右岸2K+300" }, "geometry": { "type": "Point", "coordinates": [ 121.341566574340007, 24.9609113535743, 0.0 ] } },
{ "type": "Feature", "properties": { "Display": "2K+310", "River": "鶯歌溪排水右岸", "Name": "鶯歌溪排水右岸2K+310" }, "geometry": { "type": "Point", "coordinates": [ 121.341469669218, 24.960892726425801, 0.0 ] } },
{ "type": "Feature", "properties": { "Display": "2K+320", "River": "鶯歌溪排水右岸", "Name": "鶯歌溪排水右岸2K+320" }, "geometry": { "type": "Point", "coordinates": [ 121.341372683420005, 24.960874451981098, 0.0 ] } },
{ "type": "Feature", "properties": { "Display": "2K+330", "River": "鶯歌溪排水右岸", "Name": "鶯歌溪排水右岸2K+330" }, "geometry": { "type": "Point", "coordinates": [ 121.341275633102995, 24.960856549836802, 0.0 ] } },
{ "type": "Feature", "properties": { "Display": "2K+340", "River": "鶯歌溪排水右岸", "Name": "鶯歌溪排水右岸2K+340" }, "geometry": { "type": "Point", "coordinates": [ 121.341176929510993, 24.960849159520901, 0.0 ] } },
{ "type": "Feature", "properties": { "Display": "2K+350", "River": "鶯歌溪排水右岸", "Name": "鶯歌溪排水右岸2K+350" }, "geometry": { "type": "Point", "coordinates": [ 121.341078034674993, 24.9608457120742, 0.0 ] } },
{ "type": "Feature", "properties": { "Display": "2K+360", "River": "鶯歌溪排水右岸", "Name": "鶯歌溪排水右岸2K+360" }, "geometry": { "type": "Point", "coordinates": [ 121.340979665630996, 24.960852998788599, 0.0 ] } },
{ "type": "Feature", "properties": { "Display": "2K+370", "River": "鶯歌溪排水右岸", "Name": "鶯歌溪排水右岸2K+370" }, "geometry": { "type": "Point", "coordinates": [ 121.340881897890995, 24.960867400914999, 0.0 ] } },
{ "type": "Feature", "properties": { "Display": "2K+380", "River": "鶯歌溪排水右岸", "Name": "鶯歌溪排水右岸2K+380" }, "geometry": { "type": "Point", "coordinates": [ 121.340787295460004, 24.960893953876599, 0.0 ] } },
{ "type": "Feature", "properties": { "Display": "2K+390", "River": "鶯歌溪排水右岸", "Name": "鶯歌溪排水右岸2K+390" }, "geometry": { "type": "Point", "coordinates": [ 121.340693074941001, 24.960921762927601, 0.0 ] } },
{ "type": "Feature", "properties": { "Display": "2K+400", "River": "鶯歌溪排水右岸", "Name": "鶯歌溪排水右岸2K+400" }, "geometry": { "type": "Point", "coordinates": [ 121.340599355522002, 24.960950940095, 0.0 ] } },
{ "type": "Feature", "properties": { "Display": "2K+410", "River": "鶯歌溪排水右岸", "Name": "鶯歌溪排水右岸2K+410" }, "geometry": { "type": "Point", "coordinates": [ 121.340515037247002, 24.960987836722602, 0.0 ] } },
{ "type": "Feature", "properties": { "Display": "2K+420", "River": "鶯歌溪排水右岸", "Name": "鶯歌溪排水右岸2K+420" }, "geometry": { "type": "Point", "coordinates": [ 121.340441785478006, 24.9610478501186, 0.0 ] } },
{ "type": "Feature", "properties": { "Display": "2K+430", "River": "鶯歌溪排水右岸", "Name": "鶯歌溪排水右岸2K+430" }, "geometry": { "type": "Point", "coordinates": [ 121.340376707887003, 24.961115900276599, 0.0 ] } },
{ "type": "Feature", "properties": { "Display": "2K+440", "River": "鶯歌溪排水右岸", "Name": "鶯歌溪排水右岸2K+440" }, "geometry": { "type": "Point", "coordinates": [ 121.340319327245993, 24.961188994081599, 0.0 ] } },
{ "type": "Feature", "properties": { "Display": "2K+450", "River": "鶯歌溪排水右岸", "Name": "鶯歌溪排水右岸2K+450" }, "geometry": { "type": "Point", "coordinates": [ 121.340271906821997, 24.961268186098302, 0.0 ] } },
{ "type": "Feature", "properties": { "Display": "2K+460", "River": "鶯歌溪排水右岸", "Name": "鶯歌溪排水右岸2K+460" }, "geometry": { "type": "Point", "coordinates": [ 121.340267297618993, 24.961358014777701, 0.0 ] } },
{ "type": "Feature", "properties": { "Display": "2K+470", "River": "鶯歌溪排水右岸", "Name": "鶯歌溪排水右岸2K+470" }, "geometry": { "type": "Point", "coordinates": [ 121.340284260516, 24.961446677801401, 0.0 ] } },
{ "type": "Feature", "properties": { "Display": "2K+480", "River": "鶯歌溪排水右岸", "Name": "鶯歌溪排水右岸2K+480" }, "geometry": { "type": "Point", "coordinates": [ 121.340308854224006, 24.961534057061399, 0.0 ] } },
{ "type": "Feature", "properties": { "Display": "2K+490", "River": "鶯歌溪排水右岸", "Name": "鶯歌溪排水右岸2K+490" }, "geometry": { "type": "Point", "coordinates": [ 121.340339761053002, 24.961619664382901, 0.0 ] } },
{ "type": "Feature", "properties": { "Display": "2K+500", "River": "鶯歌溪排水右岸", "Name": "鶯歌溪排水右岸2K+500" }, "geometry": { "type": "Point", "coordinates": [ 121.340389163957994, 24.961697912374401, 0.0 ] } },
{ "type": "Feature", "properties": { "Display": "2K+510", "River": "鶯歌溪排水右岸", "Name": "鶯歌溪排水右岸2K+510" }, "geometry": { "type": "Point", "coordinates": [ 121.340451518341993, 24.9617678762197, 0.0 ] } },
{ "type": "Feature", "properties": { "Display": "2K+520", "River": "鶯歌溪排水右岸", "Name": "鶯歌溪排水右岸2K+520" }, "geometry": { "type": "Point", "coordinates": [ 121.340521145815003, 24.9618320350822, 0.0 ] } },
{ "type": "Feature", "properties": { "Display": "2K+530", "River": "鶯歌溪排水右岸", "Name": "鶯歌溪排水右岸2K+530" }, "geometry": { "type": "Point", "coordinates": [ 121.340592056234001, 24.961895040507098, 0.0 ] } },
{ "type": "Feature", "properties": { "Display": "2K+540", "River": "鶯歌溪排水右岸", "Name": "鶯歌溪排水右岸2K+540" }, "geometry": { "type": "Point", "coordinates": [ 121.340665820181997, 24.961955283874801, 0.0 ] } },
{ "type": "Feature", "properties": { "Display": "2K+550", "River": "鶯歌溪排水右岸", "Name": "鶯歌溪排水右岸2K+550" }, "geometry": { "type": "Point", "coordinates": [ 121.340739487291998, 24.962015625133201, 0.0 ] } },
{ "type": "Feature", "properties": { "Display": "2K+560", "River": "鶯歌溪排水右岸", "Name": "鶯歌溪排水右岸2K+560" }, "geometry": { "type": "Point", "coordinates": [ 121.340812793089, 24.962076331533201, 0.0 ] } },
{ "type": "Feature", "properties": { "Display": "2K+570", "River": "鶯歌溪排水右岸", "Name": "鶯歌溪排水右岸2K+570" }, "geometry": { "type": "Point", "coordinates": [ 121.340874661377995, 24.962142930635, 0.0 ] } },
{ "type": "Feature", "properties": { "Display": "2K+580", "River": "鶯歌溪排水右岸", "Name": "鶯歌溪排水右岸2K+580" }, "geometry": { "type": "Point", "coordinates": [ 121.340893897436999, 24.962231494235201, 0.0 ] } },
{ "type": "Feature", "properties": { "Display": "2K+590", "River": "鶯歌溪排水右岸", "Name": "鶯歌溪排水右岸2K+590" }, "geometry": { "type": "Point", "coordinates": [ 121.340899183011999, 24.962320548939999, 0.0 ] } },
{ "type": "Feature", "properties": { "Display": "2K+600", "River": "鶯歌溪排水右岸", "Name": "鶯歌溪排水右岸2K+600" }, "geometry": { "type": "Point", "coordinates": [ 121.340886398825006, 24.962409965123101, 0.0 ] } },
{ "type": "Feature", "properties": { "Display": "2K+610", "River": "鶯歌溪排水右岸", "Name": "鶯歌溪排水右岸2K+610" }, "geometry": { "type": "Point", "coordinates": [ 121.340852905084006, 24.9624949283081, 0.0 ] } },
{ "type": "Feature", "properties": { "Display": "2K+620", "River": "鶯歌溪排水右岸", "Name": "鶯歌溪排水右岸2K+620" }, "geometry": { "type": "Point", "coordinates": [ 121.340819411298, 24.962579891485099, 0.0 ] } },
{ "type": "Feature", "properties": { "Display": "2K+630", "River": "鶯歌溪排水右岸", "Name": "鶯歌溪排水右岸2K+630" }, "geometry": { "type": "Point", "coordinates": [ 121.340783888670003, 24.9626641657288, 0.0 ] } },
{ "type": "Feature", "properties": { "Display": "2K+640", "River": "鶯歌溪排水右岸", "Name": "鶯歌溪排水右岸2K+640" }, "geometry": { "type": "Point", "coordinates": [ 121.340744968861998, 24.962746934346701, 0.0 ] } },
{ "type": "Feature", "properties": { "Display": "2K+650", "River": "鶯歌溪排水右岸", "Name": "鶯歌溪排水右岸2K+650" }, "geometry": { "type": "Point", "coordinates": [ 121.340693739353995, 24.9628242003037, 0.0 ] } },
{ "type": "Feature", "properties": { "Display": "2K+660", "River": "鶯歌溪排水右岸", "Name": "鶯歌溪排水右岸2K+660" }, "geometry": { "type": "Point", "coordinates": [ 121.340642509782001, 24.962901466242801, 0.0 ] } },
{ "type": "Feature", "properties": { "Display": "2K+670", "River": "鶯歌溪排水右岸", "Name": "鶯歌溪排水右岸2K+670" }, "geometry": { "type": "Point", "coordinates": [ 121.340591280146, 24.962978732164299, 0.0 ] } },
{ "type": "Feature", "properties": { "Display": "2K+680", "River": "鶯歌溪排水右岸", "Name": "鶯歌溪排水右岸2K+680" }, "geometry": { "type": "Point", "coordinates": [ 121.340540050447004, 24.963055998068, 0.0 ] } },
{ "type": "Feature", "properties": { "Display": "2K+690", "River": "鶯歌溪排水右岸", "Name": "鶯歌溪排水右岸2K+690" }, "geometry": { "type": "Point", "coordinates": [ 121.340488820684001, 24.963133263953999, 0.0 ] } },
{ "type": "Feature", "properties": { "Display": "2K+700", "River": "鶯歌溪排水右岸", "Name": "鶯歌溪排水右岸2K+700" }, "geometry": { "type": "Point", "coordinates": [ 121.340448396244, 24.9632154359015, 0.0 ] } },
{ "type": "Feature", "properties": { "Display": "2K+710", "River": "鶯歌溪排水右岸", "Name": "鶯歌溪排水右岸2K+710" }, "geometry": { "type": "Point", "coordinates": [ 121.340411611481002, 24.963299260421, 0.0 ] } },
{ "type": "Feature", "properties": { "Display": "2K+720", "River": "鶯歌溪排水右岸", "Name": "鶯歌溪排水右岸2K+720" }, "geometry": { "type": "Point", "coordinates": [ 121.340374826667997, 24.9633830849309, 0.0 ] } },
{ "type": "Feature", "properties": { "Display": "2K+730", "River": "鶯歌溪排水右岸", "Name": "鶯歌溪排水右岸2K+730" }, "geometry": { "type": "Point", "coordinates": [ 121.340338041806007, 24.9634669094313, 0.0 ] } },
{ "type": "Feature", "properties": { "Display": "2K+740", "River": "鶯歌溪排水右岸", "Name": "鶯歌溪排水右岸2K+740" }, "geometry": { "type": "Point", "coordinates": [ 121.340306644725999, 24.963552522004498, 0.0 ] } },
{ "type": "Feature", "properties": { "Display": "2K+750", "River": "鶯歌溪排水右岸", "Name": "鶯歌溪排水右岸2K+750" }, "geometry": { "type": "Point", "coordinates": [ 121.340273639847993, 24.963637623690499, 0.0 ] } },
{ "type": "Feature", "properties": { "Display": "2K+760", "River": "鶯歌溪排水右岸", "Name": "鶯歌溪排水右岸2K+760" }, "geometry": { "type": "Point", "coordinates": [ 121.340239459722994, 24.963722353151301, 0.0 ] } },
{ "type": "Feature", "properties": { "Display": "2K+770", "River": "鶯歌溪排水右岸", "Name": "鶯歌溪排水右岸2K+770" }, "geometry": { "type": "Point", "coordinates": [ 121.340206846944994, 24.963807600770899, 0.0 ] } },
{ "type": "Feature", "properties": { "Display": "2K+780", "River": "鶯歌溪排水右岸", "Name": "鶯歌溪排水右岸2K+780" }, "geometry": { "type": "Point", "coordinates": [ 121.340185248111993, 24.963895584401399, 0.0 ] } },
{ "type": "Feature", "properties": { "Display": "2K+790", "River": "鶯歌溪排水右岸", "Name": "鶯歌溪排水右岸2K+790" }, "geometry": { "type": "Point", "coordinates": [ 121.340171110314003, 24.963984800580999, 0.0 ] } },
{ "type": "Feature", "properties": { "Display": "2K+800", "River": "鶯歌溪排水右岸", "Name": "鶯歌溪排水右岸2K+800" }, "geometry": { "type": "Point", "coordinates": [ 121.340175401891003, 24.964074956022799, 0.0 ] } },
{ "type": "Feature", "properties": { "Display": "2K+810", "River": "鶯歌溪排水右岸", "Name": "鶯歌溪排水右岸2K+810" }, "geometry": { "type": "Point", "coordinates": [ 121.340214060427996, 24.9641553124011, 0.0 ] } },
{ "type": "Feature", "properties": { "Display": "2K+820", "River": "鶯歌溪排水右岸", "Name": "鶯歌溪排水右岸2K+820" }, "geometry": { "type": "Point", "coordinates": [ 121.340282984077007, 24.964220047111699, 0.0 ] } },
{ "type": "Feature", "properties": { "Display": "2K+830", "River": "鶯歌溪排水右岸", "Name": "鶯歌溪排水右岸2K+830" }, "geometry": { "type": "Point", "coordinates": [ 121.340368533881005, 24.964262083653502, 0.0 ] } },
{ "type": "Feature", "properties": { "Display": "2K+840", "River": "鶯歌溪排水右岸", "Name": "鶯歌溪排水右岸2K+840" }, "geometry": { "type": "Point", "coordinates": [ 121.340462168388996, 24.9642914825505, 0.0 ] } },
{ "type": "Feature", "properties": { "Display": "2K+850", "River": "鶯歌溪排水右岸", "Name": "鶯歌溪排水右岸2K+850" }, "geometry": { "type": "Point", "coordinates": [ 121.340559027530006, 24.964310210721202, 0.0 ] } },
{ "type": "Feature", "properties": { "Display": "2K+860", "River": "鶯歌溪排水右岸", "Name": "鶯歌溪排水右岸2K+860" }, "geometry": { "type": "Point", "coordinates": [ 121.340655990331001, 24.9643285988064, 0.0 ] } },
{ "type": "Feature", "properties": { "Display": "2K+870", "River": "鶯歌溪排水右岸", "Name": "鶯歌溪排水右岸2K+870" }, "geometry": { "type": "Point", "coordinates": [ 121.340752411232003, 24.964349196058802, 0.0 ] } },
{ "type": "Feature", "properties": { "Display": "2K+880", "River": "鶯歌溪排水右岸", "Name": "鶯歌溪排水右岸2K+880" }, "geometry": { "type": "Point", "coordinates": [ 121.340849058920995, 24.964368914704199, 0.0 ] } },
{ "type": "Feature", "properties": { "Display": "2K+890", "River": "鶯歌溪排水右岸", "Name": "鶯歌溪排水右岸2K+890" }, "geometry": { "type": "Point", "coordinates": [ 121.340945706639999, 24.9643886332865, 0.0 ] } },
{ "type": "Feature", "properties": { "Display": "2K+900", "River": "鶯歌溪排水右岸", "Name": "鶯歌溪排水右岸2K+900" }, "geometry": { "type": "Point", "coordinates": [ 121.341043086639004, 24.964404658136701, 0.0 ] } },
{ "type": "Feature", "properties": { "Display": "2K+910", "River": "鶯歌溪排水右岸", "Name": "鶯歌溪排水右岸2K+910" }, "geometry": { "type": "Point", "coordinates": [ 121.341141355974997, 24.964415819785899, 0.0 ] } },
{ "type": "Feature", "properties": { "Display": "2K+920", "River": "鶯歌溪排水右岸", "Name": "鶯歌溪排水右岸2K+920" }, "geometry": { "type": "Point", "coordinates": [ 121.341239276042998, 24.964429180905999, 0.0 ] } },
{ "type": "Feature", "properties": { "Display": "2K+930", "River": "鶯歌溪排水右岸", "Name": "鶯歌溪排水右岸2K+930" }, "geometry": { "type": "Point", "coordinates": [ 121.341331943116998, 24.964458867473901, 0.0 ] } },
{ "type": "Feature", "properties": { "Display": "2K+940", "River": "鶯歌溪排水右岸", "Name": "鶯歌溪排水右岸2K+940" }, "geometry": { "type": "Point", "coordinates": [ 121.341409256852003, 24.964514869110602, 0.0 ] } },
{ "type": "Feature", "properties": { "Display": "2K+950", "River": "鶯歌溪排水右岸", "Name": "鶯歌溪排水右岸2K+950" }, "geometry": { "type": "Point", "coordinates": [ 121.341448812365996, 24.964593907311901, 0.0 ] } },
{ "type": "Feature", "properties": { "Display": "2K+960", "River": "鶯歌溪排水右岸", "Name": "鶯歌溪排水右岸2K+960" }, "geometry": { "type": "Point", "coordinates": [ 121.341442695688002, 24.9646839432924, 0.0 ] } },
{ "type": "Feature", "properties": { "Display": "2K+970", "River": "鶯歌溪排水右岸", "Name": "鶯歌溪排水右岸2K+970" }, "geometry": { "type": "Point", "coordinates": [ 121.341429162154, 24.964773378796199, 0.0 ] } },
{ "type": "Feature", "properties": { "Display": "2K+980", "River": "鶯歌溪排水右岸", "Name": "鶯歌溪排水右岸2K+980" }, "geometry": { "type": "Point", "coordinates": [ 121.341415338494997, 24.964862777956, 0.0 ] } },
{ "type": "Feature", "properties": { "Display": "2K+990", "River": "鶯歌溪排水右岸", "Name": "鶯歌溪排水右岸2K+990" }, "geometry": { "type": "Point", "coordinates": [ 121.341390996957003, 24.964950134125001, 0.0 ] } },
{ "type": "Feature", "properties": { "Display": "3K+000", "River": "鶯歌溪排水右岸", "Name": "鶯歌溪排水右岸3K+000" }, "geometry": { "type": "Point", "coordinates": [ 121.341368035941002, 24.965037895879099, 0.0 ] } },
{ "type": "Feature", "properties": { "Display": "3K+010", "River": "鶯歌溪排水右岸", "Name": "鶯歌溪排水右岸3K+010" }, "geometry": { "type": "Point", "coordinates": [ 121.341350921531003, 24.965126794797001, 0.0 ] } },
{ "type": "Feature", "properties": { "Display": "3K+020", "River": "鶯歌溪排水右岸", "Name": "鶯歌溪排水右岸3K+020" }, "geometry": { "type": "Point", "coordinates": [ 121.341341952094993, 24.965216633391901, 0.0 ] } },
{ "type": "Feature", "properties": { "Display": "3K+030", "River": "鶯歌溪排水右岸", "Name": "鶯歌溪排水右岸3K+030" }, "geometry": { "type": "Point", "coordinates": [ 121.341342949657999, 24.9653066517483, 0.0 ] } },
{ "type": "Feature", "properties": { "Display": "3K+040", "River": "鶯歌溪排水右岸", "Name": "鶯歌溪排水右岸3K+040" }, "geometry": { "type": "Point", "coordinates": [ 121.341359740152001, 24.9653956126647, 0.0 ] } },
{ "type": "Feature", "properties": { "Display": "3K+050", "River": "鶯歌溪排水右岸", "Name": "鶯歌溪排水右岸3K+050" }, "geometry": { "type": "Point", "coordinates": [ 121.341380659654007, 24.965483856302299, 0.0 ] } },
{ "type": "Feature", "properties": { "Display": "3K+060", "River": "鶯歌溪排水右岸", "Name": "鶯歌溪排水右岸3K+060" }, "geometry": { "type": "Point", "coordinates": [ 121.341404002127007, 24.965571595841102, 0.0 ] } },
{ "type": "Feature", "properties": { "Display": "3K+070", "River": "鶯歌溪排水右岸", "Name": "鶯歌溪排水右岸3K+070" }, "geometry": { "type": "Point", "coordinates": [ 121.341427344633999, 24.965659335374902, 0.0 ] } },
{ "type": "Feature", "properties": { "Display": "3K+080", "River": "鶯歌溪排水右岸", "Name": "鶯歌溪排水右岸3K+080" }, "geometry": { "type": "Point", "coordinates": [ 121.341451817945, 24.965746816167702, 0.0 ] } },
{ "type": "Feature", "properties": { "Display": "3K+090", "River": "鶯歌溪排水右岸", "Name": "鶯歌溪排水右岸3K+090" }, "geometry": { "type": "Point", "coordinates": [ 121.341477758026002, 24.9658339332541, 0.0 ] } },
{ "type": "Feature", "properties": { "Display": "3K+100", "River": "鶯歌溪排水右岸", "Name": "鶯歌溪排水右岸3K+100" }, "geometry": { "type": "Point", "coordinates": [ 121.341508428984, 24.9659197531697, 0.0 ] } },
{ "type": "Feature", "properties": { "Display": "3K+110", "River": "鶯歌溪排水右岸", "Name": "鶯歌溪排水右岸3K+110" }, "geometry": { "type": "Point", "coordinates": [ 121.341537895139993, 24.9660059219988, 0.0 ] } },
{ "type": "Feature", "properties": { "Display": "3K+120", "River": "鶯歌溪排水右岸", "Name": "鶯歌溪排水右岸3K+120" }, "geometry": { "type": "Point", "coordinates": [ 121.341554571738996, 24.966094824113199, 0.0 ] } },
{ "type": "Feature", "properties": { "Display": "3K+130", "River": "鶯歌溪排水右岸", "Name": "鶯歌溪排水右岸3K+130" }, "geometry": { "type": "Point", "coordinates": [ 121.341555592068005, 24.9661849976737, 0.0 ] } },
{ "type": "Feature", "properties": { "Display": "3K+140", "River": "鶯歌溪排水右岸", "Name": "鶯歌溪排水右岸3K+140" }, "geometry": { "type": "Point", "coordinates": [ 121.341559529752004, 24.966275141937199, 0.0 ] } },
{ "type": "Feature", "properties": { "Display": "3K+150", "River": "鶯歌溪排水右岸", "Name": "鶯歌溪排水右岸3K+150" }, "geometry": { "type": "Point", "coordinates": [ 121.341566010663001, 24.966365231343399, 0.0 ] } },
{ "type": "Feature", "properties": { "Display": "3K+160", "River": "鶯歌溪排水右岸", "Name": "鶯歌溪排水右岸3K+160" }, "geometry": { "type": "Point", "coordinates": [ 121.341573296665999, 24.966455263653302, 0.0 ] } },
{ "type": "Feature", "properties": { "Display": "3K+170", "River": "鶯歌溪排水右岸", "Name": "鶯歌溪排水右岸3K+170" }, "geometry": { "type": "Point", "coordinates": [ 121.341582178340005, 24.966545182800299, 0.0 ] } },
{ "type": "Feature", "properties": { "Display": "3K+180", "River": "鶯歌溪排水右岸", "Name": "鶯歌溪排水右岸3K+180" }, "geometry": { "type": "Point", "coordinates": [ 121.341591060027, 24.966635101945599, 0.0 ] } },
{ "type": "Feature", "properties": { "Display": "3K+190", "River": "鶯歌溪排水右岸", "Name": "鶯歌溪排水右岸3K+190" }, "geometry": { "type": "Point", "coordinates": [ 121.341599941728006, 24.9667250210892, 0.0 ] } },
{ "type": "Feature", "properties": { "Display": "3K+200", "River": "鶯歌溪排水右岸", "Name": "鶯歌溪排水右岸3K+200" }, "geometry": { "type": "Point", "coordinates": [ 121.341608016148001, 24.9668150009939, 0.0 ] } },
{ "type": "Feature", "properties": { "Display": "3K+210", "River": "鶯歌溪排水右岸", "Name": "鶯歌溪排水右岸3K+210" }, "geometry": { "type": "Point", "coordinates": [ 121.341619781359, 24.9669046294919, 0.0 ] } },
{ "type": "Feature", "properties": { "Display": "3K+220", "River": "鶯歌溪排水右岸", "Name": "鶯歌溪排水右岸3K+220" }, "geometry": { "type": "Point", "coordinates": [ 121.341632610950001, 24.9669941517067, 0.0 ] } },
{ "type": "Feature", "properties": { "Display": "3K+230", "River": "鶯歌溪排水右岸", "Name": "鶯歌溪排水右岸3K+230" }, "geometry": { "type": "Point", "coordinates": [ 121.341648596484006, 24.967083249204101, 0.0 ] } },
{ "type": "Feature", "properties": { "Display": "3K+240", "River": "鶯歌溪排水右岸", "Name": "鶯歌溪排水右岸3K+240" }, "geometry": { "type": "Point", "coordinates": [ 121.341664653410007, 24.967172337601198, 0.0 ] } },
{ "type": "Feature", "properties": { "Display": "3K+250", "River": "鶯歌溪排水右岸", "Name": "鶯歌溪排水右岸3K+250" }, "geometry": { "type": "Point", "coordinates": [ 121.341680208753999, 24.9672615000101, 0.0 ] } },
{ "type": "Feature", "properties": { "Display": "3K+260", "River": "鶯歌溪排水右岸", "Name": "鶯歌溪排水右岸3K+260" }, "geometry": { "type": "Point", "coordinates": [ 121.341694852337, 24.967350785240001, 0.0 ] } },
{ "type": "Feature", "properties": { "Display": "3K+270", "River": "鶯歌溪排水右岸", "Name": "鶯歌溪排水右岸3K+270" }, "geometry": { "type": "Point", "coordinates": [ 121.341708252404004, 24.967440237981201, 0.0 ] } },
{ "type": "Feature", "properties": { "Display": "3K+280", "River": "鶯歌溪排水右岸", "Name": "鶯歌溪排水右岸3K+280" }, "geometry": { "type": "Point", "coordinates": [ 121.341722113494995, 24.967529626496901, 0.0 ] } },
{ "type": "Feature", "properties": { "Display": "3K+290", "River": "鶯歌溪排水右岸", "Name": "鶯歌溪排水右岸3K+290" }, "geometry": { "type": "Point", "coordinates": [ 121.34173863417, 24.967618644504999, 0.0 ] } },
{ "type": "Feature", "properties": { "Display": "3K+300", "River": "鶯歌溪排水右岸", "Name": "鶯歌溪排水右岸3K+300" }, "geometry": { "type": "Point", "coordinates": [ 121.341756320564997, 24.967707465833399, 0.0 ] } },
{ "type": "Feature", "properties": { "Display": "3K+310", "River": "鶯歌溪排水右岸", "Name": "鶯歌溪排水右岸3K+310" }, "geometry": { "type": "Point", "coordinates": [ 121.341776019538997, 24.967795944793401, 0.0 ] } },
{ "type": "Feature", "properties": { "Display": "3K+320", "River": "鶯歌溪排水右岸", "Name": "鶯歌溪排水右岸3K+320" }, "geometry": { "type": "Point", "coordinates": [ 121.341800925814994, 24.9678831087875, 0.0 ] } },
{ "type": "Feature", "properties": { "Display": "3K+330", "River": "鶯歌溪排水右岸", "Name": "鶯歌溪排水右岸3K+330" }, "geometry": { "type": "Point", "coordinates": [ 121.341834219738004, 24.967968137621899, 0.0 ] } },
{ "type": "Feature", "properties": { "Display": "3K+340", "River": "鶯歌溪排水右岸", "Name": "鶯歌溪排水右岸3K+340" }, "geometry": { "type": "Point", "coordinates": [ 121.341867843464001, 24.968053057994599, 0.0 ] } },
{ "type": "Feature", "properties": { "Display": "3K+350", "River": "鶯歌溪排水右岸", "Name": "鶯歌溪排水右岸3K+350" }, "geometry": { "type": "Point", "coordinates": [ 121.341901936252, 24.968137823325399, 0.0 ] } },
{ "type": "Feature", "properties": { "Display": "3K+360", "River": "鶯歌溪排水右岸", "Name": "鶯歌溪排水右岸3K+360" }, "geometry": { "type": "Point", "coordinates": [ 121.341936947978994, 24.9682222719007, 0.0 ] } },
{ "type": "Feature", "properties": { "Display": "3K+370", "River": "鶯歌溪排水右岸", "Name": "鶯歌溪排水右岸3K+370" }, "geometry": { "type": "Point", "coordinates": [ 121.341972732699006, 24.96830645539, 0.0 ] } },
{ "type": "Feature", "properties": { "Display": "3K+380", "River": "鶯歌溪排水右岸", "Name": "鶯歌溪排水右岸3K+380" }, "geometry": { "type": "Point", "coordinates": [ 121.342003908753, 24.968392081282399, 0.0 ] } },
{ "type": "Feature", "properties": { "Display": "3K+390", "River": "鶯歌溪排水右岸", "Name": "鶯歌溪排水右岸3K+390" }, "geometry": { "type": "Point", "coordinates": [ 121.342020012106005, 24.9684810616432, 0.0 ] } },
{ "type": "Feature", "properties": { "Display": "3K+400", "River": "鶯歌溪排水右岸", "Name": "鶯歌溪排水右岸3K+400" }, "geometry": { "type": "Point", "coordinates": [ 121.342018947293994, 24.968571197262801, 0.0 ] } },
{ "type": "Feature", "properties": { "Display": "3K+410", "River": "鶯歌溪排水右岸", "Name": "鶯歌溪排水右岸3K+410" }, "geometry": { "type": "Point", "coordinates": [ 121.341997892386004, 24.968659019449699, 0.0 ] } },
{ "type": "Feature", "properties": { "Display": "3K+420", "River": "鶯歌溪排水右岸", "Name": "鶯歌溪排水右岸3K+420" }, "geometry": { "type": "Point", "coordinates": [ 121.341947881641005, 24.968735741025299, 0.0 ] } },
{ "type": "Feature", "properties": { "Display": "3K+430", "River": "鶯歌溪排水右岸", "Name": "鶯歌溪排水右岸3K+430" }, "geometry": { "type": "Point", "coordinates": [ 121.341878835051006, 24.968800064506301, 0.0 ] } },
{ "type": "Feature", "properties": { "Display": "3K+440", "River": "鶯歌溪排水右岸", "Name": "鶯歌溪排水右岸3K+440" }, "geometry": { "type": "Point", "coordinates": [ 121.341802330049006, 24.9688573882333, 0.0 ] } },
{ "type": "Feature", "properties": { "Display": "3K+450", "River": "鶯歌溪排水右岸", "Name": "鶯歌溪排水右岸3K+450" }, "geometry": { "type": "Point", "coordinates": [ 121.341726368034003, 24.968915297791401, 0.0 ] } },
{ "type": "Feature", "properties": { "Display": "3K+460", "River": "鶯歌溪排水右岸", "Name": "鶯歌溪排水右岸3K+460" }, "geometry": { "type": "Point", "coordinates": [ 121.341650659360994, 24.968973424906402, 0.0 ] } },
{ "type": "Feature", "properties": { "Display": "3K+470", "River": "鶯歌溪排水右岸", "Name": "鶯歌溪排水右岸3K+470" }, "geometry": { "type": "Point", "coordinates": [ 121.341560227900004, 24.969009919090102, 0.0 ] } },
{ "type": "Feature", "properties": { "Display": "3K+480", "River": "鶯歌溪排水右岸", "Name": "鶯歌溪排水右岸3K+480" }, "geometry": { "type": "Point", "coordinates": [ 121.341472045526999, 24.969049910279502, 0.0 ] } },
{ "type": "Feature", "properties": { "Display": "3K+490", "River": "鶯歌溪排水右岸", "Name": "鶯歌溪排水右岸3K+490" }, "geometry": { "type": "Point", "coordinates": [ 121.341389684394997, 24.969100049665499, 0.0 ] } },
{ "type": "Feature", "properties": { "Display": "3K+500", "River": "鶯歌溪排水右岸", "Name": "鶯歌溪排水右岸3K+500" }, "geometry": { "type": "Point", "coordinates": [ 121.341320684259003, 24.969164547142601, 0.0 ] } },
{ "type": "Feature", "properties": { "Display": "3K+510", "River": "鶯歌溪排水右岸", "Name": "鶯歌溪排水右岸3K+510" }, "geometry": { "type": "Point", "coordinates": [ 121.341255516616997, 24.969232185654999, 0.0 ] } },
{ "type": "Feature", "properties": { "Display": "3K+520", "River": "鶯歌溪排水右岸", "Name": "鶯歌溪排水右岸3K+520" }, "geometry": { "type": "Point", "coordinates": [ 121.341205514972003, 24.9693101106689, 0.0 ] } },
{ "type": "Feature", "properties": { "Display": "3K+530", "River": "鶯歌溪排水右岸", "Name": "鶯歌溪排水右岸3K+530" }, "geometry": { "type": "Point", "coordinates": [ 121.341175026631007, 24.969395777930199, 0.0 ] } },
{ "type": "Feature", "properties": { "Display": "3K+540", "River": "鶯歌溪排水右岸", "Name": "鶯歌溪排水右岸3K+540" }, "geometry": { "type": "Point", "coordinates": [ 121.341164192101999, 24.9694854642694, 0.0 ] } },
{ "type": "Feature", "properties": { "Display": "3K+550", "River": "鶯歌溪排水右岸", "Name": "鶯歌溪排水右岸3K+550" }, "geometry": { "type": "Point", "coordinates": [ 121.341161669534998, 24.969575584276299, 0.0 ] } },
{ "type": "Feature", "properties": { "Display": "3K+560", "River": "鶯歌溪排水右岸", "Name": "鶯歌溪排水右岸3K+560" }, "geometry": { "type": "Point", "coordinates": [ 121.341184247005998, 24.969662476806199, 0.0 ] } },
{ "type": "Feature", "properties": { "Display": "3K+570", "River": "鶯歌溪排水右岸", "Name": "鶯歌溪排水右岸3K+570" }, "geometry": { "type": "Point", "coordinates": [ 121.341229951143006, 24.969742539805001, 0.0 ] } },
{ "type": "Feature", "properties": { "Display": "3K+580", "River": "鶯歌溪排水右岸", "Name": "鶯歌溪排水右岸3K+580" }, "geometry": { "type": "Point", "coordinates": [ 121.341303386359996, 24.9698027931083, 0.0 ] } },
{ "type": "Feature", "properties": { "Display": "3K+590", "River": "鶯歌溪排水右岸", "Name": "鶯歌溪排水右岸3K+590" }, "geometry": { "type": "Point", "coordinates": [ 121.341385924917006, 24.969852674139901, 0.0 ] } },
{ "type": "Feature", "properties": { "Display": "3K+600", "River": "鶯歌溪排水右岸", "Name": "鶯歌溪排水右岸3K+600" }, "geometry": { "type": "Point", "coordinates": [ 121.341468072189997, 24.969903108238299, 0.0 ] } },
{ "type": "Feature", "properties": { "Display": "3K+610", "River": "鶯歌溪排水右岸", "Name": "鶯歌溪排水右岸3K+610" }, "geometry": { "type": "Point", "coordinates": [ 121.341551701262006, 24.969951197458801, 0.0 ] } },
{ "type": "Feature", "properties": { "Display": "3K+620", "River": "鶯歌溪排水右岸", "Name": "鶯歌溪排水右岸3K+620" }, "geometry": { "type": "Point", "coordinates": [ 121.341637473412007, 24.9699962875404, 0.0 ] } },
{ "type": "Feature", "properties": { "Display": "3K+630", "River": "鶯歌溪排水右岸", "Name": "鶯歌溪排水右岸3K+630" }, "geometry": { "type": "Point", "coordinates": [ 121.341726179313, 24.9700359593485, 0.0 ] } },
{ "type": "Feature", "properties": { "Display": "3K+640", "River": "鶯歌溪排水右岸", "Name": "鶯歌溪排水右岸3K+640" }, "geometry": { "type": "Point", "coordinates": [ 121.341817523553004, 24.9700708587979, 0.0 ] } },
{ "type": "Feature", "properties": { "Display": "3K+650", "River": "鶯歌溪排水右岸", "Name": "鶯歌溪排水右岸3K+650" }, "geometry": { "type": "Point", "coordinates": [ 121.341908867843003, 24.970105758190499, 0.0 ] } },
{ "type": "Feature", "properties": { "Display": "3K+660", "River": "鶯歌溪排水右岸", "Name": "鶯歌溪排水右岸3K+660" }, "geometry": { "type": "Point", "coordinates": [ 121.341998113547007, 24.970143910175, 0.0 ] } },
{ "type": "Feature", "properties": { "Display": "3K+670", "River": "鶯歌溪排水右岸", "Name": "鶯歌溪排水右岸3K+670" }, "geometry": { "type": "Point", "coordinates": [ 121.342042601814995, 24.9702236163855, 0.0 ] } },
{ "type": "Feature", "properties": { "Display": "3K+680", "River": "鶯歌溪排水右岸", "Name": "鶯歌溪排水右岸3K+680" }, "geometry": { "type": "Point", "coordinates": [ 121.342077030618995, 24.97030826736, 0.0 ] } },
{ "type": "Feature", "properties": { "Display": "3K+690", "River": "鶯歌溪排水右岸", "Name": "鶯歌溪排水右岸3K+690" }, "geometry": { "type": "Point", "coordinates": [ 121.342107903132998, 24.970394042329499, 0.0 ] } },
{ "type": "Feature", "properties": { "Display": "3K+700", "River": "鶯歌溪排水右岸", "Name": "鶯歌溪排水右岸3K+700" }, "geometry": { "type": "Point", "coordinates": [ 121.342136049119006, 24.970480586921202, 0.0 ] } },
{ "type": "Feature", "properties": { "Display": "3K+710", "River": "鶯歌溪排水右岸", "Name": "鶯歌溪排水右岸3K+710" }, "geometry": { "type": "Point", "coordinates": [ 121.342162755312003, 24.970567525792699, 0.0 ] } },
{ "type": "Feature", "properties": { "Display": "3K+720", "River": "鶯歌溪排水右岸", "Name": "鶯歌溪排水右岸3K+720" }, "geometry": { "type": "Point", "coordinates": [ 121.342189408202003, 24.970654478258901, 0.0 ] } },
{ "type": "Feature", "properties": { "Display": "3K+730", "River": "鶯歌溪排水右岸", "Name": "鶯歌溪排水右岸3K+730" }, "geometry": { "type": "Point", "coordinates": [ 121.342209674076003, 24.9707425175406, 0.0 ] } },
{ "type": "Feature", "properties": { "Display": "3K+740", "River": "鶯歌溪排水右岸", "Name": "鶯歌溪排水右岸3K+740" }, "geometry": { "type": "Point", "coordinates": [ 121.342213336688999, 24.970832158248299, 0.0 ] } },
{ "type": "Feature", "properties": { "Display": "3K+750", "River": "鶯歌溪排水右岸", "Name": "鶯歌溪排水右岸3K+750" }, "geometry": { "type": "Point", "coordinates": [ 121.342189014575993, 24.9709196109334, 0.0 ] } },
{ "type": "Feature", "properties": { "Display": "3K+760", "River": "鶯歌溪排水右岸", "Name": "鶯歌溪排水右岸3K+760" }, "geometry": { "type": "Point", "coordinates": [ 121.342169094143003, 24.971007956893001, 0.0 ] } },
{ "type": "Feature", "properties": { "Display": "3K+770", "River": "鶯歌溪排水右岸", "Name": "鶯歌溪排水右岸3K+770" }, "geometry": { "type": "Point", "coordinates": [ 121.342164955357006, 24.9710976356534, 0.0 ] } },
{ "type": "Feature", "properties": { "Display": "3K+780", "River": "鶯歌溪排水右岸", "Name": "鶯歌溪排水右岸3K+780" }, "geometry": { "type": "Point", "coordinates": [ 121.342196395803995, 24.971183172322799, 0.0 ] } },
{ "type": "Feature", "properties": { "Display": "3K+790", "River": "鶯歌溪排水右岸", "Name": "鶯歌溪排水右岸3K+790" }, "geometry": { "type": "Point", "coordinates": [ 121.342251385658997, 24.9712577309854, 0.0 ] } },
{ "type": "Feature", "properties": { "Display": "3K+800", "River": "鶯歌溪排水右岸", "Name": "鶯歌溪排水右岸3K+800" }, "geometry": { "type": "Point", "coordinates": [ 121.342327219099005, 24.971314707231301, 0.0 ] } },
{ "type": "Feature", "properties": { "Display": "3K+810", "River": "鶯歌溪排水右岸", "Name": "鶯歌溪排水右岸3K+810" }, "geometry": { "type": "Point", "coordinates": [ 121.342416472780997, 24.971353296375099, 0.0 ] } },
{ "type": "Feature", "properties": { "Display": "3K+820", "River": "鶯歌溪排水右岸", "Name": "鶯歌溪排水右岸3K+820" }, "geometry": { "type": "Point", "coordinates": [ 121.342511241107005, 24.971378837379799, 0.0 ] } },
{ "type": "Feature", "properties": { "Display": "3K+830", "River": "鶯歌溪排水右岸", "Name": "鶯歌溪排水右岸3K+830" }, "geometry": { "type": "Point", "coordinates": [ 121.342609902738005, 24.971372684124901, 0.0 ] } },
{ "type": "Feature", "properties": { "Display": "3K+840", "River": "鶯歌溪排水右岸", "Name": "鶯歌溪排水右岸3K+840" }, "geometry": { "type": "Point", "coordinates": [ 121.342704738842002, 24.9713504408837, 0.0 ] } },
{ "type": "Feature", "properties": { "Display": "3K+850", "River": "鶯歌溪排水右岸", "Name": "鶯歌溪排水右岸3K+850" }, "geometry": { "type": "Point", "coordinates": [ 121.342776714278003, 24.971288686443501, 0.0 ] } },
{ "type": "Feature", "properties": { "Display": "3K+860", "River": "鶯歌溪排水右岸", "Name": "鶯歌溪排水右岸3K+860" }, "geometry": { "type": "Point", "coordinates": [ 121.342847097980993, 24.971225208214399, 0.0 ] } },
{ "type": "Feature", "properties": { "Display": "3K+870", "River": "鶯歌溪排水右岸", "Name": "鶯歌溪排水右岸3K+870" }, "geometry": { "type": "Point", "coordinates": [ 121.342940292690997, 24.971227393727901, 0.0 ] } },
{ "type": "Feature", "properties": { "Display": "3K+880", "River": "鶯歌溪排水右岸", "Name": "鶯歌溪排水右岸3K+880" }, "geometry": { "type": "Point", "coordinates": [ 121.343026210212997, 24.971271556080598, 0.0 ] } },
{ "type": "Feature", "properties": { "Display": "3K+890", "River": "鶯歌溪排水右岸", "Name": "鶯歌溪排水右岸3K+890" }, "geometry": { "type": "Point", "coordinates": [ 121.343105880205997, 24.9713251597389, 0.0 ] } },
{ "type": "Feature", "properties": { "Display": "3K+900", "River": "鶯歌溪排水右岸", "Name": "鶯歌溪排水右岸3K+900" }, "geometry": { "type": "Point", "coordinates": [ 121.343182536903001, 24.971382329565699, 0.0 ] } },
{ "type": "Feature", "properties": { "Display": "3K+910", "River": "鶯歌溪排水右岸", "Name": "鶯歌溪排水右岸3K+910" }, "geometry": { "type": "Point", "coordinates": [ 121.343257002005998, 24.9714417903471, 0.0 ] } },
{ "type": "Feature", "properties": { "Display": "3K+920", "River": "鶯歌溪排水右岸", "Name": "鶯歌溪排水右岸3K+920" }, "geometry": { "type": "Point", "coordinates": [ 121.343332885717004, 24.9714997438038, 0.0 ] } },
{ "type": "Feature", "properties": { "Display": "3K+930", "River": "鶯歌溪排水右岸", "Name": "鶯歌溪排水右岸3K+930" }, "geometry": { "type": "Point", "coordinates": [ 121.343409977323006, 24.971556425747998, 0.0 ] } },
{ "type": "Feature", "properties": { "Display": "3K+940", "River": "鶯歌溪排水右岸", "Name": "鶯歌溪排水右岸3K+940" }, "geometry": { "type": "Point", "coordinates": [ 121.343489655599996, 24.971610002255598, 0.0 ] } },
{ "type": "Feature", "properties": { "Display": "3K+950", "River": "鶯歌溪排水右岸", "Name": "鶯歌溪排水右岸3K+950" }, "geometry": { "type": "Point", "coordinates": [ 121.343576552366997, 24.971652838199301, 0.0 ] } },
{ "type": "Feature", "properties": { "Display": "3K+960", "River": "鶯歌溪排水右岸", "Name": "鶯歌溪排水右岸3K+960" }, "geometry": { "type": "Point", "coordinates": [ 121.343672732569004, 24.9716479062775, 0.0 ] } },
{ "type": "Feature", "properties": { "Display": "3K+970", "River": "鶯歌溪排水右岸", "Name": "鶯歌溪排水右岸3K+970" }, "geometry": { "type": "Point", "coordinates": [ 121.343763275705001, 24.971612194453201, 0.0 ] } },
{ "type": "Feature", "properties": { "Display": "3K+980", "River": "鶯歌溪排水右岸", "Name": "鶯歌溪排水右岸3K+980" }, "geometry": { "type": "Point", "coordinates": [ 121.343841977970001, 24.971557733654102, 0.0 ] } },
{ "type": "Feature", "properties": { "Display": "3K+990", "River": "鶯歌溪排水右岸", "Name": "鶯歌溪排水右岸3K+990" }, "geometry": { "type": "Point", "coordinates": [ 121.343910472426003, 24.971492540076699, 0.0 ] } },
{ "type": "Feature", "properties": { "Display": "4K+000", "River": "鶯歌溪排水右岸", "Name": "鶯歌溪排水右岸4K+000" }, "geometry": { "type": "Point", "coordinates": [ 121.343972265195006, 24.971422415226801, 0.0 ] } },
{ "type": "Feature", "properties": { "Display": "4K+010", "River": "鶯歌溪排水右岸", "Name": "鶯歌溪排水右岸4K+010" }, "geometry": { "type": "Point", "coordinates": [ 121.344023139230998, 24.971344962584102, 0.0 ] } },
{ "type": "Feature", "properties": { "Display": "4K+020", "River": "鶯歌溪排水右岸", "Name": "鶯歌溪排水右岸4K+020" }, "geometry": { "type": "Point", "coordinates": [ 121.344068975026005, 24.971265194567199, 0.0 ] } },
{ "type": "Feature", "properties": { "Display": "4K+030", "River": "鶯歌溪排水右岸", "Name": "鶯歌溪排水右岸4K+030" }, "geometry": { "type": "Point", "coordinates": [ 121.344080313863003, 24.971175799932499, 0.0 ] } },
{ "type": "Feature", "properties": { "Display": "4K+040", "River": "鶯歌溪排水右岸", "Name": "鶯歌溪排水右岸4K+040" }, "geometry": { "type": "Point", "coordinates": [ 121.344095320470998, 24.9710866336763, 0.0 ] } },
{ "type": "Feature", "properties": { "Display": "4K+050", "River": "鶯歌溪排水右岸", "Name": "鶯歌溪排水右岸4K+050" }, "geometry": { "type": "Point", "coordinates": [ 121.344135428477003, 24.971004778974301, 0.0 ] } },
{ "type": "Feature", "properties": { "Display": "4K+060", "River": "鶯歌溪排水右岸", "Name": "鶯歌溪排水右岸4K+060" }, "geometry": { "type": "Point", "coordinates": [ 121.344188747813007, 24.9709287190231, 0.0 ] } },
{ "type": "Feature", "properties": { "Display": "4K+070", "River": "鶯歌溪排水右岸", "Name": "鶯歌溪排水右岸4K+070" }, "geometry": { "type": "Point", "coordinates": [ 121.344246887837002, 24.970855694565898, 0.0 ] } },
{ "type": "Feature", "properties": { "Display": "4K+080", "River": "鶯歌溪排水右岸", "Name": "鶯歌溪排水右岸4K+080" }, "geometry": { "type": "Point", "coordinates": [ 121.344307511582997, 24.9707843010051, 0.0 ] } },
{ "type": "Feature", "properties": { "Display": "4K+090", "River": "鶯歌溪排水右岸", "Name": "鶯歌溪排水右岸4K+090" }, "geometry": { "type": "Point", "coordinates": [ 121.344369309151006, 24.970713836562702, 0.0 ] } },
{ "type": "Feature", "properties": { "Display": "4K+100", "River": "鶯歌溪排水右岸", "Name": "鶯歌溪排水右岸4K+100" }, "geometry": { "type": "Point", "coordinates": [ 121.344452666314993, 24.970666618484699, 0.0 ] } },
{ "type": "Feature", "properties": { "Display": "4K+110", "River": "鶯歌溪排水右岸", "Name": "鶯歌溪排水右岸4K+110" }, "geometry": { "type": "Point", "coordinates": [ 121.344550358719005, 24.9706616260804, 0.0 ] } },
{ "type": "Feature", "properties": { "Display": "4K+120", "River": "鶯歌溪排水右岸", "Name": "鶯歌溪排水右岸4K+120" }, "geometry": { "type": "Point", "coordinates": [ 121.344648785797006, 24.970670586754199, 0.0 ] } },
{ "type": "Feature", "properties": { "Display": "4K+130", "River": "鶯歌溪排水右岸", "Name": "鶯歌溪排水右岸4K+130" }, "geometry": { "type": "Point", "coordinates": [ 121.344743408164007, 24.970696580244802, 0.0 ] } },
{ "type": "Feature", "properties": { "Display": "4K+140", "River": "鶯歌溪排水右岸", "Name": "鶯歌溪排水右岸4K+140" }, "geometry": { "type": "Point", "coordinates": [ 121.344829793095997, 24.970740111971999, 0.0 ] } },
{ "type": "Feature", "properties": { "Display": "4K+150", "River": "鶯歌溪排水右岸", "Name": "鶯歌溪排水右岸4K+150" }, "geometry": { "type": "Point", "coordinates": [ 121.344860784434005, 24.9708187359623, 0.0 ] } },
{ "type": "Feature", "properties": { "Display": "4K+160", "River": "鶯歌溪排水右岸", "Name": "鶯歌溪排水右岸4K+160" }, "geometry": { "type": "Point", "coordinates": [ 121.344835017036999, 24.970905784342001, 0.0 ] } },
{ "type": "Feature", "properties": { "Display": "4K+170", "River": "鶯歌溪排水右岸", "Name": "鶯歌溪排水右岸4K+170" }, "geometry": { "type": "Point", "coordinates": [ 121.344799950058004, 24.9709901619837, 0.0 ] } },
{ "type": "Feature", "properties": { "Display": "4K+180", "River": "鶯歌溪排水右岸", "Name": "鶯歌溪排水右岸4K+180" }, "geometry": { "type": "Point", "coordinates": [ 121.344755819653003, 24.971070971225199, 0.0 ] } },
{ "type": "Feature", "properties": { "Display": "4K+190", "River": "鶯歌溪排水右岸", "Name": "鶯歌溪排水右岸4K+190" }, "geometry": { "type": "Point", "coordinates": [ 121.344715886784996, 24.9711535252933, 0.0 ] } },
{ "type": "Feature", "properties": { "Display": "4K+200", "River": "鶯歌溪排水右岸", "Name": "鶯歌溪排水右岸4K+200" }, "geometry": { "type": "Point", "coordinates": [ 121.344678396597004, 24.971237084312001, 0.0 ] } },
{ "type": "Feature", "properties": { "Display": "4K+210", "River": "鶯歌溪排水右岸", "Name": "鶯歌溪排水右岸4K+210" }, "geometry": { "type": "Point", "coordinates": [ 121.344661403299995, 24.971324719918801, 0.0 ] } },
{ "type": "Feature", "properties": { "Display": "4K+220", "River": "鶯歌溪排水右岸", "Name": "鶯歌溪排水右岸4K+220" }, "geometry": { "type": "Point", "coordinates": [ 121.344681326929006, 24.971412930694299, 0.0 ] } },
{ "type": "Feature", "properties": { "Display": "4K+230", "River": "鶯歌溪排水右岸", "Name": "鶯歌溪排水右岸4K+230" }, "geometry": { "type": "Point", "coordinates": [ 121.344707301013997, 24.971500046249599, 0.0 ] } },
{ "type": "Feature", "properties": { "Display": "4K+240", "River": "鶯歌溪排水右岸", "Name": "鶯歌溪排水右岸4K+240" }, "geometry": { "type": "Point", "coordinates": [ 121.344734734387998, 24.971586769932799, 0.0 ] } },
{ "type": "Feature", "properties": { "Display": "4K+250", "River": "鶯歌溪排水右岸", "Name": "鶯歌溪排水右岸4K+250" }, "geometry": { "type": "Point", "coordinates": [ 121.344764532195995, 24.9716728667442, 0.0 ] } },
{ "type": "Feature", "properties": { "Display": "4K+260", "River": "鶯歌溪排水右岸", "Name": "鶯歌溪排水右岸4K+260" }, "geometry": { "type": "Point", "coordinates": [ 121.344800501500998, 24.9717569549682, 0.0 ] } },
{ "type": "Feature", "properties": { "Display": "4K+270", "River": "鶯歌溪排水右岸", "Name": "鶯歌溪排水右岸4K+270" }, "geometry": { "type": "Point", "coordinates": [ 121.344853423328999, 24.9718318802413, 0.0 ] } },
{ "type": "Feature", "properties": { "Display": "4K+280", "River": "鶯歌溪排水右岸", "Name": "鶯歌溪排水右岸4K+280" }, "geometry": { "type": "Point", "coordinates": [ 121.344926708724998, 24.971892612809899, 0.0 ] } },
{ "type": "Feature", "properties": { "Display": "4K+290", "River": "鶯歌溪排水右岸", "Name": "鶯歌溪排水右岸4K+290" }, "geometry": { "type": "Point", "coordinates": [ 121.344999994193003, 24.971953345341198, 0.0 ] } },
{ "type": "Feature", "properties": { "Display": "4K+300", "River": "鶯歌溪排水右岸", "Name": "鶯歌溪排水右岸4K+300" }, "geometry": { "type": "Point", "coordinates": [ 121.345073518080994, 24.972013835492302, 0.0 ] } },
{ "type": "Feature", "properties": { "Display": "4K+310", "River": "鶯歌溪排水右岸", "Name": "鶯歌溪排水右岸4K+310" }, "geometry": { "type": "Point", "coordinates": [ 121.345147723557005, 24.9720736326687, 0.0 ] } },
{ "type": "Feature", "properties": { "Display": "4K+320", "River": "鶯歌溪排水右岸", "Name": "鶯歌溪排水右岸4K+320" }, "geometry": { "type": "Point", "coordinates": [ 121.345221929104, 24.972133429806799, 0.0 ] } },
{ "type": "Feature", "properties": { "Display": "4K+330", "River": "鶯歌溪排水右岸", "Name": "鶯歌溪排水右岸4K+330" }, "geometry": { "type": "Point", "coordinates": [ 121.345298548458999, 24.972190568766401, 0.0 ] } },
{ "type": "Feature", "properties": { "Display": "4K+340", "River": "鶯歌溪排水右岸", "Name": "鶯歌溪排水右岸4K+340" }, "geometry": { "type": "Point", "coordinates": [ 121.345377156423993, 24.972245491564699, 0.0 ] } },
{ "type": "Feature", "properties": { "Display": "4K+350", "River": "鶯歌溪排水右岸", "Name": "鶯歌溪排水右岸4K+350" }, "geometry": { "type": "Point", "coordinates": [ 121.345456002831, 24.972300131576699, 0.0 ] } },
{ "type": "Feature", "properties": { "Display": "4K+360", "River": "鶯歌溪排水右岸", "Name": "鶯歌溪排水右岸4K+360" }, "geometry": { "type": "Point", "coordinates": [ 121.34552513429, 24.972363339280299, 0.0 ] } },
{ "type": "Feature", "properties": { "Display": "4K+370", "River": "鶯歌溪排水右岸", "Name": "鶯歌溪排水右岸4K+370" }, "geometry": { "type": "Point", "coordinates": [ 121.345518597883, 24.972452730656698, 0.0 ] } },
{ "type": "Feature", "properties": { "Display": "4K+380", "River": "鶯歌溪排水右岸", "Name": "鶯歌溪排水右岸4K+380" }, "geometry": { "type": "Point", "coordinates": [ 121.345476692282006, 24.972534022110199, 0.0 ] } },
{ "type": "Feature", "properties": { "Display": "4K+390", "River": "鶯歌溪排水右岸", "Name": "鶯歌溪排水右岸4K+390" }, "geometry": { "type": "Point", "coordinates": [ 121.345416224960999, 24.972605132998599, 0.0 ] } },
{ "type": "Feature", "properties": { "Display": "4K+400", "River": "鶯歌溪排水右岸", "Name": "鶯歌溪排水右岸4K+400" }, "geometry": { "type": "Point", "coordinates": [ 121.345345148025999, 24.972667978001201, 0.0 ] } },
{ "type": "Feature", "properties": { "Display": "4K+410", "River": "鶯歌溪排水右岸", "Name": "鶯歌溪排水右岸4K+410" }, "geometry": { "type": "Point", "coordinates": [ 121.345273456198996, 24.972730271375699, 0.0 ] } },
{ "type": "Feature", "properties": { "Display": "4K+420", "River": "鶯歌溪排水右岸", "Name": "鶯歌溪排水右岸4K+420" }, "geometry": { "type": "Point", "coordinates": [ 121.345200665931003, 24.9727914310686, 0.0 ] } },
{ "type": "Feature", "properties": { "Display": "4K+430", "River": "鶯歌溪排水右岸", "Name": "鶯歌溪排水右岸4K+430" }, "geometry": { "type": "Point", "coordinates": [ 121.345123988799003, 24.9728485790977, 0.0 ] } },
{ "type": "Feature", "properties": { "Display": "4K+440", "River": "鶯歌溪排水右岸", "Name": "鶯歌溪排水右岸4K+440" }, "geometry": { "type": "Point", "coordinates": [ 121.345048076607, 24.972906421437798, 0.0 ] } },
{ "type": "Feature", "properties": { "Display": "4K+450", "River": "鶯歌溪排水右岸", "Name": "鶯歌溪排水右岸4K+450" }, "geometry": { "type": "Point", "coordinates": [ 121.344983290824004, 24.9729746649631, 0.0 ] } },
{ "type": "Feature", "properties": { "Display": "4K+460", "River": "鶯歌溪排水右岸", "Name": "鶯歌溪排水右岸4K+460" }, "geometry": { "type": "Point", "coordinates": [ 121.344913995381006, 24.973039145519799, 0.0 ] } },
{ "type": "Feature", "properties": { "Display": "4K+470", "River": "鶯歌溪排水右岸", "Name": "鶯歌溪排水右岸4K+470" }, "geometry": { "type": "Point", "coordinates": [ 121.344871553141004, 24.973105941079201, 0.0 ] } },
{ "type": "Feature", "properties": { "Display": "4K+480", "River": "鶯歌溪排水右岸", "Name": "鶯歌溪排水右岸4K+480" }, "geometry": { "type": "Point", "coordinates": [ 121.344799611393995, 24.973167960792601, 0.0 ] } },
{ "type": "Feature", "properties": { "Display": "4K+490", "River": "鶯歌溪排水右岸", "Name": "鶯歌溪排水右岸4K+490" }, "geometry": { "type": "Point", "coordinates": [ 121.344708094092994, 24.973191362862998, 0.0 ] } },
{ "type": "Feature", "properties": { "Display": "4K+500", "River": "鶯歌溪排水右岸", "Name": "鶯歌溪排水右岸4K+500" }, "geometry": { "type": "Point", "coordinates": [ 121.344610971029994, 24.973174839449499, 0.0 ] } },
{ "type": "Feature", "properties": { "Display": "4K+510", "River": "鶯歌溪排水右岸", "Name": "鶯歌溪排水右岸4K+510" }, "geometry": { "type": "Point", "coordinates": [ 121.344517804969996, 24.973144196030699, 0.0 ] } },
{ "type": "Feature", "properties": { "Display": "4K+520", "River": "鶯歌溪排水右岸", "Name": "鶯歌溪排水右岸4K+520" }, "geometry": { "type": "Point", "coordinates": [ 121.344424638956994, 24.973113552552899, 0.0 ] } },
{ "type": "Feature", "properties": { "Display": "4K+530", "River": "鶯歌溪排水右岸", "Name": "鶯歌溪排水右岸4K+530" }, "geometry": { "type": "Point", "coordinates": [ 121.344333369590998, 24.973078521512999, 0.0 ] } },
{ "type": "Feature", "properties": { "Display": "4K+540", "River": "鶯歌溪排水右岸", "Name": "鶯歌溪排水右岸4K+540" }, "geometry": { "type": "Point", "coordinates": [ 121.344244504255002, 24.9730388614276, 0.0 ] } },
{ "type": "Feature", "properties": { "Display": "4K+550", "River": "鶯歌溪排水右岸", "Name": "鶯歌溪排水右岸4K+550" }, "geometry": { "type": "Point", "coordinates": [ 121.344156972161997, 24.972997232460099, 0.0 ] } },
{ "type": "Feature", "properties": { "Display": "4K+560", "River": "鶯歌溪排水右岸", "Name": "鶯歌溪排水右岸4K+560" }, "geometry": { "type": "Point", "coordinates": [ 121.344060402289998, 24.972988287735099, 0.0 ] } },
{ "type": "Feature", "properties": { "Display": "4K+570", "River": "鶯歌溪排水右岸", "Name": "鶯歌溪排水右岸4K+570" }, "geometry": { "type": "Point", "coordinates": [ 121.343969636400004, 24.973023623506499, 0.0 ] } },
{ "type": "Feature", "properties": { "Display": "4K+580", "River": "鶯歌溪排水右岸", "Name": "鶯歌溪排水右岸4K+580" }, "geometry": { "type": "Point", "coordinates": [ 121.343884740584997, 24.973070105370901, 0.0 ] } },
{ "type": "Feature", "properties": { "Display": "4K+590", "River": "鶯歌溪排水右岸", "Name": "鶯歌溪排水右岸4K+590" }, "geometry": { "type": "Point", "coordinates": [ 121.343805876578998, 24.973124216071898, 0.0 ] } },
{ "type": "Feature", "properties": { "Display": "4K+600", "River": "鶯歌溪排水右岸", "Name": "鶯歌溪排水右岸4K+600" }, "geometry": { "type": "Point", "coordinates": [ 121.343750642738996, 24.973198973909199, 0.0 ] } },
{ "type": "Feature", "properties": { "Display": "4K+610", "River": "鶯歌溪排水右岸", "Name": "鶯歌溪排水右岸4K+610" }, "geometry": { "type": "Point", "coordinates": [ 121.343712681431995, 24.973282192255301, 0.0 ] } },
{ "type": "Feature", "properties": { "Display": "4K+620", "River": "鶯歌溪排水右岸", "Name": "鶯歌溪排水右岸4K+620" }, "geometry": { "type": "Point", "coordinates": [ 121.343693996511007, 24.973370800462298, 0.0 ] } },
{ "type": "Feature", "properties": { "Display": "4K+630", "River": "鶯歌溪排水右岸", "Name": "鶯歌溪排水右岸4K+630" }, "geometry": { "type": "Point", "coordinates": [ 121.343681063614, 24.9734602913522, 0.0 ] } },
{ "type": "Feature", "properties": { "Display": "4K+640", "River": "鶯歌溪排水右岸", "Name": "鶯歌溪排水右岸4K+640" }, "geometry": { "type": "Point", "coordinates": [ 121.343675973828994, 24.9735500545519, 0.0 ] } },
{ "type": "Feature", "properties": { "Display": "4K+650", "River": "鶯歌溪排水右岸", "Name": "鶯歌溪排水右岸4K+650" }, "geometry": { "type": "Point", "coordinates": [ 121.343700250664995, 24.973637562439801, 0.0 ] } },
{ "type": "Feature", "properties": { "Display": "4K+660", "River": "鶯歌溪排水右岸", "Name": "鶯歌溪排水右岸4K+660" }, "geometry": { "type": "Point", "coordinates": [ 121.343724782980999, 24.973725032073698, 0.0 ] } },
{ "type": "Feature", "properties": { "Display": "4K+670", "River": "鶯歌溪排水右岸", "Name": "鶯歌溪排水右岸4K+670" }, "geometry": { "type": "Point", "coordinates": [ 121.343752370168005, 24.973811616394102, 0.0 ] } },
{ "type": "Feature", "properties": { "Display": "4K+680", "River": "鶯歌溪排水右岸", "Name": "鶯歌溪排水右岸4K+680" }, "geometry": { "type": "Point", "coordinates": [ 121.343788307384997, 24.973895732599999, 0.0 ] } },
{ "type": "Feature", "properties": { "Display": "4K+690", "River": "鶯歌溪排水右岸", "Name": "鶯歌溪排水右岸4K+690" }, "geometry": { "type": "Point", "coordinates": [ 121.343823508038994, 24.973980093813399, 0.0 ] } },
{ "type": "Feature", "properties": { "Display": "4K+700", "River": "鶯歌溪排水右岸", "Name": "鶯歌溪排水右岸4K+700" }, "geometry": { "type": "Point", "coordinates": [ 121.343867940964003, 24.974060782187301, 0.0 ] } },
{ "type": "Feature", "properties": { "Display": "4K+710", "River": "鶯歌溪排水右岸", "Name": "鶯歌溪排水右岸4K+710" }, "geometry": { "type": "Point", "coordinates": [ 121.343913566290993, 24.974140910094999, 0.0 ] } },
{ "type": "Feature", "properties": { "Display": "4K+720", "River": "鶯歌溪排水右岸", "Name": "鶯歌溪排水右岸4K+720" }, "geometry": { "type": "Point", "coordinates": [ 121.343971365100003, 24.974214224512998, 0.0 ] } },
{ "type": "Feature", "properties": { "Display": "4K+730", "River": "鶯歌溪排水右岸", "Name": "鶯歌溪排水右岸4K+730" }, "geometry": { "type": "Point", "coordinates": [ 121.344029187049003, 24.9742875258626, 0.0 ] } },
{ "type": "Feature", "properties": { "Display": "4K+740", "River": "鶯歌溪排水右岸", "Name": "鶯歌溪排水右岸4K+740" }, "geometry": { "type": "Point", "coordinates": [ 121.344099352311005, 24.974351081173399, 0.0 ] } },
{ "type": "Feature", "properties": { "Display": "4K+750", "River": "鶯歌溪排水右岸", "Name": "鶯歌溪排水右岸4K+750" }, "geometry": { "type": "Point", "coordinates": [ 121.344174148939004, 24.974409765658599, 0.0 ] } },
{ "type": "Feature", "properties": { "Display": "4K+760", "River": "鶯歌溪排水右岸", "Name": "鶯歌溪排水右岸4K+760" }, "geometry": { "type": "Point", "coordinates": [ 121.344263328566996, 24.974447488848401, 0.0 ] } },
{ "type": "Feature", "properties": { "Display": "4K+770", "River": "鶯歌溪排水右岸", "Name": "鶯歌溪排水右岸4K+770" }, "geometry": { "type": "Point", "coordinates": [ 121.344359457294004, 24.9744655734027, 0.0 ] } },
{ "type": "Feature", "properties": { "Display": "4K+780", "River": "鶯歌溪排水右岸", "Name": "鶯歌溪排水右岸4K+780" }, "geometry": { "type": "Point", "coordinates": [ 121.344457286741999, 24.974462841773502, 0.0 ] } },
{ "type": "Feature", "properties": { "Display": "4K+790", "River": "鶯歌溪排水右岸", "Name": "鶯歌溪排水右岸4K+790" }, "geometry": { "type": "Point", "coordinates": [ 121.344548336082994, 24.974430178461301, 0.0 ] } },
{ "type": "Feature", "properties": { "Display": "4K+800", "River": "鶯歌溪排水右岸", "Name": "鶯歌溪排水右岸4K+800" }, "geometry": { "type": "Point", "coordinates": [ 121.344627101406999, 24.974375732692, 0.0 ] } },
{ "type": "Feature", "properties": { "Display": "4K+810", "River": "鶯歌溪排水右岸", "Name": "鶯歌溪排水右岸4K+810" }, "geometry": { "type": "Point", "coordinates": [ 121.344690822662002, 24.974306903706001, 0.0 ] } },
{ "type": "Feature", "properties": { "Display": "4K+820", "River": "鶯歌溪排水右岸", "Name": "鶯歌溪排水右岸4K+820" }, "geometry": { "type": "Point", "coordinates": [ 121.344734816325996, 24.974226329087301, 0.0 ] } },
{ "type": "Feature", "properties": { "Display": "4K+830", "River": "鶯歌溪排水右岸", "Name": "鶯歌溪排水右岸4K+830" }, "geometry": { "type": "Point", "coordinates": [ 121.344767715371006, 24.974141448268099, 0.0 ] } },
{ "type": "Feature", "properties": { "Display": "4K+840", "River": "鶯歌溪排水右岸", "Name": "鶯歌溪排水右岸4K+840" }, "geometry": { "type": "Point", "coordinates": [ 121.344793432768995, 24.974054261917601, 0.0 ] } },
{ "type": "Feature", "properties": { "Display": "4K+850", "River": "鶯歌溪排水右岸", "Name": "鶯歌溪排水右岸4K+850" }, "geometry": { "type": "Point", "coordinates": [ 121.344827152917006, 24.973969744060302, 0.0 ] } },
{ "type": "Feature", "properties": { "Display": "4K+860", "River": "鶯歌溪排水右岸", "Name": "鶯歌溪排水右岸4K+860" }, "geometry": { "type": "Point", "coordinates": [ 121.344909172960996, 24.973926170260899, 0.0 ] } },
{ "type": "Feature", "properties": { "Display": "4K+870", "River": "鶯歌溪排水右岸", "Name": "鶯歌溪排水右岸4K+870" }, "geometry": { "type": "Point", "coordinates": [ 121.345004799508999, 24.973902651137799, 0.0 ] } },
{ "type": "Feature", "properties": { "Display": "4K+880", "River": "鶯歌溪排水右岸", "Name": "鶯歌溪排水右岸4K+880" }, "geometry": { "type": "Point", "coordinates": [ 121.345100431945994, 24.973879151983301, 0.0 ] } },
{ "type": "Feature", "properties": { "Display": "4K+890", "River": "鶯歌溪排水右岸", "Name": "鶯歌溪排水右岸4K+890" }, "geometry": { "type": "Point", "coordinates": [ 121.345196064069995, 24.973855651833201, 0.0 ] } },
{ "type": "Feature", "properties": { "Display": "4K+900", "River": "鶯歌溪排水右岸", "Name": "鶯歌溪排水右岸4K+900" }, "geometry": { "type": "Point", "coordinates": [ 121.345291692032006, 24.973832137680098, 0.0 ] } },
{ "type": "Feature", "properties": { "Display": "4K+910", "River": "鶯歌溪排水右岸", "Name": "鶯歌溪排水右岸4K+910" }, "geometry": { "type": "Point", "coordinates": [ 121.345387319956998, 24.973808623465999, 0.0 ] } },
{ "type": "Feature", "properties": { "Display": "4K+920", "River": "鶯歌溪排水右岸", "Name": "鶯歌溪排水右岸4K+920" }, "geometry": { "type": "Point", "coordinates": [ 121.345480971270007, 24.973779737853299, 0.0 ] } },
{ "type": "Feature", "properties": { "Display": "4K+930", "River": "鶯歌溪排水右岸", "Name": "鶯歌溪排水右岸4K+930" }, "geometry": { "type": "Point", "coordinates": [ 121.345572812588998, 24.973745933660101, 0.0 ] } },
{ "type": "Feature", "properties": { "Display": "4K+940", "River": "鶯歌溪排水右岸", "Name": "鶯歌溪排水右岸4K+940" }, "geometry": { "type": "Point", "coordinates": [ 121.345666251949993, 24.973716105729601, 0.0 ] } },
{ "type": "Feature", "properties": { "Display": "4K+950", "River": "鶯歌溪排水右岸", "Name": "鶯歌溪排水右岸4K+950" }, "geometry": { "type": "Point", "coordinates": [ 121.345760315473001, 24.9736878308711, 0.0 ] } },
{ "type": "Feature", "properties": { "Display": "4K+960", "River": "鶯歌溪排水右岸", "Name": "鶯歌溪排水右岸4K+960" }, "geometry": { "type": "Point", "coordinates": [ 121.345857134501003, 24.973669738616099, 0.0 ] } },
{ "type": "Feature", "properties": { "Display": "4K+970", "River": "鶯歌溪排水右岸", "Name": "鶯歌溪排水右岸4K+970" }, "geometry": { "type": "Point", "coordinates": [ 121.34595504024, 24.973656600666899, 0.0 ] } },
{ "type": "Feature", "properties": { "Display": "4K+980", "River": "鶯歌溪排水右岸", "Name": "鶯歌溪排水右岸4K+980" }, "geometry": { "type": "Point", "coordinates": [ 121.346053933706003, 24.973651589499799, 0.0 ] } },
{ "type": "Feature", "properties": { "Display": "4K+990", "River": "鶯歌溪排水右岸", "Name": "鶯歌溪排水右岸4K+990" }, "geometry": { "type": "Point", "coordinates": [ 121.346152902678, 24.9736480530884, 0.0 ] } },
{ "type": "Feature", "properties": { "Display": "5K+000", "River": "鶯歌溪排水右岸", "Name": "鶯歌溪排水右岸5K+000" }, "geometry": { "type": "Point", "coordinates": [ 121.346251924053007, 24.973646083553898, 0.0 ] } },
{ "type": "Feature", "properties": { "Display": "5K+010", "River": "鶯歌溪排水右岸", "Name": "鶯歌溪排水右岸5K+010" }, "geometry": { "type": "Point", "coordinates": [ 121.346350949802996, 24.973644251455202, 0.0 ] } },
{ "type": "Feature", "properties": { "Display": "5K+020", "River": "鶯歌溪排水右岸", "Name": "鶯歌溪排水右岸5K+020" }, "geometry": { "type": "Point", "coordinates": [ 121.346448599932003, 24.9736549509242, 0.0 ] } },
{ "type": "Feature", "properties": { "Display": "5K+030", "River": "鶯歌溪排水右岸", "Name": "鶯歌溪排水右岸5K+030" }, "geometry": { "type": "Point", "coordinates": [ 121.346544691963004, 24.973676745713799, 0.0 ] } },
{ "type": "Feature", "properties": { "Display": "5K+040", "River": "鶯歌溪排水右岸", "Name": "鶯歌溪排水右岸5K+040" }, "geometry": { "type": "Point", "coordinates": [ 121.346640306821996, 24.973700303651501, 0.0 ] } },
{ "type": "Feature", "properties": { "Display": "5K+050", "River": "鶯歌溪排水右岸", "Name": "鶯歌溪排水右岸5K+050" }, "geometry": { "type": "Point", "coordinates": [ 121.346735819184005, 24.973724182000399, 0.0 ] } },
{ "type": "Feature", "properties": { "Display": "5K+060", "River": "鶯歌溪排水右岸", "Name": "鶯歌溪排水右岸5K+060" }, "geometry": { "type": "Point", "coordinates": [ 121.346830312205995, 24.973751240611701, 0.0 ] } },
{ "type": "Feature", "properties": { "Display": "5K+070", "River": "鶯歌溪排水右岸", "Name": "鶯歌溪排水右岸5K+070" }, "geometry": { "type": "Point", "coordinates": [ 121.346924745877004, 24.973778471146801, 0.0 ] } },
{ "type": "Feature", "properties": { "Display": "5K+080", "River": "鶯歌溪排水右岸", "Name": "鶯歌溪排水右岸5K+080" }, "geometry": { "type": "Point", "coordinates": [ 121.347019179588003, 24.973805701621298, 0.0 ] } },
{ "type": "Feature", "properties": { "Display": "5K+090", "River": "鶯歌溪排水右岸", "Name": "鶯歌溪排水右岸5K+090" }, "geometry": { "type": "Point", "coordinates": [ 121.347113613340994, 24.9738329320354, 0.0 ] } },
{ "type": "Feature", "properties": { "Display": "5K+100", "River": "鶯歌溪排水右岸", "Name": "鶯歌溪排水右岸5K+100" }, "geometry": { "type": "Point", "coordinates": [ 121.347205188201002, 24.973867214056199, 0.0 ] } },
{ "type": "Feature", "properties": { "Display": "5K+110", "River": "鶯歌溪排水右岸", "Name": "鶯歌溪排水右岸5K+110" }, "geometry": { "type": "Point", "coordinates": [ 121.347296313621001, 24.973902591549201, 0.0 ] } },
{ "type": "Feature", "properties": { "Display": "5K+120", "River": "鶯歌溪排水右岸", "Name": "鶯歌溪排水右岸5K+120" }, "geometry": { "type": "Point", "coordinates": [ 121.347387439092003, 24.973937968985702, 0.0 ] } },
{ "type": "Feature", "properties": { "Display": "5K+130", "River": "鶯歌溪排水右岸", "Name": "鶯歌溪排水右岸5K+130" }, "geometry": { "type": "Point", "coordinates": [ 121.347474882385001, 24.973979949073499, 0.0 ] } },
{ "type": "Feature", "properties": { "Display": "5K+140", "River": "鶯歌溪排水右岸", "Name": "鶯歌溪排水右岸5K+140" }, "geometry": { "type": "Point", "coordinates": [ 121.347559939400995, 24.974026208119401, 0.0 ] } },
{ "type": "Feature", "properties": { "Display": "5K+150", "River": "鶯歌溪排水右岸", "Name": "鶯歌溪排水右岸5K+150" }, "geometry": { "type": "Point", "coordinates": [ 121.34764499648, 24.9740724671157, 0.0 ] } },
{ "type": "Feature", "properties": { "Display": "5K+160", "River": "鶯歌溪排水右岸", "Name": "鶯歌溪排水右岸5K+160" }, "geometry": { "type": "Point", "coordinates": [ 121.347730053622996, 24.9741187260625, 0.0 ] } },
{ "type": "Feature", "properties": { "Display": "5K+170", "River": "鶯歌溪排水右岸", "Name": "鶯歌溪排水右岸5K+170" }, "geometry": { "type": "Point", "coordinates": [ 121.347815083447998, 24.974165026527398, 0.0 ] } },
{ "type": "Feature", "properties": { "Display": "5K+180", "River": "鶯歌溪排水右岸", "Name": "鶯歌溪排水右岸5K+180" }, "geometry": { "type": "Point", "coordinates": [ 121.347900486073002, 24.9742107498151, 0.0 ] } },
{ "type": "Feature", "properties": { "Display": "5K+190", "River": "鶯歌溪排水右岸", "Name": "鶯歌溪排水右岸5K+190" }, "geometry": { "type": "Point", "coordinates": [ 121.347985835426996, 24.974256559534599, 0.0 ] } },
{ "type": "Feature", "properties": { "Display": "5K+200", "River": "鶯歌溪排水右岸", "Name": "鶯歌溪排水右岸5K+200" }, "geometry": { "type": "Point", "coordinates": [ 121.348071184844002, 24.974302369204199, 0.0 ] } },
{ "type": "Feature", "properties": { "Display": "5K+210", "River": "鶯歌溪排水右岸", "Name": "鶯歌溪排水右岸5K+210" }, "geometry": { "type": "Point", "coordinates": [ 121.348154830664001, 24.974350633738801, 0.0 ] } },
{ "type": "Feature", "properties": { "Display": "5K+220", "River": "鶯歌溪排水右岸", "Name": "鶯歌溪排水右岸5K+220" }, "geometry": { "type": "Point", "coordinates": [ 121.348234160893995, 24.974404569885301, 0.0 ] } },
{ "type": "Feature", "properties": { "Display": "5K+230", "River": "鶯歌溪排水右岸", "Name": "鶯歌溪排水右岸5K+230" }, "geometry": { "type": "Point", "coordinates": [ 121.348315834196995, 24.974455515046401, 0.0 ] } },
{ "type": "Feature", "properties": { "Display": "5K+240", "River": "鶯歌溪排水右岸", "Name": "鶯歌溪排水右岸5K+240" }, "geometry": { "type": "Point", "coordinates": [ 121.348396915511998, 24.974507338055101, 0.0 ] } },
{ "type": "Feature", "properties": { "Display": "5K+250", "River": "鶯歌溪排水右岸", "Name": "鶯歌溪排水右岸5K+250" }, "geometry": { "type": "Point", "coordinates": [ 121.348480956624996, 24.974555097983799, 0.0 ] } },
{ "type": "Feature", "properties": { "Display": "5K+260", "River": "鶯歌溪排水右岸", "Name": "鶯歌溪排水右岸5K+260" }, "geometry": { "type": "Point", "coordinates": [ 121.348564408019001, 24.974603713103999, 0.0 ] } },
{ "type": "Feature", "properties": { "Display": "5K+270", "River": "鶯歌溪排水右岸", "Name": "鶯歌溪排水右岸5K+270" }, "geometry": { "type": "Point", "coordinates": [ 121.348644949435993, 24.9746561895025, 0.0 ] } },
{ "type": "Feature", "properties": { "Display": "5K+280", "River": "鶯歌溪排水右岸", "Name": "鶯歌溪排水右岸5K+280" }, "geometry": { "type": "Point", "coordinates": [ 121.348719154910995, 24.974715952826202, 0.0 ] } },
{ "type": "Feature", "properties": { "Display": "5K+290", "River": "鶯歌溪排水右岸", "Name": "鶯歌溪排水右岸5K+290" }, "geometry": { "type": "Point", "coordinates": [ 121.348784928312, 24.974782683966499, 0.0 ] } },
{ "type": "Feature", "properties": { "Display": "5K+300", "River": "鶯歌溪排水右岸", "Name": "鶯歌溪排水右岸5K+300" }, "geometry": { "type": "Point", "coordinates": [ 121.348788971749997, 24.974866901625798, 0.0 ] } },
{ "type": "Feature", "properties": { "Display": "5K+310", "River": "鶯歌溪排水右岸", "Name": "鶯歌溪排水右岸5K+310" }, "geometry": { "type": "Point", "coordinates": [ 121.348714635361006, 24.974924212117902, 0.0 ] } },
{ "type": "Feature", "properties": { "Display": "5K+320", "River": "鶯歌溪排水右岸", "Name": "鶯歌溪排水右岸5K+320" }, "geometry": { "type": "Point", "coordinates": [ 121.348625074596001, 24.974962608392602, 0.0 ] } },
{ "type": "Feature", "properties": { "Display": "5K+330", "River": "鶯歌溪排水右岸", "Name": "鶯歌溪排水右岸5K+330" }, "geometry": { "type": "Point", "coordinates": [ 121.348534476753997, 24.974998634169101, 0.0 ] } },
{ "type": "Feature", "properties": { "Display": "5K+340", "River": "鶯歌溪排水右岸", "Name": "鶯歌溪排水右岸5K+340" }, "geometry": { "type": "Point", "coordinates": [ 121.348451511571, 24.975047873336301, 0.0 ] } },
{ "type": "Feature", "properties": { "Display": "5K+350", "River": "鶯歌溪排水右岸", "Name": "鶯歌溪排水右岸5K+350" }, "geometry": { "type": "Point", "coordinates": [ 121.34837188857, 24.975101457172801, 0.0 ] } },
{ "type": "Feature", "properties": { "Display": "5K+360", "River": "鶯歌溪排水右岸", "Name": "鶯歌溪排水右岸5K+360" }, "geometry": { "type": "Point", "coordinates": [ 121.348301254917004, 24.975164089605499, 0.0 ] } },
{ "type": "Feature", "properties": { "Display": "5K+370", "River": "鶯歌溪排水右岸", "Name": "鶯歌溪排水右岸5K+370" }, "geometry": { "type": "Point", "coordinates": [ 121.348243111884997, 24.975237134441301, 0.0 ] } },
{ "type": "Feature", "properties": { "Display": "5K+380", "River": "鶯歌溪排水右岸", "Name": "鶯歌溪排水右岸5K+380" }, "geometry": { "type": "Point", "coordinates": [ 121.348190544256994, 24.975313638250199, 0.0 ] } },
{ "type": "Feature", "properties": { "Display": "5K+390", "River": "鶯歌溪排水右岸", "Name": "鶯歌溪排水右岸5K+390" }, "geometry": { "type": "Point", "coordinates": [ 121.348139410734007, 24.975390955950399, 0.0 ] } },
{ "type": "Feature", "properties": { "Display": "5K+400", "River": "鶯歌溪排水右岸", "Name": "鶯歌溪排水右岸5K+400" }, "geometry": { "type": "Point", "coordinates": [ 121.348084162394997, 24.975465887337901, 0.0 ] } },
{ "type": "Feature", "properties": { "Display": "5K+410", "River": "鶯歌溪排水右岸", "Name": "鶯歌溪排水右岸5K+410" }, "geometry": { "type": "Point", "coordinates": [ 121.348032221102997, 24.975542717165901, 0.0 ] } },
{ "type": "Feature", "properties": { "Display": "5K+420", "River": "鶯歌溪排水右岸", "Name": "鶯歌溪排水右岸5K+420" }, "geometry": { "type": "Point", "coordinates": [ 121.347982648797, 24.9756208723561, 0.0 ] } },
{ "type": "Feature", "properties": { "Display": "5K+430", "River": "鶯歌溪排水右岸", "Name": "鶯歌溪排水右岸5K+430" }, "geometry": { "type": "Point", "coordinates": [ 121.347929287241996, 24.975696927365401, 0.0 ] } },
{ "type": "Feature", "properties": { "Display": "5K+440", "River": "鶯歌溪排水右岸", "Name": "鶯歌溪排水右岸5K+440" }, "geometry": { "type": "Point", "coordinates": [ 121.347879192443003, 24.975774806582901, 0.0 ] } },
{ "type": "Feature", "properties": { "Display": "5K+450", "River": "鶯歌溪排水右岸", "Name": "鶯歌溪排水右岸5K+450" }, "geometry": { "type": "Point", "coordinates": [ 121.347831256871004, 24.975853810887301, 0.0 ] } },
{ "type": "Feature", "properties": { "Display": "5K+460", "River": "鶯歌溪排水右岸", "Name": "鶯歌溪排水右岸5K+460" }, "geometry": { "type": "Point", "coordinates": [ 121.347788559163007, 24.975935170266698, 0.0 ] } },
{ "type": "Feature", "properties": { "Display": "5K+470", "River": "鶯歌溪排水右岸", "Name": "鶯歌溪排水右岸5K+470" }, "geometry": { "type": "Point", "coordinates": [ 121.347751781960994, 24.9760189478352, 0.0 ] } },
{ "type": "Feature", "properties": { "Display": "5K+480", "River": "鶯歌溪排水右岸", "Name": "鶯歌溪排水右岸5K+480" }, "geometry": { "type": "Point", "coordinates": [ 121.347719970887994, 24.976104364748402, 0.0 ] } },
{ "type": "Feature", "properties": { "Display": "5K+490", "River": "鶯歌溪排水右岸", "Name": "鶯歌溪排水右岸5K+490" }, "geometry": { "type": "Point", "coordinates": [ 121.347711437372993, 24.976194216698499, 0.0 ] } },
{ "type": "Feature", "properties": { "Display": "5K+500", "River": "鶯歌溪排水右岸", "Name": "鶯歌溪排水右岸5K+500" }, "geometry": { "type": "Point", "coordinates": [ 121.347730350570004, 24.976282474087899, 0.0 ] } },
{ "type": "Feature", "properties": { "Display": "5K+510", "River": "鶯歌溪排水右岸", "Name": "鶯歌溪排水右岸5K+510" }, "geometry": { "type": "Point", "coordinates": [ 121.347778507601006, 24.976360626128798, 0.0 ] } },
{ "type": "Feature", "properties": { "Display": "5K+520", "River": "鶯歌溪排水右岸", "Name": "鶯歌溪排水右岸5K+520" }, "geometry": { "type": "Point", "coordinates": [ 121.347858684279998, 24.976410288388902, 0.0 ] } },
{ "type": "Feature", "properties": { "Display": "5K+530", "River": "鶯歌溪排水右岸", "Name": "鶯歌溪排水右岸5K+530" }, "geometry": { "type": "Point", "coordinates": [ 121.347957285470002, 24.9764167836206, 0.0 ] } },
{ "type": "Feature", "properties": { "Display": "5K+540", "River": "鶯歌溪排水右岸", "Name": "鶯歌溪排水右岸5K+540" }, "geometry": { "type": "Point", "coordinates": [ 121.348056297463998, 24.976415146973999, 0.0 ] } },
{ "type": "Feature", "properties": { "Display": "5K+550", "River": "鶯歌溪排水右岸", "Name": "鶯歌溪排水右岸5K+550" }, "geometry": { "type": "Point", "coordinates": [ 121.348154616521001, 24.976405531717301, 0.0 ] } },
{ "type": "Feature", "properties": { "Display": "5K+560", "River": "鶯歌溪排水右岸", "Name": "鶯歌溪排水右岸5K+560" }, "geometry": { "type": "Point", "coordinates": [ 121.348253127942002, 24.976396436841899, 0.0 ] } },
{ "type": "Feature", "properties": { "Display": "5K+570", "River": "鶯歌溪排水右岸", "Name": "鶯歌溪排水右岸5K+570" }, "geometry": { "type": "Point", "coordinates": [ 121.348352043985003, 24.976393782492799, 0.0 ] } },
{ "type": "Feature", "properties": { "Display": "5K+580", "River": "鶯歌溪排水右岸", "Name": "鶯歌溪排水右岸5K+580" }, "geometry": { "type": "Point", "coordinates": [ 121.348448409192002, 24.976412833771899, 0.0 ] } },
{ "type": "Feature", "properties": { "Display": "5K+590", "River": "鶯歌溪排水右岸", "Name": "鶯歌溪排水右岸5K+590" }, "geometry": { "type": "Point", "coordinates": [ 121.348536005252001, 24.9764543213197, 0.0 ] } },
{ "type": "Feature", "properties": { "Display": "5K+600", "River": "鶯歌溪排水右岸", "Name": "鶯歌溪排水右岸5K+600" }, "geometry": { "type": "Point", "coordinates": [ 121.348630483869997, 24.976479687359198, 0.0 ] } },
{ "type": "Feature", "properties": { "Display": "5K+610", "River": "鶯歌溪排水右岸", "Name": "鶯歌溪排水右岸5K+610" }, "geometry": { "type": "Point", "coordinates": [ 121.348727961346, 24.976495664318499, 0.0 ] } },
{ "type": "Feature", "properties": { "Display": "5K+620", "River": "鶯歌溪排水右岸", "Name": "鶯歌溪排水右岸5K+620" }, "geometry": { "type": "Point", "coordinates": [ 121.348826655210999, 24.976502070666299, 0.0 ] } },
{ "type": "Feature", "properties": { "Display": "5K+630", "River": "鶯歌溪排水右岸", "Name": "鶯歌溪排水右岸5K+630" }, "geometry": { "type": "Point", "coordinates": [ 121.348925411097994, 24.976496032428301, 0.0 ] } },
{ "type": "Feature", "properties": { "Display": "5K+640", "River": "鶯歌溪排水右岸", "Name": "鶯歌溪排水右岸5K+640" }, "geometry": { "type": "Point", "coordinates": [ 121.349024068120997, 24.976493623392201, 0.0 ] } },
{ "type": "Feature", "properties": { "Display": "5K+650", "River": "鶯歌溪排水右岸", "Name": "鶯歌溪排水右岸5K+650" }, "geometry": { "type": "Point", "coordinates": [ 121.349106699676994, 24.9765372528013, 0.0 ] } },
{ "type": "Feature", "properties": { "Display": "5K+660", "River": "鶯歌溪排水右岸", "Name": "鶯歌溪排水右岸5K+660" }, "geometry": { "type": "Point", "coordinates": [ 121.349126877436007, 24.976624428275201, 0.0 ] } },
{ "type": "Feature", "properties": { "Display": "5K+670", "River": "鶯歌溪排水右岸", "Name": "鶯歌溪排水右岸5K+670" }, "geometry": { "type": "Point", "coordinates": [ 121.349130586057001, 24.976714585522299, 0.0 ] } },
{ "type": "Feature", "properties": { "Display": "5K+680", "River": "鶯歌溪排水右岸", "Name": "鶯歌溪排水右岸5K+680" }, "geometry": { "type": "Point", "coordinates": [ 121.349102149152003, 24.9767989323222, 0.0 ] } },
{ "type": "Feature", "properties": { "Display": "5K+690", "River": "鶯歌溪排水右岸", "Name": "鶯歌溪排水右岸5K+690" }, "geometry": { "type": "Point", "coordinates": [ 121.349014404401998, 24.976838782878701, 0.0 ] } },
{ "type": "Feature", "properties": { "Display": "5K+700", "River": "鶯歌溪排水右岸", "Name": "鶯歌溪排水右岸5K+700" }, "geometry": { "type": "Point", "coordinates": [ 121.348922848049995, 24.976873218597401, 0.0 ] } },
{ "type": "Feature", "properties": { "Display": "5K+710", "River": "鶯歌溪排水右岸", "Name": "鶯歌溪排水右岸5K+710" }, "geometry": { "type": "Point", "coordinates": [ 121.348832001898003, 24.976909192486499, 0.0 ] } },
{ "type": "Feature", "properties": { "Display": "5K+720", "River": "鶯歌溪排水右岸", "Name": "鶯歌溪排水右岸5K+720" }, "geometry": { "type": "Point", "coordinates": [ 121.348740653329997, 24.976944080249599, 0.0 ] } },
{ "type": "Feature", "properties": { "Display": "5K+730", "River": "鶯歌溪排水右岸", "Name": "鶯歌溪排水右岸5K+730" }, "geometry": { "type": "Point", "coordinates": [ 121.348648973167002, 24.976978251182899, 0.0 ] } },
{ "type": "Feature", "properties": { "Display": "5K+740", "River": "鶯歌溪排水右岸", "Name": "鶯歌溪排水右岸5K+740" }, "geometry": { "type": "Point", "coordinates": [ 121.348557027561, 24.977011817150899, 0.0 ] } },
{ "type": "Feature", "properties": { "Display": "5K+750", "River": "鶯歌溪排水右岸", "Name": "鶯歌溪排水右岸5K+750" }, "geometry": { "type": "Point", "coordinates": [ 121.348465024115001, 24.977045237655101, 0.0 ] } },
{ "type": "Feature", "properties": { "Display": "5K+760", "River": "鶯歌溪排水右岸", "Name": "鶯歌溪排水右岸5K+760" }, "geometry": { "type": "Point", "coordinates": [ 121.348372446206, 24.977077234541301, 0.0 ] } },
{ "type": "Feature", "properties": { "Display": "5K+770", "River": "鶯歌溪排水右岸", "Name": "鶯歌溪排水右岸5K+770" }, "geometry": { "type": "Point", "coordinates": [ 121.348284158908001, 24.977117831866501, 0.0 ] } },
{ "type": "Feature", "properties": { "Display": "5K+780", "River": "鶯歌溪排水右岸", "Name": "鶯歌溪排水右岸5K+780" }, "geometry": { "type": "Point", "coordinates": [ 121.348216027956994, 24.977181519061599, 0.0 ] } },
{ "type": "Feature", "properties": { "Display": "5K+790", "River": "鶯歌溪排水右岸", "Name": "鶯歌溪排水右岸5K+790" }, "geometry": { "type": "Point", "coordinates": [ 121.348202116676006, 24.9772703902395, 0.0 ] } },
{ "type": "Feature", "properties": { "Display": "5K+800", "River": "鶯歌溪排水右岸", "Name": "鶯歌溪排水右岸5K+800" }, "geometry": { "type": "Point", "coordinates": [ 121.348198110591994, 24.9773605856935, 0.0 ] } },
{ "type": "Feature", "properties": { "Display": "5K+810", "River": "鶯歌溪排水右岸", "Name": "鶯歌溪排水右岸5K+810" }, "geometry": { "type": "Point", "coordinates": [ 121.348194872433993, 24.977450732187499, 0.0 ] } },
{ "type": "Feature", "properties": { "Display": "5K+820", "River": "鶯歌溪排水右岸", "Name": "鶯歌溪排水右岸5K+820" }, "geometry": { "type": "Point", "coordinates": [ 121.348190550062995, 24.977540919958301, 0.0 ] } },
{ "type": "Feature", "properties": { "Display": "5K+830", "River": "鶯歌溪排水右岸", "Name": "鶯歌溪排水右岸5K+830" }, "geometry": { "type": "Point", "coordinates": [ 121.348186161089004, 24.9776310594563, 0.0 ] } },
{ "type": "Feature", "properties": { "Display": "5K+840", "River": "鶯歌溪排水右岸", "Name": "鶯歌溪排水右岸5K+840" }, "geometry": { "type": "Point", "coordinates": [ 121.348171939967997, 24.9777203989802, 0.0 ] } },
{ "type": "Feature", "properties": { "Display": "5K+850", "River": "鶯歌溪排水右岸", "Name": "鶯歌溪排水右岸5K+850" }, "geometry": { "type": "Point", "coordinates": [ 121.348146237742995, 24.977807232780201, 0.0 ] } },
{ "type": "Feature", "properties": { "Display": "5K+860", "River": "鶯歌溪排水右岸", "Name": "鶯歌溪排水右岸5K+860" }, "geometry": { "type": "Point", "coordinates": [ 121.348060782735999, 24.977850605679901, 0.0 ] } },
{ "type": "Feature", "properties": { "Display": "5K+870", "River": "鶯歌溪排水右岸", "Name": "鶯歌溪排水右岸5K+870" }, "geometry": { "type": "Point", "coordinates": [ 121.347964280914994, 24.977870588882102, 0.0 ] } },
{ "type": "Feature", "properties": { "Display": "5K+880", "River": "鶯歌溪排水右岸", "Name": "鶯歌溪排水右岸5K+880" }, "geometry": { "type": "Point", "coordinates": [ 121.347866204536004, 24.977883098161499, 0.0 ] } },
{ "type": "Feature", "properties": { "Display": "5K+890", "River": "鶯歌溪排水右岸", "Name": "鶯歌溪排水右岸5K+890" }, "geometry": { "type": "Point", "coordinates": [ 121.347767602090002, 24.9778916422405, 0.0 ] } },
{ "type": "Feature", "properties": { "Display": "5K+900", "River": "鶯歌溪排水右岸", "Name": "鶯歌溪排水右岸5K+900" }, "geometry": { "type": "Point", "coordinates": [ 121.347669118618995, 24.977901080594702, 0.0 ] } },
{ "type": "Feature", "properties": { "Display": "5K+910", "River": "鶯歌溪排水右岸", "Name": "鶯歌溪排水右岸5K+910" }, "geometry": { "type": "Point", "coordinates": [ 121.347572291169001, 24.977919783509801, 0.0 ] } },
{ "type": "Feature", "properties": { "Display": "5K+920", "River": "鶯歌溪排水右岸", "Name": "鶯歌溪排水右岸5K+920" }, "geometry": { "type": "Point", "coordinates": [ 121.347480258806002, 24.9779527412893, 0.0 ] } },
{ "type": "Feature", "properties": { "Display": "5K+930", "River": "鶯歌溪排水右岸", "Name": "鶯歌溪排水右岸5K+930" }, "geometry": { "type": "Point", "coordinates": [ 121.347400904961006, 24.978006132537899, 0.0 ] } },
{ "type": "Feature", "properties": { "Display": "5K+940", "River": "鶯歌溪排水右岸", "Name": "鶯歌溪排水右岸5K+940" }, "geometry": { "type": "Point", "coordinates": [ 121.347334671352996, 24.978073203002701, 0.0 ] } },
{ "type": "Feature", "properties": { "Display": "5K+950", "River": "鶯歌溪排水右岸", "Name": "鶯歌溪排水右岸5K+950" }, "geometry": { "type": "Point", "coordinates": [ 121.347279263006001, 24.978147964929899, 0.0 ] } },
{ "type": "Feature", "properties": { "Display": "5K+960", "River": "鶯歌溪排水右岸", "Name": "鶯歌溪排水右岸5K+960" }, "geometry": { "type": "Point", "coordinates": [ 121.347231382524001, 24.978226954154501, 0.0 ] } },
{ "type": "Feature", "properties": { "Display": "5K+970", "River": "鶯歌溪排水右岸", "Name": "鶯歌溪排水右岸5K+970" }, "geometry": { "type": "Point", "coordinates": [ 121.347205203037007, 24.978313634868702, 0.0 ] } },
{ "type": "Feature", "properties": { "Display": "5K+980", "River": "鶯歌溪排水右岸", "Name": "鶯歌溪排水右岸5K+980" }, "geometry": { "type": "Point", "coordinates": [ 121.347187624385995, 24.978402438122998, 0.0 ] } },
{ "type": "Feature", "properties": { "Display": "5K+990", "River": "鶯歌溪排水右岸", "Name": "鶯歌溪排水右岸5K+990" }, "geometry": { "type": "Point", "coordinates": [ 121.347177151729994, 24.978492212037199, 0.0 ] } },
{ "type": "Feature", "properties": { "Display": "6K+000", "River": "鶯歌溪排水右岸", "Name": "鶯歌溪排水右岸6K+000" }, "geometry": { "type": "Point", "coordinates": [ 121.347181571177998, 24.978581747514699, 0.0 ] } },
{ "type": "Feature", "properties": { "Display": "6K+010", "River": "鶯歌溪排水右岸", "Name": "鶯歌溪排水右岸6K+010" }, "geometry": { "type": "Point", "coordinates": [ 121.347208651371005, 24.978668245331701, 0.0 ] } },
{ "type": "Feature", "properties": { "Display": "6K+020", "River": "鶯歌溪排水右岸", "Name": "鶯歌溪排水右岸6K+020" }, "geometry": { "type": "Point", "coordinates": [ 121.347249015314006, 24.978750665447102, 0.0 ] } },
{ "type": "Feature", "properties": { "Display": "6K+030", "River": "鶯歌溪排水右岸", "Name": "鶯歌溪排水右岸6K+030" }, "geometry": { "type": "Point", "coordinates": [ 121.347298418299005, 24.978828851526998, 0.0 ] } },
{ "type": "Feature", "properties": { "Display": "6K+040", "River": "鶯歌溪排水右岸", "Name": "鶯歌溪排水右岸6K+040" }, "geometry": { "type": "Point", "coordinates": [ 121.347359113463, 24.9788997882461, 0.0 ] } },
{ "type": "Feature", "properties": { "Display": "6K+050", "River": "鶯歌溪排水右岸", "Name": "鶯歌溪排水右岸6K+050" }, "geometry": { "type": "Point", "coordinates": [ 121.347440439539994, 24.978951135068598, 0.0 ] } },
{ "type": "Feature", "properties": { "Display": "6K+060", "River": "鶯歌溪排水右岸", "Name": "鶯歌溪排水右岸6K+060" }, "geometry": { "type": "Point", "coordinates": [ 121.347524128833996, 24.978999417402999, 0.0 ] } },
{ "type": "Feature", "properties": { "Display": "6K+070", "River": "鶯歌溪排水右岸", "Name": "鶯歌溪排水右岸6K+070" }, "geometry": { "type": "Point", "coordinates": [ 121.347609207974003, 24.979045647880799, 0.0 ] } },
{ "type": "Feature", "properties": { "Display": "6K+080", "River": "鶯歌溪排水右岸", "Name": "鶯歌溪排水右岸6K+080" }, "geometry": { "type": "Point", "coordinates": [ 121.347693026792001, 24.979093682456298, 0.0 ] } },
{ "type": "Feature", "properties": { "Display": "6K+090", "River": "鶯歌溪排水右岸", "Name": "鶯歌溪排水右岸6K+090" }, "geometry": { "type": "Point", "coordinates": [ 121.347763322671, 24.979156732061099, 0.0 ] } },
{ "type": "Feature", "properties": { "Display": "6K+100", "River": "鶯歌溪排水右岸", "Name": "鶯歌溪排水右岸6K+100" }, "geometry": { "type": "Point", "coordinates": [ 121.347820877171998, 24.979230045511901, 0.0 ] } },
{ "type": "Feature", "properties": { "Display": "6K+110", "River": "鶯歌溪排水右岸", "Name": "鶯歌溪排水右岸6K+110" }, "geometry": { "type": "Point", "coordinates": [ 121.347878983235006, 24.979303137481502, 0.0 ] } },
{ "type": "Feature", "properties": { "Display": "6K+120", "River": "鶯歌溪排水右岸", "Name": "鶯歌溪排水右岸6K+120" }, "geometry": { "type": "Point", "coordinates": [ 121.347936747236005, 24.979376467075198, 0.0 ] } },
{ "type": "Feature", "properties": { "Display": "6K+130", "River": "鶯歌溪排水右岸", "Name": "鶯歌溪排水右岸6K+130" }, "geometry": { "type": "Point", "coordinates": [ 121.347995947003, 24.979448850456102, 0.0 ] } },
{ "type": "Feature", "properties": { "Display": "6K+140", "River": "鶯歌溪排水右岸", "Name": "鶯歌溪排水右岸6K+140" }, "geometry": { "type": "Point", "coordinates": [ 121.34805733604, 24.979519666831902, 0.0 ] } },
{ "type": "Feature", "properties": { "Display": "6K+150", "River": "鶯歌溪排水右岸", "Name": "鶯歌溪排水右岸6K+150" }, "geometry": { "type": "Point", "coordinates": [ 121.348122237135001, 24.979587834705299, 0.0 ] } },
{ "type": "Feature", "properties": { "Display": "6K+160", "River": "鶯歌溪排水右岸", "Name": "鶯歌溪排水右岸6K+160" }, "geometry": { "type": "Point", "coordinates": [ 121.348192941115997, 24.9796510552349, 0.0 ] } },
{ "type": "Feature", "properties": { "Display": "6K+170", "River": "鶯歌溪排水右岸", "Name": "鶯歌溪排水右岸6K+170" }, "geometry": { "type": "Point", "coordinates": [ 121.348272400658004, 24.9797040949768, 0.0 ] } },
{ "type": "Feature", "properties": { "Display": "6K+180", "River": "鶯歌溪排水右岸", "Name": "鶯歌溪排水右岸6K+180" }, "geometry": { "type": "Point", "coordinates": [ 121.348369650180004, 24.9797196210252, 0.0 ] } },
{ "type": "Feature", "properties": { "Display": "6K+190", "River": "鶯歌溪排水右岸", "Name": "鶯歌溪排水右岸6K+190" }, "geometry": { "type": "Point", "coordinates": [ 121.348468516680995, 24.979724696837501, 0.0 ] } },
{ "type": "Feature", "properties": { "Display": "6K+200", "River": "鶯歌溪排水右岸", "Name": "鶯歌溪排水右岸6K+200" }, "geometry": { "type": "Point", "coordinates": [ 121.34856725086, 24.979731842613401, 0.0 ] } },
{ "type": "Feature", "properties": { "Display": "6K+210", "River": "鶯歌溪排水右岸", "Name": "鶯歌溪排水右岸6K+210" }, "geometry": { "type": "Point", "coordinates": [ 121.348665053084005, 24.9797458245089, 0.0 ] } },
{ "type": "Feature", "properties": { "Display": "6K+220", "River": "鶯歌溪排水右岸", "Name": "鶯歌溪排水右岸6K+220" }, "geometry": { "type": "Point", "coordinates": [ 121.348760266501998, 24.979769757429299, 0.0 ] } },
{ "type": "Feature", "properties": { "Display": "6K+230", "River": "鶯歌溪排水右岸", "Name": "鶯歌溪排水右岸6K+230" }, "geometry": { "type": "Point", "coordinates": [ 121.348837848520006, 24.979824704376401, 0.0 ] } },
{ "type": "Feature", "properties": { "Display": "6K+240", "River": "鶯歌溪排水右岸", "Name": "鶯歌溪排水右岸6K+240" }, "geometry": { "type": "Point", "coordinates": [ 121.34888311828, 24.979903397291, 0.0 ] } },
{ "type": "Feature", "properties": { "Display": "6K+250", "River": "鶯歌溪排水右岸", "Name": "鶯歌溪排水右岸6K+250" }, "geometry": { "type": "Point", "coordinates": [ 121.348894105010004, 24.9799929454067, 0.0 ] } },
{ "type": "Feature", "properties": { "Display": "6K+260", "River": "鶯歌溪排水右岸", "Name": "鶯歌溪排水右岸6K+260" }, "geometry": { "type": "Point", "coordinates": [ 121.348898974687998, 24.9800831189193, 0.0 ] } },
{ "type": "Feature", "properties": { "Display": "6K+270", "River": "鶯歌溪排水右岸", "Name": "鶯歌溪排水右岸6K+270" }, "geometry": { "type": "Point", "coordinates": [ 121.348904386838001, 24.980173265282598, 0.0 ] } },
{ "type": "Feature", "properties": { "Display": "6K+280", "River": "鶯歌溪排水右岸", "Name": "鶯歌溪排水右岸6K+280" }, "geometry": { "type": "Point", "coordinates": [ 121.348910077772004, 24.980263397311401, 0.0 ] } },
{ "type": "Feature", "properties": { "Display": "6K+290", "River": "鶯歌溪排水右岸", "Name": "鶯歌溪排水右岸6K+290" }, "geometry": { "type": "Point", "coordinates": [ 121.348914672088995, 24.980353582825199, 0.0 ] } },
{ "type": "Feature", "properties": { "Display": "6K+300", "River": "鶯歌溪排水右岸", "Name": "鶯歌溪排水右岸6K+300" }, "geometry": { "type": "Point", "coordinates": [ 121.348875544102995, 24.980432745705102, 0.0 ] } },
{ "type": "Feature", "properties": { "Display": "6K+310", "River": "鶯歌溪排水右岸", "Name": "鶯歌溪排水右岸6K+310" }, "geometry": { "type": "Point", "coordinates": [ 121.348794073242004, 24.9804840735098, 0.0 ] } },
{ "type": "Feature", "properties": { "Display": "6K+320", "River": "鶯歌溪排水右岸", "Name": "鶯歌溪排水右岸6K+320" }, "geometry": { "type": "Point", "coordinates": [ 121.348713544480006, 24.9805366383642, 0.0 ] } },
{ "type": "Feature", "properties": { "Display": "6K+330", "River": "鶯歌溪排水右岸", "Name": "鶯歌溪排水右岸6K+330" }, "geometry": { "type": "Point", "coordinates": [ 121.348636041294, 24.9805928275279, 0.0 ] } },
{ "type": "Feature", "properties": { "Display": "6K+340", "River": "鶯歌溪排水右岸", "Name": "鶯歌溪排水右岸6K+340" }, "geometry": { "type": "Point", "coordinates": [ 121.348566543375995, 24.980656899945199, 0.0 ] } },
{ "type": "Feature", "properties": { "Display": "6K+350", "River": "鶯歌溪排水右岸", "Name": "鶯歌溪排水右岸6K+350" }, "geometry": { "type": "Point", "coordinates": [ 121.348526849945003, 24.980738189632699, 0.0 ] } },
{ "type": "Feature", "properties": { "Display": "6K+360", "River": "鶯歌溪排水右岸", "Name": "鶯歌溪排水右岸6K+360" }, "geometry": { "type": "Point", "coordinates": [ 121.348534877673004, 24.980827536804998, 0.0 ] } },
{ "type": "Feature", "properties": { "Display": "6K+370", "River": "鶯歌溪排水右岸", "Name": "鶯歌溪排水右岸6K+370" }, "geometry": { "type": "Point", "coordinates": [ 121.348572604989997, 24.980910852194899, 0.0 ] } },
{ "type": "Feature", "properties": { "Display": "6K+380", "River": "鶯歌溪排水右岸", "Name": "鶯歌溪排水右岸6K+380" }, "geometry": { "type": "Point", "coordinates": [ 121.348629732682994, 24.9809843436554, 0.0 ] } },
{ "type": "Feature", "properties": { "Display": "6K+390", "River": "鶯歌溪排水右岸", "Name": "鶯歌溪排水右岸6K+390" }, "geometry": { "type": "Point", "coordinates": [ 121.348697558116001, 24.981050083109899, 0.0 ] } },
{ "type": "Feature", "properties": { "Display": "6K+400", "River": "鶯歌溪排水右岸", "Name": "鶯歌溪排水右岸6K+400" }, "geometry": { "type": "Point", "coordinates": [ 121.348770830678006, 24.9811108046984, 0.0 ] } },
{ "type": "Feature", "properties": { "Display": "6K+410", "River": "鶯歌溪排水右岸", "Name": "鶯歌溪排水右岸6K+410" }, "geometry": { "type": "Point", "coordinates": [ 121.34884695673, 24.9811685545939, 0.0 ] } },
{ "type": "Feature", "properties": { "Display": "6K+420", "River": "鶯歌溪排水右岸", "Name": "鶯歌溪排水右岸6K+420" }, "geometry": { "type": "Point", "coordinates": [ 121.348924878725001, 24.981224289229601, 0.0 ] } },
{ "type": "Feature", "properties": { "Display": "6K+430", "River": "鶯歌溪排水右岸", "Name": "鶯歌溪排水右岸6K+430" }, "geometry": { "type": "Point", "coordinates": [ 121.349003703818994, 24.9812789597968, 0.0 ] } },
{ "type": "Feature", "properties": { "Display": "6K+440", "River": "鶯歌溪排水右岸", "Name": "鶯歌溪排水右岸6K+440" }, "geometry": { "type": "Point", "coordinates": [ 121.349082879077997, 24.981333210075199, 0.0 ] } },
{ "type": "Feature", "properties": { "Display": "6K+450", "River": "鶯歌溪排水右岸", "Name": "鶯歌溪排水右岸6K+450" }, "geometry": { "type": "Point", "coordinates": [ 121.349162309999002, 24.981387148497902, 0.0 ] } },
{ "type": "Feature", "properties": { "Display": "6K+460", "River": "鶯歌溪排水右岸", "Name": "鶯歌溪排水右岸6K+460" }, "geometry": { "type": "Point", "coordinates": [ 121.349242205658001, 24.9814405114351, 0.0 ] } },
{ "type": "Feature", "properties": { "Display": "6K+470", "River": "鶯歌溪排水右岸", "Name": "鶯歌溪排水右岸6K+470" }, "geometry": { "type": "Point", "coordinates": [ 121.349324082278002, 24.981491271040401, 0.0 ] } },
{ "type": "Feature", "properties": { "Display": "6K+480", "River": "鶯歌溪排水右岸", "Name": "鶯歌溪排水右岸6K+480" }, "geometry": { "type": "Point", "coordinates": [ 121.349415762663995, 24.981524862815998, 0.0 ] } },
{ "type": "Feature", "properties": { "Display": "6K+490", "River": "鶯歌溪排水右岸", "Name": "鶯歌溪排水右岸6K+490" }, "geometry": { "type": "Point", "coordinates": [ 121.349500944229007, 24.9815699962429, 0.0 ] } },
{ "type": "Feature", "properties": { "Display": "6K+500", "River": "鶯歌溪排水右岸", "Name": "鶯歌溪排水右岸6K+500" }, "geometry": { "type": "Point", "coordinates": [ 121.349586235987999, 24.981615878665099, 0.0 ] } },
{ "type": "Feature", "properties": { "Display": "6K+510", "River": "鶯歌溪排水右岸", "Name": "鶯歌溪排水右岸6K+510" }, "geometry": { "type": "Point", "coordinates": [ 121.349669512107994, 24.981664589388799, 0.0 ] } },
{ "type": "Feature", "properties": { "Display": "6K+520", "River": "鶯歌溪排水右岸", "Name": "鶯歌溪排水右岸6K+520" }, "geometry": { "type": "Point", "coordinates": [ 121.349749854145003, 24.9817173172239, 0.0 ] } },
{ "type": "Feature", "properties": { "Display": "6K+530", "River": "鶯歌溪排水右岸", "Name": "鶯歌溪排水右岸6K+530" }, "geometry": { "type": "Point", "coordinates": [ 121.349820483852, 24.981780548131699, 0.0 ] } },
{ "type": "Feature", "properties": { "Display": "6K+540", "River": "鶯歌溪排水右岸", "Name": "鶯歌溪排水右岸6K+540" }, "geometry": { "type": "Point", "coordinates": [ 121.349893336533, 24.981841668188199, 0.0 ] } },
{ "type": "Feature", "properties": { "Display": "6K+550", "River": "鶯歌溪排水右岸", "Name": "鶯歌溪排水右岸6K+550" }, "geometry": { "type": "Point", "coordinates": [ 121.349973316054999, 24.9818949157616, 0.0 ] } },
{ "type": "Feature", "properties": { "Display": "6K+560", "River": "鶯歌溪排水右岸", "Name": "鶯歌溪排水右岸6K+560" }, "geometry": { "type": "Point", "coordinates": [ 121.350060952614996, 24.981934514221301, 0.0 ] } },
{ "type": "Feature", "properties": { "Display": "6K+570", "River": "鶯歌溪排水右岸", "Name": "鶯歌溪排水右岸6K+570" }, "geometry": { "type": "Point", "coordinates": [ 121.350145396393003, 24.981980699364598, 0.0 ] } },
{ "type": "Feature", "properties": { "Display": "6K+580", "River": "鶯歌溪排水右岸", "Name": "鶯歌溪排水右岸6K+580" }, "geometry": { "type": "Point", "coordinates": [ 121.350217465743995, 24.982042220228301, 0.0 ] } },
{ "type": "Feature", "properties": { "Display": "6K+590", "River": "鶯歌溪排水右岸", "Name": "鶯歌溪排水右岸6K+590" }, "geometry": { "type": "Point", "coordinates": [ 121.350297707169005, 24.9820947347479, 0.0 ] } },
{ "type": "Feature", "properties": { "Display": "6K+600", "River": "鶯歌溪排水右岸", "Name": "鶯歌溪排水右岸6K+600" }, "geometry": { "type": "Point", "coordinates": [ 121.350385151297999, 24.982137117669598, 0.0 ] } },
{ "type": "Feature", "properties": { "Display": "6K+610", "River": "鶯歌溪排水右岸", "Name": "鶯歌溪排水右岸6K+610" }, "geometry": { "type": "Point", "coordinates": [ 121.350459810543995, 24.982195439224299, 0.0 ] } },
{ "type": "Feature", "properties": { "Display": "6K+620", "River": "鶯歌溪排水右岸", "Name": "鶯歌溪排水右岸6K+620" }, "geometry": { "type": "Point", "coordinates": [ 121.350513673479, 24.982270770164899, 0.0 ] } },
{ "type": "Feature", "properties": { "Display": "6K+630", "River": "鶯歌溪排水右岸", "Name": "鶯歌溪排水右岸6K+630" }, "geometry": { "type": "Point", "coordinates": [ 121.350562448944999, 24.982349341154599, 0.0 ] } },
{ "type": "Feature", "properties": { "Display": "6K+640", "River": "鶯歌溪排水右岸", "Name": "鶯歌溪排水右岸6K+640" }, "geometry": { "type": "Point", "coordinates": [ 121.350604148317004, 24.9824310983103, 0.0 ] } },
{ "type": "Feature", "properties": { "Display": "6K+650", "River": "鶯歌溪排水右岸", "Name": "鶯歌溪排水右岸6K+650" }, "geometry": { "type": "Point", "coordinates": [ 121.350645286764006, 24.9825131985023, 0.0 ] } },
{ "type": "Feature", "properties": { "Display": "6K+660", "River": "鶯歌溪排水右岸", "Name": "鶯歌溪排水右岸6K+660" }, "geometry": { "type": "Point", "coordinates": [ 121.350682130162994, 24.982596927663799, 0.0 ] } },
{ "type": "Feature", "properties": { "Display": "6K+670", "River": "鶯歌溪排水右岸", "Name": "鶯歌溪排水右岸6K+670" }, "geometry": { "type": "Point", "coordinates": [ 121.350709913266996, 24.982683579004501, 0.0 ] } },
{ "type": "Feature", "properties": { "Display": "6K+680", "River": "鶯歌溪排水右岸", "Name": "鶯歌溪排水右岸6K+680" }, "geometry": { "type": "Point", "coordinates": [ 121.350712830370995, 24.982773369394401, 0.0 ] } },
{ "type": "Feature", "properties": { "Display": "6K+690", "River": "鶯歌溪排水右岸", "Name": "鶯歌溪排水右岸6K+690" }, "geometry": { "type": "Point", "coordinates": [ 121.350678098366004, 24.982857127635999, 0.0 ] } },
{ "type": "Feature", "properties": { "Display": "6K+700", "River": "鶯歌溪排水右岸", "Name": "鶯歌溪排水右岸6K+700" }, "geometry": { "type": "Point", "coordinates": [ 121.350626154991005, 24.982933784077499, 0.0 ] } },
{ "type": "Feature", "properties": { "Display": "6K+710", "River": "鶯歌溪排水右岸", "Name": "鶯歌溪排水右岸6K+710" }, "geometry": { "type": "Point", "coordinates": [ 121.350609735573997, 24.983021683317101, 0.0 ] } },
{ "type": "Feature", "properties": { "Display": "6K+720", "River": "鶯歌溪排水右岸", "Name": "鶯歌溪排水右岸6K+720" }, "geometry": { "type": "Point", "coordinates": [ 121.350636919430002, 24.983106808897201, 0.0 ] } },
{ "type": "Feature", "properties": { "Display": "6K+730", "River": "鶯歌溪排水右岸", "Name": "鶯歌溪排水右岸6K+730" }, "geometry": { "type": "Point", "coordinates": [ 121.350710183634007, 24.9831653156028, 0.0 ] } },
{ "type": "Feature", "properties": { "Display": "6K+740", "River": "鶯歌溪排水右岸", "Name": "鶯歌溪排水右岸6K+740" }, "geometry": { "type": "Point", "coordinates": [ 121.350807981684, 24.983178150577299, 0.0 ] } },
{ "type": "Feature", "properties": { "Display": "6K+750", "River": "鶯歌溪排水右岸", "Name": "鶯歌溪排水右岸6K+750" }, "geometry": { "type": "Point", "coordinates": [ 121.350906853911994, 24.9831743520411, 0.0 ] } },
{ "type": "Feature", "properties": { "Display": "6K+760", "River": "鶯歌溪排水右岸", "Name": "鶯歌溪排水右岸6K+760" }, "geometry": { "type": "Point", "coordinates": [ 121.351003079384, 24.983153706961499, 0.0 ] } },
{ "type": "Feature", "properties": { "Display": "6K+770", "River": "鶯歌溪排水右岸", "Name": "鶯歌溪排水右岸6K+770" }, "geometry": { "type": "Point", "coordinates": [ 121.351096023546006, 24.9831226336496, 0.0 ] } },
{ "type": "Feature", "properties": { "Display": "6K+780", "River": "鶯歌溪排水右岸", "Name": "鶯歌溪排水右岸6K+780" }, "geometry": { "type": "Point", "coordinates": [ 121.351187232431002, 24.983087420922999, 0.0 ] } },
{ "type": "Feature", "properties": { "Display": "6K+790", "River": "鶯歌溪排水右岸", "Name": "鶯歌溪排水右岸6K+790" }, "geometry": { "type": "Point", "coordinates": [ 121.351278493140995, 24.983052321339699, 0.0 ] } },
{ "type": "Feature", "properties": { "Display": "6K+800", "River": "鶯歌溪排水右岸", "Name": "鶯歌溪排水右岸6K+800" }, "geometry": { "type": "Point", "coordinates": [ 121.351370865356998, 24.983019770557501, 0.0 ] } },
{ "type": "Feature", "properties": { "Display": "6K+810", "River": "鶯歌溪排水右岸", "Name": "鶯歌溪排水右岸6K+810" }, "geometry": { "type": "Point", "coordinates": [ 121.351464332191, 24.982989883291001, 0.0 ] } },
{ "type": "Feature", "properties": { "Display": "6K+820", "River": "鶯歌溪排水右岸", "Name": "鶯歌溪排水右岸6K+820" }, "geometry": { "type": "Point", "coordinates": [ 121.351558361461997, 24.9829615165199, 0.0 ] } },
{ "type": "Feature", "properties": { "Display": "6K+830", "River": "鶯歌溪排水右岸", "Name": "鶯歌溪排水右岸6K+830" }, "geometry": { "type": "Point", "coordinates": [ 121.351653066647998, 24.982935067233399, 0.0 ] } },
{ "type": "Feature", "properties": { "Display": "6K+840", "River": "鶯歌溪排水右岸", "Name": "鶯歌溪排水右岸6K+840" }, "geometry": { "type": "Point", "coordinates": [ 121.351748330310002, 24.982910337273001, 0.0 ] } },
{ "type": "Feature", "properties": { "Display": "6K+850", "River": "鶯歌溪排水右岸", "Name": "鶯歌溪排水右岸6K+850" }, "geometry": { "type": "Point", "coordinates": [ 121.351843932207004, 24.9828867178046, 0.0 ] } },
{ "type": "Feature", "properties": { "Display": "6K+860", "River": "鶯歌溪排水右岸", "Name": "鶯歌溪排水右岸6K+860" }, "geometry": { "type": "Point", "coordinates": [ 121.351939783193998, 24.982863956334199, 0.0 ] } },
{ "type": "Feature", "properties": { "Display": "6K+870", "River": "鶯歌溪排水右岸", "Name": "鶯歌溪排水右岸6K+870" }, "geometry": { "type": "Point", "coordinates": [ 121.352035971790997, 24.982842408448001, 0.0 ] } },
{ "type": "Feature", "properties": { "Display": "6K+880", "River": "鶯歌溪排水右岸", "Name": "鶯歌溪排水右岸6K+880" }, "geometry": { "type": "Point", "coordinates": [ 121.352132453718994, 24.982821974854598, 0.0 ] } },
{ "type": "Feature", "properties": { "Display": "6K+890", "River": "鶯歌溪排水右岸", "Name": "鶯歌溪排水右岸6K+890" }, "geometry": { "type": "Point", "coordinates": [ 121.352229146707998, 24.982802391606299, 0.0 ] } },
{ "type": "Feature", "properties": { "Display": "6K+900", "River": "鶯歌溪排水右岸", "Name": "鶯歌溪排水右岸6K+900" }, "geometry": { "type": "Point", "coordinates": [ 121.352326237309001, 24.9827845076979, 0.0 ] } },
{ "type": "Feature", "properties": { "Display": "6K+910", "River": "鶯歌溪排水右岸", "Name": "鶯歌溪排水右岸6K+910" }, "geometry": { "type": "Point", "coordinates": [ 121.352423618917996, 24.982768023113799, 0.0 ] } },
{ "type": "Feature", "properties": { "Display": "6K+920", "River": "鶯歌溪排水右岸", "Name": "鶯歌溪排水右岸6K+920" }, "geometry": { "type": "Point", "coordinates": [ 121.352521289457002, 24.9827774259278, 0.0 ] } },
{ "type": "Feature", "properties": { "Display": "6K+930", "River": "鶯歌溪排水右岸", "Name": "鶯歌溪排水右岸6K+930" }, "geometry": { "type": "Point", "coordinates": [ 121.352568401783998, 24.982854429782101, 0.0 ] } },
{ "type": "Feature", "properties": { "Display": "6K+940", "River": "鶯歌溪排水右岸", "Name": "鶯歌溪排水右岸6K+940" }, "geometry": { "type": "Point", "coordinates": [ 121.352521838648002, 24.982928874651201, 0.0 ] } },
{ "type": "Feature", "properties": { "Display": "6K+950", "River": "鶯歌溪排水右岸", "Name": "鶯歌溪排水右岸6K+950" }, "geometry": { "type": "Point", "coordinates": [ 121.352433472295999, 24.982969276269898, 0.0 ] } },
{ "type": "Feature", "properties": { "Display": "6K+960", "River": "鶯歌溪排水右岸", "Name": "鶯歌溪排水右岸6K+960" }, "geometry": { "type": "Point", "coordinates": [ 121.352352527210002, 24.983020899173201, 0.0 ] } },
{ "type": "Feature", "properties": { "Display": "6K+970", "River": "鶯歌溪排水右岸", "Name": "鶯歌溪排水右岸6K+970" }, "geometry": { "type": "Point", "coordinates": [ 121.352278682570997, 24.9830810509422, 0.0 ] } },
{ "type": "Feature", "properties": { "Display": "6K+980", "River": "鶯歌溪排水右岸", "Name": "鶯歌溪排水右岸6K+980" }, "geometry": { "type": "Point", "coordinates": [ 121.352203784577, 24.9831400770111, 0.0 ] } },
{ "type": "Feature", "properties": { "Display": "6K+990", "River": "鶯歌溪排水右岸", "Name": "鶯歌溪排水右岸6K+990" }, "geometry": { "type": "Point", "coordinates": [ 121.352131008220994, 24.9832009269706, 0.0 ] } },
{ "type": "Feature", "properties": { "Display": "7K+000", "River": "鶯歌溪排水右岸", "Name": "鶯歌溪排水右岸7K+000" }, "geometry": { "type": "Point", "coordinates": [ 121.352077138184001, 24.983275655553101, 0.0 ] } },
{ "type": "Feature", "properties": { "Display": "7K+010", "River": "鶯歌溪排水右岸", "Name": "鶯歌溪排水右岸7K+010" }, "geometry": { "type": "Point", "coordinates": [ 121.352073144052994, 24.983364518804201, 0.0 ] } },
{ "type": "Feature", "properties": { "Display": "7K+020", "River": "鶯歌溪排水右岸", "Name": "鶯歌溪排水右岸7K+020" }, "geometry": { "type": "Point", "coordinates": [ 121.352127220759996, 24.983438739604701, 0.0 ] } },
{ "type": "Feature", "properties": { "Display": "7K+030", "River": "鶯歌溪排水右岸", "Name": "鶯歌溪排水右岸7K+030" }, "geometry": { "type": "Point", "coordinates": [ 121.352214138541996, 24.983480496917402, 0.0 ] } },
{ "type": "Feature", "properties": { "Display": "7K+040", "River": "鶯歌溪排水右岸", "Name": "鶯歌溪排水右岸7K+040" }, "geometry": { "type": "Point", "coordinates": [ 121.352309922051006, 24.983503023952998, 0.0 ] } },
{ "type": "Feature", "properties": { "Display": "7K+050", "River": "鶯歌溪排水右岸", "Name": "鶯歌溪排水右岸7K+050" }, "geometry": { "type": "Point", "coordinates": [ 121.352408254357002, 24.983513452249401, 0.0 ] } },
{ "type": "Feature", "properties": { "Display": "7K+060", "River": "鶯歌溪排水右岸", "Name": "鶯歌溪排水右岸7K+060" }, "geometry": { "type": "Point", "coordinates": [ 121.352507058141995, 24.983519865298899, 0.0 ] } },
{ "type": "Feature", "properties": { "Display": "7K+070", "River": "鶯歌溪排水右岸", "Name": "鶯歌溪排水右岸7K+070" }, "geometry": { "type": "Point", "coordinates": [ 121.352605536845999, 24.983529306913098, 0.0 ] } },
{ "type": "Feature", "properties": { "Display": "7K+080", "River": "鶯歌溪排水右岸", "Name": "鶯歌溪排水右岸7K+080" }, "geometry": { "type": "Point", "coordinates": [ 121.352660731884001, 24.983586255754801, 0.0 ] } },
{ "type": "Feature", "properties": { "Display": "7K+090", "River": "鶯歌溪排水右岸", "Name": "鶯歌溪排水右岸7K+090" }, "geometry": { "type": "Point", "coordinates": [ 121.352626866502007, 24.983671030286899, 0.0 ] } },
{ "type": "Feature", "properties": { "Display": "7K+100", "River": "鶯歌溪排水右岸", "Name": "鶯歌溪排水右岸7K+100" }, "geometry": { "type": "Point", "coordinates": [ 121.352585974586006, 24.983753237046699, 0.0 ] } },
{ "type": "Feature", "properties": { "Display": "7K+110", "River": "鶯歌溪排水右岸", "Name": "鶯歌溪排水右岸7K+110" }, "geometry": { "type": "Point", "coordinates": [ 121.352540258024007, 24.9838330826015, 0.0 ] } },
{ "type": "Feature", "properties": { "Display": "7K+120", "River": "鶯歌溪排水右岸", "Name": "鶯歌溪排水右岸7K+120" }, "geometry": { "type": "Point", "coordinates": [ 121.352477294568999, 24.983902729594298, 0.0 ] } },
{ "type": "Feature", "properties": { "Display": "7K+130", "River": "鶯歌溪排水右岸", "Name": "鶯歌溪排水右岸7K+130" }, "geometry": { "type": "Point", "coordinates": [ 121.352430792202995, 24.9839813811863, 0.0 ] } },
{ "type": "Feature", "properties": { "Display": "7K+140", "River": "鶯歌溪排水右岸", "Name": "鶯歌溪排水右岸7K+140" }, "geometry": { "type": "Point", "coordinates": [ 121.352421748379996, 24.984069507934802, 0.0 ] } },
{ "type": "Feature", "properties": { "Display": "7K+150", "River": "鶯歌溪排水右岸", "Name": "鶯歌溪排水右岸7K+150" }, "geometry": { "type": "Point", "coordinates": [ 121.352486158370994, 24.984135164168599, 0.0 ] } },
{ "type": "Feature", "properties": { "Display": "7K+160", "River": "鶯歌溪排水右岸", "Name": "鶯歌溪排水右岸7K+160" }, "geometry": { "type": "Point", "coordinates": [ 121.352571065427, 24.984181489840498, 0.0 ] } },
{ "type": "Feature", "properties": { "Display": "7K+170", "River": "鶯歌溪排水右岸", "Name": "鶯歌溪排水右岸7K+170" }, "geometry": { "type": "Point", "coordinates": [ 121.352653000269001, 24.984232214117601, 0.0 ] } },
{ "type": "Feature", "properties": { "Display": "7K+180", "River": "鶯歌溪排水右岸", "Name": "鶯歌溪排水右岸7K+180" }, "geometry": { "type": "Point", "coordinates": [ 121.352740164376996, 24.984274774724099, 0.0 ] } },
{ "type": "Feature", "properties": { "Display": "7K+190", "River": "鶯歌溪排水右岸", "Name": "鶯歌溪排水右岸7K+190" }, "geometry": { "type": "Point", "coordinates": [ 121.352821096712006, 24.984322606387298, 0.0 ] } },
{ "type": "Feature", "properties": { "Display": "7K+200", "River": "鶯歌溪排水右岸", "Name": "鶯歌溪排水右岸7K+200" }, "geometry": { "type": "Point", "coordinates": [ 121.352848750050001, 24.984407892603102, 0.0 ] } },
{ "type": "Feature", "properties": { "Display": "7K+210", "River": "鶯歌溪排水右岸", "Name": "鶯歌溪排水右岸7K+210" }, "geometry": { "type": "Point", "coordinates": [ 121.352812217839002, 24.9844895042106, 0.0 ] } },
{ "type": "Feature", "properties": { "Display": "7K+220", "River": "鶯歌溪排水右岸", "Name": "鶯歌溪排水右岸7K+220" }, "geometry": { "type": "Point", "coordinates": [ 121.352755124672996, 24.984563244112199, 0.0 ] } },
{ "type": "Feature", "properties": { "Display": "7K+230", "River": "鶯歌溪排水右岸", "Name": "鶯歌溪排水右岸7K+230" }, "geometry": { "type": "Point", "coordinates": [ 121.352701865743995, 24.984639364534701, 0.0 ] } },
{ "type": "Feature", "properties": { "Display": "7K+240", "River": "鶯歌溪排水右岸", "Name": "鶯歌溪排水右岸7K+240" }, "geometry": { "type": "Point", "coordinates": [ 121.352649064234996, 24.984715614819699, 0.0 ] } },
{ "type": "Feature", "properties": { "Display": "7K+250", "River": "鶯歌溪排水右岸", "Name": "鶯歌溪排水右岸7K+250" }, "geometry": { "type": "Point", "coordinates": [ 121.352631834232, 24.984804014168201, 0.0 ] } },
{ "type": "Feature", "properties": { "Display": "7K+260", "River": "鶯歌溪排水右岸", "Name": "鶯歌溪排水右岸7K+260" }, "geometry": { "type": "Point", "coordinates": [ 121.352628954569994, 24.984894232036901, 0.0 ] } },
{ "type": "Feature", "properties": { "Display": "7K+270", "River": "鶯歌溪排水右岸", "Name": "鶯歌溪排水右岸7K+270" }, "geometry": { "type": "Point", "coordinates": [ 121.352622219761002, 24.984984178400701, 0.0 ] } },
{ "type": "Feature", "properties": { "Display": "7K+280", "River": "鶯歌溪排水右岸", "Name": "鶯歌溪排水右岸7K+280" }, "geometry": { "type": "Point", "coordinates": [ 121.352596748615994, 24.985071045372401, 0.0 ] } },
{ "type": "Feature", "properties": { "Display": "7K+290", "River": "鶯歌溪排水右岸", "Name": "鶯歌溪排水右岸7K+290" }, "geometry": { "type": "Point", "coordinates": [ 121.352554413361005, 24.985152609035801, 0.0 ] } },
{ "type": "Feature", "properties": { "Display": "7K+300", "River": "鶯歌溪排水右岸", "Name": "鶯歌溪排水右岸7K+300" }, "geometry": { "type": "Point", "coordinates": [ 121.352501898021004, 24.985228841067901, 0.0 ] } },
{ "type": "Feature", "properties": { "Display": "7K+310", "River": "鶯歌溪排水右岸", "Name": "鶯歌溪排水右岸7K+310" }, "geometry": { "type": "Point", "coordinates": [ 121.352439300106994, 24.985298774637201, 0.0 ] } },
{ "type": "Feature", "properties": { "Display": "7K+320", "River": "鶯歌溪排水右岸", "Name": "鶯歌溪排水右岸7K+320" }, "geometry": { "type": "Point", "coordinates": [ 121.352369498480996, 24.9853625995644, 0.0 ] } },
{ "type": "Feature", "properties": { "Display": "7K+330", "River": "鶯歌溪排水右岸", "Name": "鶯歌溪排水右岸7K+330" }, "geometry": { "type": "Point", "coordinates": [ 121.352304459039004, 24.985429468221099, 0.0 ] } },
{ "type": "Feature", "properties": { "Display": "7K+340", "River": "鶯歌溪排水右岸", "Name": "鶯歌溪排水右岸7K+340" }, "geometry": { "type": "Point", "coordinates": [ 121.352286230809, 24.9855159401957, 0.0 ] } },
{ "type": "Feature", "properties": { "Display": "7K+350", "River": "鶯歌溪排水右岸", "Name": "鶯歌溪排水右岸7K+350" }, "geometry": { "type": "Point", "coordinates": [ 121.352328099172993, 24.9855975366876, 0.0 ] } },
{ "type": "Feature", "properties": { "Display": "7K+360", "River": "鶯歌溪排水右岸", "Name": "鶯歌溪排水右岸7K+360" }, "geometry": { "type": "Point", "coordinates": [ 121.352393202222004, 24.985664513141501, 0.0 ] } },
{ "type": "Feature", "properties": { "Display": "7K+370", "River": "鶯歌溪排水右岸", "Name": "鶯歌溪排水右岸7K+370" }, "geometry": { "type": "Point", "coordinates": [ 121.352470447551994, 24.985720995693399, 0.0 ] } },
{ "type": "Feature", "properties": { "Display": "7K+380", "River": "鶯歌溪排水右岸", "Name": "鶯歌溪排水右岸7K+380" }, "geometry": { "type": "Point", "coordinates": [ 121.352555878079997, 24.9857663597464, 0.0 ] } },
{ "type": "Feature", "properties": { "Display": "7K+390", "River": "鶯歌溪排水右岸", "Name": "鶯歌溪排水右岸7K+390" }, "geometry": { "type": "Point", "coordinates": [ 121.352647066369997, 24.985800851008001, 0.0 ] } },
{ "type": "Feature", "properties": { "Display": "7K+400", "River": "鶯歌溪排水右岸", "Name": "鶯歌溪排水右岸7K+400" }, "geometry": { "type": "Point", "coordinates": [ 121.352743917669002, 24.985817023944801, 0.0 ] } },
{ "type": "Feature", "properties": { "Display": "7K+410", "River": "鶯歌溪排水右岸", "Name": "鶯歌溪排水右岸7K+410" }, "geometry": { "type": "Point", "coordinates": [ 121.352842624226994, 24.985824598983601, 0.0 ] } },
{ "type": "Feature", "properties": { "Display": "7K+420", "River": "鶯歌溪排水右岸", "Name": "鶯歌溪排水右岸7K+420" }, "geometry": { "type": "Point", "coordinates": [ 121.352941276216001, 24.985832640684201, 0.0 ] } },
{ "type": "Feature", "properties": { "Display": "7K+430", "River": "鶯歌溪排水右岸", "Name": "鶯歌溪排水右岸7K+430" }, "geometry": { "type": "Point", "coordinates": [ 121.353040226681003, 24.985835411822901, 0.0 ] } },
{ "type": "Feature", "properties": { "Display": "7K+440", "River": "鶯歌溪排水右岸", "Name": "鶯歌溪排水右岸7K+440" }, "geometry": { "type": "Point", "coordinates": [ 121.353138578566998, 24.985825125502501, 0.0 ] } },
{ "type": "Feature", "properties": { "Display": "7K+450", "River": "鶯歌溪排水右岸", "Name": "鶯歌溪排水右岸7K+450" }, "geometry": { "type": "Point", "coordinates": [ 121.353236698399996, 24.985812745256201, 0.0 ] } },
{ "type": "Feature", "properties": { "Display": "7K+460", "River": "鶯歌溪排水右岸", "Name": "鶯歌溪排水右岸7K+460" }, "geometry": { "type": "Point", "coordinates": [ 121.353334907573995, 24.985801230811401, 0.0 ] } },
{ "type": "Feature", "properties": { "Display": "7K+470", "River": "鶯歌溪排水右岸", "Name": "鶯歌溪排水右岸7K+470" }, "geometry": { "type": "Point", "coordinates": [ 121.353411977543999, 24.985841196429298, 0.0 ] } },
{ "type": "Feature", "properties": { "Display": "7K+480", "River": "鶯歌溪排水右岸", "Name": "鶯歌溪排水右岸7K+480" }, "geometry": { "type": "Point", "coordinates": [ 121.353419668309996, 24.985931192371901, 0.0 ] } },
{ "type": "Feature", "properties": { "Display": "7K+490", "River": "鶯歌溪排水右岸", "Name": "鶯歌溪排水右岸7K+490" }, "geometry": { "type": "Point", "coordinates": [ 121.353434052786994, 24.986019815519899, 0.0 ] } },
{ "type": "Feature", "properties": { "Display": "7K+500", "River": "鶯歌溪排水右岸", "Name": "鶯歌溪排水右岸7K+500" }, "geometry": { "type": "Point", "coordinates": [ 121.353478512657006, 24.986100493327001, 0.0 ] } },
{ "type": "Feature", "properties": { "Display": "7K+510", "River": "鶯歌溪排水右岸", "Name": "鶯歌溪排水右岸7K+510" }, "geometry": { "type": "Point", "coordinates": [ 121.353528405901997, 24.986178147483301, 0.0 ] } },
{ "type": "Feature", "properties": { "Display": "7K+520", "River": "鶯歌溪排水右岸", "Name": "鶯歌溪排水右岸7K+520" }, "geometry": { "type": "Point", "coordinates": [ 121.353591180856995, 24.986247507411701, 0.0 ] } },
{ "type": "Feature", "properties": { "Display": "7K+530", "River": "鶯歌溪排水右岸", "Name": "鶯歌溪排水右岸7K+530" }, "geometry": { "type": "Point", "coordinates": [ 121.353668853619993, 24.986303536580799, 0.0 ] } },
{ "type": "Feature", "properties": { "Display": "7K+540", "River": "鶯歌溪排水右岸", "Name": "鶯歌溪排水右岸7K+540" }, "geometry": { "type": "Point", "coordinates": [ 121.353746529334003, 24.986359562475698, 0.0 ] } },
{ "type": "Feature", "properties": { "Display": "7K+550", "River": "鶯歌溪排水右岸", "Name": "鶯歌溪排水右岸7K+550" }, "geometry": { "type": "Point", "coordinates": [ 121.353821776017, 24.986418230746899, 0.0 ] } },
{ "type": "Feature", "properties": { "Display": "7K+560", "River": "鶯歌溪排水右岸", "Name": "鶯歌溪排水右岸7K+560" }, "geometry": { "type": "Point", "coordinates": [ 121.353895732184, 24.9864782908828, 0.0 ] } },
{ "type": "Feature", "properties": { "Display": "7K+570", "River": "鶯歌溪排水右岸", "Name": "鶯歌溪排水右岸7K+570" }, "geometry": { "type": "Point", "coordinates": [ 121.353968929955997, 24.9865391180677, 0.0 ] } },
{ "type": "Feature", "properties": { "Display": "7K+580", "River": "鶯歌溪排水右岸", "Name": "鶯歌溪排水右岸7K+580" }, "geometry": { "type": "Point", "coordinates": [ 121.354045041583007, 24.9865968332447, 0.0 ] } },
{ "type": "Feature", "properties": { "Display": "7K+590", "River": "鶯歌溪排水右岸", "Name": "鶯歌溪排水右岸7K+590" }, "geometry": { "type": "Point", "coordinates": [ 121.354130477336994, 24.986642213487901, 0.0 ] } },
{ "type": "Feature", "properties": { "Display": "7K+600", "River": "鶯歌溪排水右岸", "Name": "鶯歌溪排水右岸7K+600" }, "geometry": { "type": "Point", "coordinates": [ 121.354222159046998, 24.9866760024203, 0.0 ] } },
{ "type": "Feature", "properties": { "Display": "7K+610", "River": "鶯歌溪排水右岸", "Name": "鶯歌溪排水右岸7K+610" }, "geometry": { "type": "Point", "coordinates": [ 121.354317138455997, 24.986701469943799, 0.0 ] } },
{ "type": "Feature", "properties": { "Display": "7K+620", "River": "鶯歌溪排水右岸", "Name": "鶯歌溪排水右岸7K+620" }, "geometry": { "type": "Point", "coordinates": [ 121.354412034552993, 24.986727307486099, 0.0 ] } },
{ "type": "Feature", "properties": { "Display": "7K+630", "River": "鶯歌溪排水右岸", "Name": "鶯歌溪排水右岸7K+630" }, "geometry": { "type": "Point", "coordinates": [ 121.354506718002995, 24.9867538363435, 0.0 ] } },
{ "type": "Feature", "properties": { "Display": "7K+640", "River": "鶯歌溪排水右岸", "Name": "鶯歌溪排水右岸7K+640" }, "geometry": { "type": "Point", "coordinates": [ 121.354596896809994, 24.986790358676501, 0.0 ] } },
{ "type": "Feature", "properties": { "Display": "7K+650", "River": "鶯歌溪排水右岸", "Name": "鶯歌溪排水右岸7K+650" }, "geometry": { "type": "Point", "coordinates": [ 121.354666307231994, 24.986853103563199, 0.0 ] } },
{ "type": "Feature", "properties": { "Display": "7K+660", "River": "鶯歌溪排水右岸", "Name": "鶯歌溪排水右岸7K+660" }, "geometry": { "type": "Point", "coordinates": [ 121.354699533729999, 24.986937530989302, 0.0 ] } },
{ "type": "Feature", "properties": { "Display": "7K+670", "River": "鶯歌溪排水右岸", "Name": "鶯歌溪排水右岸7K+670" }, "geometry": { "type": "Point", "coordinates": [ 121.354698389375997, 24.987027426408201, 0.0 ] } },
{ "type": "Feature", "properties": { "Display": "7K+680", "River": "鶯歌溪排水右岸", "Name": "鶯歌溪排水右岸7K+680" }, "geometry": { "type": "Point", "coordinates": [ 121.354677520481999, 24.987115618275102, 0.0 ] } },
{ "type": "Feature", "properties": { "Display": "7K+690", "River": "鶯歌溪排水右岸", "Name": "鶯歌溪排水右岸7K+690" }, "geometry": { "type": "Point", "coordinates": [ 121.354657023536006, 24.9872036130661, 0.0 ] } },
{ "type": "Feature", "properties": { "Display": "7K+700", "River": "鶯歌溪排水右岸", "Name": "鶯歌溪排水右岸7K+700" }, "geometry": { "type": "Point", "coordinates": [ 121.354695291479004, 24.9872861100888, 0.0 ] } },
{ "type": "Feature", "properties": { "Display": "7K+710", "River": "鶯歌溪排水右岸", "Name": "鶯歌溪排水右岸7K+710" }, "geometry": { "type": "Point", "coordinates": [ 121.354755720642999, 24.9873575623436, 0.0 ] } },
{ "type": "Feature", "properties": { "Display": "7K+720", "River": "鶯歌溪排水右岸", "Name": "鶯歌溪排水右岸7K+720" }, "geometry": { "type": "Point", "coordinates": [ 121.354830459620999, 24.987416349479499, 0.0 ] } },
{ "type": "Feature", "properties": { "Display": "7K+730", "River": "鶯歌溪排水右岸", "Name": "鶯歌溪排水右岸7K+730" }, "geometry": { "type": "Point", "coordinates": [ 121.354923774346005, 24.987443162481799, 0.0 ] } },
{ "type": "Feature", "properties": { "Display": "7K+740", "River": "鶯歌溪排水右岸", "Name": "鶯歌溪排水右岸7K+740" }, "geometry": { "type": "Point", "coordinates": [ 121.355022291923007, 24.987446372259601, 0.0 ] } },
{ "type": "Feature", "properties": { "Display": "7K+750", "River": "鶯歌溪排水右岸", "Name": "鶯歌溪排水右岸7K+750" }, "geometry": { "type": "Point", "coordinates": [ 121.355121044718999, 24.9874393007631, 0.0 ] } },
{ "type": "Feature", "properties": { "Display": "7K+760", "River": "鶯歌溪排水右岸", "Name": "鶯歌溪排水右岸7K+760" }, "geometry": { "type": "Point", "coordinates": [ 121.355219774112001, 24.987432024296002, 0.0 ] } },
{ "type": "Feature", "properties": { "Display": "7K+770", "River": "鶯歌溪排水右岸", "Name": "鶯歌溪排水右岸7K+770" }, "geometry": { "type": "Point", "coordinates": [ 121.355318032683996, 24.987420585017698, 0.0 ] } },
{ "type": "Feature", "properties": { "Display": "7K+780", "River": "鶯歌溪排水右岸", "Name": "鶯歌溪排水右岸7K+780" }, "geometry": { "type": "Point", "coordinates": [ 121.355415394499005, 24.987404875415201, 0.0 ] } },
{ "type": "Feature", "properties": { "Display": "7K+790", "River": "鶯歌溪排水右岸", "Name": "鶯歌溪排水右岸7K+790" }, "geometry": { "type": "Point", "coordinates": [ 121.355510336517, 24.9873791477509, 0.0 ] } },
{ "type": "Feature", "properties": { "Display": "7K+800", "River": "鶯歌溪排水右岸", "Name": "鶯歌溪排水右岸7K+800" }, "geometry": { "type": "Point", "coordinates": [ 121.355604623188, 24.987351484933601, 0.0 ] } },
{ "type": "Feature", "properties": { "Display": "7K+810", "River": "鶯歌溪排水右岸", "Name": "鶯歌溪排水右岸7K+810" }, "geometry": { "type": "Point", "coordinates": [ 121.355700439111004, 24.987329277310501, 0.0 ] } },
{ "type": "Feature", "properties": { "Display": "7K+820", "River": "鶯歌溪排水右岸", "Name": "鶯歌溪排水右岸7K+820" }, "geometry": { "type": "Point", "coordinates": [ 121.355796959611993, 24.987339906428598, 0.0 ] } },
{ "type": "Feature", "properties": { "Display": "7K+830", "River": "鶯歌溪排水右岸", "Name": "鶯歌溪排水右岸7K+830" }, "geometry": { "type": "Point", "coordinates": [ 121.355875576683999, 24.987393095389098, 0.0 ] } },
{ "type": "Feature", "properties": { "Display": "7K+840", "River": "鶯歌溪排水右岸", "Name": "鶯歌溪排水右岸7K+840" }, "geometry": { "type": "Point", "coordinates": [ 121.355933029561001, 24.9874666282624, 0.0 ] } },
{ "type": "Feature", "properties": { "Display": "7K+850", "River": "鶯歌溪排水右岸", "Name": "鶯歌溪排水右岸7K+850" }, "geometry": { "type": "Point", "coordinates": [ 121.355987341971996, 24.987542063485101, 0.0 ] } },
{ "type": "Feature", "properties": { "Display": "7K+860", "River": "鶯歌溪排水右岸", "Name": "鶯歌溪排水右岸7K+860" }, "geometry": { "type": "Point", "coordinates": [ 121.356026452693001, 24.987625010962599, 0.0 ] } },
{ "type": "Feature", "properties": { "Display": "7K+870", "River": "鶯歌溪排水右岸", "Name": "鶯歌溪排水右岸7K+870" }, "geometry": { "type": "Point", "coordinates": [ 121.356066196214002, 24.9877077074194, 0.0 ] } },
{ "type": "Feature", "properties": { "Display": "7K+880", "River": "鶯歌溪排水右岸", "Name": "鶯歌溪排水右岸7K+880" }, "geometry": { "type": "Point", "coordinates": [ 121.356106149967005, 24.987790320487399, 0.0 ] } },
{ "type": "Feature", "properties": { "Display": "7K+890", "River": "鶯歌溪排水右岸", "Name": "鶯歌溪排水右岸7K+890" }, "geometry": { "type": "Point", "coordinates": [ 121.356146103773, 24.987872933542999, 0.0 ] } },
{ "type": "Feature", "properties": { "Display": "7K+900", "River": "鶯歌溪排水右岸", "Name": "鶯歌溪排水右岸7K+900" }, "geometry": { "type": "Point", "coordinates": [ 121.356191833441002, 24.9879527510668, 0.0 ] } },
{ "type": "Feature", "properties": { "Display": "7K+910", "River": "鶯歌溪排水右岸", "Name": "鶯歌溪排水右岸7K+910" }, "geometry": { "type": "Point", "coordinates": [ 121.356244241593998, 24.988029361466701, 0.0 ] } },
{ "type": "Feature", "properties": { "Display": "7K+920", "River": "鶯歌溪排水右岸", "Name": "鶯歌溪排水右岸7K+920" }, "geometry": { "type": "Point", "coordinates": [ 121.356295783693994, 24.9881064558245, 0.0 ] } },
{ "type": "Feature", "properties": { "Display": "7K+930", "River": "鶯歌溪排水右岸", "Name": "鶯歌溪排水右岸7K+930" }, "geometry": { "type": "Point", "coordinates": [ 121.356344034277996, 24.9881852706114, 0.0 ] } },
{ "type": "Feature", "properties": { "Display": "7K+940", "River": "鶯歌溪排水右岸", "Name": "鶯歌溪排水右岸7K+940" }, "geometry": { "type": "Point", "coordinates": [ 121.356391704573994, 24.988264243740801, 0.0 ] } },
{ "type": "Feature", "properties": { "Display": "7K+950", "River": "鶯歌溪排水右岸", "Name": "鶯歌溪排水右岸7K+950" }, "geometry": { "type": "Point", "coordinates": [ 121.356455865290002, 24.9883308863702, 0.0 ] } },
{ "type": "Feature", "properties": { "Display": "7K+960", "River": "鶯歌溪排水右岸", "Name": "鶯歌溪排水右岸7K+960" }, "geometry": { "type": "Point", "coordinates": [ 121.356548954624998, 24.988358475767399, 0.0 ] } },
{ "type": "Feature", "properties": { "Display": "7K+970", "River": "鶯歌溪排水右岸", "Name": "鶯歌溪排水右岸7K+970" }, "geometry": { "type": "Point", "coordinates": [ 121.356646637073993, 24.988347508525901, 0.0 ] } },
{ "type": "Feature", "properties": { "Display": "7K+980", "River": "鶯歌溪排水右岸", "Name": "鶯歌溪排水右岸7K+980" }, "geometry": { "type": "Point", "coordinates": [ 121.356743126311997, 24.988327089773499, 0.0 ] } },
{ "type": "Feature", "properties": { "Display": "7K+990", "River": "鶯歌溪排水右岸", "Name": "鶯歌溪排水右岸7K+990" }, "geometry": { "type": "Point", "coordinates": [ 121.356839097448002, 24.988305101404201, 0.0 ] } },
{ "type": "Feature", "properties": { "Display": "0K+000", "River": "鶯歌溪排水左岸", "Name": "鶯歌溪排水左岸0K+000" }, "geometry": { "type": "Point", "coordinates": [ 121.353651068930006, 24.951217028635199, 0.0 ] } },
{ "type": "Feature", "properties": { "Display": "0K+010", "River": "鶯歌溪排水左岸", "Name": "鶯歌溪排水左岸0K+010" }, "geometry": { "type": "Point", "coordinates": [ 121.353557425692003, 24.951246394654898, 0.0 ] } },
{ "type": "Feature", "properties": { "Display": "0K+020", "River": "鶯歌溪排水左岸", "Name": "鶯歌溪排水左岸0K+020" }, "geometry": { "type": "Point", "coordinates": [ 121.353463893422003, 24.951276048840501, 0.0 ] } },
{ "type": "Feature", "properties": { "Display": "0K+030", "River": "鶯歌溪排水左岸", "Name": "鶯歌溪排水左岸0K+030" }, "geometry": { "type": "Point", "coordinates": [ 121.353370670304002, 24.9513065057468, 0.0 ] } },
{ "type": "Feature", "properties": { "Display": "0K+040", "River": "鶯歌溪排水左岸", "Name": "鶯歌溪排水左岸0K+040" }, "geometry": { "type": "Point", "coordinates": [ 121.353278415329001, 24.951339193321999, 0.0 ] } },
{ "type": "Feature", "properties": { "Display": "0K+050", "River": "鶯歌溪排水左岸", "Name": "鶯歌溪排水左岸0K+050" }, "geometry": { "type": "Point", "coordinates": [ 121.353188896800006, 24.9513777572114, 0.0 ] } },
{ "type": "Feature", "properties": { "Display": "0K+060", "River": "鶯歌溪排水左岸", "Name": "鶯歌溪排水左岸0K+060" }, "geometry": { "type": "Point", "coordinates": [ 121.353097908598997, 24.951413391869, 0.0 ] } },
{ "type": "Feature", "properties": { "Display": "0K+070", "River": "鶯歌溪排水左岸", "Name": "鶯歌溪排水左岸0K+070" }, "geometry": { "type": "Point", "coordinates": [ 121.353006828971999, 24.951448830537402, 0.0 ] } },
{ "type": "Feature", "properties": { "Display": "0K+080", "River": "鶯歌溪排水左岸", "Name": "鶯歌溪排水左岸0K+080" }, "geometry": { "type": "Point", "coordinates": [ 121.352915551940001, 24.951483845968902, 0.0 ] } },
{ "type": "Feature", "properties": { "Display": "0K+090", "River": "鶯歌溪排水左岸", "Name": "鶯歌溪排水左岸0K+090" }, "geometry": { "type": "Point", "coordinates": [ 121.352828315460997, 24.9515265150952, 0.0 ] } },
{ "type": "Feature", "properties": { "Display": "0K+100", "River": "鶯歌溪排水左岸", "Name": "鶯歌溪排水左岸0K+100" }, "geometry": { "type": "Point", "coordinates": [ 121.352740668547995, 24.951568538307502, 0.0 ] } },
{ "type": "Feature", "properties": { "Display": "0K+110", "River": "鶯歌溪排水左岸", "Name": "鶯歌溪排水左岸0K+110" }, "geometry": { "type": "Point", "coordinates": [ 121.352653021574, 24.951610561468701, 0.0 ] } },
{ "type": "Feature", "properties": { "Display": "0K+120", "River": "鶯歌溪排水左岸", "Name": "鶯歌溪排水左岸0K+120" }, "geometry": { "type": "Point", "coordinates": [ 121.352565369824006, 24.951652576187001, 0.0 ] } },
{ "type": "Feature", "properties": { "Display": "0K+130", "River": "鶯歌溪排水左岸", "Name": "鶯歌溪排水左岸0K+130" }, "geometry": { "type": "Point", "coordinates": [ 121.352476757066995, 24.951692880842799, 0.0 ] } },
{ "type": "Feature", "properties": { "Display": "0K+140", "River": "鶯歌溪排水左岸", "Name": "鶯歌溪排水左岸0K+140" }, "geometry": { "type": "Point", "coordinates": [ 121.352388144250995, 24.9517331854464, 0.0 ] } },
{ "type": "Feature", "properties": { "Display": "0K+150", "River": "鶯歌溪排水左岸", "Name": "鶯歌溪排水左岸0K+150" }, "geometry": { "type": "Point", "coordinates": [ 121.352299126080993, 24.951772739589298, 0.0 ] } },
{ "type": "Feature", "properties": { "Display": "0K+160", "River": "鶯歌溪排水左岸", "Name": "鶯歌溪排水左岸0K+160" }, "geometry": { "type": "Point", "coordinates": [ 121.352209796419999, 24.951811687015098, 0.0 ] } },
{ "type": "Feature", "properties": { "Display": "0K+170", "River": "鶯歌溪排水左岸", "Name": "鶯歌溪排水左岸0K+170" }, "geometry": { "type": "Point", "coordinates": [ 121.352122081234995, 24.951853582995199, 0.0 ] } },
{ "type": "Feature", "properties": { "Display": "0K+180", "River": "鶯歌溪排水左岸", "Name": "鶯歌溪排水左岸0K+180" }, "geometry": { "type": "Point", "coordinates": [ 121.352035453168, 24.9518972926322, 0.0 ] } },
{ "type": "Feature", "properties": { "Display": "0K+190", "River": "鶯歌溪排水左岸", "Name": "鶯歌溪排水左岸0K+190" }, "geometry": { "type": "Point", "coordinates": [ 121.351951406750004, 24.951945039919298, 0.0 ] } },
{ "type": "Feature", "properties": { "Display": "0K+200", "River": "鶯歌溪排水左岸", "Name": "鶯歌溪排水左岸0K+200" }, "geometry": { "type": "Point", "coordinates": [ 121.351872317323995, 24.951998776044402, 0.0 ] } },
{ "type": "Feature", "properties": { "Display": "0K+210", "River": "鶯歌溪排水左岸", "Name": "鶯歌溪排水左岸0K+210" }, "geometry": { "type": "Point", "coordinates": [ 121.351800030095006, 24.952060477903299, 0.0 ] } },
{ "type": "Feature", "properties": { "Display": "0K+220", "River": "鶯歌溪排水左岸", "Name": "鶯歌溪排水左岸0K+220" }, "geometry": { "type": "Point", "coordinates": [ 121.351728067785004, 24.952122500144601, 0.0 ] } },
{ "type": "Feature", "properties": { "Display": "0K+230", "River": "鶯歌溪排水左岸", "Name": "鶯歌溪排水左岸0K+230" }, "geometry": { "type": "Point", "coordinates": [ 121.351673703668993, 24.9521963145028, 0.0 ] } },
{ "type": "Feature", "properties": { "Display": "0K+240", "River": "鶯歌溪排水左岸", "Name": "鶯歌溪排水左岸0K+240" }, "geometry": { "type": "Point", "coordinates": [ 121.351627668362994, 24.952276178121799, 0.0 ] } },
{ "type": "Feature", "properties": { "Display": "0K+250", "River": "鶯歌溪排水左岸", "Name": "鶯歌溪排水左岸0K+250" }, "geometry": { "type": "Point", "coordinates": [ 121.351575333656996, 24.952336550537201, 0.0 ] } },
{ "type": "Feature", "properties": { "Display": "0K+260", "River": "鶯歌溪排水左岸", "Name": "鶯歌溪排水左岸0K+260" }, "geometry": { "type": "Point", "coordinates": [ 121.351489418981004, 24.952291651533901, 0.0 ] } },
{ "type": "Feature", "properties": { "Display": "0K+270", "River": "鶯歌溪排水左岸", "Name": "鶯歌溪排水左岸0K+270" }, "geometry": { "type": "Point", "coordinates": [ 121.351407369276004, 24.952328016739202, 0.0 ] } },
{ "type": "Feature", "properties": { "Display": "0K+280", "River": "鶯歌溪排水左岸", "Name": "鶯歌溪排水左岸0K+280" }, "geometry": { "type": "Point", "coordinates": [ 121.351326285126007, 24.952379846990201, 0.0 ] } },
{ "type": "Feature", "properties": { "Display": "0K+290", "River": "鶯歌溪排水左岸", "Name": "鶯歌溪排水左岸0K+290" }, "geometry": { "type": "Point", "coordinates": [ 121.351245751082999, 24.952432383918801, 0.0 ] } },
{ "type": "Feature", "properties": { "Display": "0K+300", "River": "鶯歌溪排水左岸", "Name": "鶯歌溪排水左岸0K+300" }, "geometry": { "type": "Point", "coordinates": [ 121.351165691413996, 24.9524855208942, 0.0 ] } },
{ "type": "Feature", "properties": { "Display": "0K+310", "River": "鶯歌溪排水左岸", "Name": "鶯歌溪排水左岸0K+310" }, "geometry": { "type": "Point", "coordinates": [ 121.351086101221, 24.952539240914501, 0.0 ] } },
{ "type": "Feature", "properties": { "Display": "0K+320", "River": "鶯歌溪排水左岸", "Name": "鶯歌溪排水左岸0K+320" }, "geometry": { "type": "Point", "coordinates": [ 121.351006960758994, 24.9525935104861, 0.0 ] } },
{ "type": "Feature", "properties": { "Display": "0K+330", "River": "鶯歌溪排水左岸", "Name": "鶯歌溪排水左岸0K+330" }, "geometry": { "type": "Point", "coordinates": [ 121.350926908231997, 24.952646639096901, 0.0 ] } },
{ "type": "Feature", "properties": { "Display": "0K+340", "River": "鶯歌溪排水左岸", "Name": "鶯歌溪排水左岸0K+340" }, "geometry": { "type": "Point", "coordinates": [ 121.350845423912006, 24.952697937488399, 0.0 ] } },
{ "type": "Feature", "properties": { "Display": "0K+350", "River": "鶯歌溪排水左岸", "Name": "鶯歌溪排水左岸0K+350" }, "geometry": { "type": "Point", "coordinates": [ 121.350762259083993, 24.952746919649002, 0.0 ] } },
{ "type": "Feature", "properties": { "Display": "0K+360", "River": "鶯歌溪排水左岸", "Name": "鶯歌溪排水左岸0K+360" }, "geometry": { "type": "Point", "coordinates": [ 121.350678530375006, 24.952795116048598, 0.0 ] } },
{ "type": "Feature", "properties": { "Display": "0K+370", "River": "鶯歌溪排水左岸", "Name": "鶯歌溪排水左岸0K+370" }, "geometry": { "type": "Point", "coordinates": [ 121.350594529939997, 24.952842930914201, 0.0 ] } },
{ "type": "Feature", "properties": { "Display": "0K+380", "River": "鶯歌溪排水左岸", "Name": "鶯歌溪排水左岸0K+380" }, "geometry": { "type": "Point", "coordinates": [ 121.350506869792, 24.9528849328244, 0.0 ] } },
{ "type": "Feature", "properties": { "Display": "0K+390", "River": "鶯歌溪排水左岸", "Name": "鶯歌溪排水左岸0K+390" }, "geometry": { "type": "Point", "coordinates": [ 121.350419214897002, 24.9529269415969, 0.0 ] } },
{ "type": "Feature", "properties": { "Display": "0K+400", "River": "鶯歌溪排水左岸", "Name": "鶯歌溪排水左岸0K+400" }, "geometry": { "type": "Point", "coordinates": [ 121.350330060819999, 24.9529653647507, 0.0 ] } },
{ "type": "Feature", "properties": { "Display": "0K+410", "River": "鶯歌溪排水左岸", "Name": "鶯歌溪排水左岸0K+410" }, "geometry": { "type": "Point", "coordinates": [ 121.350236130493002, 24.952993961836199, 0.0 ] } },
{ "type": "Feature", "properties": { "Display": "0K+420", "River": "鶯歌溪排水左岸", "Name": "鶯歌溪排水左岸0K+420" }, "geometry": { "type": "Point", "coordinates": [ 121.350142253140007, 24.953022703088902, 0.0 ] } },
{ "type": "Feature", "properties": { "Display": "0K+430", "River": "鶯歌溪排水左岸", "Name": "鶯歌溪排水左岸0K+430" }, "geometry": { "type": "Point", "coordinates": [ 121.350048388497001, 24.953051477628801, 0.0 ] } },
{ "type": "Feature", "properties": { "Display": "0K+440", "River": "鶯歌溪排水左岸", "Name": "鶯歌溪排水左岸0K+440" }, "geometry": { "type": "Point", "coordinates": [ 121.349967170861007, 24.953034051842199, 0.0 ] } },
{ "type": "Feature", "properties": { "Display": "0K+450", "River": "鶯歌溪排水左岸", "Name": "鶯歌溪排水左岸0K+450" }, "geometry": { "type": "Point", "coordinates": [ 121.349868506822006, 24.953041768378402, 0.0 ] } },
{ "type": "Feature", "properties": { "Display": "0K+460", "River": "鶯歌溪排水左岸", "Name": "鶯歌溪排水左岸0K+460" }, "geometry": { "type": "Point", "coordinates": [ 121.349799046615999, 24.953075155906401, 0.0 ] } },
{ "type": "Feature", "properties": { "Display": "0K+470", "River": "鶯歌溪排水左岸", "Name": "鶯歌溪排水左岸0K+470" }, "geometry": { "type": "Point", "coordinates": [ 121.349700037719003, 24.9530733075139, 0.0 ] } },
{ "type": "Feature", "properties": { "Display": "0K+480", "River": "鶯歌溪排水左岸", "Name": "鶯歌溪排水左岸0K+480" }, "geometry": { "type": "Point", "coordinates": [ 121.349601028823997, 24.953071459055501, 0.0 ] } },
{ "type": "Feature", "properties": { "Display": "0K+490", "River": "鶯歌溪排水左岸", "Name": "鶯歌溪排水左岸0K+490" }, "geometry": { "type": "Point", "coordinates": [ 121.349502005568993, 24.9530713669002, 0.0 ] } },
{ "type": "Feature", "properties": { "Display": "0K+500", "River": "鶯歌溪排水左岸", "Name": "鶯歌溪排水左岸0K+500" }, "geometry": { "type": "Point", "coordinates": [ 121.349402977447994, 24.953071869393099, 0.0 ] } },
{ "type": "Feature", "properties": { "Display": "0K+510", "River": "鶯歌溪排水左岸", "Name": "鶯歌溪排水左岸0K+510" }, "geometry": { "type": "Point", "coordinates": [ 121.349303948279001, 24.953072137171699, 0.0 ] } },
{ "type": "Feature", "properties": { "Display": "0K+520", "River": "鶯歌溪排水左岸", "Name": "鶯歌溪排水左岸0K+520" }, "geometry": { "type": "Point", "coordinates": [ 121.349205006350005, 24.953075334324701, 0.0 ] } },
{ "type": "Feature", "properties": { "Display": "0K+530", "River": "鶯歌溪排水左岸", "Name": "鶯歌溪排水左岸0K+530" }, "geometry": { "type": "Point", "coordinates": [ 121.349106154948998, 24.953080652012801, 0.0 ] } },
{ "type": "Feature", "properties": { "Display": "0K+540", "River": "鶯歌溪排水左岸", "Name": "鶯歌溪排水左岸0K+540" }, "geometry": { "type": "Point", "coordinates": [ 121.349007406344001, 24.9530874492302, 0.0 ] } },
{ "type": "Feature", "properties": { "Display": "0K+550", "River": "鶯歌溪排水左岸", "Name": "鶯歌溪排水左岸0K+550" }, "geometry": { "type": "Point", "coordinates": [ 121.348908657726, 24.9530942463822, 0.0 ] } },
{ "type": "Feature", "properties": { "Display": "0K+560", "River": "鶯歌溪排水左岸", "Name": "鶯歌溪排水左岸0K+560" }, "geometry": { "type": "Point", "coordinates": [ 121.348810112463994, 24.953102922085499, 0.0 ] } },
{ "type": "Feature", "properties": { "Display": "0K+570", "River": "鶯歌溪排水左岸", "Name": "鶯歌溪排水左岸0K+570" }, "geometry": { "type": "Point", "coordinates": [ 121.348712113008006, 24.9531157856695, 0.0 ] } },
{ "type": "Feature", "properties": { "Display": "0K+580", "River": "鶯歌溪排水左岸", "Name": "鶯歌溪排水左岸0K+580" }, "geometry": { "type": "Point", "coordinates": [ 121.348615366352007, 24.953134893541598, 0.0 ] } },
{ "type": "Feature", "properties": { "Display": "0K+590", "River": "鶯歌溪排水左岸", "Name": "鶯歌溪排水左岸0K+590" }, "geometry": { "type": "Point", "coordinates": [ 121.348517676632, 24.953149684621401, 0.0 ] } },
{ "type": "Feature", "properties": { "Display": "0K+600", "River": "鶯歌溪排水左岸", "Name": "鶯歌溪排水左岸0K+600" }, "geometry": { "type": "Point", "coordinates": [ 121.348420155897998, 24.953165379252301, 0.0 ] } },
{ "type": "Feature", "properties": { "Display": "0K+610", "River": "鶯歌溪排水左岸", "Name": "鶯歌溪排水左岸0K+610" }, "geometry": { "type": "Point", "coordinates": [ 121.348322853838994, 24.953182169929502, 0.0 ] } },
{ "type": "Feature", "properties": { "Display": "0K+620", "River": "鶯歌溪排水左岸", "Name": "鶯歌溪排水左岸0K+620" }, "geometry": { "type": "Point", "coordinates": [ 121.348225842461005, 24.953200302877001, 0.0 ] } },
{ "type": "Feature", "properties": { "Display": "0K+630", "River": "鶯歌溪排水左岸", "Name": "鶯歌溪排水左岸0K+630" }, "geometry": { "type": "Point", "coordinates": [ 121.348129150686006, 24.953219796947899, 0.0 ] } },
{ "type": "Feature", "properties": { "Display": "0K+640", "River": "鶯歌溪排水左岸", "Name": "鶯歌溪排水左岸0K+640" }, "geometry": { "type": "Point", "coordinates": [ 121.348032440916, 24.953239224195901, 0.0 ] } },
{ "type": "Feature", "properties": { "Display": "0K+650", "River": "鶯歌溪排水左岸", "Name": "鶯歌溪排水左岸0K+650" }, "geometry": { "type": "Point", "coordinates": [ 121.347935290194002, 24.953256691842999, 0.0 ] } },
{ "type": "Feature", "properties": { "Display": "0K+660", "River": "鶯歌溪排水左岸", "Name": "鶯歌溪排水左岸0K+660" }, "geometry": { "type": "Point", "coordinates": [ 121.347837626076, 24.953271582751601, 0.0 ] } },
{ "type": "Feature", "properties": { "Display": "0K+670", "River": "鶯歌溪排水左岸", "Name": "鶯歌溪排水左岸0K+670" }, "geometry": { "type": "Point", "coordinates": [ 121.347739496954006, 24.9532836606963, 0.0 ] } },
{ "type": "Feature", "properties": { "Display": "0K+680", "River": "鶯歌溪排水左岸", "Name": "鶯歌溪排水左岸0K+680" }, "geometry": { "type": "Point", "coordinates": [ 121.347640972753993, 24.953292671503, 0.0 ] } },
{ "type": "Feature", "properties": { "Display": "0K+690", "River": "鶯歌溪排水左岸", "Name": "鶯歌溪排水左岸0K+690" }, "geometry": { "type": "Point", "coordinates": [ 121.347542149473, 24.953298344317702, 0.0 ] } },
{ "type": "Feature", "properties": { "Display": "0K+700", "River": "鶯歌溪排水左岸", "Name": "鶯歌溪排水左岸0K+700" }, "geometry": { "type": "Point", "coordinates": [ 121.347443154074995, 24.9533003940256, 0.0 ] } },
{ "type": "Feature", "properties": { "Display": "0K+710", "River": "鶯歌溪排水左岸", "Name": "鶯歌溪排水左岸0K+710" }, "geometry": { "type": "Point", "coordinates": [ 121.347344158094003, 24.9532983310683, 0.0 ] } },
{ "type": "Feature", "properties": { "Display": "0K+720", "River": "鶯歌溪排水左岸", "Name": "鶯歌溪排水左岸0K+720" }, "geometry": { "type": "Point", "coordinates": [ 121.347245329372001, 24.9532926630575, 0.0 ] } },
{ "type": "Feature", "properties": { "Display": "0K+730", "River": "鶯歌溪排水左岸", "Name": "鶯歌溪排水左岸0K+730" }, "geometry": { "type": "Point", "coordinates": [ 121.347146740113004, 24.953284231797099, 0.0 ] } },
{ "type": "Feature", "properties": { "Display": "0K+740", "River": "鶯歌溪排水左岸", "Name": "鶯歌溪排水左岸0K+740" }, "geometry": { "type": "Point", "coordinates": [ 121.347048471809998, 24.953273119440901, 0.0 ] } },
{ "type": "Feature", "properties": { "Display": "0K+750", "River": "鶯歌溪排水左岸", "Name": "鶯歌溪排水左岸0K+750" }, "geometry": { "type": "Point", "coordinates": [ 121.346950598166003, 24.953259412843298, 0.0 ] } },
{ "type": "Feature", "properties": { "Display": "0K+760", "River": "鶯歌溪排水左岸", "Name": "鶯歌溪排水左岸0K+760" }, "geometry": { "type": "Point", "coordinates": [ 121.346853456741002, 24.953242067469201, 0.0 ] } },
{ "type": "Feature", "properties": { "Display": "0K+770", "River": "鶯歌溪排水左岸", "Name": "鶯歌溪排水左岸0K+770" }, "geometry": { "type": "Point", "coordinates": [ 121.346757267325998, 24.9532206382429, 0.0 ] } },
{ "type": "Feature", "properties": { "Display": "0K+780", "River": "鶯歌溪排水左岸", "Name": "鶯歌溪排水左岸0K+780" }, "geometry": { "type": "Point", "coordinates": [ 121.346661979426003, 24.953196054850501, 0.0 ] } },
{ "type": "Feature", "properties": { "Display": "0K+790", "River": "鶯歌溪排水左岸", "Name": "鶯歌溪排水左岸0K+790" }, "geometry": { "type": "Point", "coordinates": [ 121.346566971621996, 24.953170591515601, 0.0 ] } },
{ "type": "Feature", "properties": { "Display": "0K+800", "River": "鶯歌溪排水左岸", "Name": "鶯歌溪排水左岸0K+800" }, "geometry": { "type": "Point", "coordinates": [ 121.346472532228006, 24.953143422782201, 0.0 ] } },
{ "type": "Feature", "properties": { "Display": "0K+810", "River": "鶯歌溪排水左岸", "Name": "鶯歌溪排水左岸0K+810" }, "geometry": { "type": "Point", "coordinates": [ 121.346378483547994, 24.953115152056402, 0.0 ] } },
{ "type": "Feature", "properties": { "Display": "0K+820", "River": "鶯歌溪排水左岸", "Name": "鶯歌溪排水左岸0K+820" }, "geometry": { "type": "Point", "coordinates": [ 121.346284686266998, 24.953086193559901, 0.0 ] } },
{ "type": "Feature", "properties": { "Display": "0K+830", "River": "鶯歌溪排水左岸", "Name": "鶯歌溪排水左岸0K+830" }, "geometry": { "type": "Point", "coordinates": [ 121.346190889029998, 24.953057235003801, 0.0 ] } },
{ "type": "Feature", "properties": { "Display": "0K+840", "River": "鶯歌溪排水左岸", "Name": "鶯歌溪排水左岸0K+840" }, "geometry": { "type": "Point", "coordinates": [ 121.346097091835006, 24.953028276388, 0.0 ] } },
{ "type": "Feature", "properties": { "Display": "0K+850", "River": "鶯歌溪排水左岸", "Name": "鶯歌溪排水左岸0K+850" }, "geometry": { "type": "Point", "coordinates": [ 121.346003855503994, 24.952997926162499, 0.0 ] } },
{ "type": "Feature", "properties": { "Display": "0K+860", "River": "鶯歌溪排水左岸", "Name": "鶯歌溪排水左岸0K+860" }, "geometry": { "type": "Point", "coordinates": [ 121.345911805829999, 24.952964631572598, 0.0 ] } },
{ "type": "Feature", "properties": { "Display": "0K+870", "River": "鶯歌溪排水左岸", "Name": "鶯歌溪排水左岸0K+870" }, "geometry": { "type": "Point", "coordinates": [ 121.345823325519007, 24.952932596212602, 0.0 ] } },
{ "type": "Feature", "properties": { "Display": "0K+880", "River": "鶯歌溪排水左岸", "Name": "鶯歌溪排水左岸0K+880" }, "geometry": { "type": "Point", "coordinates": [ 121.345735562903002, 24.952890772393602, 0.0 ] } },
{ "type": "Feature", "properties": { "Display": "0K+890", "River": "鶯歌溪排水左岸", "Name": "鶯歌溪排水左岸0K+890" }, "geometry": { "type": "Point", "coordinates": [ 121.345647800345006, 24.952848948522099, 0.0 ] } },
{ "type": "Feature", "properties": { "Display": "0K+900", "River": "鶯歌溪排水左岸", "Name": "鶯歌溪排水左岸0K+900" }, "geometry": { "type": "Point", "coordinates": [ 121.345559816993998, 24.9528075128813, 0.0 ] } },
{ "type": "Feature", "properties": { "Display": "0K+910", "River": "鶯歌溪排水左岸", "Name": "鶯歌溪排水左岸0K+910" }, "geometry": { "type": "Point", "coordinates": [ 121.345471755312005, 24.952766215003599, 0.0 ] } },
{ "type": "Feature", "properties": { "Display": "0K+920", "River": "鶯歌溪排水左岸", "Name": "鶯歌溪排水左岸0K+920" }, "geometry": { "type": "Point", "coordinates": [ 121.345383693689001, 24.952724917072999, 0.0 ] } },
{ "type": "Feature", "properties": { "Display": "0K+930", "River": "鶯歌溪排水左岸", "Name": "鶯歌溪排水左岸0K+930" }, "geometry": { "type": "Point", "coordinates": [ 121.345300889764005, 24.952676122880799, 0.0 ] } },
{ "type": "Feature", "properties": { "Display": "0K+940", "River": "鶯歌溪排水左岸", "Name": "鶯歌溪排水左岸0K+940" }, "geometry": { "type": "Point", "coordinates": [ 121.345238481284994, 24.952606678590101, 0.0 ] } },
{ "type": "Feature", "properties": { "Display": "0K+950", "River": "鶯歌溪排水左岸", "Name": "鶯歌溪排水左岸0K+950" }, "geometry": { "type": "Point", "coordinates": [ 121.345203481504001, 24.9525225799038, 0.0 ] } },
{ "type": "Feature", "properties": { "Display": "0K+960", "River": "鶯歌溪排水左岸", "Name": "鶯歌溪排水左岸0K+960" }, "geometry": { "type": "Point", "coordinates": [ 121.345139025110001, 24.952455377440302, 0.0 ] } },
{ "type": "Feature", "properties": { "Display": "0K+970", "River": "鶯歌溪排水左岸", "Name": "鶯歌溪排水左岸0K+970" }, "geometry": { "type": "Point", "coordinates": [ 121.345066687485001, 24.952393750559601, 0.0 ] } },
{ "type": "Feature", "properties": { "Display": "0K+980", "River": "鶯歌溪排水左岸", "Name": "鶯歌溪排水左岸0K+980" }, "geometry": { "type": "Point", "coordinates": [ 121.344991662924002, 24.952334837661699, 0.0 ] } },
{ "type": "Feature", "properties": { "Display": "0K+990", "River": "鶯歌溪排水左岸", "Name": "鶯歌溪排水左岸0K+990" }, "geometry": { "type": "Point", "coordinates": [ 121.344919487523001, 24.952273021369901, 0.0 ] } },
{ "type": "Feature", "properties": { "Display": "1K+000", "River": "鶯歌溪排水左岸", "Name": "鶯歌溪排水左岸1K+000" }, "geometry": { "type": "Point", "coordinates": [ 121.344843072901, 24.9522171580955, 0.0 ] } },
{ "type": "Feature", "properties": { "Display": "1K+010", "River": "鶯歌溪排水左岸", "Name": "鶯歌溪排水左岸1K+010" }, "geometry": { "type": "Point", "coordinates": [ 121.344753975485006, 24.952177798161902, 0.0 ] } },
{ "type": "Feature", "properties": { "Display": "1K+020", "River": "鶯歌溪排水左岸", "Name": "鶯歌溪排水左岸1K+020" }, "geometry": { "type": "Point", "coordinates": [ 121.344664422327995, 24.952139258989199, 0.0 ] } },
{ "type": "Feature", "properties": { "Display": "1K+030", "River": "鶯歌溪排水左岸", "Name": "鶯歌溪排水左岸1K+030" }, "geometry": { "type": "Point", "coordinates": [ 121.344574869225994, 24.952100719761901, 0.0 ] } },
{ "type": "Feature", "properties": { "Display": "1K+040", "River": "鶯歌溪排水左岸", "Name": "鶯歌溪排水左岸1K+040" }, "geometry": { "type": "Point", "coordinates": [ 121.344484894367994, 24.9520630163093, 0.0 ] } },
{ "type": "Feature", "properties": { "Display": "1K+050", "River": "鶯歌溪排水左岸", "Name": "鶯歌溪排水左岸1K+050" }, "geometry": { "type": "Point", "coordinates": [ 121.344394528712996, 24.952026087284501, 0.0 ] } },
{ "type": "Feature", "properties": { "Display": "1K+060", "River": "鶯歌溪排水左岸", "Name": "鶯歌溪排水左岸1K+060" }, "geometry": { "type": "Point", "coordinates": [ 121.344300092889995, 24.952001398258702, 0.0 ] } },
{ "type": "Feature", "properties": { "Display": "1K+070", "River": "鶯歌溪排水左岸", "Name": "鶯歌溪排水左岸1K+070" }, "geometry": { "type": "Point", "coordinates": [ 121.344201720217995, 24.952005717514702, 0.0 ] } },
{ "type": "Feature", "properties": { "Display": "1K+080", "River": "鶯歌溪排水左岸", "Name": "鶯歌溪排水左岸1K+080" }, "geometry": { "type": "Point", "coordinates": [ 121.344105322988, 24.952026377050299, 0.0 ] } },
{ "type": "Feature", "properties": { "Display": "1K+090", "River": "鶯歌溪排水左岸", "Name": "鶯歌溪排水左岸1K+090" }, "geometry": { "type": "Point", "coordinates": [ 121.344010696300998, 24.952052902606798, 0.0 ] } },
{ "type": "Feature", "properties": { "Display": "1K+100", "River": "鶯歌溪排水左岸", "Name": "鶯歌溪排水左岸1K+100" }, "geometry": { "type": "Point", "coordinates": [ 121.343918656018005, 24.952086160724502, 0.0 ] } },
{ "type": "Feature", "properties": { "Display": "1K+110", "River": "鶯歌溪排水左岸", "Name": "鶯歌溪排水左岸1K+110" }, "geometry": { "type": "Point", "coordinates": [ 121.343829551121004, 24.952125505320002, 0.0 ] } },
{ "type": "Feature", "properties": { "Display": "1K+120", "River": "鶯歌溪排水左岸", "Name": "鶯歌溪排水左岸1K+120" }, "geometry": { "type": "Point", "coordinates": [ 121.343743944213998, 24.9521708391635, 0.0 ] } },
{ "type": "Feature", "properties": { "Display": "1K+130", "River": "鶯歌溪排水左岸", "Name": "鶯歌溪排水左岸1K+130" }, "geometry": { "type": "Point", "coordinates": [ 121.343662844419001, 24.952222607585799, 0.0 ] } },
{ "type": "Feature", "properties": { "Display": "1K+140", "River": "鶯歌溪排水左岸", "Name": "鶯歌溪排水左岸1K+140" }, "geometry": { "type": "Point", "coordinates": [ 121.343585077792994, 24.952278476926601, 0.0 ] } },
{ "type": "Feature", "properties": { "Display": "1K+150", "River": "鶯歌溪排水左岸", "Name": "鶯歌溪排水左岸1K+150" }, "geometry": { "type": "Point", "coordinates": [ 121.343511858762994, 24.952339108656101, 0.0 ] } },
{ "type": "Feature", "properties": { "Display": "1K+160", "River": "鶯歌溪排水左岸", "Name": "鶯歌溪排水左岸1K+160" }, "geometry": { "type": "Point", "coordinates": [ 121.343445085997999, 24.952405781018101, 0.0 ] } },
{ "type": "Feature", "properties": { "Display": "1K+170", "River": "鶯歌溪排水左岸", "Name": "鶯歌溪排水左岸1K+170" }, "geometry": { "type": "Point", "coordinates": [ 121.343385556163, 24.952477691885999, 0.0 ] } },
{ "type": "Feature", "properties": { "Display": "1K+180", "River": "鶯歌溪排水左岸", "Name": "鶯歌溪排水左岸1K+180" }, "geometry": { "type": "Point", "coordinates": [ 121.343331670888006, 24.952553411685599, 0.0 ] } },
{ "type": "Feature", "properties": { "Display": "1K+190", "River": "鶯歌溪排水左岸", "Name": "鶯歌溪排水左岸1K+190" }, "geometry": { "type": "Point", "coordinates": [ 121.343279426999004, 24.952630108763501, 0.0 ] } },
{ "type": "Feature", "properties": { "Display": "1K+200", "River": "鶯歌溪排水左岸", "Name": "鶯歌溪排水左岸1K+200" }, "geometry": { "type": "Point", "coordinates": [ 121.343230295721, 24.952708473457101, 0.0 ] } },
{ "type": "Feature", "properties": { "Display": "1K+210", "River": "鶯歌溪排水左岸", "Name": "鶯歌溪排水左岸1K+210" }, "geometry": { "type": "Point", "coordinates": [ 121.343182223032997, 24.9527874053123, 0.0 ] } },
{ "type": "Feature", "properties": { "Display": "1K+220", "River": "鶯歌溪排水左岸", "Name": "鶯歌溪排水左岸1K+220" }, "geometry": { "type": "Point", "coordinates": [ 121.343136475237998, 24.952867437072499, 0.0 ] } },
{ "type": "Feature", "properties": { "Display": "1K+230", "River": "鶯歌溪排水左岸", "Name": "鶯歌溪排水左岸1K+230" }, "geometry": { "type": "Point", "coordinates": [ 121.343093357819996, 24.9529487132593, 0.0 ] } },
{ "type": "Feature", "properties": { "Display": "1K+240", "River": "鶯歌溪排水左岸", "Name": "鶯歌溪排水左岸1K+240" }, "geometry": { "type": "Point", "coordinates": [ 121.343056790918993, 24.953032579808401, 0.0 ] } },
{ "type": "Feature", "properties": { "Display": "1K+250", "River": "鶯歌溪排水左岸", "Name": "鶯歌溪排水左岸1K+250" }, "geometry": { "type": "Point", "coordinates": [ 121.343017201262001, 24.953115334439602, 0.0 ] } },
{ "type": "Feature", "properties": { "Display": "1K+260", "River": "鶯歌溪排水左岸", "Name": "鶯歌溪排水左岸1K+260" }, "geometry": { "type": "Point", "coordinates": [ 121.342977611552996, 24.953198089059999, 0.0 ] } },
{ "type": "Feature", "properties": { "Display": "1K+270", "River": "鶯歌溪排水左岸", "Name": "鶯歌溪排水左岸1K+270" }, "geometry": { "type": "Point", "coordinates": [ 121.342935569383997, 24.953279797758899, 0.0 ] } },
{ "type": "Feature", "properties": { "Display": "1K+280", "River": "鶯歌溪排水左岸", "Name": "鶯歌溪排水左岸1K+280" }, "geometry": { "type": "Point", "coordinates": [ 121.342893855086999, 24.953361677947601, 0.0 ] } },
{ "type": "Feature", "properties": { "Display": "1K+290", "River": "鶯歌溪排水左岸", "Name": "鶯歌溪排水左岸1K+290" }, "geometry": { "type": "Point", "coordinates": [ 121.342851956890001, 24.953443482253601, 0.0 ] } },
{ "type": "Feature", "properties": { "Display": "1K+300", "River": "鶯歌溪排水左岸", "Name": "鶯歌溪排水左岸1K+300" }, "geometry": { "type": "Point", "coordinates": [ 121.342809950781998, 24.953525240787201, 0.0 ] } },
{ "type": "Feature", "properties": { "Display": "1K+310", "River": "鶯歌溪排水左岸", "Name": "鶯歌溪排水左岸1K+310" }, "geometry": { "type": "Point", "coordinates": [ 121.342767944618998, 24.9536069993087, 0.0 ] } },
{ "type": "Feature", "properties": { "Display": "1K+320", "River": "鶯歌溪排水左岸", "Name": "鶯歌溪排水左岸1K+320" }, "geometry": { "type": "Point", "coordinates": [ 121.342719290115994, 24.953685536943301, 0.0 ] } },
{ "type": "Feature", "properties": { "Display": "1K+330", "River": "鶯歌溪排水左岸", "Name": "鶯歌溪排水左岸1K+330" }, "geometry": { "type": "Point", "coordinates": [ 121.342668472143004, 24.953763026461299, 0.0 ] } },
{ "type": "Feature", "properties": { "Display": "1K+340", "River": "鶯歌溪排水左岸", "Name": "鶯歌溪排水左岸1K+340" }, "geometry": { "type": "Point", "coordinates": [ 121.342617654107002, 24.9538405159619, 0.0 ] } },
{ "type": "Feature", "properties": { "Display": "1K+350", "River": "鶯歌溪排水左岸", "Name": "鶯歌溪排水左岸1K+350" }, "geometry": { "type": "Point", "coordinates": [ 121.342566836006995, 24.953918005444901, 0.0 ] } },
{ "type": "Feature", "properties": { "Display": "1K+360", "River": "鶯歌溪排水左岸", "Name": "鶯歌溪排水左岸1K+360" }, "geometry": { "type": "Point", "coordinates": [ 121.342519954931007, 24.953997412198799, 0.0 ] } },
{ "type": "Feature", "properties": { "Display": "1K+370", "River": "鶯歌溪排水左岸", "Name": "鶯歌溪排水左岸1K+370" }, "geometry": { "type": "Point", "coordinates": [ 121.34248035601, 24.954080163262201, 0.0 ] } },
{ "type": "Feature", "properties": { "Display": "1K+380", "River": "鶯歌溪排水左岸", "Name": "鶯歌溪排水左岸1K+380" }, "geometry": { "type": "Point", "coordinates": [ 121.342440757035007, 24.954162914314701, 0.0 ] } },
{ "type": "Feature", "properties": { "Display": "1K+390", "River": "鶯歌溪排水左岸", "Name": "鶯歌溪排水左岸1K+390" }, "geometry": { "type": "Point", "coordinates": [ 121.342409446798996, 24.954248481895299, 0.0 ] } },
{ "type": "Feature", "properties": { "Display": "1K+400", "River": "鶯歌溪排水左岸", "Name": "鶯歌溪排水左岸1K+400" }, "geometry": { "type": "Point", "coordinates": [ 121.342379975301995, 24.9543346742885, 0.0 ] } },
{ "type": "Feature", "properties": { "Display": "1K+410", "River": "鶯歌溪排水左岸", "Name": "鶯歌溪排水左岸1K+410" }, "geometry": { "type": "Point", "coordinates": [ 121.342350503765005, 24.954420866675299, 0.0 ] } },
{ "type": "Feature", "properties": { "Display": "1K+420", "River": "鶯歌溪排水左岸", "Name": "鶯歌溪排水左岸1K+420" }, "geometry": { "type": "Point", "coordinates": [ 121.342321032187002, 24.9545070590558, 0.0 ] } },
{ "type": "Feature", "properties": { "Display": "1K+430", "River": "鶯歌溪排水左岸", "Name": "鶯歌溪排水左岸1K+430" }, "geometry": { "type": "Point", "coordinates": [ 121.342291560568995, 24.954593251429799, 0.0 ] } },
{ "type": "Feature", "properties": { "Display": "1K+440", "River": "鶯歌溪排水左岸", "Name": "鶯歌溪排水左岸1K+440" }, "geometry": { "type": "Point", "coordinates": [ 121.342262498807997, 24.954679558902399, 0.0 ] } },
{ "type": "Feature", "properties": { "Display": "1K+450", "River": "鶯歌溪排水左岸", "Name": "鶯歌溪排水左岸1K+450" }, "geometry": { "type": "Point", "coordinates": [ 121.342233666325996, 24.954765930764701, 0.0 ] } },
{ "type": "Feature", "properties": { "Display": "1K+460", "River": "鶯歌溪排水左岸", "Name": "鶯歌溪排水左岸1K+460" }, "geometry": { "type": "Point", "coordinates": [ 121.342204868641005, 24.954852312201901, 0.0 ] } },
{ "type": "Feature", "properties": { "Display": "1K+470", "River": "鶯歌溪排水左岸", "Name": "鶯歌溪排水左岸1K+470" }, "geometry": { "type": "Point", "coordinates": [ 121.342176495808005, 24.954938810492699, 0.0 ] } },
{ "type": "Feature", "properties": { "Display": "1K+480", "River": "鶯歌溪排水左岸", "Name": "鶯歌溪排水左岸1K+480" }, "geometry": { "type": "Point", "coordinates": [ 121.342148128068004, 24.9550253101728, 0.0 ] } },
{ "type": "Feature", "properties": { "Display": "1K+490", "River": "鶯歌溪排水左岸", "Name": "鶯歌溪排水左岸1K+490" }, "geometry": { "type": "Point", "coordinates": [ 121.342125175703003, 24.955113068164401, 0.0 ] } },
{ "type": "Feature", "properties": { "Display": "1K+500", "River": "鶯歌溪排水左岸", "Name": "鶯歌溪排水左岸1K+500" }, "geometry": { "type": "Point", "coordinates": [ 121.342107262786996, 24.9552017777266, 0.0 ] } },
{ "type": "Feature", "properties": { "Display": "1K+510", "River": "鶯歌溪排水左岸", "Name": "鶯歌溪排水左岸1K+510" }, "geometry": { "type": "Point", "coordinates": [ 121.342100772993007, 24.955291865313999, 0.0 ] } },
{ "type": "Feature", "properties": { "Display": "1K+520", "River": "鶯歌溪排水左岸", "Name": "鶯歌溪排水左岸1K+520" }, "geometry": { "type": "Point", "coordinates": [ 121.342093432379997, 24.955381886863599, 0.0 ] } },
{ "type": "Feature", "properties": { "Display": "1K+530", "River": "鶯歌溪排水左岸", "Name": "鶯歌溪排水左岸1K+530" }, "geometry": { "type": "Point", "coordinates": [ 121.342086528736999, 24.955471946901199, 0.0 ] } },
{ "type": "Feature", "properties": { "Display": "1K+540", "River": "鶯歌溪排水左岸", "Name": "鶯歌溪排水左岸1K+540" }, "geometry": { "type": "Point", "coordinates": [ 121.342085863050997, 24.955562187761899, 0.0 ] } },
{ "type": "Feature", "properties": { "Display": "1K+550", "River": "鶯歌溪排水左岸", "Name": "鶯歌溪排水左岸1K+550" }, "geometry": { "type": "Point", "coordinates": [ 121.342083713503001, 24.955652449509099, 0.0 ] } },
{ "type": "Feature", "properties": { "Display": "1K+560", "River": "鶯歌溪排水左岸", "Name": "鶯歌溪排水左岸1K+560" }, "geometry": { "type": "Point", "coordinates": [ 121.342086070215998, 24.955742675660701, 0.0 ] } },
{ "type": "Feature", "properties": { "Display": "1K+570", "River": "鶯歌溪排水左岸", "Name": "鶯歌溪排水左岸1K+570" }, "geometry": { "type": "Point", "coordinates": [ 121.342097518675999, 24.9558321702496, 0.0 ] } },
{ "type": "Feature", "properties": { "Display": "1K+580", "River": "鶯歌溪排水左岸", "Name": "鶯歌溪排水左岸1K+580" }, "geometry": { "type": "Point", "coordinates": [ 121.342126646493995, 24.955918210054602, 0.0 ] } },
{ "type": "Feature", "properties": { "Display": "1K+590", "River": "鶯歌溪排水左岸", "Name": "鶯歌溪排水左岸1K+590" }, "geometry": { "type": "Point", "coordinates": [ 121.342170427265998, 24.9559991443701, 0.0 ] } },
{ "type": "Feature", "properties": { "Display": "1K+600", "River": "鶯歌溪排水左岸", "Name": "鶯歌溪排水左岸1K+600" }, "geometry": { "type": "Point", "coordinates": [ 121.342215798211001, 24.956079394602401, 0.0 ] } },
{ "type": "Feature", "properties": { "Display": "1K+610", "River": "鶯歌溪排水左岸", "Name": "鶯歌溪排水左岸1K+610" }, "geometry": { "type": "Point", "coordinates": [ 121.342264153402994, 24.9561580892954, 0.0 ] } },
{ "type": "Feature", "properties": { "Display": "1K+620", "River": "鶯歌溪排水左岸", "Name": "鶯歌溪排水左岸1K+620" }, "geometry": { "type": "Point", "coordinates": [ 121.342313814801997, 24.956236172529, 0.0 ] } },
{ "type": "Feature", "properties": { "Display": "1K+630", "River": "鶯歌溪排水左岸", "Name": "鶯歌溪排水左岸1K+630" }, "geometry": { "type": "Point", "coordinates": [ 121.342364640571006, 24.956313620843801, 0.0 ] } },
{ "type": "Feature", "properties": { "Display": "1K+640", "River": "鶯歌溪排水左岸", "Name": "鶯歌溪排水左岸1K+640" }, "geometry": { "type": "Point", "coordinates": [ 121.342415478500001, 24.956391083415902, 0.0 ] } },
{ "type": "Feature", "properties": { "Display": "1K+650", "River": "鶯歌溪排水左岸", "Name": "鶯歌溪排水左岸1K+650" }, "geometry": { "type": "Point", "coordinates": [ 121.342465483487004, 24.956469011518202, 0.0 ] } },
{ "type": "Feature", "properties": { "Display": "1K+660", "River": "鶯歌溪排水左岸", "Name": "鶯歌溪排水左岸1K+660" }, "geometry": { "type": "Point", "coordinates": [ 121.342513372577997, 24.956548001754602, 0.0 ] } },
{ "type": "Feature", "properties": { "Display": "1K+670", "River": "鶯歌溪排水左岸", "Name": "鶯歌溪排水左岸1K+670" }, "geometry": { "type": "Point", "coordinates": [ 121.342557645311999, 24.956628760615299, 0.0 ] } },
{ "type": "Feature", "properties": { "Display": "1K+680", "River": "鶯歌溪排水左岸", "Name": "鶯歌溪排水左岸1K+680" }, "geometry": { "type": "Point", "coordinates": [ 121.342601918106993, 24.956709519460102, 0.0 ] } },
{ "type": "Feature", "properties": { "Display": "1K+690", "River": "鶯歌溪排水左岸", "Name": "鶯歌溪排水左岸1K+690" }, "geometry": { "type": "Point", "coordinates": [ 121.342614661907007, 24.9567789729597, 0.0 ] } },
{ "type": "Feature", "properties": { "Display": "1K+700", "River": "鶯歌溪排水左岸", "Name": "鶯歌溪排水左岸1K+700" }, "geometry": { "type": "Point", "coordinates": [ 121.342587078663001, 24.956837264066301, 0.0 ] } },
{ "type": "Feature", "properties": { "Display": "1K+710", "River": "鶯歌溪排水左岸", "Name": "鶯歌溪排水左岸1K+710" }, "geometry": { "type": "Point", "coordinates": [ 121.342619322635002, 24.9569226161397, 0.0 ] } },
{ "type": "Feature", "properties": { "Display": "1K+720", "River": "鶯歌溪排水左岸", "Name": "鶯歌溪排水左岸1K+720" }, "geometry": { "type": "Point", "coordinates": [ 121.342648515766996, 24.957008873295099, 0.0 ] } },
{ "type": "Feature", "properties": { "Display": "1K+730", "River": "鶯歌溪排水左岸", "Name": "鶯歌溪排水左岸1K+730" }, "geometry": { "type": "Point", "coordinates": [ 121.342714938829999, 24.957042361383401, 0.0 ] } },
{ "type": "Feature", "properties": { "Display": "1K+740", "River": "鶯歌溪排水左岸", "Name": "鶯歌溪排水左岸1K+740" }, "geometry": { "type": "Point", "coordinates": [ 121.342801764637002, 24.957063134398901, 0.0 ] } },
{ "type": "Feature", "properties": { "Display": "1K+750", "River": "鶯歌溪排水左岸", "Name": "鶯歌溪排水左岸1K+750" }, "geometry": { "type": "Point", "coordinates": [ 121.342807234982999, 24.957152780197099, 0.0 ] } },
{ "type": "Feature", "properties": { "Display": "1K+760", "River": "鶯歌溪排水左岸", "Name": "鶯歌溪排水左岸1K+760" }, "geometry": { "type": "Point", "coordinates": [ 121.342807891807993, 24.957243061222002, 0.0 ] } },
{ "type": "Feature", "properties": { "Display": "1K+770", "River": "鶯歌溪排水左岸", "Name": "鶯歌溪排水左岸1K+770" }, "geometry": { "type": "Point", "coordinates": [ 121.342808548636, 24.9573333422457, 0.0 ] } },
{ "type": "Feature", "properties": { "Display": "1K+780", "River": "鶯歌溪排水左岸", "Name": "鶯歌溪排水左岸1K+780" }, "geometry": { "type": "Point", "coordinates": [ 121.342809205465002, 24.957423623268401, 0.0 ] } },
{ "type": "Feature", "properties": { "Display": "1K+790", "River": "鶯歌溪排水左岸", "Name": "鶯歌溪排水左岸1K+790" }, "geometry": { "type": "Point", "coordinates": [ 121.342809862295994, 24.9575139042899, 0.0 ] } },
{ "type": "Feature", "properties": { "Display": "1K+800", "River": "鶯歌溪排水左岸", "Name": "鶯歌溪排水左岸1K+800" }, "geometry": { "type": "Point", "coordinates": [ 121.342810519129003, 24.957604185310299, 0.0 ] } },
{ "type": "Feature", "properties": { "Display": "1K+810", "River": "鶯歌溪排水左岸", "Name": "鶯歌溪排水左岸1K+810" }, "geometry": { "type": "Point", "coordinates": [ 121.342811175964002, 24.957694466329698, 0.0 ] } },
{ "type": "Feature", "properties": { "Display": "1K+820", "River": "鶯歌溪排水左岸", "Name": "鶯歌溪排水左岸1K+820" }, "geometry": { "type": "Point", "coordinates": [ 121.342816350248995, 24.957784566863001, 0.0 ] } },
{ "type": "Feature", "properties": { "Display": "1K+830", "River": "鶯歌溪排水左岸", "Name": "鶯歌溪排水左岸1K+830" }, "geometry": { "type": "Point", "coordinates": [ 121.342824359426004, 24.957874554133301, 0.0 ] } },
{ "type": "Feature", "properties": { "Display": "1K+840", "River": "鶯歌溪排水左岸", "Name": "鶯歌溪排水左岸1K+840" }, "geometry": { "type": "Point", "coordinates": [ 121.342832368615007, 24.9579645414019, 0.0 ] } },
{ "type": "Feature", "properties": { "Display": "1K+850", "River": "鶯歌溪排水左岸", "Name": "鶯歌溪排水左岸1K+850" }, "geometry": { "type": "Point", "coordinates": [ 121.342839863685001, 24.9580545439815, 0.0 ] } },
{ "type": "Feature", "properties": { "Display": "1K+860", "River": "鶯歌溪排水左岸", "Name": "鶯歌溪排水左岸1K+860" }, "geometry": { "type": "Point", "coordinates": [ 121.342838314418998, 24.958144815932901, 0.0 ] } },
{ "type": "Feature", "properties": { "Display": "1K+870", "River": "鶯歌溪排水左岸", "Name": "鶯歌溪排水左岸1K+870" }, "geometry": { "type": "Point", "coordinates": [ 121.342836765152001, 24.9582350878831, 0.0 ] } },
{ "type": "Feature", "properties": { "Display": "1K+880", "River": "鶯歌溪排水左岸", "Name": "鶯歌溪排水左岸1K+880" }, "geometry": { "type": "Point", "coordinates": [ 121.342823038120002, 24.958323678111199, 0.0 ] } },
{ "type": "Feature", "properties": { "Display": "1K+890", "River": "鶯歌溪排水左岸", "Name": "鶯歌溪排水左岸1K+890" }, "geometry": { "type": "Point", "coordinates": [ 121.342792973822995, 24.958409680870801, 0.0 ] } },
{ "type": "Feature", "properties": { "Display": "1K+900", "River": "鶯歌溪排水左岸", "Name": "鶯歌溪排水左岸1K+900" }, "geometry": { "type": "Point", "coordinates": [ 121.342765245744999, 24.958496351098098, 0.0 ] } },
{ "type": "Feature", "properties": { "Display": "1K+910", "River": "鶯歌溪排水左岸", "Name": "鶯歌溪排水左岸1K+910" }, "geometry": { "type": "Point", "coordinates": [ 121.342734461960006, 24.9585821612839, 0.0 ] } },
{ "type": "Feature", "properties": { "Display": "1K+920", "River": "鶯歌溪排水左岸", "Name": "鶯歌溪排水左岸1K+920" }, "geometry": { "type": "Point", "coordinates": [ 121.342706068490003, 24.958668636749699, 0.0 ] } },
{ "type": "Feature", "properties": { "Display": "1K+930", "River": "鶯歌溪排水左岸", "Name": "鶯歌溪排水左岸1K+930" }, "geometry": { "type": "Point", "coordinates": [ 121.342681234956004, 24.958756029438899, 0.0 ] } },
{ "type": "Feature", "properties": { "Display": "1K+940", "River": "鶯歌溪排水左岸", "Name": "鶯歌溪排水左岸1K+940" }, "geometry": { "type": "Point", "coordinates": [ 121.342656020990006, 24.9588433253898, 0.0 ] } },
{ "type": "Feature", "properties": { "Display": "1K+950", "River": "鶯歌溪排水左岸", "Name": "鶯歌溪排水左岸1K+950" }, "geometry": { "type": "Point", "coordinates": [ 121.342629491994003, 24.958930300552801, 0.0 ] } },
{ "type": "Feature", "properties": { "Display": "1K+960", "River": "鶯歌溪排水左岸", "Name": "鶯歌溪排水左岸1K+960" }, "geometry": { "type": "Point", "coordinates": [ 121.342603447070005, 24.9590173683922, 0.0 ] } },
{ "type": "Feature", "properties": { "Display": "1K+970", "River": "鶯歌溪排水左岸", "Name": "鶯歌溪排水左岸1K+970" }, "geometry": { "type": "Point", "coordinates": [ 121.342575306314004, 24.959103925217299, 0.0 ] } },
{ "type": "Feature", "properties": { "Display": "1K+980", "River": "鶯歌溪排水左岸", "Name": "鶯歌溪排水左岸1K+980" }, "geometry": { "type": "Point", "coordinates": [ 121.342559113243993, 24.959192471451999, 0.0 ] } },
{ "type": "Feature", "properties": { "Display": "1K+990", "River": "鶯歌溪排水左岸", "Name": "鶯歌溪排水左岸1K+990" }, "geometry": { "type": "Point", "coordinates": [ 121.342561001706997, 24.959282676797301, 0.0 ] } },
{ "type": "Feature", "properties": { "Display": "2K+000", "River": "鶯歌溪排水左岸", "Name": "鶯歌溪排水左岸2K+000" }, "geometry": { "type": "Point", "coordinates": [ 121.342565304770005, 24.959372842656901, 0.0 ] } },
{ "type": "Feature", "properties": { "Display": "2K+010", "River": "鶯歌溪排水左岸", "Name": "鶯歌溪排水左岸2K+010" }, "geometry": { "type": "Point", "coordinates": [ 121.342575590685996, 24.959462618577401, 0.0 ] } },
{ "type": "Feature", "properties": { "Display": "2K+020", "River": "鶯歌溪排水左岸", "Name": "鶯歌溪排水左岸2K+020" }, "geometry": { "type": "Point", "coordinates": [ 121.342587919652999, 24.959552195158398, 0.0 ] } },
{ "type": "Feature", "properties": { "Display": "2K+030", "River": "鶯歌溪排水左岸", "Name": "鶯歌溪排水左岸2K+030" }, "geometry": { "type": "Point", "coordinates": [ 121.342602532116004, 24.9596414885137, 0.0 ] } },
{ "type": "Feature", "properties": { "Display": "2K+040", "River": "鶯歌溪排水左岸", "Name": "鶯歌溪排水左岸2K+040" }, "geometry": { "type": "Point", "coordinates": [ 121.342618359472993, 24.959730609036999, 0.0 ] } },
{ "type": "Feature", "properties": { "Display": "2K+050", "River": "鶯歌溪排水左岸", "Name": "鶯歌溪排水左岸2K+050" }, "geometry": { "type": "Point", "coordinates": [ 121.342644311694997, 24.959817452206899, 0.0 ] } },
{ "type": "Feature", "properties": { "Display": "2K+060", "River": "鶯歌溪排水左岸", "Name": "鶯歌溪排水左岸2K+060" }, "geometry": { "type": "Point", "coordinates": [ 121.342677471936994, 24.959902522567699, 0.0 ] } },
{ "type": "Feature", "properties": { "Display": "2K+070", "River": "鶯歌溪排水左岸", "Name": "鶯歌溪排水左岸2K+070" }, "geometry": { "type": "Point", "coordinates": [ 121.342703292820005, 24.9599896572105, 0.0 ] } },
{ "type": "Feature", "properties": { "Display": "2K+080", "River": "鶯歌溪排水左岸", "Name": "鶯歌溪排水左岸2K+080" }, "geometry": { "type": "Point", "coordinates": [ 121.342728473117006, 24.960076973218001, 0.0 ] } },
{ "type": "Feature", "properties": { "Display": "2K+090", "River": "鶯歌溪排水左岸", "Name": "鶯歌溪排水左岸2K+090" }, "geometry": { "type": "Point", "coordinates": [ 121.342753653450998, 24.960164289219801, 0.0 ] } },
{ "type": "Feature", "properties": { "Display": "2K+100", "River": "鶯歌溪排水左岸", "Name": "鶯歌溪排水左岸2K+100" }, "geometry": { "type": "Point", "coordinates": [ 121.342765562525003, 24.960253797766502, 0.0 ] } },
{ "type": "Feature", "properties": { "Display": "2K+110", "River": "鶯歌溪排水左岸", "Name": "鶯歌溪排水左岸2K+110" }, "geometry": { "type": "Point", "coordinates": [ 121.342775595635004, 24.960343616241801, 0.0 ] } },
{ "type": "Feature", "properties": { "Display": "2K+120", "River": "鶯歌溪排水左岸", "Name": "鶯歌溪排水左岸2K+120" }, "geometry": { "type": "Point", "coordinates": [ 121.342783818816997, 24.960433548515599, 0.0 ] } },
{ "type": "Feature", "properties": { "Display": "2K+130", "River": "鶯歌溪排水左岸", "Name": "鶯歌溪排水左岸2K+130" }, "geometry": { "type": "Point", "coordinates": [ 121.342787407166, 24.9605237722045, 0.0 ] } },
{ "type": "Feature", "properties": { "Display": "2K+140", "River": "鶯歌溪排水左岸", "Name": "鶯歌溪排水左岸2K+140" }, "geometry": { "type": "Point", "coordinates": [ 121.342791140938004, 24.960613989543901, 0.0 ] } },
{ "type": "Feature", "properties": { "Display": "2K+150", "River": "鶯歌溪排水左岸", "Name": "鶯歌溪排水左岸2K+150" }, "geometry": { "type": "Point", "coordinates": [ 121.342797026070997, 24.960704112965999, 0.0 ] } },
{ "type": "Feature", "properties": { "Display": "2K+160", "River": "鶯歌溪排水左岸", "Name": "鶯歌溪排水左岸2K+160" }, "geometry": { "type": "Point", "coordinates": [ 121.342802911212999, 24.960794236386601, 0.0 ] } },
{ "type": "Feature", "properties": { "Display": "2K+170", "River": "鶯歌溪排水左岸", "Name": "鶯歌溪排水左岸2K+170" }, "geometry": { "type": "Point", "coordinates": [ 121.342808796365006, 24.960884359805799, 0.0 ] } },
{ "type": "Feature", "properties": { "Display": "2K+180", "River": "鶯歌溪排水左岸", "Name": "鶯歌溪排水左岸2K+180" }, "geometry": { "type": "Point", "coordinates": [ 121.342801817321998, 24.960974106424, 0.0 ] } },
{ "type": "Feature", "properties": { "Display": "2K+190", "River": "鶯歌溪排水左岸", "Name": "鶯歌溪排水左岸2K+190" }, "geometry": { "type": "Point", "coordinates": [ 121.342771757321998, 24.961059995196202, 0.0 ] } },
{ "type": "Feature", "properties": { "Display": "2K+200", "River": "鶯歌溪排水左岸", "Name": "鶯歌溪排水左岸2K+200" }, "geometry": { "type": "Point", "coordinates": [ 121.342725446475995, 24.9611397715687, 0.0 ] } },
{ "type": "Feature", "properties": { "Display": "2K+210", "River": "鶯歌溪排水左岸", "Name": "鶯歌溪排水左岸2K+210" }, "geometry": { "type": "Point", "coordinates": [ 121.342651831126005, 24.961198224427399, 0.0 ] } },
{ "type": "Feature", "properties": { "Display": "2K+220", "River": "鶯歌溪排水左岸", "Name": "鶯歌溪排水左岸2K+220" }, "geometry": { "type": "Point", "coordinates": [ 121.342568038029995, 24.9612457352465, 0.0 ] } },
{ "type": "Feature", "properties": { "Display": "2K+230", "River": "鶯歌溪排水左岸", "Name": "鶯歌溪排水左岸2K+230" }, "geometry": { "type": "Point", "coordinates": [ 121.342470277911005, 24.961257335757601, 0.0 ] } },
{ "type": "Feature", "properties": { "Display": "2K+240", "River": "鶯歌溪排水左岸", "Name": "鶯歌溪排水左岸2K+240" }, "geometry": { "type": "Point", "coordinates": [ 121.342371374961999, 24.9612551346606, 0.0 ] } },
{ "type": "Feature", "properties": { "Display": "2K+250", "River": "鶯歌溪排水左岸", "Name": "鶯歌溪排水左岸2K+250" }, "geometry": { "type": "Point", "coordinates": [ 121.342272589679993, 24.961248711234798, 0.0 ] } },
{ "type": "Feature", "properties": { "Display": "2K+260", "River": "鶯歌溪排水左岸", "Name": "鶯歌溪排水左岸2K+260" }, "geometry": { "type": "Point", "coordinates": [ 121.342174539989003, 24.9612370446164, 0.0 ] } },
{ "type": "Feature", "properties": { "Display": "2K+270", "River": "鶯歌溪排水左岸", "Name": "鶯歌溪排水左岸2K+270" }, "geometry": { "type": "Point", "coordinates": [ 121.342079457878, 24.961211862977699, 0.0 ] } },
{ "type": "Feature", "properties": { "Display": "2K+280", "River": "鶯歌溪排水左岸", "Name": "鶯歌溪排水左岸2K+280" }, "geometry": { "type": "Point", "coordinates": [ 121.341984753874996, 24.961185483162101, 0.0 ] } },
{ "type": "Feature", "properties": { "Display": "2K+290", "River": "鶯歌溪排水左岸", "Name": "鶯歌溪排水左岸2K+290" }, "geometry": { "type": "Point", "coordinates": [ 121.341892085721994, 24.961153697813899, 0.0 ] } },
{ "type": "Feature", "properties": { "Display": "2K+300", "River": "鶯歌溪排水左岸", "Name": "鶯歌溪排水左岸2K+300" }, "geometry": { "type": "Point", "coordinates": [ 121.341797918283007, 24.961125743400601, 0.0 ] } },
{ "type": "Feature", "properties": { "Display": "2K+310", "River": "鶯歌溪排水左岸", "Name": "鶯歌溪排水左岸2K+310" }, "geometry": { "type": "Point", "coordinates": [ 121.341701614493005, 24.961104861269799, 0.0 ] } },
{ "type": "Feature", "properties": { "Display": "2K+320", "River": "鶯歌溪排水左岸", "Name": "鶯歌溪排水左岸2K+320" }, "geometry": { "type": "Point", "coordinates": [ 121.341604783169004, 24.961085916943901, 0.0 ] } },
{ "type": "Feature", "properties": { "Display": "2K+330", "River": "鶯歌溪排水左岸", "Name": "鶯歌溪排水左岸2K+330" }, "geometry": { "type": "Point", "coordinates": [ 121.341507949481993, 24.961066982704502, 0.0 ] } },
{ "type": "Feature", "properties": { "Display": "2K+340", "River": "鶯歌溪排水左岸", "Name": "鶯歌溪排水左岸2K+340" }, "geometry": { "type": "Point", "coordinates": [ 121.341410832826995, 24.961049321047302, 0.0 ] } },
{ "type": "Feature", "properties": { "Display": "2K+350", "River": "鶯歌溪排水左岸", "Name": "鶯歌溪排水左岸2K+350" }, "geometry": { "type": "Point", "coordinates": [ 121.341313905419, 24.961030802303402, 0.0 ] } },
{ "type": "Feature", "properties": { "Display": "2K+360", "River": "鶯歌溪排水左岸", "Name": "鶯歌溪排水左岸2K+360" }, "geometry": { "type": "Point", "coordinates": [ 121.341216242127999, 24.9610167082602, 0.0 ] } },
{ "type": "Feature", "properties": { "Display": "2K+370", "River": "鶯歌溪排水左岸", "Name": "鶯歌溪排水左岸2K+370" }, "geometry": { "type": "Point", "coordinates": [ 121.341117511975, 24.961009987836199, 0.0 ] } },
{ "type": "Feature", "properties": { "Display": "2K+380", "River": "鶯歌溪排水左岸", "Name": "鶯歌溪排水左岸2K+380" }, "geometry": { "type": "Point", "coordinates": [ 121.341018834305999, 24.961013607151202, 0.0 ] } },
{ "type": "Feature", "properties": { "Display": "2K+390", "River": "鶯歌溪排水左岸", "Name": "鶯歌溪排水左岸2K+390" }, "geometry": { "type": "Point", "coordinates": [ 121.340921051812003, 24.961027925588699, 0.0 ] } },
{ "type": "Feature", "properties": { "Display": "2K+400", "River": "鶯歌溪排水左岸", "Name": "鶯歌溪排水左岸2K+400" }, "geometry": { "type": "Point", "coordinates": [ 121.340826565894005, 24.961054890053799, 0.0 ] } },
{ "type": "Feature", "properties": { "Display": "2K+410", "River": "鶯歌溪排水左岸", "Name": "鶯歌溪排水左岸2K+410" }, "geometry": { "type": "Point", "coordinates": [ 121.340732373405004, 24.9610827787657, 0.0 ] } },
{ "type": "Feature", "properties": { "Display": "2K+420", "River": "鶯歌溪排水左岸", "Name": "鶯歌溪排水左岸2K+420" }, "geometry": { "type": "Point", "coordinates": [ 121.340637554131007, 24.961108838769199, 0.0 ] } },
{ "type": "Feature", "properties": { "Display": "2K+430", "River": "鶯歌溪排水左岸", "Name": "鶯歌溪排水左岸2K+430" }, "geometry": { "type": "Point", "coordinates": [ 121.340556997823995, 24.961160310756501, 0.0 ] } },
{ "type": "Feature", "properties": { "Display": "2K+440", "River": "鶯歌溪排水左岸", "Name": "鶯歌溪排水左岸2K+440" }, "geometry": { "type": "Point", "coordinates": [ 121.340490629951006, 24.961226726976399, 0.0 ] } },
{ "type": "Feature", "properties": { "Display": "2K+450", "River": "鶯歌溪排水左岸", "Name": "鶯歌溪排水左岸2K+450" }, "geometry": { "type": "Point", "coordinates": [ 121.340446947903999, 24.961306796400301, 0.0 ] } },
{ "type": "Feature", "properties": { "Display": "2K+460", "River": "鶯歌溪排水左岸", "Name": "鶯歌溪排水左岸2K+460" }, "geometry": { "type": "Point", "coordinates": [ 121.340455429081004, 24.961395655450598, 0.0 ] } },
{ "type": "Feature", "properties": { "Display": "2K+470", "River": "鶯歌溪排水左岸", "Name": "鶯歌溪排水左岸2K+470" }, "geometry": { "type": "Point", "coordinates": [ 121.340480363954995, 24.961483021417799, 0.0 ] } },
{ "type": "Feature", "properties": { "Display": "2K+480", "River": "鶯歌溪排水左岸", "Name": "鶯歌溪排水左岸2K+480" }, "geometry": { "type": "Point", "coordinates": [ 121.340507948256004, 24.9615697258754, 0.0 ] } },
{ "type": "Feature", "properties": { "Display": "2K+490", "River": "鶯歌溪排水左岸", "Name": "鶯歌溪排水左岸2K+490" }, "geometry": { "type": "Point", "coordinates": [ 121.340554840832993, 24.961647972831699, 0.0 ] } },
{ "type": "Feature", "properties": { "Display": "2K+500", "River": "鶯歌溪排水左岸", "Name": "鶯歌溪排水左岸2K+500" }, "geometry": { "type": "Point", "coordinates": [ 121.340619720958003, 24.961716130812501, 0.0 ] } },
{ "type": "Feature", "properties": { "Display": "2K+510", "River": "鶯歌溪排水左岸", "Name": "鶯歌溪排水左岸2K+510" }, "geometry": { "type": "Point", "coordinates": [ 121.340692656526997, 24.961777118787499, 0.0 ] } },
{ "type": "Feature", "properties": { "Display": "2K+520", "River": "鶯歌溪排水左岸", "Name": "鶯歌溪排水左岸2K+520" }, "geometry": { "type": "Point", "coordinates": [ 121.340766405343004, 24.961837376347599, 0.0 ] } },
{ "type": "Feature", "properties": { "Display": "2K+530", "River": "鶯歌溪排水左岸", "Name": "鶯歌溪排水左岸2K+530" }, "geometry": { "type": "Point", "coordinates": [ 121.340838472575001, 24.961899302060701, 0.0 ] } },
{ "type": "Feature", "properties": { "Display": "2K+540", "River": "鶯歌溪排水左岸", "Name": "鶯歌溪排水左岸2K+540" }, "geometry": { "type": "Point", "coordinates": [ 121.340911066979004, 24.9619607147105, 0.0 ] } },
{ "type": "Feature", "properties": { "Display": "2K+550", "River": "鶯歌溪排水左岸", "Name": "鶯歌溪排水左岸2K+550" }, "geometry": { "type": "Point", "coordinates": [ 121.340982770531994, 24.962022930378101, 0.0 ] } },
{ "type": "Feature", "properties": { "Display": "2K+560", "River": "鶯歌溪排水左岸", "Name": "鶯歌溪排水左岸2K+560" }, "geometry": { "type": "Point", "coordinates": [ 121.341038880021998, 24.962095658740001, 0.0 ] } },
{ "type": "Feature", "properties": { "Display": "2K+570", "River": "鶯歌溪排水左岸", "Name": "鶯歌溪排水左岸2K+570" }, "geometry": { "type": "Point", "coordinates": [ 121.341067828388006, 24.962181943669599, 0.0 ] } },
{ "type": "Feature", "properties": { "Display": "2K+580", "River": "鶯歌溪排水左岸", "Name": "鶯歌溪排水左岸2K+580" }, "geometry": { "type": "Point", "coordinates": [ 121.341067597958002, 24.9622719026403, 0.0 ] } },
{ "type": "Feature", "properties": { "Display": "2K+590", "River": "鶯歌溪排水左岸", "Name": "鶯歌溪排水左岸2K+590" }, "geometry": { "type": "Point", "coordinates": [ 121.341064796598005, 24.962362149477801, 0.0 ] } },
{ "type": "Feature", "properties": { "Display": "2K+600", "River": "鶯歌溪排水左岸", "Name": "鶯歌溪排水左岸2K+600" }, "geometry": { "type": "Point", "coordinates": [ 121.341036074784, 24.962448264244699, 0.0 ] } },
{ "type": "Feature", "properties": { "Display": "2K+610", "River": "鶯歌溪排水左岸", "Name": "鶯歌溪排水左岸2K+610" }, "geometry": { "type": "Point", "coordinates": [ 121.341004935203998, 24.962533965807101, 0.0 ] } },
{ "type": "Feature", "properties": { "Display": "2K+620", "River": "鶯歌溪排水左岸", "Name": "鶯歌溪排水左岸2K+620" }, "geometry": { "type": "Point", "coordinates": [ 121.340969548613998, 24.962616714364, 0.0 ] } },
{ "type": "Feature", "properties": { "Display": "2K+630", "River": "鶯歌溪排水左岸", "Name": "鶯歌溪排水左岸2K+630" }, "geometry": { "type": "Point", "coordinates": [ 121.340935807375004, 24.962701596145202, 0.0 ] } },
{ "type": "Feature", "properties": { "Display": "2K+640", "River": "鶯歌溪排水左岸", "Name": "鶯歌溪排水左岸2K+640" }, "geometry": { "type": "Point", "coordinates": [ 121.340897902956002, 24.962784715937602, 0.0 ] } },
{ "type": "Feature", "properties": { "Display": "2K+650", "River": "鶯歌溪排水左岸", "Name": "鶯歌溪排水左岸2K+650" }, "geometry": { "type": "Point", "coordinates": [ 121.340848549843003, 24.962862990262899, 0.0 ] } },
{ "type": "Feature", "properties": { "Display": "2K+660", "River": "鶯歌溪排水左岸", "Name": "鶯歌溪排水左岸2K+660" }, "geometry": { "type": "Point", "coordinates": [ 121.340799196667007, 24.9629412645718, 0.0 ] } },
{ "type": "Feature", "properties": { "Display": "2K+670", "River": "鶯歌溪排水左岸", "Name": "鶯歌溪排水左岸2K+670" }, "geometry": { "type": "Point", "coordinates": [ 121.340749843430004, 24.963019538864199, 0.0 ] } },
{ "type": "Feature", "properties": { "Display": "2K+680", "River": "鶯歌溪排水左岸", "Name": "鶯歌溪排水左岸2K+680" }, "geometry": { "type": "Point", "coordinates": [ 121.340700407987995, 24.963097770042801, 0.0 ] } },
{ "type": "Feature", "properties": { "Display": "2K+690", "River": "鶯歌溪排水左岸", "Name": "鶯歌溪排水左岸2K+690" }, "geometry": { "type": "Point", "coordinates": [ 121.340650956142994, 24.963175992631101, 0.0 ] } },
{ "type": "Feature", "properties": { "Display": "2K+700", "River": "鶯歌溪排水左岸", "Name": "鶯歌溪排水左岸2K+700" }, "geometry": { "type": "Point", "coordinates": [ 121.340601681749007, 24.963254293500501, 0.0 ] } },
{ "type": "Feature", "properties": { "Display": "2K+710", "River": "鶯歌溪排水左岸", "Name": "鶯歌溪排水左岸2K+710" }, "geometry": { "type": "Point", "coordinates": [ 121.340565086557007, 24.963338186948, 0.0 ] } },
{ "type": "Feature", "properties": { "Display": "2K+720", "River": "鶯歌溪排水左岸", "Name": "鶯歌溪排水左岸2K+720" }, "geometry": { "type": "Point", "coordinates": [ 121.340528491317002, 24.963422080386099, 0.0 ] } },
{ "type": "Feature", "properties": { "Display": "2K+730", "River": "鶯歌溪排水左岸", "Name": "鶯歌溪排水左岸2K+730" }, "geometry": { "type": "Point", "coordinates": [ 121.340496061075996, 24.963507316221701, 0.0 ] } },
{ "type": "Feature", "properties": { "Display": "2K+740", "River": "鶯歌溪排水左岸", "Name": "鶯歌溪排水左岸2K+740" }, "geometry": { "type": "Point", "coordinates": [ 121.340466766980001, 24.963593559390802, 0.0 ] } },
{ "type": "Feature", "properties": { "Display": "2K+750", "River": "鶯歌溪排水左岸", "Name": "鶯歌溪排水左岸2K+750" }, "geometry": { "type": "Point", "coordinates": [ 121.340438716444993, 24.963680131093401, 0.0 ] } },
{ "type": "Feature", "properties": { "Display": "2K+760", "River": "鶯歌溪排水左岸", "Name": "鶯歌溪排水左岸2K+760" }, "geometry": { "type": "Point", "coordinates": [ 121.340409046762005, 24.963766258341199, 0.0 ] } },
{ "type": "Feature", "properties": { "Display": "2K+770", "River": "鶯歌溪排水左岸", "Name": "鶯歌溪排水左岸2K+770" }, "geometry": { "type": "Point", "coordinates": [ 121.340391079629995, 24.963854838665299, 0.0 ] } },
{ "type": "Feature", "properties": { "Display": "2K+780", "River": "鶯歌溪排水左岸", "Name": "鶯歌溪排水左岸2K+780" }, "geometry": { "type": "Point", "coordinates": [ 121.340395579843999, 24.963944829324902, 0.0 ] } },
{ "type": "Feature", "properties": { "Display": "2K+790", "River": "鶯歌溪排水左岸", "Name": "鶯歌溪排水左岸2K+790" }, "geometry": { "type": "Point", "coordinates": [ 121.340430712639005, 24.964028831226798, 0.0 ] } },
{ "type": "Feature", "properties": { "Display": "2K+800", "River": "鶯歌溪排水左岸", "Name": "鶯歌溪排水左岸2K+800" }, "geometry": { "type": "Point", "coordinates": [ 121.340487459762997, 24.964102034742201, 0.0 ] } },
{ "type": "Feature", "properties": { "Display": "2K+810", "River": "鶯歌溪排水左岸", "Name": "鶯歌溪排水左岸2K+810" }, "geometry": { "type": "Point", "coordinates": [ 121.340568411725997, 24.964153088093799, 0.0 ] } },
{ "type": "Feature", "properties": { "Display": "2K+820", "River": "鶯歌溪排水左岸", "Name": "鶯歌溪排水左岸2K+820" }, "geometry": { "type": "Point", "coordinates": [ 121.340665292527007, 24.9641690980358, 0.0 ] } },
{ "type": "Feature", "properties": { "Display": "2K+830", "River": "鶯歌溪排水左岸", "Name": "鶯歌溪排水左岸2K+830" }, "geometry": { "type": "Point", "coordinates": [ 121.340764039522995, 24.9641760211892, 0.0 ] } },
{ "type": "Feature", "properties": { "Display": "2K+840", "River": "鶯歌溪排水左岸", "Name": "鶯歌溪排水左岸2K+840" }, "geometry": { "type": "Point", "coordinates": [ 121.340860552677995, 24.964196049530798, 0.0 ] } },
{ "type": "Feature", "properties": { "Display": "2K+850", "River": "鶯歌溪排水左岸", "Name": "鶯歌溪排水左岸2K+850" }, "geometry": { "type": "Point", "coordinates": [ 121.340956529691994, 24.964218278496102, 0.0 ] } },
{ "type": "Feature", "properties": { "Display": "2K+860", "River": "鶯歌溪排水左岸", "Name": "鶯歌溪排水左岸2K+860" }, "geometry": { "type": "Point", "coordinates": [ 121.341052248821995, 24.9642414464486, 0.0 ] } },
{ "type": "Feature", "properties": { "Display": "2K+870", "River": "鶯歌溪排水左岸", "Name": "鶯歌溪排水左岸2K+870" }, "geometry": { "type": "Point", "coordinates": [ 121.341148258843006, 24.9642636027205, 0.0 ] } },
{ "type": "Feature", "properties": { "Display": "2K+880", "River": "鶯歌溪排水左岸", "Name": "鶯歌溪排水左岸2K+880" }, "geometry": { "type": "Point", "coordinates": [ 121.341244429325002, 24.964285154797398, 0.0 ] } },
{ "type": "Feature", "properties": { "Display": "2K+890", "River": "鶯歌溪排水左岸", "Name": "鶯歌溪排水左岸2K+890" }, "geometry": { "type": "Point", "coordinates": [ 121.341340922629996, 24.964305491831901, 0.0 ] } },
{ "type": "Feature", "properties": { "Display": "2K+900", "River": "鶯歌溪排水左岸", "Name": "鶯歌溪排水左岸2K+900" }, "geometry": { "type": "Point", "coordinates": [ 121.341434873021996, 24.964333682011301, 0.0 ] } },
{ "type": "Feature", "properties": { "Display": "2K+910", "River": "鶯歌溪排水左岸", "Name": "鶯歌溪排水左岸2K+910" }, "geometry": { "type": "Point", "coordinates": [ 121.341518689751993, 24.964380171371001, 0.0 ] } },
{ "type": "Feature", "properties": { "Display": "2K+920", "River": "鶯歌溪排水左岸", "Name": "鶯歌溪排水左岸2K+920" }, "geometry": { "type": "Point", "coordinates": [ 121.341579437191001, 24.964451152691499, 0.0 ] } },
{ "type": "Feature", "properties": { "Display": "2K+930", "River": "鶯歌溪排水左岸", "Name": "鶯歌溪排水左岸2K+930" }, "geometry": { "type": "Point", "coordinates": [ 121.341638702121003, 24.964523487097601, 0.0 ] } },
{ "type": "Feature", "properties": { "Display": "2K+940", "River": "鶯歌溪排水左岸", "Name": "鶯歌溪排水左岸2K+940" }, "geometry": { "type": "Point", "coordinates": [ 121.341625723598995, 24.964612697259199, 0.0 ] } },
{ "type": "Feature", "properties": { "Display": "2K+950", "River": "鶯歌溪排水左岸", "Name": "鶯歌溪排水左岸2K+950" }, "geometry": { "type": "Point", "coordinates": [ 121.341612800049006, 24.964702208241601, 0.0 ] } },
{ "type": "Feature", "properties": { "Display": "2K+960", "River": "鶯歌溪排水左岸", "Name": "鶯歌溪排水左岸2K+960" }, "geometry": { "type": "Point", "coordinates": [ 121.341599876480004, 24.964791719221999, 0.0 ] } },
{ "type": "Feature", "properties": { "Display": "2K+970", "River": "鶯歌溪排水左岸", "Name": "鶯歌溪排水左岸2K+970" }, "geometry": { "type": "Point", "coordinates": [ 121.341586952894005, 24.964881230200501, 0.0 ] } },
{ "type": "Feature", "properties": { "Display": "2K+980", "River": "鶯歌溪排水左岸", "Name": "鶯歌溪排水左岸2K+980" }, "geometry": { "type": "Point", "coordinates": [ 121.341574029290001, 24.964970741176899, 0.0 ] } },
{ "type": "Feature", "properties": { "Display": "2K+990", "River": "鶯歌溪排水左岸", "Name": "鶯歌溪排水左岸2K+990" }, "geometry": { "type": "Point", "coordinates": [ 121.341561105668006, 24.9650602521513, 0.0 ] } },
{ "type": "Feature", "properties": { "Display": "3K+000", "River": "鶯歌溪排水左岸", "Name": "鶯歌溪排水左岸3K+000" }, "geometry": { "type": "Point", "coordinates": [ 121.341548182028006, 24.965149763123701, 0.0 ] } },
{ "type": "Feature", "properties": { "Display": "3K+010", "River": "鶯歌溪排水左岸", "Name": "鶯歌溪排水左岸3K+010" }, "geometry": { "type": "Point", "coordinates": [ 121.341539853632995, 24.965239558114899, 0.0 ] } },
{ "type": "Feature", "properties": { "Display": "3K+020", "River": "鶯歌溪排水左岸", "Name": "鶯歌溪排水左岸3K+020" }, "geometry": { "type": "Point", "coordinates": [ 121.341558710399994, 24.965327893466799, 0.0 ] } },
{ "type": "Feature", "properties": { "Display": "3K+030", "River": "鶯歌溪排水左岸", "Name": "鶯歌溪排水左岸3K+030" }, "geometry": { "type": "Point", "coordinates": [ 121.341580358277, 24.9654159737707, 0.0 ] } },
{ "type": "Feature", "properties": { "Display": "3K+040", "River": "鶯歌溪排水左岸", "Name": "鶯歌溪排水左岸3K+040" }, "geometry": { "type": "Point", "coordinates": [ 121.341603092715005, 24.965503845877802, 0.0 ] } },
{ "type": "Feature", "properties": { "Display": "3K+050", "River": "鶯歌溪排水左岸", "Name": "鶯歌溪排水左岸3K+050" }, "geometry": { "type": "Point", "coordinates": [ 121.341625827185993, 24.9655917179801, 0.0 ] } },
{ "type": "Feature", "properties": { "Display": "3K+060", "River": "鶯歌溪排水左岸", "Name": "鶯歌溪排水左岸3K+060" }, "geometry": { "type": "Point", "coordinates": [ 121.341646315549994, 24.965680032225201, 0.0 ] } },
{ "type": "Feature", "properties": { "Display": "3K+070", "River": "鶯歌溪排水左岸", "Name": "鶯歌溪排水左岸3K+070" }, "geometry": { "type": "Point", "coordinates": [ 121.341665383312005, 24.965768626114301, 0.0 ] } },
{ "type": "Feature", "properties": { "Display": "3K+080", "River": "鶯歌溪排水左岸", "Name": "鶯歌溪排水左岸3K+080" }, "geometry": { "type": "Point", "coordinates": [ 121.341683456964006, 24.965857368933399, 0.0 ] } },
{ "type": "Feature", "properties": { "Display": "3K+090", "River": "鶯歌溪排水左岸", "Name": "鶯歌溪排水左岸3K+090" }, "geometry": { "type": "Point", "coordinates": [ 121.341696496045003, 24.965946865991899, 0.0 ] } },
{ "type": "Feature", "properties": { "Display": "3K+100", "River": "鶯歌溪排水左岸", "Name": "鶯歌溪排水左岸3K+100" }, "geometry": { "type": "Point", "coordinates": [ 121.341709535145995, 24.966036363048001, 0.0 ] } },
{ "type": "Feature", "properties": { "Display": "3K+110", "River": "鶯歌溪排水左岸", "Name": "鶯歌溪排水左岸3K+110" }, "geometry": { "type": "Point", "coordinates": [ 121.341722114798003, 24.966125909702001, 0.0 ] } },
{ "type": "Feature", "properties": { "Display": "3K+120", "River": "鶯歌溪排水左岸", "Name": "鶯歌溪排水左岸3K+120" }, "geometry": { "type": "Point", "coordinates": [ 121.341732367738999, 24.966215707527599, 0.0 ] } },
{ "type": "Feature", "properties": { "Display": "3K+130", "River": "鶯歌溪排水左岸", "Name": "鶯歌溪排水左岸3K+130" }, "geometry": { "type": "Point", "coordinates": [ 121.341742620695001, 24.966305505351301, 0.0 ] } },
{ "type": "Feature", "properties": { "Display": "3K+140", "River": "鶯歌溪排水左岸", "Name": "鶯歌溪排水左岸3K+140" }, "geometry": { "type": "Point", "coordinates": [ 121.341765202180994, 24.966393288015201, 0.0 ] } },
{ "type": "Feature", "properties": { "Display": "3K+150", "River": "鶯歌溪排水左岸", "Name": "鶯歌溪排水左岸3K+150" }, "geometry": { "type": "Point", "coordinates": [ 121.341781611656998, 24.966482199956801, 0.0 ] } },
{ "type": "Feature", "properties": { "Display": "3K+160", "River": "鶯歌溪排水左岸", "Name": "鶯歌溪排水左岸3K+160" }, "geometry": { "type": "Point", "coordinates": [ 121.341794924593998, 24.9665716635058, 0.0 ] } },
{ "type": "Feature", "properties": { "Display": "3K+170", "River": "鶯歌溪排水左岸", "Name": "鶯歌溪排水左岸3K+170" }, "geometry": { "type": "Point", "coordinates": [ 121.341805663751998, 24.9666614083905, 0.0 ] } },
{ "type": "Feature", "properties": { "Display": "3K+180", "River": "鶯歌溪排水左岸", "Name": "鶯歌溪排水左岸3K+180" }, "geometry": { "type": "Point", "coordinates": [ 121.341814580424995, 24.9667511571893, 0.0 ] } },
{ "type": "Feature", "properties": { "Display": "3K+190", "River": "鶯歌溪排水左岸", "Name": "鶯歌溪排水左岸3K+190" }, "geometry": { "type": "Point", "coordinates": [ 121.341840987642001, 24.9668380970427, 0.0 ] } },
{ "type": "Feature", "properties": { "Display": "3K+200", "River": "鶯歌溪排水左岸", "Name": "鶯歌溪排水左岸3K+200" }, "geometry": { "type": "Point", "coordinates": [ 121.341867733098994, 24.966924999312699, 0.0 ] } },
{ "type": "Feature", "properties": { "Display": "3K+210", "River": "鶯歌溪排水左岸", "Name": "鶯歌溪排水左岸3K+210" }, "geometry": { "type": "Point", "coordinates": [ 121.341898676525005, 24.967010761458599, 0.0 ] } },
{ "type": "Feature", "properties": { "Display": "3K+220", "River": "鶯歌溪排水左岸", "Name": "鶯歌溪排水左岸3K+220" }, "geometry": { "type": "Point", "coordinates": [ 121.341930215288997, 24.967096324850001, 0.0 ] } },
{ "type": "Feature", "properties": { "Display": "3K+230", "River": "鶯歌溪排水左岸", "Name": "鶯歌溪排水左岸3K+230" }, "geometry": { "type": "Point", "coordinates": [ 121.341954937913997, 24.967183593810599, 0.0 ] } },
{ "type": "Feature", "properties": { "Display": "3K+240", "River": "鶯歌溪排水左岸", "Name": "鶯歌溪排水左岸3K+240" }, "geometry": { "type": "Point", "coordinates": [ 121.341971214154995, 24.967272639235599, 0.0 ] } },
{ "type": "Feature", "properties": { "Display": "3K+250", "River": "鶯歌溪排水左岸", "Name": "鶯歌溪排水左岸3K+250" }, "geometry": { "type": "Point", "coordinates": [ 121.341986555104, 24.967361831458501, 0.0 ] } },
{ "type": "Feature", "properties": { "Display": "3K+260", "River": "鶯歌溪排水左岸", "Name": "鶯歌溪排水左岸3K+260" }, "geometry": { "type": "Point", "coordinates": [ 121.342000818564003, 24.9674511731926, 0.0 ] } },
{ "type": "Feature", "properties": { "Display": "3K+270", "River": "鶯歌溪排水左岸", "Name": "鶯歌溪排水左岸3K+270" }, "geometry": { "type": "Point", "coordinates": [ 121.342010787467999, 24.967540988341899, 0.0 ] } },
{ "type": "Feature", "properties": { "Display": "3K+280", "River": "鶯歌溪排水左岸", "Name": "鶯歌溪排水左岸3K+280" }, "geometry": { "type": "Point", "coordinates": [ 121.342022659010993, 24.967630569595499, 0.0 ] } },
{ "type": "Feature", "properties": { "Display": "3K+290", "River": "鶯歌溪排水左岸", "Name": "鶯歌溪排水左岸3K+290" }, "geometry": { "type": "Point", "coordinates": [ 121.342041474313007, 24.967719183502499, 0.0 ] } },
{ "type": "Feature", "properties": { "Display": "3K+300", "River": "鶯歌溪排水左岸", "Name": "鶯歌溪排水左岸3K+300" }, "geometry": { "type": "Point", "coordinates": [ 121.342063089741004, 24.9678072808628, 0.0 ] } },
{ "type": "Feature", "properties": { "Display": "3K+310", "River": "鶯歌溪排水左岸", "Name": "鶯歌溪排水左岸3K+310" }, "geometry": { "type": "Point", "coordinates": [ 121.342096234249993, 24.9678922624534, 0.0 ] } },
{ "type": "Feature", "properties": { "Display": "3K+320", "River": "鶯歌溪排水左岸", "Name": "鶯歌溪排水左岸3K+320" }, "geometry": { "type": "Point", "coordinates": [ 121.342130852024994, 24.9679768110773, 0.0 ] } },
{ "type": "Feature", "properties": { "Display": "3K+330", "River": "鶯歌溪排水左岸", "Name": "鶯歌溪排水左岸3K+330" }, "geometry": { "type": "Point", "coordinates": [ 121.342161949870999, 24.9680625280971, 0.0 ] } },
{ "type": "Feature", "properties": { "Display": "3K+340", "River": "鶯歌溪排水左岸", "Name": "鶯歌溪排水左岸3K+340" }, "geometry": { "type": "Point", "coordinates": [ 121.342191865079002, 24.968148540939001, 0.0 ] } },
{ "type": "Feature", "properties": { "Display": "3K+350", "River": "鶯歌溪排水左岸", "Name": "鶯歌溪排水左岸3K+350" }, "geometry": { "type": "Point", "coordinates": [ 121.342213344803, 24.968236479501599, 0.0 ] } },
{ "type": "Feature", "properties": { "Display": "3K+360", "River": "鶯歌溪排水左岸", "Name": "鶯歌溪排水左岸3K+360" }, "geometry": { "type": "Point", "coordinates": [ 121.342221427794996, 24.968326441532799, 0.0 ] } },
{ "type": "Feature", "properties": { "Display": "3K+370", "River": "鶯歌溪排水左岸", "Name": "鶯歌溪排水左岸3K+370" }, "geometry": { "type": "Point", "coordinates": [ 121.342230607207, 24.968416326085698, 0.0 ] } },
{ "type": "Feature", "properties": { "Display": "3K+380", "River": "鶯歌溪排水左岸", "Name": "鶯歌溪排水左岸3K+380" }, "geometry": { "type": "Point", "coordinates": [ 121.342242272622002, 24.9685059803782, 0.0 ] } },
{ "type": "Feature", "properties": { "Display": "3K+390", "River": "鶯歌溪排水左岸", "Name": "鶯歌溪排水左岸3K+390" }, "geometry": { "type": "Point", "coordinates": [ 121.342245439373002, 24.968596108143899, 0.0 ] } },
{ "type": "Feature", "properties": { "Display": "3K+400", "River": "鶯歌溪排水左岸", "Name": "鶯歌溪排水左岸3K+400" }, "geometry": { "type": "Point", "coordinates": [ 121.342229373280006, 24.968684575443501, 0.0 ] } },
{ "type": "Feature", "properties": { "Display": "3K+410", "River": "鶯歌溪排水左岸", "Name": "鶯歌溪排水左岸3K+410" }, "geometry": { "type": "Point", "coordinates": [ 121.342187013344997, 24.968766128468001, 0.0 ] } },
{ "type": "Feature", "properties": { "Display": "3K+420", "River": "鶯歌溪排水左岸", "Name": "鶯歌溪排水左岸3K+420" }, "geometry": { "type": "Point", "coordinates": [ 121.342127980954999, 24.9688386156819, 0.0 ] } },
{ "type": "Feature", "properties": { "Display": "3K+430", "River": "鶯歌溪排水左岸", "Name": "鶯歌溪排水左岸3K+430" }, "geometry": { "type": "Point", "coordinates": [ 121.342060900017003, 24.9689047322479, 0.0 ] } },
{ "type": "Feature", "properties": { "Display": "3K+440", "River": "鶯歌溪排水左岸", "Name": "鶯歌溪排水左岸3K+440" }, "geometry": { "type": "Point", "coordinates": [ 121.341987904554998, 24.968965746624001, 0.0 ] } },
{ "type": "Feature", "properties": { "Display": "3K+450", "River": "鶯歌溪排水左岸", "Name": "鶯歌溪排水左岸3K+450" }, "geometry": { "type": "Point", "coordinates": [ 121.341911763461994, 24.9690234622601, 0.0 ] } },
{ "type": "Feature", "properties": { "Display": "3K+460", "River": "鶯歌溪排水左岸", "Name": "鶯歌溪排水左岸3K+460" }, "geometry": { "type": "Point", "coordinates": [ 121.341832361719, 24.969077313527201, 0.0 ] } },
{ "type": "Feature", "properties": { "Display": "3K+470", "River": "鶯歌溪排水左岸", "Name": "鶯歌溪排水左岸3K+470" }, "geometry": { "type": "Point", "coordinates": [ 121.341747201816005, 24.969123235280399, 0.0 ] } },
{ "type": "Feature", "properties": { "Display": "3K+480", "River": "鶯歌溪排水左岸", "Name": "鶯歌溪排水左岸3K+480" }, "geometry": { "type": "Point", "coordinates": [ 121.341652995420006, 24.969149470136799, 0.0 ] } },
{ "type": "Feature", "properties": { "Display": "3K+490", "River": "鶯歌溪排水左岸", "Name": "鶯歌溪排水左岸3K+490" }, "geometry": { "type": "Point", "coordinates": [ 121.341564733731005, 24.969189226455399, 0.0 ] } },
{ "type": "Feature", "properties": { "Display": "3K+500", "River": "鶯歌溪排水左岸", "Name": "鶯歌溪排水左岸3K+500" }, "geometry": { "type": "Point", "coordinates": [ 121.341492521971006, 24.9692505459595, 0.0 ] } },
{ "type": "Feature", "properties": { "Display": "3K+510", "River": "鶯歌溪排水左岸", "Name": "鶯歌溪排水左岸3K+510" }, "geometry": { "type": "Point", "coordinates": [ 121.341432723338002, 24.969322473060501, 0.0 ] } },
{ "type": "Feature", "properties": { "Display": "3K+520", "River": "鶯歌溪排水左岸", "Name": "鶯歌溪排水左岸3K+520" }, "geometry": { "type": "Point", "coordinates": [ 121.341374906534, 24.9693957136504, 0.0 ] } },
{ "type": "Feature", "properties": { "Display": "3K+530", "River": "鶯歌溪排水左岸", "Name": "鶯歌溪排水左岸3K+530" }, "geometry": { "type": "Point", "coordinates": [ 121.341333068563998, 24.969477077934101, 0.0 ] } },
{ "type": "Feature", "properties": { "Display": "3K+540", "River": "鶯歌溪排水左岸", "Name": "鶯歌溪排水左岸3K+540" }, "geometry": { "type": "Point", "coordinates": [ 121.341334573330997, 24.9695666595318, 0.0 ] } },
{ "type": "Feature", "properties": { "Display": "3K+550", "River": "鶯歌溪排水左岸", "Name": "鶯歌溪排水左岸3K+550" }, "geometry": { "type": "Point", "coordinates": [ 121.341356687708, 24.969654434616899, 0.0 ] } },
{ "type": "Feature", "properties": { "Display": "3K+560", "River": "鶯歌溪排水左岸", "Name": "鶯歌溪排水左岸3K+560" }, "geometry": { "type": "Point", "coordinates": [ 121.341415289433002, 24.969725671271199, 0.0 ] } },
{ "type": "Feature", "properties": { "Display": "3K+570", "River": "鶯歌溪排水左岸", "Name": "鶯歌溪排水左岸3K+570" }, "geometry": { "type": "Point", "coordinates": [ 121.341493533407004, 24.969780071226602, 0.0 ] } },
{ "type": "Feature", "properties": { "Display": "3K+580", "River": "鶯歌溪排水左岸", "Name": "鶯歌溪排水左岸3K+580" }, "geometry": { "type": "Point", "coordinates": [ 121.341582681033998, 24.969819399666999, 0.0 ] } },
{ "type": "Feature", "properties": { "Display": "3K+590", "River": "鶯歌溪排水左岸", "Name": "鶯歌溪排水左岸3K+590" }, "geometry": { "type": "Point", "coordinates": [ 121.341672756182007, 24.969856939752901, 0.0 ] } },
{ "type": "Feature", "properties": { "Display": "3K+600", "River": "鶯歌溪排水左岸", "Name": "鶯歌溪排水左岸3K+600" }, "geometry": { "type": "Point", "coordinates": [ 121.341763642865999, 24.969892725466998, 0.0 ] } },
{ "type": "Feature", "properties": { "Display": "3K+610", "River": "鶯歌溪排水左岸", "Name": "鶯歌溪排水左岸3K+610" }, "geometry": { "type": "Point", "coordinates": [ 121.341856011063001, 24.969925308394998, 0.0 ] } },
{ "type": "Feature", "properties": { "Display": "3K+620", "River": "鶯歌溪排水左岸", "Name": "鶯歌溪排水左岸3K+620" }, "geometry": { "type": "Point", "coordinates": [ 121.341948379306999, 24.9699578912651, 0.0 ] } },
{ "type": "Feature", "properties": { "Display": "3K+630", "River": "鶯歌溪排水左岸", "Name": "鶯歌溪排水左岸3K+630" }, "geometry": { "type": "Point", "coordinates": [ 121.342040747599995, 24.9699904740772, 0.0 ] } },
{ "type": "Feature", "properties": { "Display": "3K+640", "River": "鶯歌溪排水左岸", "Name": "鶯歌溪排水左岸3K+640" }, "geometry": { "type": "Point", "coordinates": [ 121.342134899493004, 24.970017928385399, 0.0 ] } },
{ "type": "Feature", "properties": { "Display": "3K+650", "River": "鶯歌溪排水左岸", "Name": "鶯歌溪排水左岸3K+650" }, "geometry": { "type": "Point", "coordinates": [ 121.342211455424007, 24.970074185149301, 0.0 ] } },
{ "type": "Feature", "properties": { "Display": "3K+660", "River": "鶯歌溪排水左岸", "Name": "鶯歌溪排水左岸3K+660" }, "geometry": { "type": "Point", "coordinates": [ 121.342254398324002, 24.970154663530099, 0.0 ] } },
{ "type": "Feature", "properties": { "Display": "3K+670", "River": "鶯歌溪排水左岸", "Name": "鶯歌溪排水左岸3K+670" }, "geometry": { "type": "Point", "coordinates": [ 121.342283332760005, 24.970240907579001, 0.0 ] } },
{ "type": "Feature", "properties": { "Display": "3K+680", "River": "鶯歌溪排水左岸", "Name": "鶯歌溪排水左岸3K+680" }, "geometry": { "type": "Point", "coordinates": [ 121.342315849632996, 24.9703261671938, 0.0 ] } },
{ "type": "Feature", "properties": { "Display": "3K+690", "River": "鶯歌溪排水左岸", "Name": "鶯歌溪排水左岸3K+690" }, "geometry": { "type": "Point", "coordinates": [ 121.342350831974997, 24.970410619058601, 0.0 ] } },
{ "type": "Feature", "properties": { "Display": "3K+700", "River": "鶯歌溪排水左岸", "Name": "鶯歌溪排水左岸3K+700" }, "geometry": { "type": "Point", "coordinates": [ 121.342379249559997, 24.970497040466402, 0.0 ] } },
{ "type": "Feature", "properties": { "Display": "3K+710", "River": "鶯歌溪排水左岸", "Name": "鶯歌溪排水左岸3K+710" }, "geometry": { "type": "Point", "coordinates": [ 121.342396268076996, 24.970585980532899, 0.0 ] } },
{ "type": "Feature", "properties": { "Display": "3K+720", "River": "鶯歌溪排水左岸", "Name": "鶯歌溪排水左岸3K+720" }, "geometry": { "type": "Point", "coordinates": [ 121.342416784465996, 24.970674260322799, 0.0 ] } },
{ "type": "Feature", "properties": { "Display": "3K+730", "River": "鶯歌溪排水左岸", "Name": "鶯歌溪排水左岸3K+730" }, "geometry": { "type": "Point", "coordinates": [ 121.342433786794004, 24.9707631946129, 0.0 ] } },
{ "type": "Feature", "properties": { "Display": "3K+740", "River": "鶯歌溪排水左岸", "Name": "鶯歌溪排水左岸3K+740" }, "geometry": { "type": "Point", "coordinates": [ 121.342430399418006, 24.970852891248398, 0.0 ] } },
{ "type": "Feature", "properties": { "Display": "3K+750", "River": "鶯歌溪排水左岸", "Name": "鶯歌溪排水左岸3K+750" }, "geometry": { "type": "Point", "coordinates": [ 121.342411317019994, 24.970941369059201, 0.0 ] } },
{ "type": "Feature", "properties": { "Display": "3K+760", "River": "鶯歌溪排水左岸", "Name": "鶯歌溪排水左岸3K+760" }, "geometry": { "type": "Point", "coordinates": [ 121.342393111576001, 24.9710301029147, 0.0 ] } },
{ "type": "Feature", "properties": { "Display": "3K+770", "River": "鶯歌溪排水左岸", "Name": "鶯歌溪排水左岸3K+770" }, "geometry": { "type": "Point", "coordinates": [ 121.342386175943005, 24.9711197802188, 0.0 ] } },
{ "type": "Feature", "properties": { "Display": "3K+780", "River": "鶯歌溪排水左岸", "Name": "鶯歌溪排水左岸3K+780" }, "geometry": { "type": "Point", "coordinates": [ 121.342437268148998, 24.971186965496099, 0.0 ] } },
{ "type": "Feature", "properties": { "Display": "3K+790", "River": "鶯歌溪排水左岸", "Name": "鶯歌溪排水左岸3K+790" }, "geometry": { "type": "Point", "coordinates": [ 121.342536005531997, 24.971185207327402, 0.0 ] } },
{ "type": "Feature", "properties": { "Display": "3K+800", "River": "鶯歌溪排水左岸", "Name": "鶯歌溪排水左岸3K+800" }, "geometry": { "type": "Point", "coordinates": [ 121.342633734247002, 24.9711710239865, 0.0 ] } },
{ "type": "Feature", "properties": { "Display": "3K+810", "River": "鶯歌溪排水左岸", "Name": "鶯歌溪排水左岸3K+810" }, "geometry": { "type": "Point", "coordinates": [ 121.342727820904003, 24.971144322044299, 0.0 ] } },
{ "type": "Feature", "properties": { "Display": "3K+820", "River": "鶯歌溪排水左岸", "Name": "鶯歌溪排水左岸3K+820" }, "geometry": { "type": "Point", "coordinates": [ 121.342806346418001, 24.971089885919401, 0.0 ] } },
{ "type": "Feature", "properties": { "Display": "3K+830", "River": "鶯歌溪排水左岸", "Name": "鶯歌溪排水左岸3K+830" }, "geometry": { "type": "Point", "coordinates": [ 121.342878299806003, 24.9710279022962, 0.0 ] } },
{ "type": "Feature", "properties": { "Display": "3K+840", "River": "鶯歌溪排水左岸", "Name": "鶯歌溪排水左岸3K+840" }, "geometry": { "type": "Point", "coordinates": [ 121.342968590289004, 24.9709961742264, 0.0 ] } },
{ "type": "Feature", "properties": { "Display": "3K+850", "River": "鶯歌溪排水左岸", "Name": "鶯歌溪排水左岸3K+850" }, "geometry": { "type": "Point", "coordinates": [ 121.343066421228997, 24.971004372453301, 0.0 ] } },
{ "type": "Feature", "properties": { "Display": "3K+860", "River": "鶯歌溪排水左岸", "Name": "鶯歌溪排水左岸3K+860" }, "geometry": { "type": "Point", "coordinates": [ 121.343143684748995, 24.971057390781102, 0.0 ] } },
{ "type": "Feature", "properties": { "Display": "3K+870", "River": "鶯歌溪排水左岸", "Name": "鶯歌溪排水左岸3K+870" }, "geometry": { "type": "Point", "coordinates": [ 121.343176381038006, 24.9711425352939, 0.0 ] } },
{ "type": "Feature", "properties": { "Display": "3K+880", "River": "鶯歌溪排水左岸", "Name": "鶯歌溪排水左岸3K+880" }, "geometry": { "type": "Point", "coordinates": [ 121.343225554151005, 24.9712205722658, 0.0 ] } },
{ "type": "Feature", "properties": { "Display": "3K+890", "River": "鶯歌溪排水左岸", "Name": "鶯歌溪排水左岸3K+890" }, "geometry": { "type": "Point", "coordinates": [ 121.343293232296006, 24.971286322383701, 0.0 ] } },
{ "type": "Feature", "properties": { "Display": "3K+900", "River": "鶯歌溪排水左岸", "Name": "鶯歌溪排水左岸3K+900" }, "geometry": { "type": "Point", "coordinates": [ 121.343371029146994, 24.971341988943198, 0.0 ] } },
{ "type": "Feature", "properties": { "Display": "3K+910", "River": "鶯歌溪排水左岸", "Name": "鶯歌溪排水左岸3K+910" }, "geometry": { "type": "Point", "coordinates": [ 121.343449365186004, 24.971397054094201, 0.0 ] } },
{ "type": "Feature", "properties": { "Display": "3K+920", "River": "鶯歌溪排水左岸", "Name": "鶯歌溪排水左岸3K+920" }, "geometry": { "type": "Point", "coordinates": [ 121.343526149778995, 24.971453784495001, 0.0 ] } },
{ "type": "Feature", "properties": { "Display": "3K+930", "River": "鶯歌溪排水左岸", "Name": "鶯歌溪排水左岸3K+930" }, "geometry": { "type": "Point", "coordinates": [ 121.343615762224005, 24.971484902249902, 0.0 ] } },
{ "type": "Feature", "properties": { "Display": "3K+940", "River": "鶯歌溪排水左岸", "Name": "鶯歌溪排水左岸3K+940" }, "geometry": { "type": "Point", "coordinates": [ 121.343697670506003, 24.971438654372999, 0.0 ] } },
{ "type": "Feature", "properties": { "Display": "3K+950", "River": "鶯歌溪排水左岸", "Name": "鶯歌溪排水左岸3K+950" }, "geometry": { "type": "Point", "coordinates": [ 121.343768277593, 24.971375478636499, 0.0 ] } },
{ "type": "Feature", "properties": { "Display": "3K+960", "River": "鶯歌溪排水左岸", "Name": "鶯歌溪排水左岸3K+960" }, "geometry": { "type": "Point", "coordinates": [ 121.343823243654995, 24.971300827765202, 0.0 ] } },
{ "type": "Feature", "properties": { "Display": "3K+970", "River": "鶯歌溪排水左岸", "Name": "鶯歌溪排水左岸3K+970" }, "geometry": { "type": "Point", "coordinates": [ 121.343862971045994, 24.971218455485701, 0.0 ] } },
{ "type": "Feature", "properties": { "Display": "3K+980", "River": "鶯歌溪排水左岸", "Name": "鶯歌溪排水左岸3K+980" }, "geometry": { "type": "Point", "coordinates": [ 121.343894651495006, 24.971132987213799, 0.0 ] } },
{ "type": "Feature", "properties": { "Display": "3K+990", "River": "鶯歌溪排水左岸", "Name": "鶯歌溪排水左岸3K+990" }, "geometry": { "type": "Point", "coordinates": [ 121.343916038865999, 24.9710449151403, 0.0 ] } },
{ "type": "Feature", "properties": { "Display": "4K+000", "River": "鶯歌溪排水左岸", "Name": "鶯歌溪排水左岸4K+000" }, "geometry": { "type": "Point", "coordinates": [ 121.343945304705997, 24.970959557629602, 0.0 ] } },
{ "type": "Feature", "properties": { "Display": "4K+010", "River": "鶯歌溪排水左岸", "Name": "鶯歌溪排水左岸4K+010" }, "geometry": { "type": "Point", "coordinates": [ 121.343991787367997, 24.970879835023499, 0.0 ] } },
{ "type": "Feature", "properties": { "Display": "4K+020", "River": "鶯歌溪排水左岸", "Name": "鶯歌溪排水左岸4K+020" }, "geometry": { "type": "Point", "coordinates": [ 121.344039061846999, 24.970800517760299, 0.0 ] } },
{ "type": "Feature", "properties": { "Display": "4K+030", "River": "鶯歌溪排水左岸", "Name": "鶯歌溪排水左岸4K+030" }, "geometry": { "type": "Point", "coordinates": [ 121.344089545928995, 24.9707228434943, 0.0 ] } },
{ "type": "Feature", "properties": { "Display": "4K+040", "River": "鶯歌溪排水左岸", "Name": "鶯歌溪排水左岸4K+040" }, "geometry": { "type": "Point", "coordinates": [ 121.344144716155995, 24.970647950303299, 0.0 ] } },
{ "type": "Feature", "properties": { "Display": "4K+050", "River": "鶯歌溪排水左岸", "Name": "鶯歌溪排水左岸4K+050" }, "geometry": { "type": "Point", "coordinates": [ 121.344199973301002, 24.970573043045199, 0.0 ] } },
{ "type": "Feature", "properties": { "Display": "4K+060", "River": "鶯歌溪排水左岸", "Name": "鶯歌溪排水左岸4K+060" }, "geometry": { "type": "Point", "coordinates": [ 121.344265700964996, 24.970507749626201, 0.0 ] } },
{ "type": "Feature", "properties": { "Display": "4K+070", "River": "鶯歌溪排水左岸", "Name": "鶯歌溪排水左岸4K+070" }, "geometry": { "type": "Point", "coordinates": [ 121.344356881783995, 24.970472940541399, 0.0 ] } },
{ "type": "Feature", "properties": { "Display": "4K+080", "River": "鶯歌溪排水左岸", "Name": "鶯歌溪排水左岸4K+080" }, "geometry": { "type": "Point", "coordinates": [ 121.344454666600996, 24.970468530113401, 0.0 ] } },
{ "type": "Feature", "properties": { "Display": "4K+090", "River": "鶯歌溪排水左岸", "Name": "鶯歌溪排水左岸4K+090" }, "geometry": { "type": "Point", "coordinates": [ 121.344552573423996, 24.970481989498101, 0.0 ] } },
{ "type": "Feature", "properties": { "Display": "4K+100", "River": "鶯歌溪排水左岸", "Name": "鶯歌溪排水左岸4K+100" }, "geometry": { "type": "Point", "coordinates": [ 121.344649703759004, 24.9704995643804, 0.0 ] } },
{ "type": "Feature", "properties": { "Display": "4K+110", "River": "鶯歌溪排水左岸", "Name": "鶯歌溪排水左岸4K+110" }, "geometry": { "type": "Point", "coordinates": [ 121.344746687671005, 24.970517591143398, 0.0 ] } },
{ "type": "Feature", "properties": { "Display": "4K+120", "River": "鶯歌溪排水左岸", "Name": "鶯歌溪排水左岸4K+120" }, "geometry": { "type": "Point", "coordinates": [ 121.344840130424004, 24.9705458997176, 0.0 ] } },
{ "type": "Feature", "properties": { "Display": "4K+130", "River": "鶯歌溪排水左岸", "Name": "鶯歌溪排水左岸4K+130" }, "geometry": { "type": "Point", "coordinates": [ 121.344927354394002, 24.970588641803701, 0.0 ] } },
{ "type": "Feature", "properties": { "Display": "4K+140", "River": "鶯歌溪排水左岸", "Name": "鶯歌溪排水左岸4K+140" }, "geometry": { "type": "Point", "coordinates": [ 121.345015965708001, 24.970628715517002, 0.0 ] } },
{ "type": "Feature", "properties": { "Display": "4K+150", "River": "鶯歌溪排水左岸", "Name": "鶯歌溪排水左岸4K+150" }, "geometry": { "type": "Point", "coordinates": [ 121.345052399184993, 24.970709905428699, 0.0 ] } },
{ "type": "Feature", "properties": { "Display": "4K+160", "River": "鶯歌溪排水左岸", "Name": "鶯歌溪排水左岸4K+160" }, "geometry": { "type": "Point", "coordinates": [ 121.345050423556003, 24.970799766419098, 0.0 ] } },
{ "type": "Feature", "properties": { "Display": "4K+170", "River": "鶯歌溪排水左岸", "Name": "鶯歌溪排水左岸4K+170" }, "geometry": { "type": "Point", "coordinates": [ 121.345042477391004, 24.9708897570308, 0.0 ] } },
{ "type": "Feature", "properties": { "Display": "4K+180", "River": "鶯歌溪排水左岸", "Name": "鶯歌溪排水左岸4K+180" }, "geometry": { "type": "Point", "coordinates": [ 121.345026374225995, 24.9709786790295, 0.0 ] } },
{ "type": "Feature", "properties": { "Display": "4K+190", "River": "鶯歌溪排水左岸", "Name": "鶯歌溪排水左岸4K+190" }, "geometry": { "type": "Point", "coordinates": [ 121.344994454968997, 24.971063969443499, 0.0 ] } },
{ "type": "Feature", "properties": { "Display": "4K+200", "River": "鶯歌溪排水左岸", "Name": "鶯歌溪排水左岸4K+200" }, "geometry": { "type": "Point", "coordinates": [ 121.344955070216002, 24.971146807121499, 0.0 ] } },
{ "type": "Feature", "properties": { "Display": "4K+210", "River": "鶯歌溪排水左岸", "Name": "鶯歌溪排水左岸4K+210" }, "geometry": { "type": "Point", "coordinates": [ 121.344915352810006, 24.971229512785801, 0.0 ] } },
{ "type": "Feature", "properties": { "Display": "4K+220", "River": "鶯歌溪排水左岸", "Name": "鶯歌溪排水左岸4K+220" }, "geometry": { "type": "Point", "coordinates": [ 121.344887044917996, 24.9713159410983, 0.0 ] } },
{ "type": "Feature", "properties": { "Display": "4K+230", "River": "鶯歌溪排水左岸", "Name": "鶯歌溪排水左岸4K+230" }, "geometry": { "type": "Point", "coordinates": [ 121.344868486145998, 24.971403390131901, 0.0 ] } },
{ "type": "Feature", "properties": { "Display": "4K+240", "River": "鶯歌溪排水左岸", "Name": "鶯歌溪排水左岸4K+240" }, "geometry": { "type": "Point", "coordinates": [ 121.344908294408, 24.971486045166198, 0.0 ] } },
{ "type": "Feature", "properties": { "Display": "4K+250", "River": "鶯歌溪排水左岸", "Name": "鶯歌溪排水左岸4K+250" }, "geometry": { "type": "Point", "coordinates": [ 121.344957031139998, 24.971563530466401, 0.0 ] } },
{ "type": "Feature", "properties": { "Display": "4K+260", "River": "鶯歌溪排水左岸", "Name": "鶯歌溪排水左岸4K+260" }, "geometry": { "type": "Point", "coordinates": [ 121.345022047856006, 24.971631577254598, 0.0 ] } },
{ "type": "Feature", "properties": { "Display": "4K+270", "River": "鶯歌溪排水左岸", "Name": "鶯歌溪排水左岸4K+270" }, "geometry": { "type": "Point", "coordinates": [ 121.345083587998005, 24.971702289581501, 0.0 ] } },
{ "type": "Feature", "properties": { "Display": "4K+280", "River": "鶯歌溪排水左岸", "Name": "鶯歌溪排水左岸4K+280" }, "geometry": { "type": "Point", "coordinates": [ 121.345152869483996, 24.9717664636241, 0.0 ] } },
{ "type": "Feature", "properties": { "Display": "4K+290", "River": "鶯歌溪排水左岸", "Name": "鶯歌溪排水左岸4K+290" }, "geometry": { "type": "Point", "coordinates": [ 121.345226648362996, 24.971826697653999, 0.0 ] } },
{ "type": "Feature", "properties": { "Display": "4K+300", "River": "鶯歌溪排水左岸", "Name": "鶯歌溪排水左岸4K+300" }, "geometry": { "type": "Point", "coordinates": [ 121.345300427314001, 24.9718869316462, 0.0 ] } },
{ "type": "Feature", "properties": { "Display": "4K+310", "River": "鶯歌溪排水左岸", "Name": "鶯歌溪排水左岸4K+310" }, "geometry": { "type": "Point", "coordinates": [ 121.345374508855002, 24.971946856149799, 0.0 ] } },
{ "type": "Feature", "properties": { "Display": "4K+320", "River": "鶯歌溪排水左岸", "Name": "鶯歌溪排水左岸4K+320" }, "geometry": { "type": "Point", "coordinates": [ 121.345448766966001, 24.971978624051101, 0.0 ] } },
{ "type": "Feature", "properties": { "Display": "4K+330", "River": "鶯歌溪排水左岸", "Name": "鶯歌溪排水左岸4K+330" }, "geometry": { "type": "Point", "coordinates": [ 121.345523501163996, 24.971919376574299, 0.0 ] } },
{ "type": "Feature", "properties": { "Display": "4K+340", "River": "鶯歌溪排水左岸", "Name": "鶯歌溪排水左岸4K+340" }, "geometry": { "type": "Point", "coordinates": [ 121.345592319169995, 24.971965920071, 0.0 ] } },
{ "type": "Feature", "properties": { "Display": "4K+350", "River": "鶯歌溪排水左岸", "Name": "鶯歌溪排水左岸4K+350" }, "geometry": { "type": "Point", "coordinates": [ 121.345550484932005, 24.972026153612699, 0.0 ] } },
{ "type": "Feature", "properties": { "Display": "4K+360", "River": "鶯歌溪排水左岸", "Name": "鶯歌溪排水左岸4K+360" }, "geometry": { "type": "Point", "coordinates": [ 121.345483877782996, 24.972086315021802, 0.0 ] } },
{ "type": "Feature", "properties": { "Display": "4K+370", "River": "鶯歌溪排水左岸", "Name": "鶯歌溪排水左岸4K+370" }, "geometry": { "type": "Point", "coordinates": [ 121.345537678113999, 24.9721621074839, 0.0 ] } },
{ "type": "Feature", "properties": { "Display": "4K+380", "River": "鶯歌溪排水左岸", "Name": "鶯歌溪排水左岸4K+380" }, "geometry": { "type": "Point", "coordinates": [ 121.345599115536999, 24.972232922261, 0.0 ] } },
{ "type": "Feature", "properties": { "Display": "4K+390", "River": "鶯歌溪排水左岸", "Name": "鶯歌溪排水左岸4K+390" }, "geometry": { "type": "Point", "coordinates": [ 121.345649667532001, 24.972309825565599, 0.0 ] } },
{ "type": "Feature", "properties": { "Display": "4K+400", "River": "鶯歌溪排水左岸", "Name": "鶯歌溪排水左岸4K+400" }, "geometry": { "type": "Point", "coordinates": [ 121.345672082632007, 24.972397686995102, 0.0 ] } },
{ "type": "Feature", "properties": { "Display": "4K+410", "River": "鶯歌溪排水左岸", "Name": "鶯歌溪排水左岸4K+410" }, "geometry": { "type": "Point", "coordinates": [ 121.345670999771997, 24.972486513686398, 0.0 ] } },
{ "type": "Feature", "properties": { "Display": "4K+420", "River": "鶯歌溪排水左岸", "Name": "鶯歌溪排水左岸4K+420" }, "geometry": { "type": "Point", "coordinates": [ 121.345616660008005, 24.972561602400798, 0.0 ] } },
{ "type": "Feature", "properties": { "Display": "4K+430", "River": "鶯歌溪排水左岸", "Name": "鶯歌溪排水左岸4K+430" }, "geometry": { "type": "Point", "coordinates": [ 121.345555549978002, 24.972632641818599, 0.0 ] } },
{ "type": "Feature", "properties": { "Display": "4K+440", "River": "鶯歌溪排水左岸", "Name": "鶯歌溪排水左岸4K+440" }, "geometry": { "type": "Point", "coordinates": [ 121.345491130100001, 24.972701177913201, 0.0 ] } },
{ "type": "Feature", "properties": { "Display": "4K+450", "River": "鶯歌溪排水左岸", "Name": "鶯歌溪排水左岸4K+450" }, "geometry": { "type": "Point", "coordinates": [ 121.345425307954997, 24.972768639948999, 0.0 ] } },
{ "type": "Feature", "properties": { "Display": "4K+460", "River": "鶯歌溪排水左岸", "Name": "鶯歌溪排水左岸4K+460" }, "geometry": { "type": "Point", "coordinates": [ 121.345359492426994, 24.972836107382602, 0.0 ] } },
{ "type": "Feature", "properties": { "Display": "4K+470", "River": "鶯歌溪排水左岸", "Name": "鶯歌溪排水左岸4K+470" }, "geometry": { "type": "Point", "coordinates": [ 121.345287624161003, 24.972898176661499, 0.0 ] } },
{ "type": "Feature", "properties": { "Display": "4K+480", "River": "鶯歌溪排水左岸", "Name": "鶯歌溪排水左岸4K+480" }, "geometry": { "type": "Point", "coordinates": [ 121.345215232360999, 24.9729597937047, 0.0 ] } },
{ "type": "Feature", "properties": { "Display": "4K+490", "River": "鶯歌溪排水左岸", "Name": "鶯歌溪排水左岸4K+490" }, "geometry": { "type": "Point", "coordinates": [ 121.345142964733, 24.973021531699398, 0.0 ] } },
{ "type": "Feature", "properties": { "Display": "4K+500", "River": "鶯歌溪排水左岸", "Name": "鶯歌溪排水左岸4K+500" }, "geometry": { "type": "Point", "coordinates": [ 121.345070742806996, 24.973083314392099, 0.0 ] } },
{ "type": "Feature", "properties": { "Display": "4K+510", "River": "鶯歌溪排水左岸", "Name": "鶯歌溪排水左岸4K+510" }, "geometry": { "type": "Point", "coordinates": [ 121.345004493030999, 24.9731503889195, 0.0 ] } },
{ "type": "Feature", "properties": { "Display": "4K+520", "River": "鶯歌溪排水左岸", "Name": "鶯歌溪排水左岸4K+520" }, "geometry": { "type": "Point", "coordinates": [ 121.344934829802, 24.973214459941101, 0.0 ] } },
{ "type": "Feature", "properties": { "Display": "4K+530", "River": "鶯歌溪排水左岸", "Name": "鶯歌溪排水左岸4K+530" }, "geometry": { "type": "Point", "coordinates": [ 121.344855556311998, 24.973268294062201, 0.0 ] } },
{ "type": "Feature", "properties": { "Display": "4K+540", "River": "鶯歌溪排水左岸", "Name": "鶯歌溪排水左岸4K+540" }, "geometry": { "type": "Point", "coordinates": [ 121.344769225072994, 24.973312260637702, 0.0 ] } },
{ "type": "Feature", "properties": { "Display": "4K+550", "River": "鶯歌溪排水左岸", "Name": "鶯歌溪排水左岸4K+550" }, "geometry": { "type": "Point", "coordinates": [ 121.344672066708995, 24.973320713938499, 0.0 ] } },
{ "type": "Feature", "properties": { "Display": "4K+560", "River": "鶯歌溪排水左岸", "Name": "鶯歌溪排水左岸4K+560" }, "geometry": { "type": "Point", "coordinates": [ 121.344574296942, 24.973306844060499, 0.0 ] } },
{ "type": "Feature", "properties": { "Display": "4K+570", "River": "鶯歌溪排水左岸", "Name": "鶯歌溪排水左岸4K+570" }, "geometry": { "type": "Point", "coordinates": [ 121.344478446989001, 24.9732843318804, 0.0 ] } },
{ "type": "Feature", "properties": { "Display": "4K+580", "River": "鶯歌溪排水左岸", "Name": "鶯歌溪排水左岸4K+580" }, "geometry": { "type": "Point", "coordinates": [ 121.344387140899997, 24.973249480002298, 0.0 ] } },
{ "type": "Feature", "properties": { "Display": "4K+590", "River": "鶯歌溪排水左岸", "Name": "鶯歌溪排水左岸4K+590" }, "geometry": { "type": "Point", "coordinates": [ 121.344295043909995, 24.973216284040799, 0.0 ] } },
{ "type": "Feature", "properties": { "Display": "4K+600", "River": "鶯歌溪排水左岸", "Name": "鶯歌溪排水左岸4K+600" }, "geometry": { "type": "Point", "coordinates": [ 121.344201572296001, 24.973186462946401, 0.0 ] } },
{ "type": "Feature", "properties": { "Display": "4K+610", "River": "鶯歌溪排水左岸", "Name": "鶯歌溪排水左岸4K+610" }, "geometry": { "type": "Point", "coordinates": [ 121.344105326543001, 24.973165962725599, 0.0 ] } },
{ "type": "Feature", "properties": { "Display": "4K+620", "River": "鶯歌溪排水左岸", "Name": "鶯歌溪排水左岸4K+620" }, "geometry": { "type": "Point", "coordinates": [ 121.344007388757007, 24.973171868003401, 0.0 ] } },
{ "type": "Feature", "properties": { "Display": "4K+630", "River": "鶯歌溪排水左岸", "Name": "鶯歌溪排水左岸4K+630" }, "geometry": { "type": "Point", "coordinates": [ 121.343920690383001, 24.973212526187499, 0.0 ] } },
{ "type": "Feature", "properties": { "Display": "4K+640", "River": "鶯歌溪排水左岸", "Name": "鶯歌溪排水左岸4K+640" }, "geometry": { "type": "Point", "coordinates": [ 121.343867907790994, 24.9732881411921, 0.0 ] } },
{ "type": "Feature", "properties": { "Display": "4K+650", "River": "鶯歌溪排水左岸", "Name": "鶯歌溪排水左岸4K+650" }, "geometry": { "type": "Point", "coordinates": [ 121.343849583529007, 24.9733760699276, 0.0 ] } },
{ "type": "Feature", "properties": { "Display": "4K+660", "River": "鶯歌溪排水左岸", "Name": "鶯歌溪排水左岸4K+660" }, "geometry": { "type": "Point", "coordinates": [ 121.343858626487005, 24.973465965148101, 0.0 ] } },
{ "type": "Feature", "properties": { "Display": "4K+670", "River": "鶯歌溪排水左岸", "Name": "鶯歌溪排水左岸4K+670" }, "geometry": { "type": "Point", "coordinates": [ 121.343874908640004, 24.973554789314999, 0.0 ] } },
{ "type": "Feature", "properties": { "Display": "4K+680", "River": "鶯歌溪排水左岸", "Name": "鶯歌溪排水左岸4K+680" }, "geometry": { "type": "Point", "coordinates": [ 121.343896082008001, 24.9736429607545, 0.0 ] } },
{ "type": "Feature", "properties": { "Display": "4K+690", "River": "鶯歌溪排水左岸", "Name": "鶯歌溪排水左岸4K+690" }, "geometry": { "type": "Point", "coordinates": [ 121.343926072342001, 24.973729005399399, 0.0 ] } },
{ "type": "Feature", "properties": { "Display": "4K+700", "River": "鶯歌溪排水左岸", "Name": "鶯歌溪排水左岸4K+700" }, "geometry": { "type": "Point", "coordinates": [ 121.343959745910993, 24.973813684548801, 0.0 ] } },
{ "type": "Feature", "properties": { "Display": "4K+710", "River": "鶯歌溪排水左岸", "Name": "鶯歌溪排水左岸4K+710" }, "geometry": { "type": "Point", "coordinates": [ 121.344004156416005, 24.973894383150501, 0.0 ] } },
{ "type": "Feature", "properties": { "Display": "4K+720", "River": "鶯歌溪排水左岸", "Name": "鶯歌溪排水左岸4K+720" }, "geometry": { "type": "Point", "coordinates": [ 121.344048566980007, 24.9739750817375, 0.0 ] } },
{ "type": "Feature", "properties": { "Display": "4K+730", "River": "鶯歌溪排水左岸", "Name": "鶯歌溪排水左岸4K+730" }, "geometry": { "type": "Point", "coordinates": [ 121.344095386692004, 24.974054429226101, 0.0 ] } },
{ "type": "Feature", "properties": { "Display": "4K+740", "River": "鶯歌溪排水左岸", "Name": "鶯歌溪排水左岸4K+740" }, "geometry": { "type": "Point", "coordinates": [ 121.344154392503, 24.974126942433301, 0.0 ] } },
{ "type": "Feature", "properties": { "Display": "4K+750", "River": "鶯歌溪排水左岸", "Name": "鶯歌溪排水左岸4K+750" }, "geometry": { "type": "Point", "coordinates": [ 121.344213398383005, 24.9741994556157, 0.0 ] } },
{ "type": "Feature", "properties": { "Display": "4K+760", "River": "鶯歌溪排水左岸", "Name": "鶯歌溪排水左岸4K+760" }, "geometry": { "type": "Point", "coordinates": [ 121.344276884991999, 24.974268036741002, 0.0 ] } },
{ "type": "Feature", "properties": { "Display": "4K+770", "River": "鶯歌溪排水左岸", "Name": "鶯歌溪排水左岸4K+770" }, "geometry": { "type": "Point", "coordinates": [ 121.344369264530997, 24.974297113393401, 0.0 ] } },
{ "type": "Feature", "properties": { "Display": "4K+780", "River": "鶯歌溪排水左岸", "Name": "鶯歌溪排水左岸4K+780" }, "geometry": { "type": "Point", "coordinates": [ 121.344464626626007, 24.974276992813699, 0.0 ] } },
{ "type": "Feature", "properties": { "Display": "4K+790", "River": "鶯歌溪排水左岸", "Name": "鶯歌溪排水左岸4K+790" }, "geometry": { "type": "Point", "coordinates": [ 121.344536833630997, 24.974218682972801, 0.0 ] } },
{ "type": "Feature", "properties": { "Display": "4K+800", "River": "鶯歌溪排水左岸", "Name": "鶯歌溪排水左岸4K+800" }, "geometry": { "type": "Point", "coordinates": [ 121.344575402608996, 24.9741361117756, 0.0 ] } },
{ "type": "Feature", "properties": { "Display": "4K+810", "River": "鶯歌溪排水左岸", "Name": "鶯歌溪排水左岸4K+810" }, "geometry": { "type": "Point", "coordinates": [ 121.344604407488006, 24.974049786876002, 0.0 ] } },
{ "type": "Feature", "properties": { "Display": "4K+820", "River": "鶯歌溪排水左岸", "Name": "鶯歌溪排水左岸4K+820" }, "geometry": { "type": "Point", "coordinates": [ 121.344631093109996, 24.9739628518216, 0.0 ] } },
{ "type": "Feature", "properties": { "Display": "4K+830", "River": "鶯歌溪排水左岸", "Name": "鶯歌溪排水左岸4K+830" }, "geometry": { "type": "Point", "coordinates": [ 121.344668977113002, 24.973879474566498, 0.0 ] } },
{ "type": "Feature", "properties": { "Display": "4K+840", "River": "鶯歌溪排水左岸", "Name": "鶯歌溪排水左岸4K+840" }, "geometry": { "type": "Point", "coordinates": [ 121.344725008764996, 24.973808572363701, 0.0 ] } },
{ "type": "Feature", "properties": { "Display": "4K+850", "River": "鶯歌溪排水左岸", "Name": "鶯歌溪排水左岸4K+850" }, "geometry": { "type": "Point", "coordinates": [ 121.344811045141995, 24.9737660337676, 0.0 ] } },
{ "type": "Feature", "properties": { "Display": "4K+860", "River": "鶯歌溪排水左岸", "Name": "鶯歌溪排水左岸4K+860" }, "geometry": { "type": "Point", "coordinates": [ 121.344905881147, 24.973740547787099, 0.0 ] } },
{ "type": "Feature", "properties": { "Display": "4K+870", "River": "鶯歌溪排水左岸", "Name": "鶯歌溪排水左岸4K+870" }, "geometry": { "type": "Point", "coordinates": [ 121.345002262489999, 24.9737197460774, 0.0 ] } },
{ "type": "Feature", "properties": { "Display": "4K+880", "River": "鶯歌溪排水左岸", "Name": "鶯歌溪排水左岸4K+880" }, "geometry": { "type": "Point", "coordinates": [ 121.3450986438, 24.9736989443056, 0.0 ] } },
{ "type": "Feature", "properties": { "Display": "4K+890", "River": "鶯歌溪排水左岸", "Name": "鶯歌溪排水左岸4K+890" }, "geometry": { "type": "Point", "coordinates": [ 121.345195025075995, 24.973678142471702, 0.0 ] } },
{ "type": "Feature", "properties": { "Display": "4K+900", "River": "鶯歌溪排水左岸", "Name": "鶯歌溪排水左岸4K+900" }, "geometry": { "type": "Point", "coordinates": [ 121.345290458132993, 24.973654268318899, 0.0 ] } },
{ "type": "Feature", "properties": { "Display": "4K+910", "River": "鶯歌溪排水左岸", "Name": "鶯歌溪排水左岸4K+910" }, "geometry": { "type": "Point", "coordinates": [ 121.345384557008003, 24.9736261003445, 0.0 ] } },
{ "type": "Feature", "properties": { "Display": "4K+920", "River": "鶯歌溪排水左岸", "Name": "鶯歌溪排水左岸4K+920" }, "geometry": { "type": "Point", "coordinates": [ 121.345477141060002, 24.973594023962601, 0.0 ] } },
{ "type": "Feature", "properties": { "Display": "4K+930", "River": "鶯歌溪排水左岸", "Name": "鶯歌溪排水左岸4K+930" }, "geometry": { "type": "Point", "coordinates": [ 121.345569725063996, 24.9735619475234, 0.0 ] } },
{ "type": "Feature", "properties": { "Display": "4K+940", "River": "鶯歌溪排水左岸", "Name": "鶯歌溪排水左岸4K+940" }, "geometry": { "type": "Point", "coordinates": [ 121.345663085441998, 24.9735318527764, 0.0 ] } },
{ "type": "Feature", "properties": { "Display": "4K+950", "River": "鶯歌溪排水左岸", "Name": "鶯歌溪排水左岸4K+950" }, "geometry": { "type": "Point", "coordinates": [ 121.345758565020006, 24.973509210760302, 0.0 ] } },
{ "type": "Feature", "properties": { "Display": "4K+960", "River": "鶯歌溪排水左岸", "Name": "鶯歌溪排水左岸4K+960" }, "geometry": { "type": "Point", "coordinates": [ 121.345856647022998, 24.9734966450191, 0.0 ] } },
{ "type": "Feature", "properties": { "Display": "4K+970", "River": "鶯歌溪排水左岸", "Name": "鶯歌溪排水左岸4K+970" }, "geometry": { "type": "Point", "coordinates": [ 121.345954729005996, 24.973484079213399, 0.0 ] } },
{ "type": "Feature", "properties": { "Display": "4K+980", "River": "鶯歌溪排水左岸", "Name": "鶯歌溪排水左岸4K+980" }, "geometry": { "type": "Point", "coordinates": [ 121.346053570246994, 24.9734789891213, 0.0 ] } },
{ "type": "Feature", "properties": { "Display": "4K+990", "River": "鶯歌溪排水左岸", "Name": "鶯歌溪排水左岸4K+990" }, "geometry": { "type": "Point", "coordinates": [ 121.346152567301004, 24.973476874582602, 0.0 ] } },
{ "type": "Feature", "properties": { "Display": "5K+000", "River": "鶯歌溪排水左岸", "Name": "鶯歌溪排水左岸5K+000" }, "geometry": { "type": "Point", "coordinates": [ 121.346251612857998, 24.9734766007285, 0.0 ] } },
{ "type": "Feature", "properties": { "Display": "5K+010", "River": "鶯歌溪排水左岸", "Name": "鶯歌溪排水左岸5K+010" }, "geometry": { "type": "Point", "coordinates": [ 121.346350600714004, 24.973477590207398, 0.0 ] } },
{ "type": "Feature", "properties": { "Display": "5K+020", "River": "鶯歌溪排水左岸", "Name": "鶯歌溪排水左岸5K+020" }, "geometry": { "type": "Point", "coordinates": [ 121.346449278600005, 24.973485366928902, 0.0 ] } },
{ "type": "Feature", "properties": { "Display": "5K+030", "River": "鶯歌溪排水左岸", "Name": "鶯歌溪排水左岸5K+030" }, "geometry": { "type": "Point", "coordinates": [ 121.346545362740002, 24.973506071109401, 0.0 ] } },
{ "type": "Feature", "properties": { "Display": "5K+040", "River": "鶯歌溪排水左岸", "Name": "鶯歌溪排水左岸5K+040" }, "geometry": { "type": "Point", "coordinates": [ 121.346640672830006, 24.973530633324799, 0.0 ] } },
{ "type": "Feature", "properties": { "Display": "5K+050", "River": "鶯歌溪排水左岸", "Name": "鶯歌溪排水左岸5K+050" }, "geometry": { "type": "Point", "coordinates": [ 121.346735982957995, 24.973555195478699, 0.0 ] } },
{ "type": "Feature", "properties": { "Display": "5K+060", "River": "鶯歌溪排水左岸", "Name": "鶯歌溪排水左岸5K+060" }, "geometry": { "type": "Point", "coordinates": [ 121.346831293123003, 24.973579757570999, 0.0 ] } },
{ "type": "Feature", "properties": { "Display": "5K+070", "River": "鶯歌溪排水左岸", "Name": "鶯歌溪排水左岸5K+070" }, "geometry": { "type": "Point", "coordinates": [ 121.346925695002994, 24.973607031267399, 0.0 ] } },
{ "type": "Feature", "properties": { "Display": "5K+080", "River": "鶯歌溪排水左岸", "Name": "鶯歌溪排水左岸5K+080" }, "geometry": { "type": "Point", "coordinates": [ 121.347019801437, 24.973635187033999, 0.0 ] } },
{ "type": "Feature", "properties": { "Display": "5K+090", "River": "鶯歌溪排水左岸", "Name": "鶯歌溪排水左岸5K+090" }, "geometry": { "type": "Point", "coordinates": [ 121.347113907913993, 24.973663342740501, 0.0 ] } },
{ "type": "Feature", "properties": { "Display": "5K+100", "River": "鶯歌溪排水左岸", "Name": "鶯歌溪排水左岸5K+100" }, "geometry": { "type": "Point", "coordinates": [ 121.347207798775003, 24.973692019788199, 0.0 ] } },
{ "type": "Feature", "properties": { "Display": "5K+110", "River": "鶯歌溪排水左岸", "Name": "鶯歌溪排水左岸5K+110" }, "geometry": { "type": "Point", "coordinates": [ 121.347298874261995, 24.973727503680198, 0.0 ] } },
{ "type": "Feature", "properties": { "Display": "5K+120", "River": "鶯歌溪排水左岸", "Name": "鶯歌溪排水左岸5K+120" }, "geometry": { "type": "Point", "coordinates": [ 121.347389949800998, 24.973762987515698, 0.0 ] } },
{ "type": "Feature", "properties": { "Display": "5K+130", "River": "鶯歌溪排水左岸", "Name": "鶯歌溪排水左岸5K+130" }, "geometry": { "type": "Point", "coordinates": [ 121.347479473286, 24.973801446959001, 0.0 ] } },
{ "type": "Feature", "properties": { "Display": "5K+140", "River": "鶯歌溪排水左岸", "Name": "鶯歌溪排水左岸5K+140" }, "geometry": { "type": "Point", "coordinates": [ 121.347567156731003, 24.973843434142701, 0.0 ] } },
{ "type": "Feature", "properties": { "Display": "5K+150", "River": "鶯歌溪排水左岸", "Name": "鶯歌溪排水左岸5K+150" }, "geometry": { "type": "Point", "coordinates": [ 121.347654840236004, 24.973885421273899, 0.0 ] } },
{ "type": "Feature", "properties": { "Display": "5K+160", "River": "鶯歌溪排水左岸", "Name": "鶯歌溪排水左岸5K+160" }, "geometry": { "type": "Point", "coordinates": [ 121.347738830175999, 24.9739332489365, 0.0 ] } },
{ "type": "Feature", "properties": { "Display": "5K+170", "River": "鶯歌溪排水左岸", "Name": "鶯歌溪排水左岸5K+170" }, "geometry": { "type": "Point", "coordinates": [ 121.347822280464996, 24.973981878439599, 0.0 ] } },
{ "type": "Feature", "properties": { "Display": "5K+180", "River": "鶯歌溪排水左岸", "Name": "鶯歌溪排水左岸5K+180" }, "geometry": { "type": "Point", "coordinates": [ 121.347905702930007, 24.974030547825699, 0.0 ] } },
{ "type": "Feature", "properties": { "Display": "5K+190", "River": "鶯歌溪排水左岸", "Name": "鶯歌溪排水左岸5K+190" }, "geometry": { "type": "Point", "coordinates": [ 121.347989066352994, 24.974079301253099, 0.0 ] } },
{ "type": "Feature", "properties": { "Display": "5K+200", "River": "鶯歌溪排水左岸", "Name": "鶯歌溪排水左岸5K+200" }, "geometry": { "type": "Point", "coordinates": [ 121.348073057527998, 24.974127135288199, 0.0 ] } },
{ "type": "Feature", "properties": { "Display": "5K+210", "River": "鶯歌溪排水左岸", "Name": "鶯歌溪排水左岸5K+210" }, "geometry": { "type": "Point", "coordinates": [ 121.348159235571998, 24.974171210102298, 0.0 ] } },
{ "type": "Feature", "properties": { "Display": "5K+220", "River": "鶯歌溪排水左岸", "Name": "鶯歌溪排水左岸5K+220" }, "geometry": { "type": "Point", "coordinates": [ 121.348251840198003, 24.974203210432499, 0.0 ] } },
{ "type": "Feature", "properties": { "Display": "5K+230", "River": "鶯歌溪排水左岸", "Name": "鶯歌溪排水左岸5K+230" }, "geometry": { "type": "Point", "coordinates": [ 121.348339903048995, 24.9742437414322, 0.0 ] } },
{ "type": "Feature", "properties": { "Display": "5K+240", "River": "鶯歌溪排水左岸", "Name": "鶯歌溪排水左岸5K+240" }, "geometry": { "type": "Point", "coordinates": [ 121.348425229114994, 24.974289587211501, 0.0 ] } },
{ "type": "Feature", "properties": { "Display": "5K+250", "River": "鶯歌溪排水左岸", "Name": "鶯歌溪排水左岸5K+250" }, "geometry": { "type": "Point", "coordinates": [ 121.348510555242996, 24.974335432940901, 0.0 ] } },
{ "type": "Feature", "properties": { "Display": "5K+260", "River": "鶯歌溪排水左岸", "Name": "鶯歌溪排水左岸5K+260" }, "geometry": { "type": "Point", "coordinates": [ 121.348595242881999, 24.9743822499799, 0.0 ] } },
{ "type": "Feature", "properties": { "Display": "5K+270", "River": "鶯歌溪排水左岸", "Name": "鶯歌溪排水左岸5K+270" }, "geometry": { "type": "Point", "coordinates": [ 121.348679278290007, 24.9744299945805, 0.0 ] } },
{ "type": "Feature", "properties": { "Display": "5K+280", "River": "鶯歌溪排水左岸", "Name": "鶯歌溪排水左岸5K+280" }, "geometry": { "type": "Point", "coordinates": [ 121.348759591331003, 24.9744827873945, 0.0 ] } },
{ "type": "Feature", "properties": { "Display": "5K+290", "River": "鶯歌溪排水左岸", "Name": "鶯歌溪排水左岸5K+290" }, "geometry": { "type": "Point", "coordinates": [ 121.348836120903997, 24.974540066918099, 0.0 ] } },
{ "type": "Feature", "properties": { "Display": "5K+300", "River": "鶯歌溪排水左岸", "Name": "鶯歌溪排水左岸5K+300" }, "geometry": { "type": "Point", "coordinates": [ 121.348907371476997, 24.9746027486554, 0.0 ] } },
{ "type": "Feature", "properties": { "Display": "5K+310", "River": "鶯歌溪排水左岸", "Name": "鶯歌溪排水左岸5K+310" }, "geometry": { "type": "Point", "coordinates": [ 121.348965389802004, 24.974675501798899, 0.0 ] } },
{ "type": "Feature", "properties": { "Display": "5K+320", "River": "鶯歌溪排水左岸", "Name": "鶯歌溪排水左岸5K+320" }, "geometry": { "type": "Point", "coordinates": [ 121.349004348324002, 24.974758143659699, 0.0 ] } },
{ "type": "Feature", "properties": { "Display": "5K+330", "River": "鶯歌溪排水左岸", "Name": "鶯歌溪排水左岸5K+330" }, "geometry": { "type": "Point", "coordinates": [ 121.349019354692999, 24.974847330048, 0.0 ] } },
{ "type": "Feature", "properties": { "Display": "5K+340", "River": "鶯歌溪排水左岸", "Name": "鶯歌溪排水左岸5K+340" }, "geometry": { "type": "Point", "coordinates": [ 121.349024802884998, 24.974937006326101, 0.0 ] } },
{ "type": "Feature", "properties": { "Display": "5K+350", "River": "鶯歌溪排水左岸", "Name": "鶯歌溪排水左岸5K+350" }, "geometry": { "type": "Point", "coordinates": [ 121.348993567288005, 24.9750222043977, 0.0 ] } },
{ "type": "Feature", "properties": { "Display": "5K+360", "River": "鶯歌溪排水左岸", "Name": "鶯歌溪排水左岸5K+360" }, "geometry": { "type": "Point", "coordinates": [ 121.348924096342998, 24.975084565874301, 0.0 ] } },
{ "type": "Feature", "properties": { "Display": "5K+370", "River": "鶯歌溪排水左岸", "Name": "鶯歌溪排水左岸5K+370" }, "geometry": { "type": "Point", "coordinates": [ 121.348832501233005, 24.975118405869001, 0.0 ] } },
{ "type": "Feature", "properties": { "Display": "5K+380", "River": "鶯歌溪排水左岸", "Name": "鶯歌溪排水左岸5K+380" }, "geometry": { "type": "Point", "coordinates": [ 121.348738100949006, 24.975145734602599, 0.0 ] } },
{ "type": "Feature", "properties": { "Display": "5K+390", "River": "鶯歌溪排水左岸", "Name": "鶯歌溪排水左岸5K+390" }, "geometry": { "type": "Point", "coordinates": [ 121.348646408717002, 24.9751795307123, 0.0 ] } },
{ "type": "Feature", "properties": { "Display": "5K+400", "River": "鶯歌溪排水左岸", "Name": "鶯歌溪排水左岸5K+400" }, "geometry": { "type": "Point", "coordinates": [ 121.348563998898996, 24.975229515187301, 0.0 ] } },
{ "type": "Feature", "properties": { "Display": "5K+410", "River": "鶯歌溪排水左岸", "Name": "鶯歌溪排水左岸5K+410" }, "geometry": { "type": "Point", "coordinates": [ 121.348479430612997, 24.975276163079101, 0.0 ] } },
{ "type": "Feature", "properties": { "Display": "5K+420", "River": "鶯歌溪排水左岸", "Name": "鶯歌溪排水左岸5K+420" }, "geometry": { "type": "Point", "coordinates": [ 121.348422545657996, 24.975349560634999, 0.0 ] } },
{ "type": "Feature", "properties": { "Display": "5K+430", "River": "鶯歌溪排水左岸", "Name": "鶯歌溪排水左岸5K+430" }, "geometry": { "type": "Point", "coordinates": [ 121.348368434378003, 24.975425178717199, 0.0 ] } },
{ "type": "Feature", "properties": { "Display": "5K+440", "River": "鶯歌溪排水左岸", "Name": "鶯歌溪排水左岸5K+440" }, "geometry": { "type": "Point", "coordinates": [ 121.348312793426999, 24.975499846820099, 0.0 ] } },
{ "type": "Feature", "properties": { "Display": "5K+450", "River": "鶯歌溪排水左岸", "Name": "鶯歌溪排水左岸5K+450" }, "geometry": { "type": "Point", "coordinates": [ 121.348255521946996, 24.975573487899201, 0.0 ] } },
{ "type": "Feature", "properties": { "Display": "5K+460", "River": "鶯歌溪排水左岸", "Name": "鶯歌溪排水左岸5K+460" }, "geometry": { "type": "Point", "coordinates": [ 121.348203937750995, 24.9756505266384, 0.0 ] } },
{ "type": "Feature", "properties": { "Display": "5K+470", "River": "鶯歌溪排水左岸", "Name": "鶯歌溪排水左岸5K+470" }, "geometry": { "type": "Point", "coordinates": [ 121.348154017677004, 24.9757284867256, 0.0 ] } },
{ "type": "Feature", "properties": { "Display": "5K+480", "River": "鶯歌溪排水左岸", "Name": "鶯歌溪排水左岸5K+480" }, "geometry": { "type": "Point", "coordinates": [ 121.348100923545005, 24.975804694685401, 0.0 ] } },
{ "type": "Feature", "properties": { "Display": "5K+490", "River": "鶯歌溪排水左岸", "Name": "鶯歌溪排水左岸5K+490" }, "geometry": { "type": "Point", "coordinates": [ 121.348050041717002, 24.975882102401101, 0.0 ] } },
{ "type": "Feature", "properties": { "Display": "5K+500", "River": "鶯歌溪排水左岸", "Name": "鶯歌溪排水左岸5K+500" }, "geometry": { "type": "Point", "coordinates": [ 121.348002916116997, 24.9759612479934, 0.0 ] } },
{ "type": "Feature", "properties": { "Display": "5K+510", "River": "鶯歌溪排水左岸", "Name": "鶯歌溪排水左岸5K+510" }, "geometry": { "type": "Point", "coordinates": [ 121.347960296140002, 24.976042745123099, 0.0 ] } },
{ "type": "Feature", "properties": { "Display": "5K+520", "River": "鶯歌溪排水左岸", "Name": "鶯歌溪排水左岸5K+520" }, "geometry": { "type": "Point", "coordinates": [ 121.347929754074002, 24.9761285869231, 0.0 ] } },
{ "type": "Feature", "properties": { "Display": "5K+530", "River": "鶯歌溪排水左岸", "Name": "鶯歌溪排水左岸5K+530" }, "geometry": { "type": "Point", "coordinates": [ 121.347938614681993, 24.9762124636935, 0.0 ] } },
{ "type": "Feature", "properties": { "Display": "5K+540", "River": "鶯歌溪排水左岸", "Name": "鶯歌溪排水左岸5K+540" }, "geometry": { "type": "Point", "coordinates": [ 121.348031069393002, 24.976233029545899, 0.0 ] } },
{ "type": "Feature", "properties": { "Display": "5K+550", "River": "鶯歌溪排水左岸", "Name": "鶯歌溪排水左岸5K+550" }, "geometry": { "type": "Point", "coordinates": [ 121.348129860100997, 24.976227595028099, 0.0 ] } },
{ "type": "Feature", "properties": { "Display": "5K+560", "River": "鶯歌溪排水左岸", "Name": "鶯歌溪排水左岸5K+560" }, "geometry": { "type": "Point", "coordinates": [ 121.348228169273, 24.976216816747101, 0.0 ] } },
{ "type": "Feature", "properties": { "Display": "5K+570", "River": "鶯歌溪排水左岸", "Name": "鶯歌溪排水左岸5K+570" }, "geometry": { "type": "Point", "coordinates": [ 121.348325486793996, 24.976227051785902, 0.0 ] } },
{ "type": "Feature", "properties": { "Display": "5K+580", "River": "鶯歌溪排水左岸", "Name": "鶯歌溪排水左岸5K+580" }, "geometry": { "type": "Point", "coordinates": [ 121.348418067023005, 24.976259012310098, 0.0 ] } },
{ "type": "Feature", "properties": { "Display": "5K+590", "River": "鶯歌溪排水左岸", "Name": "鶯歌溪排水左岸5K+590" }, "geometry": { "type": "Point", "coordinates": [ 121.348510422901995, 24.976291535420899, 0.0 ] } },
{ "type": "Feature", "properties": { "Display": "5K+600", "River": "鶯歌溪排水左岸", "Name": "鶯歌溪排水左岸5K+600" }, "geometry": { "type": "Point", "coordinates": [ 121.348599007109996, 24.9763319075137, 0.0 ] } },
{ "type": "Feature", "properties": { "Display": "5K+610", "River": "鶯歌溪排水左岸", "Name": "鶯歌溪排水左岸5K+610" }, "geometry": { "type": "Point", "coordinates": [ 121.348694716419999, 24.976354734699498, 0.0 ] } },
{ "type": "Feature", "properties": { "Display": "5K+620", "River": "鶯歌溪排水左岸", "Name": "鶯歌溪排水左岸5K+620" }, "geometry": { "type": "Point", "coordinates": [ 121.348792896716006, 24.9763651054026, 0.0 ] } },
{ "type": "Feature", "properties": { "Display": "5K+630", "River": "鶯歌溪排水左岸", "Name": "鶯歌溪排水左岸5K+630" }, "geometry": { "type": "Point", "coordinates": [ 121.348891600520005, 24.9763644214338, 0.0 ] } },
{ "type": "Feature", "properties": { "Display": "5K+640", "River": "鶯歌溪排水左岸", "Name": "鶯歌溪排水左岸5K+640" }, "geometry": { "type": "Point", "coordinates": [ 121.348989862400998, 24.976354009674001, 0.0 ] } },
{ "type": "Feature", "properties": { "Display": "5K+650", "River": "鶯歌溪排水左岸", "Name": "鶯歌溪排水左岸5K+650" }, "geometry": { "type": "Point", "coordinates": [ 121.349087286670994, 24.976367499478801, 0.0 ] } },
{ "type": "Feature", "properties": { "Display": "5K+660", "River": "鶯歌溪排水左岸", "Name": "鶯歌溪排水左岸5K+660" }, "geometry": { "type": "Point", "coordinates": [ 121.349174786594006, 24.976408307850299, 0.0 ] } },
{ "type": "Feature", "properties": { "Display": "5K+670", "River": "鶯歌溪排水左岸", "Name": "鶯歌溪排水左岸5K+670" }, "geometry": { "type": "Point", "coordinates": [ 121.349242531331996, 24.976473854167899, 0.0 ] } },
{ "type": "Feature", "properties": { "Display": "5K+680", "River": "鶯歌溪排水左岸", "Name": "鶯歌溪排水左岸5K+680" }, "geometry": { "type": "Point", "coordinates": [ 121.349268823605996, 24.976559758572499, 0.0 ] } },
{ "type": "Feature", "properties": { "Display": "5K+690", "River": "鶯歌溪排水左岸", "Name": "鶯歌溪排水左岸5K+690" }, "geometry": { "type": "Point", "coordinates": [ 121.349278464235994, 24.976649593046101, 0.0 ] } },
{ "type": "Feature", "properties": { "Display": "5K+700", "River": "鶯歌溪排水左岸", "Name": "鶯歌溪排水左岸5K+700" }, "geometry": { "type": "Point", "coordinates": [ 121.349279123095997, 24.976739873772399, 0.0 ] } },
{ "type": "Feature", "properties": { "Display": "5K+710", "River": "鶯歌溪排水左岸", "Name": "鶯歌溪排水左岸5K+710" }, "geometry": { "type": "Point", "coordinates": [ 121.349254854034996, 24.976826602930501, 0.0 ] } },
{ "type": "Feature", "properties": { "Display": "5K+720", "River": "鶯歌溪排水左岸", "Name": "鶯歌溪排水左岸5K+720" }, "geometry": { "type": "Point", "coordinates": [ 121.349206002998002, 24.976904691290901, 0.0 ] } },
{ "type": "Feature", "properties": { "Display": "5K+730", "River": "鶯歌溪排水左岸", "Name": "鶯歌溪排水左岸5K+730" }, "geometry": { "type": "Point", "coordinates": [ 121.349119043749994, 24.9769462163299, 0.0 ] } },
{ "type": "Feature", "properties": { "Display": "5K+740", "River": "鶯歌溪排水左岸", "Name": "鶯歌溪排水左岸5K+740" }, "geometry": { "type": "Point", "coordinates": [ 121.349027223066003, 24.9769800717152, 0.0 ] } },
{ "type": "Feature", "properties": { "Display": "5K+750", "River": "鶯歌溪排水左岸", "Name": "鶯歌溪排水左岸5K+750" }, "geometry": { "type": "Point", "coordinates": [ 121.348936410689006, 24.977016096986802, 0.0 ] } },
{ "type": "Feature", "properties": { "Display": "5K+760", "River": "鶯歌溪排水左岸", "Name": "鶯歌溪排水左岸5K+760" }, "geometry": { "type": "Point", "coordinates": [ 121.348845256724005, 24.977051416270999, 0.0 ] } },
{ "type": "Feature", "properties": { "Display": "5K+770", "River": "鶯歌溪排水左岸", "Name": "鶯歌溪排水左岸5K+770" }, "geometry": { "type": "Point", "coordinates": [ 121.348753675195994, 24.9770858035088, 0.0 ] } },
{ "type": "Feature", "properties": { "Display": "5K+780", "River": "鶯歌溪排水左岸", "Name": "鶯歌溪排水左岸5K+780" }, "geometry": { "type": "Point", "coordinates": [ 121.348661861504993, 24.9771196746394, 0.0 ] } },
{ "type": "Feature", "properties": { "Display": "5K+790", "River": "鶯歌溪排水左岸", "Name": "鶯歌溪排水左岸5K+790" }, "geometry": { "type": "Point", "coordinates": [ 121.348569801069999, 24.9771529855105, 0.0 ] } },
{ "type": "Feature", "properties": { "Display": "5K+800", "River": "鶯歌溪排水左岸", "Name": "鶯歌溪排水左岸5K+800" }, "geometry": { "type": "Point", "coordinates": [ 121.348477176407997, 24.977184868700601, 0.0 ] } },
{ "type": "Feature", "properties": { "Display": "5K+810", "River": "鶯歌溪排水左岸", "Name": "鶯歌溪排水左岸5K+810" }, "geometry": { "type": "Point", "coordinates": [ 121.348386215429997, 24.977220436377699, 0.0 ] } },
{ "type": "Feature", "properties": { "Display": "5K+820", "River": "鶯歌溪排水左岸", "Name": "鶯歌溪排水左岸5K+820" }, "geometry": { "type": "Point", "coordinates": [ 121.348353663395997, 24.977300770019198, 0.0 ] } },
{ "type": "Feature", "properties": { "Display": "5K+830", "River": "鶯歌溪排水左岸", "Name": "鶯歌溪排水左岸5K+830" }, "geometry": { "type": "Point", "coordinates": [ 121.348345041479007, 24.977390667979101, 0.0 ] } },
{ "type": "Feature", "properties": { "Display": "5K+840", "River": "鶯歌溪排水左岸", "Name": "鶯歌溪排水左岸5K+840" }, "geometry": { "type": "Point", "coordinates": [ 121.348342468786996, 24.977480888548801, 0.0 ] } },
{ "type": "Feature", "properties": { "Display": "5K+850", "River": "鶯歌溪排水左岸", "Name": "鶯歌溪排水左岸5K+850" }, "geometry": { "type": "Point", "coordinates": [ 121.348337925455994, 24.9775710728169, 0.0 ] } },
{ "type": "Feature", "properties": { "Display": "5K+860", "River": "鶯歌溪排水左岸", "Name": "鶯歌溪排水左岸5K+860" }, "geometry": { "type": "Point", "coordinates": [ 121.348337344724996, 24.9776613167564, 0.0 ] } },
{ "type": "Feature", "properties": { "Display": "5K+870", "River": "鶯歌溪排水左岸", "Name": "鶯歌溪排水左岸5K+870" }, "geometry": { "type": "Point", "coordinates": [ 121.348338595933001, 24.9777515488707, 0.0 ] } },
{ "type": "Feature", "properties": { "Display": "5K+880", "River": "鶯歌溪排水左岸", "Name": "鶯歌溪排水左岸5K+880" }, "geometry": { "type": "Point", "coordinates": [ 121.348311119846997, 24.977837603236299, 0.0 ] } },
{ "type": "Feature", "properties": { "Display": "5K+890", "River": "鶯歌溪排水左岸", "Name": "鶯歌溪排水左岸5K+890" }, "geometry": { "type": "Point", "coordinates": [ 121.348260098555002, 24.9779146135137, 0.0 ] } },
{ "type": "Feature", "properties": { "Display": "5K+900", "River": "鶯歌溪排水左岸", "Name": "鶯歌溪排水左岸5K+900" }, "geometry": { "type": "Point", "coordinates": [ 121.348178375103998, 24.977963876434, 0.0 ] } },
{ "type": "Feature", "properties": { "Display": "5K+910", "River": "鶯歌溪排水左岸", "Name": "鶯歌溪排水左岸5K+910" }, "geometry": { "type": "Point", "coordinates": [ 121.348084088261004, 24.977991311302301, 0.0 ] } },
{ "type": "Feature", "properties": { "Display": "5K+920", "River": "鶯歌溪排水左岸", "Name": "鶯歌溪排水左岸5K+920" }, "geometry": { "type": "Point", "coordinates": [ 121.347986635620998, 24.9780067897855, 0.0 ] } },
{ "type": "Feature", "properties": { "Display": "5K+930", "River": "鶯歌溪排水左岸", "Name": "鶯歌溪排水左岸5K+930" }, "geometry": { "type": "Point", "coordinates": [ 121.347888155480007, 24.9780164517339, 0.0 ] } },
{ "type": "Feature", "properties": { "Display": "5K+940", "River": "鶯歌溪排水左岸", "Name": "鶯歌溪排水左岸5K+940" }, "geometry": { "type": "Point", "coordinates": [ 121.347789627246001, 24.978025703135799, 0.0 ] } },
{ "type": "Feature", "properties": { "Display": "5K+950", "River": "鶯歌溪排水左岸", "Name": "鶯歌溪排水左岸5K+950" }, "geometry": { "type": "Point", "coordinates": [ 121.347691132289995, 24.9780350111083, 0.0 ] } },
{ "type": "Feature", "properties": { "Display": "5K+960", "River": "鶯歌溪排水左岸", "Name": "鶯歌溪排水左岸5K+960" }, "geometry": { "type": "Point", "coordinates": [ 121.347594741894994, 24.978055236463501, 0.0 ] } },
{ "type": "Feature", "properties": { "Display": "5K+970", "River": "鶯歌溪排水左岸", "Name": "鶯歌溪排水左岸5K+970" }, "geometry": { "type": "Point", "coordinates": [ 121.347509669906003, 24.9780997264603, 0.0 ] } },
{ "type": "Feature", "properties": { "Display": "5K+980", "River": "鶯歌溪排水左岸", "Name": "鶯歌溪排水左岸5K+980" }, "geometry": { "type": "Point", "coordinates": [ 121.347443476487996, 24.978166688974699, 0.0 ] } },
{ "type": "Feature", "properties": { "Display": "5K+990", "River": "鶯歌溪排水左岸", "Name": "鶯歌溪排水左岸5K+990" }, "geometry": { "type": "Point", "coordinates": [ 121.347390487186004, 24.978242904001998, 0.0 ] } },
{ "type": "Feature", "properties": { "Display": "6K+000", "River": "鶯歌溪排水左岸", "Name": "鶯歌溪排水左岸6K+000" }, "geometry": { "type": "Point", "coordinates": [ 121.347358482315997, 24.978326636777801, 0.0 ] } },
{ "type": "Feature", "properties": { "Display": "6K+010", "River": "鶯歌溪排水左岸", "Name": "鶯歌溪排水左岸6K+010" }, "geometry": { "type": "Point", "coordinates": [ 121.347346828951004, 24.978416282988501, 0.0 ] } },
{ "type": "Feature", "properties": { "Display": "6K+020", "River": "鶯歌溪排水左岸", "Name": "鶯歌溪排水左岸6K+020" }, "geometry": { "type": "Point", "coordinates": [ 121.347337251490998, 24.978506105768599, 0.0 ] } },
{ "type": "Feature", "properties": { "Display": "6K+030", "River": "鶯歌溪排水左岸", "Name": "鶯歌溪排水左岸6K+030" }, "geometry": { "type": "Point", "coordinates": [ 121.347339892844005, 24.9785961356169, 0.0 ] } },
{ "type": "Feature", "properties": { "Display": "6K+040", "River": "鶯歌溪排水左岸", "Name": "鶯歌溪排水左岸6K+040" }, "geometry": { "type": "Point", "coordinates": [ 121.347368439186994, 24.978682013261899, 0.0 ] } },
{ "type": "Feature", "properties": { "Display": "6K+050", "River": "鶯歌溪排水左岸", "Name": "鶯歌溪排水左岸6K+050" }, "geometry": { "type": "Point", "coordinates": [ 121.347423941021006, 24.9787567891332, 0.0 ] } },
{ "type": "Feature", "properties": { "Display": "6K+060", "River": "鶯歌溪排水左岸", "Name": "鶯歌溪排水左岸6K+060" }, "geometry": { "type": "Point", "coordinates": [ 121.347495012503003, 24.9788182752492, 0.0 ] } },
{ "type": "Feature", "properties": { "Display": "6K+070", "River": "鶯歌溪排水左岸", "Name": "鶯歌溪排水左岸6K+070" }, "geometry": { "type": "Point", "coordinates": [ 121.347575216227995, 24.9788712476524, 0.0 ] } },
{ "type": "Feature", "properties": { "Display": "6K+080", "River": "鶯歌溪排水左岸", "Name": "鶯歌溪排水左岸6K+080" }, "geometry": { "type": "Point", "coordinates": [ 121.347657188190993, 24.9789219091296, 0.0 ] } },
{ "type": "Feature", "properties": { "Display": "6K+090", "River": "鶯歌溪排水左岸", "Name": "鶯歌溪排水左岸6K+090" }, "geometry": { "type": "Point", "coordinates": [ 121.347743387527998, 24.9789662836763, 0.0 ] } },
{ "type": "Feature", "properties": { "Display": "6K+100", "River": "鶯歌溪排水左岸", "Name": "鶯歌溪排水左岸6K+100" }, "geometry": { "type": "Point", "coordinates": [ 121.347826572439999, 24.979014989139699, 0.0 ] } },
{ "type": "Feature", "properties": { "Display": "6K+110", "River": "鶯歌溪排水左岸", "Name": "鶯歌溪排水左岸6K+110" }, "geometry": { "type": "Point", "coordinates": [ 121.347896539814002, 24.979078207362399, 0.0 ] } },
{ "type": "Feature", "properties": { "Display": "6K+120", "River": "鶯歌溪排水左岸", "Name": "鶯歌溪排水左岸6K+120" }, "geometry": { "type": "Point", "coordinates": [ 121.347956101465996, 24.979150245797801, 0.0 ] } },
{ "type": "Feature", "properties": { "Display": "6K+130", "River": "鶯歌溪排水左岸", "Name": "鶯歌溪排水左岸6K+130" }, "geometry": { "type": "Point", "coordinates": [ 121.348013935812006, 24.979223540447499, 0.0 ] } },
{ "type": "Feature", "properties": { "Display": "6K+140", "River": "鶯歌溪排水左岸", "Name": "鶯歌溪排水左岸6K+140" }, "geometry": { "type": "Point", "coordinates": [ 121.348070670330003, 24.979297447033701, 0.0 ] } },
{ "type": "Feature", "properties": { "Display": "6K+150", "River": "鶯歌溪排水左岸", "Name": "鶯歌溪排水左岸6K+150" }, "geometry": { "type": "Point", "coordinates": [ 121.348120382774994, 24.979375534880901, 0.0 ] } },
{ "type": "Feature", "properties": { "Display": "6K+160", "River": "鶯歌溪排水左岸", "Name": "鶯歌溪排水左岸6K+160" }, "geometry": { "type": "Point", "coordinates": [ 121.348168568317007, 24.9794544104893, 0.0 ] } },
{ "type": "Feature", "properties": { "Display": "6K+170", "River": "鶯歌溪排水左岸", "Name": "鶯歌溪排水左岸6K+170" }, "geometry": { "type": "Point", "coordinates": [ 121.348232911181995, 24.979521445495301, 0.0 ] } },
{ "type": "Feature", "properties": { "Display": "6K+180", "River": "鶯歌溪排水左岸", "Name": "鶯歌溪排水左岸6K+180" }, "geometry": { "type": "Point", "coordinates": [ 121.348325217886, 24.9795537770304, 0.0 ] } },
{ "type": "Feature", "properties": { "Display": "6K+190", "River": "鶯歌溪排水左岸", "Name": "鶯歌溪排水左岸6K+190" }, "geometry": { "type": "Point", "coordinates": [ 121.348419197837998, 24.979582290176499, 0.0 ] } },
{ "type": "Feature", "properties": { "Display": "6K+200", "River": "鶯歌溪排水左岸", "Name": "鶯歌溪排水左岸6K+200" }, "geometry": { "type": "Point", "coordinates": [ 121.348514215367999, 24.979607696018402, 0.0 ] } },
{ "type": "Feature", "properties": { "Display": "6K+210", "River": "鶯歌溪排水左岸", "Name": "鶯歌溪排水左岸6K+210" }, "geometry": { "type": "Point", "coordinates": [ 121.348612826489997, 24.979613596149999, 0.0 ] } },
{ "type": "Feature", "properties": { "Display": "6K+220", "River": "鶯歌溪排水左岸", "Name": "鶯歌溪排水左岸6K+220" }, "geometry": { "type": "Point", "coordinates": [ 121.348711861031006, 24.979614338708799, 0.0 ] } },
{ "type": "Feature", "properties": { "Display": "6K+230", "River": "鶯歌溪排水左岸", "Name": "鶯歌溪排水左岸6K+230" }, "geometry": { "type": "Point", "coordinates": [ 121.348808236121002, 24.979632106907601, 0.0 ] } },
{ "type": "Feature", "properties": { "Display": "6K+240", "River": "鶯歌溪排水左岸", "Name": "鶯歌溪排水左岸6K+240" }, "geometry": { "type": "Point", "coordinates": [ 121.348897186559995, 24.979670758371999, 0.0 ] } },
{ "type": "Feature", "properties": { "Display": "6K+250", "River": "鶯歌溪排水左岸", "Name": "鶯歌溪排水左岸6K+250" }, "geometry": { "type": "Point", "coordinates": [ 121.348968332181997, 24.979732939749301, 0.0 ] } },
{ "type": "Feature", "properties": { "Display": "6K+260", "River": "鶯歌溪排水左岸", "Name": "鶯歌溪排水左岸6K+260" }, "geometry": { "type": "Point", "coordinates": [ 121.34900686924, 24.979814887897302, 0.0 ] } },
{ "type": "Feature", "properties": { "Display": "6K+270", "River": "鶯歌溪排水左岸", "Name": "鶯歌溪排水左岸6K+270" }, "geometry": { "type": "Point", "coordinates": [ 121.349024449398001, 24.9799037128126, 0.0 ] } },
{ "type": "Feature", "properties": { "Display": "6K+280", "River": "鶯歌溪排水左岸", "Name": "鶯歌溪排水左岸6K+280" }, "geometry": { "type": "Point", "coordinates": [ 121.349037771869007, 24.979993168076302, 0.0 ] } },
{ "type": "Feature", "properties": { "Display": "6K+290", "River": "鶯歌溪排水左岸", "Name": "鶯歌溪排水左岸6K+290" }, "geometry": { "type": "Point", "coordinates": [ 121.349049228688997, 24.980082828071101, 0.0 ] } },
{ "type": "Feature", "properties": { "Display": "6K+300", "River": "鶯歌溪排水左岸", "Name": "鶯歌溪排水左岸6K+300" }, "geometry": { "type": "Point", "coordinates": [ 121.349055202052, 24.980172946394401, 0.0 ] } },
{ "type": "Feature", "properties": { "Display": "6K+310", "River": "鶯歌溪排水左岸", "Name": "鶯歌溪排水左岸6K+310" }, "geometry": { "type": "Point", "coordinates": [ 121.349060271621994, 24.980263105853101, 0.0 ] } },
{ "type": "Feature", "properties": { "Display": "6K+320", "River": "鶯歌溪排水左岸", "Name": "鶯歌溪排水左岸6K+320" }, "geometry": { "type": "Point", "coordinates": [ 121.349060967954998, 24.980353358418501, 0.0 ] } },
{ "type": "Feature", "properties": { "Display": "6K+330", "River": "鶯歌溪排水左岸", "Name": "鶯歌溪排水左岸6K+330" }, "geometry": { "type": "Point", "coordinates": [ 121.349052506112997, 24.9804431448045, 0.0 ] } },
{ "type": "Feature", "properties": { "Display": "6K+340", "River": "鶯歌溪排水左岸", "Name": "鶯歌溪排水左岸6K+340" }, "geometry": { "type": "Point", "coordinates": [ 121.348991471682993, 24.9805124399813, 0.0 ] } },
{ "type": "Feature", "properties": { "Display": "6K+350", "River": "鶯歌溪排水左岸", "Name": "鶯歌溪排水左岸6K+350" }, "geometry": { "type": "Point", "coordinates": [ 121.348915077260997, 24.980569845679, 0.0 ] } },
{ "type": "Feature", "properties": { "Display": "6K+360", "River": "鶯歌溪排水左岸", "Name": "鶯歌溪排水左岸6K+360" }, "geometry": { "type": "Point", "coordinates": [ 121.348836209086002, 24.980624434280902, 0.0 ] } },
{ "type": "Feature", "properties": { "Display": "6K+370", "River": "鶯歌溪排水左岸", "Name": "鶯歌溪排水左岸6K+370" }, "geometry": { "type": "Point", "coordinates": [ 121.348757326078001, 24.9806790063117, 0.0 ] } },
{ "type": "Feature", "properties": { "Display": "6K+380", "River": "鶯歌溪排水左岸", "Name": "鶯歌溪排水左岸6K+380" }, "geometry": { "type": "Point", "coordinates": [ 121.348686650435994, 24.980741915837299, 0.0 ] } },
{ "type": "Feature", "properties": { "Display": "6K+390", "River": "鶯歌溪排水左岸", "Name": "鶯歌溪排水左岸6K+390" }, "geometry": { "type": "Point", "coordinates": [ 121.348706240390001, 24.980827412333898, 0.0 ] } },
{ "type": "Feature", "properties": { "Display": "6K+400", "River": "鶯歌溪排水左岸", "Name": "鶯歌溪排水左岸6K+400" }, "geometry": { "type": "Point", "coordinates": [ 121.348763793725993, 24.9809004368255, 0.0 ] } },
{ "type": "Feature", "properties": { "Display": "6K+410", "River": "鶯歌溪排水左岸", "Name": "鶯歌溪排水左岸6K+410" }, "geometry": { "type": "Point", "coordinates": [ 121.348833946081996, 24.980964121408501, 0.0 ] } },
{ "type": "Feature", "properties": { "Display": "6K+420", "River": "鶯歌溪排水左岸", "Name": "鶯歌溪排水左岸6K+420" }, "geometry": { "type": "Point", "coordinates": [ 121.348908740913004, 24.981023289148201, 0.0 ] } },
{ "type": "Feature", "properties": { "Display": "6K+430", "River": "鶯歌溪排水左岸", "Name": "鶯歌溪排水左岸6K+430" }, "geometry": { "type": "Point", "coordinates": [ 121.348985675801998, 24.981080144018101, 0.0 ] } },
{ "type": "Feature", "properties": { "Display": "6K+440", "River": "鶯歌溪排水左岸", "Name": "鶯歌溪排水左岸6K+440" }, "geometry": { "type": "Point", "coordinates": [ 121.349064422908995, 24.981134907383399, 0.0 ] } },
{ "type": "Feature", "properties": { "Display": "6K+450", "River": "鶯歌溪排水左岸", "Name": "鶯歌溪排水左岸6K+450" }, "geometry": { "type": "Point", "coordinates": [ 121.349143753993005, 24.981188967275401, 0.0 ] } },
{ "type": "Feature", "properties": { "Display": "6K+460", "River": "鶯歌溪排水左岸", "Name": "鶯歌溪排水左岸6K+460" }, "geometry": { "type": "Point", "coordinates": [ 121.349223063975998, 24.981243053613401, 0.0 ] } },
{ "type": "Feature", "properties": { "Display": "6K+470", "River": "鶯歌溪排水左岸", "Name": "鶯歌溪排水左岸6K+470" }, "geometry": { "type": "Point", "coordinates": [ 121.349302741946005, 24.981296688415998, 0.0 ] } },
{ "type": "Feature", "properties": { "Display": "6K+480", "River": "鶯歌溪排水左岸", "Name": "鶯歌溪排水左岸6K+480" }, "geometry": { "type": "Point", "coordinates": [ 121.349383458450006, 24.9813489974674, 0.0 ] } },
{ "type": "Feature", "properties": { "Display": "6K+490", "River": "鶯歌溪排水左岸", "Name": "鶯歌溪排水左岸6K+490" }, "geometry": { "type": "Point", "coordinates": [ 121.349471298984, 24.9813905038257, 0.0 ] } },
{ "type": "Feature", "properties": { "Display": "6K+500", "River": "鶯歌溪排水左岸", "Name": "鶯歌溪排水左岸6K+500" }, "geometry": { "type": "Point", "coordinates": [ 121.349558729828004, 24.9814328762466, 0.0 ] } },
{ "type": "Feature", "properties": { "Display": "6K+510", "River": "鶯歌溪排水左岸", "Name": "鶯歌溪排水左岸6K+510" }, "geometry": { "type": "Point", "coordinates": [ 121.349642390610995, 24.981481191741398, 0.0 ] } },
{ "type": "Feature", "properties": { "Display": "6K+520", "River": "鶯歌溪排水左岸", "Name": "鶯歌溪排水左岸6K+520" }, "geometry": { "type": "Point", "coordinates": [ 121.349724783415994, 24.9815312914929, 0.0 ] } },
{ "type": "Feature", "properties": { "Display": "6K+530", "River": "鶯歌溪排水左岸", "Name": "鶯歌溪排水左岸6K+530" }, "geometry": { "type": "Point", "coordinates": [ 121.349806134594004, 24.9815827904511, 0.0 ] } },
{ "type": "Feature", "properties": { "Display": "6K+540", "River": "鶯歌溪排水左岸", "Name": "鶯歌溪排水左岸6K+540" }, "geometry": { "type": "Point", "coordinates": [ 121.349880879463001, 24.981641386535198, 0.0 ] } },
{ "type": "Feature", "properties": { "Display": "6K+550", "River": "鶯歌溪排水左岸", "Name": "鶯歌溪排水左岸6K+550" }, "geometry": { "type": "Point", "coordinates": [ 121.349953135543004, 24.981703100721798, 0.0 ] } },
{ "type": "Feature", "properties": { "Display": "6K+560", "River": "鶯歌溪排水左岸", "Name": "鶯歌溪排水左岸6K+560" }, "geometry": { "type": "Point", "coordinates": [ 121.350029389295003, 24.981760473862, 0.0 ] } },
{ "type": "Feature", "properties": { "Display": "6K+570", "River": "鶯歌溪排水左岸", "Name": "鶯歌溪排水左岸6K+570" }, "geometry": { "type": "Point", "coordinates": [ 121.350109842345006, 24.9818131044997, 0.0 ] } },
{ "type": "Feature", "properties": { "Display": "6K+580", "River": "鶯歌溪排水左岸", "Name": "鶯歌溪排水左岸6K+580" }, "geometry": { "type": "Point", "coordinates": [ 121.350196008045998, 24.981857548255299, 0.0 ] } },
{ "type": "Feature", "properties": { "Display": "6K+590", "River": "鶯歌溪排水左岸", "Name": "鶯歌溪排水左岸6K+590" }, "geometry": { "type": "Point", "coordinates": [ 121.350285016713002, 24.9818971018762, 0.0 ] } },
{ "type": "Feature", "properties": { "Display": "6K+600", "River": "鶯歌溪排水左岸", "Name": "鶯歌溪排水左岸6K+600" }, "geometry": { "type": "Point", "coordinates": [ 121.350371149208996, 24.981941541259101, 0.0 ] } },
{ "type": "Feature", "properties": { "Display": "6K+610", "River": "鶯歌溪排水左岸", "Name": "鶯歌溪排水左岸6K+610" }, "geometry": { "type": "Point", "coordinates": [ 121.350454320585001, 24.981990298054701, 0.0 ] } },
{ "type": "Feature", "properties": { "Display": "6K+620", "River": "鶯歌溪排水左岸", "Name": "鶯歌溪排水左岸6K+620" }, "geometry": { "type": "Point", "coordinates": [ 121.350526418331995, 24.9820520880752, 0.0 ] } },
{ "type": "Feature", "properties": { "Display": "6K+630", "River": "鶯歌溪排水左岸", "Name": "鶯歌溪排水左岸6K+630" }, "geometry": { "type": "Point", "coordinates": [ 121.350594000653999, 24.982117805694099, 0.0 ] } },
{ "type": "Feature", "properties": { "Display": "6K+640", "River": "鶯歌溪排水左岸", "Name": "鶯歌溪排水左岸6K+640" }, "geometry": { "type": "Point", "coordinates": [ 121.350647195202995, 24.982193962807401, 0.0 ] } },
{ "type": "Feature", "properties": { "Display": "6K+650", "River": "鶯歌溪排水左岸", "Name": "鶯歌溪排水左岸6K+650" }, "geometry": { "type": "Point", "coordinates": [ 121.350692130702996, 24.982274307430501, 0.0 ] } },
{ "type": "Feature", "properties": { "Display": "6K+660", "River": "鶯歌溪排水左岸", "Name": "鶯歌溪排水左岸6K+660" }, "geometry": { "type": "Point", "coordinates": [ 121.350736351196005, 24.982355073006499, 0.0 ] } },
{ "type": "Feature", "properties": { "Display": "6K+670", "River": "鶯歌溪排水左岸", "Name": "鶯歌溪排水左岸6K+670" }, "geometry": { "type": "Point", "coordinates": [ 121.350779288159998, 24.982436428130701, 0.0 ] } },
{ "type": "Feature", "properties": { "Display": "6K+680", "River": "鶯歌溪排水左岸", "Name": "鶯歌溪排水左岸6K+680" }, "geometry": { "type": "Point", "coordinates": [ 121.350816136437999, 24.982520154603101, 0.0 ] } },
{ "type": "Feature", "properties": { "Display": "6K+690", "River": "鶯歌溪排水左岸", "Name": "鶯歌溪排水左岸6K+690" }, "geometry": { "type": "Point", "coordinates": [ 121.350841320228994, 24.9826073989869, 0.0 ] } },
{ "type": "Feature", "properties": { "Display": "6K+700", "River": "鶯歌溪排水左岸", "Name": "鶯歌溪排水左岸6K+700" }, "geometry": { "type": "Point", "coordinates": [ 121.350859408223002, 24.9826958694483, 0.0 ] } },
{ "type": "Feature", "properties": { "Display": "6K+710", "River": "鶯歌溪排水左岸", "Name": "鶯歌溪排水左岸6K+710" }, "geometry": { "type": "Point", "coordinates": [ 121.350855562901003, 24.982785744975502, 0.0 ] } },
{ "type": "Feature", "properties": { "Display": "6K+720", "River": "鶯歌溪排水左岸", "Name": "鶯歌溪排水左岸6K+720" }, "geometry": { "type": "Point", "coordinates": [ 121.350832833067003, 24.982873601803099, 0.0 ] } },
{ "type": "Feature", "properties": { "Display": "6K+730", "River": "鶯歌溪排水左岸", "Name": "鶯歌溪排水左岸6K+730" }, "geometry": { "type": "Point", "coordinates": [ 121.350815902137001, 24.982962477285199, 0.0 ] } },
{ "type": "Feature", "properties": { "Display": "6K+740", "River": "鶯歌溪排水左岸", "Name": "鶯歌溪排水左岸6K+740" }, "geometry": { "type": "Point", "coordinates": [ 121.350850440292007, 24.983036306235501, 0.0 ] } },
{ "type": "Feature", "properties": { "Display": "6K+750", "River": "鶯歌溪排水左岸", "Name": "鶯歌溪排水左岸6K+750" }, "geometry": { "type": "Point", "coordinates": [ 121.350946311564996, 24.9830177933108, 0.0 ] } },
{ "type": "Feature", "properties": { "Display": "6K+760", "River": "鶯歌溪排水左岸", "Name": "鶯歌溪排水左岸6K+760" }, "geometry": { "type": "Point", "coordinates": [ 121.351039118879996, 24.982986252738499, 0.0 ] } },
{ "type": "Feature", "properties": { "Display": "6K+770", "River": "鶯歌溪排水左岸", "Name": "鶯歌溪排水左岸6K+770" }, "geometry": { "type": "Point", "coordinates": [ 121.351131172771005, 24.982952927107, 0.0 ] } },
{ "type": "Feature", "properties": { "Display": "6K+780", "River": "鶯歌溪排水左岸", "Name": "鶯歌溪排水左岸6K+780" }, "geometry": { "type": "Point", "coordinates": [ 121.351222728272006, 24.982918475776899, 0.0 ] } },
{ "type": "Feature", "properties": { "Display": "6K+790", "River": "鶯歌溪排水左岸", "Name": "鶯歌溪排水左岸6K+790" }, "geometry": { "type": "Point", "coordinates": [ 121.351314854142004, 24.982885305605901, 0.0 ] } },
{ "type": "Feature", "properties": { "Display": "6K+800", "River": "鶯歌溪排水左岸", "Name": "鶯歌溪排水左岸6K+800" }, "geometry": { "type": "Point", "coordinates": [ 121.351406366659006, 24.9828509378736, 0.0 ] } },
{ "type": "Feature", "properties": { "Display": "6K+810", "River": "鶯歌溪排水左岸", "Name": "鶯歌溪排水左岸6K+810" }, "geometry": { "type": "Point", "coordinates": [ 121.351500939511993, 24.9828240923698, 0.0 ] } },
{ "type": "Feature", "properties": { "Display": "6K+820", "River": "鶯歌溪排水左岸", "Name": "鶯歌溪排水左岸6K+820" }, "geometry": { "type": "Point", "coordinates": [ 121.351595816438007, 24.982798154913301, 0.0 ] } },
{ "type": "Feature", "properties": { "Display": "6K+830", "River": "鶯歌溪排水左岸", "Name": "鶯歌溪排水左岸6K+830" }, "geometry": { "type": "Point", "coordinates": [ 121.351691023523998, 24.982773246398001, 0.0 ] } },
{ "type": "Feature", "properties": { "Display": "6K+840", "River": "鶯歌溪排水左岸", "Name": "鶯歌溪排水左岸6K+840" }, "geometry": { "type": "Point", "coordinates": [ 121.351786539591998, 24.982749340403199, 0.0 ] } },
{ "type": "Feature", "properties": { "Display": "6K+850", "River": "鶯歌溪排水左岸", "Name": "鶯歌溪排水左岸6K+850" }, "geometry": { "type": "Point", "coordinates": [ 121.351882352749001, 24.982726445461299, 0.0 ] } },
{ "type": "Feature", "properties": { "Display": "6K+860", "River": "鶯歌溪排水左岸", "Name": "鶯歌溪排水左岸6K+860" }, "geometry": { "type": "Point", "coordinates": [ 121.351978469212, 24.982704624283699, 0.0 ] } },
{ "type": "Feature", "properties": { "Display": "6K+870", "River": "鶯歌溪排水左岸", "Name": "鶯歌溪排水左岸6K+870" }, "geometry": { "type": "Point", "coordinates": [ 121.352074907515004, 24.982684018742301, 0.0 ] } },
{ "type": "Feature", "properties": { "Display": "6K+880", "River": "鶯歌溪排水左岸", "Name": "鶯歌溪排水左岸6K+880" }, "geometry": { "type": "Point", "coordinates": [ 121.352171537917997, 24.9826641748909, 0.0 ] } },
{ "type": "Feature", "properties": { "Display": "6K+890", "River": "鶯歌溪排水左岸", "Name": "鶯歌溪排水左岸6K+890" }, "geometry": { "type": "Point", "coordinates": [ 121.352268034206006, 24.982643795401199, 0.0 ] } },
{ "type": "Feature", "properties": { "Display": "6K+900", "River": "鶯歌溪排水左岸", "Name": "鶯歌溪排水左岸6K+900" }, "geometry": { "type": "Point", "coordinates": [ 121.352364272697997, 24.982622437532399, 0.0 ] } },
{ "type": "Feature", "properties": { "Display": "6K+910", "River": "鶯歌溪排水左岸", "Name": "鶯歌溪排水左岸6K+910" }, "geometry": { "type": "Point", "coordinates": [ 121.352462064850002, 24.982614952789898, 0.0 ] } },
{ "type": "Feature", "properties": { "Display": "6K+920", "River": "鶯歌溪排水左岸", "Name": "鶯歌溪排水左岸6K+920" }, "geometry": { "type": "Point", "coordinates": [ 121.352560787659002, 24.982620537683999, 0.0 ] } },
{ "type": "Feature", "properties": { "Display": "6K+930", "River": "鶯歌溪排水左岸", "Name": "鶯歌溪排水左岸6K+930" }, "geometry": { "type": "Point", "coordinates": [ 121.352652910052001, 24.982651946924399, 0.0 ] } },
{ "type": "Feature", "properties": { "Display": "6K+940", "River": "鶯歌溪排水左岸", "Name": "鶯歌溪排水左岸6K+940" }, "geometry": { "type": "Point", "coordinates": [ 121.352726652786998, 24.982708389637502, 0.0 ] } },
{ "type": "Feature", "properties": { "Display": "6K+950", "River": "鶯歌溪排水左岸", "Name": "鶯歌溪排水左岸6K+950" }, "geometry": { "type": "Point", "coordinates": [ 121.352753387966999, 24.982794700524099, 0.0 ] } },
{ "type": "Feature", "properties": { "Display": "6K+960", "River": "鶯歌溪排水左岸", "Name": "鶯歌溪排水左岸6K+960" }, "geometry": { "type": "Point", "coordinates": [ 121.352760615231006, 24.982884647208699, 0.0 ] } },
{ "type": "Feature", "properties": { "Display": "6K+970", "River": "鶯歌溪排水左岸", "Name": "鶯歌溪排水左岸6K+970" }, "geometry": { "type": "Point", "coordinates": [ 121.352729978477001, 24.982969464222698, 0.0 ] } },
{ "type": "Feature", "properties": { "Display": "6K+980", "River": "鶯歌溪排水左岸", "Name": "鶯歌溪排水左岸6K+980" }, "geometry": { "type": "Point", "coordinates": [ 121.352668725925, 24.983039800271701, 0.0 ] } },
{ "type": "Feature", "properties": { "Display": "6K+990", "River": "鶯歌溪排水左岸", "Name": "鶯歌溪排水左岸6K+990" }, "geometry": { "type": "Point", "coordinates": [ 121.352590366525007, 24.983094460430198, 0.0 ] } },
{ "type": "Feature", "properties": { "Display": "7K+000", "River": "鶯歌溪排水左岸", "Name": "鶯歌溪排水左岸7K+000" }, "geometry": { "type": "Point", "coordinates": [ 121.352505852977004, 24.983141333837501, 0.0 ] } },
{ "type": "Feature", "properties": { "Display": "7K+010", "River": "鶯歌溪排水左岸", "Name": "鶯歌溪排水左岸7K+010" }, "geometry": { "type": "Point", "coordinates": [ 121.352417690671004, 24.983182484564299, 0.0 ] } },
{ "type": "Feature", "properties": { "Display": "7K+020", "River": "鶯歌溪排水左岸", "Name": "鶯歌溪排水左岸7K+020" }, "geometry": { "type": "Point", "coordinates": [ 121.352331925263002, 24.9832273455945, 0.0 ] } },
{ "type": "Feature", "properties": { "Display": "7K+030", "River": "鶯歌溪排水左岸", "Name": "鶯歌溪排水左岸7K+030" }, "geometry": { "type": "Point", "coordinates": [ 121.352285831120994, 24.983301460875499, 0.0 ] } },
{ "type": "Feature", "properties": { "Display": "7K+040", "River": "鶯歌溪排水左岸", "Name": "鶯歌溪排水左岸7K+040" }, "geometry": { "type": "Point", "coordinates": [ 121.352354581474003, 24.983359025747301, 0.0 ] } },
{ "type": "Feature", "properties": { "Display": "7K+050", "River": "鶯歌溪排水左岸", "Name": "鶯歌溪排水左岸7K+050" }, "geometry": { "type": "Point", "coordinates": [ 121.352452743287998, 24.983370491338398, 0.0 ] } },
{ "type": "Feature", "properties": { "Display": "7K+060", "River": "鶯歌溪排水左岸", "Name": "鶯歌溪排水左岸7K+060" }, "geometry": { "type": "Point", "coordinates": [ 121.352551439023003, 24.983378161822099, 0.0 ] } },
{ "type": "Feature", "properties": { "Display": "7K+070", "River": "鶯歌溪排水左岸", "Name": "鶯歌溪排水左岸7K+070" }, "geometry": { "type": "Point", "coordinates": [ 121.352649993849994, 24.983386619663001, 0.0 ] } },
{ "type": "Feature", "properties": { "Display": "7K+080", "River": "鶯歌溪排水左岸", "Name": "鶯歌溪排水左岸7K+080" }, "geometry": { "type": "Point", "coordinates": [ 121.352744227301997, 24.983412988163, 0.0 ] } },
{ "type": "Feature", "properties": { "Display": "7K+090", "River": "鶯歌溪排水左岸", "Name": "鶯歌溪排水左岸7K+090" }, "geometry": { "type": "Point", "coordinates": [ 121.352831818916002, 24.983455026179701, 0.0 ] } },
{ "type": "Feature", "properties": { "Display": "7K+100", "River": "鶯歌溪排水左岸", "Name": "鶯歌溪排水左岸7K+100" }, "geometry": { "type": "Point", "coordinates": [ 121.352896763157005, 24.9835193030829, 0.0 ] } },
{ "type": "Feature", "properties": { "Display": "7K+110", "River": "鶯歌溪排水左岸", "Name": "鶯歌溪排水左岸7K+110" }, "geometry": { "type": "Point", "coordinates": [ 121.352911654335998, 24.9836075303533, 0.0 ] } },
{ "type": "Feature", "properties": { "Display": "7K+120", "River": "鶯歌溪排水左岸", "Name": "鶯歌溪排水左岸7K+120" }, "geometry": { "type": "Point", "coordinates": [ 121.352875819348, 24.983689403931201, 0.0 ] } },
{ "type": "Feature", "properties": { "Display": "7K+130", "River": "鶯歌溪排水左岸", "Name": "鶯歌溪排水左岸7K+130" }, "geometry": { "type": "Point", "coordinates": [ 121.352821082743006, 24.983764650104899, 0.0 ] } },
{ "type": "Feature", "properties": { "Display": "7K+140", "River": "鶯歌溪排水左岸", "Name": "鶯歌溪排水左岸7K+140" }, "geometry": { "type": "Point", "coordinates": [ 121.352766346072002, 24.983839896258399, 0.0 ] } },
{ "type": "Feature", "properties": { "Display": "7K+150", "River": "鶯歌溪排水左岸", "Name": "鶯歌溪排水左岸7K+150" }, "geometry": { "type": "Point", "coordinates": [ 121.352711609335003, 24.983915142391702, 0.0 ] } },
{ "type": "Feature", "properties": { "Display": "7K+160", "River": "鶯歌溪排水左岸", "Name": "鶯歌溪排水左岸7K+160" }, "geometry": { "type": "Point", "coordinates": [ 121.352656872531, 24.9839903885049, 0.0 ] } },
{ "type": "Feature", "properties": { "Display": "7K+170", "River": "鶯歌溪排水左岸", "Name": "鶯歌溪排水左岸7K+170" }, "geometry": { "type": "Point", "coordinates": [ 121.352621776012001, 24.9840674747342, 0.0 ] } },
{ "type": "Feature", "properties": { "Display": "7K+180", "River": "鶯歌溪排水左岸", "Name": "鶯歌溪排水左岸7K+180" }, "geometry": { "type": "Point", "coordinates": [ 121.352706154025995, 24.984114693717402, 0.0 ] } },
{ "type": "Feature", "properties": { "Display": "7K+190", "River": "鶯歌溪排水左岸", "Name": "鶯歌溪排水左岸7K+190" }, "geometry": { "type": "Point", "coordinates": [ 121.352791075745998, 24.984161169257899, 0.0 ] } },
{ "type": "Feature", "properties": { "Display": "7K+200", "River": "鶯歌溪排水左岸", "Name": "鶯歌溪排水左岸7K+200" }, "geometry": { "type": "Point", "coordinates": [ 121.352874190471994, 24.984209622508999, 0.0 ] } },
{ "type": "Feature", "properties": { "Display": "7K+210", "River": "鶯歌溪排水左岸", "Name": "鶯歌溪排水左岸7K+210" }, "geometry": { "type": "Point", "coordinates": [ 121.352937997379996, 24.984278415997899, 0.0 ] } },
{ "type": "Feature", "properties": { "Display": "7K+220", "River": "鶯歌溪排水左岸", "Name": "鶯歌溪排水左岸7K+220" }, "geometry": { "type": "Point", "coordinates": [ 121.352970050744005, 24.984363027945399, 0.0 ] } },
{ "type": "Feature", "properties": { "Display": "7K+230", "River": "鶯歌溪排水左岸", "Name": "鶯歌溪排水左岸7K+230" }, "geometry": { "type": "Point", "coordinates": [ 121.352982544737003, 24.984452483268399, 0.0 ] } },
{ "type": "Feature", "properties": { "Display": "7K+240", "River": "鶯歌溪排水左岸", "Name": "鶯歌溪排水左岸7K+240" }, "geometry": { "type": "Point", "coordinates": [ 121.352972776518996, 24.984541272977399, 0.0 ] } },
{ "type": "Feature", "properties": { "Display": "7K+250", "River": "鶯歌溪排水左岸", "Name": "鶯歌溪排水左岸7K+250" }, "geometry": { "type": "Point", "coordinates": [ 121.352941203810005, 24.984626846397902, 0.0 ] } },
{ "type": "Feature", "properties": { "Display": "7K+260", "River": "鶯歌溪排水左岸", "Name": "鶯歌溪排水左岸7K+260" }, "geometry": { "type": "Point", "coordinates": [ 121.352909617194001, 24.984712415806801, 0.0 ] } },
{ "type": "Feature", "properties": { "Display": "7K+270", "River": "鶯歌溪排水左岸", "Name": "鶯歌溪排水左岸7K+270" }, "geometry": { "type": "Point", "coordinates": [ 121.352878030534995, 24.984797985208498, 0.0 ] } },
{ "type": "Feature", "properties": { "Display": "7K+280", "River": "鶯歌溪排水左岸", "Name": "鶯歌溪排水左岸7K+280" }, "geometry": { "type": "Point", "coordinates": [ 121.352846443833002, 24.984883554603002, 0.0 ] } },
{ "type": "Feature", "properties": { "Display": "7K+290", "River": "鶯歌溪排水左岸", "Name": "鶯歌溪排水左岸7K+290" }, "geometry": { "type": "Point", "coordinates": [ 121.352814857088006, 24.9849691239903, 0.0 ] } },
{ "type": "Feature", "properties": { "Display": "7K+300", "River": "鶯歌溪排水左岸", "Name": "鶯歌溪排水左岸7K+300" }, "geometry": { "type": "Point", "coordinates": [ 121.352783270299994, 24.985054693370401, 0.0 ] } },
{ "type": "Feature", "properties": { "Display": "7K+310", "River": "鶯歌溪排水左岸", "Name": "鶯歌溪排水左岸7K+310" }, "geometry": { "type": "Point", "coordinates": [ 121.352751683470004, 24.9851402627433, 0.0 ] } },
{ "type": "Feature", "properties": { "Display": "7K+320", "River": "鶯歌溪排水左岸", "Name": "鶯歌溪排水左岸7K+320" }, "geometry": { "type": "Point", "coordinates": [ 121.352720096596002, 24.985225832108998, 0.0 ] } },
{ "type": "Feature", "properties": { "Display": "7K+330", "River": "鶯歌溪排水左岸", "Name": "鶯歌溪排水左岸7K+330" }, "geometry": { "type": "Point", "coordinates": [ 121.352677233147006, 24.985305728944901, 0.0 ] } },
{ "type": "Feature", "properties": { "Display": "7K+340", "River": "鶯歌溪排水左岸", "Name": "鶯歌溪排水左岸7K+340" }, "geometry": { "type": "Point", "coordinates": [ 121.352604479923997, 24.9853669787536, 0.0 ] } },
{ "type": "Feature", "properties": { "Display": "7K+350", "River": "鶯歌溪排水左岸", "Name": "鶯歌溪排水左岸7K+350" }, "geometry": { "type": "Point", "coordinates": [ 121.352531374220007, 24.9854278987785, 0.0 ] } },
{ "type": "Feature", "properties": { "Display": "7K+360", "River": "鶯歌溪排水左岸", "Name": "鶯歌溪排水左岸7K+360" }, "geometry": { "type": "Point", "coordinates": [ 121.352487059683995, 24.985505686761101, 0.0 ] } },
{ "type": "Feature", "properties": { "Display": "7K+370", "River": "鶯歌溪排水左岸", "Name": "鶯歌溪排水左岸7K+370" }, "geometry": { "type": "Point", "coordinates": [ 121.352508589441996, 24.985591849931701, 0.0 ] } },
{ "type": "Feature", "properties": { "Display": "7K+380", "River": "鶯歌溪排水左岸", "Name": "鶯歌溪排水左岸7K+380" }, "geometry": { "type": "Point", "coordinates": [ 121.352585393441004, 24.9856464494056, 0.0 ] } },
{ "type": "Feature", "properties": { "Display": "7K+390", "River": "鶯歌溪排水左岸", "Name": "鶯歌溪排水左岸7K+390" }, "geometry": { "type": "Point", "coordinates": [ 121.352681901981001, 24.985666316625501, 0.0 ] } },
{ "type": "Feature", "properties": { "Display": "7K+400", "River": "鶯歌溪排水左岸", "Name": "鶯歌溪排水左岸7K+400" }, "geometry": { "type": "Point", "coordinates": [ 121.352779376955993, 24.985681808258001, 0.0 ] } },
{ "type": "Feature", "properties": { "Display": "7K+410", "River": "鶯歌溪排水左岸", "Name": "鶯歌溪排水左岸7K+410" }, "geometry": { "type": "Point", "coordinates": [ 121.352877987146996, 24.985690361582002, 0.0 ] } },
{ "type": "Feature", "properties": { "Display": "7K+420", "River": "鶯歌溪排水左岸", "Name": "鶯歌溪排水左岸7K+420" }, "geometry": { "type": "Point", "coordinates": [ 121.352976765989993, 24.985693183362802, 0.0 ] } },
{ "type": "Feature", "properties": { "Display": "7K+430", "River": "鶯歌溪排水左岸", "Name": "鶯歌溪排水左岸7K+430" }, "geometry": { "type": "Point", "coordinates": [ 121.353075739388998, 24.985689579930401, 0.0 ] } },
{ "type": "Feature", "properties": { "Display": "7K+440", "River": "鶯歌溪排水左岸", "Name": "鶯歌溪排水左岸7K+440" }, "geometry": { "type": "Point", "coordinates": [ 121.353174138506006, 24.985679368992301, 0.0 ] } },
{ "type": "Feature", "properties": { "Display": "7K+450", "River": "鶯歌溪排水左岸", "Name": "鶯歌溪排水左岸7K+450" }, "geometry": { "type": "Point", "coordinates": [ 121.353272339392007, 24.9856675336428, 0.0 ] } },
{ "type": "Feature", "properties": { "Display": "7K+460", "River": "鶯歌溪排水左岸", "Name": "鶯歌溪排水左岸7K+460" }, "geometry": { "type": "Point", "coordinates": [ 121.353370689631006, 24.985659519510001, 0.0 ] } },
{ "type": "Feature", "properties": { "Display": "7K+470", "River": "鶯歌溪排水左岸", "Name": "鶯歌溪排水左岸7K+470" }, "geometry": { "type": "Point", "coordinates": [ 121.353467819656998, 24.9856752129926, 0.0 ] } },
{ "type": "Feature", "properties": { "Display": "7K+480", "River": "鶯歌溪排水左岸", "Name": "鶯歌溪排水左岸7K+480" }, "geometry": { "type": "Point", "coordinates": [ 121.353547757876001, 24.9857244157329, 0.0 ] } },
{ "type": "Feature", "properties": { "Display": "7K+490", "River": "鶯歌溪排水左岸", "Name": "鶯歌溪排水左岸7K+490" }, "geometry": { "type": "Point", "coordinates": [ 121.353555227312995, 24.9858130805763, 0.0 ] } },
{ "type": "Feature", "properties": { "Display": "7K+500", "River": "鶯歌溪排水左岸", "Name": "鶯歌溪排水左岸7K+500" }, "geometry": { "type": "Point", "coordinates": [ 121.353553374781995, 24.985903259919301, 0.0 ] } },
{ "type": "Feature", "properties": { "Display": "7K+510", "River": "鶯歌溪排水左岸", "Name": "鶯歌溪排水左岸7K+510" }, "geometry": { "type": "Point", "coordinates": [ 121.353565780897995, 24.9859920736493, 0.0 ] } },
{ "type": "Feature", "properties": { "Display": "7K+520", "River": "鶯歌溪排水左岸", "Name": "鶯歌溪排水左岸7K+520" }, "geometry": { "type": "Point", "coordinates": [ 121.353610917791997, 24.9860719531159, 0.0 ] } },
{ "type": "Feature", "properties": { "Display": "7K+530", "River": "鶯歌溪排水左岸", "Name": "鶯歌溪排水左岸7K+530" }, "geometry": { "type": "Point", "coordinates": [ 121.353671932482996, 24.9861428478318, 0.0 ] } },
{ "type": "Feature", "properties": { "Display": "7K+540", "River": "鶯歌溪排水左岸", "Name": "鶯歌溪排水左岸7K+540" }, "geometry": { "type": "Point", "coordinates": [ 121.353751444783001, 24.9861964556667, 0.0 ] } },
{ "type": "Feature", "properties": { "Display": "7K+550", "River": "鶯歌溪排水左岸", "Name": "鶯歌溪排水左岸7K+550" }, "geometry": { "type": "Point", "coordinates": [ 121.353829500171997, 24.9862520093541, 0.0 ] } },
{ "type": "Feature", "properties": { "Display": "7K+560", "River": "鶯歌溪排水左岸", "Name": "鶯歌溪排水左岸7K+560" }, "geometry": { "type": "Point", "coordinates": [ 121.353903454760996, 24.986312050968799, 0.0 ] } },
{ "type": "Feature", "properties": { "Display": "7K+570", "River": "鶯歌溪排水左岸", "Name": "鶯歌溪排水左岸7K+570" }, "geometry": { "type": "Point", "coordinates": [ 121.353975726387006, 24.9863737871365, 0.0 ] } },
{ "type": "Feature", "properties": { "Display": "7K+580", "River": "鶯歌溪排水左岸", "Name": "鶯歌溪排水左岸7K+580" }, "geometry": { "type": "Point", "coordinates": [ 121.354048864321001, 24.9864346755116, 0.0 ] } },
{ "type": "Feature", "properties": { "Display": "7K+590", "River": "鶯歌溪排水左岸", "Name": "鶯歌溪排水左岸7K+590" }, "geometry": { "type": "Point", "coordinates": [ 121.354124200170006, 24.986493232100599, 0.0 ] } },
{ "type": "Feature", "properties": { "Display": "7K+600", "River": "鶯歌溪排水左岸", "Name": "鶯歌溪排水左岸7K+600" }, "geometry": { "type": "Point", "coordinates": [ 121.354211046220001, 24.9865363293871, 0.0 ] } },
{ "type": "Feature", "properties": { "Display": "7K+610", "River": "鶯歌溪排水左岸", "Name": "鶯歌溪排水左岸7K+610" }, "geometry": { "type": "Point", "coordinates": [ 121.354305271677006, 24.986563786907499, 0.0 ] } },
{ "type": "Feature", "properties": { "Display": "7K+620", "River": "鶯歌溪排水左岸", "Name": "鶯歌溪排水左岸7K+620" }, "geometry": { "type": "Point", "coordinates": [ 121.354401300910993, 24.986585926633399, 0.0 ] } },
{ "type": "Feature", "properties": { "Display": "7K+630", "River": "鶯歌溪排水左岸", "Name": "鶯歌溪排水左岸7K+630" }, "geometry": { "type": "Point", "coordinates": [ 121.354497131824999, 24.986608742180199, 0.0 ] } },
{ "type": "Feature", "properties": { "Display": "7K+640", "River": "鶯歌溪排水左岸", "Name": "鶯歌溪排水左岸7K+640" }, "geometry": { "type": "Point", "coordinates": [ 121.354591135427, 24.986637041319099, 0.0 ] } },
{ "type": "Feature", "properties": { "Display": "7K+650", "River": "鶯歌溪排水左岸", "Name": "鶯歌溪排水左岸7K+650" }, "geometry": { "type": "Point", "coordinates": [ 121.354679655924997, 24.986677441369899, 0.0 ] } },
{ "type": "Feature", "properties": { "Display": "7K+660", "River": "鶯歌溪排水左岸", "Name": "鶯歌溪排水左岸7K+660" }, "geometry": { "type": "Point", "coordinates": [ 121.354758366198993, 24.986731796065602, 0.0 ] } },
{ "type": "Feature", "properties": { "Display": "7K+670", "River": "鶯歌溪排水左岸", "Name": "鶯歌溪排水左岸7K+670" }, "geometry": { "type": "Point", "coordinates": [ 121.354803990123003, 24.986810918394301, 0.0 ] } },
{ "type": "Feature", "properties": { "Display": "7K+680", "River": "鶯歌溪排水左岸", "Name": "鶯歌溪排水左岸7K+680" }, "geometry": { "type": "Point", "coordinates": [ 121.354832049646006, 24.986897440566199, 0.0 ] } },
{ "type": "Feature", "properties": { "Display": "7K+690", "River": "鶯歌溪排水左岸", "Name": "鶯歌溪排水左岸7K+690" }, "geometry": { "type": "Point", "coordinates": [ 121.354842100099006, 24.986986906839999, 0.0 ] } },
{ "type": "Feature", "properties": { "Display": "7K+700", "River": "鶯歌溪排水左岸", "Name": "鶯歌溪排水左岸7K+700" }, "geometry": { "type": "Point", "coordinates": [ 121.354829898852998, 24.9870764279555, 0.0 ] } },
{ "type": "Feature", "properties": { "Display": "7K+710", "River": "鶯歌溪排水左岸", "Name": "鶯歌溪排水左岸7K+710" }, "geometry": { "type": "Point", "coordinates": [ 121.354808749889003, 24.987164572778799, 0.0 ] } },
{ "type": "Feature", "properties": { "Display": "7K+720", "River": "鶯歌溪排水左岸", "Name": "鶯歌溪排水左岸7K+720" }, "geometry": { "type": "Point", "coordinates": [ 121.354838880711995, 24.987245576550301, 0.0 ] } },
{ "type": "Feature", "properties": { "Display": "7K+730", "River": "鶯歌溪排水左岸", "Name": "鶯歌溪排水左岸7K+730" }, "geometry": { "type": "Point", "coordinates": [ 121.354915024825999, 24.987302219430099, 0.0 ] } },
{ "type": "Feature", "properties": { "Display": "7K+740", "River": "鶯歌溪排水左岸", "Name": "鶯歌溪排水左岸7K+740" }, "geometry": { "type": "Point", "coordinates": [ 121.355013008971994, 24.987313990511101, 0.0 ] } },
{ "type": "Feature", "properties": { "Display": "7K+750", "River": "鶯歌溪排水左岸", "Name": "鶯歌溪排水左岸7K+750" }, "geometry": { "type": "Point", "coordinates": [ 121.355112046654, 24.987313834117899, 0.0 ] } },
{ "type": "Feature", "properties": { "Display": "7K+760", "River": "鶯歌溪排水左岸", "Name": "鶯歌溪排水左岸7K+760" }, "geometry": { "type": "Point", "coordinates": [ 121.355210646323997, 24.987306181892102, 0.0 ] } },
{ "type": "Feature", "properties": { "Display": "7K+770", "River": "鶯歌溪排水左岸", "Name": "鶯歌溪排水左岸7K+770" }, "geometry": { "type": "Point", "coordinates": [ 121.355308822688997, 24.987294180540601, 0.0 ] } },
{ "type": "Feature", "properties": { "Display": "7K+780", "River": "鶯歌溪排水左岸", "Name": "鶯歌溪排水左岸7K+780" }, "geometry": { "type": "Point", "coordinates": [ 121.355405451202003, 24.9872756353098, 0.0 ] } },
{ "type": "Feature", "properties": { "Display": "7K+790", "River": "鶯歌溪排水左岸", "Name": "鶯歌溪排水左岸7K+790" }, "geometry": { "type": "Point", "coordinates": [ 121.355500252138, 24.987249469758201, 0.0 ] } },
{ "type": "Feature", "properties": { "Display": "7K+800", "River": "鶯歌溪排水左岸", "Name": "鶯歌溪排水左岸7K+800" }, "geometry": { "type": "Point", "coordinates": [ 121.355594401112995, 24.987221407295799, 0.0 ] } },
{ "type": "Feature", "properties": { "Display": "7K+810", "River": "鶯歌溪排水左岸", "Name": "鶯歌溪排水左岸7K+810" }, "geometry": { "type": "Point", "coordinates": [ 121.355691218917997, 24.9872027751423, 0.0 ] } },
{ "type": "Feature", "properties": { "Display": "7K+820", "River": "鶯歌溪排水左岸", "Name": "鶯歌溪排水左岸7K+820" }, "geometry": { "type": "Point", "coordinates": [ 121.355789856485003, 24.9871965433741, 0.0 ] } },
{ "type": "Feature", "properties": { "Display": "7K+830", "River": "鶯歌溪排水左岸", "Name": "鶯歌溪排水左岸7K+830" }, "geometry": { "type": "Point", "coordinates": [ 121.355883736535006, 24.987219647570299, 0.0 ] } },
{ "type": "Feature", "properties": { "Display": "7K+840", "River": "鶯歌溪排水左岸", "Name": "鶯歌溪排水左岸7K+840" }, "geometry": { "type": "Point", "coordinates": [ 121.355965627092999, 24.987269968272098, 0.0 ] } },
{ "type": "Feature", "properties": { "Display": "7K+850", "River": "鶯歌溪排水左岸", "Name": "鶯歌溪排水左岸7K+850" }, "geometry": { "type": "Point", "coordinates": [ 121.356030431367003, 24.987338168779502, 0.0 ] } },
{ "type": "Feature", "properties": { "Display": "7K+860", "River": "鶯歌溪排水左岸", "Name": "鶯歌溪排水左岸7K+860" }, "geometry": { "type": "Point", "coordinates": [ 121.356084349819994, 24.987413867059601, 0.0 ] } },
{ "type": "Feature", "properties": { "Display": "7K+870", "River": "鶯歌溪排水左岸", "Name": "鶯歌溪排水左岸7K+870" }, "geometry": { "type": "Point", "coordinates": [ 121.356123763661998, 24.9874966432305, 0.0 ] } },
{ "type": "Feature", "properties": { "Display": "7K+880", "River": "鶯歌溪排水左岸", "Name": "鶯歌溪排水左岸7K+880" }, "geometry": { "type": "Point", "coordinates": [ 121.356161840094998, 24.987579989452499, 0.0 ] } },
{ "type": "Feature", "properties": { "Display": "7K+890", "River": "鶯歌溪排水左岸", "Name": "鶯歌溪排水左岸7K+890" }, "geometry": { "type": "Point", "coordinates": [ 121.356199983986997, 24.987663310096998, 0.0 ] } },
{ "type": "Feature", "properties": { "Display": "7K+900", "River": "鶯歌溪排水左岸", "Name": "鶯歌溪排水左岸7K+900" }, "geometry": { "type": "Point", "coordinates": [ 121.356238127932002, 24.9877466307302, 0.0 ] } },
{ "type": "Feature", "properties": { "Display": "7K+910", "River": "鶯歌溪排水左岸", "Name": "鶯歌溪排水左岸7K+910" }, "geometry": { "type": "Point", "coordinates": [ 121.356275739541999, 24.9878301444183, 0.0 ] } },
{ "type": "Feature", "properties": { "Display": "7K+920", "River": "鶯歌溪排水左岸", "Name": "鶯歌溪排水左岸7K+920" }, "geometry": { "type": "Point", "coordinates": [ 121.356321955319999, 24.987909559457599, 0.0 ] } },
{ "type": "Feature", "properties": { "Display": "7K+930", "River": "鶯歌溪排水左岸", "Name": "鶯歌溪排水左岸7K+930" }, "geometry": { "type": "Point", "coordinates": [ 121.356373653039, 24.987986560583501, 0.0 ] } },
{ "type": "Feature", "properties": { "Display": "7K+940", "River": "鶯歌溪排水左岸", "Name": "鶯歌溪排水左岸7K+940" }, "geometry": { "type": "Point", "coordinates": [ 121.356422157289003, 24.988065274813099, 0.0 ] } },
{ "type": "Feature", "properties": { "Display": "7K+950", "River": "鶯歌溪排水左岸", "Name": "鶯歌溪排水左岸7K+950" }, "geometry": { "type": "Point", "coordinates": [ 121.356470287044999, 24.988144174842098, 0.0 ] } },
{ "type": "Feature", "properties": { "Display": "7K+960", "River": "鶯歌溪排水左岸", "Name": "鶯歌溪排水左岸7K+960" }, "geometry": { "type": "Point", "coordinates": [ 121.356524858453994, 24.988219291624699, 0.0 ] } },
{ "type": "Feature", "properties": { "Display": "7K+970", "River": "鶯歌溪排水左岸", "Name": "鶯歌溪排水左岸7K+970" }, "geometry": { "type": "Point", "coordinates": [ 121.356617207013997, 24.988228394828401, 0.0 ] } },
{ "type": "Feature", "properties": { "Display": "7K+980", "River": "鶯歌溪排水左岸", "Name": "鶯歌溪排水左岸7K+980" }, "geometry": { "type": "Point", "coordinates": [ 121.356712323040995, 24.988203186993299, 0.0 ] } },
{ "type": "Feature", "properties": { "Display": "7K+990", "River": "鶯歌溪排水左岸", "Name": "鶯歌溪排水左岸7K+990" }, "geometry": { "type": "Point", "coordinates": [ 121.356807697414993, 24.988178796544499, 0.0 ] } }
]
}
