{
"type": "FeatureCollection",
"name": "Taiwan_county_twd97",
"crs": { "type": "name", "properties": { "name": "urn:ogc:def:crs:EPSG::3826" } },
"features": [
{ "type": "Feature", "properties": { "AREA": 160342882.14257801, "AREA_HA": 16034.288214, "ID": 12, "縣市名稱": "台中市" }, "geometry": { "type": "MultiPolygon", "coordinates": [ [ [ [ 218148.046837865578709, 2668419.779056366998702 ], [ 217999.453661960200407, 2668214.029775303788483 ], [ 217701.595430462621152, 2667853.781028519384563 ], [ 216942.973210258118343, 2667792.281131670344621 ], [ 216794.348786185233621, 2667586.281851284205914 ], [ 216848.692386653623544, 2667282.032957954797894 ], [ 216139.398080205952283, 2667423.7823326443322 ], [ 216139.398080205952283, 2667423.7823326443322 ], [ 215687.493516471120529, 2667212.283022513613105 ], [ 215745.196515029179864, 2666704.534865448251367 ], [ 215393.447827973461244, 2666546.285379386506975 ], [ 215237.542097116238438, 2666849.284258987754583 ], [ 215237.542097116238438, 2666849.284258987754583 ], [ 214682.841010357136838, 2666790.784377463161945 ], [ 214473.810446298477473, 2667245.532700103707612 ], [ 213967.468539192923345, 2667288.782457510009408 ], [ 214263.514243377459934, 2667801.530658148229122 ], [ 213905.984246554347919, 2668101.029516695067286 ], [ 213457.939098448317964, 2667586.281295762397349 ], [ 212901.706765872368123, 2667528.031408285722136 ], [ 213057.565625807648757, 2667225.032529360614717 ], [ 212606.254822467686608, 2666965.033388344570994 ], [ 212347.521319766587112, 2667368.031887071672827 ], [ 211536.680506296717795, 2667509.781228673644364 ], [ 211473.274316867493326, 2668424.527918295469135 ], [ 211215.243942094413796, 2668777.026600666344166 ], [ 211215.243942094413796, 2668777.026600666344166 ], [ 210863.495255018788157, 2668619.527102866210043 ], [ 209284.84458845196059, 2669510.273595660924911 ], [ 208770.471322200930445, 2670213.270966849289834 ], [ 208112.270585404912708, 2670253.520692320074886 ], [ 206988.212000091007212, 2671104.51740825548768 ], [ 206925.743296701053623, 2671968.014296558685601 ], [ 207667.740338194766082, 2673249.009856160730124 ], [ 207811.927210694091627, 2673760.0080561270006 ], [ 207704.161872148455586, 2674266.756222067866474 ], [ 208356.42506104070344, 2674633.505040851421654 ], [ 208856.563813302665949, 2674946.754019923042506 ], [ 208495.580622523091733, 2675551.001791525632143 ], [ 209200.499926910561044, 2675664.251525091473013 ], [ 209145.578190169355366, 2675968.00043064635247 ], [ 208283.14373669878114, 2676310.24904101761058 ], [ 208777.610546634561615, 2677081.996388019993901 ], [ 209021.375159983464982, 2677746.994068099185824 ], [ 209161.718242587783607, 2678561.991196646820754 ], [ 209867.887563137104735, 2678624.241111260838807 ], [ 209867.887563137104735, 2678624.241111260838807 ], [ 210729.743881362723187, 2678384.492126213852316 ], [ 211545.037922550778603, 2677838.494218854233623 ], [ 212863.189483432564884, 2677501.995653649326414 ], [ 213068.673162771447096, 2677250.496585352811962 ], [ 213568.093163508980069, 2677664.995197012554854 ], [ 214174.169102808868047, 2677672.995272915810347 ], [ 214775.073116196988849, 2678088.243897431530058 ], [ 214775.073116196988849, 2678088.243897431530058 ], [ 215486.023712985101156, 2677894.244705736637115 ], [ 216043.13108798887697, 2677851.244949989952147 ], [ 216000.693833436089335, 2677290.496938907541335 ], [ 217513.047735642612679, 2677417.24672804446891 ], [ 218465.841103610349819, 2677890.495189846027642 ], [ 218465.841103610349819, 2677890.495189846027642 ], [ 218721.918336413305951, 2677690.995938144624233 ], [ 219075.213945133786183, 2677645.996151133440435 ], [ 219382.99413070915034, 2677345.497266205027699 ], [ 218981.839358442724915, 2677135.747953801415861 ], [ 219036.307950170681579, 2676881.998865922912955 ], [ 218797.058952594001312, 2675961.752111070789397 ], [ 219604.85290065780282, 2676025.752002078574151 ], [ 219604.85290065780282, 2676025.752002078574151 ], [ 219557.790608336712467, 2675770.502905727829784 ], [ 219962.961033565137768, 2675675.003305329475552 ], [ 220298.881517945264932, 2676902.248977535404265 ], [ 220298.881517945264932, 2676902.248977535404265 ], [ 220872.176496542204404, 2675689.753382009919733 ], [ 221521.81471679333481, 2676107.501981521490961 ], [ 221521.81471679333481, 2676107.501981521490961 ], [ 221927.750764065247495, 2676012.252376487012953 ], [ 222076.218950039386982, 2676218.001662587746978 ], [ 222076.218950039386982, 2676218.001662587746978 ], [ 222582.248378889926244, 2676175.501881615258753 ], [ 222780.40387947356794, 2676433.00098963920027 ], [ 223332.089347880828427, 2676746.49994388082996 ], [ 223524.026070214022184, 2677409.997605209704489 ], [ 224533.397411631012801, 2677577.497135550249368 ], [ 224731.58415977054392, 2677885.246064618229866 ], [ 224573.553422822937137, 2678339.994427911937237 ], [ 224865.661646602326073, 2679157.741557416971773 ], [ 226436.609161289001349, 2678826.242920437827706 ], [ 227402.902614574122708, 2678334.494776835665107 ], [ 228317.430619497376028, 2677892.996445727068931 ], [ 229178.849416520068189, 2677653.747386506292969 ], [ 229637.894672347116284, 2677305.24867331655696 ], [ 229703.175777229422238, 2676390.25193991465494 ], [ 229661.269733830995392, 2675829.253936686553061 ], [ 229419.989421716454672, 2675162.756291720084846 ], [ 229784.175664880283875, 2674556.758493225090206 ], [ 229951.034525280585513, 2673642.511779343243688 ], [ 229145.88122344732983, 2673325.512833395507187 ], [ 228684.398484405508498, 2673675.011535044759512 ], [ 228684.398484405508498, 2673675.011535044759512 ], [ 228129.166131909325486, 2673565.761867390014231 ], [ 227169.9508749502711, 2673399.512358224019408 ], [ 226774.405496862309519, 2672834.014339114539325 ], [ 226072.158085869479692, 2672467.015573937445879 ], [ 225664.722040759486845, 2672663.76482104184106 ], [ 225664.722040759486845, 2672663.76482104184106 ], [ 225263.520396066247486, 2672454.265524153131992 ], [ 224701.397386659809854, 2672851.764031781349331 ], [ 224701.397386659809854, 2672851.764031781349331 ], [ 222589.967622453143122, 2672256.76589552918449 ], [ 221726.220710474706721, 2672597.764557471498847 ], [ 220663.052658738684841, 2672834.263562704902142 ], [ 220153.460721211420605, 2673080.512608291115612 ], [ 219963.305279761727434, 2672263.515508541371673 ], [ 219618.494122057367349, 2671648.017666227184236 ], [ 219775.665492881904356, 2671193.019322300795466 ], [ 220630.115459550259402, 2671562.268119073938578 ], [ 220630.115459550259402, 2671562.268119073938578 ], [ 220837.833511987701058, 2671159.269594857469201 ], [ 220746.490188122057589, 2670496.521963024511933 ], [ 220750.490216915321071, 2670191.273060868494213 ], [ 219962.774536175769754, 2668803.777942049317062 ], [ 218148.046837865578709, 2668419.779056366998702 ] ] ] ] } },
{ "type": "Feature", "properties": { "AREA": 2056795581.0839801, "AREA_HA": 205679.558108, "ID": 9, "縣市名稱": "台中縣" }, "geometry": { "type": "MultiPolygon", "coordinates": [ [ [ [ 204689.465790730202571, 2691877.693383619189262 ], [ 204831.9338801210979, 2692592.940919406246394 ], [ 205281.807234047766542, 2692854.940101957414299 ], [ 205527.321881054842379, 2693369.188362335320562 ], [ 205880.35188413906144, 2693374.688417283352464 ], [ 205823.601997160643805, 2693781.436989318113774 ], [ 206627.974104212305974, 2694048.436227024532855 ], [ 207073.300541159056593, 2694615.434346286579967 ], [ 207425.689913301641354, 2694671.43422305257991 ], [ 207320.737084467662498, 2695026.182969007641077 ], [ 208018.500126429833472, 2695647.43095167633146 ], [ 207814.000804671202786, 2695847.930214924737811 ], [ 208013.390696889779065, 2696003.17971599940211 ], [ 207910.281643061287468, 2696205.428993774577975 ], [ 208047.280954027897678, 2697224.425489173736423 ], [ 208450.060768709197873, 2697331.925196687225252 ], [ 208143.561793519067578, 2697581.674271375872195 ], [ 208492.748006178473588, 2697891.423268320970237 ], [ 208337.967247992288321, 2698143.172366768121719 ], [ 208732.465721856744494, 2698858.669970630668104 ], [ 208732.465721856744494, 2698858.669970630668104 ], [ 209139.073702202265849, 2698711.670557896140963 ], [ 209083.636326001927955, 2699065.919323041569442 ], [ 209528.369003240077291, 2699783.166932439897209 ], [ 210024.476532980625052, 2700351.665065970271826 ], [ 209910.78927163471235, 2701166.662235561292619 ], [ 209910.78927163471235, 2701166.662235561292619 ], [ 210468.068613962095696, 2700971.663012667559087 ], [ 210309.225330521556316, 2701428.411409659311175 ], [ 210309.225330521556316, 2701428.411409659311175 ], [ 210863.848403409530874, 2701386.411658180877566 ], [ 210607.224231368774781, 2701739.160395871382207 ], [ 210856.785831285844324, 2701895.659903942141682 ], [ 211398.002511760743801, 2702869.406655796337873 ], [ 211641.642136811773526, 2703683.653904164209962 ], [ 212245.124355767911766, 2703995.652942805550992 ], [ 212549.998341182712466, 2703746.653851646929979 ], [ 212855.481762224924751, 2703145.655969436280429 ], [ 213512.104591166687896, 2702500.65830089058727 ], [ 213985.993795331945876, 2701185.412908697966486 ], [ 214958.584304571995744, 2700283.916180414613336 ], [ 216027.986916218593251, 2699688.668410269543529 ], [ 216439.31367659982061, 2699236.170038840733469 ], [ 216752.547069949039724, 2698527.67253719130531 ], [ 217469.919660368206678, 2697875.92490433389321 ], [ 217575.997461401537294, 2697571.67597384005785 ], [ 218289.276278997713234, 2697123.427635591477156 ], [ 219068.523757230694173, 2695707.432662731036544 ], [ 220038.598558707773918, 2695108.934882603120059 ], [ 220446.644040924642468, 2694809.435981527436525 ], [ 221560.702659191185376, 2694521.687136937398463 ], [ 222119.18509397780872, 2694326.937889792490751 ], [ 223236.571860246360302, 2693735.44009492918849 ], [ 224157.615601608675206, 2692835.193347255699337 ], [ 224924.39422467793338, 2692184.945708910468966 ], [ 225489.345419842866249, 2691632.697703671175987 ], [ 225847.969193279044703, 2691281.948970815166831 ], [ 227423.198072836559732, 2690594.951549950521439 ], [ 228538.319166051252978, 2690207.703023681882769 ], [ 229700.283819060685346, 2690025.203780785668641 ], [ 230205.844532307382906, 2689983.203977291006595 ], [ 231070.91963357917848, 2689540.955607382114977 ], [ 231637.558312795532402, 2688838.708119238261133 ], [ 232258.25930924952263, 2687984.961168161127716 ], [ 232774.741904345428338, 2687332.713502312079072 ], [ 233742.535357620712603, 2687096.214413442183286 ], [ 235121.60859521428938, 2686868.715319549199194 ], [ 235940.480667471565539, 2687090.21460069110617 ], [ 237239.694770508009242, 2687532.213136183097959 ], [ 238602.814921014738502, 2687637.212851356714964 ], [ 238602.814921014738502, 2687637.212851356714964 ], [ 239720.264080322929658, 2687550.963216472882777 ], [ 241346.75829106834135, 2687796.962433400098234 ], [ 242318.192322638875339, 2688285.960759785957634 ], [ 242088.989962126797764, 2689562.206278066616505 ], [ 242205.630143172107637, 2690373.453444487880915 ], [ 241919.756116782897152, 2691345.70003452943638 ], [ 242141.036546044895658, 2692358.696508770342916 ], [ 243105.736261766578536, 2692491.696083277929574 ], [ 243621.593801034527132, 2692990.19436464831233 ], [ 243621.593801034527132, 2692990.19436464831233 ], [ 244524.043756472325185, 2692514.446052685845643 ], [ 246040.600908050895669, 2692382.44655478419736 ], [ 247300.112092755385675, 2692052.69773164531216 ], [ 248717.653963594581001, 2692024.947849691379815 ], [ 250024.477475088788196, 2691490.699725980404764 ], [ 250688.77200444941991, 2691833.948530462104827 ], [ 250688.77200444941991, 2691833.948530462104827 ], [ 252062.423379408981418, 2689365.707158785313368 ], [ 253313.918932129570749, 2688527.960086050443351 ], [ 254161.29091097228229, 2687748.712810086086392 ], [ 255479.348733361810446, 2687825.212520068045706 ], [ 255603.582703254505759, 2689145.45788839738816 ], [ 256219.79928314613062, 2689591.206314253155142 ], [ 257544.45085995880072, 2690074.704587802756578 ], [ 257703.762811293534469, 2690478.703170321881771 ], [ 258518.93181520170765, 2690768.452131689526141 ], [ 258518.93181520170765, 2690768.452131689526141 ], [ 259219.179316261026543, 2690246.453932233620435 ], [ 260240.14447869869764, 2690735.952180881518871 ], [ 261164.86000002847868, 2691481.699535515159369 ], [ 262483.261601861042436, 2691609.699024661909789 ], [ 262906.635173453483731, 2692669.945303737185895 ], [ 263582.35160740109859, 2693674.441767370793968 ], [ 264460.723588836146519, 2694726.188057457562536 ], [ 266031.186823781055864, 2694799.187702721916139 ], [ 267252.245059907145333, 2695132.936456589493901 ], [ 267718.993476304283831, 2695785.684155237860978 ], [ 267886.555471807776485, 2696748.930801615584642 ], [ 268449.553529328317381, 2697094.429560590535402 ], [ 269516.487313659396023, 2697329.428659674245864 ], [ 270149.703999129880685, 2698894.923189995344728 ], [ 271012.325998659885954, 2699031.92263990920037 ], [ 271012.325998659885954, 2699031.92263990920037 ], [ 271563.074036164151039, 2698665.923854063265026 ], [ 272041.509683275828138, 2696978.67964794440195 ], [ 272959.475266299210489, 2697420.178029045462608 ], [ 273822.159761608752888, 2697557.427465985063463 ], [ 274204.002371334878262, 2699229.171645195223391 ], [ 274980.656036727770697, 2700283.167924206703901 ], [ 274848.594144808710553, 2701506.413723547477275 ], [ 275212.030447272409219, 2702059.661779798567295 ], [ 275212.030447272409219, 2702059.661779798567295 ], [ 275869.653158168599475, 2702047.661747650243342 ], [ 276536.307159718649928, 2702595.409787582233548 ], [ 277352.116796222981066, 2702385.410413193516433 ], [ 277811.677751891373191, 2702781.408996270038188 ], [ 277811.677751891373191, 2702781.408996270038188 ], [ 278478.112911736709066, 2702604.659521386492997 ], [ 279506.515623670537025, 2702857.408521677367389 ], [ 280174.888303969288245, 2702873.658377877436578 ], [ 281356.321745620283764, 2703175.907179129309952 ], [ 282173.787780648155604, 2703967.654346756171435 ], [ 282479.099237579386681, 2704068.653956566937268 ], [ 283476.06437858985737, 2703136.157011995557696 ], [ 283461.283023020543624, 2702170.160334464162588 ], [ 283390.064306520507671, 2700848.914893640205264 ], [ 283316.75183178554289, 2699425.919812934007496 ], [ 283765.12519050197443, 2698960.671353355515748 ], [ 284618.247131493641064, 2698488.422856352757663 ], [ 286186.147897294547874, 2698461.672702615149319 ], [ 287042.738605364516843, 2698192.923492677975446 ], [ 287691.329974222113378, 2697571.67553467862308 ], [ 287623.048759012541268, 2696453.929418688639998 ], [ 288321.421186511579435, 2695781.181634452193975 ], [ 289184.699444408761337, 2695969.930830538272858 ], [ 289902.853292085754219, 2696568.428628373425454 ], [ 290670.631960059050471, 2697115.176595776807517 ], [ 290670.631960059050471, 2697115.176595776807517 ], [ 291274.911051805014722, 2696901.677225166466087 ], [ 292037.97093941073399, 2697194.176069908309728 ], [ 293002.498852490447462, 2697381.925236517563462 ], [ 294522.243551152583677, 2697458.674673744477332 ], [ 295115.678772267478053, 2696533.42776052094996 ], [ 295368.771634704375174, 2696529.177723953034729 ], [ 296010.144135692855343, 2695399.931510930880904 ], [ 295296.802812795503996, 2695055.432853191625327 ], [ 294789.929582868819125, 2695012.933103014249355 ], [ 294632.336309534264728, 2694659.434363062959164 ], [ 294469.649227800720837, 2693949.936862924601883 ], [ 294259.868606858188286, 2693444.938662320375443 ], [ 294455.617818683909718, 2692983.940229289699346 ], [ 294196.743643703521229, 2692581.441683364566416 ], [ 294031.994050642824732, 2691770.194545651786029 ], [ 294274.993039854627568, 2691054.196997839957476 ], [ 294116.118503231788054, 2690599.198619349859655 ], [ 293656.932572793972213, 2690352.199573051650077 ], [ 292881.716352854913566, 2689347.703238156624138 ], [ 291208.034739874652587, 2689171.954167834948748 ], [ 291142.034770574711729, 2688155.957741315942258 ], [ 290315.537493658717722, 2687101.71159233758226 ], [ 289911.101440357917454, 2687159.211462610866874 ], [ 289911.101440357917454, 2687159.211462610866874 ], [ 288884.229915528208949, 2686260.964800100307912 ], [ 288964.604369930399116, 2684886.469624945893884 ], [ 289041.697546400944702, 2683308.475178014487028 ], [ 288580.761635347327683, 2683010.976308547891676 ], [ 287822.139355034916662, 2683074.726212288253009 ], [ 287822.139355034916662, 2683074.726212288253009 ], [ 287107.204344900907017, 2682730.477547741495073 ], [ 286589.924817266291939, 2682027.230119170155376 ], [ 286083.832886760355905, 2682086.729990414809436 ], [ 286083.832886760355905, 2682086.729990414809436 ], [ 285710.302761408034712, 2680872.484348859637976 ], [ 284936.086630337696988, 2679970.237669176887721 ], [ 283833.18446236877935, 2680751.73506622062996 ], [ 282720.250967108237091, 2680872.484802378807217 ], [ 282720.250967108237091, 2680872.484802378807217 ], [ 281949.941124823875725, 2680224.487209625542164 ], [ 281596.504900232248474, 2680281.487057101447135 ], [ 281099.256775669811759, 2680900.734930928330868 ], [ 280800.289142524823546, 2681210.733873730059713 ], [ 280800.289142524823546, 2681210.733873730059713 ], [ 280186.603788449603599, 2680865.485179351642728 ], [ 279777.230218698154204, 2680618.486108711455017 ], [ 278458.609931415703613, 2680539.4865578901954 ], [ 278314.266768789850175, 2681050.484764965251088 ], [ 277860.018409998679999, 2681160.484431521035731 ], [ 277059.271358485158999, 2681784.482318815309554 ], [ 276406.336234547547065, 2682101.231274622492492 ], [ 276406.336234547547065, 2682101.231274622492492 ], [ 275420.214586762245744, 2680694.486367610283196 ], [ 275254.308825448155403, 2679832.739442001096904 ], [ 274385.655638569616713, 2679390.491106051951647 ], [ 273326.62822590873111, 2679714.490065949037671 ], [ 272477.725106137164403, 2680492.737389919348061 ], [ 272477.725106137164403, 2680492.737389919348061 ], [ 271756.602616520831361, 2679793.239940281491727 ], [ 270131.233425065234769, 2679568.490885192528367 ], [ 268646.176169092825148, 2678628.994346182793379 ], [ 267549.117703669297043, 2679716.740567844361067 ], [ 267549.117703669297043, 2679716.740567844361067 ], [ 267041.619521129701752, 2679675.240752523299307 ], [ 266672.214527197123971, 2678817.243826198857278 ], [ 264943.658213552902453, 2678493.245093401055783 ], [ 264358.566453792154789, 2676876.25088427728042 ], [ 262484.479459836147726, 2676962.000683703459799 ], [ 262484.479459836147726, 2676962.000683703459799 ], [ 260860.860304326139158, 2676890.501016090158373 ], [ 259365.912499114492675, 2675443.756236604880542 ], [ 257769.886957718117628, 2674049.511272368021309 ], [ 256330.032755069405539, 2672907.265399310737848 ], [ 255558.863657414738555, 2672311.517550975549966 ], [ 254802.897654288506601, 2672580.266601278446615 ], [ 254802.897654288506601, 2672580.266601278446615 ], [ 253991.197470272541977, 2672544.76674027973786 ], [ 253567.323989053606056, 2671535.770363952033222 ], [ 253314.559282303031068, 2671591.520166379865259 ], [ 253179.497286615311168, 2672509.516875167842954 ], [ 252116.59489050146658, 2672631.766443737316877 ], [ 252116.59489050146658, 2672631.766443737316877 ], [ 250977.755261665064609, 2671331.521108944434673 ], [ 250238.804817611468025, 2669718.276904484257102 ], [ 249090.96525180147728, 2667960.283228531014174 ], [ 246915.754430111526744, 2668308.531940248329192 ], [ 245753.368038210697705, 2668534.781098449137062 ], [ 245378.181896860827692, 2668927.279674542602152 ], [ 244896.621150451072026, 2668954.529562695883214 ], [ 244896.621150451072026, 2668954.529562695883214 ], [ 244415.716659858793719, 2668675.280554003547877 ], [ 243881.04675543011399, 2667930.533221131656319 ], [ 241850.085455702646868, 2666884.536917636170983 ], [ 241237.306449297175277, 2666767.287313652224839 ], [ 240414.043807296897285, 2667306.285327739547938 ], [ 239496.828389151982265, 2667643.784062078688294 ], [ 238892.549353362788679, 2667482.034612042829394 ], [ 239309.18849658081308, 2666726.787362279370427 ], [ 239016.236477501021, 2666062.789745625574142 ], [ 238417.691826503752964, 2665443.541950901970267 ], [ 238025.99018595382222, 2664573.045079316943884 ], [ 237623.976046890515136, 2664363.045815396588296 ], [ 237412.054908611578867, 2665020.293421247508377 ], [ 237695.616290778911207, 2666346.788640542887151 ], [ 236861.056742475571809, 2667910.032942709513009 ], [ 236861.056742475571809, 2667910.032942709513009 ], [ 236054.294075918092858, 2667692.533672206103802 ], [ 235496.827350606617983, 2667835.033118390478194 ], [ 235234.593889137322549, 2668441.03091420698911 ], [ 234070.80124373556464, 2668623.280168391298503 ], [ 234070.80124373556464, 2668623.280168391298503 ], [ 233526.30328657940845, 2667900.532730102073401 ], [ 232993.742869047273416, 2666216.288767206948251 ], [ 232649.94731606010464, 2665449.291512100491673 ], [ 232566.228971627017017, 2664278.795743823517114 ], [ 232732.556567509978777, 2663315.04925335617736 ], [ 232640.306953464343678, 2662754.301281097345054 ], [ 231735.935313851310639, 2662332.052735595498234 ], [ 231075.203350297961151, 2662524.801974834874272 ], [ 231075.203350297961151, 2662524.801974834874272 ], [ 230778.329475214210106, 2662163.303260590415448 ], [ 230324.315530228777789, 2662054.05361443804577 ], [ 230336.471803553577047, 2661341.306207731366158 ], [ 230039.488561914477032, 2660928.057683110237122 ], [ 229897.457889992598211, 2660365.309718756005168 ], [ 229311.944557367329253, 2659030.564527636393905 ], [ 228813.649580790282926, 2658463.316547804512084 ], [ 228818.618343761540018, 2658158.567661818116903 ], [ 228464.650908299314324, 2658102.067831286694854 ], [ 227921.637379305146169, 2657278.320785570889711 ], [ 226814.204026061284821, 2656855.072212451137602 ], [ 226668.392112355242716, 2656446.573691840749234 ], [ 226727.813841671944829, 2655787.076115044765174 ], [ 225616.021110009955009, 2655619.07660234067589 ], [ 225316.72537629204453, 2655360.57751478580758 ], [ 224811.321008985192748, 2655302.327667391393334 ], [ 224615.649916905094869, 2654842.079332154709846 ], [ 222778.781601053808117, 2655882.075284264516085 ], [ 222221.56491195622948, 2655924.325055574532598 ], [ 222221.56491195622948, 2655924.325055574532598 ], [ 221261.959112143202219, 2655807.325353826861829 ], [ 220506.946325933939079, 2655540.576226135250181 ], [ 218377.110422559228027, 2655910.324558314867318 ], [ 217305.270538139942801, 2656603.821852575056255 ], [ 216181.024573518399848, 2657401.818753246683627 ], [ 215410.777290605590679, 2658202.815698952414095 ], [ 214652.405105863406789, 2658141.565796143375337 ], [ 214089.235244195675477, 2658541.314240093808621 ], [ 214089.235244195675477, 2658541.314240093808621 ], [ 214200.078699089557631, 2657881.566669655963778 ], [ 213490.206309316272382, 2657973.816210085526109 ], [ 213182.89489251706982, 2658274.565057233441621 ], [ 213182.89489251706982, 2658274.565057233441621 ], [ 212221.320326362096239, 2658260.064939343370497 ], [ 212361.147766844806029, 2659176.061619801912457 ], [ 211942.508501731703291, 2660185.807862225919962 ], [ 212025.117336880473886, 2661461.053233729675412 ], [ 212008.273423347825883, 2662684.048785094171762 ], [ 211395.697476058383472, 2663082.797225413378328 ], [ 210905.99568868757342, 2665517.538311046082526 ], [ 210493.497083975205896, 2666121.536049336194992 ], [ 209683.984404674760299, 2666211.035572278779 ], [ 209325.110649084148463, 2666561.034238334745169 ], [ 209325.110649084148463, 2666561.034238334745169 ], [ 208567.785317782399943, 2666446.534504362381995 ], [ 207702.132133834966226, 2666940.782546911854297 ], [ 206490.120976473845076, 2666772.782907016575336 ], [ 204407.065923020825721, 2667554.279645914677531 ], [ 203847.317901692877058, 2667852.278449308592826 ], [ 203534.022010943997884, 2668562.275820966809988 ], [ 202773.134118159679929, 2668756.774951638188213 ], [ 201688.090787958935834, 2670522.268354062922299 ], [ 202080.495395729638403, 2671441.515141801908612 ], [ 201407.200671505415812, 2672700.760472245514393 ], [ 201146.498348481894936, 2673309.008233557920903 ], [ 200785.640149818151258, 2673863.006167370826006 ], [ 200676.140400934789795, 2674471.503965768963099 ], [ 200311.17275244067423, 2675383.750621735583991 ], [ 199899.642880319792312, 2675837.998903520870954 ], [ 199338.551047225133516, 2676289.997157800942659 ], [ 198578.116245657321997, 2676484.496281197760254 ], [ 198160.820635560783558, 2677446.742751613259315 ], [ 198855.724136709148297, 2678423.239446574356407 ], [ 197324.432457453483948, 2679675.23462399141863 ], [ 197867.805282733024796, 2680547.231665415223688 ], [ 198008.773320439329837, 2681363.228809081017971 ], [ 199094.034545296104625, 2683412.471826553344727 ], [ 199929.577983858936932, 2685251.715539882425219 ], [ 200614.88763449981343, 2686935.459777594543993 ], [ 201613.618270280567231, 2687715.707268303725868 ], [ 201613.618270280567231, 2687715.707268303725868 ], [ 201969.976423967425944, 2687517.958043545018882 ], [ 202661.56745366458199, 2688649.204231009818614 ], [ 202661.56745366458199, 2688649.204231009818614 ], [ 203425.017979437398026, 2688151.706145090516657 ], [ 204083.593795565451728, 2688008.706790796946734 ], [ 204176.218330206727842, 2688620.454665475059301 ], [ 204474.779690181196202, 2688980.453468306455761 ], [ 204470.96714763098862, 2689234.202578571625054 ], [ 204704.84100429379032, 2690659.197642676066607 ], [ 204601.12256601365516, 2690911.696737985126674 ], [ 204689.465790730202571, 2691877.693383619189262 ] ], [ [ 226436.609161289001349, 2678826.242920437827706 ], [ 224865.661646602326073, 2679157.741557416971773 ], [ 224573.553422822937137, 2678339.994427911937237 ], [ 224731.58415977054392, 2677885.246064618229866 ], [ 224533.397411631012801, 2677577.497135550249368 ], [ 223524.026070214022184, 2677409.997605209704489 ], [ 223332.089347880828427, 2676746.49994388082996 ], [ 222780.40387947356794, 2676433.00098963920027 ], [ 222582.248378889926244, 2676175.501881615258753 ], [ 222076.218950039386982, 2676218.001662587746978 ], [ 222076.218950039386982, 2676218.001662587746978 ], [ 221927.750764065247495, 2676012.252376487012953 ], [ 221521.81471679333481, 2676107.501981521490961 ], [ 221521.81471679333481, 2676107.501981521490961 ], [ 220872.176496542204404, 2675689.753382009919733 ], [ 220298.881517945264932, 2676902.248977535404265 ], [ 220298.881517945264932, 2676902.248977535404265 ], [ 219962.961033565137768, 2675675.003305329475552 ], [ 219557.790608336712467, 2675770.502905727829784 ], [ 219604.85290065780282, 2676025.752002078574151 ], [ 219604.85290065780282, 2676025.752002078574151 ], [ 218797.058952594001312, 2675961.752111070789397 ], [ 219036.307950170681579, 2676881.998865922912955 ], [ 218981.839358442724915, 2677135.747953801415861 ], [ 219382.99413070915034, 2677345.497266205027699 ], [ 219075.213945133786183, 2677645.996151133440435 ], [ 218721.918336413305951, 2677690.995938144624233 ], [ 218465.841103610349819, 2677890.495189846027642 ], [ 218465.841103610349819, 2677890.495189846027642 ], [ 217513.047735642612679, 2677417.24672804446891 ], [ 216000.693833436089335, 2677290.496938907541335 ], [ 216043.13108798887697, 2677851.244949989952147 ], [ 215486.023712985101156, 2677894.244705736637115 ], [ 214775.073116196988849, 2678088.243897431530058 ], [ 214775.073116196988849, 2678088.243897431530058 ], [ 214174.169102808868047, 2677672.995272915810347 ], [ 213568.093163508980069, 2677664.995197012554854 ], [ 213068.673162771447096, 2677250.496585352811962 ], [ 212863.189483432564884, 2677501.995653649326414 ], [ 211545.037922550778603, 2677838.494218854233623 ], [ 210729.743881362723187, 2678384.492126213852316 ], [ 209867.887563137104735, 2678624.241111260838807 ], [ 209867.887563137104735, 2678624.241111260838807 ], [ 209161.718242587783607, 2678561.991196646820754 ], [ 209021.375159983464982, 2677746.994068099185824 ], [ 208777.610546634561615, 2677081.996388019993901 ], [ 208283.14373669878114, 2676310.24904101761058 ], [ 209145.578190169355366, 2675968.00043064635247 ], [ 209200.499926910561044, 2675664.251525091473013 ], [ 208495.580622523091733, 2675551.001791525632143 ], [ 208856.563813302665949, 2674946.754019923042506 ], [ 208356.42506104070344, 2674633.505040851421654 ], [ 207704.161872148455586, 2674266.756222067866474 ], [ 207811.927210694091627, 2673760.0080561270006 ], [ 207667.740338194766082, 2673249.009856160730124 ], [ 206925.743296701053623, 2671968.014296558685601 ], [ 206988.212000091007212, 2671104.51740825548768 ], [ 208112.270585404912708, 2670253.520692320074886 ], [ 208770.471322200930445, 2670213.270966849289834 ], [ 209284.84458845196059, 2669510.273595660924911 ], [ 210863.495255018788157, 2668619.527102866210043 ], [ 211215.243942094413796, 2668777.026600666344166 ], [ 211215.243942094413796, 2668777.026600666344166 ], [ 211473.274316867493326, 2668424.527918295469135 ], [ 211536.680506296717795, 2667509.781228673644364 ], [ 212347.521319766587112, 2667368.031887071672827 ], [ 212606.254822467686608, 2666965.033388344570994 ], [ 213057.565625807648757, 2667225.032529360614717 ], [ 212901.706765872368123, 2667528.031408285722136 ], [ 213457.939098448317964, 2667586.281295762397349 ], [ 213905.984246554347919, 2668101.029516695067286 ], [ 214263.514243377459934, 2667801.530658148229122 ], [ 213967.468539192923345, 2667288.782457510009408 ], [ 214473.810446298477473, 2667245.532700103707612 ], [ 214682.841010357136838, 2666790.784377463161945 ], [ 215237.542097116238438, 2666849.284258987754583 ], [ 215237.542097116238438, 2666849.284258987754583 ], [ 215393.447827973461244, 2666546.285379386506975 ], [ 215745.196515029179864, 2666704.534865448251367 ], [ 215687.493516471120529, 2667212.283022513613105 ], [ 216139.398080205952283, 2667423.7823326443322 ], [ 216139.398080205952283, 2667423.7823326443322 ], [ 216848.692386653623544, 2667282.032957954797894 ], [ 216794.348786185233621, 2667586.281851284205914 ], [ 216942.973210258118343, 2667792.281131670344621 ], [ 217701.595430462621152, 2667853.781028519384563 ], [ 217999.453661960200407, 2668214.029775303788483 ], [ 218148.046837865578709, 2668419.779056366998702 ], [ 219962.774536175769754, 2668803.777942049317062 ], [ 220750.490216915321071, 2670191.273060868494213 ], [ 220746.490188122057589, 2670496.521963024511933 ], [ 220837.833511987701058, 2671159.269594857469201 ], [ 220630.115459550259402, 2671562.268119073938578 ], [ 220630.115459550259402, 2671562.268119073938578 ], [ 219775.665492881904356, 2671193.019322300795466 ], [ 219618.494122057367349, 2671648.017666227184236 ], [ 219963.305279761727434, 2672263.515508541371673 ], [ 220153.460721211420605, 2673080.512608291115612 ], [ 220663.052658738684841, 2672834.263562704902142 ], [ 221726.220710474706721, 2672597.764557471498847 ], [ 222589.967622453143122, 2672256.76589552918449 ], [ 224701.397386659809854, 2672851.764031781349331 ], [ 224701.397386659809854, 2672851.764031781349331 ], [ 225263.520396066247486, 2672454.265524153131992 ], [ 225664.722040759486845, 2672663.76482104184106 ], [ 225664.722040759486845, 2672663.76482104184106 ], [ 226072.158085869479692, 2672467.015573937445879 ], [ 226774.405496862309519, 2672834.014339114539325 ], [ 227169.9508749502711, 2673399.512358224019408 ], [ 228129.166131909325486, 2673565.761867390014231 ], [ 228684.398484405508498, 2673675.011535044759512 ], [ 228684.398484405508498, 2673675.011535044759512 ], [ 229145.88122344732983, 2673325.512833395507187 ], [ 229951.034525280585513, 2673642.511779343243688 ], [ 229784.175664880283875, 2674556.758493225090206 ], [ 229419.989421716454672, 2675162.756291720084846 ], [ 229661.269733830995392, 2675829.253936686553061 ], [ 229703.175777229422238, 2676390.25193991465494 ], [ 229637.894672347116284, 2677305.24867331655696 ], [ 229178.849416520068189, 2677653.747386506292969 ], [ 228317.430619497376028, 2677892.996445727068931 ], [ 227402.902614574122708, 2678334.494776835665107 ], [ 226436.609161289001349, 2678826.242920437827706 ] ] ] ] } },
{ "type": "Feature", "properties": { "AREA": 270298881.06640601, "AREA_HA": 27029.888107, "ID": 2, "縣市名稱": "台北市" }, "geometry": { "type": "MultiPolygon", "coordinates": [ [ [ [ 300904.707262907119002, 2767441.942940574139357 ], [ 300537.052041011804249, 2766899.194718807470053 ], [ 300132.022069647966418, 2766892.194831885863096 ], [ 299365.962085711071268, 2767286.193772110156715 ], [ 299365.962085711071268, 2767286.193772110156715 ], [ 299011.931940658309031, 2767229.194027959834784 ], [ 298702.683000799792353, 2767580.442999182734638 ], [ 299253.306361510534771, 2767996.941579239442945 ], [ 299347.337412703898735, 2768405.940283562988043 ], [ 298976.495072662306484, 2769417.187216015532613 ], [ 298919.651598165801261, 2769823.685964116826653 ], [ 299016.338866911246441, 2770130.684988507535309 ], [ 299366.650315176812001, 2770340.184260248672217 ], [ 299909.023637243022677, 2770453.933786364272237 ], [ 300621.021510223217774, 2770907.432217889465392 ], [ 300927.301910767622758, 2771363.680732431355864 ], [ 301108.176550960924942, 2772202.428091054782271 ], [ 301290.80117476725718, 2772991.425606393255293 ], [ 301073.364689814159647, 2774339.671489026397467 ], [ 300954.115162724861875, 2774745.170264626387507 ], [ 300805.272002369631082, 2775251.418737129773945 ], [ 300234.961490605084691, 2776106.916230392176658 ], [ 299470.370205778162926, 2776449.915345140267164 ], [ 298910.215746701869648, 2776644.164870677050203 ], [ 298910.215746701869648, 2776644.164870677050203 ], [ 298202.3116982638021, 2776631.915061993990093 ], [ 297491.563944138702936, 2776772.914780425839126 ], [ 296982.253074300242588, 2776967.664289017673582 ], [ 296623.597996888856869, 2777216.163600064348429 ], [ 296363.536408210173249, 2777670.162259066477418 ], [ 296256.005583462596405, 2778075.161037874408066 ], [ 296400.661487714329269, 2778535.909594238735735 ], [ 296341.068048465589527, 2779094.907892869319767 ], [ 296536.66128436481813, 2779505.406594743486494 ], [ 296935.503880494157784, 2779868.405400177463889 ], [ 297325.471634079935029, 2780791.152495913673192 ], [ 297772.001634067040868, 2781358.650667597539723 ], [ 298067.157091569621116, 2781872.649035457521677 ], [ 298616.436743284866679, 2782289.147646572440863 ], [ 299216.310003553517163, 2782757.396088274661452 ], [ 299860.183217420883011, 2783582.893432426732033 ], [ 300207.869747165881563, 2783996.142097561620176 ], [ 300849.555513359548058, 2784974.388980621937662 ], [ 300849.555513359548058, 2784974.388980621937662 ], [ 301104.648442551377229, 2784825.889373168814927 ], [ 301610.865625858888961, 2784783.639385064598173 ], [ 302321.2384064013022, 2784643.139646480325609 ], [ 302664.956257166457362, 2785259.887693219818175 ], [ 302655.893928090401459, 2785819.885997027624398 ], [ 303157.048707882640883, 2786082.885081096552312 ], [ 303915.015149511629716, 2786147.134704456664622 ], [ 304112.202125753741711, 2786455.883721532765776 ], [ 304562.544564546551555, 2786718.132817787583917 ], [ 304904.949956757307518, 2787436.880559194367379 ], [ 305000.60599596198881, 2787744.129606810864061 ], [ 305555.291828947083559, 2787855.379133211448789 ], [ 305546.13575795921497, 2788415.627443392761052 ], [ 305640.791815201577265, 2788773.126340874936432 ], [ 305785.978982733795419, 2789183.12506788643077 ], [ 305785.978982733795419, 2789183.12506788643077 ], [ 306393.508367273258045, 2789142.625037119723856 ], [ 306756.382107244862709, 2788589.37661393173039 ], [ 306825.350352119479794, 2787521.629821704700589 ], [ 308005.190471614652779, 2787450.879731451626867 ], [ 308443.032909747911617, 2787550.129317031707615 ], [ 308443.032909747911617, 2787550.129317031707615 ], [ 308749.156916501990054, 2787351.879835835658014 ], [ 308620.219434130820446, 2786026.383882616646588 ], [ 309411.372703756671399, 2784105.889501821249723 ], [ 309575.184494598710444, 2783396.141616848297417 ], [ 309381.028709622099996, 2782934.643073690589517 ], [ 309845.714617190416902, 2782383.144629643298686 ], [ 310158.11974159051897, 2781828.646236469503492 ], [ 310264.838073338498361, 2781525.147133815102279 ], [ 310980.679480373335537, 2781079.898298311512917 ], [ 310987.085590048867743, 2780672.649540956597775 ], [ 311144.585013140982483, 2780370.150422629900277 ], [ 311000.46032275329344, 2779909.401871744543314 ], [ 310647.80513306776993, 2779801.402298545464873 ], [ 310080.244067761639599, 2778692.655849333386868 ], [ 310273.024535714415833, 2778063.907726147212088 ], [ 311644.895175821322482, 2777732.158368584699929 ], [ 313078.140434287313838, 2776790.660860013216734 ], [ 313086.609002192039043, 2776281.912422906141728 ], [ 313407.326457596558612, 2775320.415293225087225 ], [ 313111.577238099649549, 2774857.166806011460721 ], [ 312968.452528502675705, 2774345.668425275944173 ], [ 312617.67231022490887, 2774135.169174342881888 ], [ 312727.734312148299068, 2773628.670708236750215 ], [ 312475.516333948879037, 2773572.920951610896736 ], [ 312228.360707188956439, 2773077.172553930431604 ], [ 312756.702577797288541, 2772335.674700621049851 ], [ 312604.484186568239238, 2771946.675948801450431 ], [ 312152.798038776731119, 2771734.676732792984694 ], [ 312264.078755835187621, 2771125.928589696995914 ], [ 312630.6398904673988, 2770419.680679457262158 ], [ 313955.573076349915937, 2769934.93180865328759 ], [ 314929.694793970207684, 2769239.933687860611826 ], [ 315843.504373724805191, 2769103.683842810802162 ], [ 317154.719102642848156, 2769433.182424507569522 ], [ 317014.969309822539799, 2768717.934693394694477 ], [ 315197.849927545408718, 2768379.436289156321436 ], [ 314486.477213724749163, 2768519.186061412096024 ], [ 313926.572788307676092, 2768712.435621303040534 ], [ 313926.572788307676092, 2768712.435621303040534 ], [ 313475.011630227905698, 2768449.936568572185934 ], [ 312975.638077103823889, 2768033.688008080236614 ], [ 311909.078996628406458, 2768217.937733273487538 ], [ 311909.078996628406458, 2768217.937733273487538 ], [ 310950.613203881483059, 2767997.438685690052807 ], [ 310706.457572889397852, 2767484.190353627782315 ], [ 310275.677653442544397, 2767383.440785246901214 ], [ 310161.115348485589493, 2766812.442599282134324 ], [ 310372.989515983499587, 2766256.444279762916267 ], [ 310631.738594043650664, 2765904.695309541653842 ], [ 310438.36405578936683, 2765392.446965431794524 ], [ 310852.831329839071259, 2764839.698583807330579 ], [ 310606.613239303347655, 2764428.19994108332321 ], [ 310464.269775757857133, 2763865.701744398102164 ], [ 310573.331795403850265, 2763409.453147206455469 ], [ 311238.048331328260247, 2763064.954047426581383 ], [ 311693.265636838565115, 2763072.953896343242377 ], [ 311693.265636838565115, 2763072.953896343242377 ], [ 312612.700080421287566, 2762631.455027112271637 ], [ 312366.481988883286249, 2762219.706391553860158 ], [ 311511.265864932967816, 2761899.207638562191278 ], [ 310098.520252105663531, 2761517.709226305130869 ], [ 309836.739982596423943, 2762021.957709225360304 ], [ 309836.739982596423943, 2762021.957709225360304 ], [ 309028.367522943764925, 2761905.708291048184037 ], [ 308212.870202017074917, 2762196.707589892204851 ], [ 308212.870202017074917, 2762196.707589892204851 ], [ 307760.777831768558826, 2761985.2083734665066 ], [ 306898.593086969573051, 2762020.958482975605875 ], [ 306434.375952204922214, 2762521.707025573123246 ], [ 306065.971094192762394, 2763329.704578877426684 ], [ 306008.877636042365339, 2763735.95331757934764 ], [ 306052.658857986563817, 2764143.952026156708598 ], [ 305796.159726023906842, 2764343.20146555127576 ], [ 305796.159726023906842, 2764343.20146555127576 ], [ 305140.786747875623405, 2764127.952303966041654 ], [ 304789.162993556004949, 2764615.450861683581024 ], [ 304424.257889901055023, 2764573.70108213275671 ], [ 304165.852538668026682, 2764874.70020144013688 ], [ 304310.38345180475153, 2765335.198723744601011 ], [ 304056.821767350542359, 2765381.698639871552587 ], [ 304056.821767350542359, 2765381.698639871552587 ], [ 303559.166946197103243, 2764813.200540910940617 ], [ 303306.761482184228953, 2764757.700775294099003 ], [ 303449.198689625773113, 2765371.198819188866764 ], [ 303641.88572572224075, 2765934.197010846342891 ], [ 303582.917294541024603, 2766442.445435645058751 ], [ 303534.323754940531217, 2766660.694765088614076 ], [ 303270.637162435799837, 2766945.943937156349421 ], [ 302238.078231099876575, 2768149.690424743574113 ], [ 301781.110946381289978, 2768243.690238197334111 ], [ 301781.110946381289978, 2768243.690238197334111 ], [ 301329.33105616964167, 2767981.441160167101771 ], [ 300904.707262907119002, 2767441.942940574139357 ] ] ] ] } },
{ "type": "Feature", "properties": { "AREA": 2047733940.7265601, "AREA_HA": 204773.394073, "ID": 1, "縣市名稱": "台北縣" }, "geometry": { "type": "MultiPolygon", "coordinates": [ [ [ [ 295362.761605237668846, 2792821.866487462073565 ], [ 295808.041640800016467, 2793439.864545279648155 ], [ 296107.853278227616102, 2793648.613858861848712 ], [ 296107.853278227616102, 2793648.613858861848712 ], [ 296717.945134774432518, 2793455.364311021752656 ], [ 298065.472541025548708, 2794496.110912079922855 ], [ 298353.471885276492685, 2795417.358098078984767 ], [ 300205.091568628849927, 2796568.854256414342672 ], [ 300758.714925680367742, 2796680.103799952194095 ], [ 301055.307883123750798, 2797092.352504844777286 ], [ 301201.495031632541213, 2797451.35140305897221 ], [ 301292.182410790352151, 2798063.599561956245452 ], [ 301292.182410790352151, 2798063.599561956245452 ], [ 301647.493817456299439, 2797968.099763945210725 ], [ 301605.618815866124351, 2797458.351289324928075 ], [ 302566.3658997505554, 2797373.101318884175271 ], [ 303221.145219285041094, 2797537.100675932597369 ], [ 303768.456206010305323, 2798055.599003254435956 ], [ 303658.925417717080563, 2798562.847522542346269 ], [ 303955.393384145572782, 2798975.096227475907654 ], [ 303955.393384145572782, 2798975.096227475907654 ], [ 304412.298222980345599, 2798830.596545334905386 ], [ 304418.54809666093206, 2798423.347753029316664 ], [ 304825.546833840897307, 2798277.848085525911301 ], [ 305333.201517993991729, 2798133.848388138227165 ], [ 305836.762532807188109, 2798244.597933452110738 ], [ 305836.762532807188109, 2798244.597933452110738 ], [ 306294.698601768177468, 2798049.0983991837129 ], [ 306745.603553114342503, 2798260.597656497731805 ], [ 306892.603196000971366, 2798568.846703414805233 ], [ 307240.883485282945912, 2798880.095690336544067 ], [ 307998.349962815409526, 2798893.595454352442175 ], [ 307998.349962815409526, 2798893.595454352442175 ], [ 308608.629309632699005, 2798649.846018208190799 ], [ 309120.471406824013684, 2798251.847064977977425 ], [ 309932.656408859416842, 2798062.847409459762275 ], [ 310750.247538199939299, 2797517.598808960523456 ], [ 311265.214573668141384, 2796966.600307383108884 ], [ 312278.773962975305039, 2796781.600576949305832 ], [ 312535.804362159280572, 2796531.351250157225877 ], [ 313775.581391875923146, 2794976.105537448078394 ], [ 313936.268249084532727, 2794470.107003378681839 ], [ 313924.423840051807929, 2792229.8637157343328 ], [ 314798.545918586081825, 2791380.366013068705797 ], [ 315202.857191586226691, 2791387.865872365888208 ], [ 315550.106251127144787, 2791750.614680514670908 ], [ 315550.106251127144787, 2791750.614680514670908 ], [ 315609.418409086181782, 2791242.366189778316766 ], [ 315367.918948482431006, 2790627.368110084440559 ], [ 316610.820862628926989, 2788918.872887030243874 ], [ 316963.1948223792715, 2789027.622453144751489 ], [ 316963.1948223792715, 2789027.622453144751489 ], [ 316967.507226439134683, 2788772.873220284935087 ], [ 317679.129974595678505, 2788531.623732459265739 ], [ 318082.253779484366532, 2788640.87327953055501 ], [ 318082.253779484366532, 2788640.87327953055501 ], [ 318286.753105573938228, 2788491.623667180538177 ], [ 318885.65768329083221, 2788961.122065511997789 ], [ 318885.65768329083221, 2788961.122065511997789 ], [ 319093.219448743097018, 2788659.622910599224269 ], [ 319341.031279222923331, 2788918.622051953803748 ], [ 319335.625148504506797, 2789224.121132389176637 ], [ 320383.403469678247347, 2790007.368442540057003 ], [ 320383.403469678247347, 2790007.368442540057003 ], [ 320788.777219605341088, 2789963.618445307482034 ], [ 320293.497284513374325, 2789394.370317790657282 ], [ 319990.623206323652994, 2789388.870430050883442 ], [ 319649.061505018325988, 2788669.872705928515643 ], [ 319906.373134660243522, 2788420.123378806281835 ], [ 319015.312992899853271, 2787334.626937463879585 ], [ 319133.187308508146089, 2786369.629821121226996 ], [ 319547.154620675952174, 2785868.131211433559656 ], [ 320253.308744125126395, 2785982.880641098599881 ], [ 320253.308744125126395, 2785982.880641098599881 ], [ 320868.77543597726617, 2785485.631952886004001 ], [ 321372.711428144713864, 2785596.88145399931818 ], [ 320774.744334061513655, 2785076.633223857730627 ], [ 320475.12018253095448, 2784867.383954531978816 ], [ 319921.434327967348509, 2784704.384624533820897 ], [ 319373.904602636641357, 2784236.136219051200897 ], [ 318827.843574296450242, 2783615.138277351856232 ], [ 317590.847190112574026, 2783030.890435642562807 ], [ 316566.850257202226203, 2782759.141572741791606 ], [ 316061.508061871456448, 2782749.891751917079091 ], [ 315515.009565134707373, 2782179.643651831429452 ], [ 314805.605515874165576, 2782217.893743123393506 ], [ 314805.605515874165576, 2782217.893743123393506 ], [ 314103.232583823439199, 2781899.644917546305805 ], [ 313395.828497826179955, 2781835.895314937923104 ], [ 313249.547604888619389, 2781527.896296516060829 ], [ 313463.359241864643991, 2780869.898245115298778 ], [ 313974.013821056811139, 2780573.649004093836993 ], [ 314581.94942814897513, 2780533.898949792608619 ], [ 315101.978815237118397, 2779728.901260657701641 ], [ 315113.57232031726744, 2779067.403283309657127 ], [ 315070.103576260909904, 2778659.404546753969043 ], [ 315431.321078395121731, 2778258.655669804196805 ], [ 315644.28897401195718, 2777651.907469638157636 ], [ 315499.258044338785112, 2777241.90877216681838 ], [ 315913.350346449005883, 2776740.410191420465708 ], [ 316267.286747242091224, 2776746.910066152922809 ], [ 316267.286747242091224, 2776746.910066152922809 ], [ 316273.630362935306039, 2776390.661160130985081 ], [ 317811.187717027030885, 2775298.914058585185558 ], [ 318616.654028245480731, 2775517.913135919719934 ], [ 318616.654028245480731, 2775517.913135919719934 ], [ 318428.06061136466451, 2774750.665559949353337 ], [ 319709.43131036410341, 2773857.91791746718809 ], [ 320978.08353373821592, 2773677.918071300722659 ], [ 322096.173707108013332, 2773444.418432404752821 ], [ 322601.390600635670125, 2772658.920697528868914 ], [ 323175.73249525250867, 2772497.421008602716029 ], [ 323437.575263723032549, 2772043.922326555009931 ], [ 325007.632817754813004, 2771971.672024488914758 ], [ 325808.443001241597813, 2772496.170127120800316 ], [ 327072.814070469816215, 2772570.919459280092269 ], [ 328111.342578600801062, 2773914.414940213784575 ], [ 327492.969735614722595, 2774513.413307878188789 ], [ 326574.87899592256872, 2774903.162424709182233 ], [ 326488.723732032056432, 2776835.906501873396337 ], [ 326327.130690783204045, 2777392.654846172314137 ], [ 326367.099524385354016, 2777953.403110343497247 ], [ 325752.414078181958757, 2778349.152106926310807 ], [ 326863.598176401050296, 2778471.901347583625466 ], [ 327464.03395223163534, 2778839.900009960867465 ], [ 327811.001782827777788, 2779253.648620514199138 ], [ 327811.001782827777788, 2779253.648620514199138 ], [ 328623.530463346571196, 2779116.648753041867167 ], [ 329178.716266683652066, 2779178.148366774432361 ], [ 329178.716266683652066, 2779178.148366774432361 ], [ 329594.620995413104538, 2778575.650064339861274 ], [ 330050.088336263084784, 2778584.149874014314264 ], [ 330388.181377880158834, 2779455.897080074995756 ], [ 330666.180552115663886, 2779545.6467040553689 ], [ 330891.179884104931261, 2779618.646398302633315 ], [ 330985.242233680502977, 2779976.895267385523766 ], [ 330972.586302691721357, 2780689.143093904014677 ], [ 331169.24206668761326, 2780998.3920769658871 ], [ 331627.084345296549145, 2780854.392348364926875 ], [ 332887.424292934942059, 2781082.641182568855584 ], [ 332887.424292934942059, 2781082.641182568855584 ], [ 332495.237736249517184, 2780413.143375189509243 ], [ 332661.393167576694395, 2779652.895639199763536 ], [ 333471.796894787519705, 2779617.895441797096282 ], [ 333466.078286117990501, 2779923.144509760662913 ], [ 333766.733670276473276, 2780081.64391114609316 ], [ 333863.952203272841871, 2780287.393244853243232 ], [ 334571.700020347430836, 2780301.142933285329491 ], [ 334571.700020347430836, 2780301.142933285329491 ], [ 336605.03728601540206, 2779832.14358094194904 ], [ 336804.099236094451044, 2779988.893023169599473 ], [ 337214.222863088012673, 2779742.393615989945829 ], [ 337563.409393503621686, 2780003.64267849130556 ], [ 338068.814084426383488, 2780013.642446962185204 ], [ 338068.814084426383488, 2780013.642446962185204 ], [ 338278.063286505115684, 2779661.893439944833517 ], [ 339340.497507681138813, 2779683.14294793875888 ], [ 339340.497507681138813, 2779683.14294793875888 ], [ 339648.340196922537871, 2779434.643584105186164 ], [ 339849.245871060935315, 2779540.393178610596806 ], [ 339849.245871060935315, 2779540.393178610596806 ], [ 340610.02472812338965, 2779453.643133436329663 ], [ 340959.148763015633449, 2779715.64218774670735 ], [ 340959.148763015633449, 2779715.64218774670735 ], [ 341467.928375350893475, 2779572.892414630856365 ], [ 342968.424135615234263, 2780468.639047594740987 ], [ 342968.424135615234263, 2780468.639047594740987 ], [ 343077.329866023384966, 2780063.390240937005728 ], [ 342883.142781287664548, 2779652.39158048061654 ], [ 341988.488928150618449, 2778819.894505314528942 ], [ 341993.270049731014296, 2778565.395283559337258 ], [ 342848.986246815358754, 2778786.394247781019658 ], [ 342848.986246815358754, 2778786.394247781019658 ], [ 342857.111038256203756, 2778379.395492379553616 ], [ 343013.14171397924656, 2778178.896041883621365 ], [ 342916.048172352311667, 2777973.146714190021157 ], [ 343073.547547202673741, 2777670.897575890179724 ], [ 342667.705076275917236, 2777713.897614514455199 ], [ 342667.705076275917236, 2777713.897614514455199 ], [ 342436.70528865425149, 2776588.901168982032686 ], [ 342193.112066124274861, 2776074.902852618601173 ], [ 342203.455556202272419, 2775565.904415926430374 ], [ 342410.64229874702869, 2775315.655100611038506 ], [ 342215.236496334197, 2774955.406293127685785 ], [ 342374.954567361273803, 2774551.407472738530487 ], [ 342780.140784264367539, 2774508.657434729859233 ], [ 343356.201054606237449, 2773553.410142289940268 ], [ 343918.60541361029027, 2773259.160813494119793 ], [ 343875.980360855523031, 2772850.912094390019774 ], [ 343373.981833912665024, 2772637.162969025783241 ], [ 343733.980572050670162, 2772338.913739747833461 ], [ 343589.355861545889638, 2771979.6649139970541 ], [ 343697.261612567526754, 2771625.415966271888465 ], [ 343292.356627512199339, 2771617.166163255926222 ], [ 343809.604756789223757, 2771067.91764771239832 ], [ 343563.386614791990723, 2770706.418874284252524 ], [ 343981.291255619493313, 2770053.170726007781923 ], [ 344095.134346929728054, 2769393.672728325240314 ], [ 345120.599577021203004, 2768752.674284030217677 ], [ 345635.785248058498837, 2768305.175455579068512 ], [ 346034.815387559705414, 2768618.674305375665426 ], [ 346034.815387559705414, 2768618.674305375665426 ], [ 346544.032468019519001, 2768476.174527120310813 ], [ 347600.216822018730454, 2768854.172884889878333 ], [ 347600.216822018730454, 2768854.172884889878333 ], [ 349273.649000298348255, 2768736.172505324240774 ], [ 349639.928805958363228, 2768132.674220711458474 ], [ 349801.084328168304637, 2767677.92556581646204 ], [ 350449.957512961351313, 2768149.423800819553435 ], [ 350449.957512961351313, 2768149.423800819553435 ], [ 350911.862163452315144, 2767853.674512133002281 ], [ 351216.017458217218518, 2767859.924353064037859 ], [ 351216.017458217218518, 2767859.924353064037859 ], [ 351381.047864434425719, 2767201.676331133581698 ], [ 351185.767053433228284, 2766841.427545870188624 ], [ 351041.673556865251157, 2766430.928894660435617 ], [ 350484.894059494254179, 2766419.679184339474887 ], [ 350186.769849333970342, 2766107.930294711142778 ], [ 349683.083886458072811, 2765995.930873294360936 ], [ 349136.116614310478326, 2765475.182749279774725 ], [ 348990.460676755232271, 2765166.683780564926565 ], [ 348532.243420667771716, 2765258.933696932159364 ], [ 348532.243420667771716, 2765258.933696932159364 ], [ 347834.620355060033035, 2764684.685806560330093 ], [ 347383.559158697491512, 2764420.936833016108721 ], [ 346868.154751994647086, 2764868.935655747074634 ], [ 346868.154751994647086, 2764868.935655747074634 ], [ 345957.063877292210236, 2764849.686114294454455 ], [ 344644.880402536538895, 2764568.687561920844018 ], [ 343796.445303939923178, 2763940.439894467126578 ], [ 342887.854357620468363, 2763769.440815456677228 ], [ 342077.575669941434171, 2763752.69120761519298 ], [ 341827.826369149552193, 2763544.191966084297746 ], [ 341679.764247032639105, 2763337.692676162812859 ], [ 341172.609624518954661, 2763378.192759082186967 ], [ 341172.609624518954661, 2763378.192759082186967 ], [ 340678.579646881378721, 2762706.695072539150715 ], [ 339576.426623298204504, 2762073.947512710466981 ], [ 339019.490889548382256, 2762062.697773334104568 ], [ 337961.462864967645146, 2761736.199225110467523 ], [ 337504.026860086771194, 2761829.449113151058555 ], [ 337093.372020664450247, 2762075.698500401806086 ], [ 337093.372020664450247, 2762075.698500401806086 ], [ 336741.216844762791879, 2761966.698982094880193 ], [ 336036.093996913987212, 2761749.199942382983863 ], [ 335837.063293808023445, 2761541.700673266779631 ], [ 335133.002923884021584, 2761272.951792428735644 ], [ 334706.628629722399637, 2759686.956959740258753 ], [ 335375.720017348998226, 2759140.208429994992912 ], [ 335642.093872308672871, 2758432.710564747452736 ], [ 336206.029424328240566, 2758087.461438348982483 ], [ 335811.905448919162154, 2757519.463391143362969 ], [ 335410.12539810774615, 2757308.214216381777078 ], [ 334767.064617985859513, 2756480.967088437173516 ], [ 334222.691068612970412, 2755757.719593657646328 ], [ 333370.006114826130215, 2755282.971426129806787 ], [ 332458.571516561030876, 2755214.471986018586904 ], [ 331894.635966367204674, 2755559.721097808331251 ], [ 331894.635966367204674, 2755559.721097808331251 ], [ 331647.792866328440141, 2755198.72233695583418 ], [ 330939.826366559660528, 2755133.972803327254951 ], [ 330184.484940130962059, 2754864.973934261128306 ], [ 329891.266894140338991, 2754248.476003199350089 ], [ 328939.769716136506759, 2753619.228350200224668 ], [ 329423.017593644908629, 2752152.482858743984252 ], [ 329173.924548450042494, 2751893.233776720706373 ], [ 328818.269464283133857, 2751937.233763149473816 ], [ 328818.269464283133857, 2751937.233763149473816 ], [ 328227.802250417065807, 2750958.987101983744651 ], [ 327926.459415411227383, 2750800.487715933471918 ], [ 327417.836095943173859, 2750892.487599972169846 ], [ 327417.836095943173859, 2750892.487599972169846 ], [ 327272.586431212432217, 2750533.238801123108715 ], [ 326863.900308415293694, 2750678.238479086197913 ], [ 326863.900308415293694, 2750678.238479086197913 ], [ 326872.587609436071943, 2750220.239943354390562 ], [ 326317.5580968404538, 2750057.240657988004386 ], [ 326068.121328019478824, 2749848.741412312258035 ], [ 325409.967187923204619, 2749785.491840337403119 ], [ 325004.687230275885668, 2749726.992165722418576 ], [ 324647.657190443307627, 2749872.741819041315466 ], [ 324187.846250894595869, 2750067.741348282899708 ], [ 324187.846250894595869, 2750067.741348282899708 ], [ 322789.225359892996494, 2748870.995652489829808 ], [ 322135.414871065295301, 2748553.496886186301708 ], [ 321734.22858269221615, 2748291.247859326656908 ], [ 320986.855760722712148, 2747565.000435750000179 ], [ 320583.544517642410938, 2747404.751080332323909 ], [ 319891.296437344513834, 2746424.504457234404981 ], [ 319295.891866874822881, 2745650.007142185699195 ], [ 318786.112327812297735, 2745793.756837010849267 ], [ 318786.112327812297735, 2745793.756837010849267 ], [ 318437.738343451172113, 2745430.758116430137306 ], [ 317770.959399243583903, 2745825.757046546787024 ], [ 317770.959399243583903, 2745825.757046546787024 ], [ 316618.556654117070138, 2745041.259928190149367 ], [ 315551.435164846421685, 2745123.509980466682464 ], [ 315551.435164846421685, 2745123.509980466682464 ], [ 315404.77929592190776, 2744815.511018684133887 ], [ 314640.031869571597781, 2745056.260465018451214 ], [ 314640.031869571597781, 2745056.260465018451214 ], [ 313731.128503801824991, 2744785.261603469960392 ], [ 313225.630121245572809, 2744674.512105811852962 ], [ 313439.722984740859829, 2744067.264008245896548 ], [ 313294.25458469329169, 2743657.765374998562038 ], [ 313351.629272037243936, 2743251.516674146056175 ], [ 313054.942617273540236, 2742839.018095055129379 ], [ 312543.163118534721434, 2743084.267445091623813 ], [ 312543.163118534721434, 2743084.267445091623813 ], [ 311732.69700345461024, 2743018.767884 ], [ 311333.135704106476624, 2742655.269172739237547 ], [ 309868.265394283283968, 2742273.02081184508279 ], [ 310238.607663776841946, 2741363.27366480184719 ], [ 310302.075982201087754, 2740600.776125840842724 ], [ 310160.42001892864937, 2739987.778158532455564 ], [ 309653.51543435070198, 2739978.778324416838586 ], [ 309405.828645402798429, 2739618.029565403237939 ], [ 309680.296139237529133, 2738401.033458932768553 ], [ 310193.388095531961881, 2738054.03445298736915 ], [ 309946.670039902266581, 2737642.285864193923771 ], [ 310164.137820349424146, 2736781.038620456121862 ], [ 310223.199991509492975, 2736324.040099590551108 ], [ 310177.418803525506519, 2736017.791114545892924 ], [ 310386.792992276197765, 2735614.292379294522107 ], [ 309983.794280423666351, 2735454.543011802714318 ], [ 309383.171120274462737, 2734934.7948770779185 ], [ 309029.141027557780035, 2734877.545159130822867 ], [ 308570.048840841103811, 2735022.294805821031332 ], [ 308570.048840841103811, 2735022.294805821031332 ], [ 308322.205810366256628, 2734661.796053412836045 ], [ 308481.36141769652022, 2734257.297339138109237 ], [ 308132.612458464398514, 2733844.048787625040859 ], [ 307828.519716703391168, 2733838.548885091673583 ], [ 307723.457622102985624, 2734040.298249699175358 ], [ 307723.457622102985624, 2734040.298249699175358 ], [ 307319.427683127229102, 2733931.548711405601352 ], [ 306961.428912295494229, 2734078.048322218470275 ], [ 306961.428912295494229, 2734078.048322218470275 ], [ 306610.492505639325827, 2733817.299268221948296 ], [ 306104.525405845604837, 2733706.799759195186198 ], [ 305807.620016556233168, 2733243.551356518175453 ], [ 305198.59078799089184, 2733232.801543643232435 ], [ 304648.654978432226926, 2732714.303384758997709 ], [ 304412.717979918408673, 2731641.30697607435286 ], [ 304113.781381024513394, 2731280.058239784091711 ], [ 303505.627142372948583, 2731218.55858944170177 ], [ 303308.565206282190047, 2730858.809823411516845 ], [ 302549.442696281010285, 2730693.310549759306014 ], [ 302090.288014816760551, 2730837.810180659871548 ], [ 302090.288014816760551, 2730837.810180659871548 ], [ 301587.258364272711333, 2730523.811333968769759 ], [ 301130.009901077253744, 2730567.061296470463276 ], [ 301130.009901077253744, 2730567.061296470463276 ], [ 300178.63787378417328, 2729736.064257245976478 ], [ 299161.422543115215376, 2729821.064202665816993 ], [ 299161.422543115215376, 2729821.064202665816993 ], [ 298556.018265462946147, 2729607.065042475704104 ], [ 298238.207017026434187, 2730415.812439550645649 ], [ 298124.45757474808488, 2731177.809949594084173 ], [ 298068.582832114887424, 2731482.308957590255886 ], [ 298058.801757117093075, 2732092.806948104407638 ], [ 297498.772393448103685, 2732185.056764046195894 ], [ 297085.961359540175181, 2732585.305533786769956 ], [ 296724.118904692644719, 2732986.30429025599733 ], [ 295605.091406402585562, 2733120.304080463014543 ], [ 295492.435687978402711, 2733831.051767406053841 ], [ 295132.530699238821398, 2734130.550856608431786 ], [ 294758.313444826460909, 2735294.797112099826336 ], [ 293987.722377118770964, 2735892.795305506326258 ], [ 294081.065927207935601, 2736403.543615012429655 ], [ 293821.254372847266495, 2736806.542347525246441 ], [ 293966.628979350090958, 2737216.040980094112456 ], [ 293554.817925415816717, 2737616.539751954842359 ], [ 293495.380728980584536, 2738124.288105536717921 ], [ 292965.414034653804265, 2739591.53342372039333 ], [ 293208.88211147999391, 2740206.281375640071929 ], [ 293508.849939724896103, 2740516.780307312961668 ], [ 294114.754231169237755, 2740679.279660413041711 ], [ 294513.721769362688065, 2741144.028070821426809 ], [ 294559.971672606247012, 2741399.527231653686613 ], [ 295113.81366077857092, 2741663.526263388805091 ], [ 295605.031024592928588, 2742689.272835886571556 ], [ 295144.47008895885665, 2742936.272128645330667 ], [ 294583.815718818223104, 2743130.521611663978547 ], [ 294274.316797546460293, 2743430.520701315253973 ], [ 294310.754375339485705, 2744347.267727410886437 ], [ 294095.47399221744854, 2745107.265313712880015 ], [ 293433.132447060605045, 2745299.764821364078671 ], [ 292857.478308602061588, 2746410.511348381172866 ], [ 292399.854820492095314, 2746504.761131500359625 ], [ 292136.605802920239512, 2747111.009227922186255 ], [ 292182.730715288373176, 2747417.008233902510256 ], [ 291001.64100025978405, 2748364.755404365248978 ], [ 291001.64100025978405, 2748364.755404365248978 ], [ 290547.142446813522838, 2748204.506001910660416 ], [ 290032.925466781831346, 2748705.004485738929361 ], [ 290032.925466781831346, 2748705.004485738929361 ], [ 289733.0826316177845, 2748394.755535831674933 ], [ 289125.647095541993622, 2748334.005837541073561 ], [ 288981.303718340408523, 2747823.007505872286856 ], [ 288580.398714860435575, 2747511.008578859269619 ], [ 288024.713003994664177, 2747400.009030704852194 ], [ 287156.153403954405803, 2747793.257910144980997 ], [ 286393.124662698479369, 2747933.757582785561681 ], [ 285674.470855494611897, 2748533.00577107258141 ], [ 285674.470855494611897, 2748533.00577107258141 ], [ 285117.128907742211595, 2748473.256050470750779 ], [ 284255.975447737961076, 2748408.75639005145058 ], [ 284152.163318844279274, 2748610.50575737003237 ], [ 284147.694625552976504, 2748865.00494049815461 ], [ 284652.224271188373677, 2749076.504184466786683 ], [ 284652.224271188373677, 2749076.504184466786683 ], [ 285514.346463502210099, 2749039.504169257357717 ], [ 285813.376804527826607, 2749400.252964039333165 ], [ 286164.31321044586366, 2749660.252073891460896 ], [ 285902.282907973509282, 2750216.250332864001393 ], [ 285293.0973910720204, 2750257.500296661630273 ], [ 284782.099090109230019, 2750503.749586910940707 ], [ 284925.536228973884135, 2751116.99760095635429 ], [ 285731.002433746936731, 2751485.99629416782409 ], [ 285829.158401607826818, 2751690.995622884947807 ], [ 285772.752395846298896, 2752046.244496013503522 ], [ 285209.00428754335735, 2752444.493312053382397 ], [ 284544.319002984033432, 2752841.242147722281516 ], [ 284736.03725423006108, 2753557.239833812229335 ], [ 284476.819408276525792, 2753959.988589709624648 ], [ 284476.819408276525792, 2753959.988589709624648 ], [ 283766.977946186903864, 2753948.738732592668384 ], [ 283661.415836336265784, 2754252.487780525814742 ], [ 283808.665412046364509, 2754560.236778425518423 ], [ 283603.29109832062386, 2754709.736333084758371 ], [ 283603.29109832062386, 2754709.736333084758371 ], [ 282999.761742552160285, 2754394.737424882128835 ], [ 282487.95094738289481, 2754742.736390873789787 ], [ 282791.481228251883294, 2754798.486169632524252 ], [ 282783.387585272837896, 2755307.234552141278982 ], [ 283084.230400240572635, 2755515.733845395967364 ], [ 282615.200795500015374, 2756373.481188079807907 ], [ 282507.919954335025977, 2756779.229915550909936 ], [ 282957.762325609859545, 2757193.478536541108042 ], [ 283815.572115963848773, 2757461.727559331338853 ], [ 284216.289631890889723, 2757773.226512005552649 ], [ 283552.885557588364463, 2758067.975677637849003 ], [ 283552.885557588364463, 2758067.975677637849003 ], [ 282947.73121354659088, 2757854.726442028302699 ], [ 282542.451262285292614, 2757848.476520514115691 ], [ 282639.607249332650099, 2758155.475534061901271 ], [ 282123.483997728209943, 2758757.973700829315931 ], [ 283175.6995034806896, 2759537.971083077602088 ], [ 283576.260781298507936, 2759900.719878161326051 ], [ 283216.418238209851552, 2760251.21882469765842 ], [ 283301.824380079691764, 2761270.715596848167479 ], [ 283342.605607095407322, 2761932.713505662977695 ], [ 283085.512716709461529, 2762183.212754887063056 ], [ 283486.980230043176562, 2762443.961875502951443 ], [ 283231.668567108805291, 2762592.711445195134729 ], [ 283231.668567108805291, 2762592.711445195134729 ], [ 282876.575946829572786, 2762587.211514367256314 ], [ 282971.919458664546255, 2762995.960215446539223 ], [ 283217.950008497573435, 2763508.958567912690341 ], [ 283875.729168804595247, 2763519.208438116591424 ], [ 284378.821363058930729, 2763781.457538683898747 ], [ 284378.821363058930729, 2763781.457538683898747 ], [ 285090.069078748463653, 2763640.707871329504997 ], [ 285595.067492471425794, 2763750.207448522560298 ], [ 285595.067492471425794, 2763750.207448522560298 ], [ 285902.285222652659286, 2763500.708183228969574 ], [ 286460.939680168463383, 2763407.958384891506284 ], [ 286661.564069975400344, 2763563.707863211166114 ], [ 286661.564069975400344, 2763563.707863211166114 ], [ 287322.936932693235576, 2763370.958360115997493 ], [ 289029.244205347262323, 2764416.454789562616497 ], [ 288720.307742518023588, 2764716.953900762367994 ], [ 288913.463495538337156, 2765330.70194450719282 ], [ 288913.463495538337156, 2765330.70194450719282 ], [ 289626.679928177443799, 2765036.95274017797783 ], [ 290273.834267156373244, 2765759.950361257884651 ], [ 290930.269720271055121, 2765923.699730443768203 ], [ 290617.552069924073294, 2766478.198053121566772 ], [ 289644.492783023626544, 2767174.946049914695323 ], [ 289739.586311313672923, 2767583.944756449665874 ], [ 291355.800012272608001, 2767864.943588274065405 ], [ 291707.048945537710097, 2768073.942871418781579 ], [ 290837.676797804189846, 2768619.691330134868622 ], [ 290064.491902131121606, 2769472.438814301975071 ], [ 290516.615519539802335, 2769683.438076842576265 ], [ 290409.17843734723283, 2770088.936835352797061 ], [ 289642.524695267667994, 2770584.935430709738284 ], [ 289642.524695267667994, 2770584.935430709738284 ], [ 290199.991684274747968, 2770543.435460794717073 ], [ 291055.14530893455958, 2770863.184313206002116 ], [ 290547.553172619605903, 2770956.434115884359926 ], [ 289782.899391957034823, 2771300.183185835834593 ], [ 290438.303615432232618, 2771463.432562455534935 ], [ 290587.021939071069937, 2771669.681896024383605 ], [ 289722.649698739754967, 2771909.931305521633476 ], [ 289063.464284529094584, 2772000.931138989981264 ], [ 289007.964516309089959, 2772305.43020509975031 ], [ 289259.369998062960804, 2772411.429833167232573 ], [ 289353.526040580414701, 2772870.928394191432744 ], [ 289353.526040580414701, 2772870.928394191432744 ], [ 289100.308083249547053, 2772866.928450673818588 ], [ 288749.87164201727137, 2772657.929158259183168 ], [ 288337.623018112732098, 2773108.927833020221442 ], [ 287484.500604551343713, 2772636.929437211714685 ], [ 287017.720944431261159, 2773341.927332963328809 ], [ 287017.720944431261159, 2773341.927332963328809 ], [ 286008.317825789621565, 2773173.178018282167614 ], [ 285952.880552561953664, 2773477.677085408009589 ], [ 285141.289367324789055, 2773617.176781970541924 ], [ 285792.912400186876766, 2774034.925388725474477 ], [ 285637.694170534668956, 2774236.174791587051004 ], [ 285637.694170534668956, 2774236.174791587051004 ], [ 285437.976018257439137, 2774080.175304966047406 ], [ 285383.444982356799301, 2774333.674530594609678 ], [ 285383.444982356799301, 2774333.674530594609678 ], [ 284731.978190409310628, 2773865.426077983807772 ], [ 284524.822647757129744, 2774218.425019257236272 ], [ 285028.539849786960986, 2774379.174445427954197 ], [ 285109.789669573830906, 2774812.423095703125 ], [ 284965.352657806186471, 2775030.172446321696043 ], [ 283747.762767595646437, 2775376.421563688199967 ], [ 283282.045585490763187, 2776082.169458395801485 ], [ 282162.236638364382088, 2776471.168422689195722 ], [ 280742.866089317714795, 2776652.668060869909823 ], [ 280634.022753882105462, 2777159.916515627410263 ], [ 279973.39983885345282, 2777352.916010514367372 ], [ 279973.39983885345282, 2777352.916010514367372 ], [ 279520.526225663546938, 2777193.416560021229088 ], [ 279259.308367879770231, 2777749.164886265527457 ], [ 278648.622801704157609, 2777994.164211571216583 ], [ 278794.8411471027066, 2778352.663092894013971 ], [ 278787.747483168379404, 2778810.911688364110887 ], [ 279794.963151458534412, 2779131.660575800109655 ], [ 280244.149317968636751, 2779545.909247460309416 ], [ 280244.149317968636751, 2779545.909247460309416 ], [ 282623.079428667144384, 2779481.659114808309823 ], [ 283126.609142471163068, 2779641.908551056403667 ], [ 284135.449800340807997, 2779861.907727594021708 ], [ 285997.85038892616285, 2780502.405479360837489 ], [ 286499.505131997808348, 2780765.154595422558486 ], [ 286902.191414012166206, 2780924.154044144321233 ], [ 288608.248801976442337, 2781817.151031704153866 ], [ 289413.621364591352176, 2782084.900075365323573 ], [ 291850.958122182637453, 2784720.891612531151623 ], [ 291483.990663535543717, 2785529.139227475039661 ], [ 291273.178922544524539, 2786085.63757909135893 ], [ 290964.679928975936491, 2786385.636726655066013 ], [ 291365.303752469830215, 2786646.885862191673368 ], [ 291921.239549758553039, 2786656.385730469599366 ], [ 292271.082280465692747, 2786916.634877128060907 ], [ 292459.863130768935662, 2787784.882215772289783 ], [ 293995.858859032392502, 2789795.625853268429637 ], [ 294643.607006655307487, 2790366.624006111640483 ], [ 294633.950918310380075, 2790977.122171563562006 ], [ 294982.699924288550392, 2791288.121167102828622 ], [ 295069.637360470602289, 2792206.118393215350807 ], [ 295362.761605237668846, 2792821.866487462073565 ] ], [ [ 306393.508367273258045, 2789142.625037119723856 ], [ 305785.978982733795419, 2789183.12506788643077 ], [ 305785.978982733795419, 2789183.12506788643077 ], [ 305640.791815201577265, 2788773.126340874936432 ], [ 305546.13575795921497, 2788415.627443392761052 ], [ 305555.291828947083559, 2787855.379133211448789 ], [ 305000.60599596198881, 2787744.129606810864061 ], [ 304904.949956757307518, 2787436.880559194367379 ], [ 304562.544564546551555, 2786718.132817787583917 ], [ 304112.202125753741711, 2786455.883721532765776 ], [ 303915.015149511629716, 2786147.134704456664622 ], [ 303157.048707882640883, 2786082.885081096552312 ], [ 302655.893928090401459, 2785819.885997027624398 ], [ 302664.956257166457362, 2785259.887693219818175 ], [ 302321.2384064013022, 2784643.139646480325609 ], [ 301610.865625858888961, 2784783.639385064598173 ], [ 301104.648442551377229, 2784825.889373168814927 ], [ 300849.555513359548058, 2784974.388980621937662 ], [ 300849.555513359548058, 2784974.388980621937662 ], [ 300207.869747165881563, 2783996.142097561620176 ], [ 299860.183217420883011, 2783582.893432426732033 ], [ 299216.310003553517163, 2782757.396088274661452 ], [ 298616.436743284866679, 2782289.147646572440863 ], [ 298067.157091569621116, 2781872.649035457521677 ], [ 297772.001634067040868, 2781358.650667597539723 ], [ 297325.471634079935029, 2780791.152495913673192 ], [ 296935.503880494157784, 2779868.405400177463889 ], [ 296536.66128436481813, 2779505.406594743486494 ], [ 296341.068048465589527, 2779094.907892869319767 ], [ 296400.661487714329269, 2778535.909594238735735 ], [ 296256.005583462596405, 2778075.161037874408066 ], [ 296363.536408210173249, 2777670.162259066477418 ], [ 296623.597996888856869, 2777216.163600064348429 ], [ 296982.253074300242588, 2776967.664289017673582 ], [ 297491.563944138702936, 2776772.914780425839126 ], [ 298202.3116982638021, 2776631.915061993990093 ], [ 298910.215746701869648, 2776644.164870677050203 ], [ 298910.215746701869648, 2776644.164870677050203 ], [ 299470.370205778162926, 2776449.915345140267164 ], [ 300234.961490605084691, 2776106.916230392176658 ], [ 300805.272002369631082, 2775251.418737129773945 ], [ 300954.115162724861875, 2774745.170264626387507 ], [ 301073.364689814159647, 2774339.671489026397467 ], [ 301290.80117476725718, 2772991.425606393255293 ], [ 301108.176550960924942, 2772202.428091054782271 ], [ 300927.301910767622758, 2771363.680732431355864 ], [ 300621.021510223217774, 2770907.432217889465392 ], [ 299909.023637243022677, 2770453.933786364272237 ], [ 299366.650315176812001, 2770340.184260248672217 ], [ 299016.338866911246441, 2770130.684988507535309 ], [ 298919.651598165801261, 2769823.685964116826653 ], [ 298976.495072662306484, 2769417.187216015532613 ], [ 299347.337412703898735, 2768405.940283562988043 ], [ 299253.306361510534771, 2767996.941579239442945 ], [ 298702.683000799792353, 2767580.442999182734638 ], [ 299011.931940658309031, 2767229.194027959834784 ], [ 299365.962085711071268, 2767286.193772110156715 ], [ 299365.962085711071268, 2767286.193772110156715 ], [ 300132.022069647966418, 2766892.194831885863096 ], [ 300537.052041011804249, 2766899.194718807470053 ], [ 300904.707262907119002, 2767441.942940574139357 ], [ 301329.33105616964167, 2767981.441160167101771 ], [ 301781.110946381289978, 2768243.690238197334111 ], [ 301781.110946381289978, 2768243.690238197334111 ], [ 302238.078231099876575, 2768149.690424743574113 ], [ 303270.637162435799837, 2766945.943937156349421 ], [ 303534.323754940531217, 2766660.694765088614076 ], [ 303582.917294541024603, 2766442.445435645058751 ], [ 303641.88572572224075, 2765934.197010846342891 ], [ 303449.198689625773113, 2765371.198819188866764 ], [ 303306.761482184228953, 2764757.700775294099003 ], [ 303559.166946197103243, 2764813.200540910940617 ], [ 304056.821767350542359, 2765381.698639871552587 ], [ 304056.821767350542359, 2765381.698639871552587 ], [ 304310.38345180475153, 2765335.198723744601011 ], [ 304165.852538668026682, 2764874.70020144013688 ], [ 304424.257889901055023, 2764573.70108213275671 ], [ 304789.162993556004949, 2764615.450861683581024 ], [ 305140.786747875623405, 2764127.952303966041654 ], [ 305796.159726023906842, 2764343.20146555127576 ], [ 305796.159726023906842, 2764343.20146555127576 ], [ 306052.658857986563817, 2764143.952026156708598 ], [ 306008.877636042365339, 2763735.95331757934764 ], [ 306065.971094192762394, 2763329.704578877426684 ], [ 306434.375952204922214, 2762521.707025573123246 ], [ 306898.593086969573051, 2762020.958482975605875 ], [ 307760.777831768558826, 2761985.2083734665066 ], [ 308212.870202017074917, 2762196.707589892204851 ], [ 308212.870202017074917, 2762196.707589892204851 ], [ 309028.367522943764925, 2761905.708291048184037 ], [ 309836.739982596423943, 2762021.957709225360304 ], [ 309836.739982596423943, 2762021.957709225360304 ], [ 310098.520252105663531, 2761517.709226305130869 ], [ 311511.265864932967816, 2761899.207638562191278 ], [ 312366.481988883286249, 2762219.706391553860158 ], [ 312612.700080421287566, 2762631.455027112271637 ], [ 311693.265636838565115, 2763072.953896343242377 ], [ 311693.265636838565115, 2763072.953896343242377 ], [ 311238.048331328260247, 2763064.954047426581383 ], [ 310573.331795403850265, 2763409.453147206455469 ], [ 310464.269775757857133, 2763865.701744398102164 ], [ 310606.613239303347655, 2764428.19994108332321 ], [ 310852.831329839071259, 2764839.698583807330579 ], [ 310438.36405578936683, 2765392.446965431794524 ], [ 310631.738594043650664, 2765904.695309541653842 ], [ 310372.989515983499587, 2766256.444279762916267 ], [ 310161.115348485589493, 2766812.442599282134324 ], [ 310275.677653442544397, 2767383.440785246901214 ], [ 310706.457572889397852, 2767484.190353627782315 ], [ 310950.613203881483059, 2767997.438685690052807 ], [ 311909.078996628406458, 2768217.937733273487538 ], [ 311909.078996628406458, 2768217.937733273487538 ], [ 312975.638077103823889, 2768033.688008080236614 ], [ 313475.011630227905698, 2768449.936568572185934 ], [ 313926.572788307676092, 2768712.435621303040534 ], [ 313926.572788307676092, 2768712.435621303040534 ], [ 314486.477213724749163, 2768519.186061412096024 ], [ 315197.849927545408718, 2768379.436289156321436 ], [ 317014.969309822539799, 2768717.934693394694477 ], [ 317154.719102642848156, 2769433.182424507569522 ], [ 315843.504373724805191, 2769103.683842810802162 ], [ 314929.694793970207684, 2769239.933687860611826 ], [ 313955.573076349915937, 2769934.93180865328759 ], [ 312630.6398904673988, 2770419.680679457262158 ], [ 312264.078755835187621, 2771125.928589696995914 ], [ 312152.798038776731119, 2771734.676732792984694 ], [ 312604.484186568239238, 2771946.675948801450431 ], [ 312756.702577797288541, 2772335.674700621049851 ], [ 312228.360707188956439, 2773077.172553930431604 ], [ 312475.516333948879037, 2773572.920951610896736 ], [ 312727.734312148299068, 2773628.670708236750215 ], [ 312617.67231022490887, 2774135.169174342881888 ], [ 312968.452528502675705, 2774345.668425275944173 ], [ 313111.577238099649549, 2774857.166806011460721 ], [ 313407.326457596558612, 2775320.415293225087225 ], [ 313086.609002192039043, 2776281.912422906141728 ], [ 313078.140434287313838, 2776790.660860013216734 ], [ 311644.895175821322482, 2777732.158368584699929 ], [ 310273.024535714415833, 2778063.907726147212088 ], [ 310080.244067761639599, 2778692.655849333386868 ], [ 310647.80513306776993, 2779801.402298545464873 ], [ 311000.46032275329344, 2779909.401871744543314 ], [ 311144.585013140982483, 2780370.150422629900277 ], [ 310987.085590048867743, 2780672.649540956597775 ], [ 310980.679480373335537, 2781079.898298311512917 ], [ 310264.838073338498361, 2781525.147133815102279 ], [ 310158.11974159051897, 2781828.646236469503492 ], [ 309845.714617190416902, 2782383.144629643298686 ], [ 309381.028709622099996, 2782934.643073690589517 ], [ 309575.184494598710444, 2783396.141616848297417 ], [ 309411.372703756671399, 2784105.889501821249723 ], [ 308620.219434130820446, 2786026.383882616646588 ], [ 308749.156916501990054, 2787351.879835835658014 ], [ 308443.032909747911617, 2787550.129317031707615 ], [ 308443.032909747911617, 2787550.129317031707615 ], [ 308005.190471614652779, 2787450.879731451626867 ], [ 306825.350352119479794, 2787521.629821704700589 ], [ 306756.382107244862709, 2788589.37661393173039 ], [ 306393.508367273258045, 2789142.625037119723856 ] ] ] ] } },
{ "type": "Feature", "properties": { "AREA": 185207013.91210899, "AREA_HA": 18520.701391, "ID": 21, "縣市名稱": "台南市" }, "geometry": { "type": "MultiPolygon", "coordinates": [ [ [ [ 165283.099579141155118, 2553646.960294344928116 ], [ 165644.785741523926845, 2553193.462326324079186 ], [ 166258.408214914757991, 2553047.963174512144178 ], [ 166761.890239422471495, 2553613.461016110144556 ], [ 167377.700326488557039, 2553162.963132005184889 ], [ 168601.679558157396968, 2553126.713753925636411 ], [ 168503.055095027957577, 2552820.214993352536112 ], [ 167997.119851702445885, 2552508.966096775606275 ], [ 168104.041457319137407, 2552052.468041699845344 ], [ 169224.177311290201033, 2552167.217990548815578 ], [ 169778.393502692575566, 2552733.715837799012661 ], [ 170286.328819598944392, 2552841.715578326489776 ], [ 170286.328819598944392, 2552841.715578326489776 ], [ 171312.684096886776388, 2552243.718452996574342 ], [ 171927.41597254620865, 2551996.969708332791924 ], [ 172748.03769740392454, 2551498.222088836599141 ], [ 172354.617945245001465, 2550272.477065848186612 ], [ 170785.124939704721328, 2549337.730397508479655 ], [ 169937.801057205302641, 2547648.737155703362077 ], [ 168824.165440452314215, 2546923.239777603186667 ], [ 169646.255915964895394, 2546373.492396831978112 ], [ 170001.379347020993009, 2546530.241872413083911 ], [ 170001.379347020993009, 2546530.241872413083911 ], [ 170468.908904374606209, 2545772.995228054467589 ], [ 170827.891810891247587, 2545624.745984784327447 ], [ 170986.31320706999395, 2545117.74817505851388 ], [ 170941.876110883284127, 2544558.000513153150678 ], [ 171761.325880546646658, 2544211.502274149563164 ], [ 172432.1670207977877, 2543558.505269612651318 ], [ 172736.993807681952603, 2543664.004935894161463 ], [ 172736.993807681952603, 2543664.004935894161463 ], [ 172741.134567608125508, 2543257.256651229225099 ], [ 172960.368502071854891, 2541937.262297902721912 ], [ 172092.49717157316627, 2542028.261597987264395 ], [ 172092.49717157316627, 2542028.261597987264395 ], [ 171654.921612427046057, 2540191.769196356181055 ], [ 169922.554088445613161, 2540018.019287026487291 ], [ 169519.977886184933595, 2539504.271309391595423 ], [ 169531.696983428671956, 2538487.025621950160712 ], [ 168208.093367237073835, 2538267.526048170402646 ], [ 167859.079523795575369, 2537551.278951162006706 ], [ 168115.703482400742359, 2537401.779684125445783 ], [ 167968.126193771138787, 2536891.531793050933629 ], [ 167308.254152287554462, 2536578.282868046313524 ], [ 167013.80270314932568, 2535557.287092390470207 ], [ 166503.492399649549043, 2535551.286918476689607 ], [ 165338.43522829777794, 2534774.28976416727528 ], [ 165017.982938165747328, 2536093.28402758622542 ], [ 165204.60648620093707, 2537672.277398450300097 ], [ 165086.215761271392694, 2539146.521103620994836 ], [ 164411.561959874699824, 2540206.516348232980818 ], [ 164146.10958981825388, 2541119.262383237946779 ], [ 163112.42595376225654, 2542429.756432369351387 ], [ 162335.585067285166588, 2543489.251647869125009 ], [ 161150.824014437384903, 2544594.496504225302488 ], [ 159247.378283466474386, 2546200.738950651139021 ], [ 158167.538764071709011, 2547002.23512415913865 ], [ 157038.230719225335633, 2547752.731487597338855 ], [ 155805.204286674328614, 2548654.477168906014413 ], [ 154628.943486822332488, 2548997.725209547206759 ], [ 154628.943486822332488, 2548997.725209547206759 ], [ 153762.915933308540843, 2548937.225074309390038 ], [ 153157.543787923641503, 2548319.977385720703751 ], [ 153555.635395594465081, 2549291.223499060142785 ], [ 154414.037628822406987, 2550114.470441499724984 ], [ 154660.114334917394444, 2550930.967139528132975 ], [ 156025.529968251066748, 2551963.713433689903468 ], [ 157891.802489672292722, 2553866.956315992865711 ], [ 159363.842933903128142, 2554392.454759330954403 ], [ 163184.92058386161807, 2554436.206166016869247 ], [ 163184.92058386161807, 2554436.206166016869247 ], [ 163798.464937845157692, 2554290.707020053640008 ], [ 164660.898677310324274, 2554606.206054553389549 ], [ 164660.898677310324274, 2554606.206054553389549 ], [ 164821.757669366896152, 2553895.709075037855655 ], [ 165283.099579141155118, 2553646.960294344928116 ] ] ] ] } },
{ "type": "Feature", "properties": { "AREA": 2044381633.25195, "AREA_HA": 204438.163325, "ID": 20, "縣市名稱": "台南縣" }, "geometry": { "type": "MultiPolygon", "coordinates": [ [ [ [ 194653.728395085257944, 2544457.758435239549726 ], [ 194570.776020123768831, 2542981.514631896745414 ], [ 194163.824644063366577, 2542925.264762088656425 ], [ 194025.044290020829067, 2541804.019455677364022 ], [ 193515.577729231765261, 2541746.269564184360206 ], [ 193308.453543602634454, 2541998.018446234054863 ], [ 193052.829620805074228, 2542045.268178204540163 ], [ 193052.829620805074228, 2542045.268178204540163 ], [ 192059.771946692693746, 2539945.776780351530761 ], [ 191524.040412793227006, 2538005.784849796909839 ], [ 191173.604575517791091, 2537441.287147135008126 ], [ 190080.000544747832464, 2535188.296412159223109 ], [ 189222.426319647376658, 2534464.549247932620347 ], [ 189063.270604676014045, 2534970.547048779670149 ], [ 188594.663174437329872, 2535205.795912810601294 ], [ 188392.742054597882088, 2535583.044249899219722 ], [ 187879.525497747556074, 2535623.043930026236922 ], [ 187879.525497747556074, 2535623.043930026236922 ], [ 187447.386796405131463, 2535402.794739534147084 ], [ 187120.57567770400783, 2535479.044318740256131 ], [ 187120.57567770400783, 2535479.044318740256131 ], [ 186632.499686818162445, 2535360.044679604005069 ], [ 186222.564051336667035, 2535028.795965944882482 ], [ 185713.300655697559705, 2534901.796352675650269 ], [ 185786.737963019870222, 2534506.798055972438306 ], [ 185867.143995277641807, 2534095.049833635799587 ], [ 185505.73934347674367, 2533959.050303439609706 ], [ 185389.380563972430537, 2533657.551552657037973 ], [ 184829.414249382913113, 2533582.051703118719161 ], [ 184332.385424197709654, 2532690.80535015463829 ], [ 183972.730751804076135, 2532606.555597936734557 ], [ 183947.777897290041437, 2532098.557758236769587 ], [ 183695.778980619419599, 2532110.557628358714283 ], [ 183505.951589279837208, 2532374.806441271211952 ], [ 183505.951589279837208, 2532374.806441271211952 ], [ 182577.268230625602882, 2531959.557920960709453 ], [ 182029.114303824753733, 2532087.307200835552067 ], [ 181482.991583605180494, 2532317.306043825112283 ], [ 180965.556033887871308, 2533157.80229090899229 ], [ 180965.556033887871308, 2533157.80229090899229 ], [ 180697.244733990344685, 2533027.55275907786563 ], [ 180392.855470793700079, 2532880.05328869773075 ], [ 180053.872447776899207, 2533202.051804251037538 ], [ 179758.779912407364463, 2533369.300994019489735 ], [ 179758.779912407364463, 2533369.300994019489735 ], [ 178895.674294871685561, 2533257.301184546668082 ], [ 177943.803345062042354, 2533405.050234301947057 ], [ 177943.803345062042354, 2533405.050234301947057 ], [ 177586.711145597073482, 2533371.050257916562259 ], [ 176885.510975597280776, 2533558.049220913555473 ], [ 176182.513955309899757, 2533694.298397650942206 ], [ 176182.513955309899757, 2533694.298397650942206 ], [ 176103.061372188734822, 2533137.800742061808705 ], [ 176087.452173818048323, 2532833.05203625606373 ], [ 175537.032625670108246, 2532961.301297328434885 ], [ 175097.971899590018438, 2533288.299749035388231 ], [ 174800.332514836889459, 2533404.549148490186781 ], [ 174045.44511049753055, 2533491.798508532345295 ], [ 174045.44511049753055, 2533491.798508532345295 ], [ 174115.898158229625551, 2532877.551152562722564 ], [ 173548.791312929533888, 2532649.80192110221833 ], [ 172828.325352483981987, 2533497.798045175150037 ], [ 172385.42088821931975, 2533823.296497272327542 ], [ 171576.299243795132497, 2534163.544751473236829 ], [ 171505.45548786863219, 2534979.541251834016293 ], [ 171149.191292645205976, 2535248.039978031534702 ], [ 171149.191292645205976, 2535248.039978031534702 ], [ 170827.833333654620219, 2535159.540235283318907 ], [ 169891.540787627804093, 2534383.043189782649279 ], [ 169517.511082705314038, 2534549.542340027168393 ], [ 168544.53061919589527, 2535248.288996964693069 ], [ 167634.565707018104149, 2535437.787841177079827 ], [ 167013.80270314932568, 2535557.287092390470207 ], [ 167308.254152287554462, 2536578.282868046313524 ], [ 167968.126193771138787, 2536891.531793050933629 ], [ 168115.703482400742359, 2537401.779684125445783 ], [ 167859.079523795575369, 2537551.278951162006706 ], [ 168208.093367237073835, 2538267.526048170402646 ], [ 169531.696983428671956, 2538487.025621950160712 ], [ 169519.977886184933595, 2539504.271309391595423 ], [ 169922.554088445613161, 2540018.019287026487291 ], [ 171654.921612427046057, 2540191.769196356181055 ], [ 172092.49717157316627, 2542028.261597987264395 ], [ 172092.49717157316627, 2542028.261597987264395 ], [ 172960.368502071854891, 2541937.262297902721912 ], [ 172741.134567608125508, 2543257.256651229225099 ], [ 172736.993807681952603, 2543664.004935894161463 ], [ 172736.993807681952603, 2543664.004935894161463 ], [ 172432.1670207977877, 2543558.505269612651318 ], [ 171761.325880546646658, 2544211.502274149563164 ], [ 170941.876110883284127, 2544558.000513153150678 ], [ 170986.31320706999395, 2545117.74817505851388 ], [ 170827.891810891247587, 2545624.745984784327447 ], [ 170468.908904374606209, 2545772.995228054467589 ], [ 170001.379347020993009, 2546530.241872413083911 ], [ 170001.379347020993009, 2546530.241872413083911 ], [ 169646.255915964895394, 2546373.492396831978112 ], [ 168824.165440452314215, 2546923.239777603186667 ], [ 169937.801057205302641, 2547648.737155703362077 ], [ 170785.124939704721328, 2549337.730397508479655 ], [ 172354.617945245001465, 2550272.477065848186612 ], [ 172748.03769740392454, 2551498.222088836599141 ], [ 171927.41597254620865, 2551996.969708332791924 ], [ 171312.684096886776388, 2552243.718452996574342 ], [ 170286.328819598944392, 2552841.715578326489776 ], [ 170286.328819598944392, 2552841.715578326489776 ], [ 169778.393502692575566, 2552733.715837799012661 ], [ 169224.177311290201033, 2552167.217990548815578 ], [ 168104.041457319137407, 2552052.468041699845344 ], [ 167997.119851702445885, 2552508.966096775606275 ], [ 168503.055095027957577, 2552820.214993352536112 ], [ 168601.679558157396968, 2553126.713753925636411 ], [ 167377.700326488557039, 2553162.963132005184889 ], [ 166761.890239422471495, 2553613.461016110144556 ], [ 166258.408214914757991, 2553047.963174512144178 ], [ 165644.785741523926845, 2553193.462326324079186 ], [ 165283.099579141155118, 2553646.960294344928116 ], [ 164821.757669366896152, 2553895.709075037855655 ], [ 164660.898677310324274, 2554606.206054553389549 ], [ 164660.898677310324274, 2554606.206054553389549 ], [ 163798.464937845157692, 2554290.707020053640008 ], [ 163184.92058386161807, 2554436.206166016869247 ], [ 163184.92058386161807, 2554436.206166016869247 ], [ 159363.842933903128142, 2554392.454759330954403 ], [ 157891.802489672292722, 2553866.956315992865711 ], [ 156025.529968251066748, 2551963.713433689903468 ], [ 154660.114334917394444, 2550930.967139528132975 ], [ 154414.037628822406987, 2550114.470441499724984 ], [ 153555.635395594465081, 2549291.223499060142785 ], [ 153157.543787923641503, 2548319.977385720703751 ], [ 152937.012682720291195, 2549996.47026875987649 ], [ 152525.232984474248951, 2550398.968398651573807 ], [ 151944.922045673505636, 2552274.710302106104791 ], [ 152041.218223347328603, 2552886.457796120550483 ], [ 152137.155052459886065, 2553446.955505114514381 ], [ 151066.425170946342405, 2553486.454847493674606 ], [ 150989.142999887204496, 2556079.944027990568429 ], [ 152103.919270168436924, 2556702.441958292387426 ], [ 153268.507790214353008, 2557427.439482275862247 ], [ 154483.783605946693569, 2558152.937023048754781 ], [ 156162.135799208073877, 2558476.936425471212715 ], [ 156147.854006415349431, 2559799.430948404595256 ], [ 156141.572504485986428, 2560409.928423071280122 ], [ 155375.044345729402266, 2560655.677069852594286 ], [ 155090.934846672113054, 2563501.415212392807007 ], [ 154626.436477618204663, 2564157.412306775804609 ], [ 154567.764517024188535, 2564869.159354989416897 ], [ 155064.636885543266544, 2566095.404541548341513 ], [ 155160.870626204385189, 2566605.152493569999933 ], [ 155713.758627786184661, 2567323.649793421383947 ], [ 156061.366165201063268, 2568192.396389286965132 ], [ 156203.286965045146644, 2569262.392075405921787 ], [ 157117.18936085284804, 2569425.141809551045299 ], [ 157255.79752042889595, 2570851.136047347448766 ], [ 157557.108614905213472, 2571210.634711576625705 ], [ 157803.95100331059075, 2571976.381697131320834 ], [ 158106.621537847415311, 2572183.380984344054013 ], [ 158256.089534897910198, 2572490.37979832617566 ], [ 158559.978838169336086, 2572646.629292652476579 ], [ 158659.618961928586941, 2572851.12850292539224 ], [ 158401.854241756373085, 2573204.126956090796739 ], [ 158495.134745683346409, 2574018.873683041427284 ], [ 159507.411625400534831, 2574488.122207844164222 ], [ 159505.067773105867673, 2574742.871172317769378 ], [ 159702.894838753156364, 2575304.618975731544197 ], [ 158370.274934148561442, 2576154.614960654173046 ], [ 158315.821851743996376, 2576560.863290728069842 ], [ 159477.801142390002497, 2577286.110849192831665 ], [ 158300.055634693038883, 2578035.857312912587076 ], [ 159303.363439587876201, 2579369.85235018003732 ], [ 159747.767291240365012, 2580697.597181247081608 ], [ 159791.173051922058221, 2581410.344327331986278 ], [ 160820.778752232930856, 2580201.099634366109967 ], [ 162244.476035207568202, 2580268.349953036755323 ], [ 162244.476035207568202, 2580268.349953036755323 ], [ 162912.270417110034032, 2579716.35245395032689 ], [ 162918.801898439589422, 2579106.104920628946275 ], [ 163325.393984119029483, 2579110.855067062191665 ], [ 163325.393984119029483, 2579110.855067062191665 ], [ 163584.439969550468959, 2578706.856804305687547 ], [ 164449.170803422282916, 2578716.857112346217036 ], [ 165221.011727754230378, 2577912.110674279276282 ], [ 165740.431890073639806, 2576900.614974358584732 ], [ 166456.007202450244222, 2576603.866457804571837 ], [ 166814.193293703254312, 2576455.617198537103832 ], [ 166964.926988379185786, 2576609.866632266435772 ], [ 166754.521355328557547, 2577217.864087817724794 ], [ 166953.020356469554827, 2577678.112302189227194 ], [ 166953.020356469554827, 2577678.112302189227194 ], [ 167722.079906708066119, 2577178.86462107533589 ], [ 168539.639194142102497, 2576832.116339191328734 ], [ 169253.261305709456792, 2576738.866988342721015 ], [ 170115.085775586398086, 2577054.366035174112767 ], [ 170765.004612631601049, 2578028.862333838362247 ], [ 171459.48554062328185, 2579614.606183064170182 ], [ 172160.216665520070819, 2580640.352301831357181 ], [ 172160.216665520070819, 2580640.352301831357181 ], [ 172872.385650681739207, 2580598.352729978971183 ], [ 173885.537630856299074, 2580966.851608816534281 ], [ 174641.674945506791119, 2581586.599380736239254 ], [ 174988.907626010855893, 2582354.0964136547409 ], [ 174477.597116962395376, 2582601.595237302128226 ], [ 174975.922896278701955, 2583473.091909599490464 ], [ 174975.922896278701955, 2583473.091909599490464 ], [ 176100.68412576103583, 2582978.344291511923075 ], [ 177064.461378836916992, 2583193.593758545815945 ], [ 177010.336508951644646, 2583447.592719117645174 ], [ 176853.212004037835868, 2583852.341039120685309 ], [ 176697.681296219787328, 2584104.839971754234284 ], [ 176895.258437091310043, 2584616.087987538427114 ], [ 177139.600906038394896, 2585433.084794616792351 ], [ 177645.036246456438676, 2585744.833717485889792 ], [ 179370.685422827693401, 2585969.833395625930279 ], [ 179864.839252039935673, 2587197.078646344132721 ], [ 180271.196980663924478, 2587202.328758839517832 ], [ 180271.196980663924478, 2587202.328758839517832 ], [ 180478.243102701293537, 2586950.579833775758743 ], [ 181747.722299437242327, 2587068.579772837925702 ], [ 182451.203607247123728, 2587738.827317046001554 ], [ 183102.278832011244958, 2588561.324236558284611 ], [ 184168.821361124457326, 2588676.82410825509578 ], [ 185487.159700671385508, 2588948.57342760451138 ], [ 187166.652878564083949, 2589081.073402286972851 ], [ 187979.462078537151683, 2589142.823394807055593 ], [ 188789.224355971527984, 2589407.822572364006191 ], [ 189696.923650677548721, 2589979.57055221311748 ], [ 189696.923650677548721, 2589979.57055221311748 ], [ 189904.641651234065648, 2589677.321816271170974 ], [ 190410.577064240816981, 2589836.571323832031339 ], [ 190410.577064240816981, 2589836.571323832031339 ], [ 190828.153751941688824, 2588977.324868648312986 ], [ 191586.603725497960113, 2589292.573820707388222 ], [ 192044.367501445754897, 2589298.573922438547015 ], [ 192595.193217115593143, 2589967.571404214948416 ], [ 193102.831793401448522, 2589974.071515088900924 ], [ 193102.831793401448522, 2589974.071515088900924 ], [ 194843.528152370330645, 2589030.825737927574664 ], [ 196327.053608101705322, 2588286.579090972896665 ], [ 196642.240044649370247, 2587476.33240917371586 ], [ 197201.847181154589634, 2587380.832931433804333 ], [ 198158.624405551556265, 2588001.3306874060072 ], [ 198158.624405551556265, 2588001.3306874060072 ], [ 198616.825702844857005, 2587905.331182827241719 ], [ 198735.153639810509048, 2586739.335875057149678 ], [ 197774.548245833284454, 2586371.837111256550997 ], [ 197323.03455444535939, 2585959.838649454060942 ], [ 197436.90931315367925, 2585097.592133831698447 ], [ 197888.438627697032643, 2585510.090591751039028 ], [ 197888.438627697032643, 2585510.090591751039028 ], [ 198914.356492164370138, 2584914.343230876605958 ], [ 199368.432711316912901, 2585175.092294421046972 ], [ 199368.432711316912901, 2585175.092294421046972 ], [ 200352.819672547338996, 2583815.847983175422996 ], [ 200204.945359587058192, 2583458.099385662004352 ], [ 199594.885340355336666, 2583449.599275099579245 ], [ 199550.823156601662049, 2582889.351516659371555 ], [ 200271.757882781908847, 2582237.60430949088186 ], [ 201086.520226347667631, 2582095.605071149300784 ], [ 203137.074689048691653, 2580745.360975794028491 ], [ 202942.372497491684044, 2580133.113401631824672 ], [ 202240.297391157306265, 2579464.615942155010998 ], [ 201486.034991223190445, 2578844.618274704553187 ], [ 201447.691626035579247, 2577876.622179687023163 ], [ 201714.956408059719251, 2576809.626560496166348 ], [ 201313.817535620677518, 2576344.878351534251124 ], [ 201266.145916339068208, 2576089.629375312011689 ], [ 201344.161664953251602, 2574212.637011911720037 ], [ 201922.753356741508469, 2572848.142693604342639 ], [ 202286.26761458319379, 2572293.645033879205585 ], [ 201990.83152206329396, 2571473.398309248033911 ], [ 201032.632531137118349, 2570693.901268601417542 ], [ 201708.72371609165566, 2569739.655320598278195 ], [ 202218.612233589403331, 2569748.155401800293475 ], [ 202218.612233589403331, 2569748.155401800293475 ], [ 204115.338985489943298, 2568810.409656195435673 ], [ 204937.445082164485939, 2568262.162076684646308 ], [ 205802.363399292284157, 2568170.912633329164237 ], [ 206359.611060584837105, 2568329.662099931854755 ], [ 206359.611060584837105, 2568329.662099931854755 ], [ 207022.280214445956517, 2568236.412617870606482 ], [ 207626.621358087140834, 2568755.41061699949205 ], [ 208230.431236223841552, 2569376.908196572680026 ], [ 208673.366670286166482, 2570555.403470859862864 ], [ 208673.366670286166482, 2570555.403470859862864 ], [ 209198.536619523540139, 2569341.908529797103256 ], [ 209914.14306633619708, 2569200.159247160889208 ], [ 210530.04683849302819, 2568853.160782654769719 ], [ 212708.131452924222685, 2569595.908144951798022 ], [ 212708.131452924222685, 2569595.908144951798022 ], [ 213882.126683392125415, 2569153.160160426050425 ], [ 214033.20415733839036, 2569307.659554800018668 ], [ 214033.20415733839036, 2569307.659554800018668 ], [ 214697.076457541581476, 2569062.410670364275575 ], [ 214962.528597573109437, 2568405.913400357589126 ], [ 214613.014505939616356, 2567891.665446384809911 ], [ 214518.718117838841863, 2567329.667732279747725 ], [ 213812.533614295360167, 2566913.669316173996776 ], [ 213566.6909818702552, 2566351.921576960012317 ], [ 213371.598140278743813, 2565790.423847022932023 ], [ 213076.255734250560636, 2565125.926523759029806 ], [ 213289.520582272962201, 2564518.929055687971413 ], [ 212940.631498746864963, 2564005.431105710100383 ], [ 212845.616360613581492, 2563495.43318732874468 ], [ 212388.508896936662495, 2563438.183341326657683 ], [ 212243.462718768656487, 2562927.435418234206736 ], [ 211635.168414647865575, 2562714.93618309404701 ], [ 211286.841845611750614, 2562150.43844546796754 ], [ 210828.281256883230526, 2562143.688388138078153 ], [ 210329.486598016432254, 2561424.44126081187278 ], [ 210337.986680126108695, 2560813.943782189395279 ], [ 209277.506863043148769, 2560137.196374578401446 ], [ 208085.340403911250178, 2557983.205052147153765 ], [ 207793.279335767671, 2556961.459229170810431 ], [ 207496.7338408374344, 2556295.96193080348894 ], [ 206999.970502608746756, 2555321.965875166002661 ], [ 206502.675899800262414, 2554449.969398602377623 ], [ 205147.994441604620079, 2552852.475766067858785 ], [ 204698.027733559865737, 2552183.478458994999528 ], [ 202976.472727917338489, 2551136.482451689895242 ], [ 201967.539630305720493, 2550514.484822792001069 ], [ 201165.29324934259057, 2549538.7387187727727 ], [ 200006.204650800005766, 2548503.492781502660364 ], [ 199102.927517155592795, 2547317.747536062262952 ], [ 198092.775705634732731, 2546695.499901419039816 ], [ 197131.576778206363088, 2546226.501632609870285 ], [ 196793.891093537124107, 2544747.007767152972519 ], [ 195163.710543248715112, 2544675.257652646396309 ], [ 194653.728395085257944, 2544457.758435239549726 ] ] ] ] } },
{ "type": "Feature", "properties": { "AREA": 2161973488.9648399, "AREA_HA": 216197.34889600001, "ID": 5, "縣市名稱": "宜蘭縣" }, "geometry": { "type": "MultiPolygon", "coordinates": [ [ [ [ 344456.998788945900742, 2748842.237544425297529 ], [ 344760.435279053403065, 2748786.487593189347535 ], [ 344857.809845327341463, 2748530.488373734522611 ], [ 345265.902315041515976, 2748625.737891741562635 ], [ 345584.214157839480322, 2749435.485154387541115 ], [ 345584.214157839480322, 2749435.485154387541115 ], [ 345939.744253116834443, 2749429.985017474275082 ], [ 346594.335733683721628, 2749113.985745865385979 ], [ 346947.08451545634307, 2748955.486099906731397 ], [ 346938.303054482676089, 2748446.487738817930222 ], [ 347289.051769353216514, 2748135.488583849277347 ], [ 347178.458139096735977, 2747627.99026478594169 ], [ 346367.867076531576458, 2747742.490252288989723 ], [ 346367.867076531576458, 2747742.490252288989723 ], [ 345604.963263469282538, 2747652.74087310070172 ], [ 345000.059100749553181, 2747916.740285356063396 ], [ 344701.435236749995966, 2748277.989252438303083 ], [ 344456.998788945900742, 2748842.237544425297529 ] ] ], [ [ [ 325409.967187923204619, 2749785.491840337403119 ], [ 326068.121328019478824, 2749848.741412312258035 ], [ 326317.5580968404538, 2750057.240657988004386 ], [ 326872.587609436071943, 2750220.239943354390562 ], [ 326863.900308415293694, 2750678.238479086197913 ], [ 326863.900308415293694, 2750678.238479086197913 ], [ 327272.586431212432217, 2750533.238801123108715 ], [ 327417.836095943173859, 2750892.487599972169846 ], [ 327417.836095943173859, 2750892.487599972169846 ], [ 327926.459415411227383, 2750800.487715933471918 ], [ 328227.802250417065807, 2750958.987101983744651 ], [ 328818.269464283133857, 2751937.233763149473816 ], [ 328818.269464283133857, 2751937.233763149473816 ], [ 329173.924548450042494, 2751893.233776720706373 ], [ 329423.017593644908629, 2752152.482858743984252 ], [ 328939.769716136506759, 2753619.228350200224668 ], [ 329891.266894140338991, 2754248.476003199350089 ], [ 330184.484940130962059, 2754864.973934261128306 ], [ 330939.826366559660528, 2755133.972803327254951 ], [ 331647.792866328440141, 2755198.72233695583418 ], [ 331894.635966367204674, 2755559.721097808331251 ], [ 331894.635966367204674, 2755559.721097808331251 ], [ 332458.571516561030876, 2755214.471986018586904 ], [ 333370.006114826130215, 2755282.971426129806787 ], [ 334222.691068612970412, 2755757.719593657646328 ], [ 334767.064617985859513, 2756480.967088437173516 ], [ 335410.12539810774615, 2757308.214216381777078 ], [ 335811.905448919162154, 2757519.463391143362969 ], [ 336206.029424328240566, 2758087.461438348982483 ], [ 335642.093872308672871, 2758432.710564747452736 ], [ 335375.720017348998226, 2759140.208429994992912 ], [ 334706.628629722399637, 2759686.956959740258753 ], [ 335133.002923884021584, 2761272.951792428735644 ], [ 335837.063293808023445, 2761541.700673266779631 ], [ 336036.093996913987212, 2761749.199942382983863 ], [ 336741.216844762791879, 2761966.698982094880193 ], [ 337093.372020664450247, 2762075.698500401806086 ], [ 337093.372020664450247, 2762075.698500401806086 ], [ 337504.026860086771194, 2761829.449113151058555 ], [ 337961.462864967645146, 2761736.199225110467523 ], [ 339019.490889548382256, 2762062.697773334104568 ], [ 339576.426623298204504, 2762073.947512710466981 ], [ 340678.579646881378721, 2762706.695072539150715 ], [ 341172.609624518954661, 2763378.192759082186967 ], [ 341172.609624518954661, 2763378.192759082186967 ], [ 341679.764247032639105, 2763337.692676162812859 ], [ 341827.826369149552193, 2763544.191966084297746 ], [ 342077.575669941434171, 2763752.69120761519298 ], [ 342887.854357620468363, 2763769.440815456677228 ], [ 343796.445303939923178, 2763940.439894467126578 ], [ 344644.880402536538895, 2764568.687561920844018 ], [ 345957.063877292210236, 2764849.686114294454455 ], [ 346868.154751994647086, 2764868.935655747074634 ], [ 346868.154751994647086, 2764868.935655747074634 ], [ 347383.559158697491512, 2764420.936833016108721 ], [ 347035.247614816296846, 2764108.187967357691377 ], [ 346322.156213218462653, 2764297.187687128316611 ], [ 346322.156213218462653, 2764297.187687128316611 ], [ 345224.096805845561903, 2763460.440789725631475 ], [ 344925.441383395867888, 2763199.941736523061991 ], [ 343863.944696388149168, 2763076.442578739486635 ], [ 343365.258590543759055, 2762659.194101659581065 ], [ 343022.728149842121638, 2762041.446189663372934 ], [ 342778.853693907265551, 2761527.447910448070616 ], [ 342689.759951935964637, 2760914.94987802579999 ], [ 342086.699253591825254, 2760647.950972475577146 ], [ 341832.106335293501616, 2760693.700934207998216 ], [ 341832.106335293501616, 2760693.700934207998216 ], [ 341334.045237560756505, 2760276.702456456143409 ], [ 341242.98277907987358, 2759714.70426835026592 ], [ 340486.953845789888874, 2759495.955270554404706 ], [ 339883.455678353551775, 2759280.206198929809034 ], [ 339493.487816664623097, 2758457.958957837428898 ], [ 339554.893627484038007, 2757899.210701968986541 ], [ 339261.831820317776874, 2757333.462613255251199 ], [ 339270.175345181487501, 2756875.46406240016222 ], [ 338573.896036660531536, 2756199.966486860532314 ], [ 337981.053836149396375, 2755373.719349260441959 ], [ 337376.243209316628054, 2755208.720114183612168 ], [ 336040.559268290293403, 2753451.976233495865017 ], [ 335245.780214783735573, 2752570.729353784583509 ], [ 334659.375371220521629, 2751388.483358083758503 ], [ 334229.032446992699988, 2750005.487951622810215 ], [ 333840.5958293878939, 2749081.74106287304312 ], [ 333465.596383032039739, 2747445.496464343741536 ], [ 333092.97187340608798, 2745656.752369462046772 ], [ 332970.56553710415028, 2744451.256309282965958 ], [ 332921.721754384110682, 2743973.507872913498431 ], [ 332845.815199372707866, 2742597.76235687546432 ], [ 332924.001849790511187, 2741123.017114053014666 ], [ 332847.751567241735756, 2739797.771452948916703 ], [ 332975.813073129509576, 2738375.0260418523103 ], [ 333194.687004129926208, 2737514.028770411387086 ], [ 333629.028704422526062, 2735995.283573498018086 ], [ 334259.651145054376684, 2734836.787130180746317 ], [ 334627.180908683629241, 2734182.289137520361692 ], [ 334786.055236505751964, 2733829.040236535482109 ], [ 334720.242179911467247, 2731944.296461382880807 ], [ 334853.147297153249383, 2730267.301941188052297 ], [ 335033.802315843699034, 2728743.556908925529569 ], [ 335258.363603718229569, 2727628.06051719840616 ], [ 335528.518592343083583, 2726768.063265297561884 ], [ 335902.798187587060966, 2725808.066308774519712 ], [ 336329.82753858785145, 2724696.569839607924223 ], [ 337109.449536977568641, 2723796.07253323122859 ], [ 337940.477583810745273, 2722845.075376010965556 ], [ 338754.5685529273469, 2722759.325336243025959 ], [ 338912.224163168168161, 2722508.326111030299217 ], [ 339991.063995607255492, 2721868.077812960837036 ], [ 339233.691457127104513, 2721649.328852001111954 ], [ 338676.537039723305497, 2721536.579453700687736 ], [ 339074.910873880726285, 2721951.577905684243888 ], [ 338819.349278066132683, 2722048.32768529932946 ], [ 338819.349278066132683, 2722048.32768529932946 ], [ 338414.381847494689282, 2721938.578214822802693 ], [ 338000.852163665287662, 2722337.827046043239534 ], [ 338000.852163665287662, 2722337.827046043239534 ], [ 337240.510928844625596, 2722220.827738801017404 ], [ 337148.667272672872059, 2721710.079482223838568 ], [ 337410.759967254300136, 2721308.080723279155791 ], [ 337666.352812771918252, 2721211.580944650340825 ], [ 337968.258110439870507, 2721370.080294251907617 ], [ 337968.258110439870507, 2721370.080294251907617 ], [ 338223.850955575937405, 2721273.080516670830548 ], [ 337877.508177386305761, 2720808.332210584543645 ], [ 338033.28881510469364, 2720607.832819830626249 ], [ 337783.445821113244165, 2720399.333617779426277 ], [ 338043.444813371985219, 2720099.08452029293403 ], [ 338339.881487327278592, 2720512.083018017467111 ], [ 338339.881487327278592, 2720512.083018017467111 ], [ 338600.974203410092741, 2720161.084089278709143 ], [ 338957.47297818592051, 2720117.084093212615699 ], [ 339070.753603871853556, 2719559.585916914045811 ], [ 338618.005023861711379, 2719296.336982438806444 ], [ 338262.568724896817002, 2719289.087149171158671 ], [ 338164.943967699364293, 2719083.587877903133631 ], [ 338449.473556654469576, 2717460.343219097703695 ], [ 338306.286345545202494, 2716999.594827109947801 ], [ 338319.254746161634102, 2716287.347221303265542 ], [ 338576.785056429798715, 2716139.597615932114422 ], [ 338588.347254596243147, 2715529.099670159630477 ], [ 338441.878871053049807, 2715220.600770137738436 ], [ 338557.971898267685901, 2714459.353294543456286 ], [ 338061.223305704130325, 2713787.605764409992844 ], [ 337351.444430131989066, 2713671.606439063791186 ], [ 336646.009204791975208, 2713351.60780004132539 ], [ 335738.637128010741435, 2712925.859595887828618 ], [ 335387.981947089137975, 2712612.610792908351868 ], [ 335198.857255028618965, 2711792.863645164296031 ], [ 335111.763465175696183, 2710974.366456963587552 ], [ 335225.262823616969399, 2710364.118486654013395 ], [ 335481.01190587808378, 2710267.368716558907181 ], [ 335835.291985950956587, 2710377.618204338010401 ], [ 335835.291985950956587, 2710377.618204338010401 ], [ 336092.134793003147934, 2710230.118605629075319 ], [ 336351.165049437491689, 2709980.619352820329368 ], [ 336209.540277922234964, 2709364.62150412844494 ], [ 336726.257085483928677, 2708968.122651784680784 ], [ 337491.62941831711214, 2708883.872636438813061 ], [ 337143.411667807144113, 2708416.124368210788816 ], [ 336479.007761471613776, 2708553.374161851126701 ], [ 336479.007761471613776, 2708553.374161851126701 ], [ 335972.978161749895662, 2708336.375099321827292 ], [ 335515.510959768260363, 2708273.125492607243359 ], [ 334815.044231416250113, 2707327.878987877629697 ], [ 334409.514288760023192, 2707107.629895391874015 ], [ 334002.140623528335709, 2706936.880634063854814 ], [ 333341.61138608265901, 2706281.383124642539769 ], [ 333243.861423176014796, 2705538.135704166255891 ], [ 332729.675364695431199, 2704703.638755441177636 ], [ 331951.490233786462341, 2703891.891829031053931 ], [ 331034.836832895118278, 2703064.14500880241394 ], [ 330564.36923940340057, 2701849.899355309549719 ], [ 330047.18318291043397, 2700941.652670457493514 ], [ 329650.745746263884939, 2697539.164564214646816 ], [ 329743.463915950094815, 2696876.916824314277619 ], [ 329527.057972485257778, 2695710.170948638115078 ], [ 328488.029573576524854, 2693639.178518554195762 ], [ 328210.623566052061506, 2691710.435339656192809 ], [ 328543.809231156425085, 2689976.19128156453371 ], [ 327126.314263216103427, 2690046.941533525940031 ], [ 325566.913826165546197, 2690882.689150400459766 ], [ 324706.573115373263136, 2690895.439398244488984 ], [ 324255.043570099165663, 2691206.438463993836194 ], [ 324255.043570099165663, 2691206.438463993836194 ], [ 323038.766596646746621, 2691173.188985182438046 ], [ 321327.491653353907168, 2691960.4367954460904 ], [ 320622.369227855175268, 2692225.186098029837012 ], [ 320622.369227855175268, 2692225.186098029837012 ], [ 320063.277397400117479, 2692080.686779811512679 ], [ 319465.154746908810921, 2692801.184456272982061 ], [ 319465.154746908810921, 2692801.184456272982061 ], [ 318802.000697598385159, 2692403.936048194766045 ], [ 318607.06408809334971, 2693017.183971221093088 ], [ 317900.191628319676965, 2693180.183621296659112 ], [ 317609.380452893441543, 2694099.930508778430521 ], [ 317609.380452893441543, 2694099.930508778430521 ], [ 317001.101325877418276, 2694058.180838876869529 ], [ 316546.415441559336614, 2694115.430776643101126 ], [ 316550.946790637623053, 2694471.42953729396686 ], [ 316101.354768085060641, 2694935.928057459183037 ], [ 316101.354768085060641, 2694935.928057459183037 ], [ 315797.355819835385773, 2694889.42830949369818 ], [ 315986.854844566318206, 2693920.43162241904065 ], [ 314836.952976264175959, 2695005.428189530968666 ], [ 314584.891393661266193, 2695110.92789649637416 ], [ 314236.236495240358636, 2695523.17656625341624 ], [ 314293.548952680954244, 2696030.674788269214332 ], [ 314293.548952680954244, 2696030.674788269214332 ], [ 312970.022174709418323, 2695490.927041386719793 ], [ 313218.552443000546191, 2695131.428219262044877 ], [ 313057.896570482174866, 2694523.430377697572112 ], [ 313713.206688137142919, 2694259.431108435150236 ], [ 313855.518482680025045, 2693595.933376169763505 ], [ 314210.110984625353012, 2693590.933291154447943 ], [ 314374.860361038008705, 2693448.683738654479384 ], [ 314293.485278521082364, 2692267.437878530472517 ], [ 313836.330608985503204, 2692172.188342818524688 ], [ 313641.800217925163452, 2692734.686437508556992 ], [ 313338.082553929416463, 2692790.1863310826011 ], [ 312889.865538624348119, 2693305.43466361425817 ], [ 312889.865538624348119, 2693305.43466361425817 ], [ 312773.20935847068904, 2692188.188590647652745 ], [ 311863.743846577708609, 2692303.688443305436522 ], [ 311863.743846577708609, 2692303.688443305436522 ], [ 311499.0261700830888, 2691596.94101069541648 ], [ 310745.435200126550626, 2692015.439757771324366 ], [ 310745.435200126550626, 2692015.439757771324366 ], [ 310887.840737370308489, 2691301.442210922483355 ], [ 311232.370559121482074, 2690584.194622247479856 ], [ 311725.71229099156335, 2689661.197714450303465 ], [ 310668.46615253877826, 2690083.946526629850268 ], [ 310668.46615253877826, 2690083.946526629850268 ], [ 309957.437373178079724, 2689942.197215775959194 ], [ 308445.817879839567468, 2690524.695581410545856 ], [ 308445.817879839567468, 2690524.695581410545856 ], [ 307989.913227189099416, 2690480.695854736492038 ], [ 306830.604938130243681, 2690905.694668812211603 ], [ 306440.200346262136009, 2691928.941195250488818 ], [ 304776.643851245113183, 2692463.189747763797641 ], [ 303418.055036659934558, 2693043.938054050784558 ], [ 303418.055036659934558, 2693043.938054050784558 ], [ 302505.62072549079312, 2692956.688575112260878 ], [ 301900.966657310375012, 2693169.437975626438856 ], [ 301900.966657310375012, 2693169.437975626438856 ], [ 300732.814459758636076, 2692933.689066026825458 ], [ 299479.037811211077496, 2693716.686620934400707 ], [ 297967.699499790847767, 2694249.435097452253103 ], [ 296964.703167140309233, 2694875.933132607024163 ], [ 296010.144135692855343, 2695399.931510930880904 ], [ 295368.771634704375174, 2696529.177723953034729 ], [ 295115.678772267478053, 2696533.42776052094996 ], [ 294522.243551152583677, 2697458.674673744477332 ], [ 293002.498852490447462, 2697381.925236517563462 ], [ 292037.97093941073399, 2697194.176069908309728 ], [ 291274.911051805014722, 2696901.677225166466087 ], [ 290670.631960059050471, 2697115.176595776807517 ], [ 290670.631960059050471, 2697115.176595776807517 ], [ 289902.853292085754219, 2696568.428628373425454 ], [ 289184.699444408761337, 2695969.930830538272858 ], [ 288321.421186511579435, 2695781.181634452193975 ], [ 287623.048759012541268, 2696453.929418688639998 ], [ 287691.329974222113378, 2697571.67553467862308 ], [ 287042.738605364516843, 2698192.923492677975446 ], [ 286186.147897294547874, 2698461.672702615149319 ], [ 284618.247131493641064, 2698488.422856352757663 ], [ 283765.12519050197443, 2698960.671353355515748 ], [ 283316.75183178554289, 2699425.919812934007496 ], [ 283390.064306520507671, 2700848.914893640205264 ], [ 283461.283023020543624, 2702170.160334464162588 ], [ 283476.06437858985737, 2703136.157011995557696 ], [ 282479.099237579386681, 2704068.653956566937268 ], [ 282982.285182392224669, 2705254.649818842299283 ], [ 283434.877467786427587, 2705885.39759337157011 ], [ 284040.656718670972623, 2706468.395509112626314 ], [ 284391.561877982341684, 2707199.892956470604986 ], [ 284843.810491887037642, 2708236.639349390286952 ], [ 286416.43019972689217, 2708968.636606025975198 ], [ 287583.70761771715479, 2709998.132909939624369 ], [ 287480.708036804047879, 2710354.881713937968016 ], [ 287937.300405666173901, 2711376.62816657917574 ], [ 289055.327867666259408, 2711634.877098607830703 ], [ 289511.076440838805865, 2712347.374602346681058 ], [ 289712.544627856346779, 2713008.622326387558132 ], [ 290220.35544884839328, 2713314.12120169447735 ], [ 290473.260933226265479, 2713822.619435347616673 ], [ 290313.199518353678286, 2716570.860186303965747 ], [ 290819.260466307110619, 2717438.107174755539745 ], [ 291326.633873266808223, 2718101.854849288240075 ], [ 291783.538663479033858, 2718561.353220434393734 ], [ 290812.542364387132693, 2720594.346579395700246 ], [ 291874.882785460678861, 2721918.091953849885613 ], [ 291874.882785460678861, 2721918.091953849885613 ], [ 292282.193898353900295, 2721868.092044653836638 ], [ 292384.599718439974822, 2721461.09338639350608 ], [ 293250.06542405532673, 2720903.845086026005447 ], [ 294114.656193454866298, 2720652.095760395284742 ], [ 294420.311430590751115, 2720754.845355835277587 ], [ 294776.310236698598601, 2720807.345109126064926 ], [ 295638.651169368356932, 2721267.843393336981535 ], [ 296548.929650466830935, 2722642.588609921280295 ], [ 297103.490499138191808, 2723609.335267488844693 ], [ 297914.831655905465595, 2724220.833056679926813 ], [ 298523.079691185441334, 2724578.081735333893448 ], [ 298573.173332477279473, 2724832.330877826083452 ], [ 298469.67378842557082, 2725289.82937795529142 ], [ 298417.549095154507086, 2725849.077529566828161 ], [ 297908.988327513448894, 2725949.327306016348302 ], [ 297806.019994208822027, 2726254.07631554082036 ], [ 297804.363915086607449, 2726966.573950115591288 ], [ 297598.521043603890575, 2727779.821296846494079 ], [ 297748.926907517714426, 2728288.819578382186592 ], [ 298052.769723344186787, 2728646.068330180831254 ], [ 298204.425549101375509, 2729002.317118550185114 ], [ 298556.018265462946147, 2729607.065042475704104 ], [ 299161.422543115215376, 2729821.064202665816993 ], [ 299161.422543115215376, 2729821.064202665816993 ], [ 300178.63787378417328, 2729736.064257245976478 ], [ 301130.009901077253744, 2730567.061296470463276 ], [ 301130.009901077253744, 2730567.061296470463276 ], [ 301587.258364272711333, 2730523.811333968769759 ], [ 302090.288014816760551, 2730837.810180659871548 ], [ 302090.288014816760551, 2730837.810180659871548 ], [ 302549.442696281010285, 2730693.310549759306014 ], [ 303308.565206282190047, 2730858.809823411516845 ], [ 303505.627142372948583, 2731218.55858944170177 ], [ 304113.781381024513394, 2731280.058239784091711 ], [ 304412.717979918408673, 2731641.30697607435286 ], [ 304648.654978432226926, 2732714.303384758997709 ], [ 305198.59078799089184, 2733232.801543643232435 ], [ 305807.620016556233168, 2733243.551356518175453 ], [ 306104.525405845604837, 2733706.799759195186198 ], [ 306610.492505639325827, 2733817.299268221948296 ], [ 306961.428912295494229, 2734078.048322218470275 ], [ 306961.428912295494229, 2734078.048322218470275 ], [ 307319.427683127229102, 2733931.548711405601352 ], [ 307723.457622102985624, 2734040.298249699175358 ], [ 307723.457622102985624, 2734040.298249699175358 ], [ 307828.519716703391168, 2733838.548885091673583 ], [ 308132.612458464398514, 2733844.048787625040859 ], [ 308481.36141769652022, 2734257.297339138109237 ], [ 308322.205810366256628, 2734661.796053412836045 ], [ 308570.048840841103811, 2735022.294805821031332 ], [ 308570.048840841103811, 2735022.294805821031332 ], [ 309029.141027557780035, 2734877.545159130822867 ], [ 309383.171120274462737, 2734934.7948770779185 ], [ 309983.794280423666351, 2735454.543011802714318 ], [ 310386.792992276197765, 2735614.292379294522107 ], [ 310177.418803525506519, 2736017.791114545892924 ], [ 310223.199991509492975, 2736324.040099590551108 ], [ 310164.137820349424146, 2736781.038620456121862 ], [ 309946.670039902266581, 2737642.285864193923771 ], [ 310193.388095531961881, 2738054.03445298736915 ], [ 309680.296139237529133, 2738401.033458932768553 ], [ 309405.828645402798429, 2739618.029565403237939 ], [ 309653.51543435070198, 2739978.778324416838586 ], [ 310160.42001892864937, 2739987.778158532455564 ], [ 310302.075982201087754, 2740600.776125840842724 ], [ 310238.607663776841946, 2741363.27366480184719 ], [ 309868.265394283283968, 2742273.02081184508279 ], [ 311333.135704106476624, 2742655.269172739237547 ], [ 311732.69700345461024, 2743018.767884 ], [ 312543.163118534721434, 2743084.267445091623813 ], [ 312543.163118534721434, 2743084.267445091623813 ], [ 313054.942617273540236, 2742839.018095055129379 ], [ 313351.629272037243936, 2743251.516674146056175 ], [ 313294.25458469329169, 2743657.765374998562038 ], [ 313439.722984740859829, 2744067.264008245896548 ], [ 313225.630121245572809, 2744674.512105811852962 ], [ 313731.128503801824991, 2744785.261603469960392 ], [ 314640.031869571597781, 2745056.260465018451214 ], [ 314640.031869571597781, 2745056.260465018451214 ], [ 315404.77929592190776, 2744815.511018684133887 ], [ 315551.435164846421685, 2745123.509980466682464 ], [ 315551.435164846421685, 2745123.509980466682464 ], [ 316618.556654117070138, 2745041.259928190149367 ], [ 317770.959399243583903, 2745825.757046546787024 ], [ 317770.959399243583903, 2745825.757046546787024 ], [ 318437.738343451172113, 2745430.758116430137306 ], [ 318786.112327812297735, 2745793.756837010849267 ], [ 318786.112327812297735, 2745793.756837010849267 ], [ 319295.891866874822881, 2745650.007142185699195 ], [ 319891.296437344513834, 2746424.504457234404981 ], [ 320583.544517642410938, 2747404.751080332323909 ], [ 320986.855760722712148, 2747565.000435750000179 ], [ 321734.22858269221615, 2748291.247859326656908 ], [ 322135.414871065295301, 2748553.496886186301708 ], [ 322789.225359892996494, 2748870.995652489829808 ], [ 324187.846250894595869, 2750067.741348282899708 ], [ 324187.846250894595869, 2750067.741348282899708 ], [ 324647.657190443307627, 2749872.741819041315466 ], [ 325004.687230275885668, 2749726.992165722418576 ], [ 325409.967187923204619, 2749785.491840337403119 ] ] ] ] } },
{ "type": "Feature", "properties": { "AREA": 4613336172.0, "AREA_HA": 461333.6172, "ID": 10, "縣市名稱": "花蓮縣" }, "geometry": { "type": "MultiPolygon", "coordinates": [ [ [ [ 308009.707799371972214, 2627060.927396699320525 ], [ 306908.055137088056654, 2624738.686532881576568 ], [ 306446.931844889477361, 2624491.687593766953796 ], [ 306058.682733029592782, 2622260.196224642917514 ], [ 306458.212298742146231, 2621745.198095872532576 ], [ 306193.463115005288273, 2620986.451071686577052 ], [ 305929.057709521381184, 2620329.45365939848125 ], [ 305749.995408126851544, 2618501.460729317273945 ], [ 305275.121925454237498, 2617288.215519601479173 ], [ 305523.402099839178845, 2616877.717039848677814 ], [ 305364.590108625183348, 2616472.968640346080065 ], [ 304956.904182976984885, 2616428.718912427779287 ], [ 304199.218818039400503, 2613338.481042690109462 ], [ 304071.218837941181846, 2611509.488165107090026 ], [ 304044.405962759279646, 2609679.245284007396549 ], [ 303875.593833275022916, 2608563.249669788405299 ], [ 302988.940704390697647, 2607153.005382104311138 ], [ 302616.098124718002509, 2605989.260015934240073 ], [ 301975.162640536087565, 2603965.268087541218847 ], [ 302274.161354504700284, 2603553.519631308503449 ], [ 301809.725590334855951, 2603154.271305470727384 ], [ 301688.256976771459449, 2601783.026716880034655 ], [ 301617.256927045527846, 2600461.781928864773363 ], [ 301653.506528054480441, 2599444.285927302204072 ], [ 302105.535864295030478, 2598979.537653573788702 ], [ 302563.159029984148219, 2598921.287775416858494 ], [ 302603.252425547281746, 2598157.540778808295727 ], [ 302853.720099521335214, 2597848.791938100941479 ], [ 302748.470466893282719, 2597647.042759804520756 ], [ 302493.596482897817623, 2597651.042804344557226 ], [ 302493.596482897817623, 2597651.042804344557226 ], [ 302077.816748931072652, 2597098.295085865072906 ], [ 301760.286561164422892, 2596289.79835663177073 ], [ 301288.600729301455431, 2595432.551858928054571 ], [ 301179.632288542750757, 2594925.803891399875283 ], [ 300839.758083165390417, 2592642.813028380274773 ], [ 299506.107047583442181, 2592104.565468767192215 ], [ 299149.014730746101122, 2592110.315525025129318 ], [ 298500.486299043346662, 2593036.061988506931812 ], [ 298500.486299043346662, 2593036.061988506931812 ], [ 297427.459315609361511, 2592900.812756787054241 ], [ 297175.804121244349517, 2593108.311986226122826 ], [ 295802.30967227491783, 2593333.811377302277833 ], [ 295073.312371281441301, 2592328.565519385039806 ], [ 294459.40855167794507, 2592186.066208967939019 ], [ 293321.881642292486504, 2591136.820607178844512 ], [ 293001.726487706473563, 2590226.574294715654105 ], [ 292213.135587042896077, 2588663.080682244151831 ], [ 291117.889686709677335, 2587104.587115465663373 ], [ 290906.984197520301677, 2586650.588970923796296 ], [ 291359.044779149407987, 2586185.340750583913177 ], [ 291492.04398543847492, 2584911.845830542966723 ], [ 292101.010228318162262, 2584698.346573054790497 ], [ 293267.567918611341156, 2584272.348059908486903 ], [ 293365.161208953824826, 2583965.599272559396923 ], [ 290855.483094480121508, 2580040.365546860266477 ], [ 290136.892211451078765, 2579747.366859381552786 ], [ 290021.986271488072816, 2578935.62015824066475 ], [ 288767.491023392532952, 2577024.128111241385341 ], [ 288798.178148948471062, 2575701.383467148523778 ], [ 288774.646717765368521, 2574227.389455522410572 ], [ 288256.83624664566014, 2573727.141577856149524 ], [ 288199.305157289432827, 2573321.393237808253616 ], [ 287527.682821749243885, 2572824.145374551881105 ], [ 286852.560467475035693, 2572123.398340146057308 ], [ 286944.747469960770104, 2571460.901024792809039 ], [ 286845.279036965512205, 2570946.903137341607362 ], [ 286725.998206744377967, 2570549.154779910109937 ], [ 286304.12479197018547, 2569691.908349121920764 ], [ 286596.654682326654438, 2568822.411855917423964 ], [ 285664.00213175144745, 2567973.665478996932507 ], [ 285384.065526252030395, 2566453.171753832604736 ], [ 284806.098996298969723, 2565445.425979771185666 ], [ 284530.256167681771331, 2564128.181435554288328 ], [ 283249.042693544295616, 2563895.682584929745644 ], [ 283139.230567566177342, 2563388.934686317108572 ], [ 282771.825746522983536, 2562784.93722731852904 ], [ 282763.544450091139879, 2562276.689322804566473 ], [ 283355.448024334560614, 2560944.694730452727526 ], [ 283141.823824094492011, 2560388.447059039026499 ], [ 283019.542880046123173, 2559119.452323224395514 ], [ 283047.605034509499092, 2557695.208216451574117 ], [ 282461.544752561487257, 2556230.464376997668296 ], [ 280009.836278452537954, 2556323.464330203831196 ], [ 280009.836278452537954, 2556323.464330203831196 ], [ 279184.652169489709195, 2555880.216278506908566 ], [ 278001.563307696487755, 2555392.218454989604652 ], [ 277392.97214984317543, 2555707.967217492405325 ], [ 277361.878692258556839, 2556928.962153098545969 ], [ 276660.287983797374181, 2557754.708813017234206 ], [ 276367.414312492997851, 2558573.455456043593585 ], [ 275602.292521219642367, 2558688.705066223628819 ], [ 275602.292521219642367, 2558688.705066223628819 ], [ 274677.640096650633495, 2558399.956363623961806 ], [ 273864.581023144244682, 2558668.455338338389993 ], [ 273877.487307641189545, 2559430.952182191424072 ], [ 272351.024966368335299, 2559813.950752492062747 ], [ 271845.80836157820886, 2560179.199291623663157 ], [ 271755.746312284783926, 2560892.696353232488036 ], [ 271665.68426236504456, 2561606.193417242262512 ], [ 271314.404511460103095, 2561968.441956027876586 ], [ 270433.345904435787816, 2564272.432548674289137 ], [ 270349.158859292569105, 2565341.928161004092544 ], [ 269900.067029510100838, 2565959.925662901252508 ], [ 269509.787497062352486, 2567035.171286329627037 ], [ 268948.321069496043492, 2567045.171291950158775 ], [ 267985.66884133790154, 2567520.419421115424484 ], [ 267985.66884133790154, 2567520.419421115424484 ], [ 267471.295950535510201, 2567326.170255992095917 ], [ 266393.956631089036819, 2567040.671503809746355 ], [ 265457.835426992794964, 2566040.675668304786086 ], [ 264444.495905667601619, 2566516.923778671305627 ], [ 263058.564303281717002, 2569084.913342897314578 ], [ 262397.879538889741525, 2569249.912703288719058 ], [ 262397.879538889741525, 2569249.912703288719058 ], [ 261269.837301313003991, 2568965.413921461906284 ], [ 258070.366169024870032, 2569991.409852749668062 ], [ 256508.107111143384827, 2574038.143408367410302 ], [ 256166.686662812891882, 2574909.389877028763294 ], [ 256175.108517014625249, 2575366.888019836973399 ], [ 255887.531600552552845, 2576440.133673798758537 ], [ 255497.783222219208255, 2577464.629532174672931 ], [ 254595.458804690104444, 2578397.125775610096753 ], [ 254786.067450128670316, 2580478.367368151433766 ], [ 253924.664713197853416, 2580800.116083082742989 ], [ 253829.399483496817993, 2581208.864436890464276 ], [ 253221.620709140348481, 2581423.363579091150314 ], [ 253230.120682551991194, 2581932.11153002968058 ], [ 252316.56189860322047, 2582203.860442620236427 ], [ 251970.922683863347629, 2582820.607962714973837 ], [ 251970.922683863347629, 2582820.607962714973837 ], [ 250893.645806327462196, 2582485.359312030486763 ], [ 250706.427819934411673, 2583404.35561644192785 ], [ 250000.50880916940514, 2583875.603720103856176 ], [ 249541.088797204894945, 2583884.603680819738656 ], [ 248630.07686411702889, 2584258.352170829195529 ], [ 248792.388703222939512, 2584763.850143935065717 ], [ 248561.717753423232352, 2586090.344823377672583 ], [ 248878.435219141392736, 2586694.592407509218901 ], [ 249558.55746842166991, 2587596.588805525563657 ], [ 250489.694336065993411, 2588341.585833422839642 ], [ 250489.694336065993411, 2588341.585833422839642 ], [ 250944.301876227138564, 2588078.586885299533606 ], [ 251565.002500686096027, 2588575.084901886060834 ], [ 252331.515035966353025, 2588662.33455113787204 ], [ 253151.011734908854123, 2588849.833796891849488 ], [ 252903.77836223578197, 2589261.332156548742205 ], [ 252866.247274069784908, 2590025.079110671766102 ], [ 252731.997827954095555, 2591044.825048903003335 ], [ 252380.342995244951453, 2591356.323811 ], [ 251983.469596086768433, 2591974.321353979408741 ], [ 251230.363249073445331, 2592599.068871444556862 ], [ 252923.497088376694592, 2593176.816569949500263 ], [ 253383.401495831407374, 2593269.816196806263179 ], [ 253493.229187372955494, 2593674.564588812645525 ], [ 255185.363046312471852, 2594252.562271708622575 ], [ 255818.673044555442175, 2595461.057470235042274 ], [ 254913.582929599157069, 2596139.304802634287626 ], [ 254258.038682252779836, 2596558.303155225235969 ], [ 253753.743825807498069, 2596822.552116673439741 ], [ 254898.989286291500321, 2598173.796763088088483 ], [ 255205.222442023718031, 2598218.796580120921135 ], [ 255219.800529547734186, 2599032.293371017556638 ], [ 256619.544998882396612, 2600328.038236397784203 ], [ 256999.965408296789974, 2601693.782855314202607 ], [ 256999.965408296789974, 2601693.782855314202607 ], [ 259134.80067468091147, 2601399.283945820759982 ], [ 260115.249942317401292, 2602093.031182065140456 ], [ 260115.249942317401292, 2602093.031182065140456 ], [ 262051.22663812286919, 2602057.281234638299793 ], [ 263217.721994675463066, 2601781.032258790452033 ], [ 263568.626828845881391, 2601418.533663732465357 ], [ 264551.029240069969092, 2602265.280279139988124 ], [ 265580.337704405421391, 2602856.527892642654479 ], [ 264981.371379695541691, 2603579.775094711687416 ], [ 265260.401630451669917, 2604998.519519851077348 ], [ 265117.30848704528762, 2605560.517330275382847 ], [ 265332.401436719927005, 2606217.514748260378838 ], [ 266047.304873381450307, 2606306.264353873673826 ], [ 266165.429483094252646, 2607270.260581624228507 ], [ 265515.994596280215774, 2607994.257801385596395 ], [ 265688.462756232940592, 2609160.753245242871344 ], [ 267014.426305020286236, 2609289.002653720788658 ], [ 267014.426305020286236, 2609289.002653720788658 ], [ 268027.141042480419856, 2608914.754034941084683 ], [ 268394.670905959792435, 2609569.251458326354623 ], [ 269318.386068658262957, 2610009.999668841250241 ], [ 269839.227836606500205, 2610662.24708939017728 ], [ 269839.227836606500205, 2610662.24708939017728 ], [ 270241.41372815228533, 2610349.49826993746683 ], [ 271157.097633057681378, 2610333.248251074459404 ], [ 271623.627099409757648, 2610782.496461844071746 ], [ 272624.935899284260813, 2612849.738344328477979 ], [ 272905.216221915092319, 2614370.232429965399206 ], [ 272659.967241545266006, 2614934.230273677967489 ], [ 272972.96607068926096, 2615386.228496147319674 ], [ 273553.276446109462995, 2616596.473765891976655 ], [ 273983.056181655381806, 2617961.718460338190198 ], [ 273899.556636216933839, 2619082.21415795898065 ], [ 273550.308039064868353, 2619495.212606660090387 ], [ 274019.243795911490452, 2620147.96005070162937 ], [ 274280.055332327552605, 2620550.208479126915336 ], [ 274554.991918090148829, 2621816.703593363985419 ], [ 274356.867720952664968, 2622125.202432814519852 ], [ 274566.335703038494103, 2622477.701060655992478 ], [ 274187.08736671396764, 2624162.944656579755247 ], [ 274344.524295191687997, 2624464.943486496806145 ], [ 274040.275474753696471, 2624521.193303753156215 ], [ 273257.247451743169222, 2626365.936349255032837 ], [ 273678.214681135024875, 2627223.183042629156262 ], [ 273380.403377901413478, 2627686.181311929132789 ], [ 272415.188341657572892, 2627754.431148662231863 ], [ 272067.564731524209492, 2628268.929226526990533 ], [ 271108.912203535146546, 2628692.927705632522702 ], [ 271317.598939631949179, 2629045.176348896697164 ], [ 270919.506768072198611, 2629560.674429094418883 ], [ 271130.38100677827606, 2630014.672688152641058 ], [ 271692.347620145825204, 2630157.172095604240894 ], [ 272465.844729814387392, 2630804.669567995239049 ], [ 273232.904323113092687, 2631045.168580919969827 ], [ 273497.778385242214426, 2631701.66606924450025 ], [ 273227.873402014258318, 2633791.408201352693141 ], [ 273690.621678844734561, 2634139.156842254567891 ], [ 274056.557855724182446, 2634743.154527239035815 ], [ 274368.40046647482086, 2635144.402982577681541 ], [ 274561.74377780186478, 2637632.893604418728501 ], [ 275186.585269373201299, 2638537.390142696909606 ], [ 275512.365442422858905, 2639803.13536406122148 ], [ 276443.830799269431736, 2640803.881513906642795 ], [ 277155.484367264434695, 2640842.13128716731444 ], [ 277433.264764256193303, 2642312.125763381831348 ], [ 277087.297392361564562, 2642877.623695591464639 ], [ 277097.734940007620025, 2643538.621230685152113 ], [ 276551.11208966979757, 2644260.118608384393156 ], [ 277219.01589466072619, 2644756.866681349463761 ], [ 277219.01589466072619, 2644756.866681349463761 ], [ 278181.762254962697625, 2644587.617193570360541 ], [ 278150.73128840920981, 2645808.61265857424587 ], [ 278265.012214118964039, 2646569.609819212928414 ], [ 277989.013490955927409, 2648354.353238489478827 ], [ 277899.826427966763731, 2649118.850420695729554 ], [ 278215.38783907413017, 2649774.59795783367008 ], [ 278290.137769428547472, 2651298.842321970034391 ], [ 278001.79522546834778, 2652270.338777512311935 ], [ 276938.517959902761504, 2652492.088089276570827 ], [ 276762.456326541490853, 2654122.832112530712038 ], [ 277547.64110802707728, 2655583.826656521297991 ], [ 278181.920222877291963, 2657149.320844607427716 ], [ 279077.448447751521599, 2659168.063354913610965 ], [ 278858.98080997512443, 2661358.555400904268026 ], [ 280036.226576195680536, 2661999.302917719818652 ], [ 280596.193283459579106, 2662091.802506579086185 ], [ 281577.596098637499381, 2663193.298370759002864 ], [ 282087.750500572379678, 2663337.297776418272406 ], [ 282769.591975755174644, 2664749.542558572255075 ], [ 282681.561185275670141, 2665615.789435593411326 ], [ 283251.527973795076832, 2666368.786629516631365 ], [ 283378.215266417828389, 2667943.530925590544939 ], [ 282316.031671032193117, 2668164.780282348860055 ], [ 280059.852624854072928, 2669780.524774186313152 ], [ 278950.262960742693394, 2670155.773568934760988 ], [ 279026.231656696763821, 2671731.017901290673763 ], [ 278732.607814098126255, 2672397.015550115611404 ], [ 279512.448912339401431, 2673604.261126042343676 ], [ 279479.292935142002534, 2674672.757309137843549 ], [ 281817.815805323829409, 2675090.005502076819539 ], [ 283006.686748070467729, 2676544.500142003409564 ], [ 283875.933698639157228, 2677038.24825390195474 ], [ 285552.55270350020146, 2677264.247190898284316 ], [ 285662.114896996121388, 2677770.745370537508279 ], [ 285222.429161749780178, 2678846.491614555474371 ], [ 284936.086630337696988, 2679970.237669176887721 ], [ 285710.302761408034712, 2680872.484348859637976 ], [ 286083.832886760355905, 2682086.729990414809436 ], [ 286083.832886760355905, 2682086.729990414809436 ], [ 286589.924817266291939, 2682027.230119170155376 ], [ 287107.204344900907017, 2682730.477547741495073 ], [ 287822.139355034916662, 2683074.726212288253009 ], [ 287822.139355034916662, 2683074.726212288253009 ], [ 288580.761635347327683, 2683010.976308547891676 ], [ 289041.697546400944702, 2683308.475178014487028 ], [ 288964.604369930399116, 2684886.469624945893884 ], [ 288884.229915528208949, 2686260.964800100307912 ], [ 289911.101440357917454, 2687159.211462610866874 ], [ 289911.101440357917454, 2687159.211462610866874 ], [ 290315.537493658717722, 2687101.71159233758226 ], [ 291142.034770574711729, 2688155.957741315942258 ], [ 291208.034739874652587, 2689171.954167834948748 ], [ 292881.716352854913566, 2689347.703238156624138 ], [ 293656.932572793972213, 2690352.199573051650077 ], [ 294116.118503231788054, 2690599.198619349859655 ], [ 294274.993039854627568, 2691054.196997839957476 ], [ 294031.994050642824732, 2691770.194545651786029 ], [ 294196.743643703521229, 2692581.441683364566416 ], [ 294455.617818683909718, 2692983.940229289699346 ], [ 294259.868606858188286, 2693444.938662320375443 ], [ 294469.649227800720837, 2693949.936862924601883 ], [ 294632.336309534264728, 2694659.434363062959164 ], [ 294789.929582868819125, 2695012.933103014249355 ], [ 295296.802812795503996, 2695055.432853191625327 ], [ 296010.144135692855343, 2695399.931510930880904 ], [ 296964.703167140309233, 2694875.933132607024163 ], [ 297967.699499790847767, 2694249.435097452253103 ], [ 299479.037811211077496, 2693716.686620934400707 ], [ 300732.814459758636076, 2692933.689066026825458 ], [ 301900.966657310375012, 2693169.437975626438856 ], [ 301900.966657310375012, 2693169.437975626438856 ], [ 302505.62072549079312, 2692956.688575112260878 ], [ 303418.055036659934558, 2693043.938054050784558 ], [ 303418.055036659934558, 2693043.938054050784558 ], [ 304776.643851245113183, 2692463.189747763797641 ], [ 306440.200346262136009, 2691928.941195250488818 ], [ 306830.604938130243681, 2690905.694668812211603 ], [ 307989.913227189099416, 2690480.695854736492038 ], [ 308445.817879839567468, 2690524.695581410545856 ], [ 308445.817879839567468, 2690524.695581410545856 ], [ 309957.437373178079724, 2689942.197215775959194 ], [ 310668.46615253877826, 2690083.946526629850268 ], [ 310668.46615253877826, 2690083.946526629850268 ], [ 311725.71229099156335, 2689661.197714450303465 ], [ 311232.370559121482074, 2690584.194622247479856 ], [ 310887.840737370308489, 2691301.442210922483355 ], [ 310745.435200126550626, 2692015.439757771324366 ], [ 310745.435200126550626, 2692015.439757771324366 ], [ 311499.0261700830888, 2691596.94101069541648 ], [ 311863.743846577708609, 2692303.688443305436522 ], [ 311863.743846577708609, 2692303.688443305436522 ], [ 312773.20935847068904, 2692188.188590647652745 ], [ 312889.865538624348119, 2693305.43466361425817 ], [ 312889.865538624348119, 2693305.43466361425817 ], [ 313338.082553929416463, 2692790.1863310826011 ], [ 313641.800217925163452, 2692734.686437508556992 ], [ 313836.330608985503204, 2692172.188342818524688 ], [ 314293.485278521082364, 2692267.437878530472517 ], [ 314374.860361038008705, 2693448.683738654479384 ], [ 314210.110984625353012, 2693590.933291154447943 ], [ 313855.518482680025045, 2693595.933376169763505 ], [ 313713.206688137142919, 2694259.431108435150236 ], [ 313057.896570482174866, 2694523.430377697572112 ], [ 313218.552443000546191, 2695131.428219262044877 ], [ 312970.022174709418323, 2695490.927041386719793 ], [ 314293.548952680954244, 2696030.674788269214332 ], [ 314293.548952680954244, 2696030.674788269214332 ], [ 314236.236495240358636, 2695523.17656625341624 ], [ 314584.891393661266193, 2695110.92789649637416 ], [ 314836.952976264175959, 2695005.428189530968666 ], [ 315986.854844566318206, 2693920.43162241904065 ], [ 315797.355819835385773, 2694889.42830949369818 ], [ 316101.354768085060641, 2694935.928057459183037 ], [ 316101.354768085060641, 2694935.928057459183037 ], [ 316550.946790637623053, 2694471.42953729396686 ], [ 316546.415441559336614, 2694115.430776643101126 ], [ 317001.101325877418276, 2694058.180838876869529 ], [ 317609.380452893441543, 2694099.930508778430521 ], [ 317609.380452893441543, 2694099.930508778430521 ], [ 317900.191628319676965, 2693180.183621296659112 ], [ 318607.06408809334971, 2693017.183971221093088 ], [ 318802.000697598385159, 2692403.936048194766045 ], [ 319465.154746908810921, 2692801.184456272982061 ], [ 319465.154746908810921, 2692801.184456272982061 ], [ 320063.277397400117479, 2692080.686779811512679 ], [ 320622.369227855175268, 2692225.186098029837012 ], [ 320622.369227855175268, 2692225.186098029837012 ], [ 321327.491653353907168, 2691960.4367954460904 ], [ 323038.766596646746621, 2691173.188985182438046 ], [ 324255.043570099165663, 2691206.438463993836194 ], [ 324255.043570099165663, 2691206.438463993836194 ], [ 324706.573115373263136, 2690895.439398244488984 ], [ 325566.913826165546197, 2690882.689150400459766 ], [ 327126.314263216103427, 2690046.941533525940031 ], [ 328543.809231156425085, 2689976.19128156453371 ], [ 327608.936847693636082, 2688158.447979774791747 ], [ 326325.37837087752996, 2686752.453363482840359 ], [ 325478.75535357760964, 2683967.213461766950786 ], [ 323835.354325734602753, 2682210.220223119482398 ], [ 322768.608067073568236, 2682022.221241760533303 ], [ 321423.237137030286249, 2679905.729178534820676 ], [ 318509.2156935633393, 2678014.986817005556077 ], [ 317376.813082462234888, 2676709.491812382824719 ], [ 316849.314470707788132, 2675140.497569438070059 ], [ 317126.781572988780681, 2673153.004592604469508 ], [ 317563.248259688785765, 2671671.509770093951374 ], [ 317391.560916427406482, 2670250.01492788316682 ], [ 316766.719040883355774, 2669038.519476005807519 ], [ 314764.663250741607044, 2667237.526563692837954 ], [ 313373.292825544776861, 2665630.782772202510387 ], [ 312851.200658306304831, 2664570.536759098991752 ], [ 312723.606802515452728, 2662690.793613618705422 ], [ 312951.35539165121736, 2660805.550404717680067 ], [ 314285.412158242135774, 2658141.059740549884737 ], [ 315791.812473011785187, 2656948.813658051658422 ], [ 315935.311730880872346, 2656285.816042859572917 ], [ 315152.939127670193557, 2654720.57201413018629 ], [ 314072.317803082463797, 2653668.826192846056074 ], [ 313098.477467244898435, 2653022.578848964069039 ], [ 312210.88647871959256, 2651255.585608357563615 ], [ 311943.980932547070552, 2650293.339233857113868 ], [ 312033.105339734407607, 2649427.342408254742622 ], [ 312327.604009163856972, 2648660.09516312321648 ], [ 312258.697617137688212, 2647338.850075880531222 ], [ 311577.512227056256961, 2645874.355699929408729 ], [ 311800.60446882044198, 2643633.363972811494023 ], [ 311361.386674535751808, 2641300.372798238880932 ], [ 310601.7635239760275, 2637853.63591393455863 ], [ 309607.610439184703864, 2635783.64396267849952 ], [ 309388.829712889855728, 2634719.148029945325106 ], [ 308563.582607969932724, 2633867.151461767498404 ], [ 308278.958088213519659, 2631735.659588903188705 ], [ 308253.551417555543594, 2629905.166528224479407 ], [ 308440.175371095305309, 2628732.670928345061839 ], [ 308009.707799371972214, 2627060.927396699320525 ] ] ] ] } },
{ "type": "Feature", "properties": { "AREA": 4087042931.3203101, "AREA_HA": 408704.29313200002, "ID": 11, "縣市名稱": "南投縣" }, "geometry": { "type": "MultiPolygon", "coordinates": [ [ [ [ 212438.28977685639984, 2650018.095257176551968 ], [ 213401.567450168222422, 2649880.845934451092035 ], [ 213649.566450471233111, 2650291.344461516942829 ], [ 214149.252002343448112, 2650755.842832866124809 ], [ 214231.188957183534512, 2652133.087769114878029 ], [ 214568.656255324138328, 2653259.83367914846167 ], [ 213241.661053423013072, 2654053.580532701220363 ], [ 213182.723663521086564, 2654663.828281243797392 ], [ 213472.456789803225547, 2655634.574770364444703 ], [ 213823.205442684324225, 2655893.573881706688553 ], [ 213823.205442684324225, 2655893.573881706688553 ], [ 215897.885249955230393, 2655872.324307740200311 ], [ 216560.054716573882615, 2655576.825497840065509 ], [ 216964.584456331533147, 2655633.325355044566095 ], [ 216704.319707371876575, 2656188.323279501870275 ], [ 217158.521139133430552, 2656245.323142552748322 ], [ 217305.270538139942801, 2656603.821852575056255 ], [ 218377.110422559228027, 2655910.324558314867318 ], [ 220506.946325933939079, 2655540.576226135250181 ], [ 221261.959112143202219, 2655807.325353826861829 ], [ 222221.56491195622948, 2655924.325055574532598 ], [ 222221.56491195622948, 2655924.325055574532598 ], [ 222778.781601053808117, 2655882.075284264516085 ], [ 224615.649916905094869, 2654842.079332154709846 ], [ 224811.321008985192748, 2655302.327667391393334 ], [ 225316.72537629204453, 2655360.57751478580758 ], [ 225616.021110009955009, 2655619.07660234067589 ], [ 226727.813841671944829, 2655787.076115044765174 ], [ 226668.392112355242716, 2656446.573691840749234 ], [ 226814.204026061284821, 2656855.072212451137602 ], [ 227921.637379305146169, 2657278.320785570889711 ], [ 228464.650908299314324, 2658102.067831286694854 ], [ 228818.618343761540018, 2658158.567661818116903 ], [ 228813.649580790282926, 2658463.316547804512084 ], [ 229311.944557367329253, 2659030.564527636393905 ], [ 229897.457889992598211, 2660365.309718756005168 ], [ 230039.488561914477032, 2660928.057683110237122 ], [ 230336.471803553577047, 2661341.306207731366158 ], [ 230324.315530228777789, 2662054.05361443804577 ], [ 230778.329475214210106, 2662163.303260590415448 ], [ 231075.203350297961151, 2662524.801974834874272 ], [ 231075.203350297961151, 2662524.801974834874272 ], [ 231735.935313851310639, 2662332.052735595498234 ], [ 232640.306953464343678, 2662754.301281097345054 ], [ 232732.556567509978777, 2663315.04925335617736 ], [ 232566.228971627017017, 2664278.795743823517114 ], [ 232649.94731606010464, 2665449.291512100491673 ], [ 232993.742869047273416, 2666216.288767206948251 ], [ 233526.30328657940845, 2667900.532730102073401 ], [ 234070.80124373556464, 2668623.280168391298503 ], [ 234070.80124373556464, 2668623.280168391298503 ], [ 235234.593889137322549, 2668441.03091420698911 ], [ 235496.827350606617983, 2667835.033118390478194 ], [ 236054.294075918092858, 2667692.533672206103802 ], [ 236861.056742475571809, 2667910.032942709513009 ], [ 236861.056742475571809, 2667910.032942709513009 ], [ 237695.616290778911207, 2666346.788640542887151 ], [ 237412.054908611578867, 2665020.293421247508377 ], [ 237623.976046890515136, 2664363.045815396588296 ], [ 238025.99018595382222, 2664573.045079316943884 ], [ 238417.691826503752964, 2665443.541950901970267 ], [ 239016.236477501021, 2666062.789745625574142 ], [ 239309.18849658081308, 2666726.787362279370427 ], [ 238892.549353362788679, 2667482.034612042829394 ], [ 239496.828389151982265, 2667643.784062078688294 ], [ 240414.043807296897285, 2667306.285327739547938 ], [ 241237.306449297175277, 2666767.287313652224839 ], [ 241850.085455702646868, 2666884.536917636170983 ], [ 243881.04675543011399, 2667930.533221131656319 ], [ 244415.716659858793719, 2668675.280554003547877 ], [ 244896.621150451072026, 2668954.529562695883214 ], [ 244896.621150451072026, 2668954.529562695883214 ], [ 245378.181896860827692, 2668927.279674542602152 ], [ 245753.368038210697705, 2668534.781098449137062 ], [ 246915.754430111526744, 2668308.531940248329192 ], [ 249090.96525180147728, 2667960.283228531014174 ], [ 250238.804817611468025, 2669718.276904484257102 ], [ 250977.755261665064609, 2671331.521108944434673 ], [ 252116.59489050146658, 2672631.766443737316877 ], [ 252116.59489050146658, 2672631.766443737316877 ], [ 253179.497286615311168, 2672509.516875167842954 ], [ 253314.559282303031068, 2671591.520166379865259 ], [ 253567.323989053606056, 2671535.770363952033222 ], [ 253991.197470272541977, 2672544.76674027973786 ], [ 254802.897654288506601, 2672580.266601278446615 ], [ 254802.897654288506601, 2672580.266601278446615 ], [ 255558.863657414738555, 2672311.517550975549966 ], [ 256330.032755069405539, 2672907.265399310737848 ], [ 257769.886957718117628, 2674049.511272368021309 ], [ 259365.912499114492675, 2675443.756236604880542 ], [ 260860.860304326139158, 2676890.501016090158373 ], [ 262484.479459836147726, 2676962.000683703459799 ], [ 262484.479459836147726, 2676962.000683703459799 ], [ 264358.566453792154789, 2676876.25088427728042 ], [ 264943.658213552902453, 2678493.245093401055783 ], [ 266672.214527197123971, 2678817.243826198857278 ], [ 267041.619521129701752, 2679675.240752523299307 ], [ 267549.117703669297043, 2679716.740567844361067 ], [ 267549.117703669297043, 2679716.740567844361067 ], [ 268646.176169092825148, 2678628.994346182793379 ], [ 270131.233425065234769, 2679568.490885192528367 ], [ 271756.602616520831361, 2679793.239940281491727 ], [ 272477.725106137164403, 2680492.737389919348061 ], [ 272477.725106137164403, 2680492.737389919348061 ], [ 273326.62822590873111, 2679714.490065949037671 ], [ 274385.655638569616713, 2679390.491106051951647 ], [ 275254.308825448155403, 2679832.739442001096904 ], [ 275420.214586762245744, 2680694.486367610283196 ], [ 276406.336234547547065, 2682101.231274622492492 ], [ 276406.336234547547065, 2682101.231274622492492 ], [ 277059.271358485158999, 2681784.482318815309554 ], [ 277860.018409998679999, 2681160.484431521035731 ], [ 278314.266768789850175, 2681050.484764965251088 ], [ 278458.609931415703613, 2680539.4865578901954 ], [ 279777.230218698154204, 2680618.486108711455017 ], [ 280186.603788449603599, 2680865.485179351642728 ], [ 280800.289142524823546, 2681210.733873730059713 ], [ 280800.289142524823546, 2681210.733873730059713 ], [ 281099.256775669811759, 2680900.734930928330868 ], [ 281596.504900232248474, 2680281.487057101447135 ], [ 281949.941124823875725, 2680224.487209625542164 ], [ 282720.250967108237091, 2680872.484802378807217 ], [ 282720.250967108237091, 2680872.484802378807217 ], [ 283833.18446236877935, 2680751.73506622062996 ], [ 284936.086630337696988, 2679970.237669176887721 ], [ 285222.429161749780178, 2678846.491614555474371 ], [ 285662.114896996121388, 2677770.745370537508279 ], [ 285552.55270350020146, 2677264.247190898284316 ], [ 283875.933698639157228, 2677038.24825390195474 ], [ 283006.686748070467729, 2676544.500142003409564 ], [ 281817.815805323829409, 2675090.005502076819539 ], [ 279479.292935142002534, 2674672.757309137843549 ], [ 279512.448912339401431, 2673604.261126042343676 ], [ 278732.607814098126255, 2672397.015550115611404 ], [ 279026.231656696763821, 2671731.017901290673763 ], [ 278950.262960742693394, 2670155.773568934760988 ], [ 280059.852624854072928, 2669780.524774186313152 ], [ 282316.031671032193117, 2668164.780282348860055 ], [ 283378.215266417828389, 2667943.530925590544939 ], [ 283251.527973795076832, 2666368.786629516631365 ], [ 282681.561185275670141, 2665615.789435593411326 ], [ 282769.591975755174644, 2664749.542558572255075 ], [ 282087.750500572379678, 2663337.297776418272406 ], [ 281577.596098637499381, 2663193.298370759002864 ], [ 280596.193283459579106, 2662091.802506579086185 ], [ 280036.226576195680536, 2661999.302917719818652 ], [ 278858.98080997512443, 2661358.555400904268026 ], [ 279077.448447751521599, 2659168.063354913610965 ], [ 278181.920222877291963, 2657149.320844607427716 ], [ 277547.64110802707728, 2655583.826656521297991 ], [ 276762.456326541490853, 2654122.832112530712038 ], [ 276938.517959902761504, 2652492.088089276570827 ], [ 278001.79522546834778, 2652270.338777512311935 ], [ 278290.137769428547472, 2651298.842321970034391 ], [ 278215.38783907413017, 2649774.59795783367008 ], [ 277899.826427966763731, 2649118.850420695729554 ], [ 277989.013490955927409, 2648354.353238489478827 ], [ 278265.012214118964039, 2646569.609819212928414 ], [ 278150.73128840920981, 2645808.61265857424587 ], [ 278181.762254962697625, 2644587.617193570360541 ], [ 277219.01589466072619, 2644756.866681349463761 ], [ 277219.01589466072619, 2644756.866681349463761 ], [ 276551.11208966979757, 2644260.118608384393156 ], [ 277097.734940007620025, 2643538.621230685152113 ], [ 277087.297392361564562, 2642877.623695591464639 ], [ 277433.264764256193303, 2642312.125763381831348 ], [ 277155.484367264434695, 2640842.13128716731444 ], [ 276443.830799269431736, 2640803.881513906642795 ], [ 275512.365442422858905, 2639803.13536406122148 ], [ 275186.585269373201299, 2638537.390142696909606 ], [ 274561.74377780186478, 2637632.893604418728501 ], [ 274368.40046647482086, 2635144.402982577681541 ], [ 274056.557855724182446, 2634743.154527239035815 ], [ 273690.621678844734561, 2634139.156842254567891 ], [ 273227.873402014258318, 2633791.408201352693141 ], [ 273497.778385242214426, 2631701.66606924450025 ], [ 273232.904323113092687, 2631045.168580919969827 ], [ 272465.844729814387392, 2630804.669567995239049 ], [ 271692.347620145825204, 2630157.172095604240894 ], [ 271130.38100677827606, 2630014.672688152641058 ], [ 270919.506768072198611, 2629560.674429094418883 ], [ 271317.598939631949179, 2629045.176348896697164 ], [ 271108.912203535146546, 2628692.927705632522702 ], [ 272067.564731524209492, 2628268.929226526990533 ], [ 272415.188341657572892, 2627754.431148662231863 ], [ 273380.403377901413478, 2627686.181311929132789 ], [ 273678.214681135024875, 2627223.183042629156262 ], [ 273257.247451743169222, 2626365.936349255032837 ], [ 274040.275474753696471, 2624521.193303753156215 ], [ 274344.524295191687997, 2624464.943486496806145 ], [ 274187.08736671396764, 2624162.944656579755247 ], [ 274566.335703038494103, 2622477.701060655992478 ], [ 274356.867720952664968, 2622125.202432814519852 ], [ 274554.991918090148829, 2621816.703593363985419 ], [ 274280.055332327552605, 2620550.208479126915336 ], [ 274019.243795911490452, 2620147.96005070162937 ], [ 273550.308039064868353, 2619495.212606660090387 ], [ 273899.556636216933839, 2619082.21415795898065 ], [ 273983.056181655381806, 2617961.718460338190198 ], [ 273553.276446109462995, 2616596.473765891976655 ], [ 272972.96607068926096, 2615386.228496147319674 ], [ 272659.967241545266006, 2614934.230273677967489 ], [ 272905.216221915092319, 2614370.232429965399206 ], [ 272624.935899284260813, 2612849.738344328477979 ], [ 271623.627099409757648, 2610782.496461844071746 ], [ 271157.097633057681378, 2610333.248251074459404 ], [ 270241.41372815228533, 2610349.49826993746683 ], [ 269839.227836606500205, 2610662.24708939017728 ], [ 269839.227836606500205, 2610662.24708939017728 ], [ 269318.386068658262957, 2610009.999668841250241 ], [ 268394.670905959792435, 2609569.251458326354623 ], [ 268027.141042480419856, 2608914.754034941084683 ], [ 267014.426305020286236, 2609289.002653720788658 ], [ 267014.426305020286236, 2609289.002653720788658 ], [ 265688.462756232940592, 2609160.753245242871344 ], [ 265515.994596280215774, 2607994.257801385596395 ], [ 266165.429483094252646, 2607270.260581624228507 ], [ 266047.304873381450307, 2606306.264353873673826 ], [ 265332.401436719927005, 2606217.514748260378838 ], [ 265117.30848704528762, 2605560.517330275382847 ], [ 265260.401630451669917, 2604998.519519851077348 ], [ 264981.371379695541691, 2603579.775094711687416 ], [ 265580.337704405421391, 2602856.527892642654479 ], [ 264551.029240069969092, 2602265.280279139988124 ], [ 263568.626828845881391, 2601418.533663732465357 ], [ 263217.721994675463066, 2601781.032258790452033 ], [ 262051.22663812286919, 2602057.281234638299793 ], [ 260115.249942317401292, 2602093.031182065140456 ], [ 260115.249942317401292, 2602093.031182065140456 ], [ 259134.80067468091147, 2601399.283945820759982 ], [ 256999.965408296789974, 2601693.782855314202607 ], [ 256999.965408296789974, 2601693.782855314202607 ], [ 256619.544998882396612, 2600328.038236397784203 ], [ 255219.800529547734186, 2599032.293371017556638 ], [ 255205.222442023718031, 2598218.796580120921135 ], [ 254898.989286291500321, 2598173.796763088088483 ], [ 253753.743825807498069, 2596822.552116673439741 ], [ 254258.038682252779836, 2596558.303155225235969 ], [ 254913.582929599157069, 2596139.304802634287626 ], [ 255818.673044555442175, 2595461.057470235042274 ], [ 255185.363046312471852, 2594252.562271708622575 ], [ 253493.229187372955494, 2593674.564588812645525 ], [ 253383.401495831407374, 2593269.816196806263179 ], [ 252923.497088376694592, 2593176.816569949500263 ], [ 251230.363249073445331, 2592599.068871444556862 ], [ 250996.489193229965167, 2593773.314208324998617 ], [ 251168.738509066432016, 2594837.809987152926624 ], [ 250625.475061112752883, 2595814.806116591673344 ], [ 246206.602084616897628, 2596663.552700837608427 ], [ 245713.275930352159776, 2596635.052801390178502 ], [ 245244.012185475672595, 2596375.80381413269788 ], [ 244627.483401672827313, 2596257.054266046267003 ], [ 243791.392982060118811, 2596603.302869247738272 ], [ 243791.392982060118811, 2596603.302869247738272 ], [ 243196.707859964080853, 2596523.553163245785981 ], [ 242288.164602112810826, 2596848.301843522582203 ], [ 241478.527204699988943, 2596979.551289674825966 ], [ 240515.32792169143795, 2597060.05092599987984 ], [ 240515.32792169143795, 2597060.05092599987984 ], [ 239959.580145926360274, 2596947.051344170700759 ], [ 238691.632082334486768, 2596974.051167628727853 ], [ 238691.632082334486768, 2596974.051167628727853 ], [ 237943.525742927828105, 2596146.554395554587245 ], [ 237383.199855055048829, 2596187.804197132587433 ], [ 236259.048065588081954, 2596677.302186212968081 ], [ 236259.048065588081954, 2596677.302186212968081 ], [ 235598.878832105867332, 2596615.052385542076081 ], [ 234990.928140330564929, 2596554.302580981981009 ], [ 234379.289948294725036, 2596696.551971799694002 ], [ 234379.289948294725036, 2596696.551971799694002 ], [ 233773.433014409500174, 2596432.052969810087234 ], [ 233362.99713456016616, 2596679.801956546027213 ], [ 232842.608521399117308, 2597485.548728487454355 ], [ 232834.655385789257707, 2597993.796720780897886 ], [ 232523.4534679845965, 2598395.54510861961171 ], [ 232368.6259430180653, 2598596.794301161542535 ], [ 232462.703653969918378, 2599055.792499204631895 ], [ 232153.736108745448291, 2599356.041288676671684 ], [ 232040.173994593176758, 2600117.288280108012259 ], [ 231883.893344206822803, 2600369.037275082431734 ], [ 231872.408947737363633, 2601132.034272301476449 ], [ 231562.707026456046151, 2601432.533062845468521 ], [ 231655.378483397711534, 2601993.530866935383528 ], [ 230929.803150111954892, 2602948.277051866520196 ], [ 230411.180139449657872, 2603652.024242662359029 ], [ 230401.133246211073129, 2604262.021851355209947 ], [ 230649.335354868584545, 2604622.270464360248297 ], [ 230898.303086393978447, 2604982.269078719895333 ], [ 230989.552664343005745, 2605645.01649471744895 ], [ 231237.004774073895533, 2606055.764911928214133 ], [ 231689.862337194615975, 2606317.263931379653513 ], [ 231939.486324477591552, 2606626.512745860032737 ], [ 231729.737116538337432, 2607030.011151564773172 ], [ 231622.659386897779768, 2607333.259958359412849 ], [ 231714.565220190183027, 2607944.757581494748592 ], [ 231759.486882116412744, 2608352.005997979547828 ], [ 232106.610474766726838, 2608815.004225029610097 ], [ 231692.221436387859285, 2609315.752238383982331 ], [ 231471.706583266117377, 2610378.49808446643874 ], [ 231059.520670508238254, 2610727.746689113788307 ], [ 230710.209576100314735, 2610366.498060358688235 ], [ 230201.195936978270765, 2610511.747446752153337 ], [ 230201.195936978270765, 2610511.747446752153337 ], [ 229851.853594548418187, 2610150.99881506152451 ], [ 229191.012427212495822, 2610293.998192777857184 ], [ 228778.857760640967172, 2610644.246789158787578 ], [ 228778.857760640967172, 2610644.246789158787578 ], [ 227916.923647522024112, 2610630.996749481651932 ], [ 227201.863923639262794, 2610925.245528016239405 ], [ 226331.445409548730822, 2611419.993508451152593 ], [ 225861.869026796426624, 2612277.490126690361649 ], [ 225861.869026796426624, 2612277.490126690361649 ], [ 225252.277667680900777, 2612267.490093235392123 ], [ 224793.888828177266987, 2612361.489673260133713 ], [ 224793.888828177266987, 2612361.489673260133713 ], [ 224342.375024702487281, 2611946.741226423997432 ], [ 224034.532450675382279, 2612195.49022309249267 ], [ 224034.532450675382279, 2612195.49022309249267 ], [ 223123.81731335495715, 2611873.74135480588302 ], [ 222564.225745983596426, 2611966.240922668017447 ], [ 222504.007143927359721, 2612627.23835133947432 ], [ 221989.055954762268811, 2613231.485941100399941 ], [ 221629.213572458713315, 2613532.234727567527443 ], [ 221471.32350229730946, 2613988.732939059846103 ], [ 221012.356527382682543, 2614134.732310577295721 ], [ 221012.356527382682543, 2614134.732310577295721 ], [ 220915.872580306604505, 2613776.983681444078684 ], [ 220973.325544938008534, 2613319.485460694413632 ], [ 220775.623245033610146, 2612960.236824707128108 ], [ 220019.04812981170835, 2612644.487940661609173 ], [ 219356.956945708021522, 2612838.487092314753681 ], [ 218846.693290358438389, 2613034.486257097683847 ], [ 218186.633369623741601, 2613075.735997589305043 ], [ 218186.633369623741601, 2613075.735997589305043 ], [ 217899.712809468794148, 2611850.490704047027975 ], [ 215871.392655416944763, 2611769.490696655586362 ], [ 214690.209636194631457, 2612667.487018008716404 ], [ 214622.397192579664988, 2613886.732284381054342 ], [ 214010.243304334610002, 2614081.231427415274084 ], [ 214010.243304334610002, 2614081.231427415274084 ], [ 213607.260543069074629, 2613871.982167463283986 ], [ 213206.855933985498268, 2613458.733697374351323 ], [ 212860.388651629880769, 2612843.48601948004216 ], [ 212498.796236283611506, 2613295.984202153515071 ], [ 212429.874390241340734, 2614617.229076934047043 ], [ 212777.466697530035162, 2615079.477352256421 ], [ 212913.481589466682635, 2616198.723054307047278 ], [ 212954.246927460946608, 2616909.970318275038153 ], [ 213449.526119062589714, 2617627.217641194351017 ], [ 213644.103377926890971, 2618239.96531576057896 ], [ 214042.945494377607247, 2618704.213598371483386 ], [ 214080.007654451503186, 2619826.709289895370603 ], [ 213870.305264168069698, 2620282.457503757439554 ], [ 213962.242291041562567, 2620946.454971632454544 ], [ 213905.179923303774558, 2621454.953012185636908 ], [ 213845.258173679641914, 2622064.200667420402169 ], [ 213378.072349236201262, 2622819.697693920694292 ], [ 213510.602852197043831, 2624141.192664608824998 ], [ 213346.868974795448594, 2624900.189738114830106 ], [ 213442.821656982734567, 2625308.18819805374369 ], [ 213942.08525623253081, 2625876.436117990873754 ], [ 213942.08525623253081, 2625876.436117990873754 ], [ 214808.613215049379505, 2625585.937372758518904 ], [ 215004.987379278085427, 2626047.435646554455161 ], [ 214839.503468710841844, 2627063.431749615352601 ], [ 214775.675432953779818, 2627978.428258634638041 ], [ 214606.722757169336546, 2629144.923799134325236 ], [ 214238.864636887883535, 2630053.170291342306882 ], [ 213773.725698822119739, 2630604.41812222963199 ], [ 213616.132481398846721, 2631008.666563751176 ], [ 214419.207431180460844, 2631581.91453196760267 ], [ 216087.091608844231814, 2631966.663353464566171 ], [ 216988.447411147615639, 2632743.410561638418585 ], [ 218302.14547375231632, 2633015.409737825859338 ], [ 219354.235081417718902, 2633842.906771537847817 ], [ 217889.037590628984617, 2633569.157584009226412 ], [ 217380.180135163886007, 2633715.156954138539732 ], [ 217161.899548441229854, 2634780.902901201974601 ], [ 216754.260445351916132, 2634978.902090774849057 ], [ 216754.260445351916132, 2634978.902090774849057 ], [ 216301.246589510556078, 2634717.653002639301121 ], [ 215747.279986559733516, 2634506.153709630016237 ], [ 215092.095029895601328, 2634241.404599559493363 ], [ 214585.237589756201487, 2634233.654543611686677 ], [ 214377.160188708105125, 2634637.402986309491098 ], [ 213612.241178470401792, 2634930.6517498139292 ], [ 213201.305173180211568, 2635331.400168695021421 ], [ 213033.352478630578844, 2636498.145749183837324 ], [ 213033.352478630578844, 2636498.145749183837324 ], [ 211921.169259757793043, 2636225.896574066020548 ], [ 212422.682909937517252, 2636589.645296676550061 ], [ 211913.341061279963469, 2636784.39447281928733 ], [ 212364.964286751608597, 2637097.14337915321812 ], [ 212109.652730054891435, 2637244.892778117675334 ], [ 212109.652730054891435, 2637244.892778117675334 ], [ 211857.559957709163427, 2637139.143129768781364 ], [ 211704.076138263015309, 2637288.89253936894238 ], [ 211704.076138263015309, 2637288.89253936894238 ], [ 211148.718904218141688, 2637127.643043031916022 ], [ 211194.781161966442596, 2637484.14171252772212 ], [ 211291.843245081108762, 2637740.140769334044307 ], [ 211847.184855819505174, 2637902.140262962318957 ], [ 211486.904898803390097, 2638303.888689758721739 ], [ 212042.855893362051575, 2638414.638375776354223 ], [ 212184.652098966907943, 2639129.885720069054514 ], [ 211723.997530609281966, 2639478.88432920910418 ], [ 211405.842296795744915, 2640490.380485127680004 ], [ 211405.842296795744915, 2640490.380485127680004 ], [ 211913.762266911857296, 2640395.88093134528026 ], [ 211909.918475156300701, 2640700.379791751038283 ], [ 212058.87099866537028, 2640906.12904955400154 ], [ 211902.105901324888691, 2641259.377700838260353 ], [ 212396.90075546229491, 2642081.374720460735261 ], [ 212289.33857823847211, 2642537.372999573592097 ], [ 212642.352851345262025, 2642644.122664535883814 ], [ 212939.570396247552708, 2643107.370989819522947 ], [ 212684.368206902989186, 2643256.120390250813216 ], [ 212935.070349116198486, 2643463.619661455973983 ], [ 212979.648232588544488, 2643872.368146878667176 ], [ 212520.41554299541167, 2644120.117142820730805 ], [ 212768.398918721853988, 2644480.365846293978393 ], [ 212511.306081830582116, 2644782.114678036887199 ], [ 212762.617607648251578, 2644938.61414076667279 ], [ 213095.850463710754411, 2646417.608705086633563 ], [ 212685.898815293156076, 2646766.107339554931968 ], [ 212426.149707716627745, 2647219.605611253529787 ], [ 212875.507312886358704, 2647684.853966854512691 ], [ 213227.740338834555587, 2647843.353441725950688 ], [ 212660.476703595952131, 2648598.350546048488468 ], [ 212809.35110891846125, 2648803.849812122993171 ], [ 212394.211909562232904, 2649509.097130080219358 ], [ 212798.94476017265697, 2649566.346990663558245 ], [ 212438.28977685639984, 2650018.095257176551968 ] ] ] ] } },
{ "type": "Feature", "properties": { "AREA": 2789118381.6718702, "AREA_HA": 278911.83816699998, "ID": 22, "縣市名稱": "屏東縣" }, "geometry": { "type": "MultiPolygon", "coordinates": [ [ [ [ 184105.280754605919356, 2472193.072289192117751 ], [ 184434.310332274675602, 2472686.82013971125707 ], [ 185318.55613177412306, 2473103.068514158949256 ], [ 186096.271204744523857, 2473422.817293191328645 ], [ 186096.271204744523857, 2473422.817293191328645 ], [ 186576.331676414760295, 2472840.070092767942697 ], [ 186971.454926275095204, 2472617.571224866900593 ], [ 186845.221286551095545, 2472114.323482170701027 ], [ 186513.691731158352923, 2471569.575868770014495 ], [ 185788.757656090834644, 2471298.326888625510037 ], [ 185513.399689565703738, 2470853.328837126027793 ], [ 184933.1368766114756, 2470422.080630056094378 ], [ 184859.684234269399894, 2469967.332686078269035 ], [ 183922.376209875947097, 2469502.334522622171789 ], [ 183632.939943704899633, 2469821.582972186617553 ], [ 183133.832815558067523, 2469998.332007437478751 ], [ 183510.643434108176734, 2470438.830112478230149 ], [ 184052.765713055385277, 2471125.827143455855548 ], [ 184272.717713561607525, 2471472.07563102664426 ], [ 184105.280754605919356, 2472193.072289192117751 ] ] ], [ [ [ 208783.56190870332648, 2529608.324703468941152 ], [ 209824.244780088047264, 2530271.572066851891577 ], [ 210496.913677208533045, 2530646.570590660907328 ], [ 210496.913677208533045, 2530646.570590660907328 ], [ 211142.129685247869929, 2530412.321712993551046 ], [ 211769.517520666035125, 2530842.069990790914744 ], [ 212601.138854037795682, 2531263.318340334109962 ], [ 213069.058668047306128, 2531497.317423767410219 ], [ 213832.305372538830852, 2531514.817482250276953 ], [ 213832.305372538830852, 2531514.817482250276953 ], [ 214209.647603909310419, 2530887.070229784119874 ], [ 214576.692845006356947, 2531175.069061277899891 ], [ 214576.692845006356947, 2531175.069061277899891 ], [ 215127.596730738994665, 2531098.569480951409787 ], [ 215236.705781991680851, 2530226.823226683307439 ], [ 215176.79998854213045, 2529056.828225497622043 ], [ 215608.751316779787885, 2528628.080134220886976 ], [ 216604.840797006560024, 2528377.331370795611292 ], [ 217035.104473131592385, 2528917.829122807364911 ], [ 217710.89835782465525, 2529345.077398417517543 ], [ 218478.59813006783952, 2529564.076578371692449 ], [ 220016.981878607417457, 2531123.070137132424861 ], [ 220016.981878607417457, 2531123.070137132424861 ], [ 221682.724694867269136, 2531098.320476910099387 ], [ 222964.391134415607667, 2530378.573725654277951 ], [ 223667.903738679247908, 2530245.324386556632817 ], [ 224135.354949818924069, 2529410.078020410146564 ], [ 224641.055891656404128, 2529387.578179648611695 ], [ 225727.285654918989167, 2528678.081350023858249 ], [ 225932.831778408726677, 2527499.586428089998662 ], [ 226519.032436632667668, 2526864.089224248193204 ], [ 227350.997662652953295, 2526115.592533394694328 ], [ 227750.167818985617487, 2525995.093095174059272 ], [ 228932.740745924442308, 2526652.59039494395256 ], [ 229231.926832241559168, 2527809.085460972506553 ], [ 229685.315491220768308, 2527839.085378035902977 ], [ 231026.575249154615449, 2528491.332710550632328 ], [ 231257.605440390238073, 2529142.829940268304199 ], [ 231257.605440390238073, 2529142.829940268304199 ], [ 231863.524698374589207, 2529115.580112145747989 ], [ 232334.444508746790234, 2529451.328715957701206 ], [ 232334.444508746790234, 2529451.328715957701206 ], [ 232778.005114858475281, 2529177.079928776714951 ], [ 233636.735784847580362, 2529088.830378245562315 ], [ 233915.531503243662883, 2528465.833070642314851 ], [ 234196.749080561101437, 2527893.835545817855746 ], [ 235086.713940346759045, 2528415.833375573158264 ], [ 235086.713940346759045, 2528415.833375573158264 ], [ 235783.039086619886803, 2527928.085518047679216 ], [ 235821.882689597492572, 2527621.336836712434888 ], [ 236313.224337233550614, 2527243.588492488954216 ], [ 236274.896429073385661, 2526480.841765515040606 ], [ 236336.068086422543274, 2525763.844851625151932 ], [ 236043.303779186418978, 2525062.847846657503396 ], [ 236340.77124511715374, 2524947.848362234886736 ], [ 236783.691273077507503, 2523755.603527015075088 ], [ 237535.406762382073794, 2523620.604157966561615 ], [ 238145.560354467132129, 2523695.103874574415386 ], [ 238145.560354467132129, 2523695.103874574415386 ], [ 240109.629998887801776, 2522437.359409572556615 ], [ 240030.864800492650829, 2520709.366871 ], [ 240314.097961883584503, 2520238.618921756744385 ], [ 240152.020592514338205, 2519231.873272067867219 ], [ 239975.365141408547061, 2518679.375657028518617 ], [ 239302.149352273932891, 2518352.627037454396486 ], [ 239136.61884212854784, 2518054.1283227824606 ], [ 239430.258193279674742, 2517837.62927829567343 ], [ 239363.39912917316542, 2517484.130808589980006 ], [ 239446.133162956917658, 2517073.132597358897328 ], [ 239287.758864342729794, 2516927.133222831878811 ], [ 239419.039562961086631, 2516463.385244518052787 ], [ 239301.243222596414853, 2516111.886765803210437 ], [ 239377.602291783085093, 2515548.389220312703401 ], [ 239179.368839702830883, 2514538.393605160526931 ], [ 238747.120770918729249, 2513946.646158330608159 ], [ 238570.340328690770548, 2513394.148556215688586 ], [ 237884.905877866171068, 2512813.401048052124679 ], [ 236921.69136809851625, 2512805.15102240210399 ], [ 236117.7261477188149, 2512942.400368825998157 ], [ 236117.7261477188149, 2512942.400368825998157 ], [ 235646.368870619277004, 2512606.901799313724041 ], [ 235501.541372063889867, 2512766.151093808934093 ], [ 234949.934416076197522, 2512892.40050213271752 ], [ 234949.934416076197522, 2512892.40050213271752 ], [ 234117.094368311431026, 2512419.902499739546329 ], [ 233940.142065644875402, 2511867.654896986205131 ], [ 233682.955706116277725, 2511777.405270365998149 ], [ 233367.613365279539721, 2511536.906295291613787 ], [ 233489.112883188674459, 2510869.159223902970552 ], [ 232518.554678499436704, 2510708.659844016190618 ], [ 232150.571952235710341, 2510419.661075887735933 ], [ 231645.027306669217069, 2510441.910933380946517 ], [ 231645.027306669217069, 2510441.910933380946517 ], [ 231424.247066994168563, 2510044.41265252744779 ], [ 230610.500666509731673, 2509978.912863085046411 ], [ 230543.407246213493636, 2509625.164405314251781 ], [ 229832.394764262018725, 2509606.414418284315616 ], [ 229134.272824870189652, 2509841.163320155348629 ], [ 228339.135676164471079, 2510182.411743794102222 ], [ 228339.135676164471079, 2510182.411743794102222 ], [ 228503.322536999272415, 2509360.165360934566706 ], [ 228735.477809391217306, 2508891.417438781354576 ], [ 228406.198072515690001, 2508346.169794473797083 ], [ 228279.167443031212315, 2507791.422214314807206 ], [ 228190.949169428640744, 2506980.425764839164913 ], [ 228016.137497509655077, 2506479.177947968244553 ], [ 227366.359225806809263, 2505591.681778863538057 ], [ 226459.957110077812104, 2504613.685980674810708 ], [ 225908.725294322968693, 2503670.690071110613644 ], [ 225632.648455860617105, 2503174.192227551713586 ], [ 224802.761706044373568, 2501683.448707509785891 ], [ 224581.684615425561788, 2501286.200435478705913 ], [ 224785.355714265024289, 2500207.455230750609189 ], [ 223981.296921460248996, 2499276.209253316745162 ], [ 223931.578528683603508, 2498208.963976852130145 ], [ 224257.624023117154138, 2497583.216793516185135 ], [ 224181.343184405151987, 2497026.469255187083036 ], [ 223386.081216097023571, 2496298.472387907560915 ], [ 223249.769425625941949, 2495540.725738885812461 ], [ 223432.206305080413586, 2494004.732599158305675 ], [ 223603.658745286811609, 2493334.985605844296515 ], [ 224109.765846829395741, 2493311.985772551037371 ], [ 224268.171506055572536, 2492337.49013929720968 ], [ 224464.608274159196299, 2491106.495661179535091 ], [ 224619.826450682594441, 2490081.00026593869552 ], [ 225355.948193115968024, 2489538.752782005816698 ], [ 225643.415688566135941, 2489169.504469542764127 ], [ 225888.586606234719511, 2487885.260253928601742 ], [ 225471.369771816214779, 2487649.261263001244515 ], [ 225279.183244319690857, 2486792.265086201485246 ], [ 224551.57721122080693, 2486417.516680461354554 ], [ 224880.341416584182298, 2485842.769303457811475 ], [ 224533.358726209582528, 2484941.523313533514738 ], [ 224550.983734379668022, 2484227.776528151705861 ], [ 225455.995272023399593, 2484034.27750932937488 ], [ 226192.445114198781084, 2483492.28003748273477 ], [ 227044.831891883048229, 2483250.281225095968693 ], [ 226997.707219582691323, 2482234.035803011152893 ], [ 227633.001261585770408, 2481696.288300391286612 ], [ 228076.218141679826658, 2480301.544650158844888 ], [ 228299.076571080600843, 2479629.797712516505271 ], [ 227766.547809323557885, 2479093.300083655398339 ], [ 226775.208650167594897, 2478526.302541690412909 ], [ 225968.743569058220601, 2478664.55182257341221 ], [ 225968.743569058220601, 2478664.55182257341221 ], [ 225643.620106918329839, 2478220.803794803563505 ], [ 224984.623115580499871, 2478250.303582122083753 ], [ 224984.623115580499871, 2478250.303582122083753 ], [ 225062.325947471195832, 2477737.555915892124176 ], [ 224464.688159632612951, 2476898.80964740132913 ], [ 225008.529460260033375, 2476568.81121194222942 ], [ 224328.267003507673508, 2476141.063070598524064 ], [ 224007.143517805816373, 2475798.814585172571242 ], [ 224020.674808554089395, 2474983.818291513714939 ], [ 223572.051981335127493, 2474087.072314540389925 ], [ 224207.549130967818201, 2473549.324843566864729 ], [ 224700.43753204823588, 2473221.326398819684982 ], [ 225214.544528955972055, 2473351.325869034044445 ], [ 225214.544528955972055, 2473351.325869034044445 ], [ 225619.948918455920648, 2473333.076000644825399 ], [ 225833.838663365837419, 2472457.830015155952424 ], [ 226415.976678288599942, 2471871.832755694631487 ], [ 227036.333173411869211, 2472098.33179269824177 ], [ 227036.333173411869211, 2472098.33179269824177 ], [ 227934.782202177477302, 2471752.833467817865312 ], [ 228395.358316541940439, 2470713.838260921183974 ], [ 228788.684657513455022, 2470441.589546028990299 ], [ 228742.450600442767609, 2469425.094188983552158 ], [ 229075.80848562362371, 2468952.096387831028551 ], [ 228835.747176209464669, 2468148.100044487975538 ], [ 228251.749930349295028, 2467613.852431252598763 ], [ 227343.300988657574635, 2467756.351679692510515 ], [ 227343.300988657574635, 2467756.351679692510515 ], [ 227165.614371038245736, 2467204.104191435035318 ], [ 227333.441804811853217, 2466432.857748177368194 ], [ 228338.499679685861338, 2466184.108998799230903 ], [ 228874.731621920451289, 2465701.861269324552268 ], [ 228851.99740434641717, 2465193.863600757904351 ], [ 229655.978072567697382, 2465005.114549930207431 ], [ 230255.522191013820702, 2464774.865667425096035 ], [ 230181.741331700846786, 2464268.867987182922661 ], [ 229210.620846952777356, 2464159.368394162971526 ], [ 229382.666990864876425, 2463489.871492607053369 ], [ 229272.323773067444563, 2463291.122396512422711 ], [ 229553.088146270922152, 2462769.374828084371984 ], [ 229418.448217374854721, 2462062.128074076958001 ], [ 231021.706334720482118, 2462653.125506008043885 ], [ 231021.706334720482118, 2462653.125506008043885 ], [ 231566.203834592131898, 2462323.377076036296785 ], [ 232356.622078514861641, 2461829.879421824589372 ], [ 232639.948925801931182, 2461359.131617856677622 ], [ 232865.69792727517779, 2460738.13450344838202 ], [ 234320.831810893228976, 2460317.386565299704671 ], [ 234784.954639821051387, 2460449.635990471579134 ], [ 234784.954639821051387, 2460449.635990471579134 ], [ 235323.983410786662716, 2460018.388022936414927 ], [ 235967.699188509781379, 2459633.639847522601485 ], [ 236241.526082524418598, 2458959.392984570469707 ], [ 236599.399411423277343, 2458994.64284596638754 ], [ 237955.736803675274132, 2459565.140295582357794 ], [ 239423.276781620137626, 2460703.635120871476829 ], [ 239487.16715096111875, 2459886.138900623656809 ], [ 239563.823072414787021, 2459322.641509643755853 ], [ 239436.80806785626919, 2458768.144067583605647 ], [ 239148.387577527377289, 2458016.89752871543169 ], [ 239161.934432176698465, 2457201.651306005194783 ], [ 239424.761377063696273, 2456273.405624458100647 ], [ 239235.371679745992878, 2455466.909356916323304 ], [ 238896.545180703687947, 2454718.412814253941178 ], [ 239253.652998240024317, 2452512.923093919176608 ], [ 238957.920059863914503, 2451609.177288359031081 ], [ 239092.153826028486947, 2451196.179221517872065 ], [ 239089.700774553377414, 2450025.184685877989978 ], [ 239454.152232123597059, 2449092.439063584897667 ], [ 238817.061514898494352, 2448509.441753481980413 ], [ 238232.67367498454405, 2447974.944219490047544 ], [ 238378.15737281931797, 2447815.944972319062799 ], [ 238389.26674423791701, 2446949.449030126444995 ], [ 238609.046999345941003, 2446176.452665542718023 ], [ 239098.310335331218084, 2445747.454705268144608 ], [ 239834.650633948564064, 2445155.207523955963552 ], [ 239674.745203699159902, 2443888.963462053332478 ], [ 238820.718045981106116, 2443010.217546012252569 ], [ 238889.452133779443102, 2442293.97092003794387 ], [ 239238.075547278480371, 2441005.977006348315626 ], [ 238826.999379422544735, 2440921.97737921634689 ], [ 239261.247344116622116, 2440393.729894348420203 ], [ 239046.045314517716179, 2439028.486325772944838 ], [ 239427.559153295936994, 2438451.489072889089584 ], [ 239785.104379333934048, 2437366.744221413508058 ], [ 238519.547966632875614, 2436403.748708841856569 ], [ 238272.267951200075913, 2435446.753228397108614 ], [ 237481.771762435731944, 2434870.755910785868764 ], [ 237562.505779399827588, 2434409.008106701076031 ], [ 237218.33560302175465, 2433558.51212236424908 ], [ 235801.123698712035548, 2432653.266327419318259 ], [ 235242.610747714294121, 2432678.016169066075236 ], [ 235242.610747714294121, 2432678.016169066075236 ], [ 234972.049569062713999, 2432333.26778819411993 ], [ 234412.739747726853238, 2432357.767628735397011 ], [ 234412.739747726853238, 2432357.767628735397011 ], [ 233848.586207443964668, 2432281.017949108965695 ], [ 233987.69493991220952, 2431969.51944190915674 ], [ 233920.351540364907123, 2431616.021118605043739 ], [ 233996.179345443932107, 2431052.523807247169316 ], [ 234076.835244086949388, 2430590.526014059782028 ], [ 233688.446538844087627, 2429894.779298711102456 ], [ 233639.212485112686409, 2428827.53438555309549 ], [ 233560.541036937909666, 2428220.287278266157955 ], [ 233680.337392297165934, 2427501.79072055965662 ], [ 233969.148530059639597, 2427132.792507744394243 ], [ 234352.396723565383581, 2426606.795053500216454 ], [ 234128.100964278099127, 2426158.547180569265038 ], [ 235315.814041052159155, 2425393.300935059785843 ], [ 235773.436911235039588, 2424252.806433900259435 ], [ 235643.593830750207417, 2423647.55932773090899 ], [ 236045.232597946829628, 2422407.815308390650898 ], [ 235273.314471618301468, 2422238.066068209242076 ], [ 234371.850059892283753, 2422583.314341073855758 ], [ 234438.4434608942247, 2422936.81264869729057 ], [ 234247.163116242154501, 2423199.8113710321486 ], [ 234136.194832058681641, 2424121.306941049639136 ], [ 233026.684547997720074, 2424373.805639612488449 ], [ 232511.561952729214681, 2425364.050850235857069 ], [ 232026.689246754307533, 2425894.798266270663589 ], [ 231493.051143674354535, 2426478.545424513053149 ], [ 231493.051143674354535, 2426478.545424513053149 ], [ 230565.977508588577621, 2426265.046359271742404 ], [ 230270.713286772021092, 2426481.545295044314116 ], [ 229734.731443570839474, 2427014.792691784910858 ], [ 229734.731443570839474, 2427014.792691784910858 ], [ 229568.044776395137887, 2426716.544101539067924 ], [ 229263.077495108591393, 2426730.044006080832332 ], [ 229184.187198598810937, 2427242.791546262335032 ], [ 228584.002566324023064, 2427473.040383586194366 ], [ 228077.395623742428143, 2427546.789977474138141 ], [ 228077.395623742428143, 2427546.789977474138141 ], [ 227763.475281263788929, 2427356.79085161536932 ], [ 227624.444667199422838, 2427668.539346569683403 ], [ 227624.444667199422838, 2427668.539346569683403 ], [ 227261.743304042553063, 2427532.039958941284567 ], [ 227234.134005665342556, 2428042.287517935037613 ], [ 226326.63835242355708, 2428235.536492121871561 ], [ 225703.078754542657407, 2429078.28239650093019 ], [ 225703.078754542657407, 2429078.28239650093019 ], [ 225236.315396398305893, 2428895.283214080613106 ], [ 224544.20942863941309, 2428264.28614199906588 ], [ 224174.133121222082991, 2427975.287476277910173 ], [ 224000.805887616617838, 2427524.789606892503798 ], [ 223695.057358701189514, 2427538.53950234875083 ], [ 223695.057358701189514, 2427538.53950234875083 ], [ 223620.901530687697232, 2427032.541911846958101 ], [ 223816.853731800394598, 2426871.042709015309811 ], [ 223776.760284970019711, 2426007.29683634871617 ], [ 223501.730419210740365, 2425561.298936379607767 ], [ 223293.497061285655946, 2425468.799352545291185 ], [ 223046.79524566186592, 2424562.803661449346691 ], [ 222230.98668930734857, 2424548.5536217270419 ], [ 221535.724370112438919, 2424936.551667615771294 ], [ 220914.75849329578341, 2425830.047301994170994 ], [ 221037.757836109114578, 2426282.795152285601944 ], [ 220893.055386594613083, 2426442.044370003975928 ], [ 220893.055386594613083, 2426442.044370003975928 ], [ 220427.823274218681036, 2426310.294934530742466 ], [ 220132.699666290660389, 2426527.293854 ], [ 220224.792685856227763, 2428509.034396341070533 ], [ 220313.823390579171246, 2429319.780539968516678 ], [ 220402.854096040653531, 2430130.276688077487051 ], [ 220782.774075737776002, 2430622.774394996464252 ], [ 220391.603871982282726, 2432066.017469122540206 ], [ 219987.590174368524458, 2432135.267081703525037 ], [ 219679.216501224640524, 2433167.512129479087889 ], [ 219073.688132534560282, 2433296.511427172925323 ], [ 218686.174299045669613, 2433721.509350426029414 ], [ 218419.253575291048037, 2434548.255385654047132 ], [ 218089.614438161224825, 2435123.252607928123325 ], [ 217668.272579749551369, 2435906.248831326607615 ], [ 217554.226120509265456, 2436725.994931074324995 ], [ 217633.475646853883518, 2437333.242069525644183 ], [ 218218.957146597327664, 2437867.239634062629193 ], [ 218755.673248748120386, 2438454.236940561328083 ], [ 218578.064633397298167, 2439022.234230258967727 ], [ 219025.484250716079259, 2439867.730306019075215 ], [ 219025.484250716079259, 2439867.730306019075215 ], [ 219533.341212830942823, 2439844.730489606037736 ], [ 219726.38704347985913, 2440701.476476721465588 ], [ 220186.275477906659944, 2440731.97639948874712 ], [ 220405.836884427146288, 2441078.724796398542821 ], [ 220405.836884427146288, 2441078.724796398542821 ], [ 219794.011670160572976, 2441055.22481893748045 ], [ 219716.277589198434725, 2441567.972391765099019 ], [ 219442.060041617311072, 2442242.219176552258432 ], [ 219013.452606103033759, 2442872.7161460891366 ], [ 220002.416597601753892, 2443337.464105653576553 ], [ 220836.131335555604892, 2443758.212246629875153 ], [ 220954.896348286070861, 2444109.210613983683288 ], [ 220708.022494459379232, 2444272.959809957072139 ], [ 220779.740840265323641, 2444727.957683322485536 ], [ 220612.757145716896048, 2445499.704037622082978 ], [ 220314.758531435451005, 2445665.703216459136456 ], [ 220389.72685416098102, 2446171.700854402966797 ], [ 220066.85327477651299, 2446898.947399983182549 ], [ 220233.508694555552211, 2447196.696029202546924 ], [ 219890.088401712069754, 2447467.19471312686801 ], [ 219757.120218784286408, 2447880.442759458906949 ], [ 219311.419156079820823, 2448155.191408459562808 ], [ 219487.918249214038951, 2448656.439090109895915 ], [ 218948.139479295001365, 2449088.186991680879146 ], [ 218914.233335093362257, 2449446.185313635040075 ], [ 219073.498187865858199, 2449591.934656530153006 ], [ 218910.811322514869971, 2450464.930555841419846 ], [ 218579.812800440151477, 2450988.928061215206981 ], [ 218656.499855023110285, 2451545.675476524978876 ], [ 218392.360337163816439, 2452423.421346397139132 ], [ 218239.59526377543807, 2453499.916312089189887 ], [ 218163.673657920851838, 2454063.413679684512317 ], [ 217641.379108371271286, 2454850.659940189216286 ], [ 217382.302042175171664, 2455830.155351489782333 ], [ 217618.207077732047765, 2456531.902132757008076 ], [ 217201.990107272722526, 2457582.147199663333595 ], [ 216990.287863751582336, 2458253.894055530428886 ], [ 216650.633133194467518, 2458663.89210375957191 ], [ 216225.072507545439294, 2459345.388882972765714 ], [ 215849.88664478957071, 2460024.135684588458389 ], [ 215221.530081608623732, 2460714.882390270009637 ], [ 214680.579410584381549, 2461095.880540601909161 ], [ 214542.126876436464954, 2461407.879077452234924 ], [ 214037.457337222411297, 2461481.628650837112218 ], [ 213856.129974206502084, 2461948.126467850059271 ], [ 214058.363223623338854, 2463008.371616630349308 ], [ 214027.082047598902136, 2463417.119728946126997 ], [ 213666.974171484209364, 2464401.115138655528426 ], [ 213456.131235349952476, 2465327.610842834226787 ], [ 213139.741928451316198, 2466156.856978838797659 ], [ 213078.960804344736971, 2467025.102984201163054 ], [ 212709.056124453316443, 2467806.099338056985289 ], [ 212472.572775873501087, 2468173.097614298574626 ], [ 212054.137055979372235, 2469007.093720195814967 ], [ 211324.952792275493266, 2469702.590404789429158 ], [ 210643.627688269858481, 2470344.587342910002917 ], [ 210095.661420559306862, 2470573.586192798800766 ], [ 209665.741413950832793, 2471153.333462331444025 ], [ 208975.088045525335474, 2472661.826445905957371 ], [ 208412.82480629440397, 2473655.571807136293501 ], [ 207640.453180702257669, 2474505.56778353638947 ], [ 206565.864171338791493, 2475420.813401918392628 ], [ 205634.555791260907426, 2476125.810004192404449 ], [ 204601.216621180064976, 2476835.556561212521046 ], [ 203713.611187943082768, 2477385.803871233481914 ], [ 202622.631678309902782, 2477945.551090491469949 ], [ 201585.308156099694315, 2478554.048097187187523 ], [ 200644.327963238436496, 2479055.795606689993292 ], [ 199939.40927686507348, 2479190.544830468483269 ], [ 199366.114839600340929, 2479930.291346209123731 ], [ 198726.66452541781473, 2480367.289215563330799 ], [ 197590.091418456169777, 2481031.535934173967689 ], [ 196794.126210038812133, 2481374.284186913631856 ], [ 196099.488663497642847, 2481712.282484565395862 ], [ 195156.336591726460028, 2482163.780204112641513 ], [ 194322.152729833178455, 2482763.027282903902233 ], [ 193495.656286370620364, 2483514.773674891795963 ], [ 192888.84624232922215, 2484613.018566326703876 ], [ 192262.520769422146259, 2485304.515285339206457 ], [ 192236.192620762594743, 2485815.262981973122805 ], [ 191650.757639975083293, 2486300.760639815125614 ], [ 191146.213032097031828, 2486375.510164416395128 ], [ 191146.213032097031828, 2486375.510164416395128 ], [ 190724.074418491625693, 2486039.011558378580958 ], [ 190785.558149365737336, 2487309.505870493128896 ], [ 190824.838987869385164, 2488122.502234708983451 ], [ 190939.869339082186343, 2489441.246358695905656 ], [ 190726.432566571282223, 2490266.242607146967202 ], [ 190752.213246462546522, 2491843.735564323142171 ], [ 191050.039770286064595, 2492746.481618501245975 ], [ 191438.850321349396836, 2493441.478627228643745 ], [ 191728.958178495551692, 2494191.225366643164307 ], [ 192110.831308563938364, 2494733.973054879345 ], [ 192707.031535046291538, 2495520.719716676976532 ], [ 193037.858023751119617, 2496065.467384051531553 ], [ 193190.138297307537869, 2497127.9627052587457 ], [ 193353.371592572599184, 2498393.457134782336652 ], [ 193351.699444997124374, 2499411.952621455769986 ], [ 193181.637520633667009, 2500082.199608872644603 ], [ 192550.843299904372543, 2500672.196828734129667 ], [ 192109.704553285235306, 2500998.445265978109092 ], [ 192114.953914501325926, 2503188.435597997158766 ], [ 192031.828882329951739, 2504618.429274033755064 ], [ 192149.234225608845009, 2505988.173279865179211 ], [ 192299.733274077618262, 2506999.668876643758267 ], [ 192500.38835252073477, 2508008.664502861443907 ], [ 192549.731600511324359, 2509024.910061060916632 ], [ 193461.430409183696611, 2510051.905809285584837 ], [ 193791.91317483279272, 2510596.403515059500933 ], [ 194043.380540520709474, 2511603.149180973414332 ], [ 194104.5361759410589, 2512873.643650406505913 ], [ 194273.55096192273777, 2513222.142174859996885 ], [ 194310.925302056362852, 2515054.134203468915075 ], [ 194119.785169447393855, 2516336.378576588351279 ], [ 193988.972840373840882, 2517819.622101519722492 ], [ 194298.439893743488938, 2519078.616724835708737 ], [ 194396.798579382710159, 2520037.862597103230655 ], [ 194661.547083337907679, 2521298.607214138843119 ], [ 195029.826376879849704, 2522605.601666040718555 ], [ 195458.292859983950621, 2524113.345276223495603 ], [ 195624.604275485064136, 2525480.089435718953609 ], [ 196227.054537733958568, 2526419.085553138982505 ], [ 196227.054537733958568, 2526419.085553138982505 ], [ 196830.52068867199705, 2526340.836041977629066 ], [ 197578.298753389070043, 2526102.837251632474363 ], [ 198043.296688268426806, 2526286.086578861344606 ], [ 198043.296688268426806, 2526286.086578861344606 ], [ 198717.309572489961283, 2525543.089937792159617 ], [ 199280.010221792297671, 2525669.589529631193727 ], [ 199873.429587994731264, 2525386.840887460391968 ], [ 200999.752747444814304, 2525688.589854272548109 ], [ 200999.752747444814304, 2525688.589854272548109 ], [ 201705.984063013922423, 2525654.590163331944495 ], [ 202451.340267499239417, 2525364.841578892897815 ], [ 203360.398827338707633, 2525323.091961657162756 ], [ 204321.144662659033202, 2525279.842358217108995 ], [ 205549.717175705474801, 2526549.337163399439305 ], [ 207411.896193706081249, 2528497.829187085386366 ], [ 208783.56190870332648, 2529608.324703468941152 ] ] ] ] } },
{ "type": "Feature", "properties": { "AREA": 1805403239.6816399, "AREA_HA": 180540.32396800001, "ID": 8, "縣市名稱": "苗栗縣" }, "geometry": { "type": "MultiPolygon", "coordinates": [ [ [ [ 237951.408142438449431, 2736249.047924979124218 ], [ 239446.934440394194098, 2736086.298544316552579 ], [ 240056.166774670302402, 2736492.547246807720512 ], [ 240818.132982592884218, 2736847.796122753992677 ], [ 240818.132982592884218, 2736847.796122753992677 ], [ 240918.898293887905311, 2736389.547626712825149 ], [ 241071.413430815155152, 2735982.29896717146039 ], [ 241425.881038648629328, 2735167.801652316469699 ], [ 241475.459034741041251, 2734303.054491656832397 ], [ 241983.347970573813654, 2734302.304516383912414 ], [ 242288.14383758828626, 2734149.305031637661159 ], [ 242846.141984928457532, 2734046.805390480905771 ], [ 243709.029743802791927, 2733893.305926384404302 ], [ 244064.575453266093973, 2733282.307946503628045 ], [ 244825.854157578229206, 2733688.556635073851794 ], [ 244825.854157578229206, 2733688.556635073851794 ], [ 245181.602979408955434, 2733434.057481665164232 ], [ 245282.555777587200282, 2733026.808823675382882 ], [ 246298.614881484361831, 2733636.306845413520932 ], [ 247263.517918380210176, 2733737.556532718706876 ], [ 247618.454244208201999, 2733126.558547357097268 ], [ 247364.392595030396478, 2732770.809713171329349 ], [ 247466.173512082372326, 2732261.811390398070216 ], [ 246602.067033330735285, 2731397.064222893677652 ], [ 246550.91096522891894, 2730736.066402207128704 ], [ 247211.033757988887373, 2730786.566248943097889 ], [ 247211.033757988887373, 2730786.566248943097889 ], [ 247668.047857803059742, 2730582.316931122448295 ], [ 247769.047526739654131, 2729971.81894880766049 ], [ 249038.19953657273436, 2728546.323680508881807 ], [ 249343.167265471769497, 2728088.075201211497188 ], [ 249901.431017658294877, 2727528.077061617281288 ], [ 251069.833344380167546, 2727527.327068204525858 ], [ 251120.051918562385254, 2726204.331459458451718 ], [ 251678.456287477252772, 2725893.082493576686829 ], [ 252643.859289687825367, 2725996.582145514898002 ], [ 252643.859289687825367, 2725996.582145514898002 ], [ 252745.140188719524303, 2725234.334679558407515 ], [ 253914.573742605600273, 2724880.085847470443696 ], [ 254269.978786368301371, 2724473.337197271175683 ], [ 254524.134175957238767, 2724320.83770159445703 ], [ 255439.06855908446596, 2723149.841590489260852 ], [ 256251.518954713304993, 2723659.089874708093703 ], [ 256810.892057899094652, 2723404.340710822958499 ], [ 257369.624527768581174, 2722894.342397833243012 ], [ 257775.435637071321253, 2722384.09409023495391 ], [ 257826.763563313987106, 2721721.596303098835051 ], [ 258334.746187751414254, 2720956.098848662804812 ], [ 258538.245474879891844, 2720395.100720976479352 ], [ 258029.497168561560102, 2719580.103469790890813 ], [ 257521.608227226504823, 2718459.857246066443622 ], [ 257369.093084504071157, 2717441.360675265546888 ], [ 256505.40850213781232, 2716677.863268407993019 ], [ 257267.765252562676324, 2715965.615649427287281 ], [ 258081.309314944199286, 2715050.618713208008558 ], [ 257979.747126611910062, 2714136.121806444134563 ], [ 258082.809254025254631, 2713628.623519774992019 ], [ 256912.860106542735593, 2712765.876474320888519 ], [ 256913.141333431121893, 2712105.878711408935487 ], [ 257015.500332934752805, 2711395.131120155565441 ], [ 257422.71764186679502, 2710225.885081481188536 ], [ 258541.432550827070372, 2710428.384358413983136 ], [ 258541.432550827070372, 2710428.384358413983136 ], [ 259101.211875217064517, 2710427.384342459496111 ], [ 259812.850030401954427, 2709967.135880743619055 ], [ 260371.879356180725154, 2709965.885862218681723 ], [ 260677.081446496100398, 2710270.63481282023713 ], [ 261286.93873719937983, 2710523.383926435373724 ], [ 261591.890847774862777, 2711133.631839025765657 ], [ 262710.49638853315264, 2711285.381267581600696 ], [ 262710.49638853315264, 2711285.381267581600696 ], [ 263676.477421535761096, 2710929.132424482610077 ], [ 264592.224306760123, 2711387.880812622606754 ], [ 264592.224306760123, 2711387.880812622606754 ], [ 265863.688658732280601, 2710982.63210694398731 ], [ 267034.059595134865958, 2710476.633744593244046 ], [ 267797.681991481338628, 2710733.382815287914127 ], [ 268560.023121292644646, 2710735.882747455965728 ], [ 269781.143958598258905, 2711095.631424852646887 ], [ 270340.39207265607547, 2711452.880163678899407 ], [ 270594.609959976281971, 2711554.879794971551746 ], [ 271357.013587367895525, 2711504.129898098763078 ], [ 271916.199205447395798, 2711860.128637723159045 ], [ 271916.199205447395798, 2711860.128637723159045 ], [ 272526.915754072309937, 2710892.881862436421216 ], [ 272375.947428860061336, 2710027.884817195590585 ], [ 273289.912977132713422, 2709519.386456744279712 ], [ 273850.160966137773357, 2708808.638819741085172 ], [ 274663.814291211892851, 2707797.142182510346174 ], [ 275019.469209893606603, 2706940.645068193785846 ], [ 276238.339890546223614, 2706090.397838013246655 ], [ 276441.526649296458345, 2705790.898839121684432 ], [ 276847.962716624140739, 2705589.399481405038387 ], [ 276641.025798347138334, 2704548.903069714549929 ], [ 276332.995520812866744, 2703803.405662305187434 ], [ 276484.807371346512809, 2702849.158921550028026 ], [ 276536.307159718649928, 2702595.409787582233548 ], [ 275869.653158168599475, 2702047.661747650243342 ], [ 275212.030447272409219, 2702059.661779798567295 ], [ 275212.030447272409219, 2702059.661779798567295 ], [ 274848.594144808710553, 2701506.413723547477275 ], [ 274980.656036727770697, 2700283.167924206703901 ], [ 274204.002371334878262, 2699229.171645195223391 ], [ 273822.159761608752888, 2697557.427465985063463 ], [ 272959.475266299210489, 2697420.178029045462608 ], [ 272041.509683275828138, 2696978.67964794440195 ], [ 271563.074036164151039, 2698665.923854063265026 ], [ 271012.325998659885954, 2699031.92263990920037 ], [ 271012.325998659885954, 2699031.92263990920037 ], [ 270149.703999129880685, 2698894.923189995344728 ], [ 269516.487313659396023, 2697329.428659674245864 ], [ 268449.553529328317381, 2697094.429560590535402 ], [ 267886.555471807776485, 2696748.930801615584642 ], [ 267718.993476304283831, 2695785.684155237860978 ], [ 267252.245059907145333, 2695132.936456589493901 ], [ 266031.186823781055864, 2694799.187702721916139 ], [ 264460.723588836146519, 2694726.188057457562536 ], [ 263582.35160740109859, 2693674.441767370793968 ], [ 262906.635173453483731, 2692669.945303737185895 ], [ 262483.261601861042436, 2691609.699024661909789 ], [ 261164.86000002847868, 2691481.699535515159369 ], [ 260240.14447869869764, 2690735.952180881518871 ], [ 259219.179316261026543, 2690246.453932233620435 ], [ 258518.93181520170765, 2690768.452131689526141 ], [ 258518.93181520170765, 2690768.452131689526141 ], [ 257703.762811293534469, 2690478.703170321881771 ], [ 257544.45085995880072, 2690074.704587802756578 ], [ 256219.79928314613062, 2689591.206314253155142 ], [ 255603.582703254505759, 2689145.45788839738816 ], [ 255479.348733361810446, 2687825.212520068045706 ], [ 254161.29091097228229, 2687748.712810086086392 ], [ 253313.918932129570749, 2688527.960086050443351 ], [ 252062.423379408981418, 2689365.707158785313368 ], [ 250688.77200444941991, 2691833.948530462104827 ], [ 250688.77200444941991, 2691833.948530462104827 ], [ 250024.477475088788196, 2691490.699725980404764 ], [ 248717.653963594581001, 2692024.947849691379815 ], [ 247300.112092755385675, 2692052.69773164531216 ], [ 246040.600908050895669, 2692382.44655478419736 ], [ 244524.043756472325185, 2692514.446052685845643 ], [ 243621.593801034527132, 2692990.19436464831233 ], [ 243621.593801034527132, 2692990.19436464831233 ], [ 243105.736261766578536, 2692491.696083277929574 ], [ 242141.036546044895658, 2692358.696508770342916 ], [ 241919.756116782897152, 2691345.70003452943638 ], [ 242205.630143172107637, 2690373.453444487880915 ], [ 242088.989962126797764, 2689562.206278066616505 ], [ 242318.192322638875339, 2688285.960759785957634 ], [ 241346.75829106834135, 2687796.962433400098234 ], [ 239720.264080322929658, 2687550.963216472882777 ], [ 238602.814921014738502, 2687637.212851356714964 ], [ 238602.814921014738502, 2687637.212851356714964 ], [ 237239.694770508009242, 2687532.213136183097959 ], [ 235940.480667471565539, 2687090.21460069110617 ], [ 235121.60859521428938, 2686868.715319549199194 ], [ 233742.535357620712603, 2687096.214413442183286 ], [ 232774.741904345428338, 2687332.713502312079072 ], [ 232258.25930924952263, 2687984.961168161127716 ], [ 231637.558312795532402, 2688838.708119238261133 ], [ 231070.91963357917848, 2689540.955607382114977 ], [ 230205.844532307382906, 2689983.203977291006595 ], [ 229700.283819060685346, 2690025.203780785668641 ], [ 228538.319166051252978, 2690207.703023681882769 ], [ 227423.198072836559732, 2690594.951549950521439 ], [ 225847.969193279044703, 2691281.948970815166831 ], [ 225489.345419842866249, 2691632.697703671175987 ], [ 224924.39422467793338, 2692184.945708910468966 ], [ 224157.615601608675206, 2692835.193347255699337 ], [ 223236.571860246360302, 2693735.44009492918849 ], [ 222119.18509397780872, 2694326.937889792490751 ], [ 221560.702659191185376, 2694521.687136937398463 ], [ 220446.644040924642468, 2694809.435981527436525 ], [ 220038.598558707773918, 2695108.934882603120059 ], [ 219068.523757230694173, 2695707.432662731036544 ], [ 218289.276278997713234, 2697123.427635591477156 ], [ 217575.997461401537294, 2697571.67597384005785 ], [ 217469.919660368206678, 2697875.92490433389321 ], [ 216752.547069949039724, 2698527.67253719130531 ], [ 216439.31367659982061, 2699236.170038840733469 ], [ 216027.986916218593251, 2699688.668410269543529 ], [ 214958.584304571995744, 2700283.916180414613336 ], [ 213985.993795331945876, 2701185.412908697966486 ], [ 213512.104591166687896, 2702500.65830089058727 ], [ 212855.481762224924751, 2703145.655969436280429 ], [ 212549.998341182712466, 2703746.653851646929979 ], [ 212245.124355767911766, 2703995.652942805550992 ], [ 212590.341839657747187, 2704359.151757893152535 ], [ 212590.341839657747187, 2704359.151757893152535 ], [ 212793.388036028889474, 2704210.402303898707032 ], [ 213177.292885462666163, 2704581.901097910478711 ], [ 213768.978179495985387, 2705439.398263261187822 ], [ 214589.443993799970485, 2705959.396623838227242 ], [ 215116.988984756026184, 2706285.895595524925739 ], [ 214915.520906304300297, 2706441.645029410719872 ], [ 215021.61422854414559, 2706796.393834603950381 ], [ 215486.284401754295686, 2707350.892017864156514 ], [ 215597.237015510647325, 2708113.639433139469475 ], [ 216620.795897746545961, 2708609.88790706731379 ], [ 216829.029488405940356, 2709014.886560261249542 ], [ 216626.686419821839081, 2709119.636171362828463 ], [ 217193.387492967303842, 2709723.634204836096615 ], [ 217355.277439101948403, 2710485.131640432402492 ], [ 218029.915559996530646, 2711648.12779487343505 ], [ 218563.538407446147176, 2713729.870822474360466 ], [ 218986.396126485080458, 2715099.866255360655487 ], [ 219461.08179176656995, 2716519.861535717267543 ], [ 219980.1423866043624, 2717430.608544192276895 ], [ 220627.936887656396721, 2718586.604749678168446 ], [ 220965.79489814065164, 2720106.849695527926087 ], [ 221764.526370167906862, 2721490.095173383597285 ], [ 222067.025316524232039, 2721697.094521776773036 ], [ 222061.79089718934847, 2722154.842990720178932 ], [ 223782.034983950288733, 2722836.590937857981771 ], [ 223782.034983950288733, 2722836.590937857981771 ], [ 224697.391266709193587, 2722796.59118526475504 ], [ 224839.593804717907915, 2723663.088311119936407 ], [ 225188.342552102578338, 2724277.836304309312254 ], [ 225589.388012190262089, 2724791.084642639849335 ], [ 225784.54351977375336, 2725505.582288101315498 ], [ 226434.94747203058796, 2726429.079294129740447 ], [ 226838.539834486524342, 2726688.078479868825525 ], [ 227738.067919408349553, 2727970.824324391782284 ], [ 232246.818320523336297, 2728941.071552888955921 ], [ 232904.409834518854041, 2729316.070368851069361 ], [ 233397.814332160982303, 2730543.566354048904032 ], [ 233953.249953841441311, 2730804.815536734182388 ], [ 235461.744818824430695, 2732095.561396352946758 ], [ 236010.727305957872886, 2732916.558733202517033 ], [ 236693.974876768974354, 2735266.301063590217382 ], [ 237951.408142438449431, 2736249.047924979124218 ] ] ] ] } },
{ "type": "Feature", "properties": { "AREA": 1229964637.9277301, "AREA_HA": 122996.463793, "ID": 4, "縣市名稱": "桃園縣" }, "geometry": { "type": "MultiPolygon", "coordinates": [ [ [ [ 274565.475260586536024, 2744531.520141528919339 ], [ 272739.637390200281516, 2743664.023135790135711 ], [ 272180.389332345046569, 2744681.019900570157915 ], [ 272180.389332345046569, 2744681.019900570157915 ], [ 271013.799373571062461, 2744425.520835504401475 ], [ 270708.987881571578328, 2744527.020534818060696 ], [ 270962.080849820340518, 2744985.269031077623367 ], [ 270555.675979816645849, 2745493.767425297759473 ], [ 270555.675979816645849, 2745493.767425297759473 ], [ 270150.333529710187577, 2745239.018283273559064 ], [ 269438.992177500971593, 2746001.515882716048509 ], [ 267916.747193408082239, 2746508.764368940610439 ], [ 267916.309725836385041, 2746865.263220184482634 ], [ 267409.123918940487783, 2747322.761785019189119 ], [ 266139.971850034839008, 2747881.760076398495585 ], [ 265733.691970022278838, 2748492.258141004946083 ], [ 265834.754191971907858, 2749153.75600944692269 ], [ 265885.097817522881087, 2749662.504373307805508 ], [ 266240.065446467837319, 2750069.753043236676604 ], [ 266137.253407790500205, 2751697.997836643829942 ], [ 266136.878436906146817, 2752054.246697594877332 ], [ 265375.318451437517069, 2752715.244636511430144 ], [ 265375.318451437517069, 2752715.244636511430144 ], [ 264666.164494770753663, 2752714.994682144373655 ], [ 264158.978631485020742, 2752663.744876455049962 ], [ 263804.011002267885488, 2752256.496198024600744 ], [ 262487.31214408040978, 2752347.245980007108301 ], [ 261116.222867256437894, 2753018.743902043905109 ], [ 261318.565991068229778, 2753527.742268851026893 ], [ 261065.098106329533039, 2754392.73952353047207 ], [ 261065.098106329533039, 2754392.73952353047207 ], [ 259392.072235484811245, 2753985.490889884531498 ], [ 258682.02766567908111, 2754290.739942693617195 ], [ 257212.094918163318653, 2754544.989178065676242 ], [ 257059.345421382400673, 2754850.238210360519588 ], [ 255843.05247701794724, 2755155.737267154734582 ], [ 255994.59888578299433, 2755919.234836511779577 ], [ 256045.254987629479729, 2756427.98321946663782 ], [ 256349.285287806967972, 2757343.480308033525944 ], [ 255994.677063823066419, 2757750.729025203734636 ], [ 255994.505202699336223, 2758208.72757437126711 ], [ 255944.239752180350479, 2758666.726125858724117 ], [ 255284.679368110460928, 2758717.975976760033518 ], [ 254626.525240674964152, 2759277.724217700771987 ], [ 254271.292006742907688, 2759430.223741028923541 ], [ 253967.667985001578927, 2759735.722779654897749 ], [ 253967.667985001578927, 2759735.722779654897749 ], [ 253105.592615036090137, 2759430.973751495592296 ], [ 252852.171546024124837, 2759023.725040956400335 ], [ 251483.785308939230163, 2759380.473918681032956 ], [ 250825.037420222273795, 2759685.972952992189676 ], [ 250825.037420222273795, 2759685.972952992189676 ], [ 250571.553855107427808, 2759075.474881949368864 ], [ 249963.649553278868552, 2759024.725039512850344 ], [ 249608.431942238938063, 2758770.725840539671481 ], [ 249253.979954635316972, 2758516.47664197999984 ], [ 248982.058949256315827, 2759039.474984702654183 ], [ 249330.370331245532725, 2759552.973364867735654 ], [ 249573.900799756695051, 2760319.970944857224822 ], [ 250277.304800396261271, 2760787.219475163146853 ], [ 251120.0677394324739, 2762223.464952742215246 ], [ 251670.800362578360364, 2762790.963167539797723 ], [ 251907.940243273042142, 2764015.709319941699505 ], [ 251944.049513997102622, 2765135.705808184575289 ], [ 252287.439058928954182, 2766056.702923914417624 ], [ 253087.420909142063465, 2766831.200497509445995 ], [ 253331.40452308676322, 2767547.198259592056274 ], [ 254425.947967860789504, 2769038.193598851095885 ], [ 255425.726089881645748, 2770069.690373043529689 ], [ 256936.690098847582703, 2770650.43853443628177 ], [ 257692.531479529949138, 2770915.187691546976566 ], [ 259996.89931732552941, 2772729.181988054420799 ], [ 261304.926498206856195, 2773358.679984064772725 ], [ 263723.262722252693493, 2774156.927392170298845 ], [ 265845.631097479665186, 2774391.176537120249122 ], [ 268008.624413373006973, 2775339.173456930089742 ], [ 268103.467907472630031, 2775798.67203359073028 ], [ 270413.273327020637225, 2777105.167822133284062 ], [ 271668.769487857643981, 2777785.665617424063385 ], [ 272929.421845848206431, 2778059.164656022097915 ], [ 273333.201852313824929, 2778167.164284027181566 ], [ 273581.107372659724206, 2778527.163154087029397 ], [ 273581.107372659724206, 2778527.163154087029397 ], [ 274037.512193250935525, 2778432.413397631142288 ], [ 274789.916161184082739, 2778901.661878542043269 ], [ 275241.946033091575373, 2779112.161184165161103 ], [ 275796.350582083803602, 2779273.6606276310049 ], [ 276349.880141149915289, 2779485.659915208816528 ], [ 276349.880141149915289, 2779485.659915208816528 ], [ 278130.74952221912099, 2778800.41180260386318 ], [ 278787.747483168379404, 2778810.911688364110887 ], [ 278794.8411471027066, 2778352.663092894013971 ], [ 278648.622801704157609, 2777994.164211571216583 ], [ 279259.308367879770231, 2777749.164886265527457 ], [ 279520.526225663546938, 2777193.416560021229088 ], [ 279973.39983885345282, 2777352.916010514367372 ], [ 279973.39983885345282, 2777352.916010514367372 ], [ 280634.022753882105462, 2777159.916515627410263 ], [ 280742.866089317714795, 2776652.668060869909823 ], [ 282162.236638364382088, 2776471.168422689195722 ], [ 283282.045585490763187, 2776082.169458395801485 ], [ 283747.762767595646437, 2775376.421563688199967 ], [ 284965.352657806186471, 2775030.172446321696043 ], [ 285109.789669573830906, 2774812.423095703125 ], [ 285028.539849786960986, 2774379.174445427954197 ], [ 284524.822647757129744, 2774218.425019257236272 ], [ 284731.978190409310628, 2773865.426077983807772 ], [ 285383.444982356799301, 2774333.674530594609678 ], [ 285383.444982356799301, 2774333.674530594609678 ], [ 285437.976018257439137, 2774080.175304966047406 ], [ 285637.694170534668956, 2774236.174791587051004 ], [ 285637.694170534668956, 2774236.174791587051004 ], [ 285792.912400186876766, 2774034.925388725474477 ], [ 285141.289367324789055, 2773617.176781970541924 ], [ 285952.880552561953664, 2773477.677085408009589 ], [ 286008.317825789621565, 2773173.178018282167614 ], [ 287017.720944431261159, 2773341.927332963328809 ], [ 287017.720944431261159, 2773341.927332963328809 ], [ 287484.500604551343713, 2772636.929437211714685 ], [ 288337.623018112732098, 2773108.927833020221442 ], [ 288749.87164201727137, 2772657.929158259183168 ], [ 289100.308083249547053, 2772866.928450673818588 ], [ 289353.526040580414701, 2772870.928394191432744 ], [ 289353.526040580414701, 2772870.928394191432744 ], [ 289259.369998062960804, 2772411.429833167232573 ], [ 289007.964516309089959, 2772305.43020509975031 ], [ 289063.464284529094584, 2772000.931138989981264 ], [ 289722.649698739754967, 2771909.931305521633476 ], [ 290587.021939071069937, 2771669.681896024383605 ], [ 290438.303615432232618, 2771463.432562455534935 ], [ 289782.899391957034823, 2771300.183185835834593 ], [ 290547.553172619605903, 2770956.434115884359926 ], [ 291055.14530893455958, 2770863.184313206002116 ], [ 290199.991684274747968, 2770543.435460794717073 ], [ 289642.524695267667994, 2770584.935430709738284 ], [ 289642.524695267667994, 2770584.935430709738284 ], [ 290409.17843734723283, 2770088.936835352797061 ], [ 290516.615519539802335, 2769683.438076842576265 ], [ 290064.491902131121606, 2769472.438814301975071 ], [ 290837.676797804189846, 2768619.691330134868622 ], [ 291707.048945537710097, 2768073.942871418781579 ], [ 291355.800012272608001, 2767864.943588274065405 ], [ 289739.586311313672923, 2767583.944756449665874 ], [ 289644.492783023626544, 2767174.946049914695323 ], [ 290617.552069924073294, 2766478.198053121566772 ], [ 290930.269720271055121, 2765923.699730443768203 ], [ 290273.834267156373244, 2765759.950361257884651 ], [ 289626.679928177443799, 2765036.95274017797783 ], [ 288913.463495538337156, 2765330.70194450719282 ], [ 288913.463495538337156, 2765330.70194450719282 ], [ 288720.307742518023588, 2764716.953900762367994 ], [ 289029.244205347262323, 2764416.454789562616497 ], [ 287322.936932693235576, 2763370.958360115997493 ], [ 286661.564069975400344, 2763563.707863211166114 ], [ 286661.564069975400344, 2763563.707863211166114 ], [ 286460.939680168463383, 2763407.958384891506284 ], [ 285902.285222652659286, 2763500.708183228969574 ], [ 285595.067492471425794, 2763750.207448522560298 ], [ 285595.067492471425794, 2763750.207448522560298 ], [ 285090.069078748463653, 2763640.707871329504997 ], [ 284378.821363058930729, 2763781.457538683898747 ], [ 284378.821363058930729, 2763781.457538683898747 ], [ 283875.729168804595247, 2763519.208438116591424 ], [ 283217.950008497573435, 2763508.958567912690341 ], [ 282971.919458664546255, 2762995.960215446539223 ], [ 282876.575946829572786, 2762587.211514367256314 ], [ 283231.668567108805291, 2762592.711445195134729 ], [ 283231.668567108805291, 2762592.711445195134729 ], [ 283486.980230043176562, 2762443.961875502951443 ], [ 283085.512716709461529, 2762183.212754887063056 ], [ 283342.605607095407322, 2761932.713505662977695 ], [ 283301.824380079691764, 2761270.715596848167479 ], [ 283216.418238209851552, 2760251.21882469765842 ], [ 283576.260781298507936, 2759900.719878161326051 ], [ 283175.6995034806896, 2759537.971083077602088 ], [ 282123.483997728209943, 2758757.973700829315931 ], [ 282639.607249332650099, 2758155.475534061901271 ], [ 282542.451262285292614, 2757848.476520514115691 ], [ 282947.73121354659088, 2757854.726442028302699 ], [ 283552.885557588364463, 2758067.975677637849003 ], [ 283552.885557588364463, 2758067.975677637849003 ], [ 284216.289631890889723, 2757773.226512005552649 ], [ 283815.572115963848773, 2757461.727559331338853 ], [ 282957.762325609859545, 2757193.478536541108042 ], [ 282507.919954335025977, 2756779.229915550909936 ], [ 282615.200795500015374, 2756373.481188079807907 ], [ 283084.230400240572635, 2755515.733845395967364 ], [ 282783.387585272837896, 2755307.234552141278982 ], [ 282791.481228251883294, 2754798.486169632524252 ], [ 282487.95094738289481, 2754742.736390873789787 ], [ 282999.761742552160285, 2754394.737424882128835 ], [ 283603.29109832062386, 2754709.736333084758371 ], [ 283603.29109832062386, 2754709.736333084758371 ], [ 283808.665412046364509, 2754560.236778425518423 ], [ 283661.415836336265784, 2754252.487780525814742 ], [ 283766.977946186903864, 2753948.738732592668384 ], [ 284476.819408276525792, 2753959.988589709624648 ], [ 284476.819408276525792, 2753959.988589709624648 ], [ 284736.03725423006108, 2753557.239833812229335 ], [ 284544.319002984033432, 2752841.242147722281516 ], [ 285209.00428754335735, 2752444.493312053382397 ], [ 285772.752395846298896, 2752046.244496013503522 ], [ 285829.158401607826818, 2751690.995622884947807 ], [ 285731.002433746936731, 2751485.99629416782409 ], [ 284925.536228973884135, 2751116.99760095635429 ], [ 284782.099090109230019, 2750503.749586910940707 ], [ 285293.0973910720204, 2750257.500296661630273 ], [ 285902.282907973509282, 2750216.250332864001393 ], [ 286164.31321044586366, 2749660.252073891460896 ], [ 285813.376804527826607, 2749400.252964039333165 ], [ 285514.346463502210099, 2749039.504169257357717 ], [ 284652.224271188373677, 2749076.504184466786683 ], [ 284652.224271188373677, 2749076.504184466786683 ], [ 284147.694625552976504, 2748865.00494049815461 ], [ 284152.163318844279274, 2748610.50575737003237 ], [ 284255.975447737961076, 2748408.75639005145058 ], [ 285117.128907742211595, 2748473.256050470750779 ], [ 285674.470855494611897, 2748533.00577107258141 ], [ 285674.470855494611897, 2748533.00577107258141 ], [ 286393.124662698479369, 2747933.757582785561681 ], [ 287156.153403954405803, 2747793.257910144980997 ], [ 288024.713003994664177, 2747400.009030704852194 ], [ 288580.398714860435575, 2747511.008578859269619 ], [ 288981.303718340408523, 2747823.007505872286856 ], [ 289125.647095541993622, 2748334.005837541073561 ], [ 289733.0826316177845, 2748394.755535831674933 ], [ 290032.925466781831346, 2748705.004485738929361 ], [ 290032.925466781831346, 2748705.004485738929361 ], [ 290547.142446813522838, 2748204.506001910660416 ], [ 291001.64100025978405, 2748364.755404365248978 ], [ 291001.64100025978405, 2748364.755404365248978 ], [ 292182.730715288373176, 2747417.008233902510256 ], [ 292136.605802920239512, 2747111.009227922186255 ], [ 292399.854820492095314, 2746504.761131500359625 ], [ 292857.478308602061588, 2746410.511348381172866 ], [ 293433.132447060605045, 2745299.764821364078671 ], [ 294095.47399221744854, 2745107.265313712880015 ], [ 294310.754375339485705, 2744347.267727410886437 ], [ 294274.316797546460293, 2743430.520701315253973 ], [ 294583.815718818223104, 2743130.521611663978547 ], [ 295144.47008895885665, 2742936.272128645330667 ], [ 295605.031024592928588, 2742689.272835886571556 ], [ 295113.81366077857092, 2741663.526263388805091 ], [ 294559.971672606247012, 2741399.527231653686613 ], [ 294513.721769362688065, 2741144.028070821426809 ], [ 294114.754231169237755, 2740679.279660413041711 ], [ 293508.849939724896103, 2740516.780307312961668 ], [ 293208.88211147999391, 2740206.281375640071929 ], [ 292965.414034653804265, 2739591.53342372039333 ], [ 293495.380728980584536, 2738124.288105536717921 ], [ 293554.817925415816717, 2737616.539751954842359 ], [ 293966.628979350090958, 2737216.040980094112456 ], [ 293821.254372847266495, 2736806.542347525246441 ], [ 294081.065927207935601, 2736403.543615012429655 ], [ 293987.722377118770964, 2735892.795305506326258 ], [ 294758.313444826460909, 2735294.797112099826336 ], [ 295132.530699238821398, 2734130.550856608431786 ], [ 295492.435687978402711, 2733831.051767406053841 ], [ 295605.091406402585562, 2733120.304080463014543 ], [ 296724.118904692644719, 2732986.30429025599733 ], [ 297085.961359540175181, 2732585.305533786769956 ], [ 297498.772393448103685, 2732185.056764046195894 ], [ 298058.801757117093075, 2732092.806948104407638 ], [ 298068.582832114887424, 2731482.308957590255886 ], [ 298124.45757474808488, 2731177.809949594084173 ], [ 298238.207017026434187, 2730415.812439550645649 ], [ 298556.018265462946147, 2729607.065042475704104 ], [ 298204.425549101375509, 2729002.317118550185114 ], [ 298052.769723344186787, 2728646.068330180831254 ], [ 297748.926907517714426, 2728288.819578382186592 ], [ 297598.521043603890575, 2727779.821296846494079 ], [ 297804.363915086607449, 2726966.573950115591288 ], [ 297806.019994208822027, 2726254.07631554082036 ], [ 297908.988327513448894, 2725949.327306016348302 ], [ 298417.549095154507086, 2725849.077529566828161 ], [ 298469.67378842557082, 2725289.82937795529142 ], [ 298573.173332477279473, 2724832.330877826083452 ], [ 298523.079691185441334, 2724578.081735333893448 ], [ 297914.831655905465595, 2724220.833056679926813 ], [ 297103.490499138191808, 2723609.335267488844693 ], [ 296548.929650466830935, 2722642.588609921280295 ], [ 295638.651169368356932, 2721267.843393336981535 ], [ 294776.310236698598601, 2720807.345109126064926 ], [ 294420.311430590751115, 2720754.845355835277587 ], [ 294114.656193454866298, 2720652.095760395284742 ], [ 293250.06542405532673, 2720903.845086026005447 ], [ 292384.599718439974822, 2721461.09338639350608 ], [ 292282.193898353900295, 2721868.092044653836638 ], [ 291874.882785460678861, 2721918.091953849885613 ], [ 291874.882785460678861, 2721918.091953849885613 ], [ 290812.542364387132693, 2720594.346579395700246 ], [ 289898.389111473341472, 2720082.598458507098258 ], [ 289339.109747040900402, 2720029.598734837491065 ], [ 288321.050782608857844, 2720483.84738831454888 ], [ 287709.584178140794393, 2720888.346136928535998 ], [ 286843.431024003191851, 2721800.843227134086192 ], [ 286893.118447086424567, 2722309.591518538072705 ], [ 286331.870477766380645, 2723070.589068475179374 ], [ 286786.931596395850647, 2723936.58610608195886 ], [ 286988.21235061227344, 2724954.582682389300317 ], [ 285818.966330206952989, 2725205.582035852130502 ], [ 285664.248276892001741, 2726222.578679247293621 ], [ 285865.966446614591405, 2726782.826786801684648 ], [ 285813.716763491742313, 2727596.574095490854234 ], [ 286067.497342186747119, 2728623.320653430186212 ], [ 285457.468187187216245, 2728927.319744043517858 ], [ 285457.468187187216245, 2728927.319744043517858 ], [ 285051.438287443073932, 2728875.819977861829102 ], [ 284847.470228697929997, 2728926.069843137171119 ], [ 284847.470228697929997, 2728926.069843137171119 ], [ 284543.596220117527992, 2728772.820396977011114 ], [ 284592.939916026429273, 2729434.568200182169676 ], [ 284235.191290015936829, 2730502.314727019052953 ], [ 283114.66401082027005, 2731925.06020190147683 ], [ 282657.415550749457907, 2732026.059935570694506 ], [ 282250.760695551463868, 2732279.559159080963582 ], [ 282250.760695551463868, 2732279.559159080963582 ], [ 280829.765360315563157, 2731819.060873607639223 ], [ 280575.01626236923039, 2732175.059735435526818 ], [ 280676.140978477604222, 2732531.308548900298774 ], [ 280827.234293885878287, 2732989.557020700536668 ], [ 280877.296688316564541, 2733396.805674631614238 ], [ 281535.794654221332166, 2734415.802236893679947 ], [ 281381.951539060042705, 2735229.549588908907026 ], [ 280262.95539996563457, 2736245.296413497067988 ], [ 280515.017193293722812, 2737110.793548569083214 ], [ 280920.047218117571902, 2737874.540998369455338 ], [ 281121.32791838265257, 2738638.038479038048536 ], [ 280612.64221810788149, 2739451.285897188819945 ], [ 279901.457099337712862, 2739704.535167073830962 ], [ 279444.052400223095901, 2740009.284234778955579 ], [ 278987.085169677913655, 2740110.283964660484344 ], [ 278834.58570751931984, 2740364.533156806603074 ], [ 278275.806311035878025, 2740465.282899104990065 ], [ 277920.18252992030466, 2740821.031786100007594 ], [ 277920.18252992030466, 2740821.031786100007594 ], [ 277513.902596170140896, 2740667.532334540039301 ], [ 277462.871575193887111, 2741125.780851065181196 ], [ 276700.561641507316381, 2741582.779456886462867 ], [ 276294.406752274837345, 2741785.528845745604485 ], [ 276343.625457676127553, 2742701.525868461001664 ], [ 275683.78389177803183, 2742853.775449977256358 ], [ 275226.410441980231553, 2743260.024184511043131 ], [ 274819.349368456227239, 2744022.521760477684438 ], [ 274565.475260586536024, 2744531.520141528919339 ] ] ] ] } },
{ "type": "Feature", "properties": { "AREA": 173578964.08007801, "AREA_HA": 17357.896408000001, "ID": 23, "縣市名稱": "高雄市" }, "geometry": { "type": "MultiPolygon", "coordinates": [ [ [ [ 182170.390392993402202, 2498456.703571272082627 ], [ 182410.826903643377591, 2498190.704827191308141 ], [ 184250.943575983605115, 2498459.704212583601475 ], [ 184665.972909248928772, 2498643.953524004667997 ], [ 184665.972909248928772, 2498643.953524004667997 ], [ 185298.173211310873739, 2498621.203818567097187 ], [ 185652.702879448712338, 2498604.454000690020621 ], [ 185734.124518244061619, 2498193.205848537851125 ], [ 186384.512287141871639, 2498009.456859450787306 ], [ 186969.322316215955652, 2497523.45919011393562 ], [ 187031.041039634990739, 2496705.462840085849166 ], [ 187218.82154314609943, 2496390.96429278049618 ], [ 187563.148189755826024, 2496170.965372153092176 ], [ 187626.16345570483827, 2496422.714271981269121 ], [ 187626.16345570483827, 2496422.714271981269121 ], [ 187874.428001039050287, 2496308.964850220363587 ], [ 187945.662241393642034, 2495694.717601578217 ], [ 187728.663305159076117, 2495399.218852014746517 ], [ 188111.20860492286738, 2494922.721083943266422 ], [ 187617.258248040161561, 2493112.479003256652504 ], [ 186296.733271681732731, 2492054.733329774811864 ], [ 185321.86273237891146, 2491845.983966749161482 ], [ 184821.209022630820982, 2490952.987803010735661 ], [ 184207.180909117159899, 2489810.742722017224878 ], [ 183786.495074764738092, 2490543.989311093930155 ], [ 182993.904775931296172, 2490938.237299850210547 ], [ 182770.593081028957386, 2491560.234450015705079 ], [ 182184.89243820757838, 2492046.482092430349439 ], [ 181694.2695413188776, 2492375.48046667361632 ], [ 181275.583667051338125, 2493159.22683543106541 ], [ 180870.710483914939687, 2493178.726617049891502 ], [ 180232.338210565329064, 2493616.724455981981009 ], [ 179556.731639378209366, 2494311.221139071974903 ], [ 179644.215361302631209, 2495071.217785099521279 ], [ 179256.748224021022907, 2495446.215988140553236 ], [ 178811.328272362559801, 2495671.464837736450136 ], [ 178391.064280289690942, 2496404.46143851429224 ], [ 177201.319060005509527, 2497989.703997414559126 ], [ 176287.510292495862814, 2499001.449197651818395 ], [ 175449.279120077873813, 2500519.192187078297138 ], [ 175047.21839126033592, 2500589.191736057400703 ], [ 174832.203444406186463, 2501363.688236511312425 ], [ 174234.877900711551774, 2501596.186997324228287 ], [ 174667.391398000589106, 2502135.434769498184323 ], [ 174368.736063462070888, 2503270.679654577746987 ], [ 174004.299880044243764, 2504103.175855420529842 ], [ 173465.099013031111099, 2504485.92397647863254 ], [ 172913.850655421672855, 2506651.664251994807273 ], [ 173088.646586473856587, 2507101.662338924594223 ], [ 173723.299824447691208, 2507631.410242100711912 ], [ 174306.953290919511346, 2508163.408116783946753 ], [ 174699.560653628985165, 2508908.65498905396089 ], [ 174431.139700857107528, 2509634.651713934261352 ], [ 174762.341161701100646, 2510178.899449090939015 ], [ 174762.341161701100646, 2510178.899449090939015 ], [ 174774.982009981002193, 2509414.402800222393125 ], [ 175058.262159587524366, 2508993.154745484236628 ], [ 175541.494200998626184, 2509530.152563042473048 ], [ 175313.588770639937138, 2510050.900203497614712 ], [ 175472.666139870067127, 2510195.3996268841438 ], [ 175492.697154092253186, 2510602.397853465750813 ], [ 175300.916674543870613, 2510815.146855766419321 ], [ 175664.774374597211136, 2511001.39616888994351 ], [ 175326.166378735942999, 2511323.394642945379019 ], [ 175684.805389459128492, 2511407.89439918845892 ], [ 175601.1493786565552, 2511768.392795049119741 ], [ 175355.822276823892025, 2511933.141989563126117 ], [ 175355.822276823892025, 2511933.141989563126117 ], [ 174645.575417425425258, 2511916.391812255606055 ], [ 174731.825149862939725, 2511606.893194707110524 ], [ 174655.622546267724829, 2511101.14537794329226 ], [ 174135.281198182259686, 2510820.396420450881124 ], [ 174264.264799467200646, 2511374.644043587613851 ], [ 174235.999130194279132, 2511834.392025018110871 ], [ 173970.281266242323909, 2512611.388537943828851 ], [ 173694.922893152921461, 2513184.885937441140413 ], [ 174288.810630411899183, 2513920.382943342905492 ], [ 174923.13576910449774, 2514449.880861644633114 ], [ 175946.896814799692947, 2514655.130326699465513 ], [ 176275.332693103264319, 2515148.628292705863714 ], [ 176596.737408145680092, 2515489.876919287722558 ], [ 176596.737408145680092, 2515489.876919287722558 ], [ 177092.46968464818201, 2515262.128080546390265 ], [ 177400.87454799504485, 2515349.127807530108839 ], [ 177400.87454799504485, 2515349.127807530108839 ], [ 177810.154326856078114, 2514412.632023442070931 ], [ 178181.68382363152341, 2514751.630673087202013 ], [ 178181.68382363152341, 2514751.630673087202013 ], [ 178467.542069755552802, 2514381.132382767274976 ], [ 178831.274779657425825, 2514567.381693721283227 ], [ 178831.274779657425825, 2514567.381693721283227 ], [ 179438.506492893968243, 2514538.13202361529693 ], [ 179309.038153159141075, 2515002.629958528559655 ], [ 179723.676891897834139, 2515186.629295246675611 ], [ 179723.676891897834139, 2515186.629295246675611 ], [ 180118.393981867702678, 2514964.130393762607127 ], [ 180277.361983667477034, 2515109.129814807325602 ], [ 180277.361983667477034, 2515109.129814807325602 ], [ 180623.751142624532804, 2514939.630665975157171 ], [ 180939.109050322440453, 2515179.379725338891149 ], [ 180755.062861752463505, 2515544.628076457418501 ], [ 180736.953343338420382, 2516207.875186696182936 ], [ 180895.905721611983608, 2516352.874608224723488 ], [ 180738.749850938766031, 2517277.12054278049618 ], [ 180951.201979056088021, 2517470.869770879391581 ], [ 180951.201979056088021, 2517470.869770879391581 ], [ 181401.168796805723105, 2517347.370452592149377 ], [ 181843.416948272817535, 2517071.621792268939316 ], [ 182061.10373171462561, 2516348.37500372948125 ], [ 182296.102820962725673, 2515979.876680416055024 ], [ 182228.681358342582826, 2515626.628194956574589 ], [ 182471.430362079787301, 2515411.62920746859163 ], [ 182236.540983675105963, 2514760.631965664215386 ], [ 182317.759511544951238, 2514349.383782304357737 ], [ 181796.886896678479388, 2514068.634838726371527 ], [ 181733.824757708323887, 2513816.885915537364781 ], [ 181661.231478219298879, 2513362.137874516192824 ], [ 180889.797449940728256, 2513144.138575534336269 ], [ 181186.124665153038222, 2511958.643845492508262 ], [ 180885.438470004795818, 2512023.893463004380465 ], [ 180885.438470004795818, 2512023.893463004380465 ], [ 181059.984765231405618, 2511455.146003970876336 ], [ 180557.096335128793726, 2511530.145512539893389 ], [ 180557.096335128793726, 2511530.145512539893389 ], [ 180081.864188650826691, 2511145.397038072813302 ], [ 179867.505843511229614, 2510901.148035237099975 ], [ 180563.065711264702259, 2509594.403981305658817 ], [ 180487.831839754799148, 2509088.656171847134829 ], [ 180677.127965614956338, 2508824.907389329746366 ], [ 180922.548809143539984, 2508660.408190221060067 ], [ 180897.486590703862021, 2508151.910411550663412 ], [ 181808.326319247222273, 2508108.660895586479455 ], [ 182261.168086562305689, 2508036.16135846497491 ], [ 181778.123530005803332, 2507498.913560975342989 ], [ 181894.842000106495107, 2506780.16675418894738 ], [ 181381.469320893200347, 2506651.917152358684689 ], [ 182052.216606622881955, 2505855.920866384170949 ], [ 182684.963972341094632, 2505316.423440739978105 ], [ 183291.77378482389031, 2505287.423759902827442 ], [ 183023.353350080054952, 2504526.927022757008672 ], [ 183259.352419366157847, 2504159.42871562205255 ], [ 182847.041797670914093, 2504025.929173620883375 ], [ 182573.933767234819243, 2503631.680824598763138 ], [ 182509.059155201772228, 2503329.182137452531606 ], [ 182698.46464773642947, 2503065.433360735885799 ], [ 182686.355409684911137, 2502811.434477247297764 ], [ 182276.576012956094928, 2502729.184709870256484 ], [ 181962.796223834098782, 2502540.435442389454693 ], [ 181839.187549599504564, 2502087.937400055117905 ], [ 181482.954774790850934, 2502053.93743565864861 ], [ 181270.299537964048795, 2501860.18822252471 ], [ 180708.364570303354412, 2501784.938372279983014 ], [ 181202.018710563395871, 2501506.939760849811137 ], [ 181556.485884112364147, 2501490.189949276857078 ], [ 181642.923101112421136, 2501180.441345816943794 ], [ 182048.374422193650389, 2501161.441559998784214 ], [ 182233.420591172296554, 2500796.193233816418797 ], [ 181333.346743754344061, 2500023.946360540110618 ], [ 180300.929605232639005, 2499665.697609961032867 ], [ 180331.226482972881058, 2499256.949429934844375 ], [ 180126.274288867600262, 2499215.949544196482748 ], [ 180255.930116084433394, 2498751.201645824126899 ], [ 180747.09990284248488, 2498422.453263570088893 ], [ 181008.208061598357745, 2498562.702726854477078 ], [ 181008.208061598357745, 2498562.702726854477078 ], [ 181514.112054445460672, 2498538.702997030224651 ], [ 181787.329450413701124, 2498933.451335625723004 ], [ 181787.329450413701124, 2498933.451335625723004 ], [ 182170.390392993402202, 2498456.703571272082627 ] ] ] ] } },
{ "type": "Feature", "properties": { "AREA": 2784308684.5390601, "AREA_HA": 278430.86845399998, "ID": 18, "縣市名稱": "高雄縣" }, "geometry": { "type": "MultiPolygon", "coordinates": [ [ [ [ 232791.019665289873956, 2541367.52807699283585 ], [ 232580.692484763887478, 2540803.030443961266428 ], [ 231872.742434073763434, 2540190.032973628491163 ], [ 232097.397770214709453, 2539669.035197835415602 ], [ 232043.054332400206476, 2538750.789081220515072 ], [ 231816.180410278873751, 2537530.794233329128474 ], [ 232118.616696254117414, 2536596.548225948121399 ], [ 232425.849829455954023, 2535714.552000659517944 ], [ 232858.863631937827449, 2535287.303854786790907 ], [ 233077.972121594590135, 2534614.056737998966128 ], [ 232704.989381895924453, 2534222.808372205588967 ], [ 232582.349322375812335, 2533769.310293474234641 ], [ 233158.409397143870592, 2533132.313057574443519 ], [ 233844.578445427614497, 2531523.319980911910534 ], [ 234448.794596410734812, 2531445.570360813289881 ], [ 235390.774941929470515, 2530996.572350692003965 ], [ 235431.227910517773125, 2530740.823446895927191 ], [ 236177.693462369352346, 2530402.574946741107851 ], [ 236252.193185176030966, 2529737.577797363977879 ], [ 235925.116517210670281, 2529090.830544017720968 ], [ 236667.61333926700172, 2528601.332692771218717 ], [ 236557.723209142044652, 2528301.083972399123013 ], [ 236578.926292159449076, 2527537.337249906267971 ], [ 236313.224337233550614, 2527243.588492488954216 ], [ 235821.882689597492572, 2527621.336836712434888 ], [ 235783.039086619886803, 2527928.085518047679216 ], [ 235086.713940346759045, 2528415.833375573158264 ], [ 235086.713940346759045, 2528415.833375573158264 ], [ 234196.749080561101437, 2527893.835545817855746 ], [ 233915.531503243662883, 2528465.833070642314851 ], [ 233636.735784847580362, 2529088.830378245562315 ], [ 232778.005114858475281, 2529177.079928776714951 ], [ 232334.444508746790234, 2529451.328715957701206 ], [ 232334.444508746790234, 2529451.328715957701206 ], [ 231863.524698374589207, 2529115.580112145747989 ], [ 231257.605440390238073, 2529142.829940268304199 ], [ 231257.605440390238073, 2529142.829940268304199 ], [ 231026.575249154615449, 2528491.332710550632328 ], [ 229685.315491220768308, 2527839.085378035902977 ], [ 229231.926832241559168, 2527809.085460972506553 ], [ 228932.740745924442308, 2526652.59039494395256 ], [ 227750.167818985617487, 2525995.093095174059272 ], [ 227350.997662652953295, 2526115.592533394694328 ], [ 226519.032436632667668, 2526864.089224248193204 ], [ 225932.831778408726677, 2527499.586428089998662 ], [ 225727.285654918989167, 2528678.081350023858249 ], [ 224641.055891656404128, 2529387.578179648611695 ], [ 224135.354949818924069, 2529410.078020410146564 ], [ 223667.903738679247908, 2530245.324386556632817 ], [ 222964.391134415607667, 2530378.573725654277951 ], [ 221682.724694867269136, 2531098.320476910099387 ], [ 220016.981878607417457, 2531123.070137132424861 ], [ 220016.981878607417457, 2531123.070137132424861 ], [ 218478.59813006783952, 2529564.076578371692449 ], [ 217710.89835782465525, 2529345.077398417517543 ], [ 217035.104473131592385, 2528917.829122807364911 ], [ 216604.840797006560024, 2528377.331370795611292 ], [ 215608.751316779787885, 2528628.080134220886976 ], [ 215176.79998854213045, 2529056.828225497622043 ], [ 215236.705781991680851, 2530226.823226683307439 ], [ 215127.596730738994665, 2531098.569480951409787 ], [ 214576.692845006356947, 2531175.069061277899891 ], [ 214576.692845006356947, 2531175.069061277899891 ], [ 214209.647603909310419, 2530887.070229784119874 ], [ 213832.305372538830852, 2531514.817482250276953 ], [ 213832.305372538830852, 2531514.817482250276953 ], [ 213069.058668047306128, 2531497.317423767410219 ], [ 212601.138854037795682, 2531263.318340334109962 ], [ 211769.517520666035125, 2530842.069990790914744 ], [ 211142.129685247869929, 2530412.321712993551046 ], [ 210496.913677208533045, 2530646.570590660907328 ], [ 210496.913677208533045, 2530646.570590660907328 ], [ 209824.244780088047264, 2530271.572066851891577 ], [ 208783.56190870332648, 2529608.324703468941152 ], [ 207411.896193706081249, 2528497.829187085386366 ], [ 205549.717175705474801, 2526549.337163399439305 ], [ 204321.144662659033202, 2525279.842358217108995 ], [ 203360.398827338707633, 2525323.091961657162756 ], [ 202451.340267499239417, 2525364.841578892897815 ], [ 201705.984063013922423, 2525654.590163331944495 ], [ 200999.752747444814304, 2525688.589854272548109 ], [ 200999.752747444814304, 2525688.589854272548109 ], [ 199873.429587994731264, 2525386.840887460391968 ], [ 199280.010221792297671, 2525669.589529631193727 ], [ 198717.309572489961283, 2525543.089937792159617 ], [ 198043.296688268426806, 2526286.086578861344606 ], [ 198043.296688268426806, 2526286.086578861344606 ], [ 197578.298753389070043, 2526102.837251632474363 ], [ 196830.52068867199705, 2526340.836041977629066 ], [ 196227.054537733958568, 2526419.085553138982505 ], [ 196227.054537733958568, 2526419.085553138982505 ], [ 195624.604275485064136, 2525480.089435718953609 ], [ 195458.292859983950621, 2524113.345276223495603 ], [ 195029.826376879849704, 2522605.601666040718555 ], [ 194661.547083337907679, 2521298.607214138843119 ], [ 194396.798579382710159, 2520037.862597103230655 ], [ 194298.439893743488938, 2519078.616724835708737 ], [ 193988.972840373840882, 2517819.622101519722492 ], [ 194119.785169447393855, 2516336.378576588351279 ], [ 194310.925302056362852, 2515054.134203468915075 ], [ 194273.55096192273777, 2513222.142174859996885 ], [ 194104.5361759410589, 2512873.643650406505913 ], [ 194043.380540520709474, 2511603.149180973414332 ], [ 193791.91317483279272, 2510596.403515059500933 ], [ 193461.430409183696611, 2510051.905809285584837 ], [ 192549.731600511324359, 2509024.910061060916632 ], [ 192500.38835252073477, 2508008.664502861443907 ], [ 192299.733274077618262, 2506999.668876643758267 ], [ 192149.234225608845009, 2505988.173279865179211 ], [ 192031.828882329951739, 2504618.429274033755064 ], [ 192114.953914501325926, 2503188.435597997158766 ], [ 192109.704553285235306, 2500998.445265978109092 ], [ 192550.843299904372543, 2500672.196828734129667 ], [ 193181.637520633667009, 2500082.199608872644603 ], [ 193351.699444997124374, 2499411.952621455769986 ], [ 193353.371592572599184, 2498393.457134782336652 ], [ 193190.138297307537869, 2497127.9627052587457 ], [ 193037.858023751119617, 2496065.467384051531553 ], [ 192707.031535046291538, 2495520.719716676976532 ], [ 192110.831308563938364, 2494733.973054879345 ], [ 191728.958178495551692, 2494191.225366643164307 ], [ 191438.850321349396836, 2493441.478627228643745 ], [ 191050.039770286064595, 2492746.481618501245975 ], [ 190752.213246462546522, 2491843.735564323142171 ], [ 190726.432566571282223, 2490266.242607146967202 ], [ 190939.869339082186343, 2489441.246358695905656 ], [ 190824.838987869385164, 2488122.502234708983451 ], [ 190785.558149365737336, 2487309.505870493128896 ], [ 190724.074418491625693, 2486039.011558378580958 ], [ 190080.014742941246368, 2486375.009867555461824 ], [ 189173.768810550303897, 2486519.758959114085883 ], [ 187587.135142245591851, 2487307.754960276186466 ], [ 186966.293962773372186, 2488101.001218393445015 ], [ 186214.219184472574852, 2488289.500148485414684 ], [ 185086.474031910882331, 2489106.996143401134759 ], [ 184207.180909117159899, 2489810.742722017224878 ], [ 184821.209022630820982, 2490952.987803010735661 ], [ 185321.86273237891146, 2491845.983966749161482 ], [ 186296.733271681732731, 2492054.733329774811864 ], [ 187617.258248040161561, 2493112.479003256652504 ], [ 188111.20860492286738, 2494922.721083943266422 ], [ 187728.663305159076117, 2495399.218852014746517 ], [ 187945.662241393642034, 2495694.717601578217 ], [ 187874.428001039050287, 2496308.964850220363587 ], [ 187626.16345570483827, 2496422.714271981269121 ], [ 187626.16345570483827, 2496422.714271981269121 ], [ 187563.148189755826024, 2496170.965372153092176 ], [ 187218.82154314609943, 2496390.96429278049618 ], [ 187031.041039634990739, 2496705.462840085849166 ], [ 186969.322316215955652, 2497523.45919011393562 ], [ 186384.512287141871639, 2498009.456859450787306 ], [ 185734.124518244061619, 2498193.205848537851125 ], [ 185652.702879448712338, 2498604.454000690020621 ], [ 185298.173211310873739, 2498621.203818567097187 ], [ 184665.972909248928772, 2498643.953524004667997 ], [ 184665.972909248928772, 2498643.953524004667997 ], [ 184250.943575983605115, 2498459.704212583601475 ], [ 182410.826903643377591, 2498190.704827191308141 ], [ 182170.390392993402202, 2498456.703571272082627 ], [ 181787.329450413701124, 2498933.451335625723004 ], [ 181787.329450413701124, 2498933.451335625723004 ], [ 181514.112054445460672, 2498538.702997030224651 ], [ 181008.208061598357745, 2498562.702726854477078 ], [ 181008.208061598357745, 2498562.702726854477078 ], [ 180747.09990284248488, 2498422.453263570088893 ], [ 180255.930116084433394, 2498751.201645824126899 ], [ 180126.274288867600262, 2499215.949544196482748 ], [ 180331.226482972881058, 2499256.949429934844375 ], [ 180300.929605232639005, 2499665.697609961032867 ], [ 181333.346743754344061, 2500023.946360540110618 ], [ 182233.420591172296554, 2500796.193233816418797 ], [ 182048.374422193650389, 2501161.441559998784214 ], [ 181642.923101112421136, 2501180.441345816943794 ], [ 181556.485884112364147, 2501490.189949276857078 ], [ 181202.018710563395871, 2501506.939760849811137 ], [ 180708.364570303354412, 2501784.938372279983014 ], [ 181270.299537964048795, 2501860.18822252471 ], [ 181482.954774790850934, 2502053.93743565864861 ], [ 181839.187549599504564, 2502087.937400055117905 ], [ 181962.796223834098782, 2502540.435442389454693 ], [ 182276.576012956094928, 2502729.184709870256484 ], [ 182686.355409684911137, 2502811.434477247297764 ], [ 182698.46464773642947, 2503065.433360735885799 ], [ 182509.059155201772228, 2503329.182137452531606 ], [ 182573.933767234819243, 2503631.680824598763138 ], [ 182847.041797670914093, 2504025.929173620883375 ], [ 183259.352419366157847, 2504159.42871562205255 ], [ 183023.353350080054952, 2504526.927022757008672 ], [ 183291.77378482389031, 2505287.423759902827442 ], [ 182684.963972341094632, 2505316.423440739978105 ], [ 182052.216606622881955, 2505855.920866384170949 ], [ 181381.469320893200347, 2506651.917152358684689 ], [ 181894.842000106495107, 2506780.16675418894738 ], [ 181778.123530005803332, 2507498.913560975342989 ], [ 182261.168086562305689, 2508036.16135846497491 ], [ 181808.326319247222273, 2508108.660895586479455 ], [ 180897.486590703862021, 2508151.910411550663412 ], [ 180922.548809143539984, 2508660.408190221060067 ], [ 180677.127965614956338, 2508824.907389329746366 ], [ 180487.831839754799148, 2509088.656171847134829 ], [ 180563.065711264702259, 2509594.403981305658817 ], [ 179867.505843511229614, 2510901.148035237099975 ], [ 180081.864188650826691, 2511145.397038072813302 ], [ 180557.096335128793726, 2511530.145512539893389 ], [ 180557.096335128793726, 2511530.145512539893389 ], [ 181059.984765231405618, 2511455.146003970876336 ], [ 180885.438470004795818, 2512023.893463004380465 ], [ 180885.438470004795818, 2512023.893463004380465 ], [ 181186.124665153038222, 2511958.643845492508262 ], [ 180889.797449940728256, 2513144.138575534336269 ], [ 181661.231478219298879, 2513362.137874516192824 ], [ 181733.824757708323887, 2513816.885915537364781 ], [ 181796.886896678479388, 2514068.634838726371527 ], [ 182317.759511544951238, 2514349.383782304357737 ], [ 182236.540983675105963, 2514760.631965664215386 ], [ 182471.430362079787301, 2515411.62920746859163 ], [ 182228.681358342582826, 2515626.628194956574589 ], [ 182296.102820962725673, 2515979.876680416055024 ], [ 182061.10373171462561, 2516348.37500372948125 ], [ 181843.416948272817535, 2517071.621792268939316 ], [ 181401.168796805723105, 2517347.370452592149377 ], [ 180951.201979056088021, 2517470.869770879391581 ], [ 180951.201979056088021, 2517470.869770879391581 ], [ 180738.749850938766031, 2517277.12054278049618 ], [ 180895.905721611983608, 2516352.874608224723488 ], [ 180736.953343338420382, 2516207.875186696182936 ], [ 180755.062861752463505, 2515544.628076457418501 ], [ 180939.109050322440453, 2515179.379725338891149 ], [ 180623.751142624532804, 2514939.630665975157171 ], [ 180277.361983667477034, 2515109.129814807325602 ], [ 180277.361983667477034, 2515109.129814807325602 ], [ 180118.393981867702678, 2514964.130393762607127 ], [ 179723.676891897834139, 2515186.629295246675611 ], [ 179723.676891897834139, 2515186.629295246675611 ], [ 179309.038153159141075, 2515002.629958528559655 ], [ 179438.506492893968243, 2514538.13202361529693 ], [ 178831.274779657425825, 2514567.381693721283227 ], [ 178831.274779657425825, 2514567.381693721283227 ], [ 178467.542069755552802, 2514381.132382767274976 ], [ 178181.68382363152341, 2514751.630673087202013 ], [ 178181.68382363152341, 2514751.630673087202013 ], [ 177810.154326856078114, 2514412.632023442070931 ], [ 177400.87454799504485, 2515349.127807530108839 ], [ 177400.87454799504485, 2515349.127807530108839 ], [ 177092.46968464818201, 2515262.128080546390265 ], [ 176596.737408145680092, 2515489.876919287722558 ], [ 176596.737408145680092, 2515489.876919287722558 ], [ 176275.332693103264319, 2515148.628292705863714 ], [ 175946.896814799692947, 2514655.130326699465513 ], [ 174923.13576910449774, 2514449.880861644633114 ], [ 174288.810630411899183, 2513920.382943342905492 ], [ 173694.922893152921461, 2513184.885937441140413 ], [ 173411.767734578636009, 2513605.884000150021166 ], [ 173626.969820908037946, 2513850.383011880796403 ], [ 173538.15761590495822, 2514109.381851523183286 ], [ 173039.815993902651826, 2514286.380900842137635 ], [ 172737.113813863979885, 2515319.62629328481853 ], [ 172559.536274851823691, 2515837.873974684160203 ], [ 172051.366258139139973, 2516828.619483689777553 ], [ 171411.196676042571198, 2518184.613363338634372 ], [ 171375.977963238285156, 2518491.612019315361977 ], [ 170819.433144361362793, 2519486.857500775251538 ], [ 170608.60560434605577, 2520363.353628703858703 ], [ 170054.295102404023055, 2521460.598677563946694 ], [ 169611.577780619321857, 2522755.59291967144236 ], [ 169034.064062745135743, 2524311.585993732791394 ], [ 168386.113262276252499, 2525564.830352847930044 ], [ 168234.285389829135966, 2526591.575881608761847 ], [ 167925.364484872668982, 2527524.071759268641472 ], [ 167647.912354465282988, 2528047.069408655166626 ], [ 167501.974995706026675, 2529274.314092712942511 ], [ 166592.931203952117357, 2531380.554729609750211 ], [ 166594.930993461312028, 2531879.052601350937039 ], [ 166182.604461146693211, 2532339.800472786650062 ], [ 165817.402487123938045, 2533379.545894212089479 ], [ 165437.935019946744433, 2534238.792083221953362 ], [ 165338.43522829777794, 2534774.28976416727528 ], [ 166503.492399649549043, 2535551.286918476689607 ], [ 167013.80270314932568, 2535557.287092390470207 ], [ 167634.565707018104149, 2535437.787841177079827 ], [ 168544.53061919589527, 2535248.288996964693069 ], [ 169517.511082705314038, 2534549.542340027168393 ], [ 169891.540787627804093, 2534383.043189782649279 ], [ 170827.833333654620219, 2535159.540235283318907 ], [ 171149.191292645205976, 2535248.039978031534702 ], [ 171149.191292645205976, 2535248.039978031534702 ], [ 171505.45548786863219, 2534979.541251834016293 ], [ 171576.299243795132497, 2534163.544751473236829 ], [ 172385.42088821931975, 2533823.296497272327542 ], [ 172828.325352483981987, 2533497.798045175150037 ], [ 173548.791312929533888, 2532649.80192110221833 ], [ 174115.898158229625551, 2532877.551152562722564 ], [ 174045.44511049753055, 2533491.798508532345295 ], [ 174045.44511049753055, 2533491.798508532345295 ], [ 174800.332514836889459, 2533404.549148490186781 ], [ 175097.971899590018438, 2533288.299749035388231 ], [ 175537.032625670108246, 2532961.301297328434885 ], [ 176087.452173818048323, 2532833.05203625606373 ], [ 176103.061372188734822, 2533137.800742061808705 ], [ 176182.513955309899757, 2533694.298397650942206 ], [ 176182.513955309899757, 2533694.298397650942206 ], [ 176885.510975597280776, 2533558.049220913555473 ], [ 177586.711145597073482, 2533371.050257916562259 ], [ 177943.803345062042354, 2533405.050234301947057 ], [ 177943.803345062042354, 2533405.050234301947057 ], [ 178895.674294871685561, 2533257.301184546668082 ], [ 179758.779912407364463, 2533369.300994019489735 ], [ 179758.779912407364463, 2533369.300994019489735 ], [ 180053.872447776899207, 2533202.051804251037538 ], [ 180392.855470793700079, 2532880.05328869773075 ], [ 180697.244733990344685, 2533027.55275907786563 ], [ 180965.556033887871308, 2533157.80229090899229 ], [ 180965.556033887871308, 2533157.80229090899229 ], [ 181482.991583605180494, 2532317.306043825112283 ], [ 182029.114303824753733, 2532087.307200835552067 ], [ 182577.268230625602882, 2531959.557920960709453 ], [ 183505.951589279837208, 2532374.806441271211952 ], [ 183505.951589279837208, 2532374.806441271211952 ], [ 183695.778980619419599, 2532110.557628358714283 ], [ 183947.777897290041437, 2532098.557758236769587 ], [ 183972.730751804076135, 2532606.555597936734557 ], [ 184332.385424197709654, 2532690.80535015463829 ], [ 184829.414249382913113, 2533582.051703118719161 ], [ 185389.380563972430537, 2533657.551552657037973 ], [ 185505.73934347674367, 2533959.050303439609706 ], [ 185867.143995277641807, 2534095.049833635799587 ], [ 185786.737963019870222, 2534506.798055972438306 ], [ 185713.300655697559705, 2534901.796352675650269 ], [ 186222.564051336667035, 2535028.795965944882482 ], [ 186632.499686818162445, 2535360.044679604005069 ], [ 187120.57567770400783, 2535479.044318740256131 ], [ 187120.57567770400783, 2535479.044318740256131 ], [ 187447.386796405131463, 2535402.794739534147084 ], [ 187879.525497747556074, 2535623.043930026236922 ], [ 187879.525497747556074, 2535623.043930026236922 ], [ 188392.742054597882088, 2535583.044249899219722 ], [ 188594.663174437329872, 2535205.795912810601294 ], [ 189063.270604676014045, 2534970.547048779670149 ], [ 189222.426319647376658, 2534464.549247932620347 ], [ 190080.000544747832464, 2535188.296412159223109 ], [ 191173.604575517791091, 2537441.287147135008126 ], [ 191524.040412793227006, 2538005.784849796909839 ], [ 192059.771946692693746, 2539945.776780351530761 ], [ 193052.829620805074228, 2542045.268178204540163 ], [ 193052.829620805074228, 2542045.268178204540163 ], [ 193308.453543602634454, 2541998.018446234054863 ], [ 193515.577729231765261, 2541746.269564184360206 ], [ 194025.044290020829067, 2541804.019455677364022 ], [ 194163.824644063366577, 2542925.264762088656425 ], [ 194570.776020123768831, 2542981.514631896745414 ], [ 194653.728395085257944, 2544457.758435239549726 ], [ 195163.710543248715112, 2544675.257652646396309 ], [ 196793.891093537124107, 2544747.007767152972519 ], [ 197131.576778206363088, 2546226.501632609870285 ], [ 198092.775705634732731, 2546695.499901419039816 ], [ 199102.927517155592795, 2547317.747536062262952 ], [ 200006.204650800005766, 2548503.492781502660364 ], [ 201165.29324934259057, 2549538.7387187727727 ], [ 201967.539630305720493, 2550514.484822792001069 ], [ 202976.472727917338489, 2551136.482451689895242 ], [ 204698.027733559865737, 2552183.478458994999528 ], [ 205147.994441604620079, 2552852.475766067858785 ], [ 206502.675899800262414, 2554449.969398602377623 ], [ 206999.970502608746756, 2555321.965875166002661 ], [ 207496.7338408374344, 2556295.96193080348894 ], [ 207793.279335767671, 2556961.459229170810431 ], [ 208085.340403911250178, 2557983.205052147153765 ], [ 209277.506863043148769, 2560137.196374578401446 ], [ 210337.986680126108695, 2560813.943782189395279 ], [ 210329.486598016432254, 2561424.44126081187278 ], [ 210828.281256883230526, 2562143.688388138078153 ], [ 211286.841845611750614, 2562150.43844546796754 ], [ 211635.168414647865575, 2562714.93618309404701 ], [ 212243.462718768656487, 2562927.435418234206736 ], [ 212388.508896936662495, 2563438.183341326657683 ], [ 212845.616360613581492, 2563495.43318732874468 ], [ 212940.631498746864963, 2564005.431105710100383 ], [ 213289.520582272962201, 2564518.929055687971413 ], [ 213076.255734250560636, 2565125.926523759029806 ], [ 213371.598140278743813, 2565790.423847022932023 ], [ 213566.6909818702552, 2566351.921576960012317 ], [ 213812.533614295360167, 2566913.669316173996776 ], [ 214518.718117838841863, 2567329.667732279747725 ], [ 214613.014505939616356, 2567891.665446384809911 ], [ 214962.528597573109437, 2568405.913400357589126 ], [ 214697.076457541581476, 2569062.410670364275575 ], [ 214385.983905510278419, 2569566.908555628731847 ], [ 214480.280294228810817, 2570129.156274907290936 ], [ 214269.281068080454133, 2570686.903962250798941 ], [ 213995.110057213285472, 2572210.897701734676957 ], [ 213685.173779895761982, 2572511.646423295140266 ], [ 213569.720959268976003, 2573476.64247622480616 ], [ 213352.674814013211289, 2574388.888730148784816 ], [ 213755.423105949274031, 2574699.137540031224489 ], [ 213599.17370270381798, 2574950.886490586213768 ], [ 213737.922981089504901, 2575816.38300269190222 ], [ 213576.98604225111194, 2576373.130717434454709 ], [ 213726.438527957565384, 2576527.380118304397911 ], [ 213721.8603590495768, 2576883.128676174208522 ], [ 214174.624067696830025, 2577245.627286179922521 ], [ 214174.624067696830025, 2577245.627286179922521 ], [ 214537.70080275341752, 2576690.379596829880029 ], [ 215145.495144552900456, 2576955.128626529127359 ], [ 215145.495144552900456, 2576955.128626529127359 ], [ 216170.037890178442467, 2576566.380369911901653 ], [ 217503.235649209440453, 2575977.882967109791934 ], [ 219085.401083763310453, 2575697.884343536570668 ], [ 219540.071064190968173, 2575908.383556832559407 ], [ 219725.47635970482952, 2577233.878212874755263 ], [ 219820.085280307772337, 2577693.626365717034787 ], [ 220828.799817414896097, 2578319.373978516552597 ], [ 220828.799817414896097, 2578319.373978516552597 ], [ 221237.391918486711802, 2578173.374625877011567 ], [ 221795.545872707734816, 2578283.374257623683661 ], [ 221795.545872707734816, 2578283.374257623683661 ], [ 222610.823803668230539, 2578194.374727038666606 ], [ 223006.337711790227331, 2578963.871668264269829 ], [ 223659.694346848526038, 2579533.619451330043375 ], [ 223756.240788926079404, 2579840.368225316517055 ], [ 224670.877669977926416, 2579956.367871296592057 ], [ 225016.219924978504423, 2580673.615020141005516 ], [ 225212.062821684812661, 2581134.863184418063611 ], [ 225613.701768616243498, 2581496.861773868091404 ], [ 225505.249030720937299, 2581953.109923850279301 ], [ 225551.811305017559789, 2582259.108697641640902 ], [ 225551.811305017559789, 2582259.108697641640902 ], [ 226062.54362024954753, 2582114.609339170623571 ], [ 226567.619667333608959, 2582325.858547240495682 ], [ 226567.619667333608959, 2582325.858547240495682 ], [ 227127.679895126202609, 2582283.858779313974082 ], [ 228144.894513362203725, 2582248.609032069798559 ], [ 228585.001982055779081, 2583374.104552141390741 ], [ 228939.313032580190338, 2583481.104158911854029 ], [ 229136.405946215090808, 2583839.102740863803774 ], [ 229542.02929964280338, 2583845.602755863685161 ], [ 229636.997624007868581, 2584253.101128997746855 ], [ 229938.371381515433313, 2584460.600325809326023 ], [ 230281.854290342860622, 2585228.097280501853675 ], [ 230792.602230007818434, 2585135.347701254300773 ], [ 231552.630376912798965, 2585403.59669606667012 ], [ 231552.630376912798965, 2585403.59669606667012 ], [ 232064.097068002040032, 2585260.347316389903426 ], [ 232968.280836980266031, 2586090.344068111851811 ], [ 233056.671033045655349, 2586956.840606487821788 ], [ 233405.044587499694899, 2587420.588780306745321 ], [ 234053.963781031023245, 2588194.585738942027092 ], [ 233848.277099479484605, 2588344.085125235375017 ], [ 233942.432929773145588, 2588854.083096170332283 ], [ 234638.992551489558537, 2589781.579449996817857 ], [ 234880.819642284681322, 2590599.826207167468965 ], [ 235333.349048911128193, 2590912.574995110742748 ], [ 236598.312685846409295, 2591289.823582547716796 ], [ 237651.558401161251822, 2592122.320339418947697 ], [ 238208.321780628175475, 2592284.069730537477881 ], [ 238910.412680443871068, 2592856.067498450167477 ], [ 239201.786470889404882, 2593625.06446128571406 ], [ 239554.988174379657721, 2593733.314051093999296 ], [ 239600.472349031479098, 2594090.31263716891408 ], [ 240049.798651132237865, 2594557.060809921473265 ], [ 240049.798651132237865, 2594557.060809921473265 ], [ 240759.858309375500539, 2594520.310991160105914 ], [ 241207.575246485881507, 2594988.309157500043511 ], [ 242520.179365145857446, 2595072.058882701210678 ], [ 242520.179365145857446, 2595072.058882701210678 ], [ 243075.849021111993352, 2594935.809444124344736 ], [ 243425.847618290776154, 2594999.309205489233136 ], [ 243610.909356755873887, 2595674.056539664976299 ], [ 243610.909356755873887, 2595674.056539664976299 ], [ 244938.185301170044113, 2595607.056847775820643 ], [ 245408.261540679668542, 2595864.80584054114297 ], [ 245865.931575626513222, 2596388.803779099602252 ], [ 246206.602084616897628, 2596663.552700837608427 ], [ 250625.475061112752883, 2595814.806116591673344 ], [ 251168.738509066432016, 2594837.809987152926624 ], [ 250996.489193229965167, 2593773.314208324998617 ], [ 251230.363249073445331, 2592599.068871444556862 ], [ 251983.469596086768433, 2591974.321353979408741 ], [ 252380.342995244951453, 2591356.323811 ], [ 252731.997827954095555, 2591044.825048903003335 ], [ 252866.247274069784908, 2590025.079110671766102 ], [ 252903.77836223578197, 2589261.332156548742205 ], [ 253151.011734908854123, 2588849.833796891849488 ], [ 252331.515035966353025, 2588662.33455113787204 ], [ 251565.002500686096027, 2588575.084901886060834 ], [ 250944.301876227138564, 2588078.586885299533606 ], [ 250489.694336065993411, 2588341.585833422839642 ], [ 250489.694336065993411, 2588341.585833422839642 ], [ 249558.55746842166991, 2587596.588805525563657 ], [ 248878.435219141392736, 2586694.592407509218901 ], [ 248561.717753423232352, 2586090.344823377672583 ], [ 248792.388703222939512, 2584763.850143935065717 ], [ 248630.07686411702889, 2584258.352170829195529 ], [ 249541.088797204894945, 2583884.603680819738656 ], [ 250000.50880916940514, 2583875.603720103856176 ], [ 250706.427819934411673, 2583404.35561644192785 ], [ 250893.645806327462196, 2582485.359312030486763 ], [ 251970.922683863347629, 2582820.607962714973837 ], [ 251970.922683863347629, 2582820.607962714973837 ], [ 252316.56189860322047, 2582203.860442620236427 ], [ 253230.120682551991194, 2581932.11153002968058 ], [ 253221.620709140348481, 2581423.363579091150314 ], [ 253829.399483496817993, 2581208.864436890464276 ], [ 253924.664713197853416, 2580800.116083082742989 ], [ 254786.067450128670316, 2580478.367368151433766 ], [ 254595.458804690104444, 2578397.125775610096753 ], [ 254231.132158396329032, 2577997.127398603130132 ], [ 253414.135493854846573, 2577961.877550850156695 ], [ 252992.855953941907501, 2577258.130402789916843 ], [ 251555.439950122236041, 2576776.882358524482697 ], [ 248935.544419271784136, 2575861.386057140305638 ], [ 248723.201541463640751, 2575407.887894396204501 ], [ 247246.613837270269869, 2575639.886930706445128 ], [ 247246.613837270269869, 2575639.886930706445128 ], [ 246419.945357368007535, 2575096.889117465354502 ], [ 245842.8852395361464, 2574243.392570053692907 ], [ 244687.765022425592178, 2572537.149478540290147 ], [ 244071.783185173699167, 2572345.650238778442144 ], [ 243338.254983789171092, 2571343.154298596084118 ], [ 242315.524822278239299, 2571261.654591154772788 ], [ 241279.857242941274308, 2570519.407574153039604 ], [ 240763.297008072724566, 2567478.419984562788159 ], [ 240298.50206696827081, 2567233.170966401230544 ], [ 240177.518240851670271, 2566218.925118727609515 ], [ 240623.719550499576144, 2565497.678101440425962 ], [ 240702.547403869597474, 2564275.683126565534621 ], [ 239675.254807918245206, 2563991.184244193136692 ], [ 239180.975706259225262, 2562170.441714872606099 ], [ 238410.557051071198657, 2561931.692654917947948 ], [ 238038.886764272581786, 2561227.195538781117648 ], [ 237116.937489035946783, 2561093.196033620741218 ], [ 237819.450226413988275, 2560417.948866663035005 ], [ 238196.964370693429373, 2558782.705651283729821 ], [ 238335.401335595553974, 2558017.208829339127988 ], [ 238067.621243460045662, 2557361.461530762724578 ], [ 238598.415987596672494, 2555723.468359860125929 ], [ 238112.730602842930239, 2554360.223998091649264 ], [ 237209.140760376962135, 2552547.731490072328597 ], [ 237160.672268062859075, 2551686.23508055973798 ], [ 236979.219967604003614, 2550735.489039006642997 ], [ 237275.953113948053215, 2550365.74060341110453 ], [ 237326.343555816507433, 2549886.492610490880907 ], [ 237934.84102331745089, 2549265.745245950762182 ], [ 237931.653594396222616, 2548282.249364376999438 ], [ 236024.661710996791953, 2547530.752388851251453 ], [ 236077.817898026987677, 2545132.762463147751987 ], [ 235268.055733213666826, 2544814.013745641335845 ], [ 234980.010152318456676, 2543841.517817777581513 ], [ 234226.091534121427685, 2543167.020601800642908 ], [ 233982.092624097160297, 2542500.273393774405122 ], [ 233022.971772386226803, 2541719.026612253393978 ], [ 232791.019665289873956, 2541367.52807699283585 ] ] ] ] } },
{ "type": "Feature", "properties": { "AREA": 128439863.80468801, "AREA_HA": 12843.98638, "ID": 3, "縣市名稱": "基隆市" }, "geometry": { "type": "MultiPolygon", "coordinates": [ [ [ [ 330666.180552115663886, 2779545.6467040553689 ], [ 330388.181377880158834, 2779455.897080074995756 ], [ 330050.088336263084784, 2778584.149874014314264 ], [ 329594.620995413104538, 2778575.650064339861274 ], [ 329178.716266683652066, 2779178.148366774432361 ], [ 329178.716266683652066, 2779178.148366774432361 ], [ 328623.530463346571196, 2779116.648753041867167 ], [ 327811.001782827777788, 2779253.648620514199138 ], [ 327811.001782827777788, 2779253.648620514199138 ], [ 327464.03395223163534, 2778839.900009960867465 ], [ 326863.598176401050296, 2778471.901347583625466 ], [ 325752.414078181958757, 2778349.152106926310807 ], [ 326367.099524385354016, 2777953.403110343497247 ], [ 326327.130690783204045, 2777392.654846172314137 ], [ 326488.723732032056432, 2776835.906501873396337 ], [ 326574.87899592256872, 2774903.162424709182233 ], [ 327492.969735614722595, 2774513.413307878188789 ], [ 328111.342578600801062, 2773914.414940213784575 ], [ 327072.814070469816215, 2772570.919459280092269 ], [ 325808.443001241597813, 2772496.170127120800316 ], [ 325007.632817754813004, 2771971.672024488914758 ], [ 323437.575263723032549, 2772043.922326555009931 ], [ 323175.73249525250867, 2772497.421008602716029 ], [ 322601.390600635670125, 2772658.920697528868914 ], [ 322096.173707108013332, 2773444.418432404752821 ], [ 320978.08353373821592, 2773677.918071300722659 ], [ 319709.43131036410341, 2773857.91791746718809 ], [ 318428.06061136466451, 2774750.665559949353337 ], [ 318616.654028245480731, 2775517.913135919719934 ], [ 318616.654028245480731, 2775517.913135919719934 ], [ 317811.187717027030885, 2775298.914058585185558 ], [ 316273.630362935306039, 2776390.661160130985081 ], [ 316267.286747242091224, 2776746.910066152922809 ], [ 316267.286747242091224, 2776746.910066152922809 ], [ 315913.350346449005883, 2776740.410191420465708 ], [ 315499.258044338785112, 2777241.90877216681838 ], [ 315644.28897401195718, 2777651.907469638157636 ], [ 315431.321078395121731, 2778258.655669804196805 ], [ 315070.103576260909904, 2778659.404546753969043 ], [ 315113.57232031726744, 2779067.403283309657127 ], [ 315101.978815237118397, 2779728.901260657701641 ], [ 314581.94942814897513, 2780533.898949792608619 ], [ 313974.013821056811139, 2780573.649004093836993 ], [ 313463.359241864643991, 2780869.898245115298778 ], [ 313249.547604888619389, 2781527.896296516060829 ], [ 313395.828497826179955, 2781835.895314937923104 ], [ 314103.232583823439199, 2781899.644917546305805 ], [ 314805.605515874165576, 2782217.893743123393506 ], [ 314805.605515874165576, 2782217.893743123393506 ], [ 315515.009565134707373, 2782179.643651831429452 ], [ 316061.508061871456448, 2782749.891751917079091 ], [ 316566.850257202226203, 2782759.141572741791606 ], [ 317590.847190112574026, 2783030.890435642562807 ], [ 318827.843574296450242, 2783615.138277351856232 ], [ 319373.904602636641357, 2784236.136219051200897 ], [ 319921.434327967348509, 2784704.384624533820897 ], [ 320475.12018253095448, 2784867.383954531978816 ], [ 320774.744334061513655, 2785076.633223857730627 ], [ 321372.711428144713864, 2785596.88145399931818 ], [ 321292.648768252227455, 2784424.635037947911769 ], [ 321449.585681, 2784122.135906582232565 ], [ 321749.241082372609526, 2784331.385173863265663 ], [ 321749.241082372609526, 2784331.385173863265663 ], [ 322256.551990434818435, 2784238.88529040524736 ], [ 322655.30074255017098, 2784176.635349124670029 ], [ 323020.049558068509214, 2783998.885769783053547 ], [ 323272.017552860663272, 2784054.385517760645598 ], [ 323272.017552860663272, 2784054.385517760645598 ], [ 323787.234521343489178, 2783503.887021182570606 ], [ 324138.639747146691661, 2783663.386418648529798 ], [ 324138.639747146691661, 2783663.386418648529798 ], [ 324700.200412458565552, 2783368.88712617661804 ], [ 325512.447861666209064, 2783231.387269251979887 ], [ 324965.324357214325573, 2782711.639037886168808 ], [ 325470.635303639282938, 2782721.388836668804288 ], [ 325470.635303639282938, 2782721.388836668804288 ], [ 325426.166578583128285, 2782415.139784924685955 ], [ 325734.759267140354495, 2782115.640592743642628 ], [ 324667.574713080597576, 2781161.393867053091526 ], [ 325020.761065709055401, 2781006.644220558926463 ], [ 325492.447307741094846, 2781551.142397600691766 ], [ 326496.319366905081552, 2781977.390752723906189 ], [ 326338.194985754555091, 2782331.139728622511029 ], [ 327840.346922736323904, 2783174.136637702584267 ], [ 327840.346922736323904, 2783174.136637702584267 ], [ 328101.377197156834882, 2782720.637926879804581 ], [ 328608.531868894177023, 2782679.637872301507741 ], [ 329022.186652095697355, 2782178.389252670574933 ], [ 329479.966435004607774, 2782034.639527142047882 ], [ 329941.996125247213058, 2781687.390420094132423 ], [ 330140.808092311606742, 2781894.639715787954628 ], [ 329932.902600538625848, 2782195.888872329611331 ], [ 330437.182319402054418, 2782256.888503693975508 ], [ 331092.680343366402667, 2782371.137916143517941 ], [ 331092.680343366402667, 2782371.137916143517941 ], [ 330850.618368076975457, 2781806.639726200141013 ], [ 330859.743140209233388, 2781297.64127637213096 ], [ 331169.24206668761326, 2780998.3920769658871 ], [ 330972.586302691721357, 2780689.143093904014677 ], [ 330985.242233680502977, 2779976.895267385523766 ], [ 330891.179884104931261, 2779618.646398302633315 ], [ 330666.180552115663886, 2779545.6467040553689 ] ] ] ] } },
{ "type": "Feature", "properties": { "AREA": 1295226330.7539001, "AREA_HA": 129522.63307500001, "ID": 14, "縣市名稱": "雲林縣" }, "geometry": { "type": "MultiPolygon", "coordinates": [ [ [ [ 199794.20514229426044, 2614273.72777381632477 ], [ 199689.236741223634453, 2614526.976769282482564 ], [ 199689.236741223634453, 2614526.976769282482564 ], [ 198878.677427405229537, 2614466.226809964515269 ], [ 198117.696006163780112, 2614560.226261130999774 ], [ 198117.696006163780112, 2614560.226261130999774 ], [ 197818.666042954195291, 2614098.727972668595612 ], [ 197207.52775990506052, 2614295.227061063516885 ], [ 197207.52775990506052, 2614295.227061063516885 ], [ 196755.654608765704324, 2613984.228150941897184 ], [ 195889.532978148112306, 2614066.7276122844778 ], [ 195028.708267040492501, 2613902.478026174940169 ], [ 194524.022813782008598, 2613640.72890788083896 ], [ 194168.446069082914619, 2613686.978635485749692 ], [ 194315.601632115693064, 2614095.977091443259269 ], [ 194315.601632115693064, 2614095.977091443259269 ], [ 193503.620439002028434, 2614084.976919135078788 ], [ 193355.277354338555597, 2613777.478069468867034 ], [ 192645.842649762693327, 2613716.978112894576043 ], [ 192804.779681955114938, 2613159.730313594453037 ], [ 192349.125233917235164, 2613102.730411152355373 ], [ 192151.860511522158049, 2612642.232141770422459 ], [ 191389.269726633559912, 2612733.481578772887588 ], [ 190974.661789617122849, 2613389.728921660687774 ], [ 190974.661789617122849, 2613389.728921660687774 ], [ 190113.165198698086897, 2613275.979120659641922 ], [ 189703.932354752178071, 2613524.978040737565607 ], [ 189644.635503673838684, 2614236.225271339528263 ], [ 189388.02705945042544, 2614486.974228452891111 ], [ 189388.02705945042544, 2614486.974228452891111 ], [ 189138.184393311035819, 2614127.975545521359891 ], [ 189095.106617720681243, 2613516.72789894323796 ], [ 188336.156515287904767, 2613353.978310093749315 ], [ 187630.581281573628075, 2612937.979715425521135 ], [ 187078.130465123074828, 2612472.481356712523848 ], [ 186780.02241709822556, 2611959.983255707658827 ], [ 185565.558535843912978, 2611638.734137519262731 ], [ 185469.840321592986584, 2611128.736088354606181 ], [ 184819.311872638878413, 2610356.988888381514698 ], [ 184416.876054601481883, 2610046.989969814196229 ], [ 183556.988883184531005, 2609832.240538208279759 ], [ 182946.147507478250191, 2609925.989981789141893 ], [ 182285.46257760951994, 2610019.23940989561379 ], [ 181940.292348553222837, 2609149.742682840209454 ], [ 181848.449230199883459, 2608334.495828853454441 ], [ 181600.169112592964666, 2607873.497546264436096 ], [ 180942.62490367112332, 2607661.748159734997898 ], [ 180230.44018393807346, 2607753.99756762990728 ], [ 179414.365161715308204, 2608099.995949473232031 ], [ 179414.365161715308204, 2608099.995949473232031 ], [ 179216.100459748937283, 2607690.497480486053973 ], [ 179680.989473289489979, 2607035.000192151404917 ], [ 179583.989996009593597, 2606627.001752927899361 ], [ 179229.31954205330112, 2606571.501852137502283 ], [ 177957.027613330108579, 2606810.000494056846946 ], [ 177957.027613330108579, 2606810.000494056846946 ], [ 177653.51322493472253, 2606704.500803154893219 ], [ 177407.701948647387326, 2605989.253513721749187 ], [ 177668.185488554619951, 2605432.755778103135526 ], [ 176760.939283333282219, 2604861.757702175527811 ], [ 176002.942399457184365, 2604547.008672333322465 ], [ 175860.63077548952424, 2603680.26201837323606 ], [ 175662.209835458139423, 2603271.013553796336055 ], [ 174951.384553968906403, 2603211.263538958504796 ], [ 174435.417593351390678, 2603917.260588923003525 ], [ 174174.51215471260366, 2604524.508117671124637 ], [ 174017.715751801093575, 2604929.506476410664618 ], [ 174017.715751801093575, 2604929.506476410664618 ], [ 173409.530701931216754, 2604820.256686390843242 ], [ 172702.596139883244177, 2604455.757858282886446 ], [ 173036.048873092571739, 2601966.767740572337061 ], [ 173043.439715774264187, 2601305.520341539755464 ], [ 172642.035236872121459, 2600843.022014942485839 ], [ 171884.757160171226133, 2600426.52337758615613 ], [ 171175.556922273826785, 2600265.273751260247082 ], [ 170411.919284850417171, 2600408.522903804667294 ], [ 169544.70387475687312, 2600703.52141771838069 ], [ 168270.552544084988767, 2601095.269392560236156 ], [ 167561.336681974004023, 2600934.269752766005695 ], [ 166852.605214591778349, 2600722.520310767460614 ], [ 166394.685145036928589, 2600768.019952872302383 ], [ 165986.452335706591839, 2600915.76921140216291 ], [ 165321.282924646686297, 2601365.517180198803544 ], [ 164964.018639326910488, 2601564.766255128197372 ], [ 164964.018639326910488, 2601564.766255128197372 ], [ 164254.021531251841225, 2601404.51660078484565 ], [ 163080.400993552029831, 2601899.264182290993631 ], [ 162265.310381441609934, 2602144.262886687647551 ], [ 161552.485029174218653, 2602288.512026302050799 ], [ 162051.263902426930144, 2603210.258615200407803 ], [ 162051.263902426930144, 2603210.258615200407803 ], [ 162867.713953211903572, 2602812.510510203894228 ], [ 163165.900009557954036, 2603426.508223242592067 ], [ 163365.617837271973258, 2603734.007099062670022 ], [ 162442.417991576367058, 2604639.00317754317075 ], [ 162540.089349204441532, 2604945.502017926424742 ], [ 162026.966146202466916, 2605499.249640876427293 ], [ 162017.887709535454633, 2606312.996456360910088 ], [ 162213.355359900655458, 2607078.49354770546779 ], [ 162459.604104336496675, 2607742.491058306768537 ], [ 162201.448679943656316, 2608197.489178521092981 ], [ 162334.509896108618705, 2609979.732294570654631 ], [ 162637.602386190294055, 2610135.731812126934528 ], [ 162631.164652562671108, 2610746.229436698835343 ], [ 162294.994030503643444, 2610910.228661920875311 ], [ 162105.587881771469256, 2612418.972729208879173 ], [ 162348.477118806767976, 2613439.218876050785184 ], [ 162776.177400888263946, 2616191.458413174841553 ], [ 163232.65996820901637, 2616247.458382967859507 ], [ 163774.719729391013971, 2617729.452889933716506 ], [ 164567.544019400229445, 2619519.196324019227177 ], [ 165614.820500632602489, 2621210.190250046551228 ], [ 166467.769978912780061, 2622034.187427758704871 ], [ 166467.769978912780061, 2622034.187427758704871 ], [ 167080.939636039402103, 2621634.439198389649391 ], [ 167328.485324425477302, 2622196.937139563728124 ], [ 166312.848602241108892, 2622286.936399350874126 ], [ 165497.41410193988122, 2622683.934558413922787 ], [ 165478.319695178186521, 2624464.677744082175195 ], [ 165916.52045860682847, 2626097.671688462607563 ], [ 167893.997191710514016, 2626120.922369441948831 ], [ 167788.200563079473795, 2626526.670783087145537 ], [ 167983.62139960276545, 2627241.418137746863067 ], [ 168536.165961332735606, 2627705.916582478675991 ], [ 168479.462833585595945, 2628264.664437090978026 ], [ 168518.681029897357803, 2629282.660586432088166 ], [ 168263.666325880447403, 2629432.159921665675938 ], [ 169314.55240873087314, 2630716.655452112201601 ], [ 169314.55240873087314, 2630716.655452112201601 ], [ 169619.613776441314258, 2630618.655938613694161 ], [ 169614.394867811584845, 2631076.404203021898866 ], [ 170365.469793944910634, 2631899.651369402185082 ], [ 170161.033019139402313, 2632049.400726807303727 ], [ 170260.141935135965468, 2632254.399988775607198 ], [ 169847.830758607131429, 2632910.897353609558195 ], [ 170243.750781981478212, 2633780.394219774287194 ], [ 171044.684885541704716, 2634654.891220097895712 ], [ 170838.794930218165973, 2634957.640003173146397 ], [ 171137.527988460176857, 2635419.138375760056078 ], [ 171137.527988460176857, 2635419.138375760056078 ], [ 172153.774203995242715, 2635177.139660142362118 ], [ 172556.303820839704713, 2635436.388830403331667 ], [ 172556.303820839704713, 2635436.388830403331667 ], [ 174030.923359472071752, 2634996.141018691472709 ], [ 174485.749690868280595, 2635154.64058322366327 ], [ 174485.749690868280595, 2635154.64058322366327 ], [ 175045.20075313153211, 2634958.141520698554814 ], [ 175447.683498589380179, 2635217.140686347149312 ], [ 175447.683498589380179, 2635217.140686347149312 ], [ 176314.977243399916915, 2634719.392862871754915 ], [ 177024.005784084671177, 2634728.143073887564242 ], [ 176562.491741217236267, 2635231.141020617447793 ], [ 175901.697334737255005, 2635375.640247820876539 ], [ 175432.808076446235646, 2636539.88570416206494 ], [ 176143.805438676878111, 2636345.386683034710586 ], [ 177008.474106615351047, 2636101.637897543143481 ], [ 178026.314116345398361, 2635707.639726065564901 ], [ 178994.201205639605178, 2635261.891728822607547 ], [ 180466.383153478673194, 2635076.892911335919052 ], [ 181475.613555942807579, 2635445.89184899115935 ], [ 182691.43704037781572, 2635461.392178481910378 ], [ 183805.651521538151428, 2635526.642282250337303 ], [ 184718.054305819037836, 2635487.64271105080843 ], [ 185425.614041832915973, 2635700.392126128543168 ], [ 185928.377653747738805, 2636012.3911043102853 ], [ 186383.360278076783288, 2636068.891028343699872 ], [ 190135.471031241380842, 2635915.392695927526802 ], [ 190894.577482436783612, 2636027.142488203011453 ], [ 191397.778616524417885, 2636288.391644995193928 ], [ 192106.119652549736202, 2636348.891611787956208 ], [ 192106.119652549736202, 2636348.891611787956208 ], [ 192513.024380362476222, 2636252.392085403203964 ], [ 193024.428793837229023, 2635852.393728055525571 ], [ 193793.504180706106126, 2635150.396576015278697 ], [ 194660.250982132711215, 2634755.648290993180126 ], [ 198582.892635911499383, 2633289.404809730593115 ], [ 199549.560901917604497, 2632943.156349948141724 ], [ 200512.68222971027717, 2632903.406727641355246 ], [ 202085.363723328482592, 2632879.157181503716856 ], [ 202488.612145062565105, 2633038.406671025324613 ], [ 203145.906482437887462, 2633150.406394950114191 ], [ 203145.906482437887462, 2633150.406394950114191 ], [ 205029.321287914382992, 2632566.409010795410722 ], [ 205434.382237781916047, 2632571.909075876697898 ], [ 205434.382237781916047, 2632571.909075876697898 ], [ 206245.926018358877627, 2632530.409402608405799 ], [ 207618.67083875220851, 2632191.660963709931821 ], [ 208280.355856811860576, 2631948.162016614340246 ], [ 209344.929894733824767, 2632016.161967848427594 ], [ 209344.929894733824767, 2632016.161967848427594 ], [ 210410.472719424142269, 2631877.91269399924204 ], [ 211326.46925969509175, 2631635.663781107868999 ], [ 212442.730627224547789, 2631551.914300707634538 ], [ 213616.132481398846721, 2631008.666563751176 ], [ 213773.725698822119739, 2630604.41812222963199 ], [ 214238.864636887883535, 2630053.170291342306882 ], [ 214606.722757169336546, 2629144.923799134325236 ], [ 214775.675432953779818, 2627978.428258634638041 ], [ 214839.503468710841844, 2627063.431749615352601 ], [ 215004.987379278085427, 2626047.435646554455161 ], [ 214808.613215049379505, 2625585.937372758518904 ], [ 213942.08525623253081, 2625876.436117990873754 ], [ 213942.08525623253081, 2625876.436117990873754 ], [ 213442.821656982734567, 2625308.18819805374369 ], [ 213346.868974795448594, 2624900.189738114830106 ], [ 213510.602852197043831, 2624141.192664608824998 ], [ 213378.072349236201262, 2622819.697693920694292 ], [ 213845.258173679641914, 2622064.200667420402169 ], [ 213905.179923303774558, 2621454.953012185636908 ], [ 213962.242291041562567, 2620946.454971632454544 ], [ 213870.305264168069698, 2620282.457503757439554 ], [ 214080.007654451503186, 2619826.709289895370603 ], [ 214042.945494377607247, 2618704.213598371483386 ], [ 213644.103377926890971, 2618239.96531576057896 ], [ 213449.526119062589714, 2617627.217641194351017 ], [ 212954.246927460946608, 2616909.970318275038153 ], [ 212913.481589466682635, 2616198.723054307047278 ], [ 212777.466697530035162, 2615079.477352256421 ], [ 212429.874390241340734, 2614617.229076934047043 ], [ 212498.796236283611506, 2613295.984202153515071 ], [ 212860.388651629880769, 2612843.48601948004216 ], [ 213206.855933985498268, 2613458.733697374351323 ], [ 213607.260543069074629, 2613871.982167463283986 ], [ 214010.243304334610002, 2614081.231427415274084 ], [ 214010.243304334610002, 2614081.231427415274084 ], [ 214622.397192579664988, 2613886.732284381054342 ], [ 214690.209636194631457, 2612667.487018008716404 ], [ 215871.392655416944763, 2611769.490696655586362 ], [ 217899.712809468794148, 2611850.490704047027975 ], [ 218186.633369623741601, 2613075.735997589305043 ], [ 218186.633369623741601, 2613075.735997589305043 ], [ 218846.693290358438389, 2613034.486257097683847 ], [ 219356.956945708021522, 2612838.487092314753681 ], [ 220019.04812981170835, 2612644.487940661609173 ], [ 220775.623245033610146, 2612960.236824707128108 ], [ 220973.325544938008534, 2613319.485460694413632 ], [ 220915.872580306604505, 2613776.983681444078684 ], [ 221012.356527382682543, 2614134.732310577295721 ], [ 221012.356527382682543, 2614134.732310577295721 ], [ 221471.32350229730946, 2613988.732939059846103 ], [ 221629.213572458713315, 2613532.234727567527443 ], [ 221989.055954762268811, 2613231.485941100399941 ], [ 222504.007143927359721, 2612627.23835133947432 ], [ 222564.225745983596426, 2611966.240922668017447 ], [ 222017.056114737846656, 2611246.743642088957131 ], [ 222639.147529403853696, 2610443.496845528949052 ], [ 222650.131962380488403, 2609681.749809215776622 ], [ 222962.865180262830108, 2609126.502011407632381 ], [ 222869.818752206745557, 2608513.504386623390019 ], [ 223190.786389859829796, 2607346.75897770235315 ], [ 221970.7911766244506, 2607533.50808783294633 ], [ 221970.7911766244506, 2607533.50808783294633 ], [ 221314.621918864751933, 2607321.258826225530356 ], [ 220292.438372484903084, 2607866.506555690895766 ], [ 219428.207391219009878, 2607955.756082573905587 ], [ 219428.207391219009878, 2607955.756082573905587 ], [ 218058.994049540022388, 2607884.756153848022223 ], [ 217508.01192826020997, 2607367.758085433393717 ], [ 216845.592643530573696, 2607510.257425331044942 ], [ 216481.765855087753152, 2608115.505006903782487 ], [ 216481.765855087753152, 2608115.505006903782487 ], [ 215618.863008297077613, 2608102.754916440695524 ], [ 215065.849624821625184, 2607738.50624514836818 ], [ 214455.383274984662421, 2607780.005980470217764 ], [ 213789.760829938924871, 2608177.004318608902395 ], [ 214286.32123037695419, 2608998.501203298568726 ], [ 214078.400121285812929, 2609300.999990239739418 ], [ 214279.03992077690782, 2609507.499220784753561 ], [ 214171.165265891642775, 2609963.747427372727543 ], [ 213560.808283870195737, 2610005.49715972179547 ], [ 213560.808283870195737, 2610005.49715972179547 ], [ 212955.888835153426044, 2609741.998078532051295 ], [ 211739.924900390033145, 2609571.498523688875139 ], [ 211642.550340669520665, 2609264.749699830077589 ], [ 211288.739253515639575, 2609157.750051392242312 ], [ 211140.724269251950318, 2608850.25122127821669 ], [ 210681.038542150898138, 2609047.000369561836123 ], [ 210681.038542150898138, 2609047.000369561836123 ], [ 210075.88473589788191, 2608732.751479369122535 ], [ 209665.558168640593067, 2609032.000235475134104 ], [ 209665.558168640593067, 2609032.000235475134104 ], [ 208040.3301983839483, 2609008.000011071097106 ], [ 206926.256496157235233, 2608838.500446019228548 ], [ 206055.134800059255213, 2609435.997939899098128 ], [ 205189.513188202923629, 2609523.997415288817137 ], [ 204676.827618276467547, 2609922.99575341725722 ], [ 202896.865866097301478, 2609943.495283824391663 ], [ 202385.492809239396593, 2610240.494014177937061 ], [ 200687.405291514558485, 2612103.236391174606979 ], [ 200581.186873367754743, 2612457.234993621706963 ], [ 199857.970740069926251, 2613360.481323439627886 ], [ 199794.20514229426044, 2614273.72777381632477 ] ] ] ] } },
{ "type": "Feature", "properties": { "AREA": 106380100.400391, "AREA_HA": 10638.01004, "ID": 7, "縣市名稱": "新竹市" }, "geometry": { "type": "MultiPolygon", "coordinates": [ [ [ [ 243019.203390958311502, 2749342.005735661834478 ], [ 243975.153413383261068, 2749107.256523510441184 ], [ 244583.151455181447091, 2748343.258997404016554 ], [ 245952.25638950560824, 2747375.762147495523095 ], [ 247371.767391344794305, 2746814.76398429973051 ], [ 248589.450915898371022, 2746864.513842395506799 ], [ 248589.450915898371022, 2746864.513842395506799 ], [ 249197.823932265106123, 2746304.51565405447036 ], [ 251024.021086020162329, 2745184.019279757514596 ], [ 252343.079249243513914, 2743351.525204192381352 ], [ 252241.31395147240255, 2742741.027182778343558 ], [ 252647.093866370036267, 2742537.027841992676258 ], [ 252444.250779641210102, 2742283.028667104896158 ], [ 252748.249773917690618, 2741773.780317819677293 ], [ 252697.390561507403618, 2741418.031473385635763 ], [ 253103.248595049692085, 2741010.78279357496649 ], [ 253002.23329740751069, 2740654.533952712547034 ], [ 253255.341833889659029, 2740349.034944152925164 ], [ 253154.32653708930593, 2740043.785938389599323 ], [ 253509.30973486698349, 2739636.787260157987475 ], [ 252950.811566268966999, 2738873.539752435404807 ], [ 252291.110617669910425, 2738670.290419349912554 ], [ 251834.284005447931122, 2739077.539093147963285 ], [ 251479.30080941534834, 2740044.535943903494626 ], [ 250718.568945203820476, 2740808.033459640108049 ], [ 249602.260120567167178, 2741368.281633150298148 ], [ 249602.260120567167178, 2741368.281633150298148 ], [ 249348.417206863639876, 2741063.282622212078422 ], [ 248992.730878868635045, 2740860.033279376104474 ], [ 248586.904091072501615, 2740758.533604776021093 ], [ 248890.778094009379856, 2740045.785926882177591 ], [ 248332.90493551758118, 2739792.036746107507497 ], [ 247926.250029446004191, 2739537.78756831260398 ], [ 247368.40811958044651, 2739589.037392183672637 ], [ 247368.40811958044651, 2739589.037392183672637 ], [ 246809.597474482405232, 2738877.289700746536255 ], [ 246352.598994828877039, 2738266.791682454757392 ], [ 245945.881593502039323, 2738063.792335503268987 ], [ 245640.820116398419486, 2737402.294488327112049 ], [ 244727.166889704763889, 2737454.044293674640357 ], [ 244727.166889704763889, 2737454.044293674640357 ], [ 244218.871728711237665, 2736335.297936480026692 ], [ 244319.730783316714223, 2735826.299606225453317 ], [ 243964.606967659317888, 2735623.050260341260582 ], [ 243913.466524429590208, 2735216.051592500880361 ], [ 243709.029743802791927, 2733893.305926384404302 ], [ 242846.141984928457532, 2734046.805390480905771 ], [ 242288.14383758828626, 2734149.305031637661159 ], [ 241983.347970573813654, 2734302.304516383912414 ], [ 241475.459034741041251, 2734303.054491656832397 ], [ 241425.881038648629328, 2735167.801652316469699 ], [ 241071.413430815155152, 2735982.29896717146039 ], [ 240918.898293887905311, 2736389.547626712825149 ], [ 240818.132982592884218, 2736847.796122753992677 ], [ 240818.132982592884218, 2736847.796122753992677 ], [ 240056.166774670302402, 2736492.547246807720512 ], [ 239446.934440394194098, 2736086.298544316552579 ], [ 237951.408142438449431, 2736249.047924979124218 ], [ 239613.105700991989579, 2737338.544457040261477 ], [ 240069.947937930293847, 2737344.294462271034718 ], [ 240865.023368828551611, 2738728.539982535876334 ], [ 240603.149204172659665, 2739387.03782338835299 ], [ 241338.396686637977837, 2741533.780875150114298 ], [ 241379.849641135457205, 2742348.528232669923455 ], [ 241522.302266412763856, 2743114.025757492985576 ], [ 241463.396180323616136, 2743825.773450042586774 ], [ 241816.770015137793962, 2743982.522958447225392 ], [ 241912.675934634928126, 2744391.021641243714839 ], [ 241655.989265599491773, 2744642.520816928241402 ], [ 241655.989265599491773, 2744642.520816928241402 ], [ 241000.210175272193737, 2744379.521637144498527 ], [ 240737.023501302610384, 2745190.519003674387932 ], [ 240878.788623898552032, 2746057.516212009359151 ], [ 243019.203390958311502, 2749342.005735661834478 ] ] ] ] } },
{ "type": "Feature", "properties": { "AREA": 1404235005.6582, "AREA_HA": 140423.500566, "ID": 6, "縣市名稱": "新竹縣" }, "geometry": { "type": "MultiPolygon", "coordinates": [ [ [ [ 262487.31214408040978, 2752347.245980007108301 ], [ 263804.011002267885488, 2752256.496198024600744 ], [ 264158.978631485020742, 2752663.744876455049962 ], [ 264666.164494770753663, 2752714.994682144373655 ], [ 265375.318451437517069, 2752715.244636511430144 ], [ 265375.318451437517069, 2752715.244636511430144 ], [ 266136.878436906146817, 2752054.246697594877332 ], [ 266137.253407790500205, 2751697.997836643829942 ], [ 266240.065446467837319, 2750069.753043236676604 ], [ 265885.097817522881087, 2749662.504373307805508 ], [ 265834.754191971907858, 2749153.75600944692269 ], [ 265733.691970022278838, 2748492.258141004946083 ], [ 266139.971850034839008, 2747881.760076398495585 ], [ 267409.123918940487783, 2747322.761785019189119 ], [ 267916.309725836385041, 2746865.263220184482634 ], [ 267916.747193408082239, 2746508.764368940610439 ], [ 269438.992177500971593, 2746001.515882716048509 ], [ 270150.333529710187577, 2745239.018283273559064 ], [ 270555.675979816645849, 2745493.767425297759473 ], [ 270555.675979816645849, 2745493.767425297759473 ], [ 270962.080849820340518, 2744985.269031077623367 ], [ 270708.987881571578328, 2744527.020534818060696 ], [ 271013.799373571062461, 2744425.520835504401475 ], [ 272180.389332345046569, 2744681.019900570157915 ], [ 272180.389332345046569, 2744681.019900570157915 ], [ 272739.637390200281516, 2743664.023135790135711 ], [ 274565.475260586536024, 2744531.520141528919339 ], [ 274819.349368456227239, 2744022.521760477684438 ], [ 275226.410441980231553, 2743260.024184511043131 ], [ 275683.78389177803183, 2742853.775449977256358 ], [ 276343.625457676127553, 2742701.525868461001664 ], [ 276294.406752274837345, 2741785.528845745604485 ], [ 276700.561641507316381, 2741582.779456886462867 ], [ 277462.871575193887111, 2741125.780851065181196 ], [ 277513.902596170140896, 2740667.532334540039301 ], [ 277920.18252992030466, 2740821.031786100007594 ], [ 277920.18252992030466, 2740821.031786100007594 ], [ 278275.806311035878025, 2740465.282899104990065 ], [ 278834.58570751931984, 2740364.533156806603074 ], [ 278987.085169677913655, 2740110.283964660484344 ], [ 279444.052400223095901, 2740009.284234778955579 ], [ 279901.457099337712862, 2739704.535167073830962 ], [ 280612.64221810788149, 2739451.285897188819945 ], [ 281121.32791838265257, 2738638.038479038048536 ], [ 280920.047218117571902, 2737874.540998369455338 ], [ 280515.017193293722812, 2737110.793548569083214 ], [ 280262.95539996563457, 2736245.296413497067988 ], [ 281381.951539060042705, 2735229.549588908907026 ], [ 281535.794654221332166, 2734415.802236893679947 ], [ 280877.296688316564541, 2733396.805674631614238 ], [ 280827.234293885878287, 2732989.557020700536668 ], [ 280676.140978477604222, 2732531.308548900298774 ], [ 280575.01626236923039, 2732175.059735435526818 ], [ 280829.765360315563157, 2731819.060873607639223 ], [ 282250.760695551463868, 2732279.559159080963582 ], [ 282250.760695551463868, 2732279.559159080963582 ], [ 282657.415550749457907, 2732026.059935570694506 ], [ 283114.66401082027005, 2731925.06020190147683 ], [ 284235.191290015936829, 2730502.314727019052953 ], [ 284592.939916026429273, 2729434.568200182169676 ], [ 284543.596220117527992, 2728772.820396977011114 ], [ 284847.470228697929997, 2728926.069843137171119 ], [ 284847.470228697929997, 2728926.069843137171119 ], [ 285051.438287443073932, 2728875.819977861829102 ], [ 285457.468187187216245, 2728927.319744043517858 ], [ 285457.468187187216245, 2728927.319744043517858 ], [ 286067.497342186747119, 2728623.320653430186212 ], [ 285813.716763491742313, 2727596.574095490854234 ], [ 285865.966446614591405, 2726782.826786801684648 ], [ 285664.248276892001741, 2726222.578679247293621 ], [ 285818.966330206952989, 2725205.582035852130502 ], [ 286988.21235061227344, 2724954.582682389300317 ], [ 286786.931596395850647, 2723936.58610608195886 ], [ 286331.870477766380645, 2723070.589068475179374 ], [ 286893.118447086424567, 2722309.591518538072705 ], [ 286843.431024003191851, 2721800.843227134086192 ], [ 287709.584178140794393, 2720888.346136928535998 ], [ 288321.050782608857844, 2720483.84738831454888 ], [ 289339.109747040900402, 2720029.598734837491065 ], [ 289898.389111473341472, 2720082.598458507098258 ], [ 290812.542364387132693, 2720594.346579395700246 ], [ 291783.538663479033858, 2718561.353220434393734 ], [ 291326.633873266808223, 2718101.854849288240075 ], [ 290819.260466307110619, 2717438.107174755539745 ], [ 290313.199518353678286, 2716570.860186303965747 ], [ 290473.260933226265479, 2713822.619435347616673 ], [ 290220.35544884839328, 2713314.12120169447735 ], [ 289712.544627856346779, 2713008.622326387558132 ], [ 289511.076440838805865, 2712347.374602346681058 ], [ 289055.327867666259408, 2711634.877098607830703 ], [ 287937.300405666173901, 2711376.62816657917574 ], [ 287480.708036804047879, 2710354.881713937968016 ], [ 287583.70761771715479, 2709998.132909939624369 ], [ 286416.43019972689217, 2708968.636606025975198 ], [ 284843.810491887037642, 2708236.639349390286952 ], [ 284391.561877982341684, 2707199.892956470604986 ], [ 284040.656718670972623, 2706468.395509112626314 ], [ 283434.877467786427587, 2705885.39759337157011 ], [ 282982.285182392224669, 2705254.649818842299283 ], [ 282479.099237579386681, 2704068.653956566937268 ], [ 282173.787780648155604, 2703967.654346756171435 ], [ 281356.321745620283764, 2703175.907179129309952 ], [ 280174.888303969288245, 2702873.658377877436578 ], [ 279506.515623670537025, 2702857.408521677367389 ], [ 278478.112911736709066, 2702604.659521386492997 ], [ 277811.677751891373191, 2702781.408996270038188 ], [ 277811.677751891373191, 2702781.408996270038188 ], [ 277352.116796222981066, 2702385.410413193516433 ], [ 276536.307159718649928, 2702595.409787582233548 ], [ 276484.807371346512809, 2702849.158921550028026 ], [ 276332.995520812866744, 2703803.405662305187434 ], [ 276641.025798347138334, 2704548.903069714549929 ], [ 276847.962716624140739, 2705589.399481405038387 ], [ 276441.526649296458345, 2705790.898839121684432 ], [ 276238.339890546223614, 2706090.397838013246655 ], [ 275019.469209893606603, 2706940.645068193785846 ], [ 274663.814291211892851, 2707797.142182510346174 ], [ 273850.160966137773357, 2708808.638819741085172 ], [ 273289.912977132713422, 2709519.386456744279712 ], [ 272375.947428860061336, 2710027.884817195590585 ], [ 272526.915754072309937, 2710892.881862436421216 ], [ 271916.199205447395798, 2711860.128637723159045 ], [ 271916.199205447395798, 2711860.128637723159045 ], [ 271357.013587367895525, 2711504.129898098763078 ], [ 270594.609959976281971, 2711554.879794971551746 ], [ 270340.39207265607547, 2711452.880163678899407 ], [ 269781.143958598258905, 2711095.631424852646887 ], [ 268560.023121292644646, 2710735.882747455965728 ], [ 267797.681991481338628, 2710733.382815287914127 ], [ 267034.059595134865958, 2710476.633744593244046 ], [ 265863.688658732280601, 2710982.63210694398731 ], [ 264592.224306760123, 2711387.880812622606754 ], [ 264592.224306760123, 2711387.880812622606754 ], [ 263676.477421535761096, 2710929.132424482610077 ], [ 262710.49638853315264, 2711285.381267581600696 ], [ 262710.49638853315264, 2711285.381267581600696 ], [ 261591.890847774862777, 2711133.631839025765657 ], [ 261286.93873719937983, 2710523.383926435373724 ], [ 260677.081446496100398, 2710270.63481282023713 ], [ 260371.879356180725154, 2709965.885862218681723 ], [ 259812.850030401954427, 2709967.135880743619055 ], [ 259101.211875217064517, 2710427.384342459496111 ], [ 258541.432550827070372, 2710428.384358413983136 ], [ 258541.432550827070372, 2710428.384358413983136 ], [ 257422.71764186679502, 2710225.885081481188536 ], [ 257015.500332934752805, 2711395.131120155565441 ], [ 256913.141333431121893, 2712105.878711408935487 ], [ 256912.860106542735593, 2712765.876474320888519 ], [ 258082.809254025254631, 2713628.623519774992019 ], [ 257979.747126611910062, 2714136.121806444134563 ], [ 258081.309314944199286, 2715050.618713208008558 ], [ 257267.765252562676324, 2715965.615649427287281 ], [ 256505.40850213781232, 2716677.863268407993019 ], [ 257369.093084504071157, 2717441.360675265546888 ], [ 257521.608227226504823, 2718459.857246066443622 ], [ 258029.497168561560102, 2719580.103469790890813 ], [ 258538.245474879891844, 2720395.100720976479352 ], [ 258334.746187751414254, 2720956.098848662804812 ], [ 257826.763563313987106, 2721721.596303098835051 ], [ 257775.435637071321253, 2722384.09409023495391 ], [ 257369.624527768581174, 2722894.342397833243012 ], [ 256810.892057899094652, 2723404.340710822958499 ], [ 256251.518954713304993, 2723659.089874708093703 ], [ 255439.06855908446596, 2723149.841590489260852 ], [ 254524.134175957238767, 2724320.83770159445703 ], [ 254269.978786368301371, 2724473.337197271175683 ], [ 253914.573742605600273, 2724880.085847470443696 ], [ 252745.140188719524303, 2725234.334679558407515 ], [ 252643.859289687825367, 2725996.582145514898002 ], [ 252643.859289687825367, 2725996.582145514898002 ], [ 251678.456287477252772, 2725893.082493576686829 ], [ 251120.051918562385254, 2726204.331459458451718 ], [ 251069.833344380167546, 2727527.327068204525858 ], [ 249901.431017658294877, 2727528.077061617281288 ], [ 249343.167265471769497, 2728088.075201211497188 ], [ 249038.19953657273436, 2728546.323680508881807 ], [ 247769.047526739654131, 2729971.81894880766049 ], [ 247668.047857803059742, 2730582.316931122448295 ], [ 247211.033757988887373, 2730786.566248943097889 ], [ 247211.033757988887373, 2730786.566248943097889 ], [ 246550.91096522891894, 2730736.066402207128704 ], [ 246602.067033330735285, 2731397.064222893677652 ], [ 247466.173512082372326, 2732261.811390398070216 ], [ 247364.392595030396478, 2732770.809713171329349 ], [ 247618.454244208201999, 2733126.558547357097268 ], [ 247263.517918380210176, 2733737.556532718706876 ], [ 246298.614881484361831, 2733636.306845413520932 ], [ 245282.555777587200282, 2733026.808823675382882 ], [ 245181.602979408955434, 2733434.057481665164232 ], [ 244825.854157578229206, 2733688.556635073851794 ], [ 244825.854157578229206, 2733688.556635073851794 ], [ 244064.575453266093973, 2733282.307946503628045 ], [ 243709.029743802791927, 2733893.305926384404302 ], [ 243913.466524429590208, 2735216.051592500880361 ], [ 243964.606967659317888, 2735623.050260341260582 ], [ 244319.730783316714223, 2735826.299606225453317 ], [ 244218.871728711237665, 2736335.297936480026692 ], [ 244727.166889704763889, 2737454.044293674640357 ], [ 244727.166889704763889, 2737454.044293674640357 ], [ 245640.820116398419486, 2737402.294488327112049 ], [ 245945.881593502039323, 2738063.792335503268987 ], [ 246352.598994828877039, 2738266.791682454757392 ], [ 246809.597474482405232, 2738877.289700746536255 ], [ 247368.40811958044651, 2739589.037392183672637 ], [ 247368.40811958044651, 2739589.037392183672637 ], [ 247926.250029446004191, 2739537.78756831260398 ], [ 248332.90493551758118, 2739792.036746107507497 ], [ 248890.778094009379856, 2740045.785926882177591 ], [ 248586.904091072501615, 2740758.533604776021093 ], [ 248992.730878868635045, 2740860.033279376104474 ], [ 249348.417206863639876, 2741063.282622212078422 ], [ 249602.260120567167178, 2741368.281633150298148 ], [ 249602.260120567167178, 2741368.281633150298148 ], [ 250718.568945203820476, 2740808.033459640108049 ], [ 251479.30080941534834, 2740044.535943903494626 ], [ 251834.284005447931122, 2739077.539093147963285 ], [ 252291.110617669910425, 2738670.290419349912554 ], [ 252950.811566268966999, 2738873.539752435404807 ], [ 253509.30973486698349, 2739636.787260157987475 ], [ 253154.32653708930593, 2740043.785938389599323 ], [ 253255.341833889659029, 2740349.034944152925164 ], [ 253002.23329740751069, 2740654.533952712547034 ], [ 253103.248595049692085, 2741010.78279357496649 ], [ 252697.390561507403618, 2741418.031473385635763 ], [ 252748.249773917690618, 2741773.780317819677293 ], [ 252444.250779641210102, 2742283.028667104896158 ], [ 252647.093866370036267, 2742537.027841992676258 ], [ 252241.31395147240255, 2742741.027182778343558 ], [ 252343.079249243513914, 2743351.525204192381352 ], [ 251024.021086020162329, 2745184.019279757514596 ], [ 249197.823932265106123, 2746304.51565405447036 ], [ 248589.450915898371022, 2746864.513842395506799 ], [ 248589.450915898371022, 2746864.513842395506799 ], [ 247371.767391344794305, 2746814.76398429973051 ], [ 245952.25638950560824, 2747375.762147495523095 ], [ 244583.151455181447091, 2748343.258997404016554 ], [ 243975.153413383261068, 2749107.256523510441184 ], [ 243019.203390958311502, 2749342.005735661834478 ], [ 243369.46786338443053, 2749753.754427565261722 ], [ 244571.995173119066749, 2750940.000666454900056 ], [ 244920.681529035995482, 2751453.49903348647058 ], [ 245314.227105944737559, 2752425.495937188155949 ], [ 245656.100977561349282, 2753447.992682431358844 ], [ 246052.537182323227171, 2754165.740404316689819 ], [ 247052.518312215688638, 2755298.736819365993142 ], [ 246944.768652011931408, 2755806.235203711781651 ], [ 247931.671701712970389, 2757956.728398076724261 ], [ 248982.058949256315827, 2759039.474984702654183 ], [ 249253.979954635316972, 2758516.47664197999984 ], [ 249608.431942238938063, 2758770.725840539671481 ], [ 249963.649553278868552, 2759024.725039512850344 ], [ 250571.553855107427808, 2759075.474881949368864 ], [ 250825.037420222273795, 2759685.972952992189676 ], [ 250825.037420222273795, 2759685.972952992189676 ], [ 251483.785308939230163, 2759380.473918681032956 ], [ 252852.171546024124837, 2759023.725040956400335 ], [ 253105.592615036090137, 2759430.973751495592296 ], [ 253967.667985001578927, 2759735.722779654897749 ], [ 253967.667985001578927, 2759735.722779654897749 ], [ 254271.292006742907688, 2759430.223741028923541 ], [ 254626.525240674964152, 2759277.724217700771987 ], [ 255284.679368110460928, 2758717.975976760033518 ], [ 255944.239752180350479, 2758666.726125858724117 ], [ 255994.505202699336223, 2758208.72757437126711 ], [ 255994.677063823066419, 2757750.729025203734636 ], [ 256349.285287806967972, 2757343.480308033525944 ], [ 256045.254987629479729, 2756427.98321946663782 ], [ 255994.59888578299433, 2755919.234836511779577 ], [ 255843.05247701794724, 2755155.737267154734582 ], [ 257059.345421382400673, 2754850.238210360519588 ], [ 257212.094918163318653, 2754544.989178065676242 ], [ 258682.02766567908111, 2754290.739942693617195 ], [ 259392.072235484811245, 2753985.490889884531498 ], [ 261065.098106329533039, 2754392.73952353047207 ], [ 261065.098106329533039, 2754392.73952353047207 ], [ 261318.565991068229778, 2753527.742268851026893 ], [ 261116.222867256437894, 2753018.743902043905109 ], [ 262487.31214408040978, 2752347.245980007108301 ] ] ] ] } },
{ "type": "Feature", "properties": { "AREA": 59122310.285155997, "AREA_HA": 5912.231029, "ID": 17, "縣市名稱": "嘉義市" }, "geometry": { "type": "MultiPolygon", "coordinates": [ [ [ [ 189467.921647286100779, 2599938.781025700736791 ], [ 189675.280299661564641, 2599585.282477154862136 ], [ 190529.386046698462451, 2600359.779668338596821 ], [ 191342.132807214948116, 2600370.779851412400603 ], [ 191693.240696390828816, 2600680.778728331904858 ], [ 191693.240696390828816, 2600680.778728331904858 ], [ 192354.597450669534737, 2600639.029073279816657 ], [ 192347.472322496672859, 2601198.276871770154685 ], [ 192347.472322496672859, 2601198.276871770154685 ], [ 193163.641032138286391, 2600904.278248224407434 ], [ 193207.140704571764218, 2601464.526057033799589 ], [ 193815.872642957954668, 2601523.525987384375185 ], [ 193815.872642957954668, 2601523.525987384375185 ], [ 194632.260087348957313, 2601280.527157467324287 ], [ 194740.759805602603592, 2600722.279381179250777 ], [ 195051.477439997397596, 2600268.781246810685843 ], [ 195059.868207961815642, 2599607.53385280771181 ], [ 195620.959773613663856, 2599411.784768934361637 ], [ 196075.457893770886585, 2599672.283858851995319 ], [ 196269.613196840335149, 2600336.531292588450015 ], [ 196269.613196840335149, 2600336.531292588450015 ], [ 197290.265443445212441, 2600101.032476221676916 ], [ 197506.499203099898295, 2599136.53632969269529 ], [ 199193.352086072991369, 2598189.540476769674569 ], [ 199403.554496083670529, 2597684.542520885355771 ], [ 199458.007465678150766, 2597431.543533169664443 ], [ 199871.05280011612922, 2596981.045411464292556 ], [ 199126.337330656446284, 2595751.800095890648663 ], [ 199129.33738131436985, 2595498.051101235672832 ], [ 198485.230880254617659, 2594320.555611180607229 ], [ 197406.96942943133763, 2594908.80301405210048 ], [ 196535.379017277271487, 2595507.050426067318767 ], [ 196535.379017277271487, 2595507.050426067318767 ], [ 195926.412721709144535, 2595447.800505987368524 ], [ 195375.352592829149216, 2594829.552813701797277 ], [ 194572.059132295864401, 2594106.555471582338214 ], [ 194072.139444405096583, 2593438.30799177614972 ], [ 192856.331915511749685, 2593116.558944989461452 ], [ 192387.505419453023933, 2594025.805209228768945 ], [ 191771.351500352524454, 2594526.303056125994772 ], [ 191760.023176271555712, 2595391.049626734573394 ], [ 191760.023176271555712, 2595391.049626734573394 ], [ 190237.232437215163372, 2595268.79968729801476 ], [ 189876.452515378739918, 2595671.047992607578635 ], [ 188910.878246251319069, 2595708.797567409463227 ], [ 188910.878246251319069, 2595708.797567409463227 ], [ 188404.333447504875949, 2595549.548051516059786 ], [ 188344.442834161076462, 2596312.045016463845968 ], [ 188695.144448380422546, 2596672.543692499399185 ], [ 188582.097753045149148, 2597586.540047945920378 ], [ 188174.349338110187091, 2597733.789348036982119 ], [ 188166.833559863705887, 2598344.286936097312719 ], [ 187706.554072278348031, 2598592.535822278354317 ], [ 187597.507463347603334, 2599150.783588977064937 ], [ 187895.834244021039922, 2599663.28165672859177 ], [ 187895.834244021039922, 2599663.28165672859177 ], [ 188761.19019667658722, 2599573.532261805608869 ], [ 189010.485971743706614, 2599932.280920314602554 ], [ 189467.921647286100779, 2599938.781025700736791 ] ] ] ] } },
{ "type": "Feature", "properties": { "AREA": 1955960972.3183501, "AREA_HA": 195596.097232, "ID": 16, "縣市名稱": "嘉義縣" }, "geometry": { "type": "MultiPolygon", "coordinates": [ [ [ [ 198616.825702844857005, 2587905.331182827241719 ], [ 198158.624405551556265, 2588001.3306874060072 ], [ 198158.624405551556265, 2588001.3306874060072 ], [ 197201.847181154589634, 2587380.832931433804333 ], [ 196642.240044649370247, 2587476.33240917371586 ], [ 196327.053608101705322, 2588286.579090972896665 ], [ 194843.528152370330645, 2589030.825737927574664 ], [ 193102.831793401448522, 2589974.071515088900924 ], [ 193102.831793401448522, 2589974.071515088900924 ], [ 192595.193217115593143, 2589967.571404214948416 ], [ 192044.367501445754897, 2589298.573922438547015 ], [ 191586.603725497960113, 2589292.573820707388222 ], [ 190828.153751941688824, 2588977.324868648312986 ], [ 190410.577064240816981, 2589836.571323832031339 ], [ 190410.577064240816981, 2589836.571323832031339 ], [ 189904.641651234065648, 2589677.321816271170974 ], [ 189696.923650677548721, 2589979.57055221311748 ], [ 189696.923650677548721, 2589979.57055221311748 ], [ 188789.224355971527984, 2589407.822572364006191 ], [ 187979.462078537151683, 2589142.823394807055593 ], [ 187166.652878564083949, 2589081.073402286972851 ], [ 185487.159700671385508, 2588948.57342760451138 ], [ 184168.821361124457326, 2588676.82410825509578 ], [ 183102.278832011244958, 2588561.324236558284611 ], [ 182451.203607247123728, 2587738.827317046001554 ], [ 181747.722299437242327, 2587068.579772837925702 ], [ 180478.243102701293537, 2586950.579833775758743 ], [ 180271.196980663924478, 2587202.328758839517832 ], [ 180271.196980663924478, 2587202.328758839517832 ], [ 179864.839252039935673, 2587197.078646344132721 ], [ 179370.685422827693401, 2585969.833395625930279 ], [ 177645.036246456438676, 2585744.833717485889792 ], [ 177139.600906038394896, 2585433.084794616792351 ], [ 176895.258437091310043, 2584616.087987538427114 ], [ 176697.681296219787328, 2584104.839971754234284 ], [ 176853.212004037835868, 2583852.341039120685309 ], [ 177010.336508951644646, 2583447.592719117645174 ], [ 177064.461378836916992, 2583193.593758545815945 ], [ 176100.68412576103583, 2582978.344291511923075 ], [ 174975.922896278701955, 2583473.091909599490464 ], [ 174975.922896278701955, 2583473.091909599490464 ], [ 174477.597116962395376, 2582601.595237302128226 ], [ 174988.907626010855893, 2582354.0964136547409 ], [ 174641.674945506791119, 2581586.599380736239254 ], [ 173885.537630856299074, 2580966.851608816534281 ], [ 172872.385650681739207, 2580598.352729978971183 ], [ 172160.216665520070819, 2580640.352301831357181 ], [ 172160.216665520070819, 2580640.352301831357181 ], [ 171459.48554062328185, 2579614.606183064170182 ], [ 170765.004612631601049, 2578028.862333838362247 ], [ 170115.085775586398086, 2577054.366035174112767 ], [ 169253.261305709456792, 2576738.866988342721015 ], [ 168539.639194142102497, 2576832.116339191328734 ], [ 167722.079906708066119, 2577178.86462107533589 ], [ 166953.020356469554827, 2577678.112302189227194 ], [ 166953.020356469554827, 2577678.112302189227194 ], [ 166754.521355328557547, 2577217.864087817724794 ], [ 166964.926988379185786, 2576609.866632266435772 ], [ 166814.193293703254312, 2576455.617198537103832 ], [ 166456.007202450244222, 2576603.866457804571837 ], [ 165740.431890073639806, 2576900.614974358584732 ], [ 165221.011727754230378, 2577912.110674279276282 ], [ 164449.170803422282916, 2578716.857112346217036 ], [ 163584.439969550468959, 2578706.856804305687547 ], [ 163325.393984119029483, 2579110.855067062191665 ], [ 163325.393984119029483, 2579110.855067062191665 ], [ 162918.801898439589422, 2579106.104920628946275 ], [ 162912.270417110034032, 2579716.35245395032689 ], [ 162244.476035207568202, 2580268.349953036755323 ], [ 162244.476035207568202, 2580268.349953036755323 ], [ 160820.778752232930856, 2580201.099634366109967 ], [ 159791.173051922058221, 2581410.344327331986278 ], [ 159838.297725807846291, 2581716.343114756513387 ], [ 159481.549137119174702, 2581813.842571194749326 ], [ 159521.861048017599387, 2582780.8386972961016 ], [ 159925.093623697874136, 2583141.587417365983129 ], [ 159920.109068777674111, 2583599.335575649049133 ], [ 161077.228851906344062, 2584782.831309426575899 ], [ 161933.725043221056694, 2585555.578565849922597 ], [ 161933.725043221056694, 2585555.578565849922597 ], [ 162197.661839843640337, 2584693.582131234463304 ], [ 162659.410134772304446, 2584292.083931887056679 ], [ 162807.253089413105045, 2584751.832147381734103 ], [ 163003.095763829507632, 2585415.329566465690732 ], [ 163003.095763829507632, 2585415.329566465690732 ], [ 163516.328224735945696, 2585014.081383944489062 ], [ 163949.700549163389951, 2587207.072775547392666 ], [ 164043.887348953488981, 2587971.069758899509907 ], [ 164243.308267976302886, 2588329.568406818900257 ], [ 164182.870652357087238, 2589193.564933209680021 ], [ 164027.605549022147898, 2589446.313862299546599 ], [ 164027.605549022147898, 2589446.313862299546599 ], [ 163622.247855676949257, 2589339.564124520868063 ], [ 163325.733772124833195, 2588522.317266477271914 ], [ 162795.844430336495861, 2590551.058958850800991 ], [ 163097.59310466927127, 2590808.808055309113115 ], [ 162832.593722099758452, 2591874.30370685365051 ], [ 162422.720244668977102, 2592174.802344126626849 ], [ 162624.031868732185103, 2592329.55181149719283 ], [ 162918.311524250835646, 2593299.798077363986522 ], [ 163521.027571057842579, 2593968.045670487452298 ], [ 162249.095099072786979, 2594156.794402829837054 ], [ 162437.921902539528674, 2595481.789229590445757 ], [ 162425.468329980649287, 2596651.784595164470375 ], [ 162930.075553425966064, 2596962.783572122454643 ], [ 163228.355351219855947, 2597576.531268815975636 ], [ 163680.337703357712599, 2598090.779421626590192 ], [ 163877.242910376458894, 2598703.277084612753242 ], [ 164178.819723524502479, 2598961.526187851093709 ], [ 163768.164944509422639, 2599363.524437870830297 ], [ 163768.164944509422639, 2599363.524437870830297 ], [ 161339.081271245988319, 2598470.52696400647983 ], [ 161032.926179638423491, 2598620.026246982160956 ], [ 160112.788990018394543, 2599169.023697074037045 ], [ 159945.476535838242853, 2600591.518024664372206 ], [ 160132.600123311509378, 2602120.012095261365175 ], [ 160132.600123311509378, 2602120.012095261365175 ], [ 161251.392609266302316, 2601980.013112782500684 ], [ 161552.485029174218653, 2602288.512026302050799 ], [ 162265.310381441609934, 2602144.262886687647551 ], [ 163080.400993552029831, 2601899.264182290993631 ], [ 164254.021531251841225, 2601404.51660078484565 ], [ 164964.018639326910488, 2601564.766255128197372 ], [ 164964.018639326910488, 2601564.766255128197372 ], [ 165321.282924646686297, 2601365.517180198803544 ], [ 165986.452335706591839, 2600915.76921140216291 ], [ 166394.685145036928589, 2600768.019952872302383 ], [ 166852.605214591778349, 2600722.520310767460614 ], [ 167561.336681974004023, 2600934.269752766005695 ], [ 168270.552544084988767, 2601095.269392560236156 ], [ 169544.70387475687312, 2600703.52141771838069 ], [ 170411.919284850417171, 2600408.522903804667294 ], [ 171175.556922273826785, 2600265.273751260247082 ], [ 171884.757160171226133, 2600426.52337758615613 ], [ 172642.035236872121459, 2600843.022014942485839 ], [ 173043.439715774264187, 2601305.520341539755464 ], [ 173036.048873092571739, 2601966.767740572337061 ], [ 172702.596139883244177, 2604455.757858282886446 ], [ 173409.530701931216754, 2604820.256686390843242 ], [ 174017.715751801093575, 2604929.506476410664618 ], [ 174017.715751801093575, 2604929.506476410664618 ], [ 174174.51215471260366, 2604524.508117671124637 ], [ 174435.417593351390678, 2603917.260588923003525 ], [ 174951.384553968906403, 2603211.263538958504796 ], [ 175662.209835458139423, 2603271.013553796336055 ], [ 175860.63077548952424, 2603680.26201837323606 ], [ 176002.942399457184365, 2604547.008672333322465 ], [ 176760.939283333282219, 2604861.757702175527811 ], [ 177668.185488554619951, 2605432.755778103135526 ], [ 177407.701948647387326, 2605989.253513721749187 ], [ 177653.51322493472253, 2606704.500803154893219 ], [ 177957.027613330108579, 2606810.000494056846946 ], [ 177957.027613330108579, 2606810.000494056846946 ], [ 179229.31954205330112, 2606571.501852137502283 ], [ 179583.989996009593597, 2606627.001752927899361 ], [ 179680.989473289489979, 2607035.000192151404917 ], [ 179216.100459748937283, 2607690.497480486053973 ], [ 179414.365161715308204, 2608099.995949473232031 ], [ 179414.365161715308204, 2608099.995949473232031 ], [ 180230.44018393807346, 2607753.99756762990728 ], [ 180942.62490367112332, 2607661.748159734997898 ], [ 181600.169112592964666, 2607873.497546264436096 ], [ 181848.449230199883459, 2608334.495828853454441 ], [ 181940.292348553222837, 2609149.742682840209454 ], [ 182285.46257760951994, 2610019.23940989561379 ], [ 182946.147507478250191, 2609925.989981789141893 ], [ 183556.988883184531005, 2609832.240538208279759 ], [ 184416.876054601481883, 2610046.989969814196229 ], [ 184819.311872638878413, 2610356.988888381514698 ], [ 185469.840321592986584, 2611128.736088354606181 ], [ 185565.558535843912978, 2611638.734137519262731 ], [ 186780.02241709822556, 2611959.983255707658827 ], [ 187078.130465123074828, 2612472.481356712523848 ], [ 187630.581281573628075, 2612937.979715425521135 ], [ 188336.156515287904767, 2613353.978310093749315 ], [ 189095.106617720681243, 2613516.72789894323796 ], [ 189138.184393311035819, 2614127.975545521359891 ], [ 189388.02705945042544, 2614486.974228452891111 ], [ 189388.02705945042544, 2614486.974228452891111 ], [ 189644.635503673838684, 2614236.225271339528263 ], [ 189703.932354752178071, 2613524.978040737565607 ], [ 190113.165198698086897, 2613275.979120659641922 ], [ 190974.661789617122849, 2613389.728921660687774 ], [ 190974.661789617122849, 2613389.728921660687774 ], [ 191389.269726633559912, 2612733.481578772887588 ], [ 192151.860511522158049, 2612642.232141770422459 ], [ 192349.125233917235164, 2613102.730411152355373 ], [ 192804.779681955114938, 2613159.730313594453037 ], [ 192645.842649762693327, 2613716.978112894576043 ], [ 193355.277354338555597, 2613777.478069468867034 ], [ 193503.620439002028434, 2614084.976919135078788 ], [ 194315.601632115693064, 2614095.977091443259269 ], [ 194315.601632115693064, 2614095.977091443259269 ], [ 194168.446069082914619, 2613686.978635485749692 ], [ 194524.022813782008598, 2613640.72890788083896 ], [ 195028.708267040492501, 2613902.478026174940169 ], [ 195889.532978148112306, 2614066.7276122844778 ], [ 196755.654608765704324, 2613984.228150941897184 ], [ 197207.52775990506052, 2614295.227061063516885 ], [ 197207.52775990506052, 2614295.227061063516885 ], [ 197818.666042954195291, 2614098.727972668595612 ], [ 198117.696006163780112, 2614560.226261130999774 ], [ 198117.696006163780112, 2614560.226261130999774 ], [ 198878.677427405229537, 2614466.226809964515269 ], [ 199689.236741223634453, 2614526.976769282482564 ], [ 199689.236741223634453, 2614526.976769282482564 ], [ 199794.20514229426044, 2614273.72777381632477 ], [ 199857.970740069926251, 2613360.481323439627886 ], [ 200581.186873367754743, 2612457.234993621706963 ], [ 200687.405291514558485, 2612103.236391174606979 ], [ 202385.492809239396593, 2610240.494014177937061 ], [ 202896.865866097301478, 2609943.495283824391663 ], [ 204676.827618276467547, 2609922.99575341725722 ], [ 205189.513188202923629, 2609523.997415288817137 ], [ 206055.134800059255213, 2609435.997939899098128 ], [ 206926.256496157235233, 2608838.500446019228548 ], [ 208040.3301983839483, 2609008.000011071097106 ], [ 209665.558168640593067, 2609032.000235475134104 ], [ 209665.558168640593067, 2609032.000235475134104 ], [ 210075.88473589788191, 2608732.751479369122535 ], [ 210681.038542150898138, 2609047.000369561836123 ], [ 210681.038542150898138, 2609047.000369561836123 ], [ 211140.724269251950318, 2608850.25122127821669 ], [ 211288.739253515639575, 2609157.750051392242312 ], [ 211642.550340669520665, 2609264.749699830077589 ], [ 211739.924900390033145, 2609571.498523688875139 ], [ 212955.888835153426044, 2609741.998078532051295 ], [ 213560.808283870195737, 2610005.49715972179547 ], [ 213560.808283870195737, 2610005.49715972179547 ], [ 214171.165265891642775, 2609963.747427372727543 ], [ 214279.03992077690782, 2609507.499220784753561 ], [ 214078.400121285812929, 2609300.999990239739418 ], [ 214286.32123037695419, 2608998.501203298568726 ], [ 213789.760829938924871, 2608177.004318608902395 ], [ 214455.383274984662421, 2607780.005980470217764 ], [ 215065.849624821625184, 2607738.50624514836818 ], [ 215618.863008297077613, 2608102.754916440695524 ], [ 216481.765855087753152, 2608115.505006903782487 ], [ 216481.765855087753152, 2608115.505006903782487 ], [ 216845.592643530573696, 2607510.257425331044942 ], [ 217508.01192826020997, 2607367.758085433393717 ], [ 218058.994049540022388, 2607884.756153848022223 ], [ 219428.207391219009878, 2607955.756082573905587 ], [ 219428.207391219009878, 2607955.756082573905587 ], [ 220292.438372484903084, 2607866.506555690895766 ], [ 221314.621918864751933, 2607321.258826225530356 ], [ 221970.7911766244506, 2607533.50808783294633 ], [ 221970.7911766244506, 2607533.50808783294633 ], [ 223190.786389859829796, 2607346.75897770235315 ], [ 222869.818752206745557, 2608513.504386623390019 ], [ 222962.865180262830108, 2609126.502011407632381 ], [ 222650.131962380488403, 2609681.749809215776622 ], [ 222639.147529403853696, 2610443.496845528949052 ], [ 222017.056114737846656, 2611246.743642088957131 ], [ 222564.225745983596426, 2611966.240922668017447 ], [ 223123.81731335495715, 2611873.74135480588302 ], [ 224034.532450675382279, 2612195.49022309249267 ], [ 224034.532450675382279, 2612195.49022309249267 ], [ 224342.375024702487281, 2611946.741226423997432 ], [ 224793.888828177266987, 2612361.489673260133713 ], [ 224793.888828177266987, 2612361.489673260133713 ], [ 225252.277667680900777, 2612267.490093235392123 ], [ 225861.869026796426624, 2612277.490126690361649 ], [ 225861.869026796426624, 2612277.490126690361649 ], [ 226331.445409548730822, 2611419.993508451152593 ], [ 227201.863923639262794, 2610925.245528016239405 ], [ 227916.923647522024112, 2610630.996749481651932 ], [ 228778.857760640967172, 2610644.246789158787578 ], [ 228778.857760640967172, 2610644.246789158787578 ], [ 229191.012427212495822, 2610293.998192777857184 ], [ 229851.853594548418187, 2610150.99881506152451 ], [ 230201.195936978270765, 2610511.747446752153337 ], [ 230201.195936978270765, 2610511.747446752153337 ], [ 230710.209576100314735, 2610366.498060358688235 ], [ 231059.520670508238254, 2610727.746689113788307 ], [ 231471.706583266117377, 2610378.49808446643874 ], [ 231692.221436387859285, 2609315.752238383982331 ], [ 232106.610474766726838, 2608815.004225029610097 ], [ 231759.486882116412744, 2608352.005997979547828 ], [ 231714.565220190183027, 2607944.757581494748592 ], [ 231622.659386897779768, 2607333.259958359412849 ], [ 231729.737116538337432, 2607030.011151564773172 ], [ 231939.486324477591552, 2606626.512745860032737 ], [ 231689.862337194615975, 2606317.263931379653513 ], [ 231237.004774073895533, 2606055.764911928214133 ], [ 230989.552664343005745, 2605645.01649471744895 ], [ 230898.303086393978447, 2604982.269078719895333 ], [ 230649.335354868584545, 2604622.270464360248297 ], [ 230401.133246211073129, 2604262.021851355209947 ], [ 230411.180139449657872, 2603652.024242662359029 ], [ 230929.803150111954892, 2602948.277051866520196 ], [ 231655.378483397711534, 2601993.530866935383528 ], [ 231562.707026456046151, 2601432.533062845468521 ], [ 231872.408947737363633, 2601132.034272301476449 ], [ 231883.893344206822803, 2600369.037275082431734 ], [ 232040.173994593176758, 2600117.288280108012259 ], [ 232153.736108745448291, 2599356.041288676671684 ], [ 232462.703653969918378, 2599055.792499204631895 ], [ 232368.6259430180653, 2598596.794301161542535 ], [ 232523.4534679845965, 2598395.54510861961171 ], [ 232834.655385789257707, 2597993.796720780897886 ], [ 232842.608521399117308, 2597485.548728487454355 ], [ 233362.99713456016616, 2596679.801956546027213 ], [ 233773.433014409500174, 2596432.052969810087234 ], [ 234379.289948294725036, 2596696.551971799694002 ], [ 234379.289948294725036, 2596696.551971799694002 ], [ 234990.928140330564929, 2596554.302580981981009 ], [ 235598.878832105867332, 2596615.052385542076081 ], [ 236259.048065588081954, 2596677.302186212968081 ], [ 236259.048065588081954, 2596677.302186212968081 ], [ 237383.199855055048829, 2596187.804197132587433 ], [ 237943.525742927828105, 2596146.554395554587245 ], [ 238691.632082334486768, 2596974.051167628727853 ], [ 238691.632082334486768, 2596974.051167628727853 ], [ 239959.580145926360274, 2596947.051344170700759 ], [ 240515.32792169143795, 2597060.05092599987984 ], [ 240515.32792169143795, 2597060.05092599987984 ], [ 241478.527204699988943, 2596979.551289674825966 ], [ 242288.164602112810826, 2596848.301843522582203 ], [ 243196.707859964080853, 2596523.553163245785981 ], [ 243791.392982060118811, 2596603.302869247738272 ], [ 243791.392982060118811, 2596603.302869247738272 ], [ 244627.483401672827313, 2596257.054266046267003 ], [ 245244.012185475672595, 2596375.80381413269788 ], [ 245713.275930352159776, 2596635.052801390178502 ], [ 246206.602084616897628, 2596663.552700837608427 ], [ 245865.931575626513222, 2596388.803779099602252 ], [ 245408.261540679668542, 2595864.80584054114297 ], [ 244938.185301170044113, 2595607.056847775820643 ], [ 243610.909356755873887, 2595674.056539664976299 ], [ 243610.909356755873887, 2595674.056539664976299 ], [ 243425.847618290776154, 2594999.309205489233136 ], [ 243075.849021111993352, 2594935.809444124344736 ], [ 242520.179365145857446, 2595072.058882701210678 ], [ 242520.179365145857446, 2595072.058882701210678 ], [ 241207.575246485881507, 2594988.309157500043511 ], [ 240759.858309375500539, 2594520.310991160105914 ], [ 240049.798651132237865, 2594557.060809921473265 ], [ 240049.798651132237865, 2594557.060809921473265 ], [ 239600.472349031479098, 2594090.31263716891408 ], [ 239554.988174379657721, 2593733.314051093999296 ], [ 239201.786470889404882, 2593625.06446128571406 ], [ 238910.412680443871068, 2592856.067498450167477 ], [ 238208.321780628175475, 2592284.069730537477881 ], [ 237651.558401161251822, 2592122.320339418947697 ], [ 236598.312685846409295, 2591289.823582547716796 ], [ 235333.349048911128193, 2590912.574995110742748 ], [ 234880.819642284681322, 2590599.826207167468965 ], [ 234638.992551489558537, 2589781.579449996817857 ], [ 233942.432929773145588, 2588854.083096170332283 ], [ 233848.277099479484605, 2588344.085125235375017 ], [ 234053.963781031023245, 2588194.585738942027092 ], [ 233405.044587499694899, 2587420.588780306745321 ], [ 233056.671033045655349, 2586956.840606487821788 ], [ 232968.280836980266031, 2586090.344068111851811 ], [ 232064.097068002040032, 2585260.347316389903426 ], [ 231552.630376912798965, 2585403.59669606667012 ], [ 231552.630376912798965, 2585403.59669606667012 ], [ 230792.602230007818434, 2585135.347701254300773 ], [ 230281.854290342860622, 2585228.097280501853675 ], [ 229938.371381515433313, 2584460.600325809326023 ], [ 229636.997624007868581, 2584253.101128997746855 ], [ 229542.02929964280338, 2583845.602755863685161 ], [ 229136.405946215090808, 2583839.102740863803774 ], [ 228939.313032580190338, 2583481.104158911854029 ], [ 228585.001982055779081, 2583374.104552141390741 ], [ 228144.894513362203725, 2582248.609032069798559 ], [ 227127.679895126202609, 2582283.858779313974082 ], [ 226567.619667333608959, 2582325.858547240495682 ], [ 226567.619667333608959, 2582325.858547240495682 ], [ 226062.54362024954753, 2582114.609339170623571 ], [ 225551.811305017559789, 2582259.108697641640902 ], [ 225551.811305017559789, 2582259.108697641640902 ], [ 225505.249030720937299, 2581953.109923850279301 ], [ 225613.701768616243498, 2581496.861773868091404 ], [ 225212.062821684812661, 2581134.863184418063611 ], [ 225016.219924978504423, 2580673.615020141005516 ], [ 224670.877669977926416, 2579956.367871296592057 ], [ 223756.240788926079404, 2579840.368225316517055 ], [ 223659.694346848526038, 2579533.619451330043375 ], [ 223006.337711790227331, 2578963.871668264269829 ], [ 222610.823803668230539, 2578194.374727038666606 ], [ 221795.545872707734816, 2578283.374257623683661 ], [ 221795.545872707734816, 2578283.374257623683661 ], [ 221237.391918486711802, 2578173.374625877011567 ], [ 220828.799817414896097, 2578319.373978516552597 ], [ 220828.799817414896097, 2578319.373978516552597 ], [ 219820.085280307772337, 2577693.626365717034787 ], [ 219725.47635970482952, 2577233.878212874755263 ], [ 219540.071064190968173, 2575908.383556832559407 ], [ 219085.401083763310453, 2575697.884343536570668 ], [ 217503.235649209440453, 2575977.882967109791934 ], [ 216170.037890178442467, 2576566.380369911901653 ], [ 215145.495144552900456, 2576955.128626529127359 ], [ 215145.495144552900456, 2576955.128626529127359 ], [ 214537.70080275341752, 2576690.379596829880029 ], [ 214174.624067696830025, 2577245.627286179922521 ], [ 214174.624067696830025, 2577245.627286179922521 ], [ 213721.8603590495768, 2576883.128676174208522 ], [ 213726.438527957565384, 2576527.380118304397911 ], [ 213576.98604225111194, 2576373.130717434454709 ], [ 213737.922981089504901, 2575816.38300269190222 ], [ 213599.17370270381798, 2574950.886490586213768 ], [ 213755.423105949274031, 2574699.137540031224489 ], [ 213352.674814013211289, 2574388.888730148784816 ], [ 213569.720959268976003, 2573476.64247622480616 ], [ 213685.173779895761982, 2572511.646423295140266 ], [ 213995.110057213285472, 2572210.897701734676957 ], [ 214269.281068080454133, 2570686.903962250798941 ], [ 214480.280294228810817, 2570129.156274907290936 ], [ 214385.983905510278419, 2569566.908555628731847 ], [ 214697.076457541581476, 2569062.410670364275575 ], [ 214033.20415733839036, 2569307.659554800018668 ], [ 214033.20415733839036, 2569307.659554800018668 ], [ 213882.126683392125415, 2569153.160160426050425 ], [ 212708.131452924222685, 2569595.908144951798022 ], [ 212708.131452924222685, 2569595.908144951798022 ], [ 210530.04683849302819, 2568853.160782654769719 ], [ 209914.14306633619708, 2569200.159247160889208 ], [ 209198.536619523540139, 2569341.908529797103256 ], [ 208673.366670286166482, 2570555.403470859862864 ], [ 208673.366670286166482, 2570555.403470859862864 ], [ 208230.431236223841552, 2569376.908196572680026 ], [ 207626.621358087140834, 2568755.41061699949205 ], [ 207022.280214445956517, 2568236.412617870606482 ], [ 206359.611060584837105, 2568329.662099931854755 ], [ 206359.611060584837105, 2568329.662099931854755 ], [ 205802.363399292284157, 2568170.912633329164237 ], [ 204937.445082164485939, 2568262.162076684646308 ], [ 204115.338985489943298, 2568810.409656195435673 ], [ 202218.612233589403331, 2569748.155401800293475 ], [ 202218.612233589403331, 2569748.155401800293475 ], [ 201708.72371609165566, 2569739.655320598278195 ], [ 201032.632531137118349, 2570693.901268601417542 ], [ 201990.83152206329396, 2571473.398309248033911 ], [ 202286.26761458319379, 2572293.645033879205585 ], [ 201922.753356741508469, 2572848.142693604342639 ], [ 201344.161664953251602, 2574212.637011911720037 ], [ 201266.145916339068208, 2576089.629375312011689 ], [ 201313.817535620677518, 2576344.878351534251124 ], [ 201714.956408059719251, 2576809.626560496166348 ], [ 201447.691626035579247, 2577876.622179687023163 ], [ 201486.034991223190445, 2578844.618274704553187 ], [ 202240.297391157306265, 2579464.615942155010998 ], [ 202942.372497491684044, 2580133.113401631824672 ], [ 203137.074689048691653, 2580745.360975794028491 ], [ 201086.520226347667631, 2582095.605071149300784 ], [ 200271.757882781908847, 2582237.60430949088186 ], [ 199550.823156601662049, 2582889.351516659371555 ], [ 199594.885340355336666, 2583449.599275099579245 ], [ 200204.945359587058192, 2583458.099385662004352 ], [ 200352.819672547338996, 2583815.847983175422996 ], [ 199368.432711316912901, 2585175.092294421046972 ], [ 199368.432711316912901, 2585175.092294421046972 ], [ 198914.356492164370138, 2584914.343230876605958 ], [ 197888.438627697032643, 2585510.090591751039028 ], [ 197888.438627697032643, 2585510.090591751039028 ], [ 197436.90931315367925, 2585097.592133831698447 ], [ 197323.03455444535939, 2585959.838649454060942 ], [ 197774.548245833284454, 2586371.837111256550997 ], [ 198735.153639810509048, 2586739.335875057149678 ], [ 198616.825702844857005, 2587905.331182827241719 ] ], [ [ 188404.333447504875949, 2595549.548051516059786 ], [ 188910.878246251319069, 2595708.797567409463227 ], [ 188910.878246251319069, 2595708.797567409463227 ], [ 189876.452515378739918, 2595671.047992607578635 ], [ 190237.232437215163372, 2595268.79968729801476 ], [ 191760.023176271555712, 2595391.049626734573394 ], [ 191760.023176271555712, 2595391.049626734573394 ], [ 191771.351500352524454, 2594526.303056125994772 ], [ 192387.505419453023933, 2594025.805209228768945 ], [ 192856.331915511749685, 2593116.558944989461452 ], [ 194072.139444405096583, 2593438.30799177614972 ], [ 194572.059132295864401, 2594106.555471582338214 ], [ 195375.352592829149216, 2594829.552813701797277 ], [ 195926.412721709144535, 2595447.800505987368524 ], [ 196535.379017277271487, 2595507.050426067318767 ], [ 196535.379017277271487, 2595507.050426067318767 ], [ 197406.96942943133763, 2594908.80301405210048 ], [ 198485.230880254617659, 2594320.555611180607229 ], [ 199129.33738131436985, 2595498.051101235672832 ], [ 199126.337330656446284, 2595751.800095890648663 ], [ 199871.05280011612922, 2596981.045411464292556 ], [ 199458.007465678150766, 2597431.543533169664443 ], [ 199403.554496083670529, 2597684.542520885355771 ], [ 199193.352086072991369, 2598189.540476769674569 ], [ 197506.499203099898295, 2599136.53632969269529 ], [ 197290.265443445212441, 2600101.032476221676916 ], [ 196269.613196840335149, 2600336.531292588450015 ], [ 196269.613196840335149, 2600336.531292588450015 ], [ 196075.457893770886585, 2599672.283858851995319 ], [ 195620.959773613663856, 2599411.784768934361637 ], [ 195059.868207961815642, 2599607.53385280771181 ], [ 195051.477439997397596, 2600268.781246810685843 ], [ 194740.759805602603592, 2600722.279381179250777 ], [ 194632.260087348957313, 2601280.527157467324287 ], [ 193815.872642957954668, 2601523.525987384375185 ], [ 193815.872642957954668, 2601523.525987384375185 ], [ 193207.140704571764218, 2601464.526057033799589 ], [ 193163.641032138286391, 2600904.278248224407434 ], [ 192347.472322496672859, 2601198.276871770154685 ], [ 192347.472322496672859, 2601198.276871770154685 ], [ 192354.597450669534737, 2600639.029073279816657 ], [ 191693.240696390828816, 2600680.778728331904858 ], [ 191693.240696390828816, 2600680.778728331904858 ], [ 191342.132807214948116, 2600370.779851412400603 ], [ 190529.386046698462451, 2600359.779668338596821 ], [ 189675.280299661564641, 2599585.282477154862136 ], [ 189467.921647286100779, 2599938.781025700736791 ], [ 189010.485971743706614, 2599932.280920314602554 ], [ 188761.19019667658722, 2599573.532261805608869 ], [ 187895.834244021039922, 2599663.28165672859177 ], [ 187895.834244021039922, 2599663.28165672859177 ], [ 187597.507463347603334, 2599150.783588977064937 ], [ 187706.554072278348031, 2598592.535822278354317 ], [ 188166.833559863705887, 2598344.286936097312719 ], [ 188174.349338110187091, 2597733.789348036982119 ], [ 188582.097753045149148, 2597586.540047945920378 ], [ 188695.144448380422546, 2596672.543692499399185 ], [ 188344.442834161076462, 2596312.045016463845968 ], [ 188404.333447504875949, 2595549.548051516059786 ] ] ] ] } },
{ "type": "Feature", "properties": { "AREA": 1071606862.03125, "AREA_HA": 107160.686203, "ID": 13, "縣市名稱": "彰化縣" }, "geometry": { "type": "MultiPolygon", "coordinates": [ [ [ [ 201407.200671505415812, 2672700.760472245514393 ], [ 202080.495395729638403, 2671441.515141801908612 ], [ 201688.090787958935834, 2670522.268354062922299 ], [ 202773.134118159679929, 2668756.774951638188213 ], [ 203534.022010943997884, 2668562.275820966809988 ], [ 203847.317901692877058, 2667852.278449308592826 ], [ 204407.065923020825721, 2667554.279645914677531 ], [ 206490.120976473845076, 2666772.782907016575336 ], [ 207702.132133834966226, 2666940.782546911854297 ], [ 208567.785317782399943, 2666446.534504362381995 ], [ 209325.110649084148463, 2666561.034238334745169 ], [ 209325.110649084148463, 2666561.034238334745169 ], [ 209683.984404674760299, 2666211.035572278779 ], [ 210493.497083975205896, 2666121.536049336194992 ], [ 210905.99568868757342, 2665517.538311046082526 ], [ 211395.697476058383472, 2663082.797225413378328 ], [ 212008.273423347825883, 2662684.048785094171762 ], [ 212025.117336880473886, 2661461.053233729675412 ], [ 211942.508501731703291, 2660185.807862225919962 ], [ 212361.147766844806029, 2659176.061619801912457 ], [ 212221.320326362096239, 2658260.064939343370497 ], [ 213182.89489251706982, 2658274.565057233441621 ], [ 213182.89489251706982, 2658274.565057233441621 ], [ 213490.206309316272382, 2657973.816210085526109 ], [ 214200.078699089557631, 2657881.566669655963778 ], [ 214089.235244195675477, 2658541.314240093808621 ], [ 214089.235244195675477, 2658541.314240093808621 ], [ 214652.405105863406789, 2658141.565796143375337 ], [ 215410.777290605590679, 2658202.815698952414095 ], [ 216181.024573518399848, 2657401.818753246683627 ], [ 217305.270538139942801, 2656603.821852575056255 ], [ 217158.521139133430552, 2656245.323142552748322 ], [ 216704.319707371876575, 2656188.323279501870275 ], [ 216964.584456331533147, 2655633.325355044566095 ], [ 216560.054716573882615, 2655576.825497840065509 ], [ 215897.885249955230393, 2655872.324307740200311 ], [ 213823.205442684324225, 2655893.573881706688553 ], [ 213823.205442684324225, 2655893.573881706688553 ], [ 213472.456789803225547, 2655634.574770364444703 ], [ 213182.723663521086564, 2654663.828281243797392 ], [ 213241.661053423013072, 2654053.580532701220363 ], [ 214568.656255324138328, 2653259.83367914846167 ], [ 214231.188957183534512, 2652133.087769114878029 ], [ 214149.252002343448112, 2650755.842832866124809 ], [ 213649.566450471233111, 2650291.344461516942829 ], [ 213401.567450168222422, 2649880.845934451092035 ], [ 212438.28977685639984, 2650018.095257176551968 ], [ 212798.94476017265697, 2649566.346990663558245 ], [ 212394.211909562232904, 2649509.097130080219358 ], [ 212809.35110891846125, 2648803.849812122993171 ], [ 212660.476703595952131, 2648598.350546048488468 ], [ 213227.740338834555587, 2647843.353441725950688 ], [ 212875.507312886358704, 2647684.853966854512691 ], [ 212426.149707716627745, 2647219.605611253529787 ], [ 212685.898815293156076, 2646766.107339554931968 ], [ 213095.850463710754411, 2646417.608705086633563 ], [ 212762.617607648251578, 2644938.61414076667279 ], [ 212511.306081830582116, 2644782.114678036887199 ], [ 212768.398918721853988, 2644480.365846293978393 ], [ 212520.41554299541167, 2644120.117142820730805 ], [ 212979.648232588544488, 2643872.368146878667176 ], [ 212935.070349116198486, 2643463.619661455973983 ], [ 212684.368206902989186, 2643256.120390250813216 ], [ 212939.570396247552708, 2643107.370989819522947 ], [ 212642.352851345262025, 2642644.122664535883814 ], [ 212289.33857823847211, 2642537.372999573592097 ], [ 212396.90075546229491, 2642081.374720460735261 ], [ 211902.105901324888691, 2641259.377700838260353 ], [ 212058.87099866537028, 2640906.12904955400154 ], [ 211909.918475156300701, 2640700.379791751038283 ], [ 211913.762266911857296, 2640395.88093134528026 ], [ 211405.842296795744915, 2640490.380485127680004 ], [ 211405.842296795744915, 2640490.380485127680004 ], [ 211723.997530609281966, 2639478.88432920910418 ], [ 212184.652098966907943, 2639129.885720069054514 ], [ 212042.855893362051575, 2638414.638375776354223 ], [ 211486.904898803390097, 2638303.888689758721739 ], [ 211847.184855819505174, 2637902.140262962318957 ], [ 211291.843245081108762, 2637740.140769334044307 ], [ 211194.781161966442596, 2637484.14171252772212 ], [ 211148.718904218141688, 2637127.643043031916022 ], [ 211704.076138263015309, 2637288.89253936894238 ], [ 211704.076138263015309, 2637288.89253936894238 ], [ 211857.559957709163427, 2637139.143129768781364 ], [ 212109.652730054891435, 2637244.892778117675334 ], [ 212109.652730054891435, 2637244.892778117675334 ], [ 212364.964286751608597, 2637097.14337915321812 ], [ 211913.341061279963469, 2636784.39447281928733 ], [ 212422.682909937517252, 2636589.645296676550061 ], [ 211921.169259757793043, 2636225.896574066020548 ], [ 213033.352478630578844, 2636498.145749183837324 ], [ 213033.352478630578844, 2636498.145749183837324 ], [ 213201.305173180211568, 2635331.400168695021421 ], [ 213612.241178470401792, 2634930.6517498139292 ], [ 214377.160188708105125, 2634637.402986309491098 ], [ 214585.237589756201487, 2634233.654543611686677 ], [ 215092.095029895601328, 2634241.404599559493363 ], [ 215747.279986559733516, 2634506.153709630016237 ], [ 216301.246589510556078, 2634717.653002639301121 ], [ 216754.260445351916132, 2634978.902090774849057 ], [ 216754.260445351916132, 2634978.902090774849057 ], [ 217161.899548441229854, 2634780.902901201974601 ], [ 217380.180135163886007, 2633715.156954138539732 ], [ 217889.037590628984617, 2633569.157584009226412 ], [ 219354.235081417718902, 2633842.906771537847817 ], [ 218302.14547375231632, 2633015.409737825859338 ], [ 216988.447411147615639, 2632743.410561638418585 ], [ 216087.091608844231814, 2631966.663353464566171 ], [ 214419.207431180460844, 2631581.91453196760267 ], [ 213616.132481398846721, 2631008.666563751176 ], [ 212442.730627224547789, 2631551.914300707634538 ], [ 211326.46925969509175, 2631635.663781107868999 ], [ 210410.472719424142269, 2631877.91269399924204 ], [ 209344.929894733824767, 2632016.161967848427594 ], [ 209344.929894733824767, 2632016.161967848427594 ], [ 208280.355856811860576, 2631948.162016614340246 ], [ 207618.67083875220851, 2632191.660963709931821 ], [ 206245.926018358877627, 2632530.409402608405799 ], [ 205434.382237781916047, 2632571.909075876697898 ], [ 205434.382237781916047, 2632571.909075876697898 ], [ 205029.321287914382992, 2632566.409010795410722 ], [ 203145.906482437887462, 2633150.406394950114191 ], [ 203145.906482437887462, 2633150.406394950114191 ], [ 202488.612145062565105, 2633038.406671025324613 ], [ 202085.363723328482592, 2632879.157181503716856 ], [ 200512.68222971027717, 2632903.406727641355246 ], [ 199549.560901917604497, 2632943.156349948141724 ], [ 198582.892635911499383, 2633289.404809730593115 ], [ 194660.250982132711215, 2634755.648290993180126 ], [ 193793.504180706106126, 2635150.396576015278697 ], [ 193024.428793837229023, 2635852.393728055525571 ], [ 192513.024380362476222, 2636252.392085403203964 ], [ 192106.119652549736202, 2636348.891611787956208 ], [ 192106.119652549736202, 2636348.891611787956208 ], [ 191397.778616524417885, 2636288.391644995193928 ], [ 190894.577482436783612, 2636027.142488203011453 ], [ 190135.471031241380842, 2635915.392695927526802 ], [ 186383.360278076783288, 2636068.891028343699872 ], [ 185928.377653747738805, 2636012.3911043102853 ], [ 185425.614041832915973, 2635700.392126128543168 ], [ 184718.054305819037836, 2635487.64271105080843 ], [ 183805.651521538151428, 2635526.642282250337303 ], [ 182691.43704037781572, 2635461.392178481910378 ], [ 181475.613555942807579, 2635445.89184899115935 ], [ 180466.383153478673194, 2635076.892911335919052 ], [ 178994.201205639605178, 2635261.891728822607547 ], [ 178026.314116345398361, 2635707.639726065564901 ], [ 177008.474106615351047, 2636101.637897543143481 ], [ 176143.805438676878111, 2636345.386683034710586 ], [ 175432.808076446235646, 2636539.88570416206494 ], [ 176087.367971344181569, 2636853.38475384702906 ], [ 176287.663992032641545, 2637110.133858469780535 ], [ 175552.869125513971085, 2639289.12542913435027 ], [ 176001.117166765063303, 2640006.622898768167943 ], [ 176704.458084283483913, 2640473.121396457776427 ], [ 177709.782146036828635, 2641197.619031110778451 ], [ 178399.466466389480047, 2642834.613153725862503 ], [ 178745.683660711511038, 2643551.360598507337272 ], [ 180182.536676287301816, 2646316.600791674107313 ], [ 180672.409369845263427, 2647696.595834149979055 ], [ 181172.235429717984516, 2648262.593900035601109 ], [ 181865.716780167043908, 2649543.339385390281677 ], [ 183061.086753912386484, 2651237.583509587682784 ], [ 182602.58838549174834, 2651486.082448774483055 ], [ 182602.58838549174834, 2651486.082448774483055 ], [ 181894.700440884218551, 2651375.332631870638579 ], [ 181284.265121905889828, 2651672.581340051721781 ], [ 181917.058941949304426, 2653766.573836280964315 ], [ 183280.819400713487994, 2654038.573268365580589 ], [ 183280.819400713487994, 2654038.573268365580589 ], [ 183789.708211172779556, 2653790.824337567668408 ], [ 183934.098085817822721, 2654454.071945867501199 ], [ 184916.546780381526332, 2656908.81324930395931 ], [ 184812.156462401559111, 2657161.812291618902236 ], [ 186458.649756098078797, 2659116.805645957123488 ], [ 186957.069615118263755, 2659682.803729470353574 ], [ 189167.342315466696164, 2660984.049632358364761 ], [ 189922.683202787826303, 2661248.548884609248489 ], [ 189968.08915184540092, 2661706.79723037360236 ], [ 190156.744380891701439, 2662828.54320722958073 ], [ 190710.586047332413727, 2662988.792780555784702 ], [ 191250.693056538380915, 2664318.788106441032141 ], [ 191907.784391581168165, 2664327.788254507351667 ], [ 192457.579104000382358, 2664843.786534993909299 ], [ 192552.750487535464345, 2665354.034713417757303 ], [ 192248.314076336770086, 2665451.534278 ], [ 192680.671369276882615, 2667238.027938717510551 ], [ 193116.55997713789111, 2668770.022531504742801 ], [ 190892.255603708443232, 2668740.272031189408153 ], [ 191229.160230776120443, 2670118.51716431742534 ], [ 191926.594957778026583, 2670941.764397679362446 ], [ 193171.152502949553309, 2672485.009197195526212 ], [ 195694.3620140881103, 2672773.758823142386973 ], [ 196343.515733198670205, 2673444.006588121876121 ], [ 196188.65685389743885, 2673696.255646274425089 ], [ 196838.138727566052694, 2674265.003775665070862 ], [ 197035.044158927310491, 2674674.752360395621508 ], [ 196778.841883533197688, 2674976.501218045596033 ], [ 197478.620455904572736, 2675545.749360039830208 ], [ 197624.526061320706503, 2676005.747754732146859 ], [ 197926.431193467287812, 2676111.747451064642519 ], [ 198073.493071830307599, 2676469.746210584416986 ], [ 198578.116245657321997, 2676484.496281197760254 ], [ 199338.551047225133516, 2676289.997157800942659 ], [ 199899.642880319792312, 2675837.998903520870954 ], [ 200311.17275244067423, 2675383.750621735583991 ], [ 200676.140400934789795, 2674471.503965768963099 ], [ 200785.640149818151258, 2673863.006167370826006 ], [ 201146.498348481894936, 2673309.008233557920903 ], [ 201407.200671505415812, 2672700.760472245514393 ] ] ] ] } },
{ "type": "Feature", "properties": { "AREA": 3573529471.5058498, "AREA_HA": 357352.94715099997, "ID": 19, "縣市名稱": "臺東縣" }, "geometry": { "type": "MultiPolygon", "coordinates": [ [ [ [ 302347.229493444378022, 2503894.684536598157138 ], [ 302255.573584657046013, 2503636.435696397908032 ], [ 301844.950441993190907, 2503774.435184461064637 ], [ 301844.950441993190907, 2503774.435184461064637 ], [ 301238.046879922680091, 2503752.185423582326621 ], [ 300782.486397604749072, 2503735.185603289864957 ], [ 300662.424554586061276, 2504239.933406807016581 ], [ 300296.020001199736726, 2504531.932204209733754 ], [ 299776.616135991236661, 2504869.180836393497884 ], [ 299776.616135991236661, 2504869.180836393497884 ], [ 299525.86723312549293, 2504809.181156692560762 ], [ 299105.900438377691898, 2505201.179524666629732 ], [ 299105.900438377691898, 2505201.179524666629732 ], [ 298856.089019015140366, 2505089.93006923655048 ], [ 298599.371428599872161, 2505182.429718700237572 ], [ 298532.090584167512134, 2505638.427727362606674 ], [ 298616.121570684015751, 2506099.175683069974184 ], [ 298700.15255775366677, 2506560.673636670224369 ], [ 298529.215932537976187, 2507063.421465779654682 ], [ 298000.499658504908439, 2507654.668985364027321 ], [ 297897.656374017533381, 2507701.918800119776279 ], [ 297726.782245635462459, 2508204.666631476022303 ], [ 297812.531962083652616, 2508614.914814400486648 ], [ 297910.187805468158331, 2508720.414330886676908 ], [ 298264.498744430253282, 2508733.41419725259766 ], [ 298264.498744430253282, 2508733.41419725259766 ], [ 298678.403110795887187, 2508494.165155660361052 ], [ 299188.244589749723673, 2508410.915408449713141 ], [ 299437.212266993243247, 2508521.914866513106972 ], [ 299834.773064402805176, 2508739.913821936585009 ], [ 300184.83404714387143, 2508854.663240264635533 ], [ 300385.333176540676504, 2508913.162938460242003 ], [ 300385.333176540676504, 2508913.162938460242003 ], [ 300653.956893321184907, 2508515.664619531482458 ], [ 301157.829685864504427, 2508584.91420037439093 ], [ 301611.515199883142486, 2508652.413799364119768 ], [ 301858.732899292954244, 2508814.163032774347812 ], [ 301858.732899292954244, 2508814.163032774347812 ], [ 302163.825292695488315, 2508774.413135538809001 ], [ 302336.574389637447894, 2508220.915521328337491 ], [ 302457.448727306211367, 2507716.167706863489002 ], [ 302262.168286755564623, 2507505.41867788368836 ], [ 302478.167243440460879, 2507157.420154440682381 ], [ 302333.824078572331928, 2506948.421106198336929 ], [ 302041.637790841108654, 2506631.922565143089741 ], [ 302214.418136239750311, 2506078.674955872353166 ], [ 302024.168899464013521, 2505765.926375577226281 ], [ 301819.357317379442975, 2505809.426232186611742 ], [ 301819.357317379442975, 2505809.426232186611742 ], [ 301669.764215629140381, 2505752.926515565253794 ], [ 301696.451418928161729, 2505041.42963929567486 ], [ 301813.075800785503816, 2504638.681385091040283 ], [ 302026.574778989714105, 2504340.932646125555038 ], [ 302085.293217623897363, 2504139.433520065620542 ], [ 302347.229493444378022, 2503894.684536598157138 ] ] ], [ [ [ 269688.845491126528941, 2527635.336542224045843 ], [ 269398.534176234563347, 2526883.839792536571622 ], [ 269194.65996007603826, 2525822.844368686899543 ], [ 269772.876118239946663, 2524932.848148704506457 ], [ 269611.876793235074729, 2524685.099228740204126 ], [ 269704.532621239777654, 2524477.600114377215505 ], [ 270042.624859653471503, 2524026.852026775479317 ], [ 270242.967751523945481, 2524149.351481509860605 ], [ 270242.967751523945481, 2524149.351481509860605 ], [ 270325.654856938752346, 2523789.603024327196181 ], [ 270153.093067485780921, 2523389.354764677584171 ], [ 270336.373399424890522, 2522159.110056598670781 ], [ 269836.219240103149787, 2521263.613968360237777 ], [ 269065.722576492931694, 2521041.364993771072477 ], [ 268449.912648518453352, 2519794.120439191348851 ], [ 268339.413013293698896, 2518474.626164361834526 ], [ 267307.073637742723804, 2516837.883345974609256 ], [ 266339.515365471947007, 2516725.883902030996978 ], [ 264910.115272775525227, 2515309.14015619084239 ], [ 263674.183085984142963, 2513681.147320450283587 ], [ 262617.015793870959897, 2512656.651846678927541 ], [ 261114.319239506527083, 2511905.405200079549104 ], [ 260719.149116040411172, 2512126.154253834858537 ], [ 260719.149116040411172, 2512126.154253834858537 ], [ 260655.086882387520745, 2511823.155579819809645 ], [ 260362.572558984771604, 2512090.404425191227347 ], [ 260362.572558984771604, 2512090.404425191227347 ], [ 260242.151191616285359, 2511637.406408773269504 ], [ 258181.175863892072812, 2510859.659883887507021 ], [ 257392.91369158172165, 2510231.412655795924366 ], [ 256770.807037688937271, 2509515.165807907469571 ], [ 256523.995617523469264, 2509201.417188186664134 ], [ 256197.278295715863351, 2508706.169366049114615 ], [ 255425.187950733292382, 2508433.920575824566185 ], [ 253975.022473181539681, 2507732.423675762489438 ], [ 252691.043759152758867, 2506209.180377656593919 ], [ 252019.999844478414161, 2504812.686523927375674 ], [ 251497.049029804678867, 2503307.693155833054334 ], [ 251164.581748002005043, 2501539.700959533918649 ], [ 251264.221921915333951, 2500364.206156444270164 ], [ 251257.971942018251866, 2499091.711789608001709 ], [ 250460.194253556721378, 2498260.215473491698503 ], [ 249294.355719631217653, 2497139.470438547432423 ], [ 248397.515990244399291, 2496363.723874103743583 ], [ 247866.049638488679193, 2494706.481236746069044 ], [ 247548.98856502189301, 2494414.982529344037175 ], [ 246985.78800331952516, 2492045.743082532659173 ], [ 246778.585812452598475, 2491952.993492513429374 ], [ 246330.650365800654981, 2489884.752727632876486 ], [ 245815.324592330638552, 2488583.258543615695089 ], [ 245313.37375795369735, 2487586.512999508529902 ], [ 244998.859588583145523, 2486225.519100785721093 ], [ 244543.392960569442948, 2484004.779076495207846 ], [ 244310.690910177247133, 2483353.03200542088598 ], [ 243903.427169843809679, 2482199.537193820346147 ], [ 243336.601665615511592, 2480900.543039533309639 ], [ 243203.539795141958166, 2480193.546230639796704 ], [ 242813.588474089629017, 2479446.799594054464251 ], [ 242254.512943243171321, 2478300.054764716885984 ], [ 241890.077159691951238, 2476991.810681781265885 ], [ 241362.704590664099669, 2476556.562633788213134 ], [ 240590.473913844616618, 2472975.32888710219413 ], [ 239453.932339142920682, 2471446.335802031680942 ], [ 239152.168158508458873, 2470390.340608540922403 ], [ 239138.527671467076289, 2468965.347125014755875 ], [ 238926.09122237257543, 2467650.353135891724378 ], [ 238856.529126224777428, 2466126.110123818740249 ], [ 239047.293941876472672, 2464742.866489496547729 ], [ 239052.028349073138088, 2463723.871177269145846 ], [ 239215.699510350852506, 2462851.375204032287002 ], [ 239423.276781620137626, 2460703.635120871476829 ], [ 237955.736803675274132, 2459565.140295582357794 ], [ 236599.399411423277343, 2458994.64284596638754 ], [ 236241.526082524418598, 2458959.392984570469707 ], [ 235967.699188509781379, 2459633.639847522601485 ], [ 235323.983410786662716, 2460018.388022936414927 ], [ 234784.954639821051387, 2460449.635990471579134 ], [ 234784.954639821051387, 2460449.635990471579134 ], [ 234320.831810893228976, 2460317.386565299704671 ], [ 232865.69792727517779, 2460738.13450344838202 ], [ 232639.948925801931182, 2461359.131617856677622 ], [ 232356.622078514861641, 2461829.879421824589372 ], [ 231566.203834592131898, 2462323.377076036296785 ], [ 231021.706334720482118, 2462653.125506008043885 ], [ 231021.706334720482118, 2462653.125506008043885 ], [ 229418.448217374854721, 2462062.128074076958001 ], [ 229553.088146270922152, 2462769.374828084371984 ], [ 229272.323773067444563, 2463291.122396512422711 ], [ 229382.666990864876425, 2463489.871492607053369 ], [ 229210.620846952777356, 2464159.368394162971526 ], [ 230181.741331700846786, 2464268.867987182922661 ], [ 230255.522191013820702, 2464774.865667425096035 ], [ 229655.978072567697382, 2465005.114549930207431 ], [ 228851.99740434641717, 2465193.863600757904351 ], [ 228874.731621920451289, 2465701.861269324552268 ], [ 228338.499679685861338, 2466184.108998799230903 ], [ 227333.441804811853217, 2466432.857748177368194 ], [ 227165.614371038245736, 2467204.104191435035318 ], [ 227343.300988657574635, 2467756.351679692510515 ], [ 227343.300988657574635, 2467756.351679692510515 ], [ 228251.749930349295028, 2467613.852431252598763 ], [ 228835.747176209464669, 2468148.100044487975538 ], [ 229075.80848562362371, 2468952.096387831028551 ], [ 228742.450600442767609, 2469425.094188983552158 ], [ 228788.684657513455022, 2470441.589546028990299 ], [ 228395.358316541940439, 2470713.838260921183974 ], [ 227934.782202177477302, 2471752.833467817865312 ], [ 227036.333173411869211, 2472098.33179269824177 ], [ 227036.333173411869211, 2472098.33179269824177 ], [ 226415.976678288599942, 2471871.832755694631487 ], [ 225833.838663365837419, 2472457.830015155952424 ], [ 225619.948918455920648, 2473333.076000644825399 ], [ 225214.544528955972055, 2473351.325869034044445 ], [ 225214.544528955972055, 2473351.325869034044445 ], [ 224700.43753204823588, 2473221.326398819684982 ], [ 224207.549130967818201, 2473549.324843566864729 ], [ 223572.051981335127493, 2474087.072314540389925 ], [ 224020.674808554089395, 2474983.818291513714939 ], [ 224007.143517805816373, 2475798.814585172571242 ], [ 224328.267003507673508, 2476141.063070598524064 ], [ 225008.529460260033375, 2476568.81121194222942 ], [ 224464.688159632612951, 2476898.80964740132913 ], [ 225062.325947471195832, 2477737.555915892124176 ], [ 224984.623115580499871, 2478250.303582122083753 ], [ 224984.623115580499871, 2478250.303582122083753 ], [ 225643.620106918329839, 2478220.803794803563505 ], [ 225968.743569058220601, 2478664.55182257341221 ], [ 225968.743569058220601, 2478664.55182257341221 ], [ 226775.208650167594897, 2478526.302541690412909 ], [ 227766.547809323557885, 2479093.300083655398339 ], [ 228299.076571080600843, 2479629.797712516505271 ], [ 228076.218141679826658, 2480301.544650158844888 ], [ 227633.001261585770408, 2481696.288300391286612 ], [ 226997.707219582691323, 2482234.035803011152893 ], [ 227044.831891883048229, 2483250.281225095968693 ], [ 226192.445114198781084, 2483492.28003748273477 ], [ 225455.995272023399593, 2484034.27750932937488 ], [ 224550.983734379668022, 2484227.776528151705861 ], [ 224533.358726209582528, 2484941.523313533514738 ], [ 224880.341416584182298, 2485842.769303457811475 ], [ 224551.57721122080693, 2486417.516680461354554 ], [ 225279.183244319690857, 2486792.265086201485246 ], [ 225471.369771816214779, 2487649.261263001244515 ], [ 225888.586606234719511, 2487885.260253928601742 ], [ 225643.415688566135941, 2489169.504469542764127 ], [ 225355.948193115968024, 2489538.752782005816698 ], [ 224619.826450682594441, 2490081.00026593869552 ], [ 224464.608274159196299, 2491106.495661179535091 ], [ 224268.171506055572536, 2492337.49013929720968 ], [ 224109.765846829395741, 2493311.985772551037371 ], [ 223603.658745286811609, 2493334.985605844296515 ], [ 223432.206305080413586, 2494004.732599158305675 ], [ 223249.769425625941949, 2495540.725738885812461 ], [ 223386.081216097023571, 2496298.472387907560915 ], [ 224181.343184405151987, 2497026.469255187083036 ], [ 224257.624023117154138, 2497583.216793516185135 ], [ 223931.578528683603508, 2498208.963976852130145 ], [ 223981.296921460248996, 2499276.209253316745162 ], [ 224785.355714265024289, 2500207.455230750609189 ], [ 224581.684615425561788, 2501286.200435478705913 ], [ 224802.761706044373568, 2501683.448707509785891 ], [ 225632.648455860617105, 2503174.192227551713586 ], [ 225908.725294322968693, 2503670.690071110613644 ], [ 226459.957110077812104, 2504613.685980674810708 ], [ 227366.359225806809263, 2505591.681778863538057 ], [ 228016.137497509655077, 2506479.177947968244553 ], [ 228190.949169428640744, 2506980.425764839164913 ], [ 228279.167443031212315, 2507791.422214314807206 ], [ 228406.198072515690001, 2508346.169794473797083 ], [ 228735.477809391217306, 2508891.417438781354576 ], [ 228503.322536999272415, 2509360.165360934566706 ], [ 228339.135676164471079, 2510182.411743794102222 ], [ 228339.135676164471079, 2510182.411743794102222 ], [ 229134.272824870189652, 2509841.163320155348629 ], [ 229832.394764262018725, 2509606.414418284315616 ], [ 230543.407246213493636, 2509625.164405314251781 ], [ 230610.500666509731673, 2509978.912863085046411 ], [ 231424.247066994168563, 2510044.41265252744779 ], [ 231645.027306669217069, 2510441.910933380946517 ], [ 231645.027306669217069, 2510441.910933380946517 ], [ 232150.571952235710341, 2510419.661075887735933 ], [ 232518.554678499436704, 2510708.659844016190618 ], [ 233489.112883188674459, 2510869.159223902970552 ], [ 233367.613365279539721, 2511536.906295291613787 ], [ 233682.955706116277725, 2511777.405270365998149 ], [ 233940.142065644875402, 2511867.654896986205131 ], [ 234117.094368311431026, 2512419.902499739546329 ], [ 234949.934416076197522, 2512892.40050213271752 ], [ 234949.934416076197522, 2512892.40050213271752 ], [ 235501.541372063889867, 2512766.151093808934093 ], [ 235646.368870619277004, 2512606.901799313724041 ], [ 236117.7261477188149, 2512942.400368825998157 ], [ 236117.7261477188149, 2512942.400368825998157 ], [ 236921.69136809851625, 2512805.15102240210399 ], [ 237884.905877866171068, 2512813.401048052124679 ], [ 238570.340328690770548, 2513394.148556215688586 ], [ 238747.120770918729249, 2513946.646158330608159 ], [ 239179.368839702830883, 2514538.393605160526931 ], [ 239377.602291783085093, 2515548.389220312703401 ], [ 239301.243222596414853, 2516111.886765803210437 ], [ 239419.039562961086631, 2516463.385244518052787 ], [ 239287.758864342729794, 2516927.133222831878811 ], [ 239446.133162956917658, 2517073.132597358897328 ], [ 239363.39912917316542, 2517484.130808589980006 ], [ 239430.258193279674742, 2517837.62927829567343 ], [ 239136.61884212854784, 2518054.1283227824606 ], [ 239302.149352273932891, 2518352.627037454396486 ], [ 239975.365141408547061, 2518679.375657028518617 ], [ 240152.020592514338205, 2519231.873272067867219 ], [ 240314.097961883584503, 2520238.618921756744385 ], [ 240030.864800492650829, 2520709.366871 ], [ 240109.629998887801776, 2522437.359409572556615 ], [ 238145.560354467132129, 2523695.103874574415386 ], [ 238145.560354467132129, 2523695.103874574415386 ], [ 237535.406762382073794, 2523620.604157966561615 ], [ 236783.691273077507503, 2523755.603527015075088 ], [ 236340.77124511715374, 2524947.848362234886736 ], [ 236043.303779186418978, 2525062.847846657503396 ], [ 236336.068086422543274, 2525763.844851625151932 ], [ 236274.896429073385661, 2526480.841765515040606 ], [ 236313.224337233550614, 2527243.588492488954216 ], [ 236578.926292159449076, 2527537.337249906267971 ], [ 236557.723209142044652, 2528301.083972399123013 ], [ 236667.61333926700172, 2528601.332692771218717 ], [ 235925.116517210670281, 2529090.830544017720968 ], [ 236252.193185176030966, 2529737.577797363977879 ], [ 236177.693462369352346, 2530402.574946741107851 ], [ 235431.227910517773125, 2530740.823446895927191 ], [ 235390.774941929470515, 2530996.572350692003965 ], [ 234448.794596410734812, 2531445.570360813289881 ], [ 233844.578445427614497, 2531523.319980911910534 ], [ 233158.409397143870592, 2533132.313057574443519 ], [ 232582.349322375812335, 2533769.310293474234641 ], [ 232704.989381895924453, 2534222.808372205588967 ], [ 233077.972121594590135, 2534614.056737998966128 ], [ 232858.863631937827449, 2535287.303854786790907 ], [ 232425.849829455954023, 2535714.552000659517944 ], [ 232118.616696254117414, 2536596.548225948121399 ], [ 231816.180410278873751, 2537530.794233329128474 ], [ 232043.054332400206476, 2538750.789081220515072 ], [ 232097.397770214709453, 2539669.035197835415602 ], [ 231872.742434073763434, 2540190.032973628491163 ], [ 232580.692484763887478, 2540803.030443961266428 ], [ 232791.019665289873956, 2541367.52807699283585 ], [ 233022.971772386226803, 2541719.026612253393978 ], [ 233982.092624097160297, 2542500.273393774405122 ], [ 234226.091534121427685, 2543167.020601800642908 ], [ 234980.010152318456676, 2543841.517817777581513 ], [ 235268.055733213666826, 2544814.013745641335845 ], [ 236077.817898026987677, 2545132.762463147751987 ], [ 236024.661710996791953, 2547530.752388851251453 ], [ 237931.653594396222616, 2548282.249364376999438 ], [ 237934.84102331745089, 2549265.745245950762182 ], [ 237326.343555816507433, 2549886.492610490880907 ], [ 237275.953113948053215, 2550365.74060341110453 ], [ 236979.219967604003614, 2550735.489039006642997 ], [ 237160.672268062859075, 2551686.23508055973798 ], [ 237209.140760376962135, 2552547.731490072328597 ], [ 238112.730602842930239, 2554360.223998091649264 ], [ 238598.415987596672494, 2555723.468359860125929 ], [ 238067.621243460045662, 2557361.461530762724578 ], [ 238335.401335595553974, 2558017.208829339127988 ], [ 238196.964370693429373, 2558782.705651283729821 ], [ 237819.450226413988275, 2560417.948866663035005 ], [ 237116.937489035946783, 2561093.196033620741218 ], [ 238038.886764272581786, 2561227.195538781117648 ], [ 238410.557051071198657, 2561931.692654917947948 ], [ 239180.975706259225262, 2562170.441714872606099 ], [ 239675.254807918245206, 2563991.184244193136692 ], [ 240702.547403869597474, 2564275.683126565534621 ], [ 240623.719550499576144, 2565497.678101440425962 ], [ 240177.518240851670271, 2566218.925118727609515 ], [ 240298.50206696827081, 2567233.170966401230544 ], [ 240763.297008072724566, 2567478.419984562788159 ], [ 241279.857242941274308, 2570519.407574153039604 ], [ 242315.524822278239299, 2571261.654591154772788 ], [ 243338.254983789171092, 2571343.154298596084118 ], [ 244071.783185173699167, 2572345.650238778442144 ], [ 244687.765022425592178, 2572537.149478540290147 ], [ 245842.8852395361464, 2574243.392570053692907 ], [ 246419.945357368007535, 2575096.889117465354502 ], [ 247246.613837270269869, 2575639.886930706445128 ], [ 247246.613837270269869, 2575639.886930706445128 ], [ 248723.201541463640751, 2575407.887894396204501 ], [ 248935.544419271784136, 2575861.386057140305638 ], [ 251555.439950122236041, 2576776.882358524482697 ], [ 252992.855953941907501, 2577258.130402789916843 ], [ 253414.135493854846573, 2577961.877550850156695 ], [ 254231.132158396329032, 2577997.127398603130132 ], [ 254595.458804690104444, 2578397.125775610096753 ], [ 255497.783222219208255, 2577464.629532174672931 ], [ 255887.531600552552845, 2576440.133673798758537 ], [ 256175.108517014625249, 2575366.888019836973399 ], [ 256166.686662812891882, 2574909.389877028763294 ], [ 256508.107111143384827, 2574038.143408367410302 ], [ 258070.366169024870032, 2569991.409852749668062 ], [ 261269.837301313003991, 2568965.413921461906284 ], [ 262397.879538889741525, 2569249.912703288719058 ], [ 262397.879538889741525, 2569249.912703288719058 ], [ 263058.564303281717002, 2569084.913342897314578 ], [ 264444.495905667601619, 2566516.923778671305627 ], [ 265457.835426992794964, 2566040.675668304786086 ], [ 266393.956631089036819, 2567040.671503809746355 ], [ 267471.295950535510201, 2567326.170255992095917 ], [ 267985.66884133790154, 2567520.419421115424484 ], [ 267985.66884133790154, 2567520.419421115424484 ], [ 268948.321069496043492, 2567045.171291950158775 ], [ 269509.787497062352486, 2567035.171286329627037 ], [ 269900.067029510100838, 2565959.925662901252508 ], [ 270349.158859292569105, 2565341.928161004092544 ], [ 270433.345904435787816, 2564272.432548674289137 ], [ 271314.404511460103095, 2561968.441956027876586 ], [ 271665.68426236504456, 2561606.193417242262512 ], [ 271755.746312284783926, 2560892.696353232488036 ], [ 271845.80836157820886, 2560179.199291623663157 ], [ 272351.024966368335299, 2559813.950752492062747 ], [ 273877.487307641189545, 2559430.952182191424072 ], [ 273864.581023144244682, 2558668.455338338389993 ], [ 274677.640096650633495, 2558399.956363623961806 ], [ 275602.292521219642367, 2558688.705066223628819 ], [ 275602.292521219642367, 2558688.705066223628819 ], [ 276367.414312492997851, 2558573.455456043593585 ], [ 276660.287983797374181, 2557754.708813017234206 ], [ 277361.878692258556839, 2556928.962153098545969 ], [ 277392.97214984317543, 2555707.967217492405325 ], [ 278001.563307696487755, 2555392.218454989604652 ], [ 279184.652169489709195, 2555880.216278506908566 ], [ 280009.836278452537954, 2556323.464330203831196 ], [ 280009.836278452537954, 2556323.464330203831196 ], [ 282461.544752561487257, 2556230.464376997668296 ], [ 283047.605034509499092, 2557695.208216451574117 ], [ 283019.542880046123173, 2559119.452323224395514 ], [ 283141.823824094492011, 2560388.447059039026499 ], [ 283355.448024334560614, 2560944.694730452727526 ], [ 282763.544450091139879, 2562276.689322804566473 ], [ 282771.825746522983536, 2562784.93722731852904 ], [ 283139.230567566177342, 2563388.934686317108572 ], [ 283249.042693544295616, 2563895.682584929745644 ], [ 284530.256167681771331, 2564128.181435554288328 ], [ 284806.098996298969723, 2565445.425979771185666 ], [ 285384.065526252030395, 2566453.171753832604736 ], [ 285664.00213175144745, 2567973.665478996932507 ], [ 286596.654682326654438, 2568822.411855917423964 ], [ 286304.12479197018547, 2569691.908349121920764 ], [ 286725.998206744377967, 2570549.154779910109937 ], [ 286845.279036965512205, 2570946.903137341607362 ], [ 286944.747469960770104, 2571460.901024792809039 ], [ 286852.560467475035693, 2572123.398340146057308 ], [ 287527.682821749243885, 2572824.145374551881105 ], [ 288199.305157289432827, 2573321.393237808253616 ], [ 288256.83624664566014, 2573727.141577856149524 ], [ 288774.646717765368521, 2574227.389455522410572 ], [ 288798.178148948471062, 2575701.383467148523778 ], [ 288767.491023392532952, 2577024.128111241385341 ], [ 290021.986271488072816, 2578935.62015824066475 ], [ 290136.892211451078765, 2579747.366859381552786 ], [ 290855.483094480121508, 2580040.365546860266477 ], [ 293365.161208953824826, 2583965.599272559396923 ], [ 293267.567918611341156, 2584272.348059908486903 ], [ 292101.010228318162262, 2584698.346573054790497 ], [ 291492.04398543847492, 2584911.845830542966723 ], [ 291359.044779149407987, 2586185.340750583913177 ], [ 290906.984197520301677, 2586650.588970923796296 ], [ 291117.889686709677335, 2587104.587115465663373 ], [ 292213.135587042896077, 2588663.080682244151831 ], [ 293001.726487706473563, 2590226.574294715654105 ], [ 293321.881642292486504, 2591136.820607178844512 ], [ 294459.40855167794507, 2592186.066208967939019 ], [ 295073.312371281441301, 2592328.565519385039806 ], [ 295802.30967227491783, 2593333.811377302277833 ], [ 297175.804121244349517, 2593108.311986226122826 ], [ 297427.459315609361511, 2592900.812756787054241 ], [ 298500.486299043346662, 2593036.061988506931812 ], [ 298500.486299043346662, 2593036.061988506931812 ], [ 299149.014730746101122, 2592110.315525025129318 ], [ 299506.107047583442181, 2592104.565468767192215 ], [ 300839.758083165390417, 2592642.813028380274773 ], [ 300369.884781201253645, 2591887.566137745510787 ], [ 299989.198426865565125, 2590317.072475980035961 ], [ 299567.41864079789957, 2589357.576396144926548 ], [ 299448.07509061152814, 2588189.831084912642837 ], [ 298389.578749703243375, 2585613.341627754736692 ], [ 298581.577793160395231, 2584847.344657416455448 ], [ 298361.922181804664433, 2583783.098977352958173 ], [ 297989.329693454841617, 2582721.103326650336385 ], [ 298016.829226252331864, 2581195.109464048407972 ], [ 297741.080029401404317, 2579826.615042195655406 ], [ 297475.674696331319865, 2579118.867956704460084 ], [ 297069.426387246057857, 2579277.867400593589991 ], [ 297069.426387246057857, 2579277.867400593589991 ], [ 295938.243361598113552, 2578685.870028620585799 ], [ 295255.964626333618071, 2577476.62505923723802 ], [ 293951.250793276587501, 2575565.383064941037446 ], [ 293884.125840612861793, 2574498.63740864302963 ], [ 293978.469095339707565, 2573988.639462436549366 ], [ 293355.909009688301012, 2573337.642231285106391 ], [ 292545.161739027942531, 2570452.404144269414246 ], [ 292683.723468066717032, 2569483.658074484206736 ], [ 293245.783661080349702, 2569525.407795605715364 ], [ 293245.783661080349702, 2569525.407795605715364 ], [ 292114.288044857501518, 2568165.913571843877435 ], [ 290969.417662913503591, 2567630.66597608383745 ], [ 290727.605679653934203, 2565193.676015940494835 ], [ 291172.947401001118124, 2564270.929726550355554 ], [ 291317.415439479635097, 2563709.432009602896869 ], [ 291769.538459264615085, 2563193.184050508774817 ], [ 291494.133097271842416, 2561926.439321241341531 ], [ 291018.728622574126348, 2560917.19357302505523 ], [ 291142.571480999642517, 2559033.701334768906236 ], [ 292403.565997332974803, 2557944.95560659095645 ], [ 291572.28803702321602, 2557043.459499737713486 ], [ 290912.009600119723473, 2557308.708521687891334 ], [ 290912.009600119723473, 2557308.708521687891334 ], [ 290546.073530636669602, 2556806.21067225234583 ], [ 289973.419548989681061, 2556154.463480169884861 ], [ 289551.264901155722328, 2555296.967117019928992 ], [ 288474.113119727640878, 2555060.968285663053393 ], [ 287601.710481931455433, 2554821.219430526252836 ], [ 286973.962951027497184, 2553916.473299141507596 ], [ 286654.651647217746358, 2553108.476716321893036 ], [ 286748.901160320267081, 2552598.228827572893351 ], [ 286179.997231513320003, 2552200.730577508918941 ], [ 285808.99865117209265, 2551393.484005652368069 ], [ 285588.561903899069875, 2550380.238273267634213 ], [ 285418.249938402906992, 2549314.992755578365177 ], [ 284564.753166269452777, 2547092.00220385985449 ], [ 284660.971449142729398, 2546734.50368931889534 ], [ 283990.786728206498083, 2546390.005238037090749 ], [ 283770.818751649989281, 2545427.759314098395407 ], [ 283302.664404764480423, 2544927.261488513089716 ], [ 282927.19707721035229, 2543865.516012718901038 ], [ 283075.665147504536435, 2543558.017286335118115 ], [ 282715.416654295520857, 2543411.767955096904188 ], [ 282597.104496228974313, 2542396.522252827882767 ], [ 282020.731822507805191, 2541592.7757279262878 ], [ 281638.139588202582672, 2540857.528887985274196 ], [ 280617.050086560891941, 2540171.781928061507642 ], [ 279726.928751184314024, 2539265.785880889277905 ], [ 279241.524540513928514, 2539036.53691501962021 ], [ 279276.43060528190108, 2538781.78798950696364 ], [ 278910.432156541035511, 2538697.538393463008106 ], [ 278664.495609719830099, 2537998.54138751141727 ], [ 278560.714663148042746, 2536987.295690992847085 ], [ 278158.685003866325133, 2536037.799774336628616 ], [ 277654.218274555401877, 2534990.804288658779114 ], [ 276969.689884538645856, 2534408.806848151609302 ], [ 276194.380515852943063, 2532863.31352499499917 ], [ 275420.446152853372041, 2531317.070213825907558 ], [ 274548.856125092890579, 2531047.821459947619587 ], [ 274074.451862016168889, 2530558.32360324030742 ], [ 273975.264653824327979, 2529391.328607727773488 ], [ 273566.016404962982051, 2529255.329232590273023 ], [ 273288.736422552028671, 2529878.0765948635526 ], [ 273288.736422552028671, 2529878.0765948635526 ], [ 272624.426763920870144, 2529651.327631967142224 ], [ 271047.621018717298284, 2529156.829899504315108 ], [ 270687.872543085191865, 2528866.331176534295082 ], [ 270266.65555432200199, 2528273.083756651263684 ], [ 269688.845491126528941, 2527635.336542224045843 ] ] ], [ [ [ 302562.899432116537355, 2438799.981658137403429 ], [ 302555.149520845967345, 2439003.48069882998243 ], [ 302852.116914603626356, 2439217.979615196585655 ], [ 302692.398974009673111, 2439415.728719554375857 ], [ 302524.149875425500795, 2439816.726866795681417 ], [ 302360.15073016990209, 2440115.975493665318936 ], [ 302350.650839849142358, 2440370.224296737927943 ], [ 302592.931020278483629, 2440684.472757375799119 ], [ 302678.024484486610163, 2441145.720563083421439 ], [ 302252.026629622618202, 2441639.218338965903968 ], [ 301777.37273997470038, 2442079.966374856419861 ], [ 301668.092057758069132, 2442279.71546020032838 ], [ 301694.279599900182802, 2442942.212336644064635 ], [ 302045.840464813052677, 2443056.711715747602284 ], [ 302045.840464813052677, 2443056.711715747602284 ], [ 302556.119291713810526, 2443024.711745741311461 ], [ 303128.803994892339688, 2442689.213187331333756 ], [ 303939.487678066769149, 2442769.962611389346421 ], [ 304393.360560818109661, 2442888.461942881345749 ], [ 304393.360560818109661, 2442888.461942881345749 ], [ 304709.296487402869388, 2442594.463248098269105 ], [ 305110.232133954064921, 2442761.96236054552719 ], [ 305618.010985227010678, 2442780.212147624697536 ], [ 306024.977812989731319, 2442795.461972965393215 ], [ 306582.162695249076933, 2442866.961494772695005 ], [ 306582.162695249076933, 2442866.961494772695005 ], [ 307041.285512747475877, 2442832.71153790038079 ], [ 307394.565108463575598, 2442896.711145365610719 ], [ 307547.283137291262392, 2442902.461078567896038 ], [ 307547.283137291262392, 2442902.461078567896038 ], [ 307861.50033204088686, 2442659.712138580158353 ], [ 308062.843145253602415, 2442717.711812903638929 ], [ 308502.778697500936687, 2443192.209464901592582 ], [ 308502.778697500936687, 2443192.209464901592582 ], [ 308606.903191500110552, 2443145.209658399689943 ], [ 308733.71490426233504, 2442488.212715461850166 ], [ 308696.433728886244353, 2442130.464409197214991 ], [ 308561.152987988723908, 2441667.216626456938684 ], [ 308615.840200475940946, 2441567.467081787995994 ], [ 308625.433832687151153, 2441313.218277040403336 ], [ 308740.901935076748487, 2440961.469903958495706 ], [ 308850.307609309500549, 2440761.970815318636596 ], [ 309003.994367426261306, 2440716.720987575594336 ], [ 309317.336575866560452, 2440524.471810152288526 ], [ 309322.617756914580241, 2440371.972527880687267 ], [ 309069.087707216385752, 2440362.722639454528689 ], [ 308769.682831162062939, 2440198.97349166078493 ], [ 308824.401292944676243, 2440098.973948831204325 ], [ 308519.683985998039134, 2440087.724082918372005 ], [ 308427.715599430666771, 2439829.975323450751603 ], [ 308387.871951686509419, 2439523.22678159410134 ], [ 308298.434789088030811, 2439214.478262897115201 ], [ 308414.902871649712324, 2438811.730134266894311 ], [ 308690.963903127412777, 2438261.982658790424466 ], [ 308903.744070814747829, 2438015.233768595382571 ], [ 309167.680245199648198, 2437770.484855269547552 ], [ 309480.272452654491644, 2437578.485679271165282 ], [ 309694.80259568413021, 2437280.98702881578356 ], [ 310052.519631976552773, 2437242.98711151862517 ], [ 310727.172573195653968, 2436911.98849337734282 ], [ 311143.951767916267272, 2436673.239508544560522 ], [ 311407.169191340100951, 2436428.240595435258001 ], [ 311614.699424632359296, 2436334.240982800256461 ], [ 311771.011151098413393, 2436237.991394866723567 ], [ 312052.572098150791135, 2435535.744643203448504 ], [ 311655.823909360740799, 2435266.746029584668577 ], [ 311469.35590999602573, 2434801.748286789748818 ], [ 311326.98151205398608, 2434541.99955870071426 ], [ 311338.387616915279068, 2434237.251001719385386 ], [ 311096.169930041010957, 2433922.5025630495511 ], [ 310693.296819743118249, 2433805.753228559624404 ], [ 310490.07903813914163, 2433798.003321148920804 ], [ 310127.955808474565856, 2433937.252758864779025 ], [ 309717.207795319671277, 2434024.002458558883518 ], [ 309257.834998865495436, 2434058.002420969773084 ], [ 309257.834998865495436, 2434058.002420969773084 ], [ 308904.367918538860977, 2433994.002819318324327 ], [ 308937.33664248889545, 2434453.500629589892924 ], [ 308615.088307681318838, 2434899.748598302714527 ], [ 308501.338935797801241, 2435200.497202240861952 ], [ 307870.029597936489154, 2435737.494823176413774 ], [ 307344.657224648748524, 2436175.992882487364113 ], [ 306819.316099145216867, 2436614.99093926185742 ], [ 306359.22454994666623, 2436648.74089739844203 ], [ 306359.22454994666623, 2436648.74089739844203 ], [ 305754.946130994823761, 2436473.991877956315875 ], [ 305350.323041020252276, 2436408.242290965747088 ], [ 304977.824934364529327, 2436852.740279493387789 ], [ 304602.01435526687419, 2437347.738030018284917 ], [ 304225.26629232527921, 2437893.98553909547627 ], [ 303608.019275858940091, 2438074.734834934119135 ], [ 303231.333708700956777, 2438620.982344076968729 ], [ 303072.553251335164532, 2438767.731688941828907 ], [ 302562.899432116537355, 2438799.981658137403429 ] ] ] ] } },
{ "type": "Feature", "properties": { "AREA": 128237153.756836, "AREA_HA": 12823.715376, "ID": 15, "縣市名稱": "澎湖縣" }, "geometry": { "type": "MultiPolygon", "coordinates": [ [ [ [ 108009.166745836002519, 2613746.68855340173468 ], [ 108336.157819321786519, 2613499.689725666306913 ], [ 108732.296958565813839, 2613397.440382895991206 ], [ 108754.312921141259721, 2612779.192791929468513 ], [ 108520.81399467382289, 2612552.69351559644565 ], [ 108393.588062426395481, 2612363.69416417600587 ], [ 107776.567068041913444, 2612340.193847049493343 ], [ 107419.185381024042726, 2612744.942040903028101 ], [ 107072.803863858440309, 2612840.691439344547689 ], [ 106948.054200555983698, 2613061.940499058458954 ], [ 107548.114147286338266, 2613343.939806650858372 ], [ 108009.166745836002519, 2613746.68855340173468 ] ] ], [ [ [ 101696.502417005292955, 2615993.175599297042936 ], [ 101334.863508093927521, 2615577.926951565779746 ], [ 101112.114768452927819, 2615041.928867129143327 ], [ 100437.875273343044682, 2614974.928656854201108 ], [ 100002.080253334192093, 2614774.429127099458128 ], [ 99297.536075478099519, 2614865.178282495122403 ], [ 99297.536075478099519, 2614865.178282495122403 ], [ 98842.233431921165902, 2614513.429321521893144 ], [ 99210.146573822130449, 2613799.182343116495758 ], [ 99087.6240196574945, 2613250.434380944818258 ], [ 99293.115681540075457, 2612865.186017637141049 ], [ 99077.015324534382671, 2612379.687747091520578 ], [ 99399.27264993909921, 2611312.192114549223334 ], [ 98330.785212609043811, 2610577.694213622249663 ], [ 98269.575153269426664, 2609713.447529925964773 ], [ 98438.043443272355944, 2609434.948732439894229 ], [ 98453.661061080390937, 2608766.451345510780811 ], [ 98723.285209730471252, 2608474.95267124241218 ], [ 98556.911229091900168, 2607983.204470060765743 ], [ 98863.60562091472093, 2607584.706240091938525 ], [ 97779.234960794012295, 2607519.205728432629257 ], [ 96929.38664267261629, 2607679.704497441183776 ], [ 96929.38664267261629, 2607679.704497441183776 ], [ 96329.639226305604097, 2607397.955167177598923 ], [ 95704.805817423213739, 2607324.455005117692053 ], [ 95359.127426605584333, 2607420.204382536467165 ], [ 95359.127426605584333, 2607420.204382536467165 ], [ 94708.763021296210354, 2607144.954986182972789 ], [ 93932.969259290955961, 2607091.204632666427642 ], [ 93935.031440197693883, 2607501.453033767640591 ], [ 95091.581083023032988, 2608121.70145443174988 ], [ 95295.103426846093498, 2608505.950104332063347 ], [ 95295.103426846093498, 2608505.950104332063347 ], [ 96592.46568637873861, 2608236.202087372541428 ], [ 97636.913983342252322, 2609179.199159844778478 ], [ 97380.063144845044008, 2609571.197451810352504 ], [ 97237.891474868752994, 2610051.445483024697751 ], [ 96265.574407605556189, 2610843.441710544750094 ], [ 95875.403956131980522, 2610996.440836209338158 ], [ 96374.683018463867484, 2611291.190050253178924 ], [ 96374.683018463867484, 2611291.190050253178924 ], [ 96834.91558621560398, 2611283.190410537179559 ], [ 97327.397840063422336, 2611527.18981477431953 ], [ 97351.631399080666597, 2612499.186062583234161 ], [ 97837.309032685589045, 2612693.185655815061182 ], [ 97664.106116881943308, 2613331.183061817195266 ], [ 97664.106116881943308, 2613331.183061817195266 ], [ 97228.217353560219635, 2613130.683528094086796 ], [ 97346.802151629337459, 2614038.93009709008038 ], [ 97212.645730361662572, 2614979.676364629529417 ], [ 97517.120823882811237, 2615350.92514734249562 ], [ 98031.696337166402373, 2616156.672402430325747 ], [ 98627.029471647925675, 2616798.420348858460784 ], [ 98627.029471647925675, 2616798.420348858460784 ], [ 99167.91029417939717, 2616625.921394824981689 ], [ 99373.339459527371218, 2616240.673025112599134 ], [ 99739.080174704009551, 2616295.923068500589579 ], [ 99739.080174704009551, 2616295.923068500589579 ], [ 100183.750686207698891, 2615777.175381379202008 ], [ 100680.889447229303187, 2615661.926172870211303 ], [ 100991.223863826264278, 2616083.424762087408453 ], [ 100991.223863826264278, 2616083.424762087408453 ], [ 101696.502417005292955, 2615993.175599297042936 ] ] ], [ [ [ 103345.032434359760373, 2619628.662736504338682 ], [ 103537.828903767702286, 2619142.164737464860082 ], [ 104231.279168749504606, 2619361.164368415251374 ], [ 104408.262724720188999, 2619543.413788399659097 ], [ 105025.775925833077054, 2619566.664117556996644 ], [ 105631.57801847771043, 2619899.16324914060533 ], [ 105631.57801847771043, 2619899.16324914060533 ], [ 106014.857916646535159, 2619696.414285407867283 ], [ 106421.770679983776063, 2619284.916139223612845 ], [ 106730.917903703943011, 2619296.666300757788122 ], [ 106846.378044577766559, 2619794.914463850203902 ], [ 106846.378044577766559, 2619794.914463850203902 ], [ 107586.859954225394176, 2619186.917292766738683 ], [ 107641.656868526188191, 2618820.918735955841839 ], [ 107847.265707374972408, 2618435.420355059206486 ], [ 108206.959612109349109, 2618440.670572939328849 ], [ 108206.959612109349109, 2618440.670572939328849 ], [ 108128.6322098566161, 2617835.422850427217782 ], [ 108710.927248652442358, 2617196.175696952734143 ], [ 108715.98997550427157, 2616836.677085709292442 ], [ 107732.681376625914709, 2616757.17674219654873 ], [ 107586.861869870976079, 2616416.927957409992814 ], [ 107655.111786118373857, 2616151.679025770165026 ], [ 107263.28537356191373, 2615894.179758974350989 ], [ 107355.168154398110346, 2615420.431649033445865 ], [ 107556.589257950719912, 2615394.681882407981902 ], [ 107859.088099341461202, 2615355.932232812978327 ], [ 108356.273729953114525, 2615241.183004860300571 ], [ 107794.182452077599009, 2614851.434138694312423 ], [ 107855.713678580970736, 2614535.935398912057281 ], [ 107967.018151730895624, 2614213.686718745622784 ], [ 107639.160176367644453, 2614050.187133809085935 ], [ 107392.200434661455802, 2613723.188234794419259 ], [ 107115.802915451669833, 2613963.937119350768626 ], [ 107115.802915451669833, 2613963.937119350768626 ], [ 106592.430030763847753, 2613876.687107483390719 ], [ 106259.532762731992989, 2614073.686122559010983 ], [ 107114.958350181084825, 2615143.682558015920222 ], [ 106683.498672622343292, 2615763.429876913316548 ], [ 106350.640464493320906, 2615959.678896796889603 ], [ 106233.61700911729713, 2616641.676187687553465 ], [ 105888.102669170300942, 2616737.175587418954819 ], [ 105457.720817464738502, 2617767.171329537406564 ], [ 105188.932600561296567, 2618058.1700279423967 ], [ 105188.932600561296567, 2618058.1700279423967 ], [ 104161.874127962408238, 2618035.91941763041541 ], [ 103635.017455609995523, 2617128.922551587224007 ], [ 102542.365010631037876, 2617782.419285973999649 ], [ 102386.63097249045677, 2618161.417719991412014 ], [ 102699.496342891638051, 2618993.414735043887049 ], [ 103135.119500443819561, 2619193.664264220744371 ], [ 103345.032434359760373, 2619628.662736504338682 ] ] ], [ [ [ 109946.438811396539677, 2627553.886860434897244 ], [ 109943.142507158045191, 2626733.389979855157435 ], [ 109458.987980146877817, 2626949.388841059990227 ], [ 109458.987980146877817, 2626949.388841059990227 ], [ 109319.230905537217041, 2626659.38985326513648 ], [ 108874.622892845000024, 2627178.137586976867169 ], [ 108874.622892845000024, 2627178.137586976867169 ], [ 108451.054566383987549, 2626668.13924869382754 ], [ 107895.330384986649733, 2626329.140172017738223 ], [ 107869.221250327784219, 2626127.14092406956479 ], [ 107872.526456316860276, 2625357.393860038369894 ], [ 107745.402078866623924, 2625168.394496634136885 ], [ 107620.746158444788307, 2625389.643570092972368 ], [ 107742.870306741955574, 2625938.391559491865337 ], [ 107688.128078012203332, 2626304.390128893312067 ], [ 107210.723488494448247, 2626571.138795836828649 ], [ 107363.957001046626829, 2626961.387412392999977 ], [ 107912.173434225813253, 2627250.386676704045385 ], [ 108154.672024919884279, 2627937.134226103778929 ], [ 108390.420677807414904, 2628573.631963641848415 ], [ 108624.466495023123571, 2628800.381257211789489 ], [ 108624.466495023123571, 2628800.381257211789489 ], [ 108867.004960654579918, 2628307.633288028184325 ], [ 109946.438811396539677, 2627553.886860434897244 ] ] ], [ [ [ 96031.888560740990215, 2588967.277674089185894 ], [ 96992.979083747108234, 2588074.031928830314428 ], [ 97287.141449501999887, 2588754.529421143699437 ], [ 97287.141449501999887, 2588754.529421143699437 ], [ 97731.858782364972285, 2588235.781808909028769 ], [ 97728.023466944912798, 2587415.535084140021354 ], [ 97840.148250325917616, 2587093.286452480126172 ], [ 97838.234498728561448, 2586683.038092317525297 ], [ 98070.389941944755265, 2586499.288992474321276 ], [ 97791.664636367102503, 2586329.789473165292293 ], [ 98182.522536578486324, 2586177.290361076127738 ], [ 98493.497525737649994, 2586599.038892667740583 ], [ 98493.497525737649994, 2586599.038892667740583 ], [ 98498.372770618283539, 2586239.290336255915463 ], [ 98254.866453308757627, 2585552.292915923986584 ], [ 97710.915715281924349, 2585314.293483816087246 ], [ 97847.431177022153861, 2584784.045706951990724 ], [ 98185.781773256734596, 2584227.548179699573666 ], [ 97472.214336127668503, 2584267.547512482851744 ], [ 96772.185830827060272, 2584408.796446296852082 ], [ 96772.185830827060272, 2584408.796446296852082 ], [ 96076.985698687116383, 2584190.546824092045426 ], [ 95655.75280600914266, 2584501.04527502739802 ], [ 96177.375043218838982, 2585357.542215235065669 ], [ 96394.686297714913962, 2585842.7904266808182 ], [ 96085.475743664617767, 2587010.785529396031052 ], [ 95859.343673229654087, 2587245.284429017920047 ], [ 96449.090839969387162, 2587836.532488788012415 ], [ 96154.755722636618884, 2588335.780283259693533 ], [ 96031.888560740990215, 2588967.277674089185894 ] ] ], [ [ [ 101258.50281291223655, 2585372.045743958558887 ], [ 100740.840880889780237, 2585336.045528372284025 ], [ 99668.360840621448006, 2585370.794639352709055 ], [ 99668.360840621448006, 2585370.794639352709055 ], [ 99484.182071810573689, 2585138.295442275702953 ], [ 99411.38589887478156, 2584583.0476178759709 ], [ 98759.794136227617855, 2585487.2935332050547 ], [ 99038.519441310141701, 2585657.043049495201558 ], [ 99038.519441310141701, 2585657.043049495201558 ], [ 99340.854178657231387, 2585618.043418479152024 ], [ 99518.275199227209669, 2585800.542812021449208 ], [ 99577.540251784259453, 2586254.541035431437194 ], [ 100404.255609625412035, 2586302.541421805974096 ], [ 100558.028139311732957, 2586693.039966107346117 ], [ 100558.028139311732957, 2586693.039966107346117 ], [ 100851.761683704215102, 2586193.792169231921434 ], [ 100806.879305426147766, 2585846.043530757073313 ], [ 101224.463756573299179, 2585555.044986897613853 ], [ 101258.50281291223655, 2585372.045743958558887 ] ] ], [ [ [ 114909.751740403531585, 2573883.851155397016555 ], [ 114197.325739775129477, 2572743.355343539267778 ], [ 114169.841881636457401, 2572131.607816873118281 ], [ 114070.646699741162593, 2572554.106033560819924 ], [ 114070.646699741162593, 2572554.106033560819924 ], [ 113627.914317652495811, 2572303.106774142012 ], [ 113666.632707428201684, 2572605.855566171463579 ], [ 113503.351913352045813, 2572934.354125272482634 ], [ 113625.554171147829038, 2573482.851971935946494 ], [ 113544.304397181243985, 2573647.101252447348088 ], [ 113544.304397181243985, 2573647.101252447348088 ], [ 114257.590546351653757, 2573607.851865094620734 ], [ 114909.751740403531585, 2573883.851155397016555 ] ] ], [ [ [ 108987.776780109110405, 2572945.101156894117594 ], [ 108935.503834609859041, 2572541.602764750830829 ], [ 108997.300670794313191, 2572225.854091026820242 ], [ 108705.778622328230995, 2571955.355000629089773 ], [ 108094.616782668119413, 2572392.102818112354726 ], [ 108052.257260431942996, 2572859.350888070650399 ], [ 108987.776780109110405, 2572945.101156894117594 ] ] ], [ [ [ 91219.157528510870179, 2569373.603287822566926 ], [ 90786.636316561838612, 2568813.355256819166243 ], [ 90751.386975067900494, 2568150.857940540183336 ], [ 90786.441917203512276, 2567633.360084812622517 ], [ 90626.231986482744105, 2567192.111773065291345 ], [ 89982.156393288823892, 2567377.610532893333584 ], [ 89982.156393288823892, 2567377.610532893333584 ], [ 89593.455363329136162, 2566760.862769267521799 ], [ 89861.650106695538852, 2566059.115847465116531 ], [ 89472.136582973471377, 2565442.36808692291379 ], [ 89224.332261377043324, 2566295.114402153529227 ], [ 88769.474732235510601, 2566353.863819285295904 ], [ 88701.263870653667254, 2566619.112680399324745 ], [ 88841.919309287404758, 2566908.611599671188742 ], [ 88841.919309287404758, 2566908.611599671188742 ], [ 88532.420604470928083, 2566897.361412707716227 ], [ 88473.14684385783039, 2567623.358393975067884 ], [ 88095.468525292773847, 2567877.107070067431778 ], [ 87946.273493998582126, 2568306.855198469478637 ], [ 87784.266094592545414, 2568635.853730192407966 ], [ 87665.383560988135287, 2568907.602528885472566 ], [ 88045.170925945843919, 2569063.602178669534624 ], [ 88243.326092252813396, 2569397.350964306853712 ], [ 88243.326092252813396, 2569397.350964306853712 ], [ 88842.620584022035473, 2569269.101940196473151 ], [ 89037.854209619239555, 2569192.602399572264403 ], [ 90258.927037164321519, 2569496.852070451248437 ], [ 90258.927037164321519, 2569496.852070451248437 ], [ 91219.157528510870179, 2569373.603287822566926 ] ] ], [ [ [ 79739.242830872142804, 2589891.761661068536341 ], [ 79534.298665605660062, 2589507.513029895257205 ], [ 78852.676521540459362, 2589390.762952085118741 ], [ 78573.755916355788941, 2589221.763403214048594 ], [ 77975.351981546089519, 2589350.762408949434757 ], [ 77870.508344193687662, 2589723.760837324429303 ], [ 78199.272503226558911, 2589886.260453506372869 ], [ 78504.724083646651707, 2590257.00922083761543 ], [ 78436.841324660097598, 2590522.258109900634736 ], [ 78436.841324660097598, 2590522.258109900634736 ], [ 78827.425810549088055, 2590369.009032717440277 ], [ 79046.425161662817118, 2590084.010343212634325 ], [ 79520.227856173325563, 2590176.510352110955864 ], [ 79520.227856173325563, 2590176.510352110955864 ], [ 79739.242830872142804, 2589891.761661068536341 ] ] ], [ [ [ 107688.787740171741461, 2610058.452647153288126 ], [ 107861.786942168415408, 2610225.952110730111599 ], [ 107774.099709412170341, 2610339.701610390562564 ], [ 107856.739838579844218, 2610585.950708388350904 ], [ 107637.553005909867352, 2610870.449457802809775 ], [ 107551.560794966542744, 2611394.19736717408523 ], [ 107910.660939542911365, 2611399.697584070265293 ], [ 108037.894683386693941, 2611588.446935866959393 ], [ 108037.894683386693941, 2611588.446935866959393 ], [ 108376.815324298120686, 2611442.697725646197796 ], [ 108648.228236555369222, 2611561.447443921584636 ], [ 108648.228236555369222, 2611561.447443921584636 ], [ 108817.641822487086756, 2611283.698633465450257 ], [ 109202.835476422784268, 2611490.698083248455077 ], [ 109248.319430890027434, 2611843.946742565371096 ], [ 109482.591791832528543, 2612070.446017778478563 ], [ 109482.591791832528543, 2612070.446017778478563 ], [ 109815.582802780787461, 2611874.196996818296611 ], [ 110281.721564339910401, 2611916.947135265450925 ], [ 110281.721564339910401, 2611916.947135265450925 ], [ 109927.731018125909031, 2611551.948320427909493 ], [ 110118.473063649536925, 2610655.451925863046199 ], [ 110132.997176761418814, 2609576.456130060832947 ], [ 110341.222900878812652, 2609600.956170444842428 ], [ 110647.041477491075057, 2610382.703329895623028 ], [ 110484.291896586641087, 2610711.201947626192123 ], [ 110856.829419138186495, 2610817.451777045149356 ], [ 111066.601736567987246, 2611252.450223877560347 ], [ 111066.601736567987246, 2611252.450223877560347 ], [ 111204.085651164379669, 2611132.200779752805829 ], [ 111106.492796144535532, 2610375.2036571376957 ], [ 111638.240331694178167, 2610922.951872943434864 ], [ 112395.909012162344879, 2611236.451143235433847 ], [ 112473.298927846204606, 2611842.198842255864292 ], [ 112134.347039141022833, 2611987.94805922312662 ], [ 112569.259256474237191, 2612188.697559973224998 ], [ 112569.259256474237191, 2612188.697559973224998 ], [ 113323.787874680943787, 2611682.200006783939898 ], [ 113006.250376323150704, 2611209.701637984719127 ], [ 113269.39019175231806, 2610868.203132136724889 ], [ 113571.99840001751727, 2610829.703474351670593 ], [ 113418.788325335379341, 2610438.954895040020347 ], [ 113726.592063025920652, 2610040.706638843752444 ], [ 114105.043592028028797, 2610197.456269644666463 ], [ 114322.924955414404394, 2611092.952928538899869 ], [ 114701.337424485798692, 2611249.702559128403664 ], [ 114701.337424485798692, 2611249.702559128403664 ], [ 114845.547839880746324, 2611179.952920861076564 ], [ 115026.227200564288069, 2610592.95531471632421 ], [ 115234.406051592042786, 2610617.455350445117801 ], [ 115234.406051592042786, 2610617.455350445117801 ], [ 115289.421699200829607, 2610251.456807237584144 ], [ 115876.028642886609305, 2610433.4564676634036 ], [ 115876.028642886609305, 2610433.4564676634036 ], [ 115522.155276440375019, 2610067.95766680361703 ], [ 115419.562190632059355, 2609670.709147293586284 ], [ 115757.920593094269861, 2609114.711522893980145 ], [ 115662.022760411447962, 2608767.962812751997262 ], [ 115824.131709144945489, 2608439.464193841908127 ], [ 115728.22606419622025, 2608092.715484977699816 ], [ 115934.991122799707227, 2607707.2171172471717 ], [ 115858.405615376643254, 2607511.967830834444612 ], [ 116222.834091361030005, 2607157.719440556131303 ], [ 116790.245888727687998, 2607187.969675810076296 ], [ 116790.245888727687998, 2607187.969675810076296 ], [ 116978.39366352975776, 2607061.220287398435175 ], [ 116976.972058997562272, 2606651.221886944025755 ], [ 117062.901719303481514, 2606166.223834510426968 ], [ 116401.419969056049013, 2606160.473445714917034 ], [ 116123.288368989058654, 2605990.723935435060412 ], [ 115720.20399561378872, 2606041.973483067937195 ], [ 115720.20399561378872, 2606041.973483067937195 ], [ 115462.142530254946905, 2606023.72339258203283 ], [ 115034.495617539228988, 2606283.222109789028764 ], [ 115174.299561274121515, 2606573.22106523765251 ], [ 114665.62160995414888, 2606996.969090305268764 ], [ 114665.62160995414888, 2606996.969090305268764 ], [ 114142.069052374921739, 2606909.969098815694451 ], [ 113404.345518367641489, 2606747.469264297280461 ], [ 112692.660809931301628, 2606787.468653596937656 ], [ 112692.660809931301628, 2606787.468653596937656 ], [ 111916.976418398116948, 2606732.468370106536895 ], [ 111354.666407652781345, 2606342.719529084395617 ], [ 111014.636805061250925, 2605897.971046553459018 ], [ 110676.154071802942781, 2605454.722559590358287 ], [ 110360.780365119877388, 2605392.222598795313388 ], [ 109540.299522992107086, 2604984.473657874390483 ], [ 109461.995559501621756, 2604378.97597639542073 ], [ 109045.426935449271696, 2604329.475896783173084 ], [ 108660.053608466201695, 2604122.226454721298069 ], [ 108658.397646451747278, 2603712.228059961926192 ], [ 108419.687566263732151, 2603845.477380285039544 ], [ 108419.687566263732151, 2603845.477380285039544 ], [ 108178.555902929612785, 2603568.478306383825839 ], [ 107994.71304472911288, 2603335.229099092073739 ], [ 108012.455339901556727, 2603076.730124406050891 ], [ 108490.680182996686199, 2602810.231485975440592 ], [ 108703.288941760562011, 2602475.232940872199833 ], [ 108101.166816129451036, 2601782.735262088943273 ], [ 108067.433032162138261, 2601120.237843433860689 ], [ 107751.957770567038096, 2601058.237877979874611 ], [ 107286.365622935001738, 2601425.486125 ], [ 106903.351383754124981, 2601628.485071909613907 ], [ 106903.351383754124981, 2601628.485071909613907 ], [ 106234.494686387071852, 2601611.484691206831485 ], [ 105849.004180590622127, 2601403.985247697681189 ], [ 105067.02299707250495, 2601298.985133163630962 ], [ 104876.383331658231327, 2601015.986116698477417 ], [ 104381.252122512261849, 2601541.483715449925512 ], [ 104604.039919013186591, 2602076.731764154043049 ], [ 104242.27519384714833, 2602841.478516987524927 ], [ 103713.527104307329864, 2603114.477085988968611 ], [ 103713.527104307329864, 2603114.477085988968611 ], [ 103435.958016981327091, 2602944.727562280371785 ], [ 102975.459844022261677, 2602952.477216430939734 ], [ 102692.945207209995715, 2603142.726276348344982 ], [ 102568.164295264257817, 2603363.975323119666427 ], [ 102650.913790275793872, 2603609.724416627082974 ], [ 101921.439913642883766, 2603908.47274345299229 ], [ 101947.642789256045944, 2604110.471970261540264 ], [ 102219.258811949999654, 2604229.471691646147519 ], [ 102049.868659918298363, 2604507.970484316814691 ], [ 102049.868659918298363, 2604507.970484316814691 ], [ 101526.894237456610426, 2604420.970463304780424 ], [ 101243.645225252053933, 2604611.21952217631042 ], [ 101418.557905975816539, 2605563.465918320696801 ], [ 101777.806477055681171, 2605568.716146465856582 ], [ 101977.047339734912384, 2606312.213378726039082 ], [ 101977.047339734912384, 2606312.213378726039082 ], [ 102089.086189293608186, 2605990.464712969493121 ], [ 102331.851205293802195, 2605497.466807320713997 ], [ 102128.485100523670553, 2605113.218169977888465 ], [ 103002.903768110918463, 2604744.470214140135795 ], [ 102953.654801639160723, 2603570.974776466377079 ], [ 103406.613979411893524, 2603512.725314876995981 ], [ 103779.37804658114328, 2603618.975153013598174 ], [ 103636.136087475897511, 2604098.973174691665918 ], [ 103636.136087475897511, 2604098.973174691665918 ], [ 104013.869141128394403, 2603845.474425346124917 ], [ 104536.827938740272657, 2603931.974441984202713 ], [ 104536.827938740272657, 2603931.974441984202713 ], [ 104364.649318894153112, 2603389.976449178997427 ], [ 105099.193735638880753, 2602731.729528367053717 ], [ 105139.786822675887379, 2603444.476760605350137 ], [ 105544.65996123815421, 2603802.72562978323549 ], [ 105544.65996123815421, 2603802.72562978323549 ], [ 105764.713973094520043, 2603518.476891866419464 ], [ 106061.673505379236303, 2603839.475833552889526 ], [ 106061.673505379236303, 2603839.475833552889526 ], [ 106664.671448054956272, 2603351.728149219881743 ], [ 107201.864493868895806, 2603539.477771723642945 ], [ 106499.374464983426151, 2604450.223734879400581 ], [ 107066.934690084468457, 2604479.973997447174042 ], [ 107540.042121397738811, 2604573.473946499172598 ], [ 107303.042686116023106, 2605116.721662887837738 ], [ 107999.508238464011811, 2605745.719665788579732 ], [ 107287.003223808016628, 2605785.469037241768092 ], [ 106298.710071982466616, 2606065.967280969023705 ], [ 106298.710071982466616, 2606065.967280969023705 ], [ 104525.217557640120503, 2605421.468604009132832 ], [ 104691.411863968416583, 2605912.966795369517058 ], [ 104691.411863968416583, 2605912.966795369517058 ], [ 103922.360228595600347, 2605908.966288305353373 ], [ 103613.705210614425596, 2605897.466122763697058 ], [ 103834.680808011340559, 2606022.715784068685025 ], [ 103400.479255099897273, 2606232.464668231550604 ], [ 103490.720873973681591, 2606528.96357185440138 ], [ 103490.720873973681591, 2606528.96357185440138 ], [ 104220.085383534809807, 2606229.715237704571337 ], [ 105166.245564662633114, 2606416.465149621479213 ], [ 105174.713957242711331, 2606876.963357335422188 ], [ 105174.713957242711331, 2606876.963357335422188 ], [ 105514.50177673008875, 2606730.714157450944185 ], [ 105667.188397906618775, 2607121.712734272703528 ], [ 105693.352215445192996, 2607323.461964713875204 ], [ 104994.370507747546071, 2607464.460943004116416 ], [ 104932.862716222443851, 2607780.209670240525156 ], [ 104932.862716222443851, 2607780.209670240525156 ], [ 104352.724478840144002, 2607649.2097876239568 ], [ 103947.913834771170514, 2607290.710910640191287 ], [ 103487.571901462855749, 2607298.460566151421517 ], [ 103375.509615773669793, 2607620.459233729634434 ], [ 103826.726075181650231, 2608332.206767412368208 ], [ 104131.146483565942617, 2608703.705527753569186 ], [ 103924.693901077014743, 2609088.953887166921049 ], [ 103466.976661275490187, 2609507.201947147492319 ], [ 103549.687097668516799, 2609752.701048810500652 ], [ 103549.687097668516799, 2609752.701048810500652 ], [ 104197.965884359044139, 2609618.45201276242733 ], [ 104633.854647200656473, 2609819.201528033707291 ], [ 104931.493871767830569, 2610139.950482381507754 ], [ 105222.375346920074662, 2610410.19962861482054 ], [ 105456.741451321620843, 2610636.698906674981117 ], [ 105456.741451321620843, 2610636.698906674981117 ], [ 105618.600418609887129, 2610308.200292279478163 ], [ 105529.194729020280647, 2610011.951383600011468 ], [ 105761.818940039476729, 2609828.202254713978618 ], [ 105534.179336737288395, 2609652.202785952948034 ], [ 105658.944624409850803, 2609430.953730679582804 ], [ 105764.31165685429005, 2609058.455251288600266 ], [ 106186.708356424322119, 2609158.205146824941039 ], [ 106186.708356424322119, 2609158.205146824941039 ], [ 106146.169952089738217, 2608445.20789596484974 ], [ 106474.17635437392164, 2608608.457479916978627 ], [ 106474.17635437392164, 2608608.457479916978627 ], [ 106680.691431596380426, 2608222.9591198801063 ], [ 106862.808022301935125, 2608045.709932233672589 ], [ 107118.259590411471436, 2608833.707032902631909 ], [ 106825.760113588228705, 2609743.203298368956894 ], [ 107393.117228979026549, 2609773.203559891786426 ], [ 107688.787740171741461, 2610058.452647153288126 ] ] ] ] } }
]
}
